epoch,arm,architecture,seed_base,fold,effective_seed,dropped_logical_tail_patients,train_loss,train_base_loss,train_state_loss,train_ftv_loss,train_grounded_patients,train_representation_std,train_optimizer_steps,val_loss,val_base_objective,val_state_loss,val_ftv_loss,val_grounded_patients,val_representation_std,finite
1,GAP0,GAP,2026,0,2026,24,2.328069695830345,2.328069695830345,1.0000770470127462,0.0,0.0,0.3517629206180572,20.0,1.5333478066546855,1.5333478066546855,0.3936835532346047,0.0,0.0,0.2291447669267654,True
2,GAP0,GAP,2026,0,2026,24,1.3456962890923023,1.3456962890923023,0.2921125499531626,0.0,0.0,0.4309034347534179,20.0,0.9912654639275608,0.9912654639275608,0.1140085285729613,0.0,0.0,0.5350616574287415,True
3,GAP0,GAP,2026,0,2026,24,0.9914567582309246,0.9914567582309246,0.1489886779338121,0.0,0.0,0.6333097815513611,20.0,0.8146909150210294,0.8146909150210294,0.0921013430992433,0.0,0.0,0.6500045657157898,True
4,GAP0,GAP,2026,0,2026,24,0.9189721185714006,0.9189721185714006,0.1568346806336194,0.0,0.0,0.6829352378845215,20.0,0.8584693246636509,0.8584693246636509,0.1621342447917323,0.0,0.0,0.6768372654914856,True
5,GAP0,GAP,2026,0,2026,24,0.954667092859745,0.954667092859745,0.2021385334432125,0.0,0.0,0.6913366317749023,20.0,0.8779839109783331,0.8779839109783331,0.2031905600293116,0.0,0.0,0.6773969531059265,True
6,GAP0,GAP,2026,0,2026,24,0.8703670509159565,0.8703670509159565,0.2219421285204589,0.0,0.0,0.6990863680839539,20.0,0.8487291690731836,0.8487291690731836,0.2008605243191738,0.0,0.0,0.698175847530365,True
7,GAP0,GAP,2026,0,2026,24,0.9177179161459208,0.9177179161459208,0.2569624933414161,0.0,0.0,0.7340607643127441,20.0,0.8541742129759355,0.8541742129759355,0.2728207510364942,0.0,0.0,0.7348782420158386,True
1,GAP0,GAP,2026,1,2027,24,2.181605890393257,2.181605890393257,0.8429725222289562,0.0,0.0,0.3050597608089447,20.0,1.4605229058541542,1.4605229058541542,0.2717820196604926,0.0,0.0,0.0946463122963905,True
2,GAP0,GAP,2026,1,2027,24,1.417827493697405,1.417827493697405,0.2019078229088336,0.0,0.0,0.1304592043161392,20.0,1.1973610466176814,1.1973610466176814,0.0702700276266444,0.0,0.0,0.1196343898773193,True
3,GAP0,GAP,2026,1,2027,24,1.2399830244481564,1.2399830244481564,0.1013315681368112,0.0,0.0,0.2142612934112548,20.0,1.0756365415478542,1.0756365415478542,0.0645862449545505,0.0,0.0,0.350126713514328,True
4,GAP0,GAP,2026,1,2027,24,1.0145301308482886,1.0145301308482886,0.1067206974606961,0.0,0.0,0.5973239541053772,20.0,0.7829760549482235,0.7829760549482235,0.0748194777522205,0.0,0.0,0.6550979018211365,True
5,GAP0,GAP,2026,1,2027,24,0.8747918579727412,0.8747918579727412,0.1164717180188745,0.0,0.0,0.6849327087402344,20.0,0.7997533683934488,0.7997533683934488,0.101824963265214,0.0,0.0,0.6613247990608215,True
6,GAP0,GAP,2026,1,2027,24,0.8683155354112386,0.8683155354112386,0.1524186295922845,0.0,0.0,0.683467447757721,20.0,0.7863153169962985,0.7863153169962985,0.1491501461868443,0.0,0.0,0.6646551489830017,True
7,GAP0,GAP,2026,1,2027,24,0.8802855286747218,0.8802855286747218,0.1991326823364943,0.0,0.0,0.6888306736946106,20.0,0.8277728459066596,0.8277728459066596,0.2060349066395405,0.0,0.0,0.6794407963752747,True
1,GAP0,GAP,2026,2,2028,24,2.1405000798404217,2.1405000798404217,0.8106200316920876,0.0,0.0,0.2714178264141083,20.0,1.4438453351170564,1.4438453351170564,0.2630707572314364,0.0,0.0,0.1413975208997726,True
2,GAP0,GAP,2026,2,2028,24,1.3885926976799965,1.3885926976799965,0.1999206562060863,0.0,0.0,0.1922685354948043,20.0,1.1424062577160925,1.1424062577160925,0.0843320392872676,0.0,0.0,0.3210978507995605,True
3,GAP0,GAP,2026,2,2028,24,1.1107115749269725,1.1107115749269725,0.1152130675502121,0.0,0.0,0.5053036212921143,20.0,0.94590586571654,0.94590586571654,0.0777802193337235,0.0,0.0,0.6521039009094238,True
4,GAP0,GAP,2026,2,2028,24,0.9252796698361636,0.9252796698361636,0.1060986245051026,0.0,0.0,0.6879959106445312,20.0,0.9250795131872508,0.9250795131872508,0.1092585694691366,0.0,0.0,0.6998615264892578,True
5,GAP0,GAP,2026,2,2028,24,0.8475638855248689,0.8475638855248689,0.1320281816180795,0.0,0.0,0.7224897742271423,20.0,0.9474150661594612,0.9474150661594612,0.167969097529561,0.0,0.0,0.7211212515830994,True
6,GAP0,GAP,2026,2,2028,24,0.8310856848955155,0.8310856848955155,0.1747277091722935,0.0,0.0,0.7414090037345886,20.0,0.9387817333552464,0.9387817333552464,0.2151128620155586,0.0,0.0,0.7420870661735535,True
7,GAP0,GAP,2026,2,2028,24,0.8118473336100578,0.8118473336100578,0.2189387891907245,0.0,0.0,0.7745311260223389,20.0,0.9475590552180266,0.9475590552180266,0.2603112695630917,0.0,0.0,0.7563554644584656,True
1,GAP0,GAP,2026,3,2029,25,2.19961678981781,2.19961678981781,0.8818482985720039,0.0,0.0,0.34485924243927,20.0,1.462957888595329,1.462957888595329,0.3363499932052675,0.0,0.0,0.2455019950866699,True
2,GAP0,GAP,2026,3,2029,25,1.2871495492756366,1.2871495492756366,0.2688782017678022,0.0,0.0,0.4630714952945709,20.0,0.9347277549672718,0.9347277549672718,0.1173257204619321,0.0,0.0,0.5585455298423767,True
3,GAP0,GAP,2026,3,2029,25,0.9427957884967328,0.9427957884967328,0.1445650606881827,0.0,0.0,0.6470606327056885,20.0,0.8052494545613439,0.8052494545613439,0.0892845865739278,0.0,0.0,0.6531078815460205,True
4,GAP0,GAP,2026,3,2029,25,0.8728067509829998,0.8728067509829998,0.1425163893494755,0.0,0.0,0.688426673412323,20.0,0.8585359301448854,0.8585359301448854,0.1331353224506063,0.0,0.0,0.6583115458488464,True
5,GAP0,GAP,2026,3,2029,25,0.8854257058352232,0.8854257058352232,0.1757674082182347,0.0,0.0,0.6884228587150574,20.0,0.7891720996415319,0.7891720996415319,0.1356656043982702,0.0,0.0,0.6606635451316833,True
6,GAP0,GAP,2026,3,2029,25,0.938048042356968,0.938048042356968,0.2162949725519865,0.0,0.0,0.6939249038696289,20.0,0.7746997022431744,0.7746997022431744,0.1703882144748672,0.0,0.0,0.6748843193054199,True
7,GAP0,GAP,2026,3,2029,25,0.9263684466481208,0.9263684466481208,0.2497612060979008,0.0,0.0,0.7086356282234192,20.0,0.8651655143942715,0.8651655143942715,0.2329579645937139,0.0,0.0,0.6809093952178955,True
1,GAP0,GAP,2026,4,2030,25,2.227188728004694,2.227188728004694,0.938553668372333,0.0,0.0,0.3615544736385345,20.0,1.4571782518024288,1.4571782518024288,0.3379847688123214,0.0,0.0,0.2770395576953888,True
2,GAP0,GAP,2026,4,2030,25,1.3006293967366218,1.3006293967366218,0.2586089107207954,0.0,0.0,0.4452289044857025,20.0,0.9232176911732382,0.9232176911732382,0.104978623068776,0.0,0.0,0.5642809271812439,True
3,GAP0,GAP,2026,4,2030,25,0.9523568078875542,0.9523568078875542,0.1456833667121827,0.0,0.0,0.6284279227256775,20.0,0.7824087571506658,0.7824087571506658,0.098708464802543,0.0,0.0,0.6549043655395508,True
4,GAP0,GAP,2026,4,2030,25,0.8613518636673689,0.8613518636673689,0.1484080269932746,0.0,0.0,0.6636257767677307,20.0,0.7692158365052594,0.7692158365052594,0.132972545244477,0.0,0.0,0.673664391040802,True
5,GAP0,GAP,2026,4,2030,25,0.8626100022345782,0.8626100022345782,0.179377874918282,0.0,0.0,0.68516606092453,20.0,0.7739595820095914,0.7739595820095914,0.1680514618508086,0.0,0.0,0.6886884570121765,True
6,GAP0,GAP,2026,4,2030,25,0.8685310270637274,0.8685310270637274,0.2149333270266652,0.0,0.0,0.7021031379699707,20.0,0.7634814884051804,0.7634814884051804,0.2050299494227102,0.0,0.0,0.7209296226501465,True
7,GAP0,GAP,2026,4,2030,25,0.8488318983465433,0.8488318983465433,0.2539736870676279,0.0,0.0,0.738702118396759,20.0,0.8971408925765803,0.8971408925765803,0.2641048488045527,0.0,0.0,0.7106269001960754,True
1,GAP3,GAP,2026,0,2026,24,2.387987895074978,2.32735238224268,0.9973812263458968,0.2425420513291928,242.0,0.348527193069458,20.0,1.5929136231665826,1.5338735570592328,0.3905275981288311,0.2361602644293995,59.0,0.222408577799797,True
2,GAP3,GAP,2026,0,2026,24,1.4084966030088253,1.3499022640287877,0.2915780979208648,0.2343773559201508,240.0,0.424215167760849,20.0,1.048357709591037,0.992329027041916,0.1142224327099224,0.224114730196484,59.0,0.5291209816932678,True
3,GAP3,GAP,2026,0,2026,24,1.0533942483583505,0.9928235195577144,0.1480527403764426,0.242282915202544,235.0,0.6273786425590515,20.0,0.8809159132239092,0.8226507517917097,0.0919875910828921,0.2330606457287982,59.0,0.6429962515830994,True
4,GAP3,GAP,2026,0,2026,24,0.9760605678692366,0.9157157506793736,0.1537968771066516,0.2413792687594511,236.0,0.675929605960846,20.0,0.914611994927181,0.860171216578523,0.159833808760505,0.2177631133946321,59.0,0.663946807384491,True
5,GAP3,GAP,2026,0,2026,24,1.0123492590352676,0.9512636825442314,0.196509814215824,0.2443423059641449,241.0,0.6799041628837585,20.0,0.935220900576915,0.8747528101787094,0.1956103899139018,0.2418723615928221,59.0,0.6664548516273499,True
6,GAP3,GAP,2026,0,2026,24,0.9242149813434714,0.8651899348944425,0.2146217409987002,0.2361001857961154,237.0,0.6839964985847473,20.0,0.9003779401569318,0.8453218828548085,0.1940956318612433,0.2202242292084936,59.0,0.6823567748069763,True
7,GAP3,GAP,2026,0,2026,24,0.9771876146462052,0.9170900728553534,0.2501497230492532,0.2403901671634075,235.0,0.7167018055915833,20.0,0.9269351067799264,0.8719025200063532,0.2759532415854537,0.2201303470942933,59.0,0.7228841781616211,True
1,GAP3,GAP,2026,1,2027,24,2.2456587570833797,2.183999437838793,0.8456770740449429,0.2466372769783463,228.0,0.3062216639518738,20.0,1.5061597748051498,1.4590660816381786,0.270439952365623,0.1883747726678848,69.0,0.092532031238079,True
2,GAP3,GAP,2026,1,2027,24,1.4711086005242102,1.4157195031642913,0.2004956836346537,0.2215563894396759,234.0,0.1262104660272598,20.0,1.2459324559303695,1.1972681293802814,0.0681883575133055,0.1946573062003522,69.0,0.1115664318203926,True
3,GAP3,GAP,2026,1,2027,24,1.3058035194898212,1.2526538141071797,0.0964749614708125,0.2125988215305659,229.0,0.1704861521720886,20.0,1.1662187173689076,1.1200521977479794,0.0566994588483463,0.1846660784837128,69.0,0.2473513036966323,True
4,GAP3,GAP,2026,1,2027,24,1.1216533677554446,1.0706346325576306,0.1031371638178825,0.2040749407912555,228.0,0.5393967628479004,20.0,0.9161043995520612,0.8641733512405522,0.0717921699127875,0.2077241932460363,69.0,0.631930410861969,True
5,GAP3,GAP,2026,1,2027,24,0.9541826298084568,0.8951839338988066,0.1115769890602678,0.2359947836386007,228.0,0.6882100701332092,20.0,0.8450643124294434,0.7907871549779718,0.0941633390001029,0.2171086298058862,69.0,0.6716559529304504,True
6,GAP3,GAP,2026,1,2027,24,0.9059839365720423,0.8480826679617166,0.1415301433764398,0.2316050744413033,230.0,0.6959030032157898,20.0,0.8138633738618252,0.7646176140170452,0.1360885828487144,0.1969830393791198,69.0,0.6822202205657959,True
7,GAP3,GAP,2026,1,2027,24,0.9178780248645564,0.8635864488780498,0.184526291443035,0.2171663039460264,232.0,0.6997613906860352,20.0,0.841570717044213,0.7967710091062814,0.1849606115955951,0.1791988317517266,69.0,0.6766592860221863,True
1,GAP3,GAP,2026,2,2028,24,2.234524223475685,2.1676115661859514,0.8219521081075072,0.2676506291589357,234.0,0.260241836309433,20.0,1.5219220153481596,1.4615676284821566,0.2726384588509551,0.2414175474640125,52.0,0.1341169625520706,True
2,GAP3,GAP,2026,2,2028,24,1.4549021572370258,1.398158610612154,0.201607510400936,0.2269741864994871,233.0,0.1804573684930801,20.0,1.2109137116821476,1.1500023169951006,0.0831861601880759,0.2436455787481883,52.0,0.3001659214496612,True
3,GAP3,GAP,2026,2,2028,24,1.1805058769760248,1.124233538657427,0.1123744152020663,0.225089353274392,230.0,0.4826448857784271,20.0,1.0120020403987482,0.9513549548535308,0.0751281229794518,0.2425883421808696,52.0,0.6339520812034607,True
4,GAP3,GAP,2026,2,2028,24,0.9853727511432652,0.9272399410605432,0.1023637836333364,0.232531240330888,231.0,0.6708855628967285,20.0,0.96974311141291,0.9105601330433996,0.1026936675891403,0.236731913478042,52.0,0.6945796608924866,True
5,GAP3,GAP,2026,2,2028,24,0.8926838663783162,0.8372237328439951,0.1247940209228545,0.2218405341372845,235.0,0.7026636004447937,20.0,0.9975454460188804,0.9368540969761936,0.1592461607180351,0.2427653961707479,52.0,0.7046834826469421,True
6,GAP3,GAP,2026,2,2028,24,0.8929301476381848,0.8369764119386673,0.16385602732189,0.2238149427980696,233.0,0.7159679532051086,20.0,0.9943589869277104,0.9320698257320184,0.206997009101978,0.2491566447827678,52.0,0.7228955626487732,True
7,GAP3,GAP,2026,2,2028,24,0.8924831265705111,0.8380938746035099,0.2037294485140592,0.2175570078680049,230.0,0.7384777069091797,20.0,1.035767403635537,0.971403736713504,0.2426495852549214,0.2574546676881324,52.0,0.7335372567176819,True
1,GAP3,GAP,2026,3,2029,25,2.270901369889957,2.208581230789423,0.8904739497229457,0.249280556402137,232.0,0.3488004505634308,20.0,1.514980689703216,1.463620434122637,0.343103204384323,0.2054410223223146,61.0,0.2576081454753876,True
2,GAP3,GAP,2026,3,2029,25,1.3436191786680165,1.287607343494892,0.2713315311819315,0.2240473406924966,233.0,0.473187118768692,20.0,0.98697911049298,0.9342729326122065,0.1168637060183138,0.2108247115230951,61.0,0.5599234700202942,True
3,GAP3,GAP,2026,3,2029,25,0.9980573146882602,0.9418970346450806,0.1438296742271632,0.2246411201727186,234.0,0.6441367268562317,20.0,0.8553537376403664,0.8004717595321088,0.0880302614416957,0.2195279124330302,61.0,0.6519350409507751,True
4,GAP3,GAP,2026,3,2029,25,0.9270570893356463,0.8724991500377655,0.1427435301244259,0.2182317571915236,232.0,0.6883098483085632,20.0,0.913619153596266,0.8590905700833344,0.1345217593691565,0.2181143340517262,61.0,0.6555179953575134,True
5,GAP3,GAP,2026,3,2029,25,0.9395056894852464,0.8833922080695629,0.1764736991375684,0.2244539256627339,233.0,0.6861266493797302,20.0,0.8527750838163101,0.7982833804177843,0.1355297285909495,0.2179668135941028,61.0,0.6543444991111755,True
6,GAP3,GAP,2026,3,2029,25,0.9987904484853436,0.943011935800314,0.2158892813604325,0.2231140507401192,232.0,0.6890292167663574,20.0,0.8233039702608416,0.7721848502632015,0.1677075349225485,0.2044764799905605,61.0,0.6676799654960632,True
7,GAP3,GAP,2026,3,2029,25,0.9767646272788229,0.9241063863039016,0.2483770009595901,0.210632963899685,230.0,0.6975203156471252,20.0,0.9293103458556928,0.865637714212591,0.2313870831954577,0.2546905265724072,61.0,0.6722021698951721,True
1,GAP3,GAP,2026,4,2030,25,2.3408237100837543,2.262832896411419,0.9525938089936972,0.3119632546893424,216.0,0.343772143125534,20.0,1.5446838374370222,1.483803296877333,0.3353007918547007,0.2435221622387568,66.0,0.2401413470506668,True
2,GAP3,GAP,2026,4,2030,25,1.39471504038503,1.3296345934271812,0.2541274062357843,0.2603217878313951,215.0,0.4007094204425812,20.0,1.019151074242247,0.9544837331968892,0.0964455623949362,0.2586693641814319,66.0,0.5233681797981262,True
3,GAP3,GAP,2026,4,2030,25,1.0317152846893165,0.9631481438875198,0.1377634931355714,0.2742685632071864,213.0,0.5977097749710083,20.0,0.8485613557338181,0.7860291265259104,0.0908629068535221,0.2501289168316306,66.0,0.6336916089057922,True
4,GAP3,GAP,2026,4,2030,25,0.9209971664560048,0.8546219259500504,0.1371787457726895,0.2655009620238182,215.0,0.6422905325889587,20.0,0.8289821258805097,0.7645284380794557,0.1208918855086831,0.2578147512042161,66.0,0.650600254535675,True
5,GAP3,GAP,2026,4,2030,25,0.9263142637139576,0.8629646006971597,0.1665781811811029,0.2533986520671913,215.0,0.6544089913368225,20.0,0.84716721585395,0.7844840529536413,0.1592526817001587,0.2507326516012351,66.0,0.6592314839363098,True
6,GAP3,GAP,2026,4,2030,25,0.9432514107743591,0.8816874630749225,0.2044907006435096,0.2462557907977469,219.0,0.658598780632019,20.0,0.8667151535637985,0.8060529892109642,0.2096730664002994,0.2426486574113369,66.0,0.6612589359283447,True
7,GAP3,GAP,2026,4,2030,25,0.945244334499726,0.8841116975992918,0.2383353146258741,0.2445305476017366,214.0,0.6686624884605408,20.0,0.8981535108606061,0.8380609593115562,0.2267161925469548,0.2403702061961997,66.0,0.6788936257362366,True
1,LOCAL0,LOCAL,2026,0,2026,24,2.2523263841867447,2.2523263841867447,1.179456606507301,0.0,0.0,0.7011370658874512,20.0,1.5227308568875653,1.5227308568875653,0.7056992177135688,0.0,0.0,0.7649043202400208,True
2,LOCAL0,LOCAL,2026,0,2026,24,1.3298285715281963,1.3298285715281963,0.556628978997469,0.0,0.0,0.8172408938407898,20.0,1.0237455762122287,1.0237455762122287,0.3890345026392582,0.0,0.0,0.8282585144042969,True
3,LOCAL0,LOCAL,2026,0,2026,24,1.0199843034148215,1.0199843034148215,0.4063497694209218,0.0,0.0,0.8477208018302917,20.0,0.9107717748515862,0.9107717748515862,0.3874900496203052,0.0,0.0,0.8509106636047363,True
4,LOCAL0,LOCAL,2026,0,2026,24,0.9610039193183184,0.9610039193183184,0.440148732252419,0.0,0.0,0.8578293323516846,20.0,0.9319511262838506,0.9319511262838506,0.4577825964728663,0.0,0.0,0.8503410816192627,True
5,LOCAL0,LOCAL,2026,0,2026,24,0.9632494546473026,0.9632494546473026,0.4980526173487306,0.0,0.0,0.8604493141174316,20.0,0.9138760192335144,0.9138760192335144,0.5109059389465112,0.0,0.0,0.8542726635932922,True
6,LOCAL0,LOCAL,2026,0,2026,24,0.9929967779666186,0.9929967779666186,0.5525918373838067,0.0,0.0,0.8632046580314636,20.0,1.0190498454511658,1.0190498454511658,0.5804448056319529,0.0,0.0,0.8408324718475342,True
7,LOCAL0,LOCAL,2026,0,2026,24,1.0011789701879024,1.0011789701879024,0.5890868835151195,0.0,0.0,0.8636877536773682,20.0,0.963265350288596,0.963265350288596,0.5919634542189354,0.0,0.0,0.8573653697967529,True
1,LOCAL0,LOCAL,2026,1,2027,24,2.2011894837021826,2.2011894837021826,1.0034607222303749,0.0,0.0,0.5321492552757263,20.0,1.4728990704560083,1.4728990704560083,0.5189854566715966,0.0,0.0,0.6102791428565979,True
2,LOCAL0,LOCAL,2026,1,2027,24,1.3169868625700474,1.3169868625700474,0.4317581987008452,0.0,0.0,0.7235472202301025,20.0,1.050762797190138,1.050762797190138,0.3083163302792005,0.0,0.0,0.7638160586357117,True
3,LOCAL0,LOCAL,2026,1,2027,24,1.0517268791794776,1.0517268791794776,0.3495717660523951,0.0,0.0,0.801181972026825,20.0,0.904656649621065,0.904656649621065,0.3179847770485996,0.0,0.0,0.805694043636322,True
4,LOCAL0,LOCAL,2026,1,2027,24,0.9859561085700989,0.9859561085700989,0.3842191864736378,0.0,0.0,0.8309162259101868,20.0,0.8714775595783202,0.8714775595783202,0.3710085163431719,0.0,0.0,0.82965487241745,True
5,LOCAL0,LOCAL,2026,1,2027,24,0.9733912218362092,0.9733912218362092,0.4415427785366773,0.0,0.0,0.8436522483825684,20.0,0.884540569683737,0.884540569683737,0.4294763222213619,0.0,0.0,0.8340616822242737,True
6,LOCAL0,LOCAL,2026,1,2027,24,0.9297903221100569,0.9297903221100569,0.4763339731842279,0.0,0.0,0.8520815968513489,20.0,0.9279785254770074,0.9279785254770074,0.499707571731126,0.0,0.0,0.8470669388771057,True
1,LOCAL0,LOCAL,2026,2,2028,24,2.089150863140821,2.089150863140821,0.888591549731791,0.0,0.0,0.5040346384048462,20.0,1.4253501773865755,1.4253501773865755,0.4469855176515815,0.0,0.0,0.6094375848770142,True
2,LOCAL0,LOCAL,2026,2,2028,24,1.263861279189587,1.263861279189587,0.3726316672749817,0.0,0.0,0.7208671569824219,20.0,1.040970892945597,1.040970892945597,0.2600442786847264,0.0,0.0,0.7534909248352051,True
3,LOCAL0,LOCAL,2026,2,2028,24,0.9788755074143408,0.9788755074143408,0.280368827842176,0.0,0.0,0.8101251125335693,20.0,0.9058470982165376,0.9058470982165376,0.2889131076079755,0.0,0.0,0.8086142539978027,True
4,LOCAL0,LOCAL,2026,2,2028,24,0.916128461062908,0.916128461062908,0.317726029921323,0.0,0.0,0.8380472660064697,20.0,1.003703525243712,1.003703525243712,0.3699033427829585,0.0,0.0,0.8010356426239014,True
5,LOCAL0,LOCAL,2026,2,2028,24,0.9083237785845996,0.9083237785845996,0.3857486849650741,0.0,0.0,0.8473300933837891,20.0,0.9627826942885218,0.9627826942885218,0.4537420524053337,0.0,0.0,0.8333877921104431,True
6,LOCAL0,LOCAL,2026,2,2028,24,0.9273884270340204,0.9273884270340204,0.4464988411404192,0.0,0.0,0.8501788973808289,20.0,1.0349180895434924,1.0349180895434924,0.5074820833757889,0.0,0.0,0.8140187859535217,True
1,LOCAL0,LOCAL,2026,3,2029,25,2.1458630077540874,2.1458630077540874,1.0495905995368957,0.0,0.0,0.669590413570404,20.0,1.3887935019721669,1.3887935019721669,0.5101981495530152,0.0,0.0,0.713461697101593,True
2,LOCAL0,LOCAL,2026,3,2029,25,1.2221923757344484,1.2221923757344484,0.4287555757910013,0.0,0.0,0.8059232234954834,20.0,0.9113599081669956,0.9113599081669956,0.2441903989423405,0.0,0.0,0.8123578429222107,True
3,LOCAL0,LOCAL,2026,3,2029,25,0.9789143845438956,0.9789143845438956,0.3085386360064149,0.0,0.0,0.8466216921806335,20.0,0.8084000457416881,0.8084000457416881,0.2523141152972032,0.0,0.0,0.8361902832984924,True
4,LOCAL0,LOCAL,2026,3,2029,25,0.8961197607219219,0.8961197607219219,0.33822687799111,0.0,0.0,0.8569424152374268,20.0,0.7801652200951064,0.7801652200951064,0.2922857329249382,0.0,0.0,0.8429568409919739,True
5,LOCAL0,LOCAL,2026,3,2029,25,0.906339056044817,0.906339056044817,0.4023471366614103,0.0,0.0,0.8617578148841858,20.0,0.8095840161496942,0.8095840161496942,0.3524459434195983,0.0,0.0,0.8394678235054016,True
6,LOCAL0,LOCAL,2026,3,2029,25,0.9528770573437214,0.9528770573437214,0.4676115980371833,0.0,0.0,0.8618428111076355,20.0,0.8472196326768102,0.8472196326768102,0.4178637700878884,0.0,0.0,0.8512067794799805,True
1,LOCAL0,LOCAL,2026,4,2030,25,2.107097852230072,2.107097852230072,1.009718631580472,0.0,0.0,0.629326581954956,20.0,1.3688587679350672,1.3688587679350672,0.5208678558345669,0.0,0.0,0.7018589973449707,True
2,LOCAL0,LOCAL,2026,4,2030,25,1.247908303886652,1.247908303886652,0.4384526865556836,0.0,0.0,0.7761824131011963,20.0,1.007546773626785,1.007546773626785,0.3315491088904625,0.0,0.0,0.7879233360290527,True
3,LOCAL0,LOCAL,2026,4,2030,25,1.0168634071946143,1.0168634071946143,0.3670622665435076,0.0,0.0,0.8171834945678711,20.0,0.9272500468679696,0.9272500468679696,0.3596770735072696,0.0,0.0,0.8238465785980225,True
4,LOCAL0,LOCAL,2026,4,2030,25,1.0007913678884506,1.0007913678884506,0.4152102610096335,0.0,0.0,0.8446308970451355,20.0,1.0099106554157478,1.0099106554157478,0.4353536428991428,0.0,0.0,0.8198896050453186,True
5,LOCAL0,LOCAL,2026,4,2030,25,1.0020461697131395,1.0020461697131395,0.4781161744147539,0.0,0.0,0.851152241230011,20.0,0.9731021055505296,0.9731021055505296,0.4942907576472306,0.0,0.0,0.8389424681663513,True
6,LOCAL0,LOCAL,2026,4,2030,25,1.0044255554676056,1.0044255554676056,0.5206580860540271,0.0,0.0,0.8561487793922424,20.0,0.9500158301069715,0.9500158301069715,0.541053184546715,0.0,0.0,0.8432227969169617,True
1,LOCAL3,LOCAL,2026,0,2026,24,2.3089558410512145,2.260826781392097,1.174976210668683,0.192516238636468,242.0,0.6835453510284424,20.0,1.5696286306488074,1.531973127491218,0.7011759547162647,0.1506220126303575,59.0,0.7467668056488037,True
2,LOCAL3,LOCAL,2026,0,2026,24,1.3792698625153814,1.336694672703743,0.5491469034925103,0.1703007592465534,240.0,0.8038821816444397,20.0,1.0656425673989465,1.0298878407675374,0.3802092374602625,0.1430189065256361,59.0,0.8145408034324646,True
3,LOCAL3,LOCAL,2026,0,2026,24,1.062536565584943,1.0213218845427037,0.3973484257236123,0.1648587241689575,235.0,0.8397650718688965,20.0,0.9321089686211034,0.9014191184162108,0.3753104021480261,0.1227594008195703,59.0,0.8441934585571289,True
4,LOCAL3,LOCAL,2026,0,2026,24,0.998503349418752,0.9603760343044996,0.4297983275726437,0.152509260457009,236.0,0.8514279723167419,20.0,0.9660976552980424,0.9326015523642548,0.4484712254902548,0.1339844117351507,59.0,0.8437004089355469,True
5,LOCAL3,LOCAL,2026,0,2026,24,0.9980105371027024,0.9592247106134892,0.4876410711556673,0.1551433059568536,241.0,0.8538833260536194,20.0,0.9400720629762296,0.9075660035629904,0.4983946065272182,0.1300242376529564,59.0,0.8468169569969177,True
6,LOCAL3,LOCAL,2026,0,2026,24,1.0350550004034027,0.995133264735341,0.5444333968684077,0.1596869426722469,237.0,0.8559702038764954,20.0,1.0652803179572097,1.032424219383681,0.5736099392914575,0.1314243942941144,59.0,0.8292275071144104,True
7,LOCAL3,LOCAL,2026,0,2026,24,1.039762432013262,0.999090100824833,0.5800512302666903,0.1626893247537156,235.0,0.8569812774658203,20.0,0.9909507683686372,0.9577884836630388,0.5804992952376358,0.1326491388223939,59.0,0.8490686416625977,True
1,LOCAL3,LOCAL,2026,1,2027,24,2.2582696357357985,2.20754187181592,1.008871090039611,0.2029110556795147,228.0,0.5234643220901489,20.0,1.5094688220848074,1.4722176543937242,0.5098847894629172,0.1490046707643331,69.0,0.5918970704078674,True
2,LOCAL3,LOCAL,2026,1,2027,24,1.360686656098383,1.3228745877742767,0.4273729406297207,0.1512482732964249,234.0,0.709998369216919,20.0,1.0919974169167153,1.055926525888364,0.3000752211602266,0.1442835641134044,69.0,0.7523970007896423,True
3,LOCAL3,LOCAL,2026,1,2027,24,1.089222418067074,1.0527718905359509,0.3419929564930498,0.1458021101244932,229.0,0.7908983826637268,20.0,0.9409823357883352,0.9032778621705112,0.3098557024947868,0.1508178944712963,69.0,0.7923317551612854,True
4,LOCAL3,LOCAL,2026,1,2027,24,1.0194727949916564,0.9856962572783232,0.3765831806696951,0.1351061508533332,228.0,0.8184828162193298,20.0,0.9030586737924772,0.8708058822253519,0.3630111867731267,0.1290111662685007,69.0,0.815717875957489,True
5,LOCAL3,LOCAL,2026,1,2027,24,1.0178235992469638,0.9817672107368708,0.4361320647411048,0.1442255540403717,228.0,0.8293830752372742,20.0,0.9237171512746392,0.8920598315798547,0.4225996609561699,0.1266292787791378,69.0,0.8181154131889343,True
6,LOCAL3,LOCAL,2026,1,2027,24,0.989291787279122,0.9516181573271753,0.4751370660029351,0.150694519807787,230.0,0.8423099517822266,20.0,0.9852540728647018,0.9512117766151744,0.4954518523098023,0.1361691849981097,69.0,0.8317130208015442,True
1,LOCAL3,LOCAL,2026,2,2028,24,2.1855051008049147,2.1286818109452725,0.8989024482667446,0.2272931594385678,234.0,0.481425791978836,20.0,1.4877415564471,1.445439210607986,0.4421446599250982,0.1692093833564565,52.0,0.5588591694831848,True
2,LOCAL3,LOCAL,2026,2,2028,24,1.3362988480689533,1.2997960545122624,0.3652790810912847,0.1460111742267633,233.0,0.6734413504600525,20.0,1.0859504399401685,1.0455660888971376,0.2553681016953523,0.1615374041721224,52.0,0.7284824848175049,True
3,LOCAL3,LOCAL,2026,2,2028,24,1.038113469752969,1.0032365649938584,0.2723112299107015,0.1395076190364425,230.0,0.781768798828125,20.0,0.9835853573999552,0.9354621940407872,0.279767018704375,0.1924926534366722,52.0,0.770960807800293,True
4,LOCAL3,LOCAL,2026,2,2028,24,0.963893086571464,0.9272983245551586,0.3069650800898671,0.1463790480652219,231.0,0.8170067667961121,20.0,0.934106516117616,0.8926278559629582,0.362249372419247,0.1659146406186314,52.0,0.8199461102485657,True
5,LOCAL3,LOCAL,2026,2,2028,24,0.9183218755382808,0.8865396022796631,0.3732791577465832,0.1271290930344703,235.0,0.8280050754547119,20.0,0.9958580617629492,0.9471756801132328,0.4447076089126019,0.1947295265988661,52.0,0.8160741329193115,True
6,LOCAL3,LOCAL,2026,2,2028,24,0.945450129770562,0.9134576205164194,0.4337151199579239,0.1279700370165699,233.0,0.8341290354728699,20.0,1.0826789437111133,1.042497276274626,0.5060692887660886,0.1607266697459496,52.0,0.8006865382194519,True
1,LOCAL3,LOCAL,2026,3,2029,25,2.2128019520115703,2.1600961185991765,1.054797514155507,0.2108233336495749,232.0,0.6581733226776123,20.0,1.4394706258191434,1.3967920728951446,0.5103606271349694,0.1707142116959955,61.0,0.7027145028114319,True
2,LOCAL3,LOCAL,2026,3,2029,25,1.2694363819904897,1.230324448272586,0.4245712212286889,0.1564477348716154,233.0,0.7980149388313293,20.0,0.9540267513078572,0.9161550910019678,0.2363981022076173,0.1514866412235576,61.0,0.8035390973091125,True
3,LOCAL3,LOCAL,2026,3,2029,25,1.0238030562613112,0.9858687303960324,0.2998001559637487,0.1517373034611153,234.0,0.8360424637794495,20.0,0.858791413807631,0.8240200941227684,0.2437257813520668,0.1390852787394504,61.0,0.8214651942253113,True
4,LOCAL3,LOCAL,2026,3,2029,25,0.9274854245985024,0.8915114939212799,0.3259918329305947,0.1438957227088896,232.0,0.8498325347900391,20.0,0.8063123491020486,0.7718540388197939,0.2798888454259919,0.1378332411290192,61.0,0.8341047763824463,True
5,LOCAL3,LOCAL,2026,3,2029,25,0.9368970491863436,0.9000586923211813,0.3875842187553644,0.1473534274606489,233.0,0.8548944592475891,20.0,0.8347830428611782,0.8008872610478361,0.3370938504899829,0.1355831272533682,61.0,0.8325905799865723,True
6,LOCAL3,LOCAL,2026,3,2029,25,0.9734126825977502,0.9387624830007552,0.4527964329347014,0.1386007983879796,232.0,0.8569316864013672,20.0,0.8841418663327553,0.8421323668858236,0.4013745840792813,0.1680379977877267,61.0,0.8409404754638672,True
7,LOCAL3,LOCAL,2026,3,2029,25,1.009253927479174,0.9766855034977198,0.5117363128811121,0.1302736959258175,230.0,0.8615198135375977,20.0,0.9106253853141948,0.8783221648744315,0.4608663376574674,0.1292128817590533,61.0,0.8426877856254578,True
1,LOCAL3,LOCAL,2026,4,2030,25,2.207966064432791,2.146677516400814,1.0284957554191352,0.2451541921279082,216.0,0.6196759343147278,20.0,1.4308481576766552,1.390021751734836,0.5278627783798975,0.1633056237672766,66.0,0.6904696822166443,True
2,LOCAL3,LOCAL,2026,4,2030,25,1.296478687193472,1.2572757750749588,0.4384874422103166,0.1568116484740532,215.0,0.7671852707862854,20.0,1.0526568639610403,1.0117020429658496,0.3259815837233519,0.1638192839807633,66.0,0.7775421142578125,True
3,LOCAL3,LOCAL,2026,4,2030,25,1.060500979450632,1.021572668477893,0.3595899255014956,0.1557132438909559,213.0,0.8061879277229309,20.0,0.96168701159678,0.9216193034629192,0.351057457776109,0.1602708325354438,66.0,0.8117942214012146,True
4,LOCAL3,LOCAL,2026,4,2030,25,1.0242671423689138,0.9854242824018,0.4049481072463095,0.1553714398684543,215.0,0.8337275981903076,20.0,0.9931559047043406,0.9314082112194092,0.4172782602388997,0.2469907739397251,66.0,0.8213114142417908,True
5,LOCAL3,LOCAL,2026,4,2030,25,1.012931731298869,0.969900919869542,0.4607681382447481,0.1721232457173078,215.0,0.8419265151023865,20.0,1.0175772337948508,0.970890608700839,0.4826249605860592,0.1867465003760475,66.0,0.8222808837890625,True
6,LOCAL3,LOCAL,2026,4,2030,25,1.0248793810669792,0.98894165456295,0.5091912982985377,0.1437509060161163,219.0,0.8436546921730042,20.0,0.9753159301037344,0.934408130724568,0.5281057318380057,0.1636311975166653,66.0,0.8286661505699158,True
1,GAP0,GAP,3026,0,3026,24,2.2505006715655327,2.2505006715655327,0.879242661036551,0.0,0.0,0.3068939447402954,20.0,1.5185304968810278,1.5185304968810278,0.3156294800525854,0.0,0.0,0.1309096366167068,True
2,GAP0,GAP,3026,0,3026,24,1.4169239141047,1.4169239141047,0.2303624927531928,0.0,0.0,0.2270042449235916,20.0,1.1326317575352252,1.1326317575352252,0.0718835785307667,0.0,0.0,0.2907057702541351,True
3,GAP0,GAP,3026,0,3026,24,1.0520109243690967,1.0520109243690967,0.1201179434079676,0.0,0.0,0.5762209892272949,20.0,0.8330415349361325,0.8330415349361325,0.0626903736024848,0.0,0.0,0.6712724566459656,True
4,GAP0,GAP,3026,0,3026,24,0.903846624493599,0.903846624493599,0.1085860580671578,0.0,0.0,0.7143397927284241,20.0,0.7903507947921753,0.7903507947921753,0.0754453534614448,0.0,0.0,0.7034926414489746,True
5,GAP0,GAP,3026,0,3026,24,0.8371906343847513,0.8371906343847513,0.1306067461613565,0.0,0.0,0.7322149872779846,20.0,0.7813942324031483,0.7813942324031483,0.1088451171709486,0.0,0.0,0.7170926928520203,True
6,GAP0,GAP,3026,0,3026,24,0.812988892942667,0.812988892942667,0.1643265867140144,0.0,0.0,0.7464706301689148,20.0,0.7667006273900182,0.7667006273900182,0.1413251065518245,0.0,0.0,0.7504820227622986,True
7,GAP0,GAP,3026,0,3026,24,0.83583177998662,0.83583177998662,0.195947846956551,0.0,0.0,0.7783505916595459,20.0,0.7742204838547825,0.7742204838547825,0.180497628906049,0.0,0.0,0.7558886408805847,True
1,GAP0,GAP,3026,1,3027,24,2.1746027834713457,2.1746027834713457,0.8350266203284263,0.0,0.0,0.3386151790618896,20.0,1.446115236637021,1.446115236637021,0.2903295063282832,0.0,0.0,0.1721144467592239,True
2,GAP0,GAP,3026,1,3027,24,1.340630801767111,1.340630801767111,0.2254748542793095,0.0,0.0,0.3420890569686889,20.0,1.0072894884535104,1.0072894884535104,0.0970557069729182,0.0,0.0,0.4822218418121338,True
3,GAP0,GAP,3026,1,3027,24,0.9853716772049664,0.9853716772049664,0.1249825570732355,0.0,0.0,0.6240750551223755,20.0,0.7780049615655064,0.7780049615655064,0.0720604728322383,0.0,0.0,0.6552241444587708,True
4,GAP0,GAP,3026,1,3027,24,0.8943880863487721,0.8943880863487721,0.1237799403257668,0.0,0.0,0.6874741911888123,20.0,0.769233651397642,0.769233651397642,0.1060398701301291,0.0,0.0,0.6917259097099304,True
5,GAP0,GAP,3026,1,3027,24,0.8477418389171362,0.8477418389171362,0.1602275523822754,0.0,0.0,0.7061462998390198,20.0,0.7723012940942748,0.7723012940942748,0.1504775972898341,0.0,0.0,0.7178986072540283,True
6,GAP0,GAP,3026,1,3027,24,0.8420910365879536,0.8420910365879536,0.1966375676449388,0.0,0.0,0.7345197796821594,20.0,0.7662760521754746,0.7662760521754746,0.1821642582081566,0.0,0.0,0.7284006476402283,True
7,GAP0,GAP,3026,1,3027,24,0.8018629301339388,0.8018629301339388,0.2300187974702567,0.0,0.0,0.7554382681846619,20.0,0.7247741719907965,0.7247741719907965,0.2185854592845459,0.0,0.0,0.7540915608406067,True
1,GAP0,GAP,3026,2,3028,24,2.219535558670759,2.219535558670759,0.8861989617347718,0.0,0.0,0.3412531912326813,20.0,1.4459598497910933,1.4459598497910933,0.2854910857421308,0.0,0.0,0.223787784576416,True
2,GAP0,GAP,3026,2,3028,24,1.355328666418791,1.355328666418791,0.2177475630305707,0.0,0.0,0.3222910463809967,20.0,1.0567545319391676,1.0567545319391676,0.116173412558461,0.0,0.0,0.4782392084598541,True
3,GAP0,GAP,3026,2,3028,24,1.01127970777452,1.01127970777452,0.1288573240395635,0.0,0.0,0.5846901535987854,20.0,0.9513393561702128,0.9513393561702128,0.1227986794119038,0.0,0.0,0.6568201780319214,True
4,GAP0,GAP,3026,2,3028,24,0.8999738525599241,0.8999738525599241,0.1295875508803874,0.0,0.0,0.6634287238121033,20.0,0.9524881509709948,0.9524881509709948,0.1799617009468315,0.0,0.0,0.666157066822052,True
5,GAP0,GAP,3026,2,3028,24,0.8773728556931019,0.8773728556931019,0.1680350863840431,0.0,0.0,0.6678259968757629,20.0,1.0050114555792375,1.0050114555792375,0.2247109266598362,0.0,0.0,0.6633020043373108,True
6,GAP0,GAP,3026,2,3028,24,0.8555473100394011,0.8555473100394011,0.1929873360786587,0.0,0.0,0.6600368022918701,20.0,0.991226687904232,0.991226687904232,0.2243402792402535,0.0,0.0,0.6556981801986694,True
1,GAP0,GAP,3026,3,3029,25,2.199630795419216,2.199630795419216,0.8482734182849526,0.0,0.0,0.3154095709323883,20.0,1.454178392394515,1.454178392394515,0.249982529435276,0.0,0.0,0.115945316851139,True
2,GAP0,GAP,3026,3,3029,25,1.3880973421037195,1.3880973421037195,0.1880944568198174,0.0,0.0,0.1833851933479309,20.0,1.1309937489919426,1.1309937489919426,0.0614410515043361,0.0,0.0,0.2420905828475952,True
3,GAP0,GAP,3026,3,3029,25,1.0759036373347044,1.0759036373347044,0.1134651986416429,0.0,0.0,0.4962152242660522,20.0,0.8640003524535944,0.8640003524535944,0.0624726599405619,0.0,0.0,0.600311815738678,True
4,GAP0,GAP,3026,3,3029,25,0.8765741422772407,0.8765741422772407,0.10550192957744,0.0,0.0,0.6601643562316895,20.0,0.745036708914544,0.745036708914544,0.0830529736709003,0.0,0.0,0.6719704270362854,True
5,GAP0,GAP,3026,3,3029,25,0.8827794458717108,0.8827794458717108,0.1380787651985883,0.0,0.0,0.6824521422386169,20.0,0.7842777465000625,0.7842777465000625,0.132257846884491,0.0,0.0,0.6734850406646729,True
6,GAP0,GAP,3026,3,3029,25,0.8797472342848778,0.8797472342848778,0.1912484814878553,0.0,0.0,0.6944931149482727,20.0,0.8185548393194341,0.8185548393194341,0.1794472285046065,0.0,0.0,0.6728916764259338,True
1,GAP0,GAP,3026,4,3030,25,2.279432817548513,2.279432817548513,0.951182598248124,0.0,0.0,0.3050307035446167,20.0,1.5215632659344631,1.5215632659344631,0.3486503074484423,0.0,0.0,0.1525023430585861,True
2,GAP0,GAP,3026,4,3030,25,1.413299734145403,1.413299734145403,0.261671508103609,0.0,0.0,0.276958167552948,20.0,1.06884971975295,1.06884971975295,0.1175210881701185,0.0,0.0,0.450238823890686,True
3,GAP0,GAP,3026,4,3030,25,1.036159038171172,1.036159038171172,0.1434301747009158,0.0,0.0,0.5986154675483704,20.0,0.8201007645977431,0.8201007645977431,0.0847048757613197,0.0,0.0,0.6891663670539856,True
4,GAP0,GAP,3026,4,3030,25,0.8795392952859402,0.8795392952859402,0.1324851262848824,0.0,0.0,0.7068612575531006,20.0,0.7762705274849884,0.7762705274849884,0.1186204388245078,0.0,0.0,0.7257084846496582,True
5,GAP0,GAP,3026,4,3030,25,0.8798193357884884,0.8798193357884884,0.1717041428666562,0.0,0.0,0.7169280052185059,20.0,0.8246840144977097,0.8246840144977097,0.1770700562345095,0.0,0.0,0.7084708213806152,True
6,GAP0,GAP,3026,4,3030,25,0.8799159020185471,0.8799159020185471,0.2198515979107469,0.0,0.0,0.722428023815155,20.0,0.819159143227191,0.819159143227191,0.2101511764994337,0.0,0.0,0.7287583351135254,True
7,GAP0,GAP,3026,4,3030,25,0.8660396594554186,0.8660396594554186,0.2449266912415623,0.0,0.0,0.7449201941490173,20.0,0.8091365719629713,0.8091365719629713,0.2437011323684503,0.0,0.0,0.7537791728973389,True
1,GAP3,GAP,3026,0,3026,24,2.320014064518293,2.2592346422374248,0.8871092537418008,0.2431176891234719,236.0,0.3020278811454773,20.0,1.5834939199003923,1.5261430858580534,0.3197913701869239,0.229403336169356,59.0,0.1223828792572021,True
2,GAP3,GAP,3026,0,3026,24,1.487474972933856,1.4298045992851258,0.2300525685772299,0.2306814945949209,232.0,0.195982277393341,20.0,1.216552892998581,1.160828957380342,0.0653991169365477,0.2228957424729557,59.0,0.2193180471658706,True
3,GAP3,GAP,3026,0,3026,24,1.16792318751909,1.1104849107563497,0.115764183178544,0.2297531070509626,243.0,0.4935292899608612,20.0,0.9345055478225154,0.871806857507091,0.0683812343261458,0.2507947612616975,59.0,0.6335177421569824,True
4,GAP3,GAP,3026,0,3026,24,0.9734196382322504,0.9160164073109628,0.1052671696059405,0.2296129236851508,240.0,0.698894202709198,20.0,0.8527113862316374,0.799502870268073,0.0700394971804185,0.2128340638542579,59.0,0.695029079914093,True
5,GAP3,GAP,3026,0,3026,24,0.8935358840011637,0.8339597474783659,0.1210035775788128,0.2383045460911912,239.0,0.724186360836029,20.0,0.8528228565742133,0.7964411412388825,0.0981557537332054,0.2255268613413228,59.0,0.6970296502113342,True
6,GAP3,GAP,3026,0,3026,24,0.8664330405093511,0.8102284144610167,0.1528600223362445,0.2248185041933379,239.0,0.7332944869995117,20.0,0.8295233857681361,0.7694209690921563,0.1291836174435852,0.2404096667039192,59.0,0.7319168448448181,True
1,GAP3,GAP,3026,1,3027,24,2.241715794246865,2.1768561609089376,0.842221230827272,0.2594385333517093,236.0,0.3378344476222992,20.0,1.494068386230842,1.4449898428168175,0.2940928275920142,0.1963141736560973,69.0,0.18154276907444,True
2,GAP3,GAP,3026,1,3027,24,1.392118570537156,1.3330340832471848,0.2253779953345656,0.2363379491598845,229.0,0.3469239473342895,20.0,1.0450366764784609,0.996899810704318,0.0959328732584133,0.1925474630965702,69.0,0.4822904765605926,True
3,GAP3,GAP,3026,1,3027,24,1.0387635745371329,0.9807785857468844,0.1245128362905234,0.2319399551609936,230.0,0.6210358142852783,20.0,0.8294948616824398,0.7808903544402319,0.0716286517125515,0.1944180289688317,69.0,0.6473924517631531,True
4,GAP3,GAP,3026,1,3027,24,0.9439099358117754,0.8873304110020399,0.122900830162689,0.2263180992389419,232.0,0.6825955510139465,20.0,0.8095785003703845,0.7614174529540637,0.1037287668994635,0.192644189665283,69.0,0.6865866780281067,True
5,GAP3,GAP,3026,1,3027,24,0.9032012445690082,0.84457141533494,0.15706149446778,0.234519316936273,232.0,0.7011184692382812,20.0,0.8220043935235074,0.7743537642739036,0.1458604035298686,0.1906025169984154,69.0,0.7099120616912842,True
6,GAP3,GAP,3026,1,3027,24,0.8977249668425191,0.8394482534378767,0.1928930032067,0.23310685361857,230.0,0.7237520217895508,20.0,0.802906538919239,0.7542355720661889,0.1765991185814881,0.1946838674122008,69.0,0.7165003418922424,True
7,GAP3,GAP,3026,1,3027,24,0.8622576116178795,0.8052697502076626,0.2257496281992644,0.2279514456408676,232.0,0.7401118874549866,20.0,0.7727857630127404,0.7214326907780545,0.2128481630328273,0.2054122889387434,69.0,0.7436328530311584,True
1,GAP3,GAP,3026,2,3028,24,2.283497462365413,2.2233897775411604,0.8854189464822412,0.2404307392970114,231.0,0.3378033638000488,20.0,1.513133714653799,1.449552252272929,0.2847345294046008,0.2543258495234812,52.0,0.2196909934282302,True
2,GAP3,GAP,3026,2,3028,24,1.4202904094655353,1.361887903511524,0.2161118850577622,0.2336100238160445,234.0,0.3089596331119537,20.0,1.1281508161212597,1.0664160763921815,0.1138004330564136,0.2469389589163116,52.0,0.4600688219070434,True
3,GAP3,GAP,3026,2,3028,24,1.0794039150532813,1.021091474965215,0.1271647673100233,0.2332497603522661,234.0,0.5696558356285095,20.0,1.0151663016352048,0.9510726115920328,0.1195924710636296,0.256374760172688,52.0,0.6485901474952698,True
4,GAP3,GAP,3026,2,3028,24,0.9659821106878904,0.9051950119435788,0.1279020477086305,0.2431483949772465,231.0,0.6561275720596313,20.0,1.0041172386963062,0.9434632993926688,0.1755999819306302,0.2426157572145502,52.0,0.66390061378479,True
5,GAP3,GAP,3026,2,3028,24,0.9343274779109424,0.876521822437644,0.165128672029823,0.231222621893193,229.0,0.6571855545043945,20.0,1.075962490140172,1.0148491110683473,0.2269611870946963,0.2444535162872993,52.0,0.6545167565345764,True
6,GAP3,GAP,3026,2,3028,24,0.9176609286552536,0.8593468725681305,0.1909233817597851,0.2332562243484932,230.0,0.647400438785553,20.0,1.0649020720288576,1.004001585905217,0.2244494892348928,0.2436019444945626,52.0,0.6453983783721924,True
1,GAP3,GAP,3026,3,3029,25,2.257142163484365,2.198307586461305,0.8446272889152169,0.2353383080922385,234.0,0.3198572397232055,20.0,1.5071680290266658,1.4523198180947423,0.2529077307005559,0.2193928437276942,61.0,0.1277113854885101,True
2,GAP3,GAP,3026,3,3029,25,1.4406120410968817,1.384044986218214,0.1894573560915887,0.2262682195146696,232.0,0.1950155049562454,20.0,1.1833110104392328,1.1265425071243411,0.0622170999461461,0.2270740132595672,61.0,0.2546264231204986,True
3,GAP3,GAP,3026,3,3029,25,1.1370263627041768,1.0783457923680544,0.1121291704475879,0.2347222813444896,234.0,0.4907226264476776,20.0,0.9112793853508464,0.8560124606140389,0.0618154056185533,0.2210676989472303,61.0,0.5960314273834229,True
4,GAP3,GAP,3026,3,3029,25,0.9476348187310792,0.8904068369418383,0.1066032326314598,0.2289119271569637,229.0,0.6536163687705994,20.0,0.7916562306370282,0.7360300328120712,0.0841322399614271,0.2225047912998277,61.0,0.6675230860710144,True
5,GAP3,GAP,3026,3,3029,25,0.9537466469835094,0.8974350273609162,0.1388471026904881,0.2252464784903729,235.0,0.6762842535972595,20.0,0.8515735182680504,0.7959951260858331,0.1302590098016518,0.222313568728869,61.0,0.6581469178199768,True
6,GAP3,GAP,3026,3,3029,25,0.9586648920620002,0.9008689567446708,0.1965763375163078,0.2311837412693174,236.0,0.679182231426239,20.0,0.8794662231954677,0.8243447561894567,0.1784909503026442,0.2204858680240443,61.0,0.6559525728225708,True
7,GAP3,GAP,3026,3,3029,25,0.9581241055508648,0.9025681145489216,0.2354241464287042,0.2222239640077729,231.0,0.6895994544029236,20.0,0.8563589955906058,0.8032494231689075,0.2055027083424497,0.2124382896867931,61.0,0.6620597839355469,True
1,GAP3,GAP,3026,4,3030,25,2.3533201075699783,2.286087948828936,0.9520805198699236,0.26892863496417,217.0,0.3121994435787201,20.0,1.5834767396456613,1.5218508164744733,0.3477607364496909,0.2465036926847515,66.0,0.1602104157209396,True
2,GAP3,GAP,3026,4,3030,25,1.4745516436027917,1.410026092082262,0.2603876210749149,0.2581022060821177,216.0,0.2836044430732727,20.0,1.1287065315068014,1.066574657751509,0.117473746318955,0.2485274950211698,66.0,0.4524421393871307,True
3,GAP3,GAP,3026,4,3030,25,1.1002854287654822,1.0342652816325426,0.1440667752642184,0.2640805885317587,214.0,0.5924591422080994,20.0,0.8807779992738168,0.8204218114703155,0.084482945132354,0.2414247512140057,66.0,0.6815446019172668,True
4,GAP3,GAP,3026,4,3030,25,0.9413542578176118,0.8778154030442238,0.131280303094536,0.2541554190935523,213.0,0.6988235116004944,20.0,0.8384232229961097,0.7778674846838328,0.1164193913833168,0.2422229532491077,66.0,0.7183212637901306,True
5,GAP3,GAP,3026,4,3030,25,0.948706126520454,0.8853521198034286,0.1695641162339597,0.253416026868101,213.0,0.7064576148986816,20.0,0.904856457100468,0.8462857466098691,0.1743971783637015,0.2342828419623953,66.0,0.6923556327819824,True
6,GAP3,GAP,3026,4,3030,25,0.9467194828362158,0.8860863126814366,0.2193466641008853,0.2425326806191167,219.0,0.7098367810249329,20.0,0.8818080126469539,0.8226640845133253,0.2079833316778348,0.2365757125345143,66.0,0.7111340165138245,True
7,GAP3,GAP,3026,4,3030,25,0.9413713821437432,0.8816675793379545,0.2446714988444,0.2388152112231551,217.0,0.7213783264160156,20.0,0.8783987116597122,0.8207302822554408,0.2431564698041963,0.2306737176170855,66.0,0.7367519736289978,True
1,LOCAL0,LOCAL,3026,0,3026,24,2.215837624669075,2.215837624669075,1.0153314545750618,0.0,0.0,0.5673438906669617,20.0,1.442106824275876,1.442106824275876,0.4917435249513831,0.0,0.0,0.6570713520050049,True
2,LOCAL0,LOCAL,3026,0,3026,24,1.2757231786847114,1.2757231786847114,0.3984783855266869,0.0,0.0,0.7493651509284973,20.0,0.9866576815439648,0.9866576815439648,0.2444334214876506,0.0,0.0,0.7831742763519287,True
3,LOCAL0,LOCAL,3026,0,3026,24,0.9656340293586254,0.9656340293586254,0.2799864894710481,0.0,0.0,0.8265242576599121,20.0,0.8233472271399065,0.8233472271399065,0.2505107326202156,0.0,0.0,0.8233962655067444,True
4,LOCAL0,LOCAL,3026,0,3026,24,0.8744674198329448,0.8744674198329448,0.3039715031161904,0.0,0.0,0.842088520526886,20.0,0.8257306277259322,0.8257306277259322,0.311182722941903,0.0,0.0,0.8352851867675781,True
5,LOCAL0,LOCAL,3026,0,3026,24,0.8597956486046314,0.8597956486046314,0.3619671512395143,0.0,0.0,0.8482396602630615,20.0,0.8757078145161148,0.8757078145161148,0.3808525734203906,0.0,0.0,0.8298713564872742,True
6,LOCAL0,LOCAL,3026,0,3026,24,0.9117628388106824,0.9117628388106824,0.4173632996156812,0.0,0.0,0.8506247401237488,20.0,0.900150979845977,0.900150979845977,0.4454431972227806,0.0,0.0,0.8398211002349854,True
1,LOCAL0,LOCAL,3026,1,3027,24,2.152811836451292,2.152811836451292,1.003684163838625,0.0,0.0,0.6064018607139587,20.0,1.4083441525451408,1.4083441525451408,0.5142493233207829,0.0,0.0,0.6867935061454773,True
2,LOCAL0,LOCAL,3026,1,3027,24,1.2339722074568271,1.2339722074568271,0.4116764177568257,0.0,0.0,0.772785484790802,20.0,0.9574667870505782,0.9574667870505782,0.2800777919036298,0.0,0.0,0.7988513112068176,True
3,LOCAL0,LOCAL,3026,1,3027,24,0.9612632438540458,0.9612632438540458,0.3131912540644407,0.0,0.0,0.8304911255836487,20.0,0.8486478594709034,0.8486478594709034,0.2905551384795796,0.0,0.0,0.8238667845726013,True
4,LOCAL0,LOCAL,3026,1,3027,24,0.8935429867357015,0.8935429867357015,0.347504449263215,0.0,0.0,0.8470866680145264,20.0,0.8516569497171512,0.8516569497171512,0.3610636577133305,0.0,0.0,0.838470458984375,True
5,LOCAL0,LOCAL,3026,1,3027,24,0.9028300657868386,0.9028300657868386,0.4106591848656535,0.0,0.0,0.8495844006538391,20.0,0.8842005680415256,0.8842005680415256,0.4336971399212672,0.0,0.0,0.8379905819892883,True
6,LOCAL0,LOCAL,3026,1,3027,24,0.903598825633526,0.903598825633526,0.4581023635342717,0.0,0.0,0.8559128642082214,20.0,0.9578002996681152,0.9578002996681152,0.5087237397501291,0.0,0.0,0.8452518582344055,True
1,LOCAL0,LOCAL,3026,2,3028,24,2.234245866537094,2.234245866537094,0.9966047631576658,0.0,0.0,0.4834434986114502,20.0,1.4521179484926965,1.4521179484926965,0.4524669391064604,0.0,0.0,0.5606902241706848,True
2,LOCAL0,LOCAL,3026,2,3028,24,1.304466338455677,1.304466338455677,0.3692059062421322,0.0,0.0,0.6754716038703918,20.0,1.0512765803612951,1.0512765803612951,0.2679008137096058,0.0,0.0,0.7354952692985535,True
3,LOCAL0,LOCAL,3026,2,3028,24,1.0075048971921206,1.0075048971921206,0.266803468298167,0.0,0.0,0.7707846164703369,20.0,0.950381257317283,0.950381257317283,0.2941382803207586,0.0,0.0,0.7850733399391174,True
4,LOCAL0,LOCAL,3026,2,3028,24,0.9509984601289034,0.9509984601289034,0.2995151102542877,0.0,0.0,0.8085641264915466,20.0,0.981310570535581,0.981310570535581,0.3720923386329461,0.0,0.0,0.7804446816444397,True
5,LOCAL0,LOCAL,3026,2,3028,24,0.9437418971210718,0.9437418971210718,0.3601590422913432,0.0,0.0,0.8173605799674988,20.0,0.9899804060124168,0.9899804060124168,0.4552025460014658,0.0,0.0,0.8108940720558167,True
6,LOCAL0,LOCAL,3026,2,3028,24,0.9522168844938278,0.9522168844938278,0.4283057193271816,0.0,0.0,0.8237865567207336,20.0,1.1029241823953044,1.1029241823953044,0.5458645357573328,0.0,0.0,0.8136081695556641,True
1,LOCAL0,LOCAL,3026,3,3029,25,2.1376807525753976,2.1376807525753976,1.009500489383936,0.0,0.0,0.6202102303504944,20.0,1.3244232589548284,1.3244232589548284,0.4563424478877674,0.0,0.0,0.701434314250946,True
2,LOCAL0,LOCAL,3026,3,3029,25,1.2044690810143948,1.2044690810143948,0.3995053614489734,0.0,0.0,0.7774966359138489,20.0,0.9261625709612508,0.9261625709612508,0.2592208816492853,0.0,0.0,0.7982954382896423,True
3,LOCAL0,LOCAL,3026,3,3029,25,0.983038179203868,0.983038179203868,0.3255033548921346,0.0,0.0,0.8226383328437805,20.0,0.8619216316002459,0.8619216316002459,0.2816131339092885,0.0,0.0,0.8213121294975281,True
4,LOCAL0,LOCAL,3026,3,3029,25,0.9427916511893272,0.9427916511893272,0.3752133889123797,0.0,0.0,0.8357483744621277,20.0,0.8606741999791674,0.8606741999791674,0.3360964096774739,0.0,0.0,0.8266854286193848,True
5,LOCAL0,LOCAL,3026,3,3029,25,0.9502312365919352,0.9502312365919352,0.4447929353453219,0.0,0.0,0.8483355045318604,20.0,0.8405693020702394,0.8405693020702394,0.3887358753641775,0.0,0.0,0.8331117033958435,True
6,LOCAL0,LOCAL,3026,3,3029,25,0.9904694341123104,0.9904694341123104,0.500209500733763,0.0,0.0,0.8595780730247498,20.0,0.8827817681407141,0.8827817681407141,0.4640250342690255,0.0,0.0,0.8424178957939148,True
1,LOCAL0,LOCAL,3026,4,3030,25,2.2720651499927045,2.2720651499927045,1.1566588018089532,0.0,0.0,0.6178053617477417,20.0,1.5120459006837577,1.5120459006837577,0.6296009544498664,0.0,0.0,0.6710432171821594,True
2,LOCAL0,LOCAL,3026,4,3030,25,1.3473122030496598,1.3473122030496598,0.502610407397151,0.0,0.0,0.7465323805809021,20.0,1.0825096753017962,1.0825096753017962,0.3654633088052765,0.0,0.0,0.7827699780464172,True
3,LOCAL0,LOCAL,3026,4,3030,25,1.0603253860026598,1.0603253860026598,0.3767214170657098,0.0,0.0,0.8185580372810364,20.0,0.9466707479855244,0.9466707479855244,0.3609072499531359,0.0,0.0,0.8255960941314697,True
4,LOCAL0,LOCAL,3026,4,3030,25,0.9613955315202476,0.9613955315202476,0.3915992955677211,0.0,0.0,0.8468160033226013,20.0,0.905874714378483,0.905874714378483,0.4174534863184306,0.0,0.0,0.8444220423698425,True
5,LOCAL0,LOCAL,3026,4,3030,25,0.942035660520196,0.942035660520196,0.4370476091280579,0.0,0.0,0.8592681288719177,20.0,0.9544088234586164,0.9544088234586164,0.49398177394197,0.0,0.0,0.8516386151313782,True
6,LOCAL0,LOCAL,3026,4,3030,25,0.9638445552438496,0.9638445552438496,0.4991957287304103,0.0,0.0,0.8703598976135254,20.0,0.9620522817304312,0.9620522817304312,0.5491229517400757,0.0,0.0,0.864570140838623,True
7,LOCAL0,LOCAL,3026,4,3030,25,0.973197628185153,0.973197628185153,0.5377540755085647,0.0,0.0,0.876295268535614,20.0,0.9830145392536132,0.9830145392536132,0.5792800828445056,0.0,0.0,0.8686919212341309,True
1,LOCAL3,LOCAL,3026,0,3026,24,2.2832465731270486,2.234543499350548,1.0174388408660888,0.1948122951060028,236.0,0.5442147850990295,20.0,1.5092573788042865,1.4665840539065274,0.4895345681955007,0.1706932995910361,59.0,0.609268844127655,True
2,LOCAL3,LOCAL,3026,0,3026,24,1.3508917653858905,1.310083294659853,0.3972314252518117,0.163233882904149,232.0,0.7115872502326965,20.0,1.0508309884122342,1.017675146091083,0.2475357433734846,0.1326233692846055,59.0,0.7626429200172424,True
3,LOCAL3,LOCAL,3026,0,3026,24,1.0320833062413657,0.9932929802685976,0.2812815114855766,0.1551613038910721,243.0,0.8122615814208984,20.0,0.8779847086074583,0.8446952173532534,0.2478203783350542,0.1331579650168196,59.0,0.8171708583831787,True
4,LOCAL3,LOCAL,3026,0,3026,24,0.9286628921346468,0.8887188486754894,0.3013033301569521,0.1597761738366292,240.0,0.8394567966461182,20.0,0.8710843163573367,0.8390982520481771,0.3066978413950313,0.1279442572366383,59.0,0.8341474533081055,True
5,LOCAL3,LOCAL,3026,0,3026,24,0.904124539849742,0.8652635082602501,0.3573399432003498,0.1554441263579674,239.0,0.8483778834342957,20.0,0.9053767690954134,0.8708077511511558,0.3764439771983249,0.1382760717770305,59.0,0.8319858908653259,True
6,LOCAL3,LOCAL,3026,0,3026,24,0.9476178912839474,0.9104729503393172,0.4113255499862134,0.1485797637785204,239.0,0.8494901657104492,20.0,0.9400681685678488,0.9084661558639904,0.43961888502452,0.1264080508154327,59.0,0.8360635638237,True
1,LOCAL3,LOCAL,3026,1,3027,24,2.239421088630565,2.1758975140750407,1.0121257033199071,0.2540942982220983,236.0,0.5970014929771423,20.0,1.4772727053706396,1.4319322710194864,0.5218804449089303,0.1813617374046125,69.0,0.6772322058677673,True
2,LOCAL3,LOCAL,3026,1,3027,24,1.2980792804222605,1.2549288529902696,0.4148557950742543,0.1726017097279624,229.0,0.765695333480835,20.0,1.0043347664466888,0.9707244462218166,0.2773385052838601,0.1344412808994884,69.0,0.78950434923172,True
3,LOCAL3,LOCAL,3026,1,3027,24,1.0069054132408422,0.9692461468279362,0.308381865452975,0.1506370656516241,230.0,0.825244665145874,20.0,0.8792492549126086,0.8448667270092924,0.2844353941353885,0.1375301116132649,69.0,0.8153390288352966,True
4,LOCAL3,LOCAL,3026,1,3027,24,0.9277227396548904,0.8916104193776846,0.3410747282207012,0.1444492811088225,232.0,0.8428485989570618,20.0,0.8797015404420843,0.84304212538664,0.3535206973060103,0.1466376602217771,69.0,0.8316040635108948,True
5,LOCAL3,LOCAL,3026,1,3027,24,0.9360356791950522,0.9010491341352462,0.405342785269022,0.1399461802392234,232.0,0.8469098210334778,20.0,0.9231566545086226,0.8876329734305705,0.4288370220129155,0.1420947243122087,69.0,0.8312838673591614,True
6,LOCAL3,LOCAL,3026,1,3027,24,0.9378953912386508,0.9030680004507304,0.4556015176698565,0.1393095631516822,230.0,0.8508842587471008,20.0,0.9875379017688528,0.955478180045924,0.5057624987334259,0.1282388868917157,69.0,0.8425693511962891,True
1,LOCAL3,LOCAL,3026,2,3028,24,2.288451491551901,2.2388624705374243,0.9931717243045568,0.198356084057908,231.0,0.4742291271686554,20.0,1.496852011569885,1.4568576369403807,0.4478463367982344,0.1599774985180165,52.0,0.5507694482803345,True
2,LOCAL3,LOCAL,3026,2,3028,24,1.344941021657139,1.307846501469612,0.3641887653619051,0.1483780807501071,234.0,0.6668806076049805,20.0,1.096630626104687,1.0585760892915332,0.2650772525259286,0.1522181472526146,52.0,0.7296424508094788,True
3,LOCAL3,LOCAL,3026,2,3028,24,1.0414592564656224,1.0095195624977351,0.2600409504026174,0.1277587758715495,234.0,0.7663168907165527,20.0,0.9915001754840962,0.9511827673793825,0.2861269209995742,0.1612696324188549,52.0,0.785342276096344,True
4,LOCAL3,LOCAL,3026,2,3028,24,0.981595327054227,0.949641902372241,0.2885583526454865,0.1278136987279439,231.0,0.8067240715026855,20.0,1.0170086972393688,0.9778099749699112,0.3623181916465444,0.1567948890778307,52.0,0.7723748683929443,True
5,LOCAL3,LOCAL,3026,2,3028,24,0.9698905675346642,0.939655962958932,0.3468950366601347,0.120938418302929,229.0,0.8120226263999939,20.0,1.030704430928951,0.9917596420965904,0.4416506024431591,0.1557791553294429,52.0,0.8011602759361267,True
6,LOCAL3,LOCAL,3026,2,3028,24,0.9741099951530644,0.9422749411314726,0.4102403646335005,0.1273402160863675,230.0,0.8190767168998718,20.0,1.1444456658639848,1.1056550475191478,0.5328333466506201,0.1551624733793477,52.0,0.8044442534446716,True
1,LOCAL3,LOCAL,3026,3,3029,25,2.192472822578827,2.1433617912232874,1.004653250053525,0.1964441254221571,234.0,0.6085739731788635,20.0,1.3768328071690874,1.3328308881806934,0.4536385615009907,0.1760076759535758,61.0,0.6875353455543518,True
2,LOCAL3,LOCAL,3026,3,3029,25,1.2468087846421283,1.207942669466138,0.3952210723422468,0.1554644607039618,232.0,0.767026960849762,20.0,0.9641048872612226,0.9253216789773672,0.2565535494118682,0.1551328331354211,61.0,0.7933247685432434,True
3,LOCAL3,LOCAL,3026,3,3029,25,1.0180001957481328,0.9813965037465096,0.3201112642884254,0.1464147680064934,234.0,0.815917432308197,20.0,0.8989345412912086,0.8617649718749621,0.2755367408606631,0.1486782776649858,61.0,0.8126852512359619,True
4,LOCAL3,LOCAL,3026,3,3029,25,0.9734786352657664,0.9390642426908016,0.3665442284196615,0.1376575702998592,229.0,0.827767550945282,20.0,0.8943357471224739,0.8581438202503299,0.3281079449436881,0.1447677074885759,61.0,0.8178147673606873,True
5,LOCAL3,LOCAL,3026,3,3029,25,0.9817459683290662,0.9498697374016046,0.4351128689944744,0.1275049237098465,235.0,0.8406882286071777,20.0,0.8789913837445019,0.842083918654229,0.381014231192179,0.1476298603610914,61.0,0.8280423283576965,True
6,LOCAL3,LOCAL,3026,3,3029,25,1.018513534841191,0.9854198157787324,0.4892693925648927,0.1323748762498341,236.0,0.8529775738716125,20.0,0.9077042976681732,0.8751019948770192,0.4530362937568633,0.1304092111646151,61.0,0.8324358463287354,True
1,LOCAL3,LOCAL,3026,4,3030,25,2.329203656935112,2.278562550246716,1.1532088462263346,0.2025644267535841,217.0,0.618563175201416,20.0,1.565488835186736,1.514750072778749,0.6229423826391046,0.2029550496319478,66.0,0.6709524989128113,True
2,LOCAL3,LOCAL,3026,4,3030,25,1.3979111811141829,1.3533235535025596,0.4973231889307499,0.1783505104464927,216.0,0.7464705109596252,20.0,1.1302326685657915,1.0876811013734045,0.3619277863955695,0.1702062687695478,66.0,0.7809128165245056,True
3,LOCAL3,LOCAL,3026,4,3030,25,1.1058493472603106,1.0657937854528428,0.3715372971259058,0.1602222472298716,214.0,0.8182767033576965,20.0,0.984648984949266,0.9395031574343848,0.3517926096423598,0.1805833100595257,66.0,0.8246961236000061,True
4,LOCAL3,LOCAL,3026,4,3030,25,0.999630170451486,0.9612823069095612,0.3836479122750461,0.153391454167699,213.0,0.8458279967308044,20.0,0.9423822453046684,0.8994120517052895,0.4059702079158184,0.1718807743975159,66.0,0.8449344635009766,True
5,LOCAL3,LOCAL,3026,4,3030,25,0.9764824972409284,0.9385648906230928,0.4282936527393758,0.1516704264713425,213.0,0.8603054881095886,20.0,0.9941668681504996,0.9503024752475012,0.4866755397851802,0.1754575716119936,66.0,0.847736656665802,True
6,LOCAL3,LOCAL,3026,4,3030,25,0.9935014046783897,0.9582576598972082,0.491093576233834,0.1409749791247251,219.0,0.8691337704658508,20.0,1.0006392421746066,0.9577452899995914,0.5386761623965807,0.1715758087000612,66.0,0.8636180758476257,True
1,GAP0,GAP,4026,0,4026,24,2.048414579778909,2.048414579778909,0.7044280171394348,0.0,0.0,0.2890613973140716,20.0,1.396440500070241,1.396440500070241,0.1982157099838099,0.0,0.0,0.0984275639057159,True
2,GAP0,GAP,4026,0,4026,24,1.3681800596415996,1.3681800596415996,0.1605292692314833,0.0,0.0,0.1401600688695907,20.0,1.173741368715428,1.173741368715428,0.051445405129805,0.0,0.0,0.141256108880043,True
3,GAP0,GAP,4026,0,4026,24,1.1860088050365447,1.1860088050365447,0.0970155911054462,0.0,0.0,0.3474875688552856,20.0,0.9552123856938576,0.9552123856938576,0.0603503492960998,0.0,0.0,0.5138137936592102,True
4,GAP0,GAP,4026,0,4026,24,0.9437533881515264,0.9437533881515264,0.1022953038336709,0.0,0.0,0.6439656615257263,20.0,0.8027041214556734,0.8027041214556734,0.0692890410519335,0.0,0.0,0.6599531769752502,True
5,GAP0,GAP,4026,0,4026,24,0.9072419065982104,0.9072419065982104,0.1168984720716252,0.0,0.0,0.689282238483429,20.0,0.7697394460685982,0.7697394460685982,0.1018740638228487,0.0,0.0,0.6694998741149902,True
6,GAP0,GAP,4026,0,4026,24,0.8822753448039293,0.8822753448039293,0.1630066268146038,0.0,0.0,0.6922528743743896,20.0,0.7969999490690626,0.7969999490690626,0.1510271973107472,0.0,0.0,0.6890060901641846,True
1,GAP0,GAP,4026,1,4027,24,2.103307419270277,2.103307419270277,0.7565472513437271,0.0,0.0,0.3073634505271911,20.0,1.4177109702559545,1.4177109702559545,0.2600523405823826,0.0,0.0,0.1665024161338806,True
2,GAP0,GAP,4026,1,4027,24,1.2960413798689845,1.2960413798689845,0.2070026330184191,0.0,0.0,0.3434207141399383,20.0,0.9485982636774868,0.9485982636774868,0.0868408808038254,0.0,0.0,0.4908812046051025,True
3,GAP0,GAP,4026,1,4027,24,0.957270822674036,0.957270822674036,0.1220926702022552,0.0,0.0,0.6133702993392944,20.0,0.7708092026474062,0.7708092026474062,0.0690587664192373,0.0,0.0,0.6526156663894653,True
4,GAP0,GAP,4026,1,4027,24,0.8414762269705534,0.8414762269705534,0.1190552714280784,0.0,0.0,0.6666741371154785,20.0,0.7997856317472852,0.7997856317472852,0.0949238730856209,0.0,0.0,0.6501890420913696,True
5,GAP0,GAP,4026,1,4027,24,0.8580500341951847,0.8580500341951847,0.1571284028235822,0.0,0.0,0.6707175374031067,20.0,0.802233364956438,0.802233364956438,0.1466120373119007,0.0,0.0,0.658592700958252,True
6,GAP0,GAP,4026,1,4027,24,0.9062875781208276,0.9062875781208276,0.2033930213190615,0.0,0.0,0.6808064579963684,20.0,0.7951992030971307,0.7951992030971307,0.1953696837602568,0.0,0.0,0.677362859249115,True
7,GAP0,GAP,4026,1,4027,24,0.9186706323176622,0.9186706323176622,0.2411119761876761,0.0,0.0,0.688798725605011,20.0,0.8584073141586682,0.8584073141586682,0.2530418205852351,0.0,0.0,0.6824290752410889,True
1,GAP0,GAP,4026,2,4028,24,2.204749878495932,2.204749878495932,0.8723765792325139,0.0,0.0,0.2815147936344147,20.0,1.4620966290639452,1.4620966290639452,0.2854977538270398,0.0,0.0,0.146390363574028,True
2,GAP0,GAP,4026,2,4028,24,1.3988291129469872,1.3988291129469872,0.1988961988594383,0.0,0.0,0.163485512137413,20.0,1.179697877119395,1.179697877119395,0.0759743030283076,0.0,0.0,0.1981545686721801,True
3,GAP0,GAP,4026,2,4028,24,1.1927079029381276,1.1927079029381276,0.0989407460205256,0.0,0.0,0.304166167974472,20.0,1.0250502386368996,1.0250502386368996,0.0822785488091224,0.0,0.0,0.4770708084106445,True
4,GAP0,GAP,4026,2,4028,24,0.9526211686432362,0.9526211686432362,0.1061728090513497,0.0,0.0,0.6165106892585754,20.0,0.8822849121960726,0.8822849121960726,0.1161135609977501,0.0,0.0,0.681471586227417,True
5,GAP0,GAP,4026,2,4028,24,0.9160002954304218,0.9160002954304218,0.1310792121570557,0.0,0.0,0.6748080253601074,20.0,0.947143304446512,0.947143304446512,0.2049127822079934,0.0,0.0,0.7026559710502625,True
6,GAP0,GAP,4026,2,4028,24,0.8728290390223264,0.8728290390223264,0.1785692668519914,0.0,0.0,0.6989155411720276,20.0,1.068263876536661,1.068263876536661,0.2692447723435962,0.0,0.0,0.6758904457092285,True
1,GAP0,GAP,4026,3,4029,25,2.168769098073244,2.168769098073244,0.8453956803306937,0.0,0.0,0.2757764756679535,20.0,1.4329387412583532,1.4329387412583532,0.2545048449157683,0.0,0.0,0.0986051335930824,True
2,GAP0,GAP,4026,3,4029,25,1.3987843491137029,1.3987843491137029,0.1909467772115022,0.0,0.0,0.1280722469091415,20.0,1.1755450225073445,1.1755450225073445,0.0504593105047694,0.0,0.0,0.11403539031744,True
3,GAP0,GAP,4026,3,4029,25,1.235085117816925,1.235085117816925,0.0915439638774842,0.0,0.0,0.2111208885908126,20.0,1.0734551253397602,1.0734551253397602,0.052686683125486,0.0,0.0,0.3358004987239837,True
4,GAP0,GAP,4026,3,4029,25,1.0211660496890544,1.0211660496890544,0.0975827515125274,0.0,0.0,0.598293125629425,20.0,0.8228560814187547,0.8228560814187547,0.0648815500557668,0.0,0.0,0.6621807813644409,True
5,GAP0,GAP,4026,3,4029,25,0.9076225250959395,0.9076225250959395,0.1080006541218608,0.0,0.0,0.7030009627342224,20.0,0.7672475630586798,0.7672475630586798,0.090480331423854,0.0,0.0,0.6903907656669617,True
6,GAP0,GAP,4026,3,4029,25,0.8357230365276337,0.8357230365276337,0.1401902320329099,0.0,0.0,0.7113307118415833,20.0,0.7786262055073888,0.7786262055073888,0.1290442617841003,0.0,0.0,0.6922324299812317,True
1,GAP0,GAP,4026,4,4030,25,2.1151183620095253,2.1151183620095253,0.7642914991825819,0.0,0.0,0.3030422627925873,20.0,1.4043148962919376,1.4043148962919376,0.226112136540334,0.0,0.0,0.1461232453584671,True
2,GAP0,GAP,4026,4,4030,25,1.3301646657288075,1.3301646657288075,0.1889957021921873,0.0,0.0,0.3049739897251129,20.0,1.0092611096122048,1.0092611096122048,0.0766696102055143,0.0,0.0,0.4783816635608673,True
3,GAP0,GAP,4026,4,4030,25,1.0121505759656428,1.0121505759656428,0.1133186974097043,0.0,0.0,0.6133700609207153,20.0,0.8054860776120966,0.8054860776120966,0.0714733772410834,0.0,0.0,0.6843649744987488,True
4,GAP0,GAP,4026,4,4030,25,0.8861255340278149,0.8861255340278149,0.1148713687434792,0.0,0.0,0.69864821434021,20.0,0.7760078719824799,0.7760078719824799,0.1091309773527886,0.0,0.0,0.7069321274757385,True
5,GAP0,GAP,4026,4,4030,25,0.8862388495355844,0.8862388495355844,0.1498240887653082,0.0,0.0,0.692603349685669,20.0,0.8143878628399747,0.8143878628399747,0.1523824601996043,0.0,0.0,0.695054292678833,True
6,GAP0,GAP,4026,4,4030,25,0.9204819086939096,0.9204819086939096,0.2018829534295946,0.0,0.0,0.6906843185424805,20.0,0.8451053396729399,0.8451053396729399,0.2266415561403124,0.0,0.0,0.701108992099762,True
7,GAP0,GAP,4026,4,4030,25,0.8996256779879331,0.8996256779879331,0.2282709253486246,0.0,0.0,0.7110546231269836,20.0,0.8184287937219478,0.8184287937219478,0.2346199759520775,0.0,0.0,0.7234888672828674,True
1,GAP3,GAP,4026,0,4026,24,2.1152574161717994,2.0524469524621964,0.7106906639412045,0.2512418548384111,242.0,0.2860391438007355,20.0,1.461410237281851,1.4073126976155053,0.2037282051626315,0.2163901586653822,59.0,0.1011365950107574,True
2,GAP3,GAP,4026,0,4026,24,1.4251506314084654,1.3693304136395454,0.1606576811056584,0.2232808710756798,238.0,0.1472129076719284,20.0,1.2203370328291536,1.171202075382895,0.0513552253034489,0.1965398297850358,59.0,0.1544103771448135,True
3,GAP3,GAP,4026,0,4026,24,1.22983669938995,1.1737182036042213,0.097525110701099,0.2244739831429146,239.0,0.3650857508182525,20.0,0.9995716677918364,0.9489005370573564,0.0615046764916378,0.2026845229379201,59.0,0.5125976204872131,True
4,GAP3,GAP,4026,0,4026,24,0.9926520674626976,0.9376559238880872,0.100195494457148,0.2199845742984411,237.0,0.6261293292045593,20.0,0.8523740221934514,0.7997599909128237,0.0657364244549727,0.2104561251225107,59.0,0.6419216990470886,True
5,GAP3,GAP,4026,0,4026,24,0.9456648371887636,0.8902354218065739,0.1140439824201166,0.2217176615287592,241.0,0.6703088283538818,20.0,0.8475023354690024,0.7950015600062599,0.0973892580132839,0.2100031018509703,59.0,0.6417993903160095,True
6,GAP3,GAP,4026,0,4026,24,0.9444321091054988,0.8898234318941831,0.1570685280486941,0.2184347088452632,237.0,0.6709266304969788,20.0,0.8776246389766286,0.8301598641498029,0.1424550892831372,0.1898590993073027,59.0,0.6452698111534119,True
1,GAP3,GAP,4026,1,4027,24,2.171982365093146,2.109763504564762,0.7586480468511582,0.2488754421135346,232.0,0.2999116480350494,20.0,1.472406007640857,1.423675586369412,0.2600807426882184,0.1949216850857803,69.0,0.1550102829933166,True
2,GAP3,GAP,4026,1,4027,24,1.372121418470283,1.3148402489721775,0.2034527528565377,0.2291246779924218,231.0,0.3117276728153229,20.0,1.0312597030134136,0.9822416113427848,0.0831592339129487,0.1960723666825156,69.0,0.4515906870365143,True
3,GAP3,GAP,4026,1,4027,24,1.029253599110698,0.9719022780656814,0.1193584758788347,0.2294052841800659,229.0,0.5910065770149231,20.0,0.8255536099497606,0.7779624403015641,0.0665571129272792,0.1903646785927855,69.0,0.6363682150840759,True
4,GAP3,GAP,4026,1,4027,24,0.8985420100856573,0.8397469487041235,0.1143011557403951,0.2351802455261349,230.0,0.6529602408409119,20.0,0.8348803579797688,0.7877947057574248,0.0889875212730455,0.1883426088893759,69.0,0.6354474425315857,True
5,GAP3,GAP,4026,1,4027,24,0.8949081770333129,0.8396638628095389,0.1444158386904746,0.2209772568950962,227.0,0.6615721583366394,20.0,0.8299704501085213,0.7842219319225343,0.133303615426229,0.1829940727439479,69.0,0.6561675667762756,True
6,GAP3,GAP,4026,1,4027,24,0.9549467508522596,0.9005206421017646,0.1900648663286119,0.2177044350019794,235.0,0.6750216484069824,20.0,0.8401187947559832,0.7940726280212402,0.1804131114285839,0.1841846669389717,69.0,0.6674025654792786,True
7,GAP3,GAP,4026,1,4027,24,0.9630086260459696,0.91068731918931,0.2300368882715702,0.2092852274266382,228.0,0.6883891224861145,20.0,0.8564446864473183,0.8113855251595994,0.2206031071745659,0.1802366451508757,69.0,0.6739065647125244,True
1,GAP3,GAP,4026,2,4028,24,2.269315056014074,2.210476648807526,0.8770184675231576,0.2353536288261923,234.0,0.2808001041412353,20.0,1.5279877706160276,1.468407426983857,0.2903168575822814,0.2383213745286831,52.0,0.148939236998558,True
2,GAP3,GAP,4026,2,4028,24,1.4588154349241207,1.4030674889683723,0.2015687784645706,0.2229917838229937,226.0,0.167417511343956,20.0,1.2408864098290835,1.1824852040976532,0.0780679066934861,0.2336048229257218,52.0,0.2015260905027389,True
3,GAP3,GAP,4026,2,4028,24,1.2531536536443089,1.199446889013052,0.0982132232747972,0.2148270585250271,230.0,0.2962307035923004,20.0,1.0987171102620843,1.0395279773010695,0.0816149592153297,0.2367565318440588,52.0,0.4651637971401214,True
4,GAP3,GAP,4026,2,4028,24,1.020198362696416,0.9651162955909968,0.1054627170786261,0.2203282684216767,231.0,0.6065038442611694,20.0,0.9337585023627646,0.8739167309004413,0.1137726058152096,0.2393670858492931,52.0,0.6820665001869202,True
5,GAP3,GAP,4026,2,4028,24,0.966618446980567,0.910924407467246,0.1306449668947607,0.222776158053284,233.0,0.6745057702064514,20.0,0.9920516076726568,0.9320324871165692,0.1988770533199152,0.2400764822243498,52.0,0.7003377079963684,True
6,GAP3,GAP,4026,2,4028,24,0.9313083431528928,0.8762575581669807,0.1778730051126331,0.2202031399436487,232.0,0.6961422562599182,20.0,1.1320955954637222,1.0701787186063023,0.2668453740679528,0.2476675074296788,52.0,0.6703050136566162,True
1,GAP3,GAP,4026,3,4029,25,2.246440979859898,2.18242302685976,0.850383048504591,0.2560718120005512,232.0,0.2866358458995819,20.0,1.4948463846281197,1.4396614161404695,0.2555414916070039,0.2207398739505986,61.0,0.0960374698042869,True
2,GAP3,GAP,4026,3,4029,25,1.4565351571624532,1.4002388633787632,0.190122208930552,0.2251851751347598,230.0,0.1309388726949691,20.0,1.229507731008291,1.1768517021305305,0.0514715565753377,0.2106241155110421,61.0,0.1150242686271667,True
3,GAP3,GAP,4026,3,4029,25,1.2896504444641743,1.233099242299795,0.0909955343231558,0.2262048086575172,233.0,0.2074764370918274,20.0,1.128349283408303,1.0714178760189654,0.050413747187242,0.2277256295573516,61.0,0.3180380165576935,True
4,GAP3,GAP,4026,3,4029,25,1.076243127756972,1.0202491622418166,0.0970514049753546,0.2239758620606215,233.0,0.5823994278907776,20.0,0.8506270123682507,0.7963956949139429,0.0651820870039384,0.2169252698172311,61.0,0.6561363935470581,True
5,GAP3,GAP,4026,3,4029,25,0.977561589702574,0.920377129688859,0.1050440549850463,0.2287378400548606,239.0,0.7068740725517273,20.0,0.816426283477954,0.7487861947579817,0.0887117639553448,0.2705603548798893,61.0,0.6905801296234131,True
6,GAP3,GAP,4026,3,4029,25,0.8866871747532454,0.8328020349144936,0.1351519495714455,0.2155405593550075,230.0,0.7111711502075195,20.0,0.8205242461031925,0.7681325664205,0.125130607323213,0.2095667187307701,61.0,0.6857108473777771,True
1,GAP3,GAP,4026,4,4030,25,2.1850824930936867,2.118486978858709,0.7661556961014867,0.2663820569399097,213.0,0.3019116222858429,20.0,1.467612708528775,1.4069203227019509,0.2263349499091629,0.2427695433072971,66.0,0.1442397683858871,True
2,GAP3,GAP,4026,4,4030,25,1.398557456561126,1.3357127629220489,0.1877815664280206,0.2513787745563097,215.0,0.2907543182373047,20.0,1.0763885963056492,1.0157266249341412,0.0751682031930478,0.242647885486032,66.0,0.4637017548084259,True
3,GAP3,GAP,4026,4,4030,25,1.07952517922796,1.0158880677074194,0.1132126911077648,0.2545484460821624,217.0,0.6017194390296936,20.0,0.8826289257860791,0.8094532356774511,0.0696798801298969,0.2927027604345119,66.0,0.6765100955963135,True
4,GAP3,GAP,4026,4,4030,25,0.9551220018348602,0.8893961254507303,0.1135151516180485,0.2629035055365192,219.0,0.6922709345817566,20.0,0.830129348978236,0.7697414233664835,0.1049083636011466,0.2415517024470098,66.0,0.7011697292327881,True
5,GAP3,GAP,4026,4,4030,25,0.952547928610834,0.8889142096042633,0.1471954937558621,0.2545348760262828,214.0,0.689530074596405,20.0,0.8683449076462958,0.8088152093335617,0.1485409896728421,0.2381187932509364,66.0,0.690807044506073,True
6,GAP3,GAP,4026,4,4030,25,0.9791423068368728,0.9160765990614892,0.1975868634879589,0.2522628311015351,213.0,0.685297966003418,20.0,0.9029241622433312,0.8397582094531414,0.2214471539559443,0.2526638111607595,66.0,0.693702220916748,True
7,GAP3,GAP,4026,4,4030,25,0.9619057277835528,0.9004818003624677,0.2230325077660381,0.2456957096843401,217.0,0.6984412670135498,20.0,0.8843094504569188,0.8223697124433912,0.2310297862003164,0.2477589520541104,66.0,0.7113432884216309,True
1,LOCAL0,LOCAL,4026,0,4026,24,2.018946746736765,2.018946746736765,0.8107881778851151,0.0,0.0,0.5149452686309814,20.0,1.3302801699677775,1.3302801699677775,0.3881566258501415,0.0,0.0,0.6257006525993347,True
2,LOCAL0,LOCAL,4026,0,4026,24,1.226985652372241,1.226985652372241,0.3375849304720759,0.0,0.0,0.7506311535835266,20.0,0.9896514203922808,0.9896514203922808,0.2507097110275395,0.0,0.0,0.7944183945655823,True
3,LOCAL0,LOCAL,4026,0,4026,24,0.9849362820386888,0.9849362820386888,0.286882209405303,0.0,0.0,0.8289682269096375,20.0,0.8504027610967967,0.8504027610967967,0.2762741687869237,0.0,0.0,0.8331672549247742,True
4,LOCAL0,LOCAL,4026,0,4026,24,0.902641624212265,0.902641624212265,0.3288344694301486,0.0,0.0,0.8492302298545837,20.0,0.8371295805804986,0.8371295805804986,0.35005262198527,0.0,0.0,0.8475565314292908,True
5,LOCAL0,LOCAL,4026,0,4026,24,0.9148405734449624,0.9148405734449624,0.3996090995147824,0.0,0.0,0.8625568747520447,20.0,0.8774550542358525,0.8774550542358525,0.4279763155485973,0.0,0.0,0.8557298183441162,True
6,LOCAL0,LOCAL,4026,0,4026,24,0.9316625464707612,0.9316625464707612,0.4713497379794716,0.0,0.0,0.8684633374214172,20.0,0.9094474251605262,0.9094474251605262,0.4910821741031221,0.0,0.0,0.8651528358459473,True
1,LOCAL0,LOCAL,4026,1,4027,24,2.090874070674181,2.090874070674181,0.9042354946956038,0.0,0.0,0.5562536716461182,20.0,1.349833683534102,1.349833683534102,0.433246006650373,0.0,0.0,0.6089399456977844,True
2,LOCAL0,LOCAL,4026,1,4027,24,1.1791394598782063,1.1791394598782063,0.3557105848565697,0.0,0.0,0.7431811690330505,20.0,0.9252622403389166,0.9252622403389166,0.2302136714300833,0.0,0.0,0.7576645016670227,True
3,LOCAL0,LOCAL,4026,1,4027,24,0.9180106420069932,0.9180106420069932,0.2651549005880952,0.0,0.0,0.8088130354881287,20.0,0.8351048497129078,0.8351048497129078,0.2499984192454125,0.0,0.0,0.8024500012397766,True
4,LOCAL0,LOCAL,4026,1,4027,24,0.8681510630995035,0.8681510630995035,0.3098886435851454,0.0,0.0,0.8287290930747986,20.0,0.8266794533768961,0.8266794533768961,0.3190842394001227,0.0,0.0,0.8143770694732666,True
5,LOCAL0,LOCAL,4026,1,4027,24,0.8768498051911593,0.8768498051911593,0.3852669261395931,0.0,0.0,0.8385854363441467,20.0,0.8673873450145249,0.8673873450145249,0.4085092810559864,0.0,0.0,0.8334291577339172,True
6,LOCAL0,LOCAL,4026,1,4027,24,0.9072323445230722,0.9072323445230722,0.4594405898824334,0.0,0.0,0.8433646559715271,20.0,0.8791292127498911,0.8791292127498911,0.4743571187839035,0.0,0.0,0.8326254487037659,True
1,LOCAL0,LOCAL,4026,2,4028,24,2.2034745909273625,2.2034745909273625,1.005797293037176,0.0,0.0,0.5428029298782349,20.0,1.4305425163142935,1.4305425163142935,0.4682458668700919,0.0,0.0,0.5894944071769714,True
2,LOCAL0,LOCAL,4026,2,4028,24,1.280405506491661,1.280405506491661,0.3868813143111765,0.0,0.0,0.711139440536499,20.0,1.0284814676962608,1.0284814676962608,0.2805109004343837,0.0,0.0,0.7524142265319824,True
3,LOCAL0,LOCAL,4026,2,4028,24,1.009716148674488,1.009716148674488,0.290126185119152,0.0,0.0,0.7905157208442688,20.0,0.9544490999426724,0.9544490999426724,0.3218043298760721,0.0,0.0,0.7834086418151855,True
4,LOCAL0,LOCAL,4026,2,4028,24,0.9362382158637048,0.9362382158637048,0.336732894834131,0.0,0.0,0.8176014423370361,20.0,0.9765968440977996,0.9765968440977996,0.4154469336359954,0.0,0.0,0.8095011115074158,True
5,LOCAL0,LOCAL,4026,2,4028,24,0.9423876408487558,0.9423876408487558,0.4184144137427211,0.0,0.0,0.8317847847938538,20.0,1.0275892098087909,1.0275892098087909,0.5116665708132027,0.0,0.0,0.8205035328865051,True
6,LOCAL0,LOCAL,4026,2,4028,24,1.0073803305625917,1.0073803305625917,0.4966160621494054,0.0,0.0,0.8384320139884949,20.0,1.0601799813183872,1.0601799813183872,0.5914765271273527,0.0,0.0,0.8269529342651367,True
1,LOCAL0,LOCAL,4026,3,4029,25,2.188433080166578,2.188433080166578,0.9892141949385403,0.0,0.0,0.5537077188491821,20.0,1.460041046142578,1.460041046142578,0.4525191032689465,0.0,0.0,0.5705822110176086,True
2,LOCAL0,LOCAL,4026,3,4029,25,1.265213478729129,1.265213478729129,0.3959282889962196,0.0,0.0,0.7443816065788269,20.0,0.971268061763984,0.971268061763984,0.2295322932980277,0.0,0.0,0.7593726515769958,True
3,LOCAL0,LOCAL,4026,3,4029,25,0.999461118876934,0.999461118876934,0.2871883116662502,0.0,0.0,0.8082988858222961,20.0,0.9193802544893313,0.9193802544893313,0.2331499427187541,0.0,0.0,0.7695514559745789,True
4,LOCAL0,LOCAL,4026,3,4029,25,0.9472912959754468,0.9472912959754468,0.3124810147099197,0.0,0.0,0.8278460502624512,20.0,0.8330378759005839,0.8330378759005839,0.2863625284930891,0.0,0.0,0.8174887299537659,True
5,LOCAL0,LOCAL,4026,3,4029,25,0.9387347351759672,0.9387347351759672,0.3763214626349508,0.0,0.0,0.8419052958488464,20.0,0.846590392353121,0.846590392353121,0.3557509503458157,0.0,0.0,0.8293330073356628,True
6,LOCAL0,LOCAL,4026,3,4029,25,0.919663467630744,0.919663467630744,0.4354809375479817,0.0,0.0,0.8487676978111267,20.0,0.8671062596080717,0.8671062596080717,0.4259978571583417,0.0,0.0,0.8334921002388,True
1,LOCAL0,LOCAL,4026,4,4030,25,2.09464411213994,2.09464411213994,0.911678039841354,0.0,0.0,0.5760191082954407,20.0,1.3649827586717842,1.3649827586717842,0.411174963328464,0.0,0.0,0.6533227562904358,True
2,LOCAL0,LOCAL,4026,4,4030,25,1.1997710820287466,1.1997710820287466,0.3556609869003296,0.0,0.0,0.7686895728111267,20.0,0.9460711626967124,0.9460711626967124,0.2489259875387199,0.0,0.0,0.7938869595527649,True
3,LOCAL0,LOCAL,4026,4,4030,25,0.9512230914086104,0.9512230914086104,0.2811040472239255,0.0,0.0,0.8221611976623535,20.0,0.8714343831558858,0.8714343831558858,0.2751918954790131,0.0,0.0,0.818187415599823,True
4,LOCAL0,LOCAL,4026,4,4030,25,0.8873011250048876,0.8873011250048876,0.326445822417736,0.0,0.0,0.8376915454864502,20.0,0.8320323093370958,0.8320323093370958,0.345801386951415,0.0,0.0,0.8327491879463196,True
5,LOCAL0,LOCAL,4026,4,4030,25,0.9168810419738292,0.9168810419738292,0.3946974412538111,0.0,0.0,0.8478451371192932,20.0,0.8876204057173296,0.8876204057173296,0.4134963641851401,0.0,0.0,0.8415685296058655,True
6,LOCAL0,LOCAL,4026,4,4030,25,0.9616395860910416,0.9616395860910416,0.4577964650467038,0.0,0.0,0.853979766368866,20.0,0.9060370180725066,0.9060370180725066,0.4808825399141666,0.0,0.0,0.8437314629554749,True
1,LOCAL3,LOCAL,4026,0,4026,24,2.07552326367254,2.026252644509077,0.8154103569686413,0.1970824766538514,242.0,0.5045738220214844,20.0,1.3728257017131853,1.3378314006427103,0.382234750700391,0.1399772042818999,59.0,0.6034117341041565,True
2,LOCAL3,LOCAL,4026,0,4026,24,1.2762156330546004,1.2390181049704552,0.3342272493056953,0.148790112336581,238.0,0.7364431023597717,20.0,1.0244611984809973,0.9925145639860926,0.2425102596440591,0.1277865379796189,59.0,0.7911888957023621,True
3,LOCAL3,LOCAL,4026,0,4026,24,1.0253227082635938,0.9889049284160136,0.2789169541560113,0.1456711193903205,239.0,0.8259184956550598,20.0,0.882784127806379,0.8506000027183659,0.267398635094816,0.1287365003520528,59.0,0.8332712054252625,True
4,LOCAL3,LOCAL,4026,0,4026,24,0.9279682159409092,0.8941100619733333,0.3188470397144556,0.1354326158703033,237.0,0.8465818762779236,20.0,0.8486241236747385,0.8163989782333374,0.3352408156660962,0.1289005817656042,59.0,0.8463631272315979,True
5,LOCAL3,LOCAL,4026,0,4026,24,0.9343516235826228,0.9008110824972392,0.3850228547118604,0.1341621643415347,241.0,0.856459379196167,20.0,0.884796252789924,0.8556035870362905,0.4071873896870731,0.1167706630145341,59.0,0.8514583110809326,True
6,LOCAL3,LOCAL,4026,0,4026,24,0.9500563001181568,0.9183625351637602,0.4555077850818634,0.1267750598175867,237.0,0.8607112765312195,20.0,0.9273822305507372,0.8978243248521789,0.4688482774683267,0.1182316227942326,59.0,0.8530557751655579,True
1,LOCAL3,LOCAL,4026,1,4027,24,2.138599485204934,2.0919094935059546,0.9069589169695972,0.1867599667959188,232.0,0.5478686690330505,20.0,1.393841723922396,1.359973214874583,0.4341923904813025,0.1354740361912527,69.0,0.5836251974105835,True
2,LOCAL3,LOCAL,4026,1,4027,24,1.2208288967015737,1.1846852235496044,0.3530174866318702,0.1445746926078774,231.0,0.7282805442810059,20.0,0.9867546419363306,0.9457395017639664,0.2292920353491444,0.1640605606894562,69.0,0.73293137550354,True
3,LOCAL3,LOCAL,4026,1,4027,24,0.9657833844935724,0.929853155463934,0.2652580098249018,0.1437209161185541,229.0,0.7998204827308655,20.0,0.8735560079219312,0.8396949117833917,0.2461348446932706,0.135444384554158,69.0,0.7933261394500732,True
4,LOCAL3,LOCAL,4026,1,4027,24,0.9084681865430194,0.8694243535399437,0.3068332372233271,0.1561753320123028,230.0,0.8173431754112244,20.0,0.8636449236474201,0.8327779434929209,0.3134838899305044,0.1234679206179967,69.0,0.8011731505393982,True
5,LOCAL3,LOCAL,4026,1,4027,24,0.9181898450823542,0.8856736823916436,0.3834242012351751,0.1300646507628426,227.0,0.8265499472618103,20.0,0.9050772314662152,0.8708891090282724,0.4025273884623503,0.1367524897517717,69.0,0.8208224773406982,True
6,LOCAL3,LOCAL,4026,1,4027,24,0.9466365735700472,0.9140224847942592,0.4578256102278829,0.1304563551031528,235.0,0.8328617215156555,20.0,0.9110969549462384,0.881899012021782,0.4695309154258286,0.1167917716978252,69.0,0.8221220374107361,True
1,LOCAL3,LOCAL,4026,2,4028,24,2.271168805476533,2.2177189856767656,1.010199634730816,0.2137992791990693,234.0,0.5252965688705444,20.0,1.4772523979178898,1.434588424430406,0.4735670483801976,0.170655893949935,52.0,0.5863825678825378,True
2,LOCAL3,LOCAL,4026,2,4028,24,1.3243815540356676,1.2858008183538914,0.3816635302267969,0.1543229427271052,226.0,0.6987566351890564,20.0,1.068096238471158,1.0245191794781645,0.2709159033357604,0.1743082359719734,52.0,0.7397451400756836,True
3,LOCAL3,LOCAL,4026,2,4028,24,1.038899074782334,1.0030198372900485,0.2781605072319507,0.1435169499691413,230.0,0.7784693837165833,20.0,0.9865073002709072,0.9444381087279516,0.3068334120364228,0.1682767661718222,52.0,0.7733696103096008,True
4,LOCAL3,LOCAL,4026,2,4028,24,0.961447376499025,0.9265785951167343,0.3185179534368217,0.1394751255291623,231.0,0.8072366714477539,20.0,0.999327182145292,0.9612963357247596,0.3945860301167512,0.1521233856821289,52.0,0.8024212718009949,True
5,LOCAL3,LOCAL,4026,2,4028,24,0.9586787361257946,0.9242667384445667,0.39376584244892,0.1376479907249112,233.0,0.827934741973877,20.0,1.0407160791858276,1.0036247751929543,0.4870929501273415,0.1483652159714928,52.0,0.8161312937736511,True
6,LOCAL3,LOCAL,4026,2,4028,24,1.0170432880634224,0.9850364055484532,0.4712439560331404,0.1280275300598767,232.0,0.8341550827026367,20.0,1.083975881359804,1.0474303615979912,0.5730211360395447,0.1461820790472512,52.0,0.82277911901474,True
1,LOCAL3,LOCAL,4026,3,4029,25,2.2577206633282536,2.2092336148023604,1.0001112582162022,0.1939481941035724,232.0,0.5414416790008545,20.0,1.5007655767868011,1.4584811157431483,0.454472278267884,0.1691378441746117,61.0,0.5549760460853577,True
2,LOCAL3,LOCAL,4026,3,4029,25,1.3067639385775218,1.268923531472683,0.3921269995160401,0.1513616284193552,230.0,0.7323721051216125,20.0,1.00516399575223,0.9645526172700992,0.2210351545209727,0.1624455139285228,61.0,0.7477743029594421,True
3,LOCAL3,LOCAL,4026,3,4029,25,1.034252091714325,0.997450053319335,0.2830383293330669,0.1472081535799596,233.0,0.80409836769104,20.0,0.9454765817867924,0.9088921921312316,0.2263744853991122,0.1463375586222429,61.0,0.7721162438392639,True
4,LOCAL3,LOCAL,4026,3,4029,25,0.9742277332297786,0.9396745521575212,0.3073101369664073,0.1382127242890294,233.0,0.8236625790596008,20.0,0.8678357632835912,0.8295322208365133,0.2796022042262652,0.1532141697883117,61.0,0.8180943131446838,True
5,LOCAL3,LOCAL,4026,3,4029,25,0.9693325326207122,0.935910589620471,0.3709612554870546,0.1336877720009644,239.0,0.8391733765602112,20.0,0.8775252820079792,0.8390175094289228,0.3511970043182373,0.1540310903162252,61.0,0.8299179077148438,True
6,LOCAL3,LOCAL,4026,3,4029,25,0.9549123537407824,0.9217188686132431,0.4338033526204526,0.132773940510157,230.0,0.847018301486969,20.0,0.9054076975106649,0.8683929711826577,0.4264016897102032,0.1480589053120281,61.0,0.8320192694664001,True
7,LOCAL3,LOCAL,4026,3,4029,25,1.0149593705663624,0.9815468169748784,0.494054508768022,0.133650214365936,236.0,0.8457362651824951,20.0,1.012065852804988,0.9783307905039512,0.4910229091063018,0.134940249204147,61.0,0.8044195175170898,True
1,LOCAL3,LOCAL,4026,4,4030,25,2.1468643997913937,2.0966751337051392,0.9100869668647646,0.2007570643450172,213.0,0.5720570683479309,20.0,1.414215141170358,1.3679473222779834,0.4127564858799138,0.1850712755694985,66.0,0.6536881923675537,True
2,LOCAL3,LOCAL,4026,4,4030,25,1.240136380621427,1.1998555190861224,0.3559675928205251,0.161123446141218,215.0,0.7705767154693604,20.0,0.9889349513841132,0.9499815047279864,0.2485399656305628,0.1558137866245074,66.0,0.7936764359474182,True
3,LOCAL3,LOCAL,4026,4,4030,25,0.9908225396907704,0.9518096152693032,0.2808668052777648,0.1560516976858682,217.0,0.8240129351615906,20.0,0.917067611672128,0.8740492743894088,0.2732012275575606,0.1720733491308761,66.0,0.818005383014679,True
4,LOCAL3,LOCAL,4026,4,4030,25,0.9226468270304335,0.8861527144908905,0.3245772263966501,0.1459764501581725,219.0,0.8374008536338806,20.0,0.8747354203709414,0.8311737238868209,0.3419376148049496,0.174246785936482,66.0,0.8346166014671326,True
5,LOCAL3,LOCAL,4026,4,4030,25,0.9521455265007148,0.9145065151154996,0.3922669581137598,0.1505560455408608,214.0,0.8475301861763,20.0,0.9233609109131758,0.8844152753018151,0.4101634479997572,0.1557825424454429,66.0,0.8380746841430664,True
6,LOCAL3,LOCAL,4026,4,4030,25,0.9921150532293138,0.9567550398409368,0.4554218661040067,0.1414400535535084,213.0,0.8538011908531189,20.0,0.9412180677090948,0.9000833059145399,0.477443046252097,0.1645390471782196,66.0,0.8454833030700684,True
1,GAP0,GAP,5026,0,5026,24,2.1586049094796183,2.1586049094796183,0.8055316645652055,0.0,0.0,0.3202764093875885,20.0,1.3831903037946087,1.3831903037946087,0.1938832862810655,0.0,0.0,0.0959135591983795,True
2,GAP0,GAP,5026,0,5026,24,1.3694573029875756,1.3694573029875756,0.1617289974819868,0.0,0.0,0.135180726647377,20.0,1.1672714859986109,1.1672714859986109,0.0424152010482204,0.0,0.0,0.1285534054040908,True
3,GAP0,GAP,5026,0,5026,24,1.1993986010551452,1.1993986010551452,0.087712276331149,0.0,0.0,0.2732748687267303,20.0,0.9596456890263834,0.9596456890263834,0.0508983658611281,0.0,0.0,0.4375289380550384,True
4,GAP0,GAP,5026,0,5026,24,0.954422729089856,0.954422729089856,0.0978715097997337,0.0,0.0,0.6300930380821228,20.0,0.7815055418605646,0.7815055418605646,0.058039883628857,0.0,0.0,0.6492424011230469,True
5,GAP0,GAP,5026,0,5026,24,0.8451255638152361,0.8451255638152361,0.106547008594498,0.0,0.0,0.677734911441803,20.0,0.8207381146013244,0.8207381146013244,0.079890687911471,0.0,0.0,0.6336182951927185,True
6,GAP0,GAP,5026,0,5026,24,0.8443580117076636,0.8443580117076636,0.139445558656007,0.0,0.0,0.6737349629402161,20.0,0.9074915480022588,0.9074915480022588,0.1150568375779577,0.0,0.0,0.6072259545326233,True
1,GAP0,GAP,5026,1,5027,24,2.2541059873998166,2.2541059873998166,0.918057968467474,0.0,0.0,0.3129025995731354,20.0,1.5112217979982865,1.5112217979982865,0.3224507144167403,0.0,0.0,0.1194209530949592,True
2,GAP0,GAP,5026,1,5027,24,1.4295957930386067,1.4295957930386067,0.2343423443846404,0.0,0.0,0.1752429455518722,20.0,1.1753101545917102,1.1753101545917102,0.0769160524133808,0.0,0.0,0.1991553455591201,True
3,GAP0,GAP,5026,1,5027,24,1.1507497385144234,1.1507497385144234,0.1186056195292621,0.0,0.0,0.4290279448032379,20.0,0.9018637838442464,0.9018637838442464,0.0712595535211326,0.0,0.0,0.5983447432518005,True
4,GAP0,GAP,5026,1,5027,24,0.937368282303214,0.937368282303214,0.1133144949097186,0.0,0.0,0.6856704354286194,20.0,0.7815230533111194,0.7815230533111194,0.0852426299132591,0.0,0.0,0.6781167984008789,True
5,GAP0,GAP,5026,1,5027,24,0.8799106676131487,0.8799106676131487,0.1348127096425742,0.0,0.0,0.7005483508110046,20.0,0.8034583975460904,0.8034583975460904,0.1317165489039145,0.0,0.0,0.6888710856437683,True
6,GAP0,GAP,5026,1,5027,24,0.863908226788044,0.863908226788044,0.1750931067857891,0.0,0.0,0.7065062522888184,20.0,0.8362983209042509,0.8362983209042509,0.1761844259155683,0.0,0.0,0.6924455165863037,True
7,GAP0,GAP,5026,1,5027,24,0.8637091748416423,0.8637091748416423,0.2081839095801115,0.0,0.0,0.7092375159263611,20.0,0.8170056727306902,0.8170056727306902,0.2184497553947543,0.0,0.0,0.6952694058418274,True
1,GAP0,GAP,5026,2,5028,24,2.1241058975458147,2.1241058975458147,0.7779820680618286,0.0,0.0,0.2736506760120392,20.0,1.4639660110158368,1.4639660110158368,0.2581035716474549,0.0,0.0,0.1287110894918441,True
2,GAP0,GAP,5026,2,5028,24,1.3917302392423152,1.3917302392423152,0.1840772853698581,0.0,0.0,0.1533633917570114,20.0,1.1811810396919566,1.1811810396919566,0.0784816366335577,0.0,0.0,0.1927326321601867,True
3,GAP0,GAP,5026,2,5028,24,1.1755946811288596,1.1755946811288596,0.1059554510051384,0.0,0.0,0.3494920432567596,20.0,0.9483586579314932,0.9483586579314932,0.0802733606912873,0.0,0.0,0.5481228232383728,True
4,GAP0,GAP,5026,2,5028,24,0.9389392763376236,0.9389392763376236,0.1039356342516839,0.0,0.0,0.6171767711639404,20.0,0.8844647427235753,0.8844647427235753,0.1039952986742839,0.0,0.0,0.6637319922447205,True
5,GAP0,GAP,5026,2,5028,24,0.8566676922142505,0.8566676922142505,0.1197547923307865,0.0,0.0,0.6614989638328552,20.0,0.8853197166742373,0.8853197166742373,0.1571237095131361,0.0,0.0,0.6768915057182312,True
6,GAP0,GAP,5026,2,5028,24,0.8652078114449978,0.8652078114449978,0.1556066542398184,0.0,0.0,0.6655887961387634,20.0,0.9415115364326918,0.9415115364326918,0.2072615293431873,0.0,0.0,0.6745893359184265,True
1,GAP0,GAP,5026,3,5029,25,2.2433453790843485,2.2433453790843485,0.9309505626559258,0.0,0.0,0.3460041582584381,20.0,1.476052847775546,1.476052847775546,0.3290267049773665,0.0,0.0,0.2803542912006378,True
2,GAP0,GAP,5026,3,5029,25,1.2946846269071102,1.2946846269071102,0.2751706114038825,0.0,0.0,0.5068825483322144,20.0,0.94319133866917,0.94319133866917,0.1180751401900259,0.0,0.0,0.6141605377197266,True
3,GAP0,GAP,5026,3,5029,25,0.9814031947404146,0.9814031947404146,0.1565114986617118,0.0,0.0,0.6871800422668457,20.0,0.8269935063094147,0.8269935063094147,0.1108611759937499,0.0,0.0,0.6919923424720764,True
4,GAP0,GAP,5026,3,5029,25,0.921325346454978,0.921325346454978,0.1802273273002356,0.0,0.0,0.7082989811897278,20.0,0.8277562753228117,0.8277562753228117,0.1581601839789674,0.0,0.0,0.6923463940620422,True
5,GAP0,GAP,5026,3,5029,25,0.9304754931479692,0.9304754931479692,0.2169168675784021,0.0,0.0,0.6939708590507507,20.0,0.8256960289537414,0.8256960289537414,0.1896266283944618,0.0,0.0,0.6735437512397766,True
6,GAP0,GAP,5026,3,5029,25,0.924233528599143,0.924233528599143,0.2411800261121243,0.0,0.0,0.6909420490264893,20.0,0.8249055472287264,0.8249055472287264,0.2205330539833415,0.0,0.0,0.680476188659668,True
7,GAP0,GAP,5026,3,5029,25,0.9226394578814506,0.9226394578814506,0.2707978686317801,0.0,0.0,0.7076682448387146,20.0,0.8410180698741566,0.8410180698741566,0.2618728390902527,0.0,0.0,0.7004764676094055,True
1,GAP0,GAP,5026,4,5030,25,2.1385428443551064,2.1385428443551064,0.8253456445410847,0.0,0.0,0.320392370223999,20.0,1.3997658077350332,1.3997658077350332,0.2673107693510607,0.0,0.0,0.2002331465482711,True
2,GAP0,GAP,5026,4,5030,25,1.2819471590220928,1.2819471590220928,0.2193340501748025,0.0,0.0,0.3925193548202514,20.0,0.9635704982379252,0.9635704982379252,0.1024175916821503,0.0,0.0,0.5568965077400208,True
3,GAP0,GAP,5026,4,5030,25,0.9722137730568648,0.9722137730568648,0.1438710624817759,0.0,0.0,0.6443111896514893,20.0,0.8234774682147443,0.8234774682147443,0.106774666831513,0.0,0.0,0.6664682030677795,True
4,GAP0,GAP,5026,4,5030,25,0.8932815834879875,0.8932815834879875,0.1585443790070712,0.0,0.0,0.671675980091095,20.0,0.8375289435229025,0.8375289435229025,0.1560815982828455,0.0,0.0,0.6929709911346436,True
5,GAP0,GAP,5026,4,5030,25,0.884367223829031,0.884367223829031,0.2054016619455069,0.0,0.0,0.6954780220985413,20.0,0.8304640345336977,0.8304640345336977,0.2162115668708628,0.0,0.0,0.6935897469520569,True
6,GAP0,GAP,5026,4,5030,25,0.8973952032625675,0.8973952032625675,0.2504631769377738,0.0,0.0,0.7167642712593079,20.0,0.8367049526577154,0.8367049526577154,0.2522638634709287,0.0,0.0,0.7226986885070801,True
1,GAP3,GAP,5026,0,5026,24,2.226621947770279,2.1641392379999163,0.8080326613038779,0.24993083908145,240.0,0.3153183460235595,20.0,1.442811943485233,1.385583380037103,0.1938510662760616,0.2289142537925202,59.0,0.0933182165026664,True
2,GAP3,GAP,5026,0,5026,24,1.4274089289630982,1.3682702668011189,0.1590226485393941,0.2365546486479171,235.0,0.1352606117725372,20.0,1.223957581445314,1.1672946500384118,0.0416900587599139,0.2266517256276082,59.0,0.1286895424127578,True
3,GAP3,GAP,5026,0,5026,24,1.256340403773604,1.197691983729601,0.0871903430437669,0.234593680176012,235.0,0.2674886584281921,20.0,1.005002562212337,0.9509346632918052,0.0484289594671943,0.216271595682128,59.0,0.4212946891784668,True
4,GAP3,GAP,5026,0,5026,24,1.0164228697024829,0.9581686362624168,0.0985754002816975,0.2330169337602634,234.0,0.6204904913902283,20.0,0.8254254917315549,0.7705777144629108,0.0608921398000776,0.2193911090745764,59.0,0.6463158130645752,True
5,GAP3,GAP,5026,0,5026,24,0.9096476668861344,0.8519466791301966,0.1091634479817003,0.2308039510237516,237.0,0.6706805229187012,20.0,0.9411033616500531,0.8809212840293065,0.0840975938996007,0.2407283104829869,59.0,0.6181179285049438,True
6,GAP3,GAP,5026,0,5026,24,0.92380892729598,0.8662092622369528,0.1448663339484483,0.2303986602361087,238.0,0.6717093586921692,20.0,1.0004527636335745,0.9395782750500136,0.1183675544813644,0.2434979543342428,59.0,0.610837996006012,True
1,GAP3,GAP,5026,1,5027,24,2.3225451635376677,2.2599814414978026,0.9245568431913852,0.2502548881594587,233.0,0.3091375827789306,20.0,1.575457435156822,1.5194356303569698,0.326898580740306,0.2240872191994086,69.0,0.1112646758556366,True
2,GAP3,GAP,5026,1,5027,24,1.4986879353387097,1.438915478438139,0.2343243024777621,0.2390898276022818,229.0,0.154809296131134,20.0,1.237513968092342,1.1897146199360369,0.074139578775926,0.1911973926252213,69.0,0.1564087867736816,True
3,GAP3,GAP,5026,1,5027,24,1.2660192439636295,1.208507169038057,0.1085032716859132,0.2300482997022893,230.0,0.3063720762729645,20.0,1.0269883846232069,0.9785837033563408,0.0643924755498397,0.1936187250674634,69.0,0.4817624092102051,True
4,GAP3,GAP,5026,1,5027,24,1.0312977486968458,0.9740172032266856,0.1091066499240696,0.2291221818806411,232.0,0.6424207091331482,20.0,0.8591560979102354,0.8053353680066826,0.0793499561134448,0.2152829196142113,69.0,0.6580987572669983,True
5,GAP3,GAP,5026,1,5027,24,0.9410534862472872,0.8843895420432091,0.124306022748351,0.2266557768163123,233.0,0.6832455992698669,20.0,0.8363358011974116,0.7880262565021673,0.1159744904307294,0.1932381787809772,69.0,0.6695659160614014,True
6,GAP3,GAP,5026,1,5027,24,0.9096277820817256,0.8502685841172933,0.160355976363644,0.2374367918577287,231.0,0.6886385083198547,20.0,0.8543994349181778,0.806856575091023,0.1651056810351442,0.1901714393086191,69.0,0.6784626841545105,True
1,GAP3,GAP,5026,2,5028,24,2.2141160989290016,2.150785016268492,0.8013137711212039,0.2533243306420386,229.0,0.276530772447586,20.0,1.5400526682361844,1.479156381827741,0.2715190264804304,0.2435851456337751,52.0,0.1212270334362983,True
2,GAP3,GAP,5026,2,5028,24,1.457964154898756,1.4010567896068096,0.1876151236705482,0.2276294611677851,230.0,0.1401603668928146,20.0,1.2507871948106353,1.1893571703887182,0.0737770292754015,0.2457200976876685,52.0,0.1595672518014907,True
3,GAP3,GAP,5026,2,5028,24,1.2698665414521575,1.2141589477658272,0.0983560188673436,0.2228303747453214,231.0,0.2642887830734253,20.0,1.071683521300611,1.0103118109308984,0.0710027161215947,0.2454868414788507,52.0,0.4552649259567261,True
4,GAP3,GAP,5026,2,5028,24,1.0369217122308263,0.9791336268186568,0.0999360431917011,0.2311523416486782,231.0,0.5897344946861267,20.0,0.9477345317404222,0.8816534423631085,0.0936766373963395,0.2643243575092548,52.0,0.6662812232971191,True
5,GAP3,GAP,5026,2,5028,24,0.9227657239155276,0.8656603761017323,0.1147253578994423,0.2284213912551817,230.0,0.6632673144340515,20.0,0.9568627936411348,0.8917452481167376,0.139979752627286,0.2604701820975886,52.0,0.6854645609855652,True
6,GAP3,GAP,5026,2,5028,24,0.923486153135562,0.8668490536510944,0.149769837828353,0.2265483979378705,230.0,0.6653562188148499,20.0,1.001984721700201,0.9406266596691668,0.1998618043158665,0.2454322481241364,52.0,0.6707091331481934,True
7,GAP3,GAP,5026,2,5028,24,0.9528003378674902,0.8943239990621805,0.1941700783558189,0.2339053552212386,232.0,0.6578906774520874,20.0,1.0038491740974658,0.9420385656277996,0.2249066398656072,0.2472424338786648,52.0,0.6721097826957703,True
1,GAP3,GAP,5026,3,5029,25,2.340088638278615,2.262245003134012,0.9343297766521572,0.3113745405784119,230.0,0.3409088850021362,20.0,1.5433998932516109,1.4896460269108291,0.3122640926975849,0.2150154653631273,61.0,0.2141159176826477,True
2,GAP3,GAP,5026,3,5029,25,1.404594257538453,1.3473411239683628,0.2607543283142149,0.22901253428036,231.0,0.4039479792118072,20.0,1.0573723133617567,1.0039639103511149,0.1137352599954802,0.2136336120425677,61.0,0.523444652557373,True
3,GAP3,GAP,5026,3,5029,25,1.05714325984504,0.9990003764629364,0.1514555692207068,0.2325715335284141,235.0,0.6421348452568054,20.0,0.8858985020206854,0.8264794009776155,0.1060120202908831,0.2376764041722798,61.0,0.6690430045127869,True
4,GAP3,GAP,5026,3,5029,25,0.9668616675791758,0.9081834405660628,0.1656476322561502,0.2347129080524516,233.0,0.6935924887657166,20.0,0.8865400851136251,0.8322425528991321,0.1440279010898811,0.2171901288579722,61.0,0.6727092266082764,True
5,GAP3,GAP,5026,3,5029,25,0.9739653682793844,0.9163764614611865,0.2028147517703473,0.2303556272727919,232.0,0.6780226826667786,20.0,0.8696895921626819,0.8165980971549168,0.1745471626766457,0.2123659800310604,61.0,0.6537268757820129,True
6,GAP3,GAP,5026,3,5029,25,0.9768192243927906,0.9198984850198032,0.2282241298351436,0.2276829574919498,232.0,0.6800257563591003,20.0,0.8611691822880184,0.8091284824796945,0.2047627591643451,0.2081627992332959,61.0,0.6764404773712158,True
1,GAP3,GAP,5026,4,5030,25,2.2161530448115268,2.1494965769350527,0.834613992087543,0.2666258715058959,218.0,0.3252512812614441,20.0,1.4724880765620671,1.4134015189714668,0.2798702899089529,0.2363462303624008,66.0,0.2047107219696045,True
2,GAP3,GAP,5026,4,5030,25,1.3517170430084162,1.2903420582413674,0.2255848324857652,0.2454999390681949,218.0,0.3899309337139129,20.0,1.025234013139052,0.964932525946089,0.1059234279000069,0.2412059487718524,66.0,0.5489052534103394,True
3,GAP3,GAP,5026,4,5030,25,1.0359457691648493,0.974297584593296,0.1449275297578424,0.2465927382862126,216.0,0.6357536911964417,20.0,0.8761243686726518,0.8184777596765314,0.1069364311281314,0.2305864359844814,66.0,0.6622151136398315,True
4,GAP3,GAP,5026,4,5030,25,0.9531678180675952,0.893509391695261,0.1568010645918548,0.2386337054893374,220.0,0.6663962006568909,20.0,0.8909702627629699,0.8321990178636283,0.1534442734127202,0.2350849795973662,66.0,0.6876855492591858,True
5,GAP3,GAP,5026,4,5030,25,0.9483068401619078,0.8878879602998495,0.2036826198920607,0.2416755194482329,219.0,0.689300537109375,20.0,0.90876921616782,0.8513867456065721,0.2266210795434053,0.2295298822449915,66.0,0.6874971389770508,True
6,GAP3,GAP,5026,4,5030,25,0.9680601531433688,0.908908111229539,0.2517477220855653,0.2366081676553196,217.0,0.7076290249824524,20.0,0.9018526642580744,0.8404289961846407,0.2465410476381128,0.2456946722937352,66.0,0.7095822691917419,True
7,GAP3,GAP,5026,4,5030,25,0.979802997091915,0.9182067479938268,0.2764502731151879,0.2463849963923526,215.0,0.7188106179237366,20.0,0.93372815393794,0.8775005636136394,0.3001304539767178,0.2249103612972028,66.0,0.7162322998046875,True
1,LOCAL0,LOCAL,5026,0,5026,24,2.202211271226406,2.202211271226406,0.979931948147714,0.0,0.0,0.5121213793754578,20.0,1.4174797869910878,1.4174797869910878,0.4469099906850452,0.0,0.0,0.568325936794281,True
2,LOCAL0,LOCAL,5026,0,5026,24,1.2667884930968285,1.2667884930968285,0.3660489680245519,0.0,0.0,0.7020160555839539,20.0,0.9688204871721504,0.9688204871721504,0.25309247899154,0.0,0.0,0.7667236328125,True
3,LOCAL0,LOCAL,5026,0,5026,24,0.9809329610317944,0.9809329610317944,0.2735395533964038,0.0,0.0,0.7932512760162354,20.0,0.9098287934114124,0.9098287934114124,0.2646478965016436,0.0,0.0,0.7895539402961731,True
4,LOCAL0,LOCAL,5026,0,5026,24,0.9085057903081178,0.9085057903081178,0.3119203627109527,0.0,0.0,0.8221883773803711,20.0,0.8852572352433008,0.8852572352433008,0.3342516432123736,0.0,0.0,0.8031452298164368,True
5,LOCAL0,LOCAL,5026,0,5026,24,0.8969879668205977,0.8969879668205977,0.379755293764174,0.0,0.0,0.830974280834198,20.0,0.8578738131798989,0.8578738131798989,0.4027040925892917,0.0,0.0,0.8203614354133606,True
6,LOCAL0,LOCAL,5026,0,5026,24,0.9080592352896928,0.9080592352896928,0.4360214879736304,0.0,0.0,0.832986056804657,20.0,0.8919978516160949,0.8919978516160949,0.4519815770062533,0.0,0.0,0.825232744216919,True
1,LOCAL0,LOCAL,5026,1,5027,24,2.206353039294481,2.206353039294481,1.007737473398447,0.0,0.0,0.5233098268508911,20.0,1.4541477487106953,1.4541477487106953,0.4961004483798318,0.0,0.0,0.5854642987251282,True
2,LOCAL0,LOCAL,5026,1,5027,24,1.291512842476368,1.291512842476368,0.4195538468658924,0.0,0.0,0.7412407994270325,20.0,0.9947605802993144,0.9947605802993144,0.286337901245464,0.0,0.0,0.7773143649101257,True
3,LOCAL0,LOCAL,5026,1,5027,24,1.0039744935929775,1.0039744935929775,0.320952882245183,0.0,0.0,0.8224192261695862,20.0,0.8834731184746608,0.8834731184746608,0.2948353310261876,0.0,0.0,0.8167975544929504,True
4,LOCAL0,LOCAL,5026,1,5027,24,0.9417178642004728,0.9417178642004728,0.361387026682496,0.0,0.0,0.8406865000724792,20.0,0.8675146851657836,0.8675146851657836,0.3706376680657883,0.0,0.0,0.8351556658744812,True
5,LOCAL0,LOCAL,5026,1,5027,24,0.9365668430924416,0.9365668430924416,0.443824262637645,0.0,0.0,0.8512921333312988,20.0,0.8861928271853234,0.8861928271853234,0.4497664900850658,0.0,0.0,0.8369843363761902,True
6,LOCAL0,LOCAL,5026,1,5027,24,0.9797848999500276,0.9797848999500276,0.5138596104457974,0.0,0.0,0.8496338725090027,20.0,0.933450210192972,0.933450210192972,0.5269676791734932,0.0,0.0,0.8443275094032288,True
1,LOCAL0,LOCAL,5026,2,5028,24,2.154017601907253,2.154017601907253,0.8942074615508318,0.0,0.0,0.4472323954105377,20.0,1.4792236237486531,1.4792236237486531,0.3993035402179749,0.0,0.0,0.4609900414943695,True
2,LOCAL0,LOCAL,5026,2,5028,24,1.3338753648102284,1.3338753648102284,0.3602936021052301,0.0,0.0,0.6396318078041077,20.0,1.0997089088455705,1.0997089088455705,0.2856682519282191,0.0,0.0,0.7238941788673401,True
3,LOCAL0,LOCAL,5026,2,5028,24,1.0435119554400445,1.0435119554400445,0.3014712072908878,0.0,0.0,0.793188750743866,20.0,0.959188715485502,0.959188715485502,0.3116241516160571,0.0,0.0,0.8028731346130371,True
4,LOCAL0,LOCAL,5026,2,5028,24,0.9658991247415544,0.9658991247415544,0.3355191958136856,0.0,0.0,0.8365049362182617,20.0,0.9639593175620088,0.9639593175620088,0.378014316736174,0.0,0.0,0.8207516670227051,True
5,LOCAL0,LOCAL,5026,2,5028,24,0.948162630572915,0.948162630572915,0.3964966619387269,0.0,0.0,0.8519046902656555,20.0,0.9424570148641412,0.9424570148641412,0.4541481058459636,0.0,0.0,0.842240035533905,True
6,LOCAL0,LOCAL,5026,2,5028,24,0.9841601129621268,0.9841601129621268,0.4712195308879018,0.0,0.0,0.857994019985199,20.0,1.0698565018078512,1.0698565018078512,0.5279191564922491,0.0,0.0,0.8270642161369324,True
1,LOCAL0,LOCAL,5026,3,5029,25,2.2492593199014665,2.2492593199014665,0.9896251887083054,0.0,0.0,0.4509161412715912,20.0,1.487290222782734,1.487290222782734,0.406525298583606,0.0,0.0,0.4305615127086639,True
2,LOCAL0,LOCAL,5026,3,5029,25,1.3358900532126428,1.3358900532126428,0.3787078037858009,0.0,0.0,0.653540313243866,20.0,1.023040332084845,1.023040332084845,0.2076680521088198,0.0,0.0,0.6902954578399658,True
3,LOCAL0,LOCAL,5026,3,5029,25,1.0247592873871327,1.0247592873871327,0.2680573016405105,0.0,0.0,0.7832228541374207,20.0,0.8529327122633122,0.8529327122633122,0.2116389422377279,0.0,0.0,0.7939949035644531,True
4,LOCAL0,LOCAL,5026,3,5029,25,0.9474473178386688,0.9474473178386688,0.3025728954002261,0.0,0.0,0.8180975914001465,20.0,0.837471094505846,0.837471094505846,0.2622655361028742,0.0,0.0,0.8104518055915833,True
5,LOCAL0,LOCAL,5026,3,5029,25,0.9452195774763824,0.9452195774763824,0.3615012343972921,0.0,0.0,0.8334591388702393,20.0,0.863381172014662,0.863381172014662,0.3325244788049666,0.0,0.0,0.8158164620399475,True
6,LOCAL0,LOCAL,5026,3,5029,25,0.940371037647128,0.940371037647128,0.4211016362532973,0.0,0.0,0.8390912413597107,20.0,0.8446363279642153,0.8446363279642153,0.3852026756883652,0.0,0.0,0.8249447345733643,True
1,LOCAL0,LOCAL,5026,4,5030,25,2.144716462492943,2.144716462492943,1.0317206736654043,0.0,0.0,0.6568414568901062,20.0,1.4261760563889812,1.4261760563889812,0.5438575653497838,0.0,0.0,0.713202178478241,True
2,LOCAL0,LOCAL,5026,4,5030,25,1.268215809389949,1.268215809389949,0.4661243414506316,0.0,0.0,0.7836001515388489,20.0,1.050922547982744,1.050922547982744,0.3497467931390793,0.0,0.0,0.7901944518089294,True
3,LOCAL0,LOCAL,5026,4,5030,25,1.0539407651871442,1.0539407651871442,0.3828355048783123,0.0,0.0,0.8281075358390808,20.0,0.9691479393273346,0.9691479393273346,0.3882930719655407,0.0,0.0,0.8169026970863342,True
4,LOCAL0,LOCAL,5026,4,5030,25,1.0084888819605111,1.0084888819605111,0.4288309703581035,0.0,0.0,0.8406414985656738,20.0,0.9832472027825916,0.9832472027825916,0.4650588783104558,0.0,0.0,0.8331416249275208,True
5,LOCAL0,LOCAL,5026,4,5030,25,1.0011166270822287,1.0011166270822287,0.4910079460591078,0.0,0.0,0.8525105118751526,20.0,1.00284973599694,1.00284973599694,0.5344293387221896,0.0,0.0,0.8383665084838867,True
6,LOCAL0,LOCAL,5026,4,5030,25,1.035782089456916,1.035782089456916,0.5461071634665131,0.0,0.0,0.8629446029663086,20.0,1.0411095629053668,1.0411095629053668,0.5945589527610905,0.0,0.0,0.8431107401847839,True
1,LOCAL3,LOCAL,5026,0,5026,24,2.2655560082105994,2.2112813867628573,0.9845652889460326,0.2170984857909692,240.0,0.4959857165813446,20.0,1.4690519337178254,1.4292460079035485,0.4302497429788605,0.1592237032571081,59.0,0.5164189338684082,True
2,LOCAL3,LOCAL,5026,0,5026,24,1.319081430942157,1.275973579287529,0.3591556321829557,0.172431406618512,235.0,0.6698915362358093,20.0,1.01389851553465,0.9745074840616588,0.2472446349041521,0.1575641258919643,59.0,0.7473532557487488,True
3,LOCAL3,LOCAL,5026,0,5026,24,1.026733562521676,0.9853610925376416,0.2659469211474061,0.1654898799361383,235.0,0.7767102718353271,20.0,0.9289707399313504,0.9004490267146718,0.2543877217887847,0.1140868528667142,59.0,0.7831442952156067,True
4,LOCAL3,LOCAL,5026,0,5026,24,0.9421573981621828,0.9007035471498966,0.3022194175980985,0.1658154040491447,234.0,0.8131937384605408,20.0,0.9204643280890468,0.8849939694089338,0.3225321162584399,0.1418814347204515,59.0,0.7969105839729309,True
5,LOCAL3,LOCAL,5026,0,5026,24,0.9217558849046896,0.8814321495592594,0.3666671187616884,0.1612949413817203,237.0,0.8245847225189209,20.0,0.8780145438033542,0.846824277531017,0.3869885009182386,0.124761065089349,59.0,0.8101226687431335,True
6,LOCAL3,LOCAL,5026,0,5026,24,0.9376975536111648,0.8997820612043143,0.4233402054756879,0.1516619696274024,238.0,0.8238428235054016,20.0,0.9072528181410776,0.876950831452677,0.4351436481002934,0.1212079467536029,59.0,0.8167319297790527,True
7,LOCAL3,LOCAL,5026,0,5026,24,0.9677426403713374,0.9301486909389496,0.4701208147220314,0.1503757977295511,240.0,0.8274067044258118,20.0,0.934310287990679,0.9058989089382582,0.4741361781585315,0.1136455162096831,59.0,0.8266890048980713,True
1,LOCAL3,LOCAL,5026,1,5027,24,2.2621416336398115,2.212720665335655,1.0116161800920964,0.1976838732166256,233.0,0.5150880813598633,20.0,1.5049602311731411,1.4696584141944065,0.4978736437056675,0.1412072679149391,69.0,0.568109929561615,True
2,LOCAL3,LOCAL,5026,1,5027,24,1.348746837924263,1.3063851326704026,0.4202741345390677,0.169446821015442,229.0,0.7193136811256409,20.0,1.0449749289522736,1.010589501089301,0.2834695956923745,0.1375417114518906,69.0,0.7574321627616882,True
3,LOCAL3,LOCAL,5026,1,5027,24,1.0422340822649068,1.005611937865615,0.3170175050385296,0.1464885775971671,230.0,0.8099440932273865,20.0,0.8994151537853001,0.8662939997743969,0.2877028687926363,0.132484616043613,69.0,0.8149101138114929,True
4,LOCAL3,LOCAL,5026,1,5027,24,0.9820646279802594,0.9451051395386456,0.353781521320343,0.1478379537664546,232.0,0.832653820514679,20.0,0.8978532602805731,0.8585258623785224,0.3586411082054958,0.157309591608203,69.0,0.8265292048454285,True
5,LOCAL3,LOCAL,5026,1,5027,24,0.9701264670830172,0.9361203618347644,0.4361224353313446,0.1360244209930108,233.0,0.8437638878822327,20.0,0.9152412602279936,0.886044281573335,0.4410781535235318,0.1167879146186337,69.0,0.8272249698638916,True
6,LOCAL3,LOCAL,5026,1,5027,24,1.0148914317088402,0.9811688162386416,0.5082054962404072,0.1348904618807943,231.0,0.8421294093132019,20.0,0.964825912924984,0.9297618304402376,0.5186628980084884,0.1402563299389853,69.0,0.8370139002799988,True
7,LOCAL3,LOCAL,5026,1,5027,24,1.0352527895790484,1.0027343317866326,0.5638525255955755,0.1300738311696635,230.0,0.8457331657409668,20.0,1.0323666737695498,1.0022692049830413,0.5795977371783296,0.1203898751460339,69.0,0.8256707191467285,True
1,LOCAL3,LOCAL,5026,2,5028,24,2.215257742563588,2.162994994223118,0.9082283226773142,0.2090509933618804,229.0,0.4526983201503753,20.0,1.5279897411560517,1.483349746909023,0.4027660198448118,0.1785599769881138,52.0,0.4682383239269256,True
2,LOCAL3,LOCAL,5026,2,5028,24,1.3649460828225333,1.3269944101572038,0.3625434190034866,0.1518066906613176,230.0,0.6354025602340698,20.0,1.1521059137614218,1.1066063327237594,0.2779384511561433,0.1819983241506494,52.0,0.6978349685668945,True
3,LOCAL3,LOCAL,5026,2,5028,24,1.094595423754147,1.0583560902625322,0.2952771543525159,0.1449573339664607,231.0,0.7600681781768799,20.0,1.0130828540360417,0.9787801385911044,0.3049320627835171,0.1372108617797494,52.0,0.7698330879211426,True
4,LOCAL3,LOCAL,5026,2,5028,24,1.0053142647736693,0.9738688584417104,0.3297661528922617,0.1257816253278356,231.0,0.8162457346916199,20.0,1.0020911057099424,0.96631118975395,0.3721889799291437,0.1431196638239691,52.0,0.8003003001213074,True
5,LOCAL3,LOCAL,5026,2,5028,24,0.9862888547303358,0.9509535185992718,0.3870603926479816,0.1413413445242559,230.0,0.8355076909065247,20.0,1.0083536151596757,0.9551962476131344,0.4519367814064026,0.2126294701861647,52.0,0.8246343731880188,True
6,LOCAL3,LOCAL,5026,2,5028,24,1.0138233511212646,0.9759087152779102,0.4606173275969922,0.1516585433734175,230.0,0.843403160572052,20.0,1.108888510461288,1.0682787225266133,0.5248281778382861,0.1624391517386986,52.0,0.808393657207489,True
1,LOCAL3,LOCAL,5026,3,5029,25,2.345768460155586,2.2795373111963277,0.9991647981107236,0.2649245958370359,230.0,0.4353655874729156,20.0,1.5652086580840423,1.5092495433555162,0.3826983906020803,0.223836458914104,61.0,0.3709725439548492,True
2,LOCAL3,LOCAL,5026,3,5029,25,1.4204376115461657,1.3795042388141154,0.3669552020728588,0.1637334909282012,231.0,0.5933241844177246,20.0,1.1010269173420966,1.0572091341018677,0.1985814082474748,0.1752711329609155,61.0,0.6479114294052124,True
3,LOCAL3,LOCAL,5026,3,5029,25,1.094352487662926,1.0578073810786008,0.2641385027207434,0.1461804263373004,235.0,0.7652614116668701,20.0,0.9185902892259632,0.8826105983789302,0.2053753034142423,0.1439187633881314,61.0,0.7863535284996033,True
4,LOCAL3,LOCAL,5026,3,5029,25,0.9931129043798418,0.9579533986747264,0.2968242381699383,0.1406380228204612,233.0,0.8136216998100281,20.0,0.8914924836271505,0.8554327684985704,0.2570288717007834,0.1442388605143203,61.0,0.8040787577629089,True
5,LOCAL3,LOCAL,5026,3,5029,25,0.9782230061590812,0.943178502097726,0.3565472277812659,0.1401780162454213,232.0,0.8281309604644775,20.0,0.8886964046660343,0.8516344846772753,0.3265841525694555,0.1482476799550359,61.0,0.8231515288352966,True
6,LOCAL3,LOCAL,5026,3,5029,25,0.9807614137623298,0.9471889097243548,0.4194946118630469,0.1342900161519004,232.0,0.8347685933113098,20.0,0.8799459586363998,0.8415070604686895,0.3818877899696019,0.1537555926708413,61.0,0.8271963000297546,True
7,LOCAL3,LOCAL,5026,3,5029,25,1.0181482073287236,0.984757610782981,0.4779783113859593,0.1335623861829701,228.0,0.8405755162239075,20.0,0.9325279307667702,0.8936018325573156,0.4425705123908263,0.1557043928378185,61.0,0.8409941792488098,True
1,LOCAL3,LOCAL,5026,4,5030,25,2.207755055971905,2.155176071077585,1.0289657657966018,0.2103159395772793,218.0,0.6369695663452148,20.0,1.4806881431299683,1.437943545254794,0.5387522105343086,0.1709783915006979,66.0,0.6927452087402344,True
2,LOCAL3,LOCAL,5026,4,5030,25,1.3177814719134753,1.2799808118492364,0.4624817064031958,0.1512026402569555,218.0,0.7680106163024902,20.0,1.090726396101001,1.0526501738335476,0.3405720155593777,0.1523048890698136,66.0,0.7840352058410645,True
3,LOCAL3,LOCAL,5026,4,5030,25,1.0902629852529908,1.0525183040648698,0.3731309656053782,0.1509787247524838,216.0,0.8220968842506409,20.0,1.0162670629633943,0.9696327713895436,0.3736316683617505,0.1865371662954038,66.0,0.8124940395355225,True
4,LOCAL3,LOCAL,5026,4,5030,25,1.0372702614658258,1.0006614908576013,0.4134205231443048,0.1464350824328986,220.0,0.8355373740196228,20.0,1.0194859563362766,0.9770737088416234,0.4447984963901772,0.1696489899786132,66.0,0.82790207862854,True
5,LOCAL3,LOCAL,5026,4,5030,25,1.0257152908486973,0.9911832984536886,0.4732243712991476,0.1381279695800348,219.0,0.8491656184196472,20.0,1.027210897826346,0.989965030969667,0.5166116031733426,0.1489834674267154,66.0,0.8360756039619446,True
6,LOCAL3,LOCAL,5026,4,5030,25,1.05236183893435,1.016057899594307,0.5273340964689851,0.1452157573601711,217.0,0.8593464493751526,20.0,1.089499476765983,1.0409567444777683,0.5818247415802695,0.1941709291528571,66.0,0.8358981013298035,True
1,GAP0,GAP,6026,0,6026,24,2.1624063685536385,2.1624063685536385,0.8092371512204408,0.0,0.0,0.3002374768257141,20.0,1.4470958364896538,1.4470958364896538,0.26187642965435,0.0,0.0,0.1076905354857444,True
2,GAP0,GAP,6026,0,6026,24,1.388963882625103,1.388963882625103,0.1892784326337278,0.0,0.0,0.1395646631717682,20.0,1.177835861020837,1.177835861020837,0.0638954230268632,0.0,0.0,0.1394615918397903,True
3,GAP0,GAP,6026,0,6026,24,1.207565511018038,1.207565511018038,0.0973889918532222,0.0,0.0,0.2542480528354645,20.0,1.0012337176267765,1.0012337176267765,0.0641158577516551,0.0,0.0,0.3943788111209869,True
4,GAP0,GAP,6026,0,6026,24,0.950123033300042,0.950123033300042,0.1096221728716045,0.0,0.0,0.6276493072509766,20.0,0.8120562212526306,0.8120562212526306,0.079614886198162,0.0,0.0,0.668250560760498,True
5,GAP0,GAP,6026,0,6026,24,0.8716392293572426,0.8716392293572426,0.1344201909843832,0.0,0.0,0.6777451634407043,20.0,0.859013074193119,0.859013074193119,0.1315199207545312,0.0,0.0,0.639979898929596,True
6,GAP0,GAP,6026,0,6026,24,0.8309216953814029,0.8309216953814029,0.1831912328954786,0.0,0.0,0.7132997512817383,20.0,0.7545398030399291,0.7545398030399291,0.1729066262929892,0.0,0.0,0.7187955975532532,True
1,GAP0,GAP,6026,1,6027,24,2.0889390341937544,2.0889390341937544,0.7442989971488714,0.0,0.0,0.2855378091335296,20.0,1.3872123217779744,1.3872123217779744,0.2075884953018062,0.0,0.0,0.1547596901655197,True
2,GAP0,GAP,6026,1,6027,24,1.3327280208468435,1.3327280208468435,0.1839992008171975,0.0,0.0,0.2831710875034332,20.0,1.0439947587399443,1.0439947587399443,0.0743822784216935,0.0,0.0,0.4013084471225738,True
3,GAP0,GAP,6026,1,6027,24,1.0040523879230023,1.0040523879230023,0.1181442482862621,0.0,0.0,0.5740012526512146,20.0,0.8161546671686094,0.8161546671686094,0.0641403640351019,0.0,0.0,0.6278938055038452,True
4,GAP0,GAP,6026,1,6027,24,0.8791515033692121,0.8791515033692121,0.1158595480956137,0.0,0.0,0.6696181297302246,20.0,0.7656452173043874,0.7656452173043874,0.0911527948438628,0.0,0.0,0.6638988852500916,True
5,GAP0,GAP,6026,1,6027,24,0.853642039746046,0.853642039746046,0.1502604802139103,0.0,0.0,0.6763885021209717,20.0,0.7774315028151205,0.7774315028151205,0.1338992590500303,0.0,0.0,0.6704511046409607,True
6,GAP0,GAP,6026,1,6027,24,0.8710039149969816,0.8710039149969816,0.1887591013219207,0.0,0.0,0.6850685477256775,20.0,0.7926103034295326,0.7926103034295326,0.169741137707529,0.0,0.0,0.6577109098434448,True
7,GAP0,GAP,6026,1,6027,24,0.9076296348124744,0.9076296348124744,0.2267097952775657,0.0,0.0,0.6813847422599792,20.0,0.8705734950451811,0.8705734950451811,0.2258438539406485,0.0,0.0,0.659031331539154,True
1,GAP0,GAP,6026,2,6028,24,2.2602258451282977,2.2602258451282977,0.9343914229422808,0.0,0.0,0.2697239518165588,20.0,1.539648387057722,1.539648387057722,0.3445977376512259,0.0,0.0,0.0959348380565643,True
2,GAP0,GAP,6026,2,6028,24,1.4564919568598271,1.4564919568598271,0.2461669185664504,0.0,0.0,0.1205716133117675,20.0,1.21770291091982,1.21770291091982,0.0929874185441939,0.0,0.0,0.1136901900172233,True
3,GAP0,GAP,6026,2,6028,24,1.2621059902012348,1.2621059902012348,0.1082635069731623,0.0,0.0,0.1595997661352157,20.0,1.0923405274871951,1.0923405274871951,0.0641885541441026,0.0,0.0,0.2723330557346344,True
4,GAP0,GAP,6026,2,6028,24,1.0276415012776852,1.0276415012776852,0.1068201054818928,0.0,0.0,0.5023006200790405,20.0,0.8546541141084403,0.8546541141084403,0.0848415412070337,0.0,0.0,0.6081876754760742,True
5,GAP0,GAP,6026,2,6028,24,0.8632111798971891,0.8632111798971891,0.1133501627016812,0.0,0.0,0.6341297030448914,20.0,0.830998147814727,0.830998147814727,0.1285880648892773,0.0,0.0,0.6524882912635803,True
6,GAP0,GAP,6026,2,6028,24,0.907961232215166,0.907961232215166,0.1492223366629332,0.0,0.0,0.6592409610748291,20.0,1.0058303628086058,1.0058303628086058,0.2045995154656654,0.0,0.0,0.623680830001831,True
7,GAP0,GAP,6026,2,6028,24,0.9376819793134928,0.9376819793134928,0.2166219893377274,0.0,0.0,0.6705891489982605,20.0,1.0887781115602857,1.0887781115602857,0.2854422069778127,0.0,0.0,0.6226609945297241,True
1,GAP0,GAP,6026,3,6029,25,2.195824936777353,2.195824936777353,0.8656450536102056,0.0,0.0,0.2828437983989715,20.0,1.4580209452258657,1.4580209452258657,0.2582799658056133,0.0,0.0,0.1163074597716331,True
2,GAP0,GAP,6026,3,6029,25,1.3938191138207912,1.3938191138207912,0.1985182487405836,0.0,0.0,0.1884331107139587,20.0,1.1480944230536785,1.1480944230536785,0.0679845128300761,0.0,0.0,0.2480048686265945,True
3,GAP0,GAP,6026,3,6029,25,1.1063968405127524,1.1063968405127524,0.1196844843681901,0.0,0.0,0.4815429449081421,20.0,0.8575479398089006,0.8575479398089006,0.0689486894787343,0.0,0.0,0.5796481966972351,True
4,GAP0,GAP,6026,3,6029,25,0.8870431024581193,0.8870431024581193,0.1187094701919704,0.0,0.0,0.6604503989219666,20.0,0.7731835044119969,0.7731835044119969,0.0937414850947285,0.0,0.0,0.6618886590003967,True
5,GAP0,GAP,6026,3,6029,25,0.8658640693873167,0.8658640693873167,0.1524222175125032,0.0,0.0,0.6916421055793762,20.0,0.7667911476340176,0.7667911476340176,0.138276711968351,0.0,0.0,0.6657523512840271,True
6,GAP0,GAP,6026,3,6029,25,0.8550772119313479,0.8550772119313479,0.19361701044254,0.0,0.0,0.6919170022010803,20.0,0.8003095546044594,0.8003095546044594,0.1703075140345195,0.0,0.0,0.6722250580787659,True
1,GAP0,GAP,6026,4,6030,25,2.336334256082773,2.336334256082773,0.9302961081266404,0.0,0.0,0.3048692643642425,20.0,1.5113754233052907,1.5113754233052907,0.2788662651846231,0.0,0.0,0.088272787630558,True
2,GAP0,GAP,6026,4,6030,25,1.4439801536500454,1.4439801536500454,0.2149143965914845,0.0,0.0,0.1346717625856399,20.0,1.1943505785681985,1.1943505785681985,0.0614807157477071,0.0,0.0,0.1057182475924491,True
3,GAP0,GAP,6026,4,6030,25,1.24290998801589,1.24290998801589,0.0906311540631577,0.0,0.0,0.1877044439315796,20.0,1.103420820117982,1.103420820117982,0.0405426359743126,0.0,0.0,0.2677126228809356,True
4,GAP0,GAP,6026,4,6030,25,1.023688891157508,1.023688891157508,0.0926096163224428,0.0,0.0,0.573877215385437,20.0,0.8246644843708385,0.8246644843708385,0.0520108188233099,0.0,0.0,0.6121160387992859,True
5,GAP0,GAP,6026,4,6030,25,0.8432968996465207,0.8432968996465207,0.0890810192096978,0.0,0.0,0.6921855807304382,20.0,0.9786388391305592,0.9786388391305592,0.0636109764849351,0.0,0.0,0.6062985062599182,True
6,GAP0,GAP,6026,4,6030,25,0.820434532314539,0.820434532314539,0.1170704103540629,0.0,0.0,0.7249632477760315,20.0,0.8742766400014074,0.8742766400014074,0.1065217404326131,0.0,0.0,0.6821913123130798,True
7,GAP0,GAP,6026,4,6030,25,0.7625429950654506,0.7625429950654506,0.1613420103676617,0.0,0.0,0.7706409096717834,20.0,0.8121061896489672,0.8121061896489672,0.1587162030137275,0.0,0.0,0.734768807888031,True
1,GAP3,GAP,6026,0,6026,24,2.234843619632267,2.17112642750144,0.818142008036375,0.2548687685233073,233.0,0.2966019809246063,20.0,1.5054229278459732,1.4501113123144984,0.2660348508968826,0.2212464621258994,59.0,0.1092788651585578,True
2,GAP3,GAP,6026,0,6026,24,1.447222851264102,1.3890706203877925,0.1902052242774516,0.2326089235052387,235.0,0.1414513140916824,20.0,1.2304313620462406,1.1769497714752009,0.0638829370852836,0.2139263622841592,59.0,0.1434424519538879,True
3,GAP3,GAP,6026,0,6026,24,1.2674286984700005,1.2091006964445117,0.0951319106854498,0.2333120081019549,242.0,0.2480014115571975,20.0,1.0649345725595258,1.0123716937608955,0.0595954404759013,0.2102515151945211,59.0,0.3759597837924957,True
4,GAP3,GAP,6026,0,6026,24,1.0104568116910786,0.9520327121019364,0.1069888114463537,0.2336963983565694,238.0,0.6090969443321228,20.0,0.8461846544269417,0.7949791570340307,0.0763176358805215,0.204821989571644,59.0,0.6606522798538208,True
5,GAP3,GAP,6026,0,6026,24,0.9059633259120856,0.8507328633219003,0.1271025650668889,0.2209218503607405,236.0,0.6660299301147461,20.0,0.8456137649464993,0.7929737878239844,0.1186779382800267,0.2105599084900597,59.0,0.6508172750473022,True
6,GAP3,GAP,6026,0,6026,24,0.9011090034953296,0.8392002746462822,0.1713305576238781,0.247634915396189,234.0,0.7005613446235657,20.0,0.8479091922317751,0.793083976615559,0.1718921940927663,0.2193008624648643,59.0,0.6803629398345947,True
7,GAP3,GAP,6026,0,6026,24,0.8737394564867585,0.8116394523531199,0.219825125625357,0.2484000165345548,237.0,0.7444103360176086,20.0,0.8352075434233908,0.7818706143986095,0.199589889096327,0.2133477160991248,59.0,0.7366356253623962,True
1,GAP3,GAP,6026,1,6027,24,2.1618043216067275,2.1015066169202328,0.7542655764147639,0.2411908187459786,233.0,0.2825921773910522,20.0,1.4398114515272376,1.3909750763049795,0.2115489781395463,0.1953455008890317,69.0,0.1542761772871017,True
2,GAP3,GAP,6026,1,6027,24,1.3932055725876311,1.3357088685035703,0.1861923573072999,0.2299868163362435,231.0,0.2811638712882995,20.0,1.099655031279338,1.050991486419331,0.0728859709314078,0.1946541794400284,69.0,0.3944271504878998,True
3,GAP3,GAP,6026,1,6027,24,1.066778201578538,1.0097117383033036,0.1168749022763222,0.228265853100938,232.0,0.5689623951911926,20.0,0.8704762968406168,0.8203886067571718,0.063054843628702,0.2003507603337799,69.0,0.6231643557548523,True
4,GAP3,GAP,6026,1,6027,24,0.93743223080461,0.8796707168221474,0.1144783553667366,0.2310460559298507,226.0,0.667975127696991,20.0,0.8138650523261948,0.7648292843960534,0.0894027730403852,0.1961430717205655,69.0,0.6580849289894104,True
5,GAP3,GAP,6026,1,6027,24,0.9060097991164936,0.8518485397100448,0.1474630093201994,0.2166450376257948,230.0,0.6721343398094177,20.0,0.8131567833164088,0.7649979694815706,0.1298127346787571,0.1926352553393529,69.0,0.6678996086120605,True
6,GAP3,GAP,6026,1,6027,24,0.9236224971582568,0.8687179956585169,0.1848622787743807,0.219618005998959,230.0,0.6820278763771057,20.0,0.8394420621453723,0.7914363658132632,0.1681668928339461,0.1920227853284365,69.0,0.6562021374702454,True
7,GAP3,GAP,6026,1,6027,24,0.9637927300839656,0.907765968516469,0.225156620843336,0.2241070462699865,229.0,0.6796806454658508,20.0,0.9138093201758344,0.864094360800814,0.2239795871509993,0.1988598375000815,69.0,0.6559839844703674,True
1,GAP3,GAP,6026,2,6028,24,2.324403953975978,2.266220009326935,0.942439952492714,0.2327357785961715,231.0,0.2723497450351715,20.0,1.6042957498797217,1.5442894086364871,0.3509723021964396,0.2400253649729375,52.0,0.0999730750918388,True
2,GAP3,GAP,6026,2,6028,24,1.5123670457134342,1.4574477143585682,0.2482698302716016,0.2196773254194634,229.0,0.1279244720935821,20.0,1.274813855010316,1.2145817388187756,0.0921110997884726,0.2409284647661619,52.0,0.1254413276910781,True
3,GAP3,GAP,6026,2,6028,24,1.3127506953823376,1.2590487010776996,0.1086181859020143,0.2148079772185518,231.0,0.1784917712211609,20.0,1.1445586630225375,1.0845362494799715,0.0646010230888019,0.2400896541702632,52.0,0.2889654040336609,True
4,GAP3,GAP,6026,2,6028,24,1.080201854101758,1.025976964086294,0.1058894954621791,0.2168995600618552,228.0,0.5172847509384155,20.0,0.8909230692561455,0.8258089354215574,0.0835250454131236,0.2604565353383525,52.0,0.6394088864326477,True
5,GAP3,GAP,6026,2,6028,24,0.9096552022809395,0.8538983333855867,0.1133688393980264,0.2230274755814116,231.0,0.6523301601409912,20.0,0.8813037837912356,0.81977712122862,0.1273635335205015,0.2461066502504623,52.0,0.6688129305839539,True
6,GAP3,GAP,6026,2,6028,24,0.9629186004010865,0.9092510182410478,0.1517424019984901,0.2146703286401542,232.0,0.6726343035697937,20.0,1.0024325423939089,0.9395051435990768,0.2026462655914716,0.2517095951793285,52.0,0.6439037919044495,True
7,GAP3,GAP,6026,2,6028,24,0.986135786658396,0.9312155846506356,0.2189304754603654,0.2196808080310407,230.0,0.6735942959785461,20.0,1.0684720899698108,1.0059344522223983,0.2833958674560893,0.250150550989649,52.0,0.6548270583152771,True
1,GAP3,GAP,6026,3,6029,25,2.261089556511396,2.198584168404341,0.8686282988637686,0.2500215524282211,234.0,0.2785020172595978,20.0,1.5100801287942185,1.457761391135287,0.2585405448744119,0.2092749506357263,61.0,0.1168678328394889,True
2,GAP3,GAP,6026,3,6029,25,1.4498182421645676,1.3921041920781136,0.1973311167676001,0.2308562003458157,234.0,0.1907911151647567,20.0,1.2019957546494238,1.1482849219613824,0.0670975968549566,0.2148433307521655,61.0,0.2484830170869827,True
3,GAP3,GAP,6026,3,6029,25,1.1689586465064326,1.112993730604649,0.1178098125383257,0.2238596636071351,232.0,0.4683596193790436,20.0,0.9107396583320276,0.85684295281891,0.0678406780170015,0.2155868220524709,61.0,0.5702990889549255,True
4,GAP3,GAP,6026,3,6029,25,0.9477077383051724,0.8915734987705946,0.1153876550961285,0.2245369581383113,228.0,0.652068555355072,20.0,0.8292922851617064,0.7765914906154979,0.0906996528410221,0.2108031781848336,61.0,0.652637779712677,True
5,GAP3,GAP,6026,3,6029,25,0.9251099534372896,0.8706710811704397,0.1481130882631987,0.2177554890673993,232.0,0.6866559982299805,20.0,0.8443804450928428,0.7899611370622619,0.1348784695233195,0.2176772321223235,61.0,0.6509424448013306,True
6,GAP3,GAP,6026,3,6029,25,0.8993531624867894,0.8456243291497231,0.188632718520239,0.2149153333482653,229.0,0.6883581280708313,20.0,0.8541574371059304,0.7994972664462633,0.1610051195237262,0.2186406826386686,61.0,0.6650965213775635,True
1,GAP3,GAP,6026,4,6030,25,2.420482665123503,2.353479954600334,0.9483342699706554,0.268010842092677,218.0,0.3096041083335876,20.0,1.5914835315402955,1.5307520874275649,0.2906351853008113,0.242925776450923,66.0,0.0844733938574791,True
2,GAP3,GAP,6026,4,6030,25,1.5237144356202248,1.459865716844797,0.2193483410868793,0.2553948751017111,219.0,0.1319825798273086,20.0,1.261675452146443,1.1999107884966638,0.0622410505763755,0.2470586545991175,66.0,0.1013202592730522,True
3,GAP3,GAP,6026,4,6030,25,1.3152877703233548,1.2541705325245858,0.0893875067820772,0.2444689511950757,222.0,0.1593100428581237,20.0,1.186202080353335,1.1268925080614642,0.0348728578383764,0.2372382891674836,66.0,0.2065794020891189,True
4,GAP3,GAP,6026,4,6030,25,1.1427150542038345,1.0799928668886425,0.0865208919392898,0.2508887492607687,214.0,0.5123365521430969,20.0,0.9203131260663352,0.8608237460625073,0.0489912322175896,0.2379575200153119,66.0,0.5979337692260742,True
5,GAP3,GAP,6026,4,6030,25,0.8967741427985636,0.8374022737145423,0.0872700251173228,0.237487476336085,219.0,0.6944627165794373,20.0,1.0027358033501903,0.9445617652136432,0.0571983441833622,0.232696152546189,66.0,0.615566074848175,True
6,GAP3,GAP,6026,4,6030,25,0.8803644131283797,0.821535125747323,0.1056140279164537,0.2353171495242266,218.0,0.7358410358428955,20.0,0.9629682147511108,0.9063354415341842,0.0907643793289326,0.2265310928677067,66.0,0.6747716069221497,True
7,GAP3,GAP,6026,4,6030,25,0.8215467706245771,0.7622502170503139,0.1449470551218837,0.2371862142970529,218.0,0.7823359370231628,20.0,0.8389064504793196,0.7833752957257357,0.1365609787219812,0.2221246190143354,66.0,0.7454962730407715,True
1,LOCAL0,LOCAL,6026,0,6026,24,2.126787919551134,2.126787919551134,0.9179325809702276,0.0,0.0,0.527669370174408,20.0,1.3949484687206173,1.3949484687206173,0.4244407750358266,0.0,0.0,0.5791730880737305,True
2,LOCAL0,LOCAL,6026,0,6026,24,1.2483406201004985,1.2483406201004985,0.3566024008207023,0.0,0.0,0.7051568031311035,20.0,0.9741683897893292,0.9741683897893292,0.2540520207941039,0.0,0.0,0.7605483531951904,True
3,LOCAL0,LOCAL,6026,0,6026,24,0.9939898248761893,0.9939898248761893,0.2877612339332699,0.0,0.0,0.7916622161865234,20.0,0.8612640716812827,0.8612640716812827,0.2785863781517202,0.0,0.0,0.7974600791931152,True
4,LOCAL0,LOCAL,6026,0,6026,24,0.9706006422638892,0.9706006422638892,0.3375944160856307,0.0,0.0,0.8104631900787354,20.0,0.954625978942745,0.954625978942745,0.3592639668913912,0.0,0.0,0.8104860782623291,True
5,LOCAL0,LOCAL,6026,0,6026,24,0.971066091954708,0.971066091954708,0.4123498013243079,0.0,0.0,0.8386898636817932,20.0,0.952814544527984,0.952814544527984,0.4422440044889765,0.0,0.0,0.836794376373291,True
6,LOCAL0,LOCAL,6026,0,6026,24,0.9716530703008176,0.9716530703008176,0.4727840641513466,0.0,0.0,0.8567461967468262,20.0,0.9610722882688538,0.9610722882688538,0.5229367566995384,0.0,0.0,0.857327938079834,True
1,LOCAL0,LOCAL,6026,1,6027,24,2.0616883002221584,2.0616883002221584,0.8554898828268052,0.0,0.0,0.4911383092403412,20.0,1.362199556729025,1.362199556729025,0.3751540903217536,0.0,0.0,0.5618112683296204,True
2,LOCAL0,LOCAL,6026,1,6027,24,1.2237555511295797,1.2237555511295797,0.3371355312876403,0.0,0.0,0.6931607127189636,20.0,0.956147680597857,0.956147680597857,0.229478604044796,0.0,0.0,0.7539947032928467,True
3,LOCAL0,LOCAL,6026,1,6027,24,0.9681412432342767,0.9681412432342767,0.2767947411164641,0.0,0.0,0.8051633834838867,20.0,0.9114160508163704,0.9114160508163704,0.2589282496901583,0.0,0.0,0.7902324199676514,True
4,LOCAL0,LOCAL,6026,1,6027,24,0.8981647904962301,0.8981647904962301,0.3238908895291388,0.0,0.0,0.8325316905975342,20.0,0.8483675491711324,0.8483675491711324,0.3280388259690655,0.0,0.0,0.8282003998756409,True
5,LOCAL0,LOCAL,6026,1,6027,24,0.8957077845931053,0.8957077845931053,0.38713617939502,0.0,0.0,0.8452560305595398,20.0,0.8511429680280449,0.8511429680280449,0.4021115687267839,0.0,0.0,0.8373783230781555,True
6,LOCAL0,LOCAL,6026,1,6027,24,0.9281651057302952,0.9281651057302952,0.465203530807048,0.0,0.0,0.8518204689025879,20.0,0.8734749338843606,0.8734749338843606,0.4781720002820669,0.0,0.0,0.8515899777412415,True
1,LOCAL0,LOCAL,6026,2,6028,24,2.2212546207010746,2.2212546207010746,1.1015249744057656,0.0,0.0,0.62879878282547,20.0,1.5429165373163776,1.5429165373163776,0.6511020177652028,0.0,0.0,0.7343398928642273,True
2,LOCAL0,LOCAL,6026,2,6028,24,1.3705040484666824,1.3705040484666824,0.5335612321272493,0.0,0.0,0.7930769920349121,20.0,1.1307930276413594,1.1307930276413594,0.4011747910956706,0.0,0.0,0.8024876713752747,True
3,LOCAL0,LOCAL,6026,2,6028,24,1.090035704150796,1.090035704150796,0.4114202540367841,0.0,0.0,0.8334197998046875,20.0,0.9995822354781726,0.9995822354781726,0.3975837201126351,0.0,0.0,0.8294151425361633,True
4,LOCAL0,LOCAL,6026,2,6028,24,0.9905832581222056,0.9905832581222056,0.4356685009784996,0.0,0.0,0.848628580570221,20.0,0.9864163714006912,0.9864163714006912,0.4553851647810502,0.0,0.0,0.8327353596687317,True
5,LOCAL0,LOCAL,6026,2,6028,24,0.9662430200725792,0.9662430200725792,0.4890097703784704,0.0,0.0,0.8513339161872864,20.0,1.0266735514333425,1.0266735514333425,0.5213671193635168,0.0,0.0,0.8278050422668457,True
6,LOCAL0,LOCAL,6026,2,6028,24,0.9938785128295422,0.9938785128295422,0.5409453161992133,0.0,0.0,0.8561496734619141,20.0,1.0438559833636951,1.0438559833636951,0.5822278142960604,0.0,0.0,0.8380566239356995,True
7,LOCAL0,LOCAL,6026,2,6028,24,1.0135749768465758,1.0135749768465758,0.5859394015744328,0.0,0.0,0.857697069644928,20.0,1.1064991399276356,1.1064991399276356,0.6324296401551932,0.0,0.0,0.8281350135803223,True
1,LOCAL0,LOCAL,6026,3,6029,25,2.213067323714495,2.213067323714495,0.976446544378996,0.0,0.0,0.4643948972225189,20.0,1.4680974916978315,1.4680974916978315,0.4332199820802231,0.0,0.0,0.4820801913738251,True
2,LOCAL0,LOCAL,6026,3,6029,25,1.2988622456789016,1.2988622456789016,0.3721733557991683,0.0,0.0,0.6681151390075684,20.0,1.0176728894887876,1.0176728894887876,0.23387915758062,0.0,0.0,0.716153085231781,True
3,LOCAL0,LOCAL,6026,3,6029,25,1.0086759630590678,1.0086759630590678,0.2804012613371014,0.0,0.0,0.7915049195289612,20.0,0.8671432896093889,0.8671432896093889,0.2378647403160402,0.0,0.0,0.7832167148590088,True
4,LOCAL0,LOCAL,6026,3,6029,25,0.9282533161342144,0.9282533161342144,0.323392348177731,0.0,0.0,0.8262531757354736,20.0,0.8510908922873253,0.8510908922873253,0.3013926368853277,0.0,0.0,0.8006381988525391,True
5,LOCAL0,LOCAL,6026,3,6029,25,0.9481167942285538,0.9481167942285538,0.4066467963159084,0.0,0.0,0.8428463339805603,20.0,0.8803229760532537,0.8803229760532537,0.3942771705467839,0.0,0.0,0.8202944397926331,True
6,LOCAL0,LOCAL,6026,3,6029,25,0.960568279400468,0.960568279400468,0.4864928384311497,0.0,0.0,0.8551804423332214,20.0,0.890250849822336,0.890250849822336,0.4678499682629404,0.0,0.0,0.8317335247993469,True
1,LOCAL0,LOCAL,6026,4,6030,25,2.2369429603219038,2.2369429603219038,1.0177584854885935,0.0,0.0,0.5783482789993286,20.0,1.4136839484380297,1.4136839484380297,0.4462628009890722,0.0,0.0,0.6416016221046448,True
2,LOCAL0,LOCAL,6026,4,6030,25,1.2393136322498322,1.2393136322498322,0.3792798438109457,0.0,0.0,0.7626729011535645,20.0,0.983452365418111,0.983452365418111,0.254868086950838,0.0,0.0,0.7876920700073242,True
3,LOCAL0,LOCAL,6026,4,6030,25,0.974592276662588,0.974592276662588,0.2888692006468772,0.0,0.0,0.8223929405212402,20.0,0.885346061927228,0.885346061927228,0.2867471142248673,0.0,0.0,0.8142901062965393,True
4,LOCAL0,LOCAL,6026,4,6030,25,0.911253634095192,0.911253634095192,0.3369303030893206,0.0,0.0,0.8369590640068054,20.0,0.8884303476199631,0.8884303476199631,0.355688308881334,0.0,0.0,0.8284437656402588,True
5,LOCAL0,LOCAL,6026,4,6030,25,0.903427554666996,0.903427554666996,0.4091037105768919,0.0,0.0,0.845344066619873,20.0,0.8978875836064993,0.8978875836064993,0.4297433958565893,0.0,0.0,0.834510326385498,True
6,LOCAL0,LOCAL,6026,4,6030,25,0.9335588347166776,0.9335588347166776,0.4739540541544557,0.0,0.0,0.8567580580711365,20.0,0.9882928083750828,0.9882928083750828,0.5103045889168731,0.0,0.0,0.832556426525116,True
1,LOCAL3,LOCAL,6026,0,6026,24,2.1876511603675266,2.13773494809866,0.917773699015379,0.1996648490754687,233.0,0.5077847838401794,20.0,1.4429528078964204,1.4095615670700703,0.4146446726046318,0.1335649633054006,59.0,0.5454161167144775,True
2,LOCAL3,LOCAL,6026,0,6026,24,1.3034616186858174,1.2652140863239765,0.3501823334023356,0.1529901294473638,235.0,0.6737198829650879,20.0,1.0233878711545596,0.993649433959614,0.2454365250492884,0.1189537487797817,59.0,0.7341210246086121,True
3,LOCAL3,LOCAL,6026,0,6026,24,1.044701178006497,1.0066157348454,0.2807840463705361,0.152341772644388,242.0,0.7716712951660156,20.0,0.9042033855318669,0.873934062551861,0.2686560302972793,0.1210772919200234,59.0,0.7847229838371277,True
4,LOCAL3,LOCAL,6026,0,6026,24,1.007419661354438,0.9708862457424402,0.3276091935113072,0.1461336624479907,238.0,0.7929520010948181,20.0,0.974803574974614,0.9442861424989936,0.3459040047216021,0.1220697299024816,59.0,0.7932288646697998,True
5,LOCAL3,LOCAL,6026,0,6026,24,1.0048304164898585,0.9703542444854976,0.4013211417943239,0.1379046880174428,236.0,0.8208103179931641,20.0,0.9878601909284784,0.95749425198421,0.430215499987287,0.1214637557770741,59.0,0.8204648494720459,True
6,LOCAL3,LOCAL,6026,0,6026,24,1.0146100768235882,0.9767373867332936,0.4679831387475133,0.1514907603611787,234.0,0.840813159942627,20.0,0.9995244030198462,0.9621914201531528,0.508787853658692,0.1493319314667734,59.0,0.8419517874717712,True
1,LOCAL3,LOCAL,6026,1,6027,24,2.1201671316760065,2.0737413868308066,0.8642658246681094,0.1857029793808005,233.0,0.4848085343837738,20.0,1.414643747993068,1.3741691900678903,0.379667946129791,0.1618982317007106,69.0,0.5427953600883484,True
2,LOCAL3,LOCAL,6026,1,6027,24,1.2771282181405823,1.2387580614537002,0.3381741313263774,0.1534806267475282,231.0,0.6733803153038025,20.0,1.0124756647428184,0.9758324229027614,0.2284405246253841,0.1465729673602281,69.0,0.7337505221366882,True
3,LOCAL3,LOCAL,6026,1,6027,24,1.011816176692032,0.9747879073023796,0.2746358874253928,0.1481130775586091,232.0,0.7925481796264648,20.0,0.9313580245507026,0.8985273522778976,0.2552622665058482,0.1313226890912198,69.0,0.7798685431480408,True
4,LOCAL3,LOCAL,6026,1,6027,24,0.9454051192624257,0.9052597224712372,0.3204699002206325,0.1605815871647534,226.0,0.8200570940971375,20.0,0.9029545685690124,0.8701128762615614,0.324131732637232,0.1313667692298042,69.0,0.8112554550170898,True
5,LOCAL3,LOCAL,6026,1,6027,24,0.9402570611286056,0.9024775315076112,0.3844730643555522,0.1511181184839781,230.0,0.8358063101768494,20.0,0.9045448135046368,0.8676325664047367,0.3982629702110921,0.1476489883996006,69.0,0.8226715922355652,True
6,LOCAL3,LOCAL,6026,1,6027,24,0.9724002046728224,0.9372676450759172,0.4674413250759244,0.1405302383876203,230.0,0.8442819118499756,20.0,0.9160041888145728,0.8813451804405401,0.4735607913702973,0.138636033496131,69.0,0.8390194773674011,True
1,LOCAL3,LOCAL,6026,2,6028,24,2.297286341617537,2.2478980518877507,1.114690961316228,0.1975531589191455,231.0,0.6042323708534241,20.0,1.619237894663328,1.5726428386593654,0.6546560585006209,0.1863802240158502,52.0,0.7070123553276062,True
2,LOCAL3,LOCAL,6026,2,6028,24,1.428538511160102,1.3896031618118283,0.5331049291417003,0.1557413973930946,229.0,0.7775914072990417,20.0,1.1753483344063644,1.1312703948375606,0.3929395345616931,0.1763117582752154,52.0,0.7990660667419434,True
3,LOCAL3,LOCAL,6026,2,6028,24,1.1209784166040746,1.0859551399946212,0.3997538728639483,0.1400931064378131,231.0,0.8333794474601746,20.0,1.0247304104764408,0.981704088281994,0.3781020789107015,0.1721052887777869,52.0,0.8277294635772705,True
4,LOCAL3,LOCAL,6026,2,6028,24,1.0107288844101212,0.976434202119708,0.4170276967808604,0.1371787291616528,228.0,0.8472490906715393,20.0,1.014679561920632,0.9693404189811266,0.4359762279455327,0.1813565717580226,52.0,0.8318414092063904,True
5,LOCAL3,LOCAL,6026,2,6028,24,0.9902253414554626,0.956848767399788,0.4702445399016142,0.1335062962226988,231.0,0.8494057059288025,20.0,1.072463734294196,1.0353135126681368,0.5013430734311254,0.1486008865042374,52.0,0.8177528381347656,True
6,LOCAL3,LOCAL,6026,2,6028,24,1.0165980278534397,0.9842991076409816,0.5226161484606564,0.1291956808498321,232.0,0.8579456210136414,20.0,1.0812786284873224,1.0422093651511453,0.5614417387434274,0.1562770533447082,52.0,0.8334692120552063,True
7,LOCAL3,LOCAL,6026,2,6028,24,1.0307885188811825,0.9968061074614524,0.5660774033516646,0.1359296456789193,230.0,0.858578622341156,20.0,1.1131229384086472,1.0697031740314704,0.612510831888057,0.173679057508707,52.0,0.8302077651023865,True
1,LOCAL3,LOCAL,6026,3,6029,25,2.265035701449463,2.209654923528433,0.9768898716196418,0.2215231116841204,234.0,0.457458347082138,20.0,1.5122414420400097,1.470754421446934,0.4246289796573071,0.1659480823723019,61.0,0.4599044024944305,True
2,LOCAL3,LOCAL,6026,3,6029,25,1.3434970133967743,1.303548938781023,0.3663612779229879,0.159792298463006,234.0,0.6499813199043274,20.0,1.0691098805810069,1.030146475173225,0.2296694698782006,0.1558536216311279,61.0,0.7064151763916016,True
3,LOCAL3,LOCAL,6026,3,6029,25,1.0555262242433825,1.0209954127669334,0.2764191304333508,0.1381232459057957,232.0,0.7817652821540833,20.0,0.9070277877625514,0.8723681416393312,0.2356742933269374,0.1386385844928808,61.0,0.7707622051239014,True
4,LOCAL3,LOCAL,6026,3,6029,25,0.9682368214342236,0.9349652767181396,0.3197933446615934,0.133086178864336,228.0,0.8151495456695557,20.0,0.8893347204297068,0.8511960422697146,0.2993485816130953,0.1525547126399689,61.0,0.7928421497344971,True
5,LOCAL3,LOCAL,6026,3,6029,25,0.9945252077715222,0.9565737795084714,0.4039633218199014,0.151805713052203,232.0,0.8333331942558289,20.0,0.9146043546740084,0.8737844556323753,0.3880260992518141,0.1632795961665325,61.0,0.8083315491676331,True
6,LOCAL3,LOCAL,6026,3,6029,25,1.0290310264680955,0.9914350427687167,0.4881335979327559,0.1503839347975157,229.0,0.8471876978874207,20.0,0.9649571178260424,0.923467809996329,0.4777955108683956,0.1659572313188529,61.0,0.8216016292572021,True
7,LOCAL3,LOCAL,6026,3,6029,25,1.0569332799745446,1.0228128850460052,0.5735638296231628,0.1364815797141574,235.0,0.8501265048980713,20.0,1.016134996337231,0.9783107549691004,0.5479349098668611,0.1512969654725223,61.0,0.821852445602417,True
1,LOCAL3,LOCAL,6026,4,6030,25,2.3036364470852044,2.2504710651934148,1.0298659393563867,0.2126615275671586,218.0,0.5757861733436584,20.0,1.463965870423971,1.420503820269561,0.4563901316035877,0.1738482006176403,66.0,0.6454646587371826,True
2,LOCAL3,LOCAL,6026,4,6030,25,1.2842661117116354,1.24281912073493,0.379153192602098,0.1657879639068218,219.0,0.7503010630607605,20.0,1.024320810314873,0.9805246315711786,0.2485539371317083,0.175184714974779,66.0,0.7717708945274353,True
3,LOCAL3,LOCAL,6026,4,6030,25,1.0096354705396922,0.9717987526208164,0.2779894545674324,0.1513468716755039,222.0,0.8094730377197266,20.0,0.9190743029048312,0.8771483848902805,0.2708461578966172,0.167703672058203,66.0,0.8011689782142639,True
4,LOCAL3,LOCAL,6026,4,6030,25,0.936628887451158,0.9018391702324152,0.3186581506393849,0.1391588688749715,214.0,0.8263623118400574,20.0,0.9171178200123088,0.8761820073955315,0.3336597469227373,0.1637432504671089,66.0,0.8181232810020447,True
5,LOCAL3,LOCAL,6026,4,6030,25,0.9243761723114764,0.887851231917739,0.3867385704070329,0.1460997615749501,219.0,0.8347845673561096,20.0,0.9221569977113182,0.8794553407952805,0.4069935608008676,0.1708066276641506,66.0,0.8258895874023438,True
6,LOCAL3,LOCAL,6026,4,6030,25,0.954434985086672,0.9186096545308828,0.4532415605150163,0.1433013222231572,218.0,0.8483564853668213,20.0,1.0093371451052402,0.9679678717920602,0.4908599200820134,0.1654770932527202,66.0,0.8262539505958557,True
