oracle_representation,matched_reference,seed,arm,task_type,target_definition,target_kind,target,timing,interval,input_variant,metric_space,n_oracle,spearman_oracle,pearson_oracle,natural_r2_oracle,transformed_r2_oracle,residual_spearman_oracle,residual_transformed_r2_oracle,reconstructed_natural_r2_oracle,rmse_oracle,mae_oracle,reconstructed_natural_rmse_oracle,reconstructed_natural_mae_oracle,prediction_target_variance_ratio_oracle,calibration_slope_oracle,n_full_local_matched,spearman_full_local_matched,pearson_full_local_matched,natural_r2_full_local_matched,transformed_r2_full_local_matched,residual_spearman_full_local_matched,residual_transformed_r2_full_local_matched,reconstructed_natural_r2_full_local_matched,rmse_full_local_matched,mae_full_local_matched,reconstructed_natural_rmse_full_local_matched,reconstructed_natural_mae_full_local_matched,prediction_target_variance_ratio_full_local_matched,calibration_slope_full_local_matched,delta_spearman,delta_pearson,delta_natural_r2,delta_transformed_r2,delta_residual_spearman,delta_residual_transformed_r2,delta_reconstructed_natural_r2,delta_rmse,delta_mae,delta_reconstructed_natural_rmse,delta_reconstructed_natural_mae,delta_prediction_target_variance_ratio,delta_calibration_slope
Z5,Z4_MATCHED_Z5,2026,LOCAL0,dynamic,adjacent_percent_change_new_extension,raw,BPE,,T0->T1,difference,natural_target,375,0.15211787461599727,0.1381867665483385,0.01660522695827893,0.0008176566371000244,,,,35.765204544451066,24.763943237380364,,,0.03517832790928949,0.7367647826852706,375,0.19079827056547957,0.13595763556799378,0.009904836483499602,-0.00843945565943335,,,,35.88684136168682,24.896636546887798,,,0.05224141637292563,0.5948344757466829,-0.038680395949482305,0.002229130980344718,0.0067003904747793275,0.009257112296533374,,,,-0.12163681723575337,-0.13269330950743452,,,-0.017063088463636134,0.14193030693858766
Z5,Z4_MATCHED_Z5,2026,LOCAL3,dynamic,adjacent_percent_change_new_extension,raw,BPE,,T0->T1,difference,natural_target,375,0.15080987598134032,0.11561677776737005,0.007661541575068154,-0.010011492444324057,,,,35.9274734253542,24.81162848571386,,,0.03642668974549294,0.6057745282442342,375,0.22239754238252363,0.18548310654919742,0.03425993275677908,0.025822914295567115,,,,35.442707481307,24.485814130993997,,,0.03668762449461201,0.9683772206245951,-0.0715876664011833,-0.06986632878182737,-0.026598391181710923,-0.035834406739891175,,,,0.4847659440471972,0.32581435471986353,,,-0.0002609347491190697,-0.3626026923803609
Z5,Z4_MATCHED_Z5,3026,LOCAL0,dynamic,adjacent_percent_change_new_extension,raw,BPE,,T0->T1,difference,natural_target,375,0.07032517920127432,0.07153154985076285,-0.014849235480705492,-0.04982602891855045,,,,36.33268803019046,25.207595520587443,,,0.04323803400941884,0.344004929124969,375,0.13444623961770397,0.11711762351958593,-0.010470762517251764,-0.04606151577973624,,,,36.25422630227425,25.03784028245072,,,0.07318918741274928,0.43291116701818777,-0.06412106041642965,-0.045586073668823085,-0.004378472963453728,-0.003764513138814214,,,,0.07846172791621342,0.1697552381367231,,,-0.02995115340333044,-0.08890623789321878
Z5,Z4_MATCHED_Z5,3026,LOCAL3,dynamic,adjacent_percent_change_new_extension,raw,BPE,,T0->T1,difference,natural_target,375,0.06219638184093754,0.08302510981865739,-0.0030780902609486294,-0.03220872314645616,,,,36.12136366565841,24.896178730777706,,,0.03178864101060325,0.46566487215701907,375,0.1362560018204574,0.1404093848067235,0.01551850884324446,-0.008228517116978534,,,,35.78496057990841,24.666720076629115,,,0.03883662634825853,0.7124844465468221,-0.07405961997951988,-0.0573842749880661,-0.01859659910419309,-0.023980206029477626,,,,0.3364030857499998,0.22945865414859057,,,-0.007047985337655285,-0.246819574389803
Z5,Z4_MATCHED_Z5,2026,LOCAL0,dynamic,adjacent_percent_change_new_extension,raw,BPE,,T1->T2,difference,natural_target,374,0.21039973620449887,0.1678476586561586,0.026146000457032748,0.010447008820687321,,,,35.88646215370842,25.608434346480063,,,0.041478470162612635,0.8241455586179287,374,0.20519837708419952,0.16372898482061396,0.020297530824690546,0.0031031368987927068,,,,35.99405873262551,25.75131600009902,,,0.05901253884656347,0.6739899479111368,0.0052013591202993426,0.004118673835544651,0.005848469632342201,0.0073438719218946145,,,,-0.1075965789170894,-0.14288165361895722,,,-0.017534068683950833,0.15015561070679195
Z5,Z4_MATCHED_Z5,2026,LOCAL3,dynamic,adjacent_percent_change_new_extension,raw,BPE,,T1->T2,difference,natural_target,374,0.18286430302074524,0.14510237564963677,0.009645647113336042,-0.011572201032887273,,,,36.18920369704638,26.069171199537763,,,0.06302014318256823,0.5780093052401422,374,0.21128838296225144,0.16653557495582655,0.020384453547576453,0.004832898930580046,,,,35.99246193610224,25.732091694203852,,,0.06280937538203636,0.6644996912777741,-0.028424079941506197,-0.021433199306189782,-0.010738806434240411,-0.01640509996346732,,,,0.19674176094414264,0.33707950533391084,,,0.00021076780053186361,-0.08649038603763193
Z5,Z4_MATCHED_Z5,3026,LOCAL0,dynamic,adjacent_percent_change_new_extension,raw,BPE,,T1->T2,difference,natural_target,374,0.1661690298346977,0.14495998495533088,0.011668869366042833,-0.008762817625141873,,,,36.152218836304904,25.899591809550653,,,0.05710895677361422,0.606591083029736,374,0.15263815572536593,0.13434080208221738,-0.022284581409124593,-0.040989490294126255,,,,36.76796765589037,26.4394875140054,,,0.11037545634289997,0.40436325222753616,0.013530874109331764,0.010619182873113503,0.033953450775167426,0.03222667266898438,,,,-0.6157488195854626,-0.5398957044547466,,,-0.05326649956928575,0.2022278308021998
Z5,Z4_MATCHED_Z5,3026,LOCAL3,dynamic,adjacent_percent_change_new_extension,raw,BPE,,T1->T2,difference,natural_target,374,0.1515815973964531,0.13936492154981048,0.009313433267756133,-0.01170452558046314,,,,36.19527301275282,25.9244853416963,,,0.05620484642498001,0.5878500939243766,374,0.17669515849235137,0.16965936216536195,0.019898268553886544,0.004842451880772396,,,,36.00139239064915,25.970932763881702,,,0.06727503319167322,0.6541101218938409,-0.025113561095898268,-0.030294440615551477,-0.010584835286130412,-0.016546977461235537,,,,0.19388062210366996,-0.046447422185401877,,,-0.011070186766693205,-0.06626002796946429
Z5,Z4_MATCHED_Z5,2026,LOCAL0,dynamic,adjacent_percent_change_new_extension,raw,BPE,,T2->T3,difference,natural_target,373,0.058223713343390625,0.0423200959565443,-0.02707104182528508,-0.08874703363088544,,,,46.31977157701356,30.54395007329503,,,0.04483636751346315,0.19986255433245928,373,0.11943408822306213,0.05047294110334108,-0.011125163888191958,-0.04894324896396398,,,,45.95879424335503,29.9591904772377,,,0.027559440627532114,0.3040348818437902,-0.06121037487967151,-0.008152845146796782,-0.015945877937093123,-0.039803784666921464,,,,0.360977333658532,0.584759596057328,,,0.017276926885931035,-0.1041723275113309
Z5,Z4_MATCHED_Z5,2026,LOCAL3,dynamic,adjacent_percent_change_new_extension,raw,BPE,,T2->T3,difference,natural_target,373,0.05243168034859633,0.07350977596545304,-0.018155953117698465,-0.08271228737155881,,,,46.11830309641842,30.48231330922447,,,0.05126621063900498,0.324660527812315,373,0.12143197887600939,0.08648501343544192,-0.006324736628955607,-0.055997710707303916,,,,45.84956724722743,30.04649257831147,,,0.04117263389960292,0.42622265684498667,-0.06900029852741306,-0.012975237469988882,-0.011831216488742857,-0.02671457666425489,,,,0.26873584919099613,0.4358207309130009,,,0.01009357673940206,-0.10156212903267164
Z5,Z4_MATCHED_Z5,3026,LOCAL0,dynamic,adjacent_percent_change_new_extension,raw,BPE,,T2->T3,difference,natural_target,373,0.10552261836519641,0.06302579836874304,-0.009806624750502202,-0.037997327291823466,,,,45.92881860850462,29.917241269047928,,,0.032489288691019094,0.34966185252836435,373,0.14668147818935076,0.146151856256061,0.018023226593452235,-0.018445642776755183,,,,45.2915073357225,29.67121968027595,,,0.04141740004560172,0.7181462867276069,-0.04115885982415435,-0.08312605788731796,-0.027829851343954437,-0.019551684515068283,,,,0.6373112727821209,0.24602158877197766,,,-0.008928111354582623,-0.3684844341992426
Z5,Z4_MATCHED_Z5,3026,LOCAL3,dynamic,adjacent_percent_change_new_extension,raw,BPE,,T2->T3,difference,natural_target,373,0.11648743074730901,0.06529637783986386,-0.00777687966924967,-0.03352154224990388,,,,45.88263615918816,29.88297427878919,,,0.030571972181752234,0.37344561354825917,373,0.13648761111243796,0.13610062184208072,0.01394215703638213,-0.019311262392306437,,,,45.385524908016365,29.729274996792153,,,0.041499109488459654,0.6680988447002884,-0.020000180365128947,-0.07080424400221685,-0.0217190367056318,-0.01421027985759744,,,,0.4971112511717948,0.15369928199703864,,,-0.01092713730670742,-0.2946532311520292
Z5,Z4_MATCHED_Z5,2026,LOCAL0,dynamic,adjacent_percent_change_new_extension,raw,FTV,,T0->T1,difference,natural_target,375,0.4693594265559222,0.3053154100844891,0.0858096307001266,0.19448841140441733,,,,85.99969167325132,30.79354931101737,,,0.05406662694495747,1.3130585344617454,375,0.39976311298213674,0.23353423490077319,0.05237194398447964,0.11950062374079742,,,,87.55834183992945,32.71482548972215,,,0.042209417162270745,1.1367000450273914,0.06959631357378548,0.0717811751837159,0.03343768671564695,0.07498778766361991,,,,-1.5586501666781345,-1.9212761787047832,,,0.011857209782686728,0.17635848943435395
Z5,Z4_MATCHED_Z5,2026,LOCAL3,dynamic,adjacent_percent_change_new_extension,raw,FTV,,T0->T1,difference,natural_target,375,0.45876072363181253,0.285961248127307,0.07777000311745907,0.17367481654317685,,,,86.37701573185554,31.16897607499157,,,0.05507911077576228,1.2184668660934663,375,0.41390806690180915,0.2445089120802594,0.05779925309505096,0.12170639783448409,,,,87.30724725395793,32.420018997360245,,,0.046586140265262116,1.1328341387808967,0.04485265673000338,0.041452336047047594,0.019970750022408112,0.05196841870869276,,,,-0.9302315221023889,-1.2510429223686756,,,0.008492970510500165,0.08563272731256966
Z5,Z4_MATCHED_Z5,3026,LOCAL0,dynamic,adjacent_percent_change_new_extension,raw,FTV,,T0->T1,difference,natural_target,375,0.4350413016270338,0.2178438324330207,0.04395532862871998,0.07486154548096055,,,,87.94631883290336,32.05834662711066,,,0.05789832060988814,0.9053412016174146,375,0.36913414495391966,0.19133217813031486,0.03409692224629546,0.06555935848764219,,,,88.3985921144305,32.72777666393855,,,0.03886035056820822,0.9705874210047023,0.06590715667311414,0.026511654302705828,0.009858406382424523,0.009302186993318362,,,,-0.4522732815271411,-0.6694300368278903,,,0.019037970041679925,-0.0652462193872877
Z5,Z4_MATCHED_Z5,3026,LOCAL3,dynamic,adjacent_percent_change_new_extension,raw,FTV,,T0->T1,difference,natural_target,375,0.4560480145636592,0.23582997497871508,0.052922876261553564,0.09546888892624969,,,,87.53288579225385,31.786199518599908,,,0.06602527364181017,0.9177912227157383,375,0.38314119922630563,0.20367418176028868,0.038865153551384535,0.05869863008860739,,,,88.18013002064401,32.75071073544617,,,0.04756993045750073,0.933834085714581,0.07290681533735355,0.032155793218426404,0.01405772271016903,0.0367702588376423,,,,-0.6472442283901643,-0.9645112168462617,,,0.018455343184309442,-0.016042862998842722
Z5,Z4_MATCHED_Z5,2026,LOCAL0,dynamic,adjacent_percent_change_new_extension,raw,FTV,,T1->T2,difference,natural_target,374,0.349142865335264,0.16227343392841687,0.022724210244468468,0.08674091851037326,,,,130.30474759609447,38.27484865320114,,,0.01774311112636811,1.2182391166881739,374,0.2895198061676535,0.1306745198849676,0.013614831315401754,0.04168072871621584,,,,130.91063699673109,39.42739006024132,,,0.010326502802039464,1.2859209727454028,0.059623059167610515,0.03159891404344928,0.009109378929066714,0.04506018979415742,,,,-0.6058894006366131,-1.1525414070401823,,,0.007416608324328645,-0.06768185605722898
Z5,Z4_MATCHED_Z5,2026,LOCAL3,dynamic,adjacent_percent_change_new_extension,raw,FTV,,T1->T2,difference,natural_target,374,0.353003913922381,0.15562790155372552,0.021216751297854497,0.045106042965634675,,,,130.40520714367736,39.098787132424555,,,0.024290099289590306,0.9985568990094859,374,0.28803750483864027,0.13959713679277855,0.015472255008492808,0.03950587087903047,,,,130.7873225430485,39.41578753568506,,,0.010488480399029885,1.3630764839025107,0.06496640908374074,0.016030764760946975,0.005744496289361689,0.0056001720866042035,,,,-0.3821153993711448,-0.3170004032605078,,,0.01380161889056042,-0.36451958489302483
Z5,Z4_MATCHED_Z5,3026,LOCAL0,dynamic,adjacent_percent_change_new_extension,raw,FTV,,T1->T2,difference,natural_target,374,0.3813738584393055,0.15323740656927295,0.020819037865850376,0.0950930046236788,,,,130.43169852218205,38.756545781463615,,,0.022406731444171483,1.0237066837241053,374,0.31171945921922267,0.12402295532349522,0.012767956393243685,0.0520184455321993,,,,130.96682252804322,39.614312296950565,,,0.013310425219252483,1.074994174970691,0.06965439922008282,0.029214451245777734,0.008051081472606691,0.043074559091479496,,,,-0.5351240058611779,-0.8577665154869507,,,0.009096306224919,-0.051287491246585715
Z5,Z4_MATCHED_Z5,3026,LOCAL3,dynamic,adjacent_percent_change_new_extension,raw,FTV,,T1->T2,difference,natural_target,374,0.42338684750039424,0.1824915582402517,0.02951122703419029,0.1299724138884828,,,,129.85148693891935,37.989074370076494,,,0.02112415684657159,1.255605148383615,374,0.3332387492652435,0.14669945929756797,0.01835600934738857,0.06692171420594233,,,,130.5956392221546,39.35160675952547,,,0.014768223098094469,1.2071587617347455,0.09014809823515074,0.03579209894268373,0.011155217686801722,0.06305069968254047,,,,-0.7441522832352518,-1.3625323894489725,,,0.00635593374847712,0.04844638664886958
Z5,Z4_MATCHED_Z5,2026,LOCAL0,dynamic,adjacent_percent_change_new_extension,raw,FTV,,T2->T3,difference,natural_target,373,0.3062696291555075,0.14593766177078266,0.01946224763190707,0.04581749943690258,,,,215.74012761350988,76.76825980780812,,,0.019399037801029625,1.047797333767362,373,0.24582466386191246,0.11128931713459358,0.009621077197957573,0.026894791656311746,,,,216.82006294141922,77.5211648791749,,,0.01877499295818954,0.8122011240872373,0.06044496529359503,0.03464834463618907,0.009841170433949498,0.018922707780590835,,,,-1.0799353279093395,-0.7529050713667829,,,0.0006240448428400866,0.23559620968012474
Z5,Z4_MATCHED_Z5,2026,LOCAL3,dynamic,adjacent_percent_change_new_extension,raw,FTV,,T2->T3,difference,natural_target,373,0.33403775919965994,0.15564047089241928,0.02230405921734213,0.05124998740475528,,,,215.4272698696055,77.65166223240057,,,0.027776271851275517,0.9338681397596782,373,0.27385016101052545,0.10911978979868535,0.008037348459658755,0.02202499238894285,,,,216.99335368341107,77.02469065966216,,,0.021213580741645758,0.7491978631961395,0.060187598189134495,0.04652068109373393,0.014266710757683376,0.02922499501581243,,,,-1.5660838138055624,0.6269715727384124,,,0.006562691109629759,0.18467027656353874
Z5,Z4_MATCHED_Z5,3026,LOCAL0,dynamic,adjacent_percent_change_new_extension,raw,FTV,,T2->T3,difference,natural_target,373,0.2375632491799169,0.1674227643066683,0.025835717349173337,0.036373514503999754,,,,215.03783193668147,78.32561092920315,,,0.02391535730452169,1.0826200636017254,373,0.1947267723297758,0.134902249073634,0.01579542675588619,0.01985179277284383,,,,216.14314228582322,77.72170850890028,,,0.0175490531667148,1.0183389269128407,0.04283647685014108,0.032520515233034314,0.010040290593287149,0.016521721731155924,,,,-1.105310349141746,0.6039024203028731,,,0.006366304137806891,0.06428113668888469
Z5,Z4_MATCHED_Z5,3026,LOCAL3,dynamic,adjacent_percent_change_new_extension,raw,FTV,,T2->T3,difference,natural_target,373,0.2705603480768688,0.16769619028052207,0.026146035862531947,0.034545730451373206,,,,215.00357922563498,79.57444571927047,,,0.031497324185828575,0.944901125314343,373,0.19356133638504894,0.13268825182909474,0.013927719028087537,0.013842526472280809,,,,216.34813060315423,79.22249532745121,,,0.02681458048352169,0.8103021083231201,0.07699901169181986,0.03500793845142733,0.01221831683444441,0.020703203979092397,,,,-1.3445513775192524,0.35195039181925836,,,0.004682743702306886,0.1345990169912229
Z5,Z4_MATCHED_Z5,2026,LOCAL0,dynamic,adjacent_percent_change_new_extension,raw,LD,,T0->T1,difference,natural_target,375,0.12770470466734013,0.05057366033088588,-0.004918933798492731,-0.018362382111017917,,,,36.03008223231938,19.30229183151075,,,0.01736589937778489,0.3837741754090227,375,0.1538179057985742,0.06605707063018965,-0.0024388410635487467,-0.016862767999280687,,,,35.985594491508984,19.424212895680434,,,0.01947911607057433,0.47329802019711753,-0.02611320113123408,-0.015483410299303765,-0.002480092734943984,-0.0014996141117372304,,,,0.0444877408103963,-0.12192106416968329,,,-0.002113216692789438,-0.08952384478809483
Z5,Z4_MATCHED_Z5,2026,LOCAL3,dynamic,adjacent_percent_change_new_extension,raw,LD,,T0->T1,difference,natural_target,375,0.10494549998637323,0.0265696255049067,-0.021046537416255395,-0.04200555265730871,,,,36.31804875517769,19.670433347091084,,,0.02841704692665074,0.15761442461963945,375,0.11660892042438346,0.03608135707721382,-0.011450519695985983,-0.029150552362332254,,,,36.146983413289945,19.551503766194752,,,0.020377561370652116,0.2527590758462274,-0.011663420438010233,-0.00951173157230712,-0.009596017720269412,-0.012855000294976455,,,,0.17106534188774702,0.11892958089633154,,,0.008039485555998625,-0.09514465122658797
Z5,Z4_MATCHED_Z5,3026,LOCAL0,dynamic,adjacent_percent_change_new_extension,raw,LD,,T0->T1,difference,natural_target,375,0.06700703832219093,0.017886175306735953,-0.015421132859402942,-0.03575615713157979,,,,36.217864342621496,19.53203532272124,,,0.018862949041536244,0.1302304938067287,375,0.0868323930062519,0.07819113624997441,0.003697935280153497,-0.012495147921692321,,,,35.87527625824461,19.3149223182164,,,0.012432477197951368,0.7012593882754853,-0.019825354684060964,-0.06030496094323846,-0.01911906813955644,-0.02326100920988747,,,,0.34258808437688515,0.2171130045048386,,,0.006430471843584876,-0.5710288944687566
Z5,Z4_MATCHED_Z5,3026,LOCAL3,dynamic,adjacent_percent_change_new_extension,raw,LD,,T0->T1,difference,natural_target,375,0.10075246343800022,0.04748436838665791,-0.008074738031098816,-0.025535140695382087,,,,36.086611547461686,19.44032321139304,,,0.02019673967346976,0.3341258155254649,375,0.10883467349935244,0.0877902305942112,0.0036378970752239947,-0.013725842822693235,,,,35.87635718280367,19.418238189752596,,,0.017662546459815204,0.6605710418542301,-0.008082210061352221,-0.04030586220755329,-0.01171263510632281,-0.011809297872688852,,,,0.21025436465801306,0.022085021640442903,,,0.0025341932136545564,-0.3264452263287652
Z5,Z4_MATCHED_Z5,2026,LOCAL0,dynamic,adjacent_percent_change_new_extension,raw,LD,,T1->T2,difference,natural_target,369,0.022650682415722954,0.02340148860903812,-0.006844183513082802,-0.019014856502081776,,,,52.74091394829894,33.080105291137336,,,0.011804537502919947,0.2153867565442505,369,-0.015462892030057513,-0.02082762495968255,-0.030783472792858868,-0.07207019699378431,,,,53.364229343845565,33.89791214046509,,,0.02411121607700598,-0.13413131774804105,0.038113574445780465,0.04422911356872067,0.023939289279776066,0.05305534049170253,,,,-0.6233153955466264,-0.8178068493277522,,,-0.012306678574086032,0.34951807429229154
Z5,Z4_MATCHED_Z5,2026,LOCAL3,dynamic,adjacent_percent_change_new_extension,raw,LD,,T1->T2,difference,natural_target,369,0.03755244716290911,0.002429836841199492,-0.02197684642090092,-0.04728094020630153,,,,53.13577839328419,33.45392134888914,,,0.022438554985404667,0.016221076400869113,369,-0.013257514615675712,-0.01008694278632503,-0.014100685152664827,-0.03918794103787138,,,,52.93062921705785,33.42458795710332,,,0.011864605254954412,-0.09260467475673351,0.05080996177858482,0.01251677962752452,-0.007876161268236093,-0.008092999168430155,,,,0.20514917622634243,0.029333391785819174,,,0.010573949730450255,0.10882575115760262
Z5,Z4_MATCHED_Z5,3026,LOCAL0,dynamic,adjacent_percent_change_new_extension,raw,LD,,T1->T2,difference,natural_target,369,0.034577120305576935,0.004551512623866486,-0.019831278546513786,-0.04710106296656591,,,,53.07997168910496,33.36891383474979,,,0.021137918541191174,0.031305788124517904,369,0.022755632005630865,-0.0005176107106436643,-0.011154811714985335,-0.02904513543718761,,,,52.85369388892866,33.089663413672234,,,0.01097806307644689,-0.004940152931263648,0.01182148829994607,0.0050691233345101505,-0.008676466831528451,-0.0180559275293783,,,,0.22627780017629817,0.27925042107755615,,,0.010159855464744284,0.03624594105578155
Z5,Z4_MATCHED_Z5,3026,LOCAL3,dynamic,adjacent_percent_change_new_extension,raw,LD,,T1->T2,difference,natural_target,369,0.01925400150358377,-0.00781604115829453,-0.022873482634585995,-0.05005616681372945,,,,53.159082745943415,33.476894921161396,,,0.02058055134778983,-0.05448266402939773,369,0.015750336630922727,-0.004293597308864596,-0.018749029294818476,-0.04041601531723296,,,,53.051799868254854,33.145408217225636,,,0.017396828116915408,-0.03255264437835014,0.003503664872661044,-0.0035224438494299336,-0.00412445333976752,-0.00964015149649649,,,,0.10728287768856148,0.3314867039357594,,,0.003183723230874423,-0.021930019651047586
Z5,Z4_MATCHED_Z5,2026,LOCAL0,dynamic,adjacent_percent_change_new_extension,raw,LD,,T2->T3,difference,natural_target,311,0.02329190786116452,0.048707886048181236,-0.012689573182849578,-0.037000690928413946,,,,73.08076246553163,41.35100345523106,,,0.019663865471155485,0.34734802524930325,311,0.009359248706664705,0.06518980232161284,-0.012825503956215734,-0.03530634982078335,,,,73.08566702438863,41.33341940716969,,,0.026036941452017057,0.4040030844622838,0.013932659154499814,-0.016481916273431603,0.00013593077336615522,-0.001694341107630594,,,,-0.00490455885699248,0.01758404806136582,,,-0.006373075980861571,-0.05665505921298053
Z5,Z4_MATCHED_Z5,2026,LOCAL3,dynamic,adjacent_percent_change_new_extension,raw,LD,,T2->T3,difference,natural_target,311,0.029797609774668356,0.05693687897109561,-0.007879405710869758,-0.020135460564611688,,,,72.90699295933966,41.1359050755464,,,0.01585484084723231,0.45218142058846134,311,0.00633475764673186,0.06206779419038109,-0.003845614643392281,-0.008002194262818578,,,,72.76095047497486,41.07346102740025,,,0.009031536092318385,0.6531087473523892,0.023462852127936498,-0.0051309152192854784,-0.004033791067477477,-0.01213326630179311,,,,0.1460424843647985,0.06244404814614768,,,0.006823304754913925,-0.20092732676392788
Z5,Z4_MATCHED_Z5,3026,LOCAL0,dynamic,adjacent_percent_change_new_extension,raw,LD,,T2->T3,difference,natural_target,311,0.07747342468766623,0.10554462338883763,0.005399098597091534,0.011261374618008657,,,,72.42513690323011,40.5700920455623,,,0.007910824963246351,1.1866570586061724,311,0.08029190085165347,0.04403224433731596,-0.03537696613610386,-0.17311309425842678,,,,73.89484629212346,42.10379161328164,,,0.04863109894221297,0.1996704424647252,-0.0028184761639872408,0.061512379051521675,0.040776064733195394,0.18437446887643544,,,,-1.4697093888933495,-1.5336995677193457,,,-0.04072027397896662,0.9869866161414472
Z5,Z4_MATCHED_Z5,3026,LOCAL3,dynamic,adjacent_percent_change_new_extension,raw,LD,,T2->T3,difference,natural_target,311,0.0830039627065482,0.08807736448254627,0.0012087433941906367,-0.005374087028551382,,,,72.57754379574997,40.96907468818947,,,0.01414951231956658,0.7404463132275655,311,0.11629460714690895,0.09691563626900247,0.002494645739007151,-0.010585379738116012,,,,72.53080845873734,40.71547473994127,,,0.015330069633558126,0.7827476772543382,-0.033290644440360756,-0.0088382717864562,-0.0012859023448165141,0.0052112927095646295,,,,0.04673533701263466,0.2535999482482012,,,-0.0011805573139915468,-0.04230136402677276
Z5,Z4_MATCHED_Z5,2026,LOCAL0,dynamic,adjacent_percent_change_new_extension,raw,SPH,,T0->T1,difference,natural_target,375,-0.0020009102286949595,-0.009154465694552392,-0.06793862516773186,-0.12429455486936557,,,,38.04415254628414,26.968484579233852,,,0.06268116794659766,-0.036564906015189226,375,-0.00033746728865627487,-0.03509550828829343,-0.05484819324819501,-0.10572414454667692,,,,37.81026741194509,26.356446934258265,,,0.04060008202851155,-0.17417590716799847,-0.0016634429400386847,0.025941042593741036,-0.013090431919536849,-0.01857041032268865,,,,0.23388513433904734,0.6120376449755867,,,0.022081085918086107,0.13761100115280925
Z5,Z4_MATCHED_Z5,2026,LOCAL3,dynamic,adjacent_percent_change_new_extension,raw,SPH,,T0->T1,difference,natural_target,375,0.016884514734327002,-0.009853645038905812,-0.044626329757881944,-0.08394665695907917,,,,37.62662379887698,26.397479596570776,,,0.039772132469374714,-0.049409160489699185,375,-0.015434975537603823,-0.04422640421780961,-0.06043118774625711,-0.11814221694656775,,,,37.91019455693688,26.451375363724257,,,0.04210596056406669,-0.2155310483049677,0.032319490271930824,0.0343727591789038,0.015804857988375165,0.03419555998748858,,,,-0.28357075805990206,-0.05389576715348099,,,-0.0023338280946919726,0.16612188781526852
Z5,Z4_MATCHED_Z5,3026,LOCAL0,dynamic,adjacent_percent_change_new_extension,raw,SPH,,T0->T1,difference,natural_target,375,0.051603822960518825,0.009293671506950391,-0.029280137124175987,-0.08297025652884152,,,,37.349222299324346,26.06296123804465,,,0.031862532644192726,0.05206515566383477,375,-0.020809420866992834,-0.08497261907891598,-0.05137219721924202,-0.1016185751994532,,,,37.74791872920393,26.270040205762044,,,0.024283027526147288,-0.5452900692897983,0.07241324382751166,0.09426629058586637,0.022092060095066035,0.018648318670611688,,,,-0.3986964298795854,-0.20707896771739343,,,0.007579505118045438,0.597355224953633
Z5,Z4_MATCHED_Z5,3026,LOCAL3,dynamic,adjacent_percent_change_new_extension,raw,SPH,,T0->T1,difference,natural_target,375,0.0437656161110479,0.004352296177735639,-0.030928269001053943,-0.07819099729332475,,,,37.37911300622129,26.108334397080583,,,0.03172058856275592,0.02443699631804108,375,-0.02118420753214245,-0.07754325749480923,-0.05064183823321655,-0.09733627622701158,,,,37.734805237459156,26.28617890958654,,,0.02527478596438492,-0.4877533916096652,0.06494982364319035,0.08189555367254486,0.01971356923216261,0.019145278933686824,,,,-0.3556922312378674,-0.17784451250595623,,,0.006445802598370999,0.5121903879277062
Z5,Z4_MATCHED_Z5,2026,LOCAL0,dynamic,adjacent_percent_change_new_extension,raw,SPH,,T1->T2,difference,natural_target,374,0.12280036128514286,0.10986472351233521,0.0023927321661574297,-0.022344104834235372,,,,58.55847618263471,40.246165611935346,,,0.043350229280732705,0.5276701993410585,374,0.06658003469484308,0.0853726041118818,-0.021889095038778894,-0.04873461672130148,,,,59.266850230797445,41.03729102431325,,,0.06535964058989965,0.33393635404735456,0.05622032659029978,0.024492119400453413,0.024281827204936324,0.026390511887066107,,,,-0.7083740481627316,-0.7911254123779017,,,-0.02200941130916695,0.19373384529370397
Z5,Z4_MATCHED_Z5,2026,LOCAL3,dynamic,adjacent_percent_change_new_extension,raw,SPH,,T1->T2,difference,natural_target,374,0.11287132800963427,0.12680469994771984,0.00025528818333864223,-0.029374393541198862,,,,58.62117545035305,40.53966325208736,,,0.06377506455299128,0.5021227484004248,374,0.052679158721738756,0.08327591238294141,-0.024062780066330225,-0.05047681392808211,,,,59.32985072192853,40.99569402432133,,,0.06688965442926863,0.3219881756685772,0.06019216928789552,0.04352878756477843,0.024318068249668867,0.021102420386883244,,,,-0.7086752715754798,-0.4560307722339729,,,-0.0031145898762773433,0.18013457273184763
Z5,Z4_MATCHED_Z5,3026,LOCAL0,dynamic,adjacent_percent_change_new_extension,raw,SPH,,T1->T2,difference,natural_target,374,0.14222098607905265,0.16323870752463965,0.024548235614444636,-0.0025677923098186687,,,,57.90457308331366,40.26201133515384,,,0.04331567030653208,0.7843332526319843,374,0.11355742569998997,0.16444950318531082,0.026382808579300754,0.004377117914822532,,,,57.850095679558514,40.56837704274292,,,0.03607399172711225,0.8658356531545833,0.028663560379062675,-0.0012107956606711712,-0.0018345729648561182,-0.0069449102246412,,,,0.05447740375514343,-0.3063657075890802,,,0.007241678579419826,-0.08150240052259905
Z5,Z4_MATCHED_Z5,3026,LOCAL3,dynamic,adjacent_percent_change_new_extension,raw,SPH,,T1->T2,difference,natural_target,374,0.14446026580264082,0.16251213991161237,0.02406092465762144,-0.0023958519596084804,,,,57.919035105236674,40.10864205628767,,,0.04417592041988776,0.7732020655355262,374,0.10884741437398747,0.16017617113279595,0.024813795004567596,0.0006616497285907356,,,,57.89669050500871,40.57465087574035,,,0.035760263049504956,0.847027587913425,0.03561285142865335,0.002335968778816422,-0.0007528703469461551,-0.003057501688199216,,,,0.022344600227960143,-0.46600881945268213,,,0.0084156573703828,-0.07382552237789886
Z5,Z4_MATCHED_Z5,2026,LOCAL0,dynamic,adjacent_percent_change_new_extension,raw,SPH,,T2->T3,difference,natural_target,373,0.11371833725588856,0.06693854024630545,-0.010067961343276144,-0.034664871088679695,,,,64.87761448540317,40.74980483649715,,,0.034512571330373686,0.3603193444350672,373,0.130575998216698,0.11455207329112824,0.01002927264314013,-0.01794946384917752,,,,64.22893950239335,40.61608594435846,,,0.028321223620099083,0.6806862022194815,-0.01685766096080943,-0.047613533044822784,-0.020097233986416274,-0.016715407239502177,,,,0.6486749830098262,0.13371889213868826,,,0.006191347710274603,-0.3203668577844143
Z5,Z4_MATCHED_Z5,2026,LOCAL3,dynamic,adjacent_percent_change_new_extension,raw,SPH,,T2->T3,difference,natural_target,373,0.11642473850530988,0.04337919628883468,-0.01655624679702239,-0.03515753511198466,,,,65.085655263265,40.69997490025856,,,0.03163961058900957,0.24387424421094078,373,0.12258952467325013,0.10923758210496833,0.007806793358122843,-0.018887482993312655,,,,64.30099590596063,40.62983581949621,,,0.029390329227187092,0.6371913232024794,-0.0061647861679402505,-0.06585838581613365,-0.024363040155145232,-0.016270052118672006,,,,0.7846593573043634,0.07013908076235253,,,0.002249281361822477,-0.3933170789915386
Z5,Z4_MATCHED_Z5,3026,LOCAL0,dynamic,adjacent_percent_change_new_extension,raw,SPH,,T2->T3,difference,natural_target,373,0.07787193246391194,0.06019942005112475,-0.021803436228501782,-0.04739202467969781,,,,65.25341636496461,41.45135696977277,,,0.04760703282281356,0.27590320804118434,373,0.08978574015125693,0.08537424506436955,-0.002285974795546597,-0.030595474793478003,,,,64.62720909083693,41.16889726877287,,,0.033032325226987146,0.4697397404383029,-0.011913807687344985,-0.025174825013244806,-0.019517461432955185,-0.016796549886219807,,,,0.6262072741276796,0.28245970099990103,,,0.014574707595826415,-0.19383653239711857
Z5,Z4_MATCHED_Z5,3026,LOCAL3,dynamic,adjacent_percent_change_new_extension,raw,SPH,,T2->T3,difference,natural_target,373,0.06887564567232472,0.06973888293893679,-0.01831366218562791,-0.044958821827871094,,,,65.14189078355787,41.34606018233723,,,0.04865589627166304,0.31616023680751704,373,0.09121663650561604,0.08157055667287583,-0.004808981537994361,-0.03364330325433994,,,,64.7084994634223,41.16404659758462,,,0.035032500205454,0.4358106706007281,-0.022340990833291316,-0.011831673733939035,-0.013504680647633549,-0.011315518573531157,,,,0.4333913201355699,0.1820135847526103,,,0.013623396066209041,-0.11965043379321105
Z5,Z4_MATCHED_Z5,2026,LOCAL0,dynamic,adjacent_percent_change_new_extension,residual_ftv,BPE,,T0->T1,difference,goal6_transformed_standardized_residual,375,0.06877507024031224,0.03914259183815076,,-0.021337159235235967,0.06877507024031224,-0.021337159235235967,0.08664894990592598,,,34.4679640713633,24.447044724337932,0.03505533593484681,0.10490525495999539,375,0.11721393623204246,0.11097578637810375,,-0.0011607494701850812,0.11721393623204246,-0.0011607494701850812,0.09861372714630834,,,34.24145695086261,24.159610777413523,0.024182312390821935,0.7872447118751827,-0.04843886599173022,-0.07183319453995299,,-0.020176409765050887,-0.04843886599173022,-0.020176409765050887,-0.011964777240382363,,,0.22650712050068478,0.28743394692440916,0.010873023544024876,-0.6823394569151874
Z5,Z4_MATCHED_Z5,2026,LOCAL3,dynamic,adjacent_percent_change_new_extension,residual_ftv,BPE,,T0->T1,difference,goal6_transformed_standardized_residual,375,0.04872958845061612,0.021172564404333596,,-0.03303458594392238,0.04872958845061612,-0.03303458594392238,0.07706863085900284,,,34.648263138382745,24.566131368775427,0.035470329569715846,0.044777380149887934,375,0.11452180360436989,0.1179342137614575,,-0.0027349028585208664,0.11452180360436989,-0.0027349028585208664,0.09745661618569501,,,34.26342780789423,24.164799857800148,0.03549133162497289,0.7095086626239405,-0.06579221515375377,-0.0967616493571239,,-0.030299683085401517,-0.06579221515375377,-0.030299683085401517,-0.02038798532669217,,,0.3848353304885137,0.40133151097527886,-2.100205525704113e-05,-0.6647312824740526
Z5,Z4_MATCHED_Z5,3026,LOCAL0,dynamic,adjacent_percent_change_new_extension,residual_ftv,BPE,,T0->T1,difference,goal6_transformed_standardized_residual,375,-0.020118310552952406,-0.01727388077079295,,-0.06482153197389859,-0.020118310552952406,-0.06482153197389859,0.06406737758950387,,,34.891453206555695,24.58637919917499,0.047093978593426275,-0.13519534239912068,375,0.06850706990011783,0.05594915510888829,,-0.06138417124251001,0.06850706990011783,-0.06138417124251001,0.06629695135715563,,,34.84986930844923,24.810999810465795,0.07778601362947597,0.2582441382158008,-0.08862538045307024,-0.07322303587968124,,-0.003437360731388575,-0.08862538045307024,-0.003437360731388575,-0.00222957376765176,,,0.04158389810646668,-0.22462061129080624,-0.030692035036049697,-0.39343948061492146
Z5,Z4_MATCHED_Z5,3026,LOCAL3,dynamic,adjacent_percent_change_new_extension,residual_ftv,BPE,,T0->T1,difference,goal6_transformed_standardized_residual,375,-0.029307127775533497,-0.017007064619550406,,-0.048804209033615084,-0.029307127775533497,-0.048804209033615084,0.07428814089537561,,,34.70041582310573,24.564950852292736,0.02698136095502839,-0.09179657436510821,375,0.053011989713458184,0.05927812936361638,,-0.0722716918989757,0.053011989713458184,-0.0722716918989757,0.05898354421163543,,,34.986087213420156,24.9485399572179,0.07571796598512051,0.4172743648287975,-0.08231911748899168,-0.07628519398316679,,0.023467482865360614,-0.08231911748899168,0.023467482865360614,0.01530459668374018,,,-0.2856713903144268,-0.3835891049251643,-0.048736605030092126,-0.5090709391939057
Z5,Z4_MATCHED_Z5,2026,LOCAL0,dynamic,adjacent_percent_change_new_extension,residual_ftv,BPE,,T1->T2,difference,goal6_transformed_standardized_residual,374,0.20198307068056454,0.1860082381179277,,0.0035681357309846834,0.20198307068056454,0.0035681357309846834,0.050865666731768844,,,35.42807549214924,25.021006171842867,0.03693335502586129,1.0137199300592075,374,0.19422301505237088,0.1889306189012957,,-0.0011800551501558864,0.19422301505237088,-0.0011800551501558864,0.045995362129916284,,,35.518855444425185,25.15671337148951,0.061627973954458466,0.8386190514067078,0.007760055628193652,-0.0029223807833680115,,0.00474819088114057,0.007760055628193652,0.00474819088114057,0.00487030460185256,,,-0.09077995227594471,-0.13570719964664235,-0.024694618928597173,0.17510087865249968
Z5,Z4_MATCHED_Z5,2026,LOCAL3,dynamic,adjacent_percent_change_new_extension,residual_ftv,BPE,,T1->T2,difference,goal6_transformed_standardized_residual,374,0.18537756625207819,0.17909745757481785,,-0.018894775557032846,0.18537756625207819,-0.018894775557032846,0.03377350439194304,,,35.745649356219545,25.407683071506643,0.061987377468156996,0.9012402587300307,374,0.19777376283584103,0.1946431751889378,,0.0014349395006700077,0.19777376283584103,0.0014349395006700077,0.04702110249774738,,,35.49975547318702,25.09941303649939,0.06635894344521225,0.8173623146709296,-0.012396196583762842,-0.015545717614119964,,-0.020329715057702855,-0.012396196583762842,-0.020329715057702855,-0.013247598105804337,,,0.24589388303252235,0.30827003500725425,-0.00437156597705525,0.0838779440591011
Z5,Z4_MATCHED_Z5,3026,LOCAL0,dynamic,adjacent_percent_change_new_extension,residual_ftv,BPE,,T1->T2,difference,goal6_transformed_standardized_residual,374,0.15876439013114488,0.16887760167324933,,-0.018653841016808004,0.15876439013114488,-0.018653841016808004,0.03407462484005852,,,35.740078931090935,25.313514543774982,0.05933193750207276,0.9788469216063271,374,0.14692221178897905,0.16402289447187854,,-0.05458543925966692,0.14692221178897905,-0.05458543925966692,0.0028808902027482874,,,36.31259111509423,25.79663995050287,0.11766283497270545,0.6319934997548524,0.011842178342165832,0.004854707201370795,,0.035931598242858916,0.011842178342165832,0.035931598242858916,0.031193734637310233,,,-0.5725121840032941,-0.4831254067278863,-0.05833089747063269,0.3468534218514747
Z5,Z4_MATCHED_Z5,3026,LOCAL3,dynamic,adjacent_percent_change_new_extension,residual_ftv,BPE,,T1->T2,difference,goal6_transformed_standardized_residual,374,0.1456293760007722,0.16165003982452397,,-0.024135821801920962,0.1456293760007722,-0.024135821801920962,0.02979557550740708,,,35.81915572368779,25.374736815205036,0.059578837820295084,0.9890409707288716,374,0.15561429318718584,0.17691615881674363,,-0.00927700877600108,0.15561429318718584,-0.00927700877600108,0.040056071346185496,,,35.62924772406076,25.376561268335298,0.07326893382198729,0.7262055292063463,-0.009984917186413644,-0.015266118992219663,,-0.014858813025919883,-0.009984917186413644,-0.014858813025919883,-0.010260495838778416,,,0.18990799962703164,-0.001824453130261361,-0.013690096001692208,0.26283544152252536
Z5,Z4_MATCHED_Z5,2026,LOCAL0,dynamic,adjacent_percent_change_new_extension,residual_ftv,BPE,,T2->T3,difference,goal6_transformed_standardized_residual,373,0.07131409643591423,0.07349670510939643,,-0.09397227140254774,0.07131409643591423,-0.09397227140254774,0.011231448449511183,,,45.447865316144764,29.82563905969151,0.08311614514460845,0.8207548568223295,373,0.1505240364023102,0.09480403327254361,,-0.025650713252817706,0.1505240364023102,-0.025650713252817706,0.038379320047790766,,,44.81960905028878,28.914708429509826,0.02510765447230191,0.8129369948515814,-0.07920993996639598,-0.021307328163147177,,-0.06832155814973004,-0.07920993996639598,-0.06832155814973004,-0.027147871598279583,,,0.6282562658559812,0.9109306301816851,0.05800849067230654,0.007817861970748075
Z5,Z4_MATCHED_Z5,2026,LOCAL3,dynamic,adjacent_percent_change_new_extension,residual_ftv,BPE,,T2->T3,difference,goal6_transformed_standardized_residual,373,0.07622623825443617,0.08497610355826492,,-0.09099420813170822,0.07622623825443617,-0.09099420813170822,0.019837735098006015,,,45.24964289109979,29.769791072522644,0.09200509611291496,0.6760916767608448,373,0.11353601962001889,0.08054944900152136,,-0.07244733489609675,0.11353601962001889,-0.07244733489609675,0.020268471323776405,,,45.23969923030139,29.347067272604136,0.052593562256303565,0.8506159673820344,-0.03730978136558272,0.004426654556743556,,-0.018546873235611466,-0.03730978136558272,-0.018546873235611466,-0.0004307362257703895,,,0.009943660798398923,0.42272379991850784,0.0394115338566114,-0.17452429062118957
Z5,Z4_MATCHED_Z5,3026,LOCAL0,dynamic,adjacent_percent_change_new_extension,residual_ftv,BPE,,T2->T3,difference,goal6_transformed_standardized_residual,373,0.09475775967161955,0.08049308880874172,,-0.03801915922591073,0.09475775967161955,-0.03801915922591073,0.030269549506954818,,,45.00820400635888,28.979332824914582,0.03147589422626909,0.5845409499857775,373,0.17204154040578346,0.12674642924904192,,-0.07153802964635793,0.17204154040578346,-0.07153802964635793,0.02965078041246494,,,45.02256121481479,29.23798983338852,0.0934820768088049,0.6694935820475383,-0.0772837807341639,-0.0462533404403002,,0.0335188704204472,-0.0772837807341639,0.0335188704204472,0.0006187690944898794,,,-0.014357208455912485,-0.25865700847393924,-0.062006182582535804,-0.08495263206176074
Z5,Z4_MATCHED_Z5,3026,LOCAL3,dynamic,adjacent_percent_change_new_extension,residual_ftv,BPE,,T2->T3,difference,goal6_transformed_standardized_residual,373,0.12154352238750654,0.08113633818146014,,-0.03791162184540065,0.12154352238750654,-0.03791162184540065,0.029707896450354876,,,45.021236151578755,29.02332587072481,0.029672111080399213,0.6246603889724024,373,0.17857278998918122,0.13340221398243404,,-0.023598891739764878,0.17857278998918122,-0.023598891739764878,0.05207262037539662,,,44.49935340249248,28.932883512034948,0.053020100121951755,0.6149655956718665,-0.05702926760167468,-0.0522658758009739,,-0.014312730105635774,-0.05702926760167468,-0.014312730105635774,-0.02236472392504174,,,0.5218827490862736,0.09044235868986306,-0.023347989041552542,0.009694793300535909
Z5,Z4_MATCHED_Z5,2026,LOCAL0,dynamic,adjacent_percent_change_new_extension,residual_ftv,LD,,T0->T1,difference,goal6_transformed_standardized_residual,375,0.02615417489385167,0.03242390364625239,,-0.04454919895998167,0.02615417489385167,-0.04454919895998167,0.04353405873904059,,,35.1507417410277,18.128489880513865,0.031063875357100174,0.2399837987938647,375,0.08560677641945898,0.09695713173952686,,-0.025415973266092635,0.08560677641945898,-0.025415973266092635,0.05433779449730969,,,34.95165581486926,17.991312674084487,0.025608078725444145,0.9223800740555274,-0.05945260152560731,-0.06453322809327447,,-0.019133225693889033,-0.05945260152560731,-0.019133225693889033,-0.010803735758269095,,,0.199085926158439,0.13717720642937792,0.005455796631656028,-0.6823962752616627
Z5,Z4_MATCHED_Z5,2026,LOCAL3,dynamic,adjacent_percent_change_new_extension,residual_ftv,LD,,T0->T1,difference,goal6_transformed_standardized_residual,375,0.06359754895681173,0.05174588069874761,,-0.04003500667055679,0.06359754895681173,-0.04003500667055679,0.04264430464634983,,,35.167087459590014,18.093282427929804,0.031121381082226486,0.381130309511789,375,0.06731444739766657,0.08654558282282232,,-0.03177236892178815,0.06731444739766657,-0.03177236892178815,0.04818925588412726,,,35.065096651080395,18.053836751477522,0.02815143566284394,0.8231661921342815,-0.003716898440854835,-0.03479970212407471,,-0.00826263774876864,-0.003716898440854835,-0.00826263774876864,-0.005544951237777429,,,0.10199080850961906,0.039445676452281475,0.0029699454193825477,-0.44203588262249255
Z5,Z4_MATCHED_Z5,3026,LOCAL0,dynamic,adjacent_percent_change_new_extension,residual_ftv,LD,,T0->T1,difference,goal6_transformed_standardized_residual,375,-0.006756279095097255,0.00966185673866271,,-0.03289913261751162,-0.006756279095097255,-0.03289913261751162,0.04779025296606998,,,35.072445596236015,17.93323316930326,0.0181322209737951,0.04718621553198708,375,0.03861065071279104,0.0666788824412522,,-0.022419447995159533,0.03861065071279104,-0.022419447995159533,0.057175591731118525,,,34.89917394871877,17.904591900488104,0.019188863495120535,0.5678630131092344,-0.04536692980788829,-0.057017025702589486,,-0.01047968462235209,-0.04536692980788829,-0.01047968462235209,-0.009385338765048545,,,0.17327164751724666,0.02864126881515716,-0.0010566425213254342,-0.5206767975772473
Z5,Z4_MATCHED_Z5,3026,LOCAL3,dynamic,adjacent_percent_change_new_extension,residual_ftv,LD,,T0->T1,difference,goal6_transformed_standardized_residual,375,0.01773107953314564,0.02846545836614538,,-0.02638776922621533,0.01773107953314564,-0.02638776922621533,0.05088963361334531,,,35.01531981123758,17.862369969556827,0.017410738868565,0.15049700253207662,375,0.09190565064592915,0.11009153731803785,,-0.018135481109221634,0.09190565064592915,-0.018135481109221634,0.059605779161207795,,,34.854167553371056,17.88304709577112,0.026233851480631832,0.789034897719603,-0.07417457111278351,-0.08162607895189247,,-0.008252288116993696,-0.07417457111278351,-0.008252288116993696,-0.008716145547862486,,,0.16115225786652587,-0.02067712621429152,-0.008823112612066832,-0.6385378951875263
Z5,Z4_MATCHED_Z5,2026,LOCAL0,dynamic,adjacent_percent_change_new_extension,residual_ftv,LD,,T1->T2,difference,goal6_transformed_standardized_residual,369,0.07232435327102257,0.07418019464859814,,-0.013451795762124108,0.07232435327102257,-0.013451795762124108,0.045646771932150054,,,51.347711458392375,31.31014732387853,0.01788799443234089,0.5737483690899434,369,0.01230106618829894,-0.028130121271730757,,-0.07054792155285862,0.01230106618829894,-0.07054792155285862,0.020721583096648066,,,52.01392296056787,32.13098828113453,0.03759772526277404,-0.07139643432608157,0.060023287082723635,0.1023103159203289,,0.05709612579073451,0.060023287082723635,0.05709612579073451,0.024925188835501988,,,-0.6662115021754929,-0.8208409572559958,-0.019709730830433148,0.645144803416025
Z5,Z4_MATCHED_Z5,2026,LOCAL3,dynamic,adjacent_percent_change_new_extension,residual_ftv,LD,,T1->T2,difference,goal6_transformed_standardized_residual,369,0.07428961761023622,0.069116618430738,,-0.03120396722088179,0.07428961761023622,-0.03120396722088179,0.03651360247000213,,,51.592825462246886,31.655777287217376,0.03528947120970322,0.5343314088008235,369,0.007002582135894522,-0.025782791459423707,,-0.06521017188600506,0.007002582135894522,-0.06521017188600506,0.02409359338501682,,,51.92429434987868,31.996303175964147,0.03585774178022485,-0.09749671903700965,0.0672870354743417,0.09489940989016171,,0.03400620466512327,0.0672870354743417,0.03400620466512327,0.012420009084985306,,,-0.33146888763179305,-0.3405258887467717,-0.0005682705705216257,0.6318281278378332
Z5,Z4_MATCHED_Z5,3026,LOCAL0,dynamic,adjacent_percent_change_new_extension,residual_ftv,LD,,T1->T2,difference,goal6_transformed_standardized_residual,369,0.00922179988832312,-0.02998645382555668,,-0.04134717494421331,0.00922179988832312,-0.04134717494421331,0.03323193407361391,,,51.68061425761782,31.66474225381686,0.016285064504761287,-0.2880938494406402,369,0.06519250404531396,0.014062943025953917,,-0.035754014434259296,0.06519250404531396,-0.035754014434259296,0.035740747337307144,,,51.613513760050004,31.527307725947576,0.017492627428531252,0.2107474410334106,-0.05597070415699084,-0.044049396851510596,,-0.005593160509954016,-0.05597070415699084,-0.005593160509954016,-0.0025088132636932325,,,0.06710049756781444,0.137434527869285,-0.0012075629237699656,-0.4988412904740508
Z5,Z4_MATCHED_Z5,3026,LOCAL3,dynamic,adjacent_percent_change_new_extension,residual_ftv,LD,,T1->T2,difference,goal6_transformed_standardized_residual,369,0.035619496813701496,-0.016354515555119842,,-0.056940787203318764,0.035619496813701496,-0.056940787203318764,0.024275311300075764,,,51.91945986281972,31.93534559484907,0.03459769133844491,-0.11596281762897724,369,0.046598767189548335,0.0011231443714373858,,-0.04560054949050565,0.046598767189548335,-0.04560054949050565,0.029478597016460828,,,51.78083832702219,31.731252662556983,0.03145762993404069,-0.015189396212405528,-0.010979270375846839,-0.01747765992655723,,-0.011340237712813117,-0.010979270375846839,-0.011340237712813117,-0.005203285716385064,,,0.1386215357975331,0.20409293229208814,0.003140061404404218,-0.10077342141657171
Z5,Z4_MATCHED_Z5,2026,LOCAL0,dynamic,adjacent_percent_change_new_extension,residual_ftv,LD,,T2->T3,difference,goal6_transformed_standardized_residual,311,0.019184360873090774,0.06344695086384589,,-0.033539384595424125,0.019184360873090774,-0.033539384595424125,-0.01505908787861654,,,73.16621054810706,41.34369701511089,0.05086380650793801,0.43495915659080897,311,0.011174325837433547,0.05769580130445759,,-0.029594777676129037,0.011174325837433547,-0.029594777676129037,-0.013871040459775053,,,73.12338034332765,41.239563849108706,0.05790064633477394,0.23967096767863735,0.008010035035657228,0.005751149559388297,,-0.003944606919295088,0.008010035035657228,-0.003944606919295088,-0.001188047418841487,,,0.042830204779406245,0.10413316600218536,-0.007036839826835929,0.19528818891217162
Z5,Z4_MATCHED_Z5,2026,LOCAL3,dynamic,adjacent_percent_change_new_extension,residual_ftv,LD,,T2->T3,difference,goal6_transformed_standardized_residual,311,0.01250338712586802,0.06729009631211423,,-0.020772841172082317,0.01250338712586802,-0.020772841172082317,-0.010040564225165749,,,72.98511698573452,41.18298240318606,0.0461885530091686,0.40804490801693605,311,0.0042200711109883,0.05152700067201055,,-0.0327188271306233,0.0042200711109883,-0.0327188271306233,-0.019877665662110466,,,73.33966826396657,41.31558076318342,0.058369871828664543,0.20638388505261404,0.008283316014879721,0.015763095640103683,,0.011945985958540985,0.008283316014879721,0.011945985958540985,0.009837101436944717,,,-0.35455127823205146,-0.1325983599973597,-0.012181318819495947,0.201661022964322
Z5,Z4_MATCHED_Z5,3026,LOCAL0,dynamic,adjacent_percent_change_new_extension,residual_ftv,LD,,T2->T3,difference,goal6_transformed_standardized_residual,311,0.10832047816542881,0.12803011572948675,,0.00784915915271069,0.10832047816542881,0.00784915915271069,0.0033141276877365344,,,72.50100916968931,40.58920986169407,0.02832039803101244,0.9149637904967058,311,0.11543355049760474,0.14197771077061197,,0.0007367180626099978,0.11543355049760474,0.0007367180626099978,0.008225624894967254,,,72.32215227807914,40.552499395964965,0.05792270285505377,0.739336089087679,-0.007113072332175938,-0.013947595041125221,,0.007112441090100691,-0.007113072332175938,0.007112441090100691,-0.0049114972072307195,,,0.1788568916101667,0.036710465729107966,-0.02960230482404133,0.17562770140902684
Z5,Z4_MATCHED_Z5,3026,LOCAL3,dynamic,adjacent_percent_change_new_extension,residual_ftv,LD,,T2->T3,difference,goal6_transformed_standardized_residual,311,0.05867834328226012,0.09271855319663652,,-0.004466605162373234,0.05867834328226012,-0.004466605162373234,9.631810065835467e-05,,,72.61794995007267,40.870832308473844,0.040755189082890705,0.5055170723746686,311,0.10012801349638024,0.1272659533028878,,-0.0008661942405493547,0.10012801349638024,-0.0008661942405493547,0.0032715717404633304,,,72.50255695735028,40.58950458790792,0.04408622029104868,0.826465323552965,-0.041449670214120125,-0.03454740010625129,,-0.0036004109218238795,-0.041449670214120125,-0.0036004109218238795,-0.0031752536398049758,,,0.11539299272239134,0.28132772056592614,-0.003331031208157975,-0.3209482511782964
Z5,Z4_MATCHED_Z5,2026,LOCAL0,dynamic,adjacent_percent_change_new_extension,residual_ftv,SPH,,T0->T1,difference,goal6_transformed_standardized_residual,375,0.04517283847287363,0.03527874241854572,,-0.127753259075305,0.04517283847287363,-0.127753259075305,-0.05683277624215455,,,37.84581866640632,26.973796753646223,0.08584623718043126,0.2730110595842511,375,0.04933289364374446,0.007296292253243934,,-0.10650126892935717,0.04933289364374446,-0.10650126892935717,-0.040719319019949296,,,37.55619414733005,26.567635354208324,0.06395183813335908,-0.029164263398976344,-0.004160055170870834,0.027982450165301785,,-0.02125199014594782,-0.004160055170870834,-0.02125199014594782,-0.016113457222205252,,,0.28962451907627695,0.40616139943789875,0.021894399047072174,0.3021753229832274
Z5,Z4_MATCHED_Z5,2026,LOCAL3,dynamic,adjacent_percent_change_new_extension,residual_ftv,SPH,,T0->T1,difference,goal6_transformed_standardized_residual,375,0.06557085569670543,0.04304734115323416,,-0.07560440688870441,0.06557085569670543,-0.07560440688870441,-0.021308380587630404,,,37.20430662708533,26.200440387602043,0.05251214890510424,0.19227415584913266,375,0.04931810036706025,0.014440386536010399,,-0.11897812798073513,0.04931810036706025,-0.11897812798073513,-0.045926441098446125,,,37.650031015243556,26.642664316403767,0.06528503318300731,0.07852533503775984,0.01625275532964518,0.02860695461722376,,0.04337372109203072,0.01625275532964518,0.04337372109203072,0.02461806051081572,,,-0.4457243881582258,-0.4422239288017238,-0.012772884277903067,0.11374882081137282
Z5,Z4_MATCHED_Z5,3026,LOCAL0,dynamic,adjacent_percent_change_new_extension,residual_ftv,SPH,,T0->T1,difference,goal6_transformed_standardized_residual,375,0.09321220460312768,0.09405654086321706,,-0.07837932834564161,0.09321220460312768,-0.07837932834564161,-0.011099693655682197,,,37.01789818842218,26.09966691871171,0.03941319139837213,0.6756811238780939,375,0.02812240041371992,0.0020256880453267314,,-0.13925631826533377,0.02812240041371992,-0.13925631826533377,-0.055788226189859236,,,37.82711105925811,26.81685704428858,0.08598982159134236,-0.07258742135310614,0.06508980418940775,0.09203085281789034,,0.06087698991969216,0.06508980418940775,0.06087698991969216,0.04468853253417704,,,-0.8092128708359283,-0.7171901255768702,-0.04657663019297023,0.7482685452312
Z5,Z4_MATCHED_Z5,3026,LOCAL3,dynamic,adjacent_percent_change_new_extension,residual_ftv,SPH,,T0->T1,difference,goal6_transformed_standardized_residual,375,0.07539386656228136,0.09443302255425491,,-0.07647282020808664,0.07539386656228136,-0.07647282020808664,-0.015554633450211908,,,37.0993596186512,26.272395002936953,0.05052679735066306,0.5238707048185748,375,0.019507443911995933,-0.0018549215454259404,,-0.09380153748724342,0.019507443911995933,-0.09380153748724342,-0.03227535138916049,,,37.40352610481779,26.32657047560082,0.0339418609471806,-0.07756563189923081,0.05588642265028543,0.09628794409968085,,0.017328717279156775,0.05588642265028543,0.017328717279156775,0.01672071793894858,,,-0.3041664861665936,-0.05417547266386791,0.016584936403482457,0.6014363367178056
Z5,Z4_MATCHED_Z5,2026,LOCAL0,dynamic,adjacent_percent_change_new_extension,residual_ftv,SPH,,T1->T2,difference,goal6_transformed_standardized_residual,374,0.03624788042189116,0.07539056053975375,,-0.03456100486444508,0.03624788042189116,-0.03456100486444508,0.11907634867649697,,,55.027413504544334,37.81012806863881,0.02484861859760684,0.4653158554057822,374,-0.010222295340705748,0.03652594011213092,,-0.08546342709638353,-0.010222295340705748,-0.08546342709638353,0.09041011228628959,,,55.915572576816736,38.8658045442022,0.06618353090201938,0.081393314246595,0.046470175762596905,0.03886462042762283,,0.05090242223193846,0.046470175762596905,0.05090242223193846,0.028666236390207378,,,-0.8881590722724013,-1.0556764755633878,-0.04133491230441254,0.38392254115918717
Z5,Z4_MATCHED_Z5,2026,LOCAL3,dynamic,adjacent_percent_change_new_extension,residual_ftv,SPH,,T1->T2,difference,goal6_transformed_standardized_residual,374,0.013824056290698192,0.06372566248655903,,-0.04683123339547969,0.013824056290698192,-0.04683123339547969,0.11327706108496227,,,55.20824433533918,38.35026733888526,0.0476891221943438,0.24994948030032232,374,-0.009864561735817397,0.03843795042891633,,-0.07865888440317545,-0.009864561735817397,-0.07865888440317545,0.09403939511160164,,,55.803908923789315,38.789690958843295,0.05782033415385395,0.11195795118771079,0.02368861802651559,0.0252877120576427,,0.03182765100769576,0.02368861802651559,0.03182765100769576,0.01923766597336063,,,-0.5956645884501341,-0.4394236199580348,-0.010131211959510153,0.13799152911261153
Z5,Z4_MATCHED_Z5,3026,LOCAL0,dynamic,adjacent_percent_change_new_extension,residual_ftv,SPH,,T1->T2,difference,goal6_transformed_standardized_residual,374,0.0701705296720663,0.08664987091627734,,-0.031092230537178415,0.0701705296720663,-0.031092230537178415,0.13037281506174403,,,54.67345489675156,37.75816212770426,0.021250724014606433,0.7142070905304537,374,0.029873782576338947,0.09285876929396529,,-0.02866412386567407,0.029873782576338947,-0.02866412386567407,0.1322572992478741,,,54.61418401565056,37.989146464283806,0.01923229883729401,0.6917332249900163,0.04029674709572735,-0.006208898377687955,,-0.0024281066715043445,0.04029674709572735,-0.0024281066715043445,-0.0018844841861300754,,,0.05927088110099987,-0.23098433657954587,0.0020184251773124225,0.0224738655404374
Z5,Z4_MATCHED_Z5,3026,LOCAL3,dynamic,adjacent_percent_change_new_extension,residual_ftv,SPH,,T1->T2,difference,goal6_transformed_standardized_residual,374,0.05235966558808236,0.059215366104263784,,-0.036480894860388254,0.05235966558808236,-0.036480894860388254,0.12590373318765602,,,54.813760440199424,37.83363404706781,0.021897518561910724,0.43172636608348336,374,0.02706080845760302,0.0694682182722216,,-0.03422175315721675,0.02706080845760302,-0.03422175315721675,0.12947021232619038,,,54.701820852032206,38.0747197047327,0.018381805131726936,0.5379814454837775,0.02529885713047934,-0.010252852167957821,,-0.0022591417031715064,0.02529885713047934,-0.0022591417031715064,-0.003566479138534362,,,0.11193958816721761,-0.24108565766488965,0.003515713430183788,-0.1062550794002941
Z5,Z4_MATCHED_Z5,2026,LOCAL0,dynamic,adjacent_percent_change_new_extension,residual_ftv,SPH,,T2->T3,difference,goal6_transformed_standardized_residual,373,0.04250122039653672,0.04459644254236998,,-0.049762297288146656,0.04250122039653672,-0.049762297288146656,0.09585337158523621,,,61.38171358330611,38.077037439393216,0.029846193271018225,0.4039528549635684,373,0.0830458563594765,0.08057481365333975,,-0.0423633763501973,0.0830458563594765,-0.0423633763501973,0.1038497607784663,,,61.10967687657848,37.82944767108299,0.037927691731665894,0.6026014139170655,-0.040544635962939786,-0.03597837111096977,,-0.007398920937949353,-0.040544635962939786,-0.007398920937949353,-0.007996389193230091,,,0.2720367067276257,0.2475897683102275,-0.008081498460647669,-0.19864855895349703
Z5,Z4_MATCHED_Z5,2026,LOCAL3,dynamic,adjacent_percent_change_new_extension,residual_ftv,SPH,,T2->T3,difference,goal6_transformed_standardized_residual,373,0.022681118039032454,0.024601732596555046,,-0.06723753231047247,0.022681118039032454,-0.06723753231047247,0.07563822705342493,,,62.06411447112569,38.43447965135877,0.03648809216837864,0.2993232930368052,373,0.08589353251307827,0.07728463664772195,,-0.04356522034999681,0.08589353251307827,-0.04356522034999681,0.10170822290603077,,,61.182650464295314,37.76466435756738,0.03746880725437819,0.5730189507070691,-0.06321241447404581,-0.05268290405116691,,-0.02367231196047566,-0.06321241447404581,-0.02367231196047566,-0.026069995852605832,,,0.8814640068303774,0.6698152937913875,-0.0009807150859995548,-0.2736956576702639
Z5,Z4_MATCHED_Z5,3026,LOCAL0,dynamic,adjacent_percent_change_new_extension,residual_ftv,SPH,,T2->T3,difference,goal6_transformed_standardized_residual,373,0.0028414631421716015,0.04233595323688987,,-0.05730738435762282,0.0028414631421716015,-0.05730738435762282,0.08483216989961473,,,61.75469022456245,38.08728188468594,0.043994588473620186,0.1676651625663969,373,0.03656709089443563,0.07622719752784816,,-0.04596916756898297,0.03656709089443563,-0.04596916756898297,0.09646567962581432,,,61.36092553797602,38.14079607341664,0.04258560471166499,0.4026811138235142,-0.03372562775226403,-0.03389124429095829,,-0.011338216788639853,-0.03372562775226403,-0.011338216788639853,-0.011633509726199587,,,0.3937646865864295,-0.05351418873069491,0.001408983761955196,-0.23501595125711727
Z5,Z4_MATCHED_Z5,3026,LOCAL3,dynamic,adjacent_percent_change_new_extension,residual_ftv,SPH,,T2->T3,difference,goal6_transformed_standardized_residual,373,-0.01462471961654148,0.041020931558680196,,-0.07858414118445058,-0.01462471961654148,-0.07858414118445058,0.07733348722907651,,,62.00717620874103,38.69740827863032,0.05997347210016543,0.19998731363257757,373,-0.0015671577122900928,0.04252639377022817,,-0.09430975343732965,-0.0015671577122900928,-0.09430975343732965,0.0695922221971732,,,62.266756099516904,38.89287619299663,0.06266443826975684,0.3492583109095317,-0.013057561904251388,-0.0015054622115479727,,0.01572561225287908,-0.013057561904251388,0.01572561225287908,0.0077412650319033105,,,-0.25957989077587484,-0.1954679143663114,-0.0026909661695914133,-0.14927099727695411
Z5,Z4_MATCHED_Z5,2026,LOCAL0,dynamic,adjacent_percent_change_new_extension,residual_ftv_ld,BPE,,T0->T1,difference,goal6_transformed_standardized_residual,375,0.06907954658669144,0.04149370206642397,,-0.02367623008761913,0.06907954658669144,-0.02367623008761913,0.09437968571636324,,,34.321783165427696,24.4237026674451,0.0348588028193053,0.12132439976834572,375,0.1078839614312411,0.1099974138437609,,-0.0034416783528591136,0.1078839614312411,-0.0034416783528591136,0.10611356727995902,,,34.09870912350024,24.161726567177634,0.024438801157643165,0.7722392374183532,-0.03880441484454966,-0.06850371177733693,,-0.020234551734760017,-0.03880441484454966,-0.020234551734760017,-0.011733881563595783,,,0.22307404192745395,0.2619761002674643,0.010420001661662133,-0.6509148376500075
Z5,Z4_MATCHED_Z5,2026,LOCAL3,dynamic,adjacent_percent_change_new_extension,residual_ftv_ld,BPE,,T0->T1,difference,goal6_transformed_standardized_residual,375,0.04592487808961068,0.020478442746540846,,-0.03572620746948781,0.04592487808961068,-0.03572620746948781,0.08491296813324323,,,34.500704687524824,24.55856383026923,0.03520111917166994,0.03591226953280963,375,0.10760424921789372,0.11585579247219943,,-0.005707491855676135,0.10760424921789372,-0.005707491855676135,0.10459680322507281,,,34.127626541456955,24.191281047024113,0.03557862616480367,0.6982555595240416,-0.061679371128283034,-0.09537734972565859,,-0.030018715613811676,-0.061679371128283034,-0.030018715613811676,-0.019683835091829582,,,0.3730781460678685,0.3672827832451162,-0.00037750699313373465,-0.6623432899912319
Z5,Z4_MATCHED_Z5,3026,LOCAL0,dynamic,adjacent_percent_change_new_extension,residual_ftv_ld,BPE,,T0->T1,difference,goal6_transformed_standardized_residual,375,-0.029870297869731773,-0.02013662327736038,,-0.0696444239774972,-0.029870297869731773,-0.0696444239774972,0.07135242798867747,,,34.755395037148126,24.65506380903947,0.04855996842906783,-0.1508096330386615,375,0.06905406098696136,0.05624322063491621,,-0.06510746877501582,0.06905406098696136,-0.06510746877501582,0.07394416561222839,,,34.7068622009102,24.81839779318048,0.07897749490202563,0.26416368833803167,-0.09892435885669314,-0.07637984391227659,,-0.004536955202481388,-0.09892435885669314,-0.004536955202481388,-0.002591737623550916,,,0.048532836237924926,-0.16333398414101197,-0.030417526472957798,-0.4149733213766932
Z5,Z4_MATCHED_Z5,3026,LOCAL3,dynamic,adjacent_percent_change_new_extension,residual_ftv_ld,BPE,,T0->T1,difference,goal6_transformed_standardized_residual,375,-0.037854469896456286,-0.02339876013650333,,-0.05396647650546517,-0.037854469896456286,-0.05396647650546517,0.0813540414520092,,,34.56772909199634,24.619861680256395,0.02731864562779062,-0.13038370826649215,375,0.04875694507133211,0.05874262784906389,,-0.07547001464521505,0.04875694507133211,-0.07547001464521505,0.06702303715761737,,,34.83631632896635,24.939921779194254,0.07606920119886293,0.4125327798073089,-0.0866114149677884,-0.08214138798556722,,0.02150353813974988,-0.0866114149677884,0.02150353813974988,0.014331004294391825,,,-0.2685872369700064,-0.3200600989378586,-0.04875055557107231,-0.5429164880738011
Z5,Z4_MATCHED_Z5,2026,LOCAL0,dynamic,adjacent_percent_change_new_extension,residual_ftv_ld,BPE,,T1->T2,difference,goal6_transformed_standardized_residual,369,0.20063837190495176,0.18160803345916038,,-0.002522909726123604,0.20063837190495176,-0.002522909726123604,0.04464926964975502,,,35.596967800721615,25.106718336463054,0.03565900247349483,0.997164077920357,369,0.19257296528172554,0.18408488800929548,,-0.007572397765846234,0.19257296528172554,-0.007572397765846234,0.0390385765001362,,,35.70134375134934,25.240086474296866,0.060573171099914704,0.8160980830969109,0.008065406623226218,-0.0024768545501351047,,0.00504948803972263,0.008065406623226218,0.00504948803972263,0.005610693149618817,,,-0.10437595062772687,-0.13336813783381274,-0.024914168626419875,0.1810659948234461
Z5,Z4_MATCHED_Z5,2026,LOCAL3,dynamic,adjacent_percent_change_new_extension,residual_ftv_ld,BPE,,T1->T2,difference,goal6_transformed_standardized_residual,369,0.1835417637785489,0.17654921606145235,,-0.024608049399630474,0.1835417637785489,-0.024608049399630474,0.02772637188030247,,,35.910862730090685,25.500704439480103,0.05968082585428949,0.9007847295498891,369,0.19723582730943023,0.19068827127823687,,-0.004006128228548146,0.19723582730943023,-0.004006128228548146,0.040881383360579115,,,35.66709562698929,25.17206167103856,0.06427215587801514,0.8035126854123256,-0.013694063530881345,-0.014139055216784518,,-0.020601921171082328,-0.013694063530881345,-0.020601921171082328,-0.013155011480276646,,,0.2437671031013977,0.3286427684415436,-0.004591330023725651,0.09727204413756352
Z5,Z4_MATCHED_Z5,3026,LOCAL0,dynamic,adjacent_percent_change_new_extension,residual_ftv_ld,BPE,,T1->T2,difference,goal6_transformed_standardized_residual,369,0.15609136241593718,0.16004377495880553,,-0.025300112748717147,0.15609136241593718,-0.025300112748717147,0.026782987239224454,,,35.92828043101564,25.373008939152676,0.05686735108659993,0.9256729025715662,369,0.13642650472717177,0.15585511680406935,,-0.06640149104471281,0.13642650472717177,-0.06640149104471281,-0.012502705672360115,,,36.64626197856099,25.993626539369792,0.11825899282534552,0.609542700345854,0.019664857688765414,0.00418865815473618,,0.041101378295995666,0.019664857688765414,0.041101378295995666,0.03928569291158457,,,-0.7179815475453566,-0.6206176002171162,-0.06139164173874559,0.3161302022257122
Z5,Z4_MATCHED_Z5,3026,LOCAL3,dynamic,adjacent_percent_change_new_extension,residual_ftv_ld,BPE,,T1->T2,difference,goal6_transformed_standardized_residual,369,0.14462594444442892,0.15325351267275505,,-0.030626000689066204,0.14462594444442892,-0.030626000689066204,0.02259800350038621,,,36.00544614635953,25.46006721356619,0.057176899261518414,0.9383039925302276,369,0.14051691798964625,0.16582444584301673,,-0.018630160481894194,0.14051691798964625,-0.018630160481894194,0.02849749956971459,,,35.89661912998297,25.524897876846946,0.07219265562601974,0.6814071397461378,0.004109026454782672,-0.012570933170261672,,-0.01199584020717201,0.004109026454782672,-0.01199584020717201,-0.0058994960693283804,,,0.10882701637655856,-0.06483066328075537,-0.01501575636450133,0.2568968527840898
Z5,Z4_MATCHED_Z5,2026,LOCAL0,dynamic,adjacent_percent_change_new_extension,residual_ftv_ld,BPE,,T2->T3,difference,goal6_transformed_standardized_residual,311,0.06944460232257887,0.058781607877452124,,-0.051195499733260305,0.06944460232257887,-0.051195499733260305,-0.019204456451513252,,,44.933325145851306,29.012452566603205,0.053703865596351805,0.47486453292691805,311,0.09186815281236863,0.05256273735764851,,-0.05797925096687699,0.09186815281236863,-0.05797925096687699,-0.01613332036549986,,,44.865575997306216,29.1837851360799,0.0567344637516121,0.2875725605598298,-0.02242355048978975,0.006218870519803611,,0.006783751233616686,-0.02242355048978975,0.006783751233616686,-0.003071136086013393,,,0.06774914854509007,-0.1713325694766965,-0.003030598155260293,0.18729197236708822
Z5,Z4_MATCHED_Z5,2026,LOCAL3,dynamic,adjacent_percent_change_new_extension,residual_ftv_ld,BPE,,T2->T3,difference,goal6_transformed_standardized_residual,311,0.13813278720957284,0.1242009251166647,,-0.0750044293299879,0.13813278720957284,-0.0750044293299879,-0.026117688585818755,,,45.08545827685994,29.469763728460574,0.14552031175368577,0.5837153007515258,311,0.06503230704263818,0.050507563015196134,,-0.06419764334614787,0.06503230704263818,-0.06419764334614787,-0.01628913010130817,,,44.869015617605065,29.361901868387204,0.06049329108816863,0.2985842888790943,0.07310048016693466,0.07369336210146857,,-0.010806785983840023,0.07310048016693466,-0.010806785983840023,-0.009828558484510586,,,0.2164426592548736,0.10786186007337051,0.08502702066551714,0.2851310118724315
Z5,Z4_MATCHED_Z5,3026,LOCAL0,dynamic,adjacent_percent_change_new_extension,residual_ftv_ld,BPE,,T2->T3,difference,goal6_transformed_standardized_residual,311,0.10781229149086549,0.08556535819202904,,-0.025689582555383467,0.10781229149086549,-0.025689582555383467,-0.008700293985501428,,,44.70117871332517,28.86333686943452,0.04817477485683459,0.477587484151821,311,0.14614762340609083,0.13505924133082964,,-0.0411038887468771,0.14614762340609083,-0.0411038887468771,-0.002055781602409157,,,44.55370761435677,28.92894428649469,0.09789434001692383,0.5969971152877681,-0.03833533191522534,-0.0494938831388006,,0.015414306191493633,-0.03833533191522534,0.015414306191493633,-0.0066445123830922714,,,0.14747109896840271,-0.06560741706017126,-0.04971956516008924,-0.1194096311359471
Z5,Z4_MATCHED_Z5,3026,LOCAL3,dynamic,adjacent_percent_change_new_extension,residual_ftv_ld,BPE,,T2->T3,difference,goal6_transformed_standardized_residual,311,0.11379056704546033,0.0759975651314708,,-0.02709349307991345,0.11379056704546033,-0.02709349307991345,-0.011060212908366784,,,44.75343879959182,28.81573208231544,0.04420004709429538,0.45009529220429706,311,0.1521958415624076,0.1400868866333467,,-0.030014358356175327,0.1521958415624076,-0.030014358356175327,0.007084379703829247,,,44.35004581983286,28.99396175005227,0.099270754738546,0.48297713233983175,-0.038405274516947266,-0.0640893215018759,,0.002920865276261876,-0.038405274516947266,0.002920865276261876,-0.01814459261219603,,,0.40339297975896216,-0.1782296677368329,-0.05507070764425062,-0.03288184013553469
Z5,Z4_MATCHED_Z5,2026,LOCAL0,dynamic,adjacent_percent_change_new_extension,residual_ftv_ld,SPH,,T0->T1,difference,goal6_transformed_standardized_residual,375,0.05060353378413575,0.040796725010392415,,-0.12119228452874946,0.05060353378413575,-0.12119228452874946,-0.08132218247630818,,,38.28179765379749,27.555921702517317,0.08363396213198993,0.29272775221684794,375,0.05749661490180382,0.01181352989349163,,-0.10413458132129265,0.05749661490180382,-0.10413458132129265,-0.06790290066395666,,,38.043516217657384,27.209693758584244,0.06291658148137595,0.0019737073755671493,-0.006893081117668072,0.028983195116900784,,-0.01705770320745681,-0.006893081117668072,-0.01705770320745681,-0.013419281812351525,,,0.238281436140106,0.3462279439330729,0.020717380650613973,0.2907540448412808
Z5,Z4_MATCHED_Z5,2026,LOCAL3,dynamic,adjacent_percent_change_new_extension,residual_ftv_ld,SPH,,T0->T1,difference,goal6_transformed_standardized_residual,375,0.05714000553074146,0.03414786143750992,,-0.07397467989505732,0.05714000553074146,-0.07397467989505732,-0.04768321136726583,,,37.68163682521447,26.844363673972857,0.02730979376000453,0.24521155852173335,375,0.05137040086204441,0.014460368221192017,,-0.11819331176412845,0.05137040086204441,-0.11819331176412845,-0.07397834470591658,,,38.15158009282332,27.2754395604187,0.06360832246416669,0.08564713157192372,0.005769604668697047,0.0196874932163179,,0.04421863186907113,0.005769604668697047,0.04421863186907113,0.026295133338650745,,,-0.46994326760885485,-0.4310758864458428,-0.036298528704162156,0.15956442694980963
Z5,Z4_MATCHED_Z5,3026,LOCAL0,dynamic,adjacent_percent_change_new_extension,residual_ftv_ld,SPH,,T0->T1,difference,goal6_transformed_standardized_residual,375,0.10234290603102651,0.09771103513192976,,-0.07478457131076932,0.10234290603102651,-0.07478457131076932,-0.0371372398775871,,,37.49150561082617,26.75628589706719,0.03892009607126779,0.7048612744046707,375,0.034215170108682164,0.010840304730949636,,-0.13009255230417544,0.034215170108682164,-0.13009255230417544,-0.08019230946263756,,,38.261792110768575,27.383007960086058,0.08233280569191513,-0.02956471597963041,0.06812773592234435,0.08687073040098012,,0.055307980993406114,0.06812773592234435,0.055307980993406114,0.043055069585050454,,,-0.7702864999424079,-0.6267220630188675,-0.04341270962064734,0.7344259903843011
Z5,Z4_MATCHED_Z5,3026,LOCAL3,dynamic,adjacent_percent_change_new_extension,residual_ftv_ld,SPH,,T0->T1,difference,goal6_transformed_standardized_residual,375,0.09053434562730073,0.09771335508940458,,-0.0726714145573535,0.09053434562730073,-0.0726714145573535,-0.04125420511442579,,,37.56584406214026,26.89957866610866,0.04939630456324756,0.5510659777107212,375,0.027816712768398484,0.006180003753186108,,-0.08862364862268454,0.027816712768398484,-0.08862364862268454,-0.05792616931877115,,,37.865391137852384,26.923382834427034,0.033057338644970825,-0.03629541206574938,0.06271763285890225,0.09153335133621847,,0.015952234065331042,0.06271763285890225,0.015952234065331042,0.016671964204345358,,,-0.2995470757121268,-0.023804168318374508,0.016338965918276736,0.5873613897764706
Z5,Z4_MATCHED_Z5,2026,LOCAL0,dynamic,adjacent_percent_change_new_extension,residual_ftv_ld,SPH,,T1->T2,difference,goal6_transformed_standardized_residual,369,0.06358192697930756,0.09612168385347698,,-0.04550804622635335,0.06358192697930756,-0.04550804622635335,0.10658484564762816,,,55.66983351186416,38.122461391897616,0.04349345460552759,0.5569895161369118,369,-0.008017895836966547,0.03838948600322326,,-0.0878635575292687,-0.008017895836966547,-0.0878635575292687,0.08363988159202596,,,56.38016660888486,39.10947833622283,0.06476534549335575,0.10416961923740185,0.07159982281627411,0.05773219785025372,,0.042355511302915344,0.07159982281627411,0.042355511302915344,0.0229449640556022,,,-0.7103330970207011,-0.9870169443252124,-0.02127189088782816,0.45281989689950997
Z5,Z4_MATCHED_Z5,2026,LOCAL3,dynamic,adjacent_percent_change_new_extension,residual_ftv_ld,SPH,,T1->T2,difference,goal6_transformed_standardized_residual,369,0.036023138869531394,0.06318978110856747,,-0.042602995661669724,0.036023138869531394,-0.042602995661669724,0.11100666006132698,,,55.53189819058424,38.13841263141237,0.026366434742163256,0.3893054577001323,369,-0.009300108813167512,0.041999704182864535,,-0.08030490267574761,-0.009300108813167512,-0.08030490267574761,0.08759106540387673,,,56.25848461356774,38.99925033108567,0.05656777504595781,0.13345638506272628,0.04532324768269891,0.02119007692570294,,0.037701907014077884,0.04532324768269891,0.037701907014077884,0.023415594657450245,,,-0.7265864229834946,-0.8608376996732972,-0.030201340303794552,0.255849072637406
Z5,Z4_MATCHED_Z5,3026,LOCAL0,dynamic,adjacent_percent_change_new_extension,residual_ftv_ld,SPH,,T1->T2,difference,goal6_transformed_standardized_residual,369,0.07185265054885262,0.09904345814805977,,-0.0328071183378282,0.07185265054885262,-0.0328071183378282,0.12492868758707021,,,55.09535533228483,37.86917994412689,0.021751623692523803,0.808339841032969,369,0.03610278414973943,0.099047507331029,,-0.03165237938866112,0.03610278414973943,-0.03165237938866112,0.12581128454945456,,,55.06756373401625,38.098792572524985,0.019555933954570105,0.7281420617606345,0.03574986639911319,-4.04918296922907e-06,,-0.0011547389491670806,0.03574986639911319,-0.0011547389491670806,-0.0008825969623843521,,,0.02779159826858546,-0.22961262839809393,0.002195689737953699,0.08019777927233451
Z5,Z4_MATCHED_Z5,3026,LOCAL3,dynamic,adjacent_percent_change_new_extension,residual_ftv_ld,SPH,,T1->T2,difference,goal6_transformed_standardized_residual,369,0.057005088008926,0.06892402721050489,,-0.039277133971007565,0.057005088008926,-0.039277133971007565,0.11945129789577613,,,55.26751728270864,37.98628468978357,0.02248152343605701,0.512686278662856,369,0.023517269969492834,0.07565648025892227,,-0.03763268830900122,0.023517269969492834,-0.03763268830900122,0.12268696921855038,,,55.16588059690517,38.228512044050284,0.018985240079070025,0.5753215879514386,0.03348781803943317,-0.006732453048417381,,-0.001644445662006347,0.03348781803943317,-0.001644445662006347,-0.0032356713227742473,,,0.10163668580347007,-0.24222735426671704,0.0034962833569869844,-0.06263530928858263
Z5,Z4_MATCHED_Z5,2026,LOCAL0,dynamic,adjacent_percent_change_new_extension,residual_ftv_ld,SPH,,T2->T3,difference,goal6_transformed_standardized_residual,311,0.04018872540094411,0.03679616125090779,,-0.07833713345057329,0.04018872540094411,-0.07833713345057329,0.08411253295079413,,,64.78222409716231,39.54063797772971,0.04764766654678903,0.39578358180134593,311,0.06328139627740055,0.02941472681322401,,-0.0735071156075481,0.06328139627740055,-0.0735071156075481,0.09487365549908633,,,64.40052366534323,39.45530699274212,0.05547260114064039,0.07217467183075053,-0.023092670876456438,0.007381434437683777,,-0.004830017843025183,-0.023092670876456438,-0.004830017843025183,-0.010761122548292201,,,0.381700431819084,0.08533098498758562,-0.007824934593851363,0.3236089099705954
Z5,Z4_MATCHED_Z5,2026,LOCAL3,dynamic,adjacent_percent_change_new_extension,residual_ftv_ld,SPH,,T2->T3,difference,goal6_transformed_standardized_residual,311,0.04679636513500484,0.0369148116237706,,-0.08065906057619499,0.04679636513500484,-0.08065906057619499,0.07567334491869304,,,65.07999854204805,39.52328839725555,0.04633007148151286,0.41108190362050523,311,0.06265301789991136,0.0283403325444964,,-0.07813625451115713,0.06265301789991136,-0.07813625451115713,0.09075021357610025,,,64.54705020674503,39.3944259804766,0.05584318498919187,0.06627997488245535,-0.01585665276490652,0.008574479079274205,,-0.0025228060650378525,-0.01585665276490652,-0.0025228060650378525,-0.015076868657407205,,,0.5329483353030184,0.12886241677895072,-0.009513113507679014,0.3448019287380499
Z5,Z4_MATCHED_Z5,3026,LOCAL0,dynamic,adjacent_percent_change_new_extension,residual_ftv_ld,SPH,,T2->T3,difference,goal6_transformed_standardized_residual,311,0.03161727250962957,0.055420261281853817,,-0.06510615582979672,0.03161727250962957,-0.06510615582979672,0.08749203817065765,,,64.66259466487061,39.049436392359894,0.043049286391179754,0.3310040709339007,311,0.07655797301199609,0.058534589807849674,,-0.052385200986530045,0.07655797301199609,-0.052385200986530045,0.09895552656871753,,,64.25514524426565,38.9623724414353,0.05342132649149848,0.15862918122838807,-0.04494070050236652,-0.0031143285259958575,,-0.012720954843266671,-0.04494070050236652,-0.012720954843266671,-0.011463488398059885,,,0.40744942060496214,0.08706395092459474,-0.010372040100318725,0.17237488970551265
Z5,Z4_MATCHED_Z5,3026,LOCAL3,dynamic,adjacent_percent_change_new_extension,residual_ftv_ld,SPH,,T2->T3,difference,goal6_transformed_standardized_residual,311,0.01803668685022157,0.045816160608687484,,-0.09359049593238977,0.01803668685022157,-0.09359049593238977,0.07788376584207934,,,65.00213629748545,39.61730036296826,0.05946808229193997,0.3554662862050764,311,0.05953046181853769,0.05293228014242733,,-0.06420168610459302,0.05953046181853769,-0.06420168610459302,0.09243252851857864,,,64.48730933937262,39.13670782081679,0.039597993130360505,0.3864446563015602,-0.04149377496831612,-0.007116119533739848,,-0.02938880982779675,-0.04149377496831612,-0.02938880982779675,-0.014548762676499294,,,0.5148269581128346,0.48059254215147007,0.019870089161579466,-0.030978370096483798
Z5,Z4_MATCHED_Z5,2026,LOCAL0,static,goal6_workbook_endpoint,raw,BPE,T0,,current,natural_target,375,0.2696516099670042,0.23458400901986826,-0.015661427788643323,-0.05692455221673511,,,,17.381250481301677,12.137261106952295,,,0.20045973069125933,0.5239439534683072,375,0.270941404027762,0.20701122312611506,-0.011574817709798735,0.011229528166310824,,,,17.34624768167786,12.06290515990419,,,0.12835130223331534,0.5778215723604673,-0.0012897940607577985,0.0275727858937532,-0.004086610078844588,-0.06815408038304593,,,,0.03500279962381825,0.07435594704810455,,,0.07210842845794399,-0.05387761889216003
Z5,Z4_MATCHED_Z5,2026,LOCAL3,static,goal6_workbook_endpoint,raw,BPE,T0,,current,natural_target,375,0.26901718056661733,0.21473481942995404,-0.01563978656498688,-0.05137072789049355,,,,17.381065304665775,12.001776471262351,,,0.16724801959999241,0.5250757717742017,375,0.276568665377176,0.21553274170308728,-0.010713879675483984,0.0048912965457023365,,,,17.338864528689356,12.013529754745514,,,0.13831166056973956,0.5795405861341532,-0.007551484810558673,-0.0007979222731332447,-0.004925906889502896,-0.056262024436195886,,,,0.04220077597641847,-0.011753283483162846,,,0.02893635903025285,-0.05446481435995143
Z5,Z4_MATCHED_Z5,3026,LOCAL0,static,goal6_workbook_endpoint,raw,BPE,T0,,current,natural_target,375,0.29809011264080104,0.23676077346045993,0.014888021359099168,0.05131087047792251,,,,17.11785481290441,11.974941124143763,,,0.11723728724607556,0.6914756157225433,375,0.29483763795653656,0.1971040728693575,-0.055360222765915346,-0.05066682256319075,,,,17.717681860024722,12.433093576368956,,,0.21900812626835522,0.4211778115421454,0.0032524746842644836,0.039656700591102434,0.07024824412501451,0.10197769304111326,,,,-0.5998270471203107,-0.4581524522251925,,,-0.10177083902227967,0.27029780418039795
Z5,Z4_MATCHED_Z5,3026,LOCAL3,static,goal6_workbook_endpoint,raw,BPE,T0,,current,natural_target,375,0.2977512800091023,0.1993776151143173,-0.03869391318643722,0.0212125972748919,,,,17.577225803244197,12.348270691377664,,,0.18630425983783303,0.4619181256156959,375,0.32418181818181824,0.2642160267114527,0.032403091927682315,0.06843826500554008,,,,16.964996504733218,11.880837685157044,,,0.11981195000767991,0.7633243016018926,-0.026430538172715956,-0.06483841159713541,-0.07109700511411954,-0.04722566773064818,,,,0.6122292985109787,0.46743300622062023,,,0.06649230983015311,-0.3014061759861967
Z5,Z4_MATCHED_Z5,2026,LOCAL0,static,goal6_workbook_endpoint,raw,BPE,T1,,current,natural_target,375,0.346213448628968,0.35187798913904167,0.09627199854587232,0.11708955760526799,,,,12.014797921768208,8.60216952596863,,,0.13340633715433595,0.9633938539251189,375,0.32713551029696214,0.3166694320988533,0.06751821209055742,0.09702221416533093,,,,12.204437862305607,8.71470938532316,,,0.11659973316884994,0.9273792298342498,0.019077938332005884,0.03520855704018838,0.0287537864553149,0.02006734343993706,,,,-0.18963994053739874,-0.11253985935452882,,,0.016806603985486,0.036014624090869085
Z5,Z4_MATCHED_Z5,2026,LOCAL3,static,goal6_workbook_endpoint,raw,BPE,T1,,current,natural_target,375,0.377757651609967,0.34460949745387154,0.09080990358151408,0.11872370405039018,,,,12.05105169806497,8.651517231600492,,,0.18570681551208143,0.7996746354887314,375,0.3458791671407442,0.3336498120298141,0.08129881959297991,0.10858672758552015,,,,12.113921039333919,8.62956253189497,,,0.12562880072035734,0.9413394888235357,0.03187848446922281,0.010959685424057453,0.009511083988534175,0.010136976464870023,,,,-0.06286934126894828,0.021954699705521108,,,0.06007801479172409,-0.14166485333480427
Z5,Z4_MATCHED_Z5,3026,LOCAL0,static,goal6_workbook_endpoint,raw,BPE,T1,,current,natural_target,375,0.36653407668676763,0.3464764098575854,0.08391357180380454,0.13291214661587214,,,,12.096669797892769,8.633050538170817,,,0.10186001200747324,1.0856049355769344,375,0.3445368073728524,0.305095218201315,0.05763645687410257,0.10266462383163844,,,,12.268934263230848,8.740960852411266,,,0.09753267015256517,0.9769230212709044,0.021997269313915213,0.041381191656270355,0.026277114929701972,0.030247522784233705,,,,-0.17226446533807938,-0.10791031424044917,,,0.004327341854908073,0.10868191430603003
Z5,Z4_MATCHED_Z5,3026,LOCAL3,static,goal6_workbook_endpoint,raw,BPE,T1,,current,natural_target,375,0.36631380134258734,0.3466964218172989,0.08309666447000774,0.13181473136116673,,,,12.102062114571417,8.663422410290467,,,0.10133739407895652,1.0890918130670395,375,0.3300889748549323,0.29404177342430676,0.05328223624026018,0.08745548578221081,,,,12.297246096898615,8.831887872244957,,,0.11437934305575191,0.8694312269618706,0.036224826487655015,0.052654648392992165,0.029814428229747558,0.044359245578955916,,,,-0.19518398232719747,-0.16846546195449008,,,-0.013041948976795392,0.21966058610516892
Z5,Z4_MATCHED_Z5,2026,LOCAL0,static,goal6_workbook_endpoint,raw,BPE,T2,,current,natural_target,374,0.4111914667890066,0.3502062471436449,0.08925535342116231,0.14494427242586766,,,,10.564200060076292,7.166171551964697,,,0.11546712050150099,1.0306108758261283,374,0.44581634671904347,0.4005432846231971,0.13507743697422392,0.1850188406899017,,,,10.295013414116296,6.950226526306848,,,0.16021327015965897,1.0006915035394248,-0.03462487993003688,-0.050337037479552205,-0.04582208355306161,-0.04007456826403405,,,,0.2691866459599961,0.21594502565784968,,,-0.044746149658157985,0.029919372286703494
Z5,Z4_MATCHED_Z5,2026,LOCAL3,static,goal6_workbook_endpoint,raw,BPE,T2,,current,natural_target,374,0.42305744720505795,0.3664240915745462,0.10098191051987193,0.1597523933073938,,,,10.495968502287408,7.06671702316938,,,0.12122523237196181,1.0524161577790632,374,0.4589379937205201,0.3922915471542811,0.1207235360449117,0.18185219936713887,,,,10.380087816461405,6.91365278677526,,,0.12486802274232796,1.1101542680183853,-0.03588054651546213,-0.02586745557973491,-0.019741625525039774,-0.02209980605974507,,,,0.11588068582600286,0.15306423639411992,,,-0.0036427903703661474,-0.05773811023932218
Z5,Z4_MATCHED_Z5,3026,LOCAL0,static,goal6_workbook_endpoint,raw,BPE,T2,,current,natural_target,374,0.3973600951957678,0.3688894132418739,0.10152742926768354,0.14596875766788475,,,,10.492783573912584,7.089391474365616,,,0.11083409504139087,1.1080503666330725,374,0.3994553196369944,0.3627565451798749,0.10133944044996368,0.13972253293813983,,,,10.493881227238363,7.031106294746028,,,0.1254414178422288,1.0242236035184749,-0.002095224441226562,0.0061328680619990306,0.0001879888177198641,0.006246224729744926,,,,-0.0010976533257789356,0.058285179619588234,,,-0.014607322800837916,0.08382676311459769
Z5,Z4_MATCHED_Z5,3026,LOCAL3,static,goal6_workbook_endpoint,raw,BPE,T2,,current,natural_target,374,0.39390391535605224,0.3682337728429651,0.10245355430908576,0.1391281421985283,,,,10.487374318578771,7.086544138042365,,,0.123673452209503,1.0470932880514459,374,0.40984060443577874,0.3657987449990388,0.10347959284494435,0.14312090975333092,,,,10.481378234906117,7.0270008675357385,,,0.12346884691955813,1.0410306471746171,-0.015936689079726507,0.0024350278439262962,-0.0010260385358585866,-0.003992767554802629,,,,0.005996083672654251,0.059543270506626556,,,0.00020460528994487026,0.006062640876828729
Z5,Z4_MATCHED_Z5,2026,LOCAL0,static,goal6_workbook_endpoint,raw,BPE,T3,,current,natural_target,374,0.3988167966203994,0.3337092458305304,0.076939670041275,0.1288528226933877,,,,9.923114820279256,6.726392783899864,,,0.09592608261427933,1.0774568457406113,374,0.4040904139789733,0.318075811529958,0.07313030215292393,0.11931037226984074,,,,9.943569537086734,6.632954883579918,,,0.12762338882422106,0.8903597271214982,-0.0052736173585738455,0.015633434300572402,0.0038093678883510673,0.009542450423546942,,,,-0.020454716807478235,0.09343790031994548,,,-0.031697306209941725,0.18709711861911305
Z5,Z4_MATCHED_Z5,2026,LOCAL3,static,goal6_workbook_endpoint,raw,BPE,T3,,current,natural_target,374,0.3965637531364536,0.3368304493382392,0.08404577665841562,0.1184501288280243,,,,9.884844867879764,6.764509821409113,,,0.12715970390904258,0.9445753125500991,374,0.4129183897964903,0.3319083183862524,0.08358524272673995,0.12858835489421103,,,,9.887329563230063,6.636851898194139,,,0.13471002866398116,0.904311747692178,-0.016354636660036725,0.004922130951986792,0.00046053393167566625,-0.010138226066186723,,,,-0.0024846953502990488,0.12765792321497393,,,-0.007550324754938581,0.04026356485792104
Z5,Z4_MATCHED_Z5,3026,LOCAL0,static,goal6_workbook_endpoint,raw,BPE,T3,,current,natural_target,374,0.3642634776306621,0.2702231601150247,0.041314589455122674,0.10117367960101088,,,,10.112791011365692,6.846336278776964,,,0.08807286797192142,0.910545178674862,374,0.38112964829285706,0.29168096931549303,0.048813457387875014,0.10960356668761526,,,,10.073162077220584,6.785686643682571,,,0.07224518980298891,1.0851846109086938,-0.01686617066219498,-0.02145780920046836,-0.00749886793275234,-0.008429887086604373,,,,0.039628934145108374,0.060649635094392806,,,0.015827678168932505,-0.17463943223383183
Z5,Z4_MATCHED_Z5,3026,LOCAL3,static,goal6_workbook_endpoint,raw,BPE,T3,,current,natural_target,374,0.35709856078877195,0.2710573079346798,0.04063562360797157,0.09883120185600683,,,,10.11637144784604,6.839508492271275,,,0.0830545433215116,0.9405446630133181,374,0.38435552393068323,0.3007551521649845,0.05279852849601285,0.11462441071026964,,,,10.05203877570879,6.753702292919913,,,0.06888339640713315,1.1459239585524812,-0.027256963141911283,-0.029697844230304693,-0.012162904888041282,-0.015793208854262816,,,,0.06433267213725102,0.08580619935136191,,,0.014171146914378457,-0.20537929553916312
Z5,Z4_MATCHED_Z5,2026,LOCAL0,static,goal6_workbook_endpoint,raw,FTV,T0,,current,natural_target,375,0.8093371259528958,0.6517249244158579,0.3880310529640981,0.6381596098606753,,,,33.37766936789427,14.420717147571057,,,0.27686986157736576,1.2385869177631317,375,0.816139264990329,0.7059649661559755,0.4801811655375,0.6592867602708186,,,,30.762195025941104,13.3982720367437,,,0.41212874044328857,1.099680942095998,-0.006802139037433208,-0.05424004174011754,-0.09215011257340189,-0.021127150410143236,,,,2.615474341953167,1.0224451108273573,,,-0.1352588788659228,0.13890597566713359
Z5,Z4_MATCHED_Z5,2026,LOCAL3,static,goal6_workbook_endpoint,raw,FTV,T0,,current,natural_target,375,0.8064462396177041,0.6167741665116638,0.35361893958951407,0.6384528072461798,,,,34.303278317484335,13.850843379750089,,,0.29642661365481576,1.1328374003620458,375,0.8160964842416657,0.6666323496256944,0.42848896159952066,0.65453127084075,,,,32.25548876281551,13.79989717102775,,,0.4047149531589135,1.0478805019306425,-0.009650244623961579,-0.04985818311403056,-0.07487002201000659,-0.016078463594570214,,,,2.0477895546688245,0.05094620872233868,,,-0.10828833950409772,0.0849568984314033
Z5,Z4_MATCHED_Z5,3026,LOCAL0,static,goal6_workbook_endpoint,raw,FTV,T0,,current,natural_target,375,0.7900719080669019,0.6948031199093594,0.436189755243654,0.6215008210018124,,,,32.03743935494971,13.660121679734202,,,0.7856202704266209,0.7838905332347554,375,0.7867158948685857,0.6999120470132413,0.3537388509826246,0.6216497612191078,,,,34.300096336351224,14.051475888198667,,,1.1231833277939185,0.6604168487582676,0.0033560131983161323,-0.005108927103881888,0.08245090426102941,-0.0001489402172953902,,,,-2.2626569814015127,-0.391354208464465,,,-0.33756305736729764,0.12347368447648788
Z5,Z4_MATCHED_Z5,3026,LOCAL3,static,goal6_workbook_endpoint,raw,FTV,T0,,current,natural_target,375,0.7851796563886678,0.6962988764374661,0.39380286182527,0.6186766882586346,,,,33.21989508133995,13.397495284638453,,,0.9720170419608775,0.7062504779654474,375,0.7840152463306407,0.7010480265500338,0.2893640273073128,0.6217055857860139,,,,35.96788570871714,13.807044111032987,,,1.3133518660213364,0.6117263997432317,0.0011644100580271433,-0.004749150112567713,0.10443883451795721,-0.0030288975273792262,,,,-2.7479906273771917,-0.40954882639453416,,,-0.3413348240604589,0.09452407822221565
Z5,Z4_MATCHED_Z5,2026,LOCAL0,static,goal6_workbook_endpoint,raw,FTV,T1,,current,natural_target,375,0.6353321196950733,0.33874045802823904,0.08844338627666126,0.39171404828146966,,,,35.97443028160328,11.558298334909576,,,0.16081428973719,0.8447043913633019,375,0.6126988280805552,0.3594184231840253,0.09241022815687905,0.3757348823647647,,,,35.896069559810805,11.651992628238164,,,0.08710567554257885,1.2178031916372567,0.022633291614518103,-0.020677965155786238,-0.003966841880217786,0.01597916591670495,,,,0.07836072179247822,-0.09369429332858736,,,0.07370861419461115,-0.3730988002739548
Z5,Z4_MATCHED_Z5,2026,LOCAL3,static,goal6_workbook_endpoint,raw,FTV,T1,,current,natural_target,375,0.6419751962680624,0.38546398793618597,0.11803887283132997,0.39923033058027235,,,,35.38562115482491,11.994211531035567,,,0.26886905430037383,0.7433843268490656,375,0.6228883832062807,0.38410022785810033,0.09752457891648136,0.3694901447913606,,,,35.79478786996369,12.17110619087035,,,0.32910413916854375,0.6695421037580439,0.019086813061781727,0.0013637600780856407,0.020514293914848603,0.029740185788911744,,,,-0.409166715138781,-0.17689465983478314,,,-0.06023508486816992,0.07384222309102173
Z5,Z4_MATCHED_Z5,3026,LOCAL0,static,goal6_workbook_endpoint,raw,FTV,T1,,current,natural_target,375,0.6004441916031403,0.3571463877478351,0.10137596405483751,0.3598912407940229,,,,35.718327665574314,11.837698080252338,,,0.11664471380472864,1.0457159470170825,375,0.5440844237114575,0.3423485316502653,0.0856814309262095,0.28867799445172904,,,,36.028889115617815,11.909977389615591,,,0.09382802667166985,1.1176406215636552,0.056359767891682844,0.014797856097569784,0.015694533128628008,0.07121324634229387,,,,-0.310561450043501,-0.07227930936325322,,,0.02281668713305879,-0.0719246745465727
Z5,Z4_MATCHED_Z5,3026,LOCAL3,static,goal6_workbook_endpoint,raw,FTV,T1,,current,natural_target,375,0.6175990442598702,0.4240844880193233,0.14880677739837234,0.3768083491253563,,,,34.762914490575554,11.428659952449756,,,0.11191546507583056,1.2676732771968677,375,0.5774210945500057,0.44020538216023153,0.1681616261481832,0.3233726741083022,,,,34.36541376038105,11.678855201045522,,,0.13802305655345515,1.18489407489023,0.04017794970986455,-0.016120894140908226,-0.01935484874981086,0.053435675017054096,,,,0.3975007301945013,-0.2501952485957659,,,-0.026107591477624592,0.08277920230663782
Z5,Z4_MATCHED_Z5,2026,LOCAL0,static,goal6_workbook_endpoint,raw,FTV,T2,,current,natural_target,374,0.5610176771659188,0.24891414112829346,0.03844648186108235,0.3717510147063738,,,,30.536642878047555,7.037992917327311,,,0.048464190491325734,1.1306783816535158,374,0.48184255422861316,0.24843749852526015,0.038495866201517126,0.3141685562484665,,,,30.535858703634798,7.211784640170663,,,0.052678318495714686,1.0824334282452093,0.07917512293730561,0.00047664260303331707,-4.938434043477713e-05,0.05758245845790727,,,,0.0007841744127574657,-0.17379172284335187,,,-0.004214128004388952,0.04824495340830648
Z5,Z4_MATCHED_Z5,2026,LOCAL3,static,goal6_workbook_endpoint,raw,FTV,T2,,current,natural_target,374,0.5518226835457556,0.22778020178371633,0.02548250416279929,0.35451521356077287,,,,30.741806156110247,7.2481081332604145,,,0.10591898917791233,0.6998888255353867,374,0.5116289658929621,0.20711202011746005,-0.04406336326406213,0.332461940411532,,,,31.819839717869307,7.977748837524573,,,0.22746758999234348,0.4342557138615525,0.04019371765279345,0.02066818166625628,0.06954586742686142,0.022053273149240882,,,,-1.0780335617590602,-0.7296407042641588,,,-0.12154860081443115,0.2656331116738342
Z5,Z4_MATCHED_Z5,3026,LOCAL0,static,goal6_workbook_endpoint,raw,FTV,T2,,current,natural_target,374,0.5031274103597081,0.19412542597341223,0.008438790578856437,0.29227834650477463,,,,31.009468587756437,7.573875206493705,,,0.07933877981740595,0.6891911043637511,374,0.4285730670528021,0.20456632991097198,0.016205884744752708,0.23263825666702317,,,,30.88777817680697,7.743584486708916,,,0.0592648408423825,0.8403023777081883,0.07455434330690597,-0.010440903937559753,-0.007767094165896271,0.05964008983775146,,,,0.12169041094946564,-0.16970928021521114,,,0.020073938975023443,-0.1511112733444372
Z5,Z4_MATCHED_Z5,3026,LOCAL3,static,goal6_workbook_endpoint,raw,FTV,T2,,current,natural_target,374,0.540406073031211,0.21501201814160387,0.022052445639338614,0.3456325782393111,,,,30.79586037860501,7.4740782561218575,,,0.07406086238335995,0.7900750606959838,374,0.4555797622973148,0.21517438027787902,0.0223447222647718,0.26888742123370624,,,,30.791258095625334,7.638690229851305,,,0.06033052889375295,0.8760360827058267,0.08482631073389624,-0.00016236213627515705,-0.00029227662543318544,0.07674515700560486,,,,0.004602282979675465,-0.16461197372944714,,,0.013730333489606998,-0.0859610220098429
Z5,Z4_MATCHED_Z5,2026,LOCAL0,static,goal6_workbook_endpoint,raw,FTV,T3,,current,natural_target,374,0.36478045417444704,0.5946563845467785,0.13808993516758594,0.1789353449879726,,,,11.534715469679648,3.1245402360159447,,,0.023658833568860133,3.8660674030308604,374,0.3046796923157919,0.4859226871721316,0.055688587898999886,0.12790013212125806,,,,12.073509527084322,3.172948660302965,,,0.008775665295915079,5.187130219478768,0.06010076185865515,0.10873369737464689,0.08240134726858606,0.05103521286671453,,,,-0.5387940574046741,-0.04840842428702041,,,0.014883168272945054,-1.321062816447908
Z5,Z4_MATCHED_Z5,2026,LOCAL3,static,goal6_workbook_endpoint,raw,FTV,T3,,current,natural_target,374,0.41645237581983846,0.5832977777654299,0.17351050434331494,0.2324366136987099,,,,11.295217007755676,3.042472189214947,,,0.040272045705109304,2.9066214642661046,374,0.29943864887606814,0.5695767771767978,0.1727594760223743,0.14567565047652564,,,,11.300347805944089,3.0424549066658235,,,0.04410673801784089,2.7120631880053465,0.11701372694377032,0.013721000588632126,0.0007510283209406499,0.08676096322218427,,,,-0.005130798188412555,1.7282549123365243e-05,,,-0.0038346923127315843,0.19455827626075806
Z5,Z4_MATCHED_Z5,3026,LOCAL0,static,goal6_workbook_endpoint,raw,FTV,T3,,current,natural_target,374,0.3967840115143308,0.42392650171434637,0.07471674830285446,0.17108864136930918,,,,11.951248058087657,3.1443118073875436,,,0.019078645394476495,3.069140705711552,374,0.2571419051851249,0.32181726426780854,0.03953127945123225,0.033215892978377806,,,,12.176361211352539,3.284052049288613,,,0.015234195770030488,2.6073514378295046,0.13964210632920587,0.10210923744653783,0.035185468851622215,0.1378727483909314,,,,-0.22511315326488202,-0.1397402419010696,,,0.003844449624446007,0.4617892678820472
Z5,Z4_MATCHED_Z5,3026,LOCAL3,static,goal6_workbook_endpoint,raw,FTV,T3,,current,natural_target,374,0.4170725246704728,0.4026424176107582,0.08980501494010473,0.14658471677666957,,,,11.85340515926551,3.14502669365382,,,0.030636429104498205,2.3003846086559974,374,0.285427780844879,0.39061708562721625,0.062482104896364854,0.1240609932588678,,,,12.030001822390544,3.209321440834001,,,0.018005822992380183,2.9110170371357347,0.13164474382559377,0.012025331983541943,0.02732291004373988,0.02252372351780177,,,,-0.17659666312503397,-0.06429474718018113,,,0.012630606112118022,-0.6106324284797373
Z5,Z4_MATCHED_Z5,2026,LOCAL0,static,goal6_workbook_endpoint,raw,LD,T0,,current,natural_target,375,0.4376359003238769,0.42133257133980784,0.14734290297215702,0.17395598055485387,,,,1.9867040148953763,1.4157218773879616,,,0.11647468431518763,1.2345516458021442,375,0.43338262454320936,0.423226381615126,0.1479929631393052,0.17290364246234544,,,,1.9859465454532061,1.4070014323448565,,,0.11674798958547604,1.2386483431424682,0.004253275780667531,-0.001893810275318153,-0.000650060167148192,0.0010523380925084314,,,,0.0007574694421701444,0.008720445043105096,,,-0.00027330527028840423,-0.004096697340324029
Z5,Z4_MATCHED_Z5,2026,LOCAL3,static,goal6_workbook_endpoint,raw,LD,T0,,current,natural_target,375,0.4389945129274045,0.41776574757700596,0.145399556720332,0.1711367862823015,,,,1.988966739522255,1.413154171629057,,,0.11485770529212747,1.232686846429621,375,0.4352432762012867,0.42886628223288636,0.15415650360949396,0.17696517656585425,,,,1.9787501966426349,1.4076457246791023,,,0.12109808484173681,1.2324044721504002,0.003751236726117768,-0.0111005346558804,-0.008756946889161954,-0.0058283902835527535,,,,0.01021654287962015,0.005508446949954671,,,-0.006240379549609348,0.0002823742792208428
Z5,Z4_MATCHED_Z5,3026,LOCAL0,static,goal6_workbook_endpoint,raw,LD,T0,,current,natural_target,375,0.4366834943369187,0.43030272579481255,0.16978014787884288,0.17400389974835112,,,,1.9603901909832868,1.4139915113506094,,,0.27198703595701085,0.8250874760875997,375,0.4216478173157556,0.4378148695241965,0.17930621319054074,0.18118293259409735,,,,1.9491108389722407,1.3940688809425956,,,0.18778219546562966,1.0103301220760448,0.015035677021163096,-0.007512143729383969,-0.009526065311697862,-0.007179032845746225,,,,0.011279352011046129,0.019922630408013786,,,0.08420484049138119,-0.1852426459884451
Z5,Z4_MATCHED_Z5,3026,LOCAL3,static,goal6_workbook_endpoint,raw,LD,T0,,current,natural_target,375,0.42158146302675026,0.4361003177329407,0.1728173479968098,0.1695372302639753,,,,1.9568010496441868,1.4107951225656499,,,0.27239444089327647,0.835578550542056,375,0.427123924110271,0.45598095738281297,0.19434356027951594,0.19209809331167066,,,,1.9311717743642782,1.3711516861422284,,,0.2025991582068756,1.0130430182947383,-0.005542461083520744,-0.019880639649872245,-0.021526212282706125,-0.022560863047695362,,,,0.025629275279908548,0.039643436423421496,,,0.06979528268640087,-0.17746446775268232
Z5,Z4_MATCHED_Z5,2026,LOCAL0,static,goal6_workbook_endpoint,raw,LD,T1,,current,natural_target,375,0.2813957636836924,0.2222540446235235,-0.012264957312786873,0.022142234951434536,,,,2.0675903828775666,1.448669284440112,,,0.18013382468093528,0.5236631791167827,375,0.2343079028095328,0.20393708882904824,-0.0035825688195294525,0.003128240094710929,,,,2.0587042298938565,1.4392053225340424,,,0.11827673541254353,0.5929888823225424,0.047087860874159615,0.01831695579447526,-0.00868238849325742,0.019013994856723608,,,,0.008886152983710094,0.009463961906069462,,,0.06185708926839174,-0.0693257032057597
Z5,Z4_MATCHED_Z5,2026,LOCAL3,static,goal6_workbook_endpoint,raw,LD,T1,,current,natural_target,375,0.29908892198912185,0.21654639859109184,-0.026638606513264662,0.028305947210219225,,,,2.0822180073088337,1.4562682066982724,,,0.20824981541003945,0.47452451367851917,375,0.2555572197693521,0.22590254403078455,0.011205990916955066,0.021730486848689935,,,,2.0434796414523615,1.427625610648081,,,0.119462470732453,0.6535899649071776,0.04353170221976976,-0.009356145439692709,-0.03784459743021973,0.006575460361529291,,,,0.03873836585647217,0.028642596050191482,,,0.08878734467758645,-0.1790654512286584
Z5,Z4_MATCHED_Z5,3026,LOCAL0,static,goal6_workbook_endpoint,raw,LD,T1,,current,natural_target,375,0.2853990882906233,0.26162658577008513,0.03758483784324673,0.027968054181778456,,,,2.0160376123642156,1.4054148008943719,,,0.13072215929138478,0.7236145106696841,375,0.23949395802954762,0.20819859800722323,0.0022524062013116186,0.0009523575288274759,,,,2.052710702473872,1.4188606728676108,,,0.10981068975072865,0.6282832635141438,0.045905130261075705,0.053427987762861895,0.035332431641935114,0.02701569665295098,,,,-0.03667309010965658,-0.013445871973238877,,,0.020911469540656133,0.09533124715554031
Z5,Z4_MATCHED_Z5,3026,LOCAL3,static,goal6_workbook_endpoint,raw,LD,T1,,current,natural_target,375,0.3016284012202362,0.2867542357657339,0.05332390821087185,0.04466314410029473,,,,1.9994847986626896,1.3904931996299676,,,0.1401960792797,0.7658468097868002,375,0.25835618955068124,0.23598539776452046,0.016396635593393105,0.0159409436053956,,,,2.038108991178354,1.4132555900424975,,,0.1242787276251816,0.6694015775731175,0.04327221166955497,0.05076883800121343,0.036927272617478746,0.028722200494899132,,,,-0.03862419251566429,-0.02276239041252981,,,0.01591735165451838,0.09644523221368273
Z5,Z4_MATCHED_Z5,2026,LOCAL0,static,goal6_workbook_endpoint,raw,LD,T2,,current,natural_target,374,0.36091176061684466,0.32731630839053133,0.04856407351991665,0.09452176149580656,,,,2.0852204727893677,1.4622508348926186,,,0.22392430121495288,0.691698813267692,374,0.24965742076599143,0.2377691822314894,-0.015030732779228284,0.02569528308396679,,,,2.1537822967192657,1.5242678247594075,,,0.16654370797184098,0.5826281302629822,0.11125433985085323,0.08954712615904192,0.06359480629914493,0.06882647841183977,,,,-0.06856182392989796,-0.06201698986678883,,,0.0573805932431119,0.10907068300470979
Z5,Z4_MATCHED_Z5,2026,LOCAL3,static,goal6_workbook_endpoint,raw,LD,T2,,current,natural_target,374,0.35886451280786624,0.34383681292114204,0.045828543411120526,0.0898761329338995,,,,2.0882159919843297,1.4768423819617031,,,0.3027508907982666,0.6248987526630628,374,0.2613480956630446,0.23464934161769999,-0.058596632840131724,0.00969046894906231,,,,2.199517699519945,1.5473927919873374,,,0.2725051100779118,0.44950239977755785,0.09751641714482162,0.10918747130344206,0.10442517625125225,0.08018566398483719,,,,-0.11130170753561508,-0.07055041002563422,,,0.03024578072035483,0.17539635288550498
Z5,Z4_MATCHED_Z5,3026,LOCAL0,static,goal6_workbook_endpoint,raw,LD,T2,,current,natural_target,374,0.35604417198150207,0.3411925500202869,0.07387105224473511,0.12026196659440083,,,,2.057301470371255,1.4218784354640652,,,0.14689825818048896,0.8902074338075394,374,0.2915250526541448,0.2939761463015857,0.02571171390878324,0.05882683372292918,,,,2.110114138803101,1.4722146421869375,,,0.20938092014679377,0.6424562234601484,0.06451911932735727,0.04721640371870123,0.04815933833595187,0.061435132871471655,,,,-0.05281266843184573,-0.05033620672287231,,,-0.06248266196630481,0.247751210347391
Z5,Z4_MATCHED_Z5,3026,LOCAL3,static,goal6_workbook_endpoint,raw,LD,T2,,current,natural_target,374,0.3541890476752082,0.34278622931177716,0.07408082040776576,0.1176368953703688,,,,2.0570684678336884,1.4212789982282208,,,0.16385030547114252,0.8468368325414446,374,0.3125000871952966,0.3118287100307016,0.04051613810705135,0.09320356217222472,,,,2.0940210554312797,1.456931599231517,,,0.20946403021046353,0.681336053232704,0.04168896047991161,0.03095751928107554,0.03356468230071441,0.024433333198144072,,,,-0.036952587597591346,-0.03565260100329626,,,-0.045613724739321015,0.16550077930874063
Z5,Z4_MATCHED_Z5,2026,LOCAL0,static,goal6_workbook_endpoint,raw,LD,T3,,current,natural_target,374,0.18689488604188648,0.1360083180388123,-0.07763597727077576,-0.016910813745767028,,,,1.850463774953114,1.3577637091875097,,,0.13381210121893264,0.3718071821377259,374,0.13156741769568953,0.1390451563217222,-0.05170448234414815,0.002533105916193763,,,,1.828064054339682,1.3326376104920685,,,0.040584572340306796,0.6902006718666052,0.05532746834619695,-0.003036838282909904,-0.025931494926627607,-0.019443919661960792,,,,0.022399720613432095,0.025126098695441135,,,0.09322752887862584,-0.31839348972887926
Z5,Z4_MATCHED_Z5,2026,LOCAL3,static,goal6_workbook_endpoint,raw,LD,T3,,current,natural_target,374,0.16975236552026715,0.14115576718466896,-0.05992327190362001,-0.010777033219999949,,,,1.8351930697092453,1.3517072109228605,,,0.09964393631026808,0.44717054506862103,374,0.11650707355159312,0.12743950308574775,-0.057929949674076164,-0.004410645815329275,,,,1.833466599145662,1.3410383667238037,,,0.04190983679347499,0.622509644895055,0.05324529196867403,0.01371626409892121,-0.001993322229543848,-0.006366387404670674,,,,0.0017264705635833266,0.010668844199056782,,,0.057734099516793085,-0.17533909982643398
Z5,Z4_MATCHED_Z5,3026,LOCAL0,static,goal6_workbook_endpoint,raw,LD,T3,,current,natural_target,374,0.18707888906818324,0.20713759528464706,-0.018866162235924522,0.013439194175658949,,,,1.7992980785624002,1.322745027024299,,,0.05369237410604932,0.893928176389906,374,0.10221041201854177,0.11086767107854023,-0.05654787399081518,-0.018878753793983488,,,,1.8322685908355816,1.3380646705623405,,,0.041096569934202055,0.5468927132134961,0.08486847704964147,0.09626992420610683,0.03768171175489066,0.032317947969642435,,,,-0.032970512273181374,-0.015319643538041383,,,0.012595804171847268,0.3470354631764099
Z5,Z4_MATCHED_Z5,3026,LOCAL3,static,goal6_workbook_endpoint,raw,LD,T3,,current,natural_target,374,0.20704403469370491,0.21549558429555382,-0.01553683312931664,0.01632242036773945,,,,1.7963559074401183,1.3160231800583235,,,0.06365678807712404,0.8541143423736417,374,0.1474488870199541,0.1857032484346134,-0.028610181418768033,0.001071364998910845,,,,1.8078814807461148,1.3322374965112764,,,0.06653777604814651,0.7199218590246719,0.05959514767375082,0.029792335860940433,0.013073348289451392,0.015251055368828606,,,,-0.011525573305996462,-0.016214316452952904,,,-0.0028809879710224723,0.13419248334896983
Z5,Z4_MATCHED_Z5,2026,LOCAL0,static,goal6_workbook_endpoint,raw,SPH,T0,,current,natural_target,375,0.4320050062578223,0.3872106056867618,0.12157781895711006,0.10909361532374716,,,,0.08836609600354872,0.06879178690259667,,,0.3063960241227291,0.699528932122593,375,0.44805506883604507,0.41777618250917314,0.15797618186647788,0.14948334001170804,,,,0.08651595574197744,0.06786808155830254,,,0.28891035465693865,0.7772524925539966,-0.01605006257822278,-0.030565576822411344,-0.03639836290936782,-0.040389724687960885,,,,0.0018501402615712786,0.0009237053442941318,,,0.017485669465790443,-0.0777235604314036
Z5,Z4_MATCHED_Z5,2026,LOCAL3,static,goal6_workbook_endpoint,raw,SPH,T0,,current,natural_target,375,0.48847240869268405,0.45088841058267126,0.20153435278018184,0.19215687093223036,,,,0.08424849269489426,0.06627592919259111,,,0.2375970255567033,0.9250145687404484,375,0.48488451473432703,0.45843921948378247,0.2096039209053311,0.20347189522899622,,,,0.08382168949715431,0.0659242295961327,,,0.20005666215795756,1.0249560780417564,0.0035878939583570135,-0.007550808901111206,-0.008069568125149251,-0.011315024296765869,,,,0.0004268031977399528,0.0003516995964584074,,,0.03754036339874575,-0.09994150930130796
Z5,Z4_MATCHED_Z5,3026,LOCAL0,static,goal6_workbook_endpoint,raw,SPH,T0,,current,natural_target,375,0.49271430196836963,0.4683481961111219,0.21348183852768798,0.21707243289103598,,,,0.08361580962319963,0.0657560229162154,,,0.2874327051224311,0.8735761341989761,375,0.46851496188417335,0.4454798805786456,0.1876914005319711,0.19247677764361046,,,,0.08497566011961603,0.06690210591749042,,,0.29767569125632537,0.8165004137797398,0.024199340084196275,0.022868315532476258,0.025790437995716897,0.02459565524742552,,,,-0.0013598504964164038,-0.001146083001275014,,,-0.010242986133894294,0.05707572041923625
Z5,Z4_MATCHED_Z5,3026,LOCAL3,static,goal6_workbook_endpoint,raw,SPH,T0,,current,natural_target,375,0.49986983729662077,0.4741124711721263,0.2121974264059696,0.21267082334652854,,,,0.08368405556755636,0.06532263521965692,,,0.3267330043816048,0.8294398102249116,375,0.4759133007168051,0.45217560347219055,0.19300893134186914,0.19502948118012395,,,,0.0846970698070519,0.06604491128653732,,,0.2960041327018139,0.8311094866824958,0.023956536579815668,0.021936867699935747,0.019188495064100475,0.01764134216640459,,,,-0.001013014239495541,-0.0007222760668803979,,,0.03072887167979088,-0.0016696764575842016
Z5,Z4_MATCHED_Z5,2026,LOCAL0,static,goal6_workbook_endpoint,raw,SPH,T1,,current,natural_target,375,0.20076163386050747,0.15759365786978027,0.01771622262590622,0.00666374693387503,,,,0.09054839047335995,0.07253215231790966,,,0.05854978917828324,0.65129248661226,375,0.19897166913186942,0.16661196525958727,0.02185116006112897,0.015526137888478161,,,,0.0903576071209885,0.07225651300823009,,,0.059174654357958045,0.6849175936238029,0.0017899647286380438,-0.009018307389806995,-0.004134937435222752,-0.00886239095460313,,,,0.0001907833523714514,0.00027563930967956785,,,-0.000624865179674805,-0.033625107011542865
Z5,Z4_MATCHED_Z5,2026,LOCAL3,static,goal6_workbook_endpoint,raw,SPH,T1,,current,natural_target,375,0.18473182387074752,0.1386744078472175,-0.001357354861026172,-0.0121700509362638,,,,0.09142327931216872,0.07333906491811559,,,0.07945636400139665,0.4919624734486391,375,0.22720286722038913,0.17946472452263212,0.024605757390870342,0.017094745852465634,,,,0.0902302878964716,0.07204070329845319,,,0.07100881871300853,0.6734772853927522,-0.04247104334964161,-0.040790316675414634,-0.025963112251896514,-0.029264796788729435,,,,0.00119299141569712,0.0012983616196624026,,,0.00844754528838812,-0.18151481194411312
Z5,Z4_MATCHED_Z5,3026,LOCAL0,static,goal6_workbook_endpoint,raw,SPH,T1,,current,natural_target,375,0.19870815792467858,0.17081834954601285,0.012642995123177458,-0.002232919939748444,,,,0.09078191819147553,0.07246572774705326,,,0.08958106185860304,0.5707243712616581,375,0.1887698259187621,0.16259178639895389,0.016065426009814865,0.00597568153835014,,,,0.09062444498587154,0.07264404199590653,,,0.0698836063700097,0.6150507441335614,0.009938332005916484,0.008226563147058968,-0.0034224308866374065,-0.008208601478098584,,,,0.00015747320560399736,-0.00017831424885327019,,,0.019697455488593335,-0.04432637287190333
Z5,Z4_MATCHED_Z5,3026,LOCAL3,static,goal6_workbook_endpoint,raw,SPH,T1,,current,natural_target,375,0.19097576516099674,0.15520048085242952,-0.002043696618516666,-0.016437815932786072,,,,0.09145460522473861,0.07291155598747744,,,0.1002009369310985,0.49029466911757486,375,0.17919513027648198,0.14835338798135708,0.00563572830595227,-0.004390042392774461,,,,0.09110348802332074,0.072860379292822,,,0.07620499800577064,0.5374099967858408,0.011780634884514751,0.0068470928710724355,-0.007679424924468936,-0.012047773540011611,,,,0.0003511172014178665,5.11766946554304e-05,,,0.02399593892532785,-0.04711532766826593
Z5,Z4_MATCHED_Z5,2026,LOCAL0,static,goal6_workbook_endpoint,raw,SPH,T2,,current,natural_target,374,0.18560456480910667,0.13780934141604814,0.014869841286144214,-0.02354349887249208,,,,0.12068418217473739,0.09224546478463332,,,0.040650842477319364,0.6835084404646771,374,0.13826175968803314,0.07287695662387135,-0.007598822594287125,-0.0406767968970802,,,,0.12205269407245421,0.09309109707258559,,,0.03474432077230178,0.3909743938716665,0.04734280512107353,0.06493238479217679,0.02246866388043134,0.01713329802458812,,,,-0.0013685118977168204,-0.0008456322879522721,,,0.005906521705017584,0.2925340465930106
Z5,Z4_MATCHED_Z5,2026,LOCAL3,static,goal6_workbook_endpoint,raw,SPH,T2,,current,natural_target,374,0.19546065289386533,0.14203184443702352,0.01504415105429191,-0.022294422103136757,,,,0.12067350472147842,0.09211558817351154,,,0.04549699541963365,0.6658775428420302,374,0.15299393557081617,0.09964139888807036,-0.0060556569942427085,-0.0392993168785092,,,,0.1219591947129864,0.09300244045190649,,,0.05108437821100852,0.44085498935643536,0.04246671732304916,0.04239044554895316,0.02109980804853462,0.01700489477537244,,,,-0.0012856899915079795,-0.0008868522783949534,,,-0.00558738279137487,0.2250225534855948
Z5,Z4_MATCHED_Z5,3026,LOCAL0,static,goal6_workbook_endpoint,raw,SPH,T2,,current,natural_target,374,0.18253765537411654,0.14729187533031596,0.012459258161235165,-0.03683548917875841,,,,0.1208317471945572,0.09290279832411891,,,0.05921840877846415,0.6052717784975806,374,0.17438476867715155,0.12055478337278866,0.005667223724239889,-0.03354935521417311,,,,0.12124655898874694,0.09307263746339221,,,0.04608251899664513,0.5615860892756775,0.008152886696964984,0.026737091957527298,0.006792034436995276,-0.003286133964585297,,,,-0.0004148117941897289,-0.00016983913927330618,,,0.013135889781819017,0.04368568922190308
Z5,Z4_MATCHED_Z5,3026,LOCAL3,static,goal6_workbook_endpoint,raw,SPH,T2,,current,natural_target,374,0.1929662943900446,0.15027535013752005,0.007974111828755182,-0.04379285210706653,,,,0.12110582910956419,0.09312965147244238,,,0.07343266419627358,0.5545530599472941,374,0.1734263881521412,0.12651379989947314,0.00456809028833749,-0.036572727463869026,,,,0.12131355333030944,0.09307750696172237,,,0.05449803157642515,0.541935364287698,0.019539906237903387,0.023761550238046908,0.003406021540417692,-0.007220124643197504,,,,-0.00020772422074524788,5.2144510720011916e-05,,,0.018934632619848422,0.01261769565959614
Z5,Z4_MATCHED_Z5,2026,LOCAL0,static,goal6_workbook_endpoint,raw,SPH,T3,,current,natural_target,374,0.16367558888044614,0.14449971818701557,0.013860743796345498,0.006953160702806022,,,,0.14052087845093617,0.11127016357507487,,,0.051791023035828575,0.6349503328748278,374,0.09284122091439549,0.1234052944539087,0.006122766365779464,-0.006410995767905365,,,,0.1410711165000777,0.11199155129090393,,,0.04746736971034072,0.5664169082657933,0.07083436796605065,0.021094423733106868,0.007737977430566034,0.013364156470711387,,,,-0.0005502380491415326,-0.0007213877158290666,,,0.004323653325487856,0.06853342460903455
Z5,Z4_MATCHED_Z5,2026,LOCAL3,static,goal6_workbook_endpoint,raw,SPH,T3,,current,natural_target,374,0.14205857980530745,0.12375326334867982,0.008304666731642762,0.003400267715957862,,,,0.1409161817509737,0.11254565354008679,,,0.04291683524982107,0.5973691843907093,374,0.07462465054264454,0.08345955597848867,-0.004269176979574629,-0.013685602242656785,,,,0.14180671582099824,0.1128868454561406,,,0.035728046792400006,0.4415414022942663,0.06743392926266291,0.040293707370191154,0.012573843711217392,0.017085869958614646,,,,-0.0008905340700245401,-0.00034119191605380683,,,0.007188788457421061,0.155827782096443
Z5,Z4_MATCHED_Z5,3026,LOCAL0,static,goal6_workbook_endpoint,raw,SPH,T3,,current,natural_target,374,0.17222187495519778,0.15119297102719242,0.017039291000368495,0.009482778381015503,,,,0.14029423057199295,0.11195901742709659,,,0.0514534884233717,0.6665368874829339,374,0.09058175510028531,0.0940715867510313,0.004643024208802027,-0.0056450830257520936,,,,0.14117609487647034,0.11173758642749157,,,0.025185834850659894,0.5927619170438838,0.08164011985491247,0.05712138427616112,0.012396266791566468,0.015127861406767596,,,,-0.0008818643044773977,0.00022143099960501844,,,0.026267653572711804,0.07377497043905012
Z5,Z4_MATCHED_Z5,3026,LOCAL3,static,goal6_workbook_endpoint,raw,SPH,T3,,current,natural_target,374,0.161454201373457,0.14951807176520893,0.01887005417250187,0.01156640082521067,,,,0.14016352076164218,0.11144415427178392,,,0.04298461776138508,0.7211691711275582,374,0.1018974351622199,0.12269335537685867,0.0011193103682245464,-0.01097492695654662,,,,0.14142576643884502,0.11199372657506382,,,0.0579416574923016,0.5097128545403513,0.05955676621123711,0.026824716388350253,0.017750743804277325,0.02254132778175729,,,,-0.0012622456772028445,-0.0005495723032798994,,,-0.01495703973091652,0.21145631658720687
Z5,Z4_MATCHED_Z5,2026,LOCAL0,static,goal6_workbook_endpoint,residual_ftv,BPE,T0,,current,goal6_transformed_standardized_residual,375,0.23732456460225723,0.2307888870215556,,-0.09875159718114736,0.23732456460225723,-0.09875159718114736,-0.029900770493179074,,,17.50266699795376,12.269142709987639,0.3087414035948197,0.4595830554381764,375,0.1995276201573901,0.1899440635041822,,-0.03283459832183919,0.1995276201573901,-0.03283459832183919,-0.027846211486874717,,,17.485200162591802,12.222492840455901,0.14872139513077454,0.550468425182604,0.03779694444486714,0.040844823517373396,,-0.06591699885930817,0.03779694444486714,-0.06591699885930817,-0.0020545590063043573,,,0.017466835361958033,0.046649869531737664,0.16002000846404518,-0.09088536974442757
Z5,Z4_MATCHED_Z5,2026,LOCAL3,static,goal6_workbook_endpoint,residual_ftv,BPE,T0,,current,goal6_transformed_standardized_residual,375,0.24549630467631256,0.22428109367357948,,-0.10066756063122347,0.24549630467631256,-0.10066756063122347,-0.024937237492002495,,,17.460439633543665,12.131273998919964,0.2956103400708487,0.4779033244882542,375,0.2051283333118937,0.19759155029994932,,-0.043948481244285374,0.2051283333118937,-0.043948481244285374,-0.03472969602209952,,,17.543651643141313,12.222143167927833,0.18420208828824797,0.5466498228449191,0.04036797136441886,0.026689543373630165,,-0.05671907938693809,0.04036797136441886,-0.05671907938693809,0.009792458530097026,,,-0.08321200959764852,-0.09086916900786868,0.11140825178260072,-0.06874649835666496
Z5,Z4_MATCHED_Z5,3026,LOCAL0,static,goal6_workbook_endpoint,residual_ftv,BPE,T0,,current,goal6_transformed_standardized_residual,375,0.26387867577906016,0.25632925434829545,,0.012110973958775901,0.26387867577906016,0.012110973958775901,0.000963632214878829,,,17.238409276960095,12.040039366002079,0.12735950923866265,0.8512663977297995,375,0.2381169249432404,0.22476874133337654,,-0.13219500931910202,0.2381169249432404,-0.13219500931910202,-0.10578934385883798,,,18.136051433795906,12.839824314777236,0.3154887321002066,0.5933639154154238,0.025761750835819747,0.03156051301491891,,0.14430598327787791,0.025761750835819747,0.14430598327787791,0.10675297607371681,,,-0.8976421568358113,-0.7997849487751569,-0.18812922286154396,0.25790248231437574
Z5,Z4_MATCHED_Z5,3026,LOCAL3,static,goal6_workbook_endpoint,residual_ftv,BPE,T0,,current,goal6_transformed_standardized_residual,375,0.26522481211261223,0.24932625244226006,,-0.023545136236835948,0.26522481211261223,-0.023545136236835948,-0.05973001131789357,,,17.75432458348405,12.448396950699468,0.17589742047428933,0.7810804645693291,375,0.30088800979266944,0.2762792406109047,,0.03229925525393773,0.30088800979266944,0.03229925525393773,0.018273671367618483,,,17.0884140246752,11.935386532491021,0.1263233213963702,0.8697943142601106,-0.03566319768005721,-0.026952988168644637,,-0.05584439149077368,-0.03566319768005721,-0.05584439149077368,-0.07800368268551205,,,0.6659105588088501,0.513010418208447,0.049574099077919126,-0.08871384969078144
Z5,Z4_MATCHED_Z5,2026,LOCAL0,static,goal6_workbook_endpoint,residual_ftv,BPE,T1,,current,goal6_transformed_standardized_residual,375,0.2786881020680541,0.26890720754409503,,0.03823963989005245,0.2786881020680541,0.03823963989005245,0.05529988076528658,,,12.284135164651655,8.951754262597058,0.18695682278431056,0.6889251311018776,375,0.27410457386133036,0.26613310736507423,,0.04844648099547328,0.27410457386133036,0.04844648099547328,0.057040618648175,,,12.272812355132647,8.891206144519296,0.11800957310214462,0.8166394786826839,0.004583528206723753,0.0027741001790207998,,-0.010206841105420833,0.004583528206723753,-0.010206841105420833,-0.0017407378828884212,,,0.011322809519008104,0.060548118077761615,0.06894724968216594,-0.12771434758080635
Z5,Z4_MATCHED_Z5,2026,LOCAL3,static,goal6_workbook_endpoint,residual_ftv,BPE,T1,,current,goal6_transformed_standardized_residual,375,0.306200760879407,0.301494836726503,,0.060750914026328685,0.306200760879407,0.060750914026328685,0.06984792113819016,,,12.189182566710992,8.83240785033023,0.2120608966382596,0.7566137348997461,375,0.29564051808967207,0.28323585429554277,,0.05768862288926587,0.29564051808967207,0.05768862288926587,0.06923538133803409,,,12.193195421602537,8.820407079331405,0.1263801043617236,0.8435882278220675,0.010560242789734942,0.018258982430960247,,0.003062291137062814,0.010560242789734942,0.003062291137062814,0.0006125398001560756,,,-0.004012854891545459,0.01200077099882435,0.08568079227653602,-0.0869744929223214
Z5,Z4_MATCHED_Z5,3026,LOCAL0,static,goal6_workbook_endpoint,residual_ftv,BPE,T1,,current,goal6_transformed_standardized_residual,375,0.34139823250292467,0.31302439704023516,,0.08993356426539227,0.34139823250292467,0.08993356426539227,0.08250802173178629,,,12.10594619248974,8.721239807540071,0.09417799817442513,1.0659040667348991,375,0.3182251309117145,0.2798532463681986,,0.06781024507987289,0.3182251309117145,0.06781024507987289,0.06357547122691987,,,12.230212188063776,8.812911070528138,0.08994017203733662,0.9749464690904169,0.023173101591210166,0.033171150672036576,,0.02212331918551938,0.023173101591210166,0.02212331918551938,0.01893255050486642,,,-0.12426599557403684,-0.09167126298806672,0.004237826137088507,0.09095759764448219
Z5,Z4_MATCHED_Z5,3026,LOCAL3,static,goal6_workbook_endpoint,residual_ftv,BPE,T1,,current,goal6_transformed_standardized_residual,375,0.34201442758558537,0.31769389470873194,,0.08985964854370104,0.34201442758558537,0.08985964854370104,0.08109163663810204,,,12.115286911352419,8.738176767425356,0.09169044999905375,1.108216244448584,375,0.3127903965801396,0.26713401955199373,,0.057247014985433824,0.3127903965801396,0.057247014985433824,0.055921952741254555,,,12.28009003198556,8.893212742742914,0.09196401635203384,0.9414015752810869,0.029224031005445794,0.05055987515673821,,0.03261263355826722,0.029224031005445794,0.03261263355826722,0.025169683896847483,,,-0.16480312063314173,-0.15503597531755808,-0.00027356635298009246,0.166814669167497
Z5,Z4_MATCHED_Z5,2026,LOCAL0,static,goal6_workbook_endpoint,residual_ftv,BPE,T2,,current,goal6_transformed_standardized_residual,374,0.3468281052666562,0.34221470979853447,,0.11070638558085916,0.3468281052666562,0.11070638558085916,0.0837088964816799,,,10.596319349511418,7.323957205974004,0.12094380653362058,1.0172002826399176,374,0.389200790624564,0.3714208425680645,,0.13402579876102774,0.389200790624564,0.13402579876102774,0.10186069765609396,,,10.490837361239432,7.188732225398597,0.13148856285004584,1.044404235503496,-0.04237268535790778,-0.029206132769530047,,-0.023319413180168586,-0.04237268535790778,-0.023319413180168586,-0.01815180117441406,,,0.10548198827198618,0.13522498057540755,-0.010544756316425263,-0.02720395286357835
Z5,Z4_MATCHED_Z5,2026,LOCAL3,static,goal6_workbook_endpoint,residual_ftv,BPE,T2,,current,goal6_transformed_standardized_residual,374,0.36135722848394825,0.36219790023917037,,0.12503290806795053,0.36135722848394825,0.12503290806795053,0.09633408631508544,,,10.523065024742543,7.220964805720713,0.13011267291616882,1.0437685036664206,374,0.39530150748559706,0.3766925085051055,,0.1378921101171344,0.39530150748559706,0.1378921101171344,0.10953277986137921,,,10.445933866028883,7.121072233578629,0.14043999153887043,1.029488259589624,-0.033944279001648814,-0.014494608265935127,,-0.012859202049183865,-0.033944279001648814,-0.012859202049183865,-0.013198693546293772,,,0.0771311587136605,0.09989257214208358,-0.010327318622701614,0.014280244076796622
Z5,Z4_MATCHED_Z5,3026,LOCAL0,static,goal6_workbook_endpoint,residual_ftv,BPE,T2,,current,goal6_transformed_standardized_residual,374,0.32280269844991477,0.3145640647497697,,0.10418887308521982,0.32280269844991477,0.10418887308521982,0.09503263866251732,,,10.530639887696092,7.2871558412463955,0.09449636934050147,1.0117417058830447,374,0.35137956446883994,0.32661164966402817,,0.10599625862045306,0.35137956446883994,0.10599625862045306,0.1012674929708891,,,10.494301293069086,7.200052931883782,0.1422367912110802,0.9037657866035032,-0.028576866018925173,-0.012047584914258447,,-0.0018073855352332413,-0.028576866018925173,-0.0018073855352332413,-0.0062348543083717844,,,0.03633859462700606,0.08710290936261345,-0.04774042187057874,0.10797591927954153
Z5,Z4_MATCHED_Z5,3026,LOCAL3,static,goal6_workbook_endpoint,residual_ftv,BPE,T2,,current,goal6_transformed_standardized_residual,374,0.32935329084418574,0.3216259527844148,,0.11678892981164667,0.32935329084418574,0.11678892981164667,0.10651656919545571,,,10.463610261689277,7.221394021018799,0.12493517690980493,0.9169254163923326,374,0.3512597933243859,0.3250619017733072,,0.10477000274557977,0.3512597933243859,0.10477000274557977,0.09860850310797387,,,10.509814046665623,7.212080610460412,0.13587471413353935,0.9177315896569145,-0.021906502480200152,-0.003435948988892379,,0.0120189270660669,-0.021906502480200152,0.0120189270660669,0.007908066087481846,,,-0.046203784976345474,0.00931341055838697,-0.010939537223734419,-0.0008061732645818775
Z5,Z4_MATCHED_Z5,2026,LOCAL0,static,goal6_workbook_endpoint,residual_ftv,BPE,T3,,current,goal6_transformed_standardized_residual,374,0.32230971239308553,0.31218027167345147,,0.06259198119503312,0.32230971239308553,0.06259198119503312,0.1032041761360386,,,9.780921239472754,6.681240359614733,0.12685131990222612,0.971455646739482,374,0.2975744876623997,0.2804631169742129,,0.04981564709447583,0.2975744876623997,0.04981564709447583,0.08578148956748843,,,9.875474645947454,6.659689866114991,0.11216298545396765,0.9014111309666044,0.024735224730685845,0.03171715469923858,,0.012776334100557292,0.024735224730685845,0.012776334100557292,0.017422686568550172,,,-0.09455340647470045,0.021550493499742807,0.01468833444825847,0.07004451577287762
Z5,Z4_MATCHED_Z5,2026,LOCAL3,static,goal6_workbook_endpoint,residual_ftv,BPE,T3,,current,goal6_transformed_standardized_residual,374,0.31556149670621225,0.31028967140850067,,0.05425919690268678,0.31556149670621225,0.05425919690268678,0.10423847830382238,,,9.775279293808138,6.692922695777107,0.15803039627910703,0.8600681722191191,374,0.32947681549521834,0.30984083556001973,,0.06343481781815716,0.32947681549521834,0.06343481781815716,0.10088365164068458,,,9.793567486943923,6.609245890928373,0.16314704021820986,0.8260454646087887,-0.013915318789006093,0.00044883584848093294,,-0.009175620915470376,-0.013915318789006093,-0.009175620915470376,0.0033548266631378,,,-0.01828819313578478,0.08367680484873397,-0.005116643939102827,0.03402270761033044
Z5,Z4_MATCHED_Z5,3026,LOCAL0,static,goal6_workbook_endpoint,residual_ftv,BPE,T3,,current,goal6_transformed_standardized_residual,374,0.2975689370044796,0.29600889873795855,,0.05540156757670311,0.2975689370044796,0.05540156757670311,0.08495952204317148,,,9.87991313391118,6.7985570263388615,0.1104536385238379,1.0443129768950377,374,0.34194769599234387,0.3311361089585484,,0.06703591023616363,0.34194769599234387,0.06703591023616363,0.0922678784991704,,,9.84037899137993,6.737119450091619,0.08751283469914925,1.5025294438989727,-0.04437875898786425,-0.035127210220589844,,-0.011634342659460527,-0.04437875898786425,-0.011634342659460527,-0.007308356455998921,,,0.03953414253124876,0.061437576247242554,0.022940803824688646,-0.45821646700393504
Z5,Z4_MATCHED_Z5,3026,LOCAL3,static,goal6_workbook_endpoint,residual_ftv,BPE,T3,,current,goal6_transformed_standardized_residual,374,0.29633042791957503,0.2839575338316264,,0.05084281146545728,0.29633042791957503,0.05084281146545728,0.08225614769360856,,,9.89449686341993,6.793138851685311,0.10336392017471449,1.0028620822056757,374,0.34545877207621517,0.32867165663352654,,0.06902386246247438,0.34545877207621517,0.06902386246247438,0.0948346545091413,,,9.826456420593392,6.71548809392341,0.08036750115073688,1.4754437408970733,-0.049128344156640136,-0.044714122801900125,,-0.018181050997017105,-0.049128344156640136,-0.018181050997017105,-0.012578506815532742,,,0.06804044282653798,0.07765075776190056,0.022996419023977616,-0.47258165869139757
Z5,Z4_MATCHED_Z5,2026,LOCAL0,static,goal6_workbook_endpoint,residual_ftv,LD,T0,,current,goal6_transformed_standardized_residual,375,0.07033295310610124,0.10543079595236073,,-0.02453421411789485,0.07033295310610124,-0.02453421411789485,0.3402011164385057,,,1.7476390974389495,1.2021926224738724,0.03233623053331913,0.8145470999979749,375,0.07733596331411327,0.11308324303368594,,-0.04573659650841113,0.07733596331411327,-0.04573659650841113,0.3308782082774623,,,1.7599427912498786,1.2139400861630931,0.05426189058161452,0.8787633714341017,-0.007003010208012028,-0.007652447081325217,,0.02120238239051628,-0.007003010208012028,0.02120238239051628,0.00932290816104342,,,-0.012303693810929106,-0.01174746368922075,-0.021925660048295388,-0.06421627143612674
Z5,Z4_MATCHED_Z5,2026,LOCAL3,static,goal6_workbook_endpoint,residual_ftv,LD,T0,,current,goal6_transformed_standardized_residual,375,0.07028716149915233,0.08764818882061569,,-0.027299186304800147,0.07028716149915233,-0.027299186304800147,0.33955003297460973,,,1.7485011619079724,1.2018084812555054,0.0294335441942639,0.7144553807416449,375,0.07525660614984352,0.09436533851340044,,-0.04767451227716734,0.07525660614984352,-0.04767451227716734,0.3315420421240999,,,1.759069557467608,1.212804093974003,0.047839785785027684,0.8346156903100876,-0.004969444650691185,-0.006717149692784752,,0.020375325972367193,-0.004969444650691185,0.020375325972367193,0.00800799085050985,,,-0.010568395559635624,-0.010995612718497583,-0.018406241590763785,-0.1201603095684427
Z5,Z4_MATCHED_Z5,3026,LOCAL0,static,goal6_workbook_endpoint,residual_ftv,LD,T0,,current,goal6_transformed_standardized_residual,375,0.08417833203331511,0.11625284539269007,,-0.025146860147708443,0.08417833203331511,-0.025146860147708443,0.3360667264502334,,,1.7531060194222987,1.2077355950197746,0.041976945774131795,0.790539283168719,375,0.08783413866024521,0.1268912561599762,,-0.026127326321421247,0.08783413866024521,-0.026127326321421247,0.336583566128435,,,1.7524235328009354,1.2098350546171457,0.045398776567700576,0.8810092436807802,-0.0036558066269301026,-0.010638410767286138,,0.0009804661737128038,-0.0036558066269301026,0.0009804661737128038,-0.0005168396782015972,,,0.0006824866213632763,-0.0020994595973711228,-0.003421830793568781,-0.09046996051206113
Z5,Z4_MATCHED_Z5,3026,LOCAL3,static,goal6_workbook_endpoint,residual_ftv,LD,T0,,current,goal6_transformed_standardized_residual,375,0.08751159918194294,0.112308641881144,,-0.0311087831807321,0.08751159918194294,-0.0311087831807321,0.33225198982382276,,,1.7581351837066086,1.2055188218466428,0.04523495720807256,0.7924114526673296,375,0.08872119257932115,0.1327205107928351,,-0.025449265922686634,0.08872119257932115,-0.025449265922686634,0.33614592680295463,,,1.753001452621978,1.2058259784473924,0.046732901197398764,0.9297458924549448,-0.0012095933973782086,-0.020411868911691083,,-0.005659517258045466,-0.0012095933973782086,-0.005659517258045466,-0.0038939369791318734,,,0.005133731084630666,-0.0003071566007495363,-0.0014979439893262059,-0.13733443978761517
Z5,Z4_MATCHED_Z5,2026,LOCAL0,static,goal6_workbook_endpoint,residual_ftv,LD,T1,,current,goal6_transformed_standardized_residual,375,-0.06137300741490605,-0.05228785154477499,,-0.08885600442020994,-0.06137300741490605,-0.08885600442020994,0.2667244630927066,,,1.759750107443425,1.1718749622094697,0.03350248037128021,-0.2889172708893362,375,-0.07844711514208491,-0.07772102341695626,,-0.11628454383446107,-0.07844711514208491,-0.11628454383446107,0.2409950040621116,,,1.7903573329009939,1.1871155025057918,0.055246008487272166,-0.5605723884006762,0.017074107727178864,0.02543317187218127,,0.027428539414251135,0.017074107727178864,0.027428539414251135,0.02572945903059498,,,-0.030607225457568887,-0.015240540296322047,-0.021743528115991957,0.27165511751134
Z5,Z4_MATCHED_Z5,2026,LOCAL3,static,goal6_workbook_endpoint,residual_ftv,LD,T1,,current,goal6_transformed_standardized_residual,375,-0.048413628355130855,-0.03912716787911807,,-0.0800683692303244,-0.048413628355130855,-0.0800683692303244,0.27123726833960815,,,1.754326726097721,1.1688628871815736,0.030130172382177373,-0.1838046316840429,375,-0.0713935325041207,-0.06339005248778151,,-0.10652509011046224,-0.0713935325041207,-0.10652509011046224,0.24675412465890068,,,1.7835520302741572,1.184065034440249,0.0498285864209995,-0.3973073911025158,0.022979904148989844,0.024262884608663444,,0.02645672088013784,0.022979904148989844,0.02645672088013784,0.024483143680707475,,,-0.029225304176436318,-0.015202147258675414,-0.019698414038822127,0.21350275941847288
Z5,Z4_MATCHED_Z5,3026,LOCAL0,static,goal6_workbook_endpoint,residual_ftv,LD,T1,,current,goal6_transformed_standardized_residual,375,-0.041728273530741836,-0.0861181917773042,,-0.07225117754960245,-0.041728273530741836,-0.07225117754960245,0.2723801405446421,,,1.7529505868888668,1.16410469485743,0.019205055497643075,-0.6127060389759346,375,-0.048216421174871925,-0.07207257032383374,,-0.07990414543190363,-0.048216421174871925,-0.07990414543190363,0.26542076205096077,,,1.761313755159002,1.166141000621312,0.03259672661954416,-0.46596490960043063,0.006488147644130089,-0.014045621453470464,,0.007652967882301187,0.006488147644130089,0.007652967882301187,0.006959378493681334,,,-0.008363168270135057,-0.002036305763881918,-0.013391671121901084,-0.14674112937550393
Z5,Z4_MATCHED_Z5,3026,LOCAL3,static,goal6_workbook_endpoint,residual_ftv,LD,T1,,current,goal6_transformed_standardized_residual,375,-0.03261772002753792,-0.06992652939708932,,-0.06956943831863127,-0.03261772002753792,-0.06956943831863127,0.27286532010640097,,,1.7523660525250864,1.1633409447292482,0.02103223707972955,-0.4614597957889681,375,-0.043757553545951705,-0.07333333351971832,,-0.07480566223114979,-0.043757553545951705,-0.07480566223114979,0.26602392301511424,,,1.7605905017564094,1.1616914596996148,0.029551638396348442,-0.4975834174618936,0.011139833518413786,0.0034068041226290036,,0.005236223912518517,0.011139833518413786,0.005236223912518517,0.006841397091286727,,,-0.008224449231323039,0.0016494850296333574,-0.00851940131661889,0.03612362167292549
Z5,Z4_MATCHED_Z5,2026,LOCAL0,static,goal6_workbook_endpoint,residual_ftv,LD,T2,,current,goal6_transformed_standardized_residual,374,0.11079106336874173,0.07031107904628181,,-0.031220901308233115,0.11079106336874173,-0.031220901308233115,0.30995156787848077,,,1.7758324747096552,1.2755129907933074,0.08536768073642266,0.22470774987465017,374,0.07915595418295801,0.04581470518000765,,-0.033833881014877325,0.07915595418295801,-0.033833881014877325,0.29598553562623,,,1.7937131746079205,1.284614555435843,0.051947714266098,0.1582727722662451,0.031635109185783716,0.02449637386627416,,0.00261297970664421,0.031635109185783716,0.00261297970664421,0.013966032252250793,,,-0.01788069989826524,-0.009101564642535642,0.033419966470324663,0.06643497760840508
Z5,Z4_MATCHED_Z5,2026,LOCAL3,static,goal6_workbook_endpoint,residual_ftv,LD,T2,,current,goal6_transformed_standardized_residual,374,0.09813112326140337,0.07301193743078081,,-0.021198621135922118,0.09813112326140337,-0.021198621135922118,0.3156003453647733,,,1.7685490032442788,1.2709161180807458,0.07266890785839283,0.26119528736360476,374,0.05192367379908462,0.02031138241184244,,-0.026093469563379785,0.05192367379908462,-0.026093469563379785,0.3182235992792979,,,1.765156389601051,1.2708167073883307,0.03545128616726627,-0.015399692350703138,0.04620744946231875,0.052700555018938375,,0.004894848427457667,0.04620744946231875,0.004894848427457667,-0.0026232539145245592,,,0.0033926136432278486,9.94106924150362e-05,0.037217621691126565,0.2765949797143079
Z5,Z4_MATCHED_Z5,3026,LOCAL0,static,goal6_workbook_endpoint,residual_ftv,LD,T2,,current,goal6_transformed_standardized_residual,374,0.07873235656196714,0.06468885970719683,,-0.048191099829966264,0.07873235656196714,-0.048191099829966264,0.3377253060356984,,,1.7397277356724603,1.2639148647208118,0.038795968987307805,0.6440729734685112,374,0.10385621504090116,0.08958102811040847,,-0.046250378739015593,0.10385621504090116,-0.046250378739015593,0.3082330938180642,,,1.778042337297847,1.2728547268844308,0.06499447757945281,0.6706298265584414,-0.025123858478934016,-0.024892168403211637,,-0.00194072109095067,-0.025123858478934016,-0.00194072109095067,0.029492212217634206,,,-0.0383146016253868,-0.008939862163618972,-0.02619850859214501,-0.026556853089930166
Z5,Z4_MATCHED_Z5,3026,LOCAL3,static,goal6_workbook_endpoint,residual_ftv,LD,T2,,current,goal6_transformed_standardized_residual,374,0.09698873324570585,0.07576674777939724,,-0.04425444566630978,0.09698873324570585,-0.04425444566630978,0.3376978026314652,,,1.739763859609284,1.2648304259662626,0.04038257782528514,0.7020934913892404,374,0.08086073726693165,0.07879649752471024,,-0.017842872076560896,0.08086073726693165,-0.017842872076560896,0.33581611845661874,,,1.7422335510839424,1.2597513660815984,0.024275580818029933,0.7003485904619972,0.016127995978774207,-0.003029749745313004,,-0.026411573589748886,0.016127995978774207,-0.026411573589748886,0.0018816841748464652,,,-0.0024696914746584753,0.005079059884664172,0.016106997007255208,0.0017449009272432203
Z5,Z4_MATCHED_Z5,2026,LOCAL0,static,goal6_workbook_endpoint,residual_ftv,LD,T3,,current,goal6_transformed_standardized_residual,374,0.07114691980757029,0.03432570926098133,,-0.030483513872680588,0.07114691980757029,-0.030483513872680588,0.1887328695859095,,,1.6055598039242622,1.21969926025855,0.03648664743064301,0.2277453082652403,374,0.09198924356717171,0.0836281583361258,,-0.025643194579265588,0.09198924356717171,-0.025643194579265588,0.17636243150139697,,,1.617754515016291,1.220666105527798,0.04157846485447016,0.7638956093210759,-0.02084232375960142,-0.04930244907514447,,-0.004840319293415,-0.02084232375960142,-0.004840319293415,0.012370438084512547,,,-0.012194711092028854,-0.0009668452692481733,-0.0050918174238271455,-0.5361503010558356
Z5,Z4_MATCHED_Z5,2026,LOCAL3,static,goal6_workbook_endpoint,residual_ftv,LD,T3,,current,goal6_transformed_standardized_residual,374,0.06717580424111119,0.041607551947918146,,-0.024533242416598572,0.06717580424111119,-0.024533242416598572,0.1850913709459746,,,1.609159171761645,1.2176814952056143,0.032543929185656996,0.2866404600265044,374,0.10341381734793563,0.09639099937159001,,-0.02513603035239499,0.10341381734793563,-0.02513603035239499,0.16961770867726622,,,1.6243648611161334,1.2221675836326655,0.04150892733229606,0.9391145693281614,-0.03623801310682444,-0.05478344742367187,,0.0006027879357964165,-0.03623801310682444,0.0006027879357964165,0.015473662268708388,,,-0.015205689354488516,-0.004486088427051227,-0.008964998146639064,-0.6524741093016571
Z5,Z4_MATCHED_Z5,3026,LOCAL0,static,goal6_workbook_endpoint,residual_ftv,LD,T3,,current,goal6_transformed_standardized_residual,374,0.11457023841842663,0.1079688961554913,,-0.034088972106996365,0.11457023841842663,-0.034088972106996365,0.1895132075168654,,,1.6047874438767145,1.208257080780396,0.07673671584028817,0.6680561078480439,374,0.07023245172556757,0.07644837471953453,,-0.04570840042803777,0.07023245172556757,-0.04570840042803777,0.18424069176890334,,,1.6099988494237933,1.2064832932027334,0.06604292232815787,0.5071109594240651,0.044337786692859066,0.031520521435956766,,0.011619428321041403,0.044337786692859066,0.011619428321041403,0.005272515747962059,,,-0.0052114055470788845,0.0017737875776626666,0.010693793512130303,0.16094514842397878
Z5,Z4_MATCHED_Z5,3026,LOCAL3,static,goal6_workbook_endpoint,residual_ftv,LD,T3,,current,goal6_transformed_standardized_residual,374,0.13130742118882843,0.11793757195127522,,-0.006790514156644303,0.13130742118882843,-0.006790514156644303,0.2103202342519661,,,1.5840542524050047,1.2030020872028364,0.03568769672770958,0.8464514079681795,374,0.09113182116487001,0.09090474948762459,,-0.049955773998966654,0.09113182116487001,-0.049955773998966654,0.17204475910241324,,,1.621989268320303,1.213113529704426,0.07240907740360794,0.6499566158919042,0.040175600023958424,0.02703282246365063,,0.04316525984232235,0.040175600023958424,0.04316525984232235,0.03827547514955287,,,-0.03793501591529824,-0.010111442501589574,-0.03672138067589836,0.1964947920762753
Z5,Z4_MATCHED_Z5,2026,LOCAL0,static,goal6_workbook_endpoint,residual_ftv,SPH,T0,,current,goal6_transformed_standardized_residual,375,0.3439531954148151,0.3292762021106409,,0.09129912504651264,0.3439531954148151,0.09129912504651264,0.38145703586294477,,,0.07415133206630821,0.057554531118876484,0.19423177950566026,0.7537468392021937,375,0.3070317300270843,0.3100046490970282,,0.06001855176991157,0.3070317300270843,0.06001855176991157,0.3621314271144558,,,0.07530080591133276,0.0589032787389865,0.21989508429385252,0.6883515621195572,0.036921465387730834,0.01927155301361272,,0.03128057327660107,0.036921465387730834,0.03128057327660107,0.019325608748488987,,,-0.0011494738450245484,-0.0013487476201100163,-0.02566330478819226,0.06539527708263648
Z5,Z4_MATCHED_Z5,2026,LOCAL3,static,goal6_workbook_endpoint,residual_ftv,SPH,T0,,current,goal6_transformed_standardized_residual,375,0.32864792533275744,0.3244069883647946,,0.08605917418803068,0.32864792533275744,0.08605917418803068,0.3802471201816078,,,0.07422381937464095,0.057956376667808875,0.1886472206915972,0.7666140804332994,375,0.3149695360126619,0.3060966702872761,,0.07276725237059188,0.3149695360126619,0.07276725237059188,0.36993554042512145,,,0.0748387479169843,0.058380269786310585,0.1693565702866573,0.7580200484446241,0.013678389320095519,0.018310318077518484,,0.013291921817438795,0.013678389320095519,0.013291921817438795,0.010311579756486333,,,-0.0006149285423433515,-0.00042389311850171,0.019290650404939907,0.008594031988675255
Z5,Z4_MATCHED_Z5,3026,LOCAL0,static,goal6_workbook_endpoint,residual_ftv,SPH,T0,,current,goal6_transformed_standardized_residual,375,0.34627111443476716,0.3487854717718472,,0.10362121706352694,0.34627111443476716,0.10362121706352694,0.38261376321862617,,,0.07408196500743094,0.05723646651696836,0.20886907289307055,0.7806155629918425,375,0.29120177641461975,0.31261906013495333,,0.06353444472721625,0.29120177641461975,0.06353444472721625,0.3558057234861771,,,0.07567326152808569,0.05866832837371536,0.1614404265444266,0.8938254009744918,0.05506933802014741,0.03616641163689388,,0.04008677233631068,0.05506933802014741,0.04008677233631068,0.02680803973244905,,,-0.0015912965206547475,-0.0014318618567470062,0.04742864634864394,-0.11320983798264928
Z5,Z4_MATCHED_Z5,3026,LOCAL3,static,goal6_workbook_endpoint,residual_ftv,SPH,T0,,current,goal6_transformed_standardized_residual,375,0.32227880582982227,0.33869077988535856,,0.10063292593700052,0.32227880582982227,0.10063292593700052,0.380692189063347,,,0.07419716306825253,0.057326005616995565,0.14181459023531157,0.9918967489462271,375,0.3118793646551625,0.3187189449286305,,0.08371689197797902,0.3118793646551625,0.08371689197797902,0.3709127260953031,,,0.07478069057988722,0.057855615581325445,0.15688192765845121,0.8633499412536948,0.01039944117465974,0.019971834956728052,,0.016916033959021498,0.01039944117465974,0.016916033959021498,0.009779462968043884,,,-0.0005835275116346933,-0.0005296099643298802,-0.015067337423139648,0.12854680769253235
Z5,Z4_MATCHED_Z5,2026,LOCAL0,static,goal6_workbook_endpoint,residual_ftv,SPH,T1,,current,goal6_transformed_standardized_residual,375,0.08828491984886976,0.08927288801531076,,-0.0651235157166081,0.08828491984886976,-0.0651235157166081,0.23652346044815165,,,0.07982889125277556,0.06343318169902185,0.09150104167363948,0.5211538694896087,375,0.03414974217343781,0.006041557101438973,,-0.08958304004805112,0.03414974217343781,-0.08958304004805112,0.21292511610312237,,,0.08105322063978551,0.06325821310381144,0.0770393310337872,0.08484166252462687,0.054135177675431946,0.08323133091387179,,0.024459524331443022,0.054135177675431946,0.024459524331443022,0.023598344345029276,,,-0.001224329387009948,0.0001749685952104063,0.014461710639852285,0.43631220696498185
Z5,Z4_MATCHED_Z5,2026,LOCAL3,static,goal6_workbook_endpoint,residual_ftv,SPH,T1,,current,goal6_transformed_standardized_residual,375,0.08474895984029839,0.08506350262672412,,-0.06446376641521068,0.08474895984029839,-0.06446376641521068,0.23576004217695468,,,0.07986879268003731,0.06336050459709738,0.09280791606222112,0.4573706796263107,375,0.02699252297769881,0.0046044496116223665,,-0.08933139273975868,0.02699252297769881,-0.08933139273975868,0.21051691103398107,,,0.08117712479518734,0.0635524336555539,0.07808990735470225,0.0526320121241809,0.057756436862599576,0.08045905301510176,,0.024867626324548003,0.057756436862599576,0.024867626324548003,0.025243131142973607,,,-0.0013083321151500238,-0.00019192905845651087,0.014718008707518868,0.40473866750212983
Z5,Z4_MATCHED_Z5,3026,LOCAL0,static,goal6_workbook_endpoint,residual_ftv,SPH,T1,,current,goal6_transformed_standardized_residual,375,0.07655143556699158,0.12072690104976326,,-0.018099871147932683,0.07655143556699158,-0.018099871147932683,0.26233216590055364,,,0.07846801608514266,0.061718070181651895,0.05476237119799207,0.6710035834922738,375,0.0073835029394995096,0.03773706647192379,,-0.05233644503956939,0.0073835029394995096,-0.05233644503956939,0.2373193264024518,,,0.07978727264423917,0.06245162102181187,0.06320979807492622,0.2311423268132274,0.06916793262749207,0.08298983457783947,,0.03423657389163671,0.06916793262749207,0.03423657389163671,0.025012839498101846,,,-0.00131925655909651,-0.0007335508401599758,-0.008447426876934144,0.4398612566790464
Z5,Z4_MATCHED_Z5,3026,LOCAL3,static,goal6_workbook_endpoint,residual_ftv,SPH,T1,,current,goal6_transformed_standardized_residual,375,0.038753363311434745,0.05627376403570668,,-0.043460174611072,0.038753363311434745,-0.043460174611072,0.2425935830303847,,,0.07951091280789505,0.062180169589900934,0.05551768594794284,0.3033678679552999,375,-0.008817452238717107,0.012349161802512894,,-0.0724042612453895,-0.008817452238717107,-0.0724042612453895,0.22213683964988473,,,0.08057751154562749,0.06290436359581725,0.07465949906268766,0.0162307096668538,0.04757081555015185,0.043924602233193784,,0.028944086634317495,0.04757081555015185,0.028944086634317495,0.020456743380499964,,,-0.0010665987377324465,-0.0007241940059163135,-0.019141813114744825,0.2871371582884461
Z5,Z4_MATCHED_Z5,2026,LOCAL0,static,goal6_workbook_endpoint,residual_ftv,SPH,T2,,current,goal6_transformed_standardized_residual,374,0.11936200878739354,0.09986946015901513,,-0.09028326377003563,0.11936200878739354,-0.09028326377003563,0.3095265008593149,,,0.10103621112479098,0.07297027778657193,0.07606376357212577,0.44211986981360646,374,0.1100898574747337,0.09284608672843692,,-0.11392902864891642,0.1100898574747337,-0.11392902864891642,0.29869903606627113,,,0.10182531500811613,0.07432896177764398,0.06443945971206036,0.5106735796354185,0.009272151312659849,0.007023373430578211,,0.023645764878880787,0.009272151312659849,0.023645764878880787,0.01082746479304375,,,-0.0007891038833251485,-0.0013586839910720433,0.01162430386006541,-0.06855370982181203
Z5,Z4_MATCHED_Z5,2026,LOCAL3,static,goal6_workbook_endpoint,residual_ftv,SPH,T2,,current,goal6_transformed_standardized_residual,374,0.1102719075561677,0.10202362656220582,,-0.08595096197994082,0.1102719075561677,-0.08595096197994082,0.3141651380005599,,,0.10069625592358997,0.0733044257627476,0.05478342780621079,0.4549938081624355,374,0.12612492093509353,0.09755861978302578,,-0.11216064002773167,0.12612492093509353,-0.11216064002773167,0.30096878089801826,,,0.1016604037936452,0.07434838627218492,0.06310120097851647,0.5030367715975238,-0.015853013378925834,0.0044650067791800335,,0.026209678047790855,-0.015853013378925834,0.026209678047790855,0.013196357102541634,,,-0.0009641478700552347,-0.0010439605094373222,-0.008317773172305684,-0.04804296343508829
Z5,Z4_MATCHED_Z5,3026,LOCAL0,static,goal6_workbook_endpoint,residual_ftv,SPH,T2,,current,goal6_transformed_standardized_residual,374,0.12399768401928868,0.11062917904372604,,-0.060656708097063215,0.12399768401928868,-0.060656708097063215,0.32847347418897643,,,0.09964032387969024,0.07199794722044493,0.07344436883127478,0.3357861199949113,374,0.155143362517111,0.1277860023898775,,-0.059103234718185085,0.155143362517111,-0.059103234718185085,0.32773172205996426,,,0.09969533885037918,0.07225257613259549,0.03514348616708858,0.7077137430836584,-0.03114567849782232,-0.017156823346151456,,-0.00155347337887813,-0.03114567849782232,-0.00155347337887813,0.0007417521290121742,,,-5.5014970688938014e-05,-0.0002546289121505563,0.0383008826641862,-0.3719276230887471
Z5,Z4_MATCHED_Z5,3026,LOCAL3,static,goal6_workbook_endpoint,residual_ftv,SPH,T2,,current,goal6_transformed_standardized_residual,374,0.10665519166031334,0.1142319459387559,,-0.0615452122812604,0.10665519166031334,-0.0615452122812604,0.32819119900981153,,,0.09966126351061748,0.07224027505163089,0.07041182287607683,0.35618049975508703,374,0.12735293143754947,0.12158734232871421,,-0.058485890358131655,0.12735293143754947,-0.058485890358131655,0.3283428743490455,,,0.09965001253472587,0.07224906363519494,0.04113289154750077,0.4942651853229077,-0.02069773977723613,-0.007355396389958316,,-0.003059321923128744,-0.02069773977723613,-0.003059321923128744,-0.000151675339233992,,,1.125097589160795e-05,-8.788583564053876e-06,0.029278931328576063,-0.13808468556782066
Z5,Z4_MATCHED_Z5,2026,LOCAL0,static,goal6_workbook_endpoint,residual_ftv,SPH,T3,,current,goal6_transformed_standardized_residual,374,0.04938329964922679,0.054046352462513735,,-0.038564167100544326,0.04938329964922679,-0.038564167100544326,0.37211448847192063,,,0.11212745456197754,0.08778802493928321,0.055214292495804916,0.24544466199378873,374,0.09137297625800173,0.07092298377738741,,-0.028495906500595858,0.09137297625800173,-0.028495906500595858,0.38160843893093965,,,0.11127651337780371,0.08746479837663348,0.04655686367172208,0.383354491372506,-0.04198967660877494,-0.01687663131487368,,-0.010068260599948468,-0.04198967660877494,-0.010068260599948468,-0.009493950459019018,,,0.0008509411841738229,0.00032322656264972827,0.008657428824082838,-0.13790982937871726
Z5,Z4_MATCHED_Z5,2026,LOCAL3,static,goal6_workbook_endpoint,residual_ftv,SPH,T3,,current,goal6_transformed_standardized_residual,374,0.03807413841606284,0.04343616328561751,,-0.040511835484467615,0.03807413841606284,-0.040511835484467615,0.3715295776298059,,,0.11217966893533562,0.08794738238105147,0.05033003089267712,0.20783519461347863,374,0.09668398519802983,0.08151050228350445,,-0.02544527111989202,0.09668398519802983,-0.02544527111989202,0.383378410174979,,,0.1111171504626423,0.08751735348947647,0.04579116755664704,0.45224186028524466,-0.05860984678196699,-0.038074338997886946,,-0.015066564364575596,-0.05860984678196699,-0.015066564364575596,-0.011848832545173105,,,0.0010625184726933273,0.00043002889157500723,0.004538863336030076,-0.24440666567176603
Z5,Z4_MATCHED_Z5,3026,LOCAL0,static,goal6_workbook_endpoint,residual_ftv,SPH,T3,,current,goal6_transformed_standardized_residual,374,0.04265170531632751,0.05969779241170949,,-0.021086154961209407,0.04265170531632751,-0.021086154961209407,0.3821522120396146,,,0.11122757797245778,0.08768297861569894,0.040840054426199764,0.24525788481474087,374,0.05064299638806942,0.0651982534311723,,-0.018845176219990042,0.05064299638806942,-0.018845176219990042,0.3866019716343453,,,0.1108263219093435,0.08796155505251718,0.030251393224738545,0.4055427177716299,-0.007991291071741909,-0.0055004610194628115,,-0.0022409787412193648,-0.007991291071741909,-0.0022409787412193648,-0.004449759594730707,,,0.0004012560631142803,-0.00027857643681823696,0.010588661201461218,-0.16028483295688906
Z5,Z4_MATCHED_Z5,3026,LOCAL3,static,goal6_workbook_endpoint,residual_ftv,SPH,T3,,current,goal6_transformed_standardized_residual,374,0.042179026140759815,0.05757355976273067,,-0.02627213476783855,0.042179026140759815,-0.02627213476783855,0.379139065818045,,,0.11149846778050834,0.08786041675671463,0.03794270948592351,0.3571462202195851,374,0.048113270553975074,0.06403696658560827,,-0.027593354583506362,0.048113270553975074,-0.027593354583506362,0.3799347278094748,,,0.11142699965505509,0.08794636067740144,0.04820085393997304,0.30461326028891755,-0.005934244413215259,-0.006463406822877604,,0.001321219815667813,-0.005934244413215259,0.001321219815667813,-0.0007956619914297747,,,7.14681254532501e-05,-8.594392068680956e-05,-0.010258144454049531,0.05253295993066753
Z5,Z4_MATCHED_Z5,2026,LOCAL0,static,goal6_workbook_endpoint,residual_ftv_ld,BPE,T0,,current,goal6_transformed_standardized_residual,375,0.2518457222451474,0.24294176697263298,,-0.07009927915566681,0.2518457222451474,-0.07009927915566681,0.022785214834610934,,,17.049103731387042,11.988342847170967,0.29406115121305093,0.48571434954905574,375,0.19845321856720385,0.18562176448836612,,-0.024578590018214996,0.19845321856720385,-0.024578590018214996,0.02773151781400962,,,17.00590083642618,11.903550968707343,0.1349599840575856,0.5427073571559073,0.05339250367794354,0.05732000248426686,,-0.04552068913745182,0.05339250367794354,-0.04552068913745182,-0.004946302979398687,,,0.0432028949608636,0.08479187846362457,0.15910116715546532,-0.05699300760685161
Z5,Z4_MATCHED_Z5,2026,LOCAL3,static,goal6_workbook_endpoint,residual_ftv_ld,BPE,T0,,current,goal6_transformed_standardized_residual,375,0.26062793761639874,0.2326313850323454,,-0.073355789636034,0.26062793761639874,-0.073355789636034,0.023272323905948245,,,17.044853996127646,11.94060145378302,0.28215541800618016,0.49049996028931553,375,0.20270739282461156,0.193232698925263,,-0.03511248185080415,0.20270739282461156,-0.03511248185080415,0.007981652250403926,,,17.177754470477264,11.91505490593899,0.16893369285628254,0.5350329884366274,0.05792054479178718,0.03939868610708239,,-0.038243307785229844,0.05792054479178718,-0.038243307785229844,0.015290671655544319,,,-0.1329004743496185,0.025546547844029988,0.11322172514989762,-0.04453302814731186
Z5,Z4_MATCHED_Z5,3026,LOCAL0,static,goal6_workbook_endpoint,residual_ftv_ld,BPE,T0,,current,goal6_transformed_standardized_residual,375,0.25281095330788744,0.24170838606625003,,-0.01721648546208445,0.25281095330788744,-0.01721648546208445,0.024250771817788896,,,17.036314420040867,12.141889691510753,0.15953919926552637,0.8054636962319338,375,0.23977661686069526,0.21485128548026447,,-0.13869704489036433,0.23977661686069526,-0.13869704489036433,-0.05567410202110534,,,17.72031641040446,12.472272522513896,0.3147176021978248,0.5754837918545828,0.01303433644719218,0.02685710058598556,,0.12148055942827987,0.01303433644719218,0.12148055942827987,0.07992487383889424,,,-0.6840019903635941,-0.33038283100314203,-0.15517840293229843,0.22997990437735105
Z5,Z4_MATCHED_Z5,3026,LOCAL3,static,goal6_workbook_endpoint,residual_ftv_ld,BPE,T0,,current,goal6_transformed_standardized_residual,375,0.26471077537861853,0.24052148391175812,,-0.02559602950107595,0.26471077537861853,-0.02559602950107595,-0.017427432930326336,,,17.396354946918866,12.276088417136139,0.16911473275777028,0.7847925466990299,375,0.28327259688894096,0.25864525501393626,,0.02272266894424492,0.28327259688894096,0.02272266894424492,0.0546204525905174,,,16.76909556634541,11.794130419594103,0.12057892963302297,0.8452833514357941,-0.01856182151032243,-0.018123771102178138,,-0.04831869844532087,-0.01856182151032243,-0.04831869844532087,-0.07204788552084374,,,0.6272593805734559,0.48195799754203605,0.04853580312474731,-0.06049080473676427
Z5,Z4_MATCHED_Z5,2026,LOCAL0,static,goal6_workbook_endpoint,residual_ftv_ld,BPE,T1,,current,goal6_transformed_standardized_residual,375,0.29171591634364913,0.282218064179548,,0.04482513356383067,0.29171591634364913,0.04482513356383067,0.08927247820459194,,,12.061236458614193,8.861984011261205,0.1879355697360257,0.7346932443602471,375,0.2913350274707867,0.2839691373519203,,0.05357789776433458,0.2913350274707867,0.05357789776433458,0.08701481429016278,,,12.07617691162736,8.822403839968002,0.15795339323220473,0.7954597184198589,0.00038088887286241713,-0.0017510731723723305,,-0.008752764200503908,0.00038088887286241713,-0.008752764200503908,0.0022576639144291644,,,-0.014940453013167598,0.03958017129320268,0.029982176503820984,-0.060766474059611775
Z5,Z4_MATCHED_Z5,2026,LOCAL3,static,goal6_workbook_endpoint,residual_ftv_ld,BPE,T1,,current,goal6_transformed_standardized_residual,375,0.3213387049712287,0.31290400879200886,,0.06434762792255534,0.3213387049712287,0.06434762792255534,0.09994993686275366,,,11.99032444222955,8.728771653730552,0.21588599591532864,0.7934862489617002,375,0.3081368988178436,0.2967833425760076,,0.06767319397315341,0.3081368988178436,0.06767319397315341,0.10685894688516173,,,11.944215416822729,8.732312443099081,0.12573135500639246,0.8785722066552644,0.013201806153385065,0.016120666216001278,,-0.0033255660505980694,0.013201806153385065,-0.0033255660505980694,-0.006909010022408069,,,0.04610902540682105,-0.0035407893685288627,0.09015464090893618,-0.0850859576935642
Z5,Z4_MATCHED_Z5,3026,LOCAL0,static,goal6_workbook_endpoint,residual_ftv_ld,BPE,T1,,current,goal6_transformed_standardized_residual,375,0.33884461354767814,0.31400505868216916,,0.08865265628810592,0.33884461354767814,0.08865265628810592,0.10944673428247886,,,11.926899276490651,8.685342292710684,0.0946265773362508,1.0723533866466806,375,0.3250064304113299,0.2868421103492004,,0.07088172618557599,0.3250064304113299,0.07088172618557599,0.09545269816487034,,,12.02024286675259,8.751466273735092,0.08989696318547008,1.0009928110715152,0.013838183136348214,0.027162948332968784,,0.017770930102529933,0.013838183136348214,0.017770930102529933,0.013994036117608522,,,-0.09334359026193795,-0.06612398102440764,0.004729614150780714,0.0713605755751654
Z5,Z4_MATCHED_Z5,3026,LOCAL3,static,goal6_workbook_endpoint,residual_ftv_ld,BPE,T1,,current,goal6_transformed_standardized_residual,375,0.34802734962382414,0.3179917359618774,,0.08885621936101062,0.34802734962382414,0.08885621936101062,0.10879314830280062,,,11.931275109312201,8.679352158348568,0.09269499335235443,1.10373376542364,375,0.31715296200851123,0.2730645214030708,,0.06025963023540542,0.31715296200851123,0.06025963023540542,0.08757957323477894,,,12.072441262863238,8.833234529244551,0.09234916240133269,0.955443810344776,0.030874387615312915,0.044927214558806605,,0.028596589125605205,0.030874387615312915,0.028596589125605205,0.021213575068021684,,,-0.1411661535510369,-0.15388237089598356,0.0003458309510217389,0.1482899550788641
Z5,Z4_MATCHED_Z5,2026,LOCAL0,static,goal6_workbook_endpoint,residual_ftv_ld,BPE,T2,,current,goal6_transformed_standardized_residual,374,0.34386364262516683,0.3388525323184642,,0.11486895799064463,0.34386364262516683,0.11486895799064463,0.10101848504492861,,,10.495754997702836,7.23203863052073,0.15414388185108713,0.8738142730713415,374,0.40319450223996867,0.3820790066463764,,0.14198936713881782,0.40319450223996867,0.14198936713881782,0.12120820090897544,,,10.377226624611088,7.062703941505978,0.13385867528769715,1.0626432521265754,-0.059330859614801834,-0.04322647432791221,,-0.027120409148173194,-0.059330859614801834,-0.027120409148173194,-0.02018971586404683,,,0.11852837309174724,0.16933468901475202,0.020285206563389974,-0.18882897905523388
Z5,Z4_MATCHED_Z5,2026,LOCAL3,static,goal6_workbook_endpoint,residual_ftv_ld,BPE,T2,,current,goal6_transformed_standardized_residual,374,0.3721012863703953,0.3716906266325943,,0.1325441336557316,0.3721012863703953,0.1325441336557316,0.11561203128059783,,,10.41021541761502,7.116812371147483,0.13224225586207727,1.0563598712775824,374,0.4069916899399624,0.38691103368610213,,0.14570815777691024,0.4069916899399624,0.14570815777691024,0.12851740450807825,,,10.333981092806681,7.001513874851517,0.14297785989325856,1.0455124248701302,-0.034890403569567074,-0.015220407053507856,,-0.013164024121178647,-0.034890403569567074,-0.013164024121178647,-0.012905373227480421,,,0.07623432480833969,0.11529849629596622,-0.01073560403118129,0.010847446407452166
Z5,Z4_MATCHED_Z5,3026,LOCAL0,static,goal6_workbook_endpoint,residual_ftv_ld,BPE,T2,,current,goal6_transformed_standardized_residual,374,0.33018416239361076,0.32283015322956077,,0.10955573561331551,0.33018416239361076,0.10955573561331551,0.11228450193989081,,,10.429781363728253,7.215521334731411,0.09596798565535959,1.0294476383674578,374,0.36962943564367645,0.344637265176339,,0.12362318978158836,0.36962943564367645,0.12362318978158836,0.11987029315177922,,,10.385122972602703,7.159184739090027,0.11856642471291857,1.0126300724034447,-0.03944527325006569,-0.021807111946778257,,-0.014067454168272847,-0.03944527325006569,-0.014067454168272847,-0.007585791211888404,,,0.04465839112554981,0.05633659564138416,-0.022598439057558983,0.01681756596401307
Z5,Z4_MATCHED_Z5,3026,LOCAL3,static,goal6_workbook_endpoint,residual_ftv_ld,BPE,T2,,current,goal6_transformed_standardized_residual,374,0.34001763886659275,0.33002934404571854,,0.12242460225114993,0.34001763886659275,0.12242460225114993,0.12477288806807052,,,10.356158406009447,7.148441200069718,0.12625542416452312,0.9319310305530125,374,0.3657898430461165,0.3369492284570081,,0.11371268731013426,0.3657898430461165,0.11371268731013426,0.11598437597019495,,,10.408023734417611,7.11498065060624,0.13818134914939778,0.9421639475334573,-0.02577220417952375,-0.006919884411289545,,0.00871191494101567,-0.02577220417952375,0.00871191494101567,0.008788512097875567,,,-0.051865328408164046,0.033460549463478095,-0.011925924984874658,-0.010232916980444817
Z5,Z4_MATCHED_Z5,2026,LOCAL0,static,goal6_workbook_endpoint,residual_ftv_ld,BPE,T3,,current,goal6_transformed_standardized_residual,374,0.3138294870799679,0.3012573985441245,,0.04933935078079814,0.3138294870799679,0.04933935078079814,0.12397881425262236,,,9.666967929948205,6.621960438882329,0.10412047880772793,1.0700343282623124,374,0.2933273864089501,0.27303613116198505,,0.04015921000594154,0.2933273864089501,0.04015921000594154,0.11172397649580923,,,9.734349680089917,6.575295504593902,0.1068530382873552,0.9439939201964498,0.020502100671017764,0.028221267382139426,,0.009180140774856599,0.020502100671017764,0.009180140774856599,0.01225483775681313,,,-0.06738175014171155,0.046664934288426885,-0.002732559479627278,0.12604040806586259
Z5,Z4_MATCHED_Z5,2026,LOCAL3,static,goal6_workbook_endpoint,residual_ftv_ld,BPE,T3,,current,goal6_transformed_standardized_residual,374,0.3192680871490635,0.30804975633378284,,0.0501287558009681,0.3192680871490635,0.0501287558009681,0.13491415587739786,,,9.606442241578748,6.61758113820753,0.15244909829738257,0.8696883686693697,374,0.32512793480081337,0.30182373813521723,,0.0531096298487091,0.32512793480081337,0.0531096298487091,0.12349441191537436,,,9.669640270971959,6.5864098748104425,0.13543546098841724,0.9544969703431011,-0.00585984765174985,0.006226018198565608,,-0.002980874047741,-0.00585984765174985,-0.002980874047741,0.011419743962023499,,,-0.06319802939321129,0.031171263397087756,0.017013637308965324,-0.08480860167373139
Z5,Z4_MATCHED_Z5,3026,LOCAL0,static,goal6_workbook_endpoint,residual_ftv_ld,BPE,T3,,current,goal6_transformed_standardized_residual,374,0.30366274775128294,0.30163265364116265,,0.053596830214335076,0.30366274775128294,0.053596830214335076,0.11729427017462024,,,9.70378009375771,6.694844581190251,0.09102387716892262,1.226584169632362,374,0.3268867622562937,0.3241484775340874,,0.06228935543004382,0.3268867622562937,0.06228935543004382,0.12289025021254174,,,9.672972263405075,6.615726695919229,0.062489967008771866,1.6208832383207916,-0.02322401450501077,-0.022515823892924725,,-0.008692525215708742,-0.02322401450501077,-0.008692525215708742,-0.0055959800379215,,,0.030807830352634014,0.07911788527102193,0.02853391016015075,-0.39429906868842957
Z5,Z4_MATCHED_Z5,3026,LOCAL3,static,goal6_workbook_endpoint,residual_ftv_ld,BPE,T3,,current,goal6_transformed_standardized_residual,374,0.3151778146005916,0.2936037411268175,,0.05083150607465276,0.3151778146005916,0.05083150607465276,0.11563262617495196,,,9.712909210244435,6.6805267452797725,0.08844864222127023,1.2073541730086725,374,0.3425875077862401,0.3284031480716385,,0.06568263187464232,0.3425875077862401,0.06568263187464232,0.12507072188942114,,,9.660941404842717,6.594145585702851,0.057824788324725096,1.6417849059513459,-0.02740969318564851,-0.03479940694482103,,-0.01485112579998956,-0.02740969318564851,-0.01485112579998956,-0.009438095714469186,,,0.05196780540171808,0.08638115957692172,0.030623853896545136,-0.4344307329426733
Z5,Z4_MATCHED_Z5,2026,LOCAL0,static,goal6_workbook_endpoint,residual_ftv_ld,SPH,T0,,current,goal6_transformed_standardized_residual,375,0.3499175682408126,0.33575106572256597,,0.09465357521171845,0.3499175682408126,0.09465357521171845,0.3806123583517249,,,0.074201945037215,0.057779201607865996,0.19010794606676373,0.7852665595699277,375,0.32519044981334294,0.32172975974744666,,0.07956627158602504,0.32519044981334294,0.07956627158602504,0.3721008343764417,,,0.07471004096498823,0.05846450297666718,0.17421729604396072,0.794047829465016,0.024727118427469663,0.014021305975119303,,0.01508730362569341,0.024727118427469663,0.01508730362569341,0.008511523975283208,,,-0.0005080959277732333,-0.0006853013688011833,0.015890650022803016,-0.008781269895088206
Z5,Z4_MATCHED_Z5,2026,LOCAL3,static,goal6_workbook_endpoint,residual_ftv_ld,SPH,T0,,current,goal6_transformed_standardized_residual,375,0.32843858295437733,0.33476308838023,,0.08851672662978259,0.32843858295437733,0.08851672662978259,0.3791507702590041,,,0.07428944175787061,0.058332931505585314,0.21209508033782493,0.7553431232259338,375,0.3095118904268408,0.3088306477769157,,0.0725080147377776,0.3095118904268408,0.0725080147377776,0.36717588180149585,,,0.07500246429480663,0.05891089979678355,0.16438970963485816,0.7808640578635377,0.018926692527536537,0.02593244060331429,,0.016008711892004993,0.018926692527536537,0.016008711892004993,0.01197488845750827,,,-0.0007130225369360171,-0.0005779682911982373,0.047705370702966765,-0.025520934637603965
Z5,Z4_MATCHED_Z5,3026,LOCAL0,static,goal6_workbook_endpoint,residual_ftv_ld,SPH,T0,,current,goal6_transformed_standardized_residual,375,0.35453682648993184,0.359105864024862,,0.11035525029032964,0.35453682648993184,0.11035525029032964,0.3846751100343401,,,0.07395818811236633,0.05756135618356509,0.20339812990230324,0.8253888788415042,375,0.287231220415381,0.3168241445864487,,0.06022571823658088,0.287231220415381,0.06022571823658088,0.3506061726753943,,,0.07597804240961235,0.059341109732512554,0.18375357652924876,0.8282563944421963,0.06730560607455083,0.0422817194384133,,0.05012953205374876,0.06730560607455083,0.05012953205374876,0.03406893735894578,,,-0.002019854297246021,-0.0017797535489474658,0.019644553373054485,-0.0028675156006920943
Z5,Z4_MATCHED_Z5,3026,LOCAL3,static,goal6_workbook_endpoint,residual_ftv_ld,SPH,T0,,current,goal6_transformed_standardized_residual,375,0.3441575777404458,0.3552781173552889,,0.10888028378071155,0.3441575777404458,0.10888028378071155,0.38353832136209487,,,0.07402647401825456,0.057307166763794895,0.15875974995765865,0.9735137190828048,375,0.3073578853889701,0.3195191229361699,,0.08271325460734495,0.3073578853889701,0.08271325460734495,0.3679211172543174,,,0.07495828854411192,0.05823431404251164,0.15161643447803255,0.8770101409950248,0.03679969235147573,0.035758994419119006,,0.026167029173366593,0.03679969235147573,0.026167029173366593,0.01561720410777745,,,-0.0009318145258573607,-0.0009271472787167473,0.0071433154796261,0.09650357808777998
Z5,Z4_MATCHED_Z5,2026,LOCAL0,static,goal6_workbook_endpoint,residual_ftv_ld,SPH,T1,,current,goal6_transformed_standardized_residual,375,0.10049045960641124,0.10677537876765837,,-0.0684153750102968,0.10049045960641124,-0.0684153750102968,0.226967428038524,,,0.08032692571472251,0.06352617603568382,0.11815175880014711,0.5234497367625549,375,0.04480285127543808,0.019088642329549634,,-0.1120674285138011,0.04480285127543808,-0.1120674285138011,0.18406551903356294,,,0.08252582839253521,0.06385299292350695,0.10753443443781127,0.13366521941400758,0.055687608330973165,0.08768673643810873,,0.04365205350350429,0.055687608330973165,0.04365205350350429,0.04290190900496105,,,-0.0021989026778126974,-0.0003268168878231281,0.01061732436233584,0.38978451734854735
Z5,Z4_MATCHED_Z5,2026,LOCAL3,static,goal6_workbook_endpoint,residual_ftv_ld,SPH,T1,,current,goal6_transformed_standardized_residual,375,0.09656626670122428,0.10275643824303764,,-0.05282764271216868,0.09656626670122428,-0.05282764271216868,0.23884515032676168,,,0.07970742121769814,0.0631639285640553,0.09166260015913319,0.5305759707280884,375,0.037900762893474875,0.02054054912421928,,-0.11090459221609486,0.037900762893474875,-0.11090459221609486,0.18209175182573134,,,0.08262558418775151,0.06366868651287812,0.10891060369517165,0.12092235191344412,0.05866550380774941,0.08221588911881836,,0.05807694950392618,0.05866550380774941,0.05807694950392618,0.05675339850103034,,,-0.002918162970053373,-0.0005047579488228204,-0.01724800353603846,0.40965361881464424
Z5,Z4_MATCHED_Z5,3026,LOCAL0,static,goal6_workbook_endpoint,residual_ftv_ld,SPH,T1,,current,goal6_transformed_standardized_residual,375,0.09621865829992458,0.13885407700952843,,-0.010009445911147488,0.09621865829992458,-0.010009445911147488,0.2644587399832321,,,0.07835482931021483,0.061496360434461016,0.053953070982338584,0.780600802763817,375,0.04090776145353962,0.07592769779973536,,-0.045985454749572566,0.04090776145353962,-0.045985454749572566,0.237189236954375,,,0.079794076959633,0.062316423840923806,0.07431152116338846,0.36997672787385627,0.05531089684638496,0.06292637920979306,,0.035976008838425076,0.05531089684638496,0.035976008838425076,0.02726950302885711,,,-0.0014392476494181766,-0.0008200634064627899,-0.020358450181049877,0.4106240748899608
Z5,Z4_MATCHED_Z5,3026,LOCAL3,static,goal6_workbook_endpoint,residual_ftv_ld,SPH,T1,,current,goal6_transformed_standardized_residual,375,0.05196009820670567,0.07407561955714854,,-0.041872008189016326,0.05196009820670567,-0.041872008189016326,0.24093390589609487,,,0.07959797982299353,0.06213849184210288,0.07959819880352335,0.26250192323225635,375,0.007572221248876162,0.013541112635753466,,-0.09803534238535047,0.007572221248876162,-0.09803534238535047,0.18901134694231048,,,0.08227533098440762,0.06384257284221262,0.09598887581867982,0.05818392233298572,0.04438787695782951,0.06053450692139508,,0.056163334196334146,0.04438787695782951,0.056163334196334146,0.05192255895378439,,,-0.002677351161414085,-0.0017040810001097417,-0.016390677015156466,0.20431800089927063
Z5,Z4_MATCHED_Z5,2026,LOCAL0,static,goal6_workbook_endpoint,residual_ftv_ld,SPH,T2,,current,goal6_transformed_standardized_residual,374,0.11726452353525896,0.09213246796171508,,-0.08842593813819258,0.11726452353525896,-0.08842593813819258,0.30294388114270454,,,0.10151668237218153,0.07310085469134626,0.07472959332776721,0.40578900374480675,374,0.10199884506564345,0.0810819183169619,,-0.1144561334619878,0.10199884506564345,-0.1144561334619878,0.2906963155023077,,,0.10240464403774686,0.07444372612435478,0.06313693617043377,0.45642387876207086,0.015265678469615504,0.011050549644753174,,0.02603019532379522,0.015265678469615504,0.02603019532379522,0.012247565640396862,,,-0.0008879616655653316,-0.0013428714330085134,0.011592657157333444,-0.0506348750172641
Z5,Z4_MATCHED_Z5,2026,LOCAL3,static,goal6_workbook_endpoint,residual_ftv_ld,SPH,T2,,current,goal6_transformed_standardized_residual,374,0.10938038361949243,0.0949567270280814,,-0.08403447468268023,0.10938038361949243,-0.08403447468268023,0.30739483170192916,,,0.10119205331229837,0.07346615917581566,0.05325584762216672,0.4264627364599999,374,0.1160799109645131,0.08750535987770676,,-0.11168033683646618,0.1160799109645131,-0.11168033683646618,0.2934120836582066,,,0.10220841357176645,0.07447230922907136,0.0617817398040996,0.4573506998350848,-0.0066995273450206755,0.007451367150374644,,0.02764586215378595,-0.0066995273450206755,0.02764586215378595,0.01398274804372257,,,-0.0010163602594680798,-0.0010061500532557027,-0.008525892181932879,-0.030887963375084926
Z5,Z4_MATCHED_Z5,3026,LOCAL0,static,goal6_workbook_endpoint,residual_ftv_ld,SPH,T2,,current,goal6_transformed_standardized_residual,374,0.12177024746393436,0.10860904995113516,,-0.05703700913008962,0.12177024746393436,-0.05703700913008962,0.32264002919844204,,,0.10007216795447671,0.07216896177553456,0.07183916660954158,0.32919377519932597,374,0.14800079555911821,0.12431326269292153,,-0.0561631314810823,0.14800079555911821,-0.0561631314810823,0.32160941658351305,,,0.10014826961561758,0.07238581862806526,0.03389917922654739,0.6943953409595612,-0.026230548095183853,-0.015704212741786377,,-0.0008738776490073222,-0.026230548095183853,-0.0008738776490073222,0.001030612614928983,,,-7.610166114087324e-05,-0.0002168568525307002,0.037939987382994186,-0.36520156576023527
Z5,Z4_MATCHED_Z5,3026,LOCAL3,static,goal6_workbook_endpoint,residual_ftv_ld,SPH,T2,,current,goal6_transformed_standardized_residual,374,0.10581565206460417,0.11084482296350555,,-0.058401869230884924,0.10581565206460417,-0.058401869230884924,0.32212342011891015,,,0.10011032221459071,0.07244015487904684,0.06846784263655396,0.34435426898072774,374,0.16289203983444914,0.1403942171003629,,-0.04972872314399515,0.16289203983444914,-0.04972872314399515,0.32654031556641894,,,0.09978364072297306,0.07220324168325506,0.03360131161804605,0.7461610668549923,-0.05707638776984497,-0.02954939413685735,,-0.008673146086889773,-0.05707638776984497,-0.008673146086889773,-0.004416895447508784,,,0.0003266814916176447,0.00023691319579177694,0.03486653101850792,-0.40180679787426454
Z5,Z4_MATCHED_Z5,2026,LOCAL0,static,goal6_workbook_endpoint,residual_ftv_ld,SPH,T3,,current,goal6_transformed_standardized_residual,374,0.040404629055707166,0.05229212295092215,,-0.03926320767675434,0.040404629055707166,-0.03926320767675434,0.365368922364797,,,0.11272815526513728,0.08832614894278565,0.055285860227148154,0.2395551362542459,374,0.07328934323790803,0.06715008326914626,,-0.030932465251355762,0.07328934323790803,-0.030932465251355762,0.3736987932917313,,,0.11198590306523684,0.08787916286828008,0.04759672504478,0.3684711816951734,-0.03288471418220087,-0.01485796031822411,,-0.00833074242539858,-0.03288471418220087,-0.00833074242539858,-0.008329870926934269,,,0.0007422521999004422,0.0004469860745055648,0.007689135182368155,-0.1289160454409275
Z5,Z4_MATCHED_Z5,2026,LOCAL3,static,goal6_workbook_endpoint,residual_ftv_ld,SPH,T3,,current,goal6_transformed_standardized_residual,374,0.03080545564583797,0.04334734327217861,,-0.040569062177525414,0.03080545564583797,-0.040569062177525414,0.36450104556735474,,,0.1128052084767557,0.08859897210924375,0.05026379754701285,0.2116351181873421,374,0.08060144278668259,0.07920294299911161,,-0.027301548510337594,0.08060144278668259,-0.027301548510337594,0.3757286924801151,,,0.11180427752972918,0.08789835470536671,0.04727674366883238,0.4421751603903881,-0.04979598714084462,-0.035855599726933,,-0.01326751366718782,-0.04979598714084462,-0.01326751366718782,-0.011227646912760347,,,0.0010009309470265099,0.0007006174038770435,0.0029870538781804692,-0.23054004220304603
Z5,Z4_MATCHED_Z5,3026,LOCAL0,static,goal6_workbook_endpoint,residual_ftv_ld,SPH,T3,,current,goal6_transformed_standardized_residual,374,0.02948562752229871,0.05508267805951425,,-0.02269313577149028,0.02948562752229871,-0.02269313577149028,0.37476365678041235,,,0.11189066100789193,0.0881639208647201,0.03937803895278677,0.23820905557046396,374,0.046764866587996896,0.06641316140702462,,-0.018679217433745794,0.046764866587996896,-0.018679217433745794,0.38068716238228306,,,0.11135937211565022,0.08825717793300836,0.029938016617643774,0.4310511272736396,-0.017279239065698185,-0.01133048334751037,,-0.004013918337744487,-0.017279239065698185,-0.004013918337744487,-0.0059235056018707155,,,0.000531288892241702,-9.32570682882633e-05,0.009440022335142996,-0.19284207170317563
Z5,Z4_MATCHED_Z5,3026,LOCAL3,static,goal6_workbook_endpoint,residual_ftv_ld,SPH,T3,,current,goal6_transformed_standardized_residual,374,0.03733320748604282,0.05945386268297958,,-0.025282721700770592,0.03733320748604282,-0.025282721700770592,0.37362061535243396,,,0.11199289215758595,0.08821140112264486,0.037625808511511476,0.37636968977658464,374,0.04701437700359287,0.06644521272153595,,-0.02711709168545691,0.04701437700359287,-0.02711709168545691,0.37414214749003094,,,0.11194625903336186,0.08823751333547653,0.04815911858870171,0.3327577187917018,-0.009681169517550055,-0.006991350038556367,,0.0018343699846863175,-0.009681169517550055,0.0018343699846863175,-0.0005215321375969806,,,4.66331242240936e-05,-2.611221283166376e-05,-0.010533310077190237,0.04361197098488284
Z6,Z4_MATCHED_Z6,2026,LOCAL0,dynamic,adjacent_percent_change_new_extension,raw,BPE,,T0->T1,difference,natural_target,375,0.17552508817840487,0.14670286647596897,0.018933572778788488,0.00603672402024911,,,,35.72283950638976,24.670167758691456,,,0.038608856553420945,0.7466122819781118,375,0.19079827056547957,0.13595763556799378,0.009904836483499602,-0.00843945565943335,,,,35.88684136168682,24.896636546887798,,,0.05224141637292563,0.5948344757466829,-0.015273182387074702,0.01074523090797519,0.009028736295288886,0.01447617967968246,,,,-0.1640018552970588,-0.22646878819634253,,,-0.013632559819504682,0.1517778062314289
Z6,Z4_MATCHED_Z6,2026,LOCAL3,dynamic,adjacent_percent_change_new_extension,raw,BPE,,T0->T1,difference,natural_target,375,0.15573284787802935,0.1300305806298631,0.012080441045937862,-0.002215294427360272,,,,35.847391359263085,24.741122151574686,,,0.039611255235634156,0.6533354134464809,375,0.22239754238252363,0.18548310654919742,0.03425993275677908,0.025822914295567115,,,,35.442707481307,24.485814130993997,,,0.03668762449461201,0.9683772206245951,-0.06666469450449428,-0.055452525919334306,-0.022179491710841215,-0.028038208722927387,,,,0.4046838779560815,0.2553080205806886,,,0.002923630741022143,-0.31504180717811414
Z6,Z4_MATCHED_Z6,3026,LOCAL0,dynamic,adjacent_percent_change_new_extension,raw,BPE,,T0->T1,difference,natural_target,375,0.09112162930936397,0.09529983662609999,-0.005169492386099872,-0.03820409251544438,,,,36.1590002969908,25.020323785266438,,,0.04388278449199932,0.45493051393148237,375,0.13444623961770397,0.11711762351958593,-0.010470762517251764,-0.04606151577973624,,,,36.25422630227425,25.03784028245072,,,0.07318918741274928,0.43291116701818777,-0.04332461030833999,-0.021817786893485944,0.005301270131151892,0.007857423264291861,,,,-0.09522600528345038,-0.017516497184281832,,,-0.029306402920749965,0.022019346913294602
Z6,Z4_MATCHED_Z6,3026,LOCAL3,dynamic,adjacent_percent_change_new_extension,raw,BPE,,T0->T1,difference,natural_target,375,0.08883763795653658,0.10715051175764795,0.00478826639771146,-0.024057836258595734,,,,35.979449089746865,24.744464195126017,,,0.03363895320123317,0.5842154166933179,375,0.1362560018204574,0.1404093848067235,0.01551850884324446,-0.008228517116978534,,,,35.78496057990841,24.666720076629115,,,0.03883662634825853,0.7124844465468221,-0.04741836386392083,-0.033258873049075544,-0.010730242445533,-0.0158293191416172,,,,0.19448850983845745,0.0777441184969021,,,-0.005197673147025364,-0.1282690298535042
Z6,Z4_MATCHED_Z6,2026,LOCAL0,dynamic,adjacent_percent_change_new_extension,raw,BPE,,T1->T2,difference,natural_target,374,0.2062572292870353,0.1618985597783151,0.020387143843578315,0.0014121760814378543,,,,35.99241251342654,25.653982403607728,,,0.05554558407556147,0.6869390678605493,374,0.20519837708419952,0.16372898482061396,0.020297530824690546,0.0031031368987927068,,,,35.99405873262551,25.75131600009902,,,0.05901253884656347,0.6739899479111368,0.001058852202835775,-0.0018304250422988555,8.961301888776863e-05,-0.0016909608173548525,,,,-0.0016462191989745634,-0.0973335964912927,,,-0.0034669547710019996,0.012949119949412502
Z6,Z4_MATCHED_Z6,2026,LOCAL3,dynamic,adjacent_percent_change_new_extension,raw,BPE,,T1->T2,difference,natural_target,374,0.207357141833092,0.16281988342575024,0.018901065551263807,-0.00023745507084802165,,,,36.01970251515176,25.67225916527499,,,0.06160881091690783,0.6559730936518795,374,0.21128838296225144,0.16653557495582655,0.020384453547576453,0.004832898930580046,,,,35.99246193610224,25.732091694203852,,,0.06280937538203636,0.6644996912777741,-0.003931241129159435,-0.0037156915300763094,-0.0014833879963126462,-0.005070354001428068,,,,0.027240579049518487,-0.059832528928861706,,,-0.001200564465128534,-0.008526597625894583
Z6,Z4_MATCHED_Z6,3026,LOCAL0,dynamic,adjacent_percent_change_new_extension,raw,BPE,,T1->T2,difference,natural_target,374,0.16273877077031154,0.1505245233218502,0.013884400722136259,-0.005632878852093615,,,,36.11167508020935,25.88684000188455,,,0.057838219233162076,0.6258925814710798,374,0.15263815572536593,0.13434080208221738,-0.022284581409124593,-0.040989490294126255,,,,36.76796765589037,26.4394875140054,,,0.11037545634289997,0.40436325222753616,0.01010061504494561,0.016183721239632826,0.03616898213126085,0.03535661144203264,,,,-0.6562925756810145,-0.5526475121208492,,,-0.05253723710973789,0.22152932924354368
Z6,Z4_MATCHED_Z6,3026,LOCAL3,dynamic,adjacent_percent_change_new_extension,raw,BPE,,T1->T2,difference,natural_target,374,0.16487023841952086,0.15231070155896845,0.014738616832741913,-0.0043673353738713835,,,,36.09603094181309,25.85591564439721,,,0.05740668280674089,0.6356955808923807,374,0.17669515849235137,0.16965936216536195,0.019898268553886544,0.004842451880772396,,,,36.00139239064915,25.970932763881702,,,0.06727503319167322,0.6541101218938409,-0.011824920072830508,-0.017348660606393507,-0.005159651721144631,-0.009209787254643779,,,,0.09463855116393916,-0.11501711948449156,,,-0.009868350384932327,-0.018414541001460227
Z6,Z4_MATCHED_Z6,2026,LOCAL0,dynamic,adjacent_percent_change_new_extension,raw,BPE,,T2->T3,difference,natural_target,374,0.05311169910780596,0.03656529331115348,-0.034804366667426034,-0.10394885093576332,,,,46.73646154769902,30.81374813302294,,,0.051265781671081104,0.1614935828160059,374,0.13297686512130477,0.05602507973706645,-0.010049501731414168,-0.050534917837021645,,,,46.17405666413737,30.153529508640545,,,0.028788559605807403,0.33019653779690694,-0.07986516601349881,-0.01945978642591297,-0.024754864936011867,-0.05341393309874168,,,,0.5624048835616549,0.6602186243823951,,,0.0224772220652737,-0.16870295498090104
Z6,Z4_MATCHED_Z6,2026,LOCAL3,dynamic,adjacent_percent_change_new_extension,raw,BPE,,T2->T3,difference,natural_target,374,0.06148273801537219,0.028885563550418266,-0.02293123879836223,-0.07876737501644854,,,,46.467565839485,30.52786751664138,,,0.03314182908929489,0.15866919130749965,374,0.13354528740538527,0.09787655769434565,-0.002657246033017646,-0.05537862603165594,,,,46.00477919156186,30.21160828936935,,,0.04301517341749542,0.4719194182687452,-0.07206254939001308,-0.06899099414392738,-0.020273992765344584,-0.023388748984792596,,,,0.4627866479231386,0.3162592272720275,,,-0.009873344328200528,-0.3132502269612456
Z6,Z4_MATCHED_Z6,3026,LOCAL0,dynamic,adjacent_percent_change_new_extension,raw,BPE,,T2->T3,difference,natural_target,374,0.08217980082282657,0.04468180606942562,-0.011668347659316458,-0.0433659334894626,,,,46.21104433493648,30.08506995683611,,,0.02598485691942423,0.2771855296502137,374,0.1534267628718194,0.12137599230296117,-0.0024661660141285235,-0.06921413822629618,,,,46.00039533408442,30.34916655975553,,,0.06373006262475364,0.48079575088635995,-0.07124696204899282,-0.07669418623353555,-0.009202181645187935,0.025848204736833587,,,,0.21064900085205807,-0.2640966029194196,,,-0.03774520570532941,-0.20361022123614625
Z6,Z4_MATCHED_Z6,3026,LOCAL3,dynamic,adjacent_percent_change_new_extension,raw,BPE,,T2->T3,difference,natural_target,374,0.07700848848533243,0.07029286435614618,-0.0048918879523063286,-0.03883623782541846,,,,46.05601653701458,30.141978661715427,,,0.028714492871033465,0.4148209343838322,374,0.1421587889256525,0.14210964859989514,0.016870862626163663,-0.014209731041750861,,,,45.55457361188536,29.861771196260005,,,0.039894831838273394,0.7114841771324074,-0.06515030044032008,-0.07181678424374896,-0.02176275057846999,-0.024626506783667595,,,,0.5014429251292185,0.2802074654554225,,,-0.011180338967239929,-0.2966632427485752
Z6,Z4_MATCHED_Z6,2026,LOCAL0,dynamic,adjacent_percent_change_new_extension,raw,FTV,,T0->T1,difference,natural_target,375,0.4239765616111048,0.26420663040265546,0.06589529195838717,0.13963984404379787,,,,86.93133593758222,32.066536033559515,,,0.04690504018031765,1.2199273164949058,375,0.39976311298213674,0.23353423490077319,0.05237194398447964,0.11950062374079742,,,,87.55834183992945,32.71482548972215,,,0.042209417162270745,1.1367000450273914,0.02421344862896807,0.030672395501882277,0.013523347973907529,0.020139220303000444,,,,-0.6270059023472356,-0.6482894561626367,,,0.004695623018046907,0.08322727146751441
Z6,Z4_MATCHED_Z6,2026,LOCAL3,dynamic,adjacent_percent_change_new_extension,raw,FTV,,T0->T1,difference,natural_target,375,0.43442371145750375,0.2730873977962817,0.0708515278715044,0.1466877572445253,,,,86.70040612968265,31.81255086977282,,,0.05063261870144801,1.2136304500553925,375,0.41390806690180915,0.2445089120802594,0.05779925309505096,0.12170639783448409,,,,87.30724725395793,32.420018997360245,,,0.046586140265262116,1.1328341387808967,0.0205156445556946,0.02857848571602231,0.013052274776453432,0.024981359410041204,,,,-0.6068411242752774,-0.6074681275874241,,,0.004046478436185892,0.08079631127449582
Z6,Z4_MATCHED_Z6,3026,LOCAL0,dynamic,adjacent_percent_change_new_extension,raw,FTV,,T0->T1,difference,natural_target,375,0.3960248037319376,0.2007633075730469,0.03691416637554601,0.052663626664488275,,,,88.2695821343318,32.56876617680714,,,0.04662365051033759,0.9297821509042141,375,0.36913414495391966,0.19133217813031486,0.03409692224629546,0.06555935848764219,,,,88.3985921144305,32.72777666393855,,,0.03886035056820822,0.9705874210047023,0.02689065877801794,0.009431129442732028,0.0028172441292505512,-0.012895731823153914,,,,-0.1290099800987008,-0.15901048713141108,,,0.007763299942129369,-0.04080527010048818
Z6,Z4_MATCHED_Z6,3026,LOCAL3,dynamic,adjacent_percent_change_new_extension,raw,FTV,,T0->T1,difference,natural_target,375,0.3818732506542269,0.1956705205218681,0.03167693922776682,0.015341336439948842,,,,88.50926018923022,33.48343450395531,,,0.06739840516881215,0.7537036011145365,375,0.38314119922630563,0.20367418176028868,0.038865153551384535,0.05869863008860739,,,,88.18013002064401,32.75071073544617,,,0.04756993045750073,0.933834085714581,-0.0012679485720787365,-0.008003661238420584,-0.007188214323617714,-0.04335729364865855,,,,0.3291301685862038,0.732723768509139,,,0.019828474711311425,-0.18013048460004455
Z6,Z4_MATCHED_Z6,2026,LOCAL0,dynamic,adjacent_percent_change_new_extension,raw,FTV,,T1->T2,difference,natural_target,374,0.33747943398660946,0.151352860065789,0.019505092197865004,0.07126055972001911,,,,130.51918118238635,38.542217979989545,,,0.015560659214559437,1.2133235756682492,374,0.2895198061676535,0.1306745198849676,0.013614831315401754,0.04168072871621584,,,,130.91063699673109,39.42739006024132,,,0.010326502802039464,1.2859209727454028,0.04795962781895596,0.020678340180821403,0.00589026088246325,0.029579831003803278,,,,-0.391455814344738,-0.8851720802517775,,,0.005234156412519973,-0.07259739707715362
Z6,Z4_MATCHED_Z6,2026,LOCAL3,dynamic,adjacent_percent_change_new_extension,raw,FTV,,T1->T2,difference,natural_target,374,0.3406268583962954,0.15681012852748907,0.02095737841918144,0.07011616175741335,,,,130.42248437719215,38.53868196819674,,,0.01629237284993289,1.2285191783468161,374,0.28803750483864027,0.13959713679277855,0.015472255008492808,0.03950587087903047,,,,130.7873225430485,39.41578753568506,,,0.010488480399029885,1.3630764839025107,0.05258935355765515,0.017212991734710525,0.00548512341068863,0.03061029087838288,,,,-0.3648381658563551,-0.8771055674883215,,,0.005803892450903006,-0.13455730555569456
Z6,Z4_MATCHED_Z6,3026,LOCAL0,dynamic,adjacent_percent_change_new_extension,raw,FTV,,T1->T2,difference,natural_target,374,0.35365927370216915,0.13453787622503927,0.014827402896153141,0.06548732482853842,,,,130.83014747917807,39.43067866048069,,,0.02330794658227035,0.8812366700086471,374,0.31171945921922267,0.12402295532349522,0.012767956393243685,0.0520184455321993,,,,130.96682252804322,39.614312296950565,,,0.013310425219252483,1.074994174970691,0.04193981448294648,0.010514920901544045,0.0020594465029094566,0.013468879296339116,,,,-0.13667504886515758,-0.18363363646987807,,,0.009997521363017866,-0.1937575049620439
Z6,Z4_MATCHED_Z6,3026,LOCAL3,dynamic,adjacent_percent_change_new_extension,raw,FTV,,T1->T2,difference,natural_target,374,0.38792837378675576,0.1594604493726998,0.0223960816782085,0.09157855209832592,,,,130.32662121768362,38.756702567744306,,,0.024328752625789218,1.022334607114101,374,0.3332387492652435,0.14669945929756797,0.01835600934738857,0.06692171420594233,,,,130.5956392221546,39.35160675952547,,,0.014768223098094469,1.2071587617347455,0.05468962452151227,0.012760990075131817,0.004040072330819933,0.0246568378923836,,,,-0.2690180044709791,-0.5949041917811613,,,0.009560529527694749,-0.1848241546206444
Z6,Z4_MATCHED_Z6,2026,LOCAL0,dynamic,adjacent_percent_change_new_extension,raw,FTV,,T2->T3,difference,natural_target,374,0.2426752304626457,0.09502468081051761,-0.0017545102657836598,-0.0041595160902010465,,,,220.6100780871441,84.03628844059274,,,0.03817924102672247,0.4863207208600297,374,0.21292162119539507,0.07544846017391083,-0.002581977867832652,0.006520553100494916,,,,220.70117326518314,82.0770713278117,,,0.024919857805098575,0.477944645795108,0.029753609267250625,0.019576220636606786,0.0008274676020489924,-0.010680069190695963,,,,-0.09109517803904055,1.9592171127810474,,,0.013259383221623892,0.008376075064921717
Z6,Z4_MATCHED_Z6,2026,LOCAL3,dynamic,adjacent_percent_change_new_extension,raw,FTV,,T2->T3,difference,natural_target,374,0.30041456036472597,0.1426559688987636,0.017242742809278844,0.03820136395529594,,,,218.50824298285298,79.26130873818929,,,0.02765289709598604,0.857866342415856,374,0.21229309974050553,0.09316464720639417,-0.005666762209423082,-0.018340066623480075,,,,221.04044359542831,83.47926348480854,,,0.04231757502086342,0.4528879414242243,0.08812146062422044,0.049491321692369444,0.022909505018701926,0.05654143057877602,,,,-2.5322006125753376,-4.217954746619256,,,-0.014664677924877377,0.40497840099163174
Z6,Z4_MATCHED_Z6,3026,LOCAL0,dynamic,adjacent_percent_change_new_extension,raw,FTV,,T2->T3,difference,natural_target,374,0.2233507189861077,0.15913265762094841,0.022074567542142987,0.027865367795366483,,,,217.97042224745917,79.84489173280355,,,0.01685979405321913,1.225556064052021,374,0.17225674183882667,0.12867068871018322,0.013987762198568676,0.011306169778460167,,,,218.86980334754855,80.27063907964724,,,0.017475321879224955,0.9733455185009368,0.05109397714728103,0.03046196891076519,0.00808680534357431,0.016559198016906314,,,,-0.8993811000893857,-0.42574734684369275,,,-0.0006155278260058239,0.25221054555108435
Z6,Z4_MATCHED_Z6,3026,LOCAL3,dynamic,adjacent_percent_change_new_extension,raw,FTV,,T2->T3,difference,natural_target,374,0.22767650643001536,0.15083275953907294,0.020101185252942244,0.020549472663405115,,,,218.19023562890533,81.72031066305203,,,0.02763673868073431,0.9073028616460973,374,0.1773892847414374,0.12926792447261423,0.012764969905461498,0.007151879925218631,,,,219.0054757938735,81.8674777425926,,,0.027672146327057282,0.7770864800717143,0.050287221688577965,0.021564835066458704,0.007336215347480746,0.013397592738186484,,,,-0.8152401649681735,-0.14716707954056574,,,-3.5407646322972025e-05,0.13021638157438298
Z6,Z4_MATCHED_Z6,2026,LOCAL0,dynamic,adjacent_percent_change_new_extension,raw,LD,,T0->T1,difference,natural_target,375,0.14976791721588886,0.06894491599028796,0.0009830181000856086,-0.007389082189495807,,,,35.92412296098365,19.210057534703683,,,0.01467518476625713,0.5691286620667926,375,0.1538179057985742,0.06605707063018965,-0.0024388410635487467,-0.016862767999280687,,,,35.985594491508984,19.424212895680434,,,0.01947911607057433,0.47329802019711753,-0.004049988582685349,0.0028878453600983123,0.0034218591636343554,0.00947368580978488,,,,-0.061471530525331275,-0.2141553609767506,,,-0.004803931304317199,0.09583064186967505
Z6,Z4_MATCHED_Z6,2026,LOCAL3,dynamic,adjacent_percent_change_new_extension,raw,LD,,T0->T1,difference,natural_target,375,0.1316939889779622,0.04835279121206122,-0.0038217585680659916,-0.011392381083077168,,,,36.01040795389816,19.262581220689885,,,0.014422121042736883,0.40263078805375624,375,0.11660892042438346,0.03608135707721382,-0.011450519695985983,-0.029150552362332254,,,,36.146983413289945,19.551503766194752,,,0.020377561370652116,0.2527590758462274,0.015085068553578732,0.012271434134847402,0.007628761127919992,0.017758171279255087,,,,-0.13657545939178561,-0.2889225455048674,,,-0.0059554403279152325,0.14987171220752882
Z6,Z4_MATCHED_Z6,3026,LOCAL0,dynamic,adjacent_percent_change_new_extension,raw,LD,,T0->T1,difference,natural_target,375,0.08497652787816251,0.0627939595874036,-0.0002597961780654856,-0.016331391196702936,,,,35.946461488130296,19.28737468028657,,,0.013532427595204089,0.5397964363723882,375,0.0868323930062519,0.07819113624997441,0.003697935280153497,-0.012495147921692321,,,,35.87527625824461,19.3149223182164,,,0.012432477197951368,0.7012593882754853,-0.0018558651280893845,-0.015397176662570816,-0.003957731458218983,-0.0038362432750106146,,,,0.07118522988568543,-0.027547637929828284,,,0.0010999503972527209,-0.16146295190309712
Z6,Z4_MATCHED_Z6,3026,LOCAL3,dynamic,adjacent_percent_change_new_extension,raw,LD,,T0->T1,difference,natural_target,375,0.12595453102982254,0.08951547985990657,0.004191332649701285,-0.011493384144400948,,,,35.86639192507437,19.283347515759306,,,0.018850599978368972,0.6519819241886884,375,0.10883467349935244,0.0877902305942112,0.0036378970752239947,-0.013725842822693235,,,,35.87635718280367,19.418238189752596,,,0.017662546459815204,0.6605710418542301,0.0171198575304701,0.0017252492656953666,0.0005534355744772901,0.0022324586782922866,,,,-0.009965257729305677,-0.13489067399329002,,,0.0011880535185537673,-0.008589117665541712
Z6,Z4_MATCHED_Z6,2026,LOCAL0,dynamic,adjacent_percent_change_new_extension,raw,LD,,T1->T2,difference,natural_target,369,0.004190205120439455,0.0029977053076682574,-0.01056440988696039,-0.026323243748668748,,,,52.83826129962187,33.168927345869804,,,0.011072680630805527,0.028488038657800953,369,-0.015462892030057513,-0.02082762495968255,-0.030783472792858868,-0.07207019699378431,,,,53.364229343845565,33.89791214046509,,,0.02411121607700598,-0.13413131774804105,0.019653097150496967,0.02382533026735081,0.020219062905898477,0.04574695324511556,,,,-0.5259680442236956,-0.7289847945952843,,,-0.013038535446200452,0.162619356405842
Z6,Z4_MATCHED_Z6,2026,LOCAL3,dynamic,adjacent_percent_change_new_extension,raw,LD,,T1->T2,difference,natural_target,369,0.016368665628703986,-0.021543118890933303,-0.028789134322763088,-0.060726194425030154,,,,53.3125803476967,33.6144113463322,,,0.022199846593008422,-0.14458844648865604,369,-0.013257514615675712,-0.01008694278632503,-0.014100685152664827,-0.03918794103787138,,,,52.93062921705785,33.42458795710332,,,0.011864605254954412,-0.09260467475673351,0.0296261802443797,-0.011456176104608274,-0.014688449170098261,-0.021538253387158778,,,,0.38195113063885344,0.1898233892288772,,,0.01033524133805401,-0.051983771731922535
Z6,Z4_MATCHED_Z6,3026,LOCAL0,dynamic,adjacent_percent_change_new_extension,raw,LD,,T1->T2,difference,natural_target,369,0.032075682132435536,-0.006223878462331287,-0.012270239397412785,-0.030725678373937994,,,,52.88283790478976,33.20507209739864,,,0.010908814299295255,-0.05958985503409822,369,0.022755632005630865,-0.0005176107106436643,-0.011154811714985335,-0.02904513543718761,,,,52.85369388892866,33.089663413672234,,,0.01097806307644689,-0.004940152931263648,0.00932005012680467,-0.005706267751687623,-0.00111542768242745,-0.0016805429367503857,,,,0.029144015861099604,0.11540868372640745,,,-6.924877715163563e-05,-0.054649702102834576
Z6,Z4_MATCHED_Z6,3026,LOCAL3,dynamic,adjacent_percent_change_new_extension,raw,LD,,T1->T2,difference,natural_target,369,0.02408120396390897,-0.010991024525884989,-0.022793606022522672,-0.0480122018056393,,,,53.1570070980741,33.381084550459015,,,0.019633071696635824,-0.07844116780947502,369,0.015750336630922727,-0.004293597308864596,-0.018749029294818476,-0.04041601531723296,,,,53.051799868254854,33.145408217225636,,,0.017396828116915408,-0.03255264437835014,0.008330867332986241,-0.006697427217020393,-0.004044576727704197,-0.007596186488406341,,,,0.1052072298192428,0.23567633323337844,,,0.0022362435797204164,-0.04588852343112488
Z6,Z4_MATCHED_Z6,2026,LOCAL0,dynamic,adjacent_percent_change_new_extension,raw,LD,,T2->T3,difference,natural_target,312,0.046091878273517614,0.0742956608535961,-0.008583339735490414,-0.02258519244358868,,,,72.83652954165099,40.983068459510854,,,0.025060855500928868,0.469316154925405,312,0.01239669469179696,0.06467304476108088,-0.012991806629386371,-0.03513372268309523,,,,72.99553837418303,41.3334238869632,,,0.02594299938594661,0.40152557714522563,0.033695183581720654,0.009622616092515218,0.004408466893895957,0.012548530239506552,,,,-0.159008832532038,-0.3503554274523495,,,-0.0008821438850177415,0.06779057778017938
Z6,Z4_MATCHED_Z6,2026,LOCAL3,dynamic,adjacent_percent_change_new_extension,raw,LD,,T2->T3,difference,natural_target,312,0.03937598475330944,0.06163729905443768,-0.012256963788301212,-0.02101154672859775,,,,72.96905741950528,41.18654244859426,,,0.02492467700535516,0.39041709904624444,312,0.006211149542731834,0.03496598013939784,-0.016632041108018525,-0.026897490654793417,,,,73.12657723433809,41.28177943380817,,,0.01965348023322319,0.24941695532544475,0.0331648352105776,0.026671318915039842,0.004375077319717313,0.005885943926195666,,,,-0.15751981483280986,-0.09523698521390855,,,0.005271196772131968,0.1410001437207997
Z6,Z4_MATCHED_Z6,3026,LOCAL0,dynamic,adjacent_percent_change_new_extension,raw,LD,,T2->T3,difference,natural_target,312,0.13670126233555785,0.12388461611210853,0.009591711286518145,0.01442766735003091,,,,72.17727521195529,40.56464488626787,,,0.019408623637574837,0.889242088817086,312,0.0843569499155667,0.04740472038858699,-0.034421736000974645,-0.1687621590848993,,,,73.76361094036771,41.97290374059321,,,0.049568910641590705,0.21292021789655513,0.05234431241999114,0.07647989572352154,0.04401344728749279,0.1831898264349302,,,,-1.586335728412422,-1.4082588543253394,,,-0.03016028700401587,0.6763218709205309
Z6,Z4_MATCHED_Z6,3026,LOCAL3,dynamic,adjacent_percent_change_new_extension,raw,LD,,T2->T3,difference,natural_target,312,0.11596745949200464,0.11500789418924658,0.00785840555591566,0.009074077329585938,,,,72.24040604273027,40.64859560139165,,,0.014952614640429147,0.9405222651343752,312,0.12080033841751442,0.09936403144361196,0.003119301479187375,-0.007906433374198496,,,,72.4127337385527,40.64810876331745,,,0.015708921761565735,0.7927860785046277,-0.004832878925509779,0.015643862745634618,0.004739104076728284,0.016980510703784434,,,,-0.1723276958224318,0.0004868380741953615,,,-0.0007563071211365881,0.14773618662974752
Z6,Z4_MATCHED_Z6,2026,LOCAL0,dynamic,adjacent_percent_change_new_extension,raw,SPH,,T0->T1,difference,natural_target,375,0.04057071339173968,0.017738617031726526,-0.05645081849330902,-0.10952609732741803,,,,37.83897897975971,26.803952003750183,,,0.06480631025543561,0.0696804761677792,375,-0.00033746728865627487,-0.03509550828829343,-0.05484819324819501,-0.10572414454667692,,,,37.81026741194509,26.356446934258265,,,0.04060008202851155,-0.17417590716799847,0.04090818068039595,0.05283412532001995,-0.0016026252451140088,-0.003801952780741108,,,,0.028711567814617922,0.4475050694919176,,,0.02420622822692406,0.24385638333577767
Z6,Z4_MATCHED_Z6,2026,LOCAL3,dynamic,adjacent_percent_change_new_extension,raw,SPH,,T0->T1,difference,natural_target,375,0.04058072590738423,0.032642569884196435,-0.04469451311053363,-0.09820299813716724,,,,37.62785173437161,26.68251454880929,,,0.05984892613779492,0.13343082196987552,375,-0.015434975537603823,-0.04422640421780961,-0.06043118774625711,-0.11814221694656775,,,,37.91019455693688,26.451375363724257,,,0.04210596056406669,-0.2155310483049677,0.05601570144498805,0.07686897410200605,0.01573667463572348,0.019939218809400513,,,,-0.2823428225652691,0.23113918508503417,,,0.01774296557372823,0.3489618702748432
Z6,Z4_MATCHED_Z6,3026,LOCAL0,dynamic,adjacent_percent_change_new_extension,raw,SPH,,T0->T1,difference,natural_target,375,0.05163750142223234,0.013180100221431474,-0.02995474455042002,-0.08350079035620787,,,,37.361459947118675,26.10317696692191,,,0.03419756094652621,0.07127236114226823,375,-0.020809420866992834,-0.08497261907891598,-0.05137219721924202,-0.1016185751994532,,,,37.74791872920393,26.270040205762044,,,0.024283027526147288,-0.5452900692897983,0.07244692228922517,0.09815271930034745,0.021417452668822,0.018117784843245333,,,,-0.3864587820852563,-0.16686323884013277,,,0.009914533420378926,0.6165624304320665
Z6,Z4_MATCHED_Z6,3026,LOCAL3,dynamic,adjacent_percent_change_new_extension,raw,SPH,,T0->T1,difference,natural_target,375,0.046766185003982254,0.010885342636432253,-0.031147325713563934,-0.07869067763307154,,,,37.38308404423611,26.13445317499523,,,0.03450280756111592,0.05860233029278014,375,-0.02118420753214245,-0.07754325749480923,-0.05064183823321655,-0.09733627622701158,,,,37.734805237459156,26.28617890958654,,,0.02527478596438492,-0.4877533916096652,0.0679503925361247,0.08842860013124149,0.019494512519652618,0.018645598593940035,,,,-0.3517211932230495,-0.15172573459130945,,,0.009228021596731,0.5463557219024453
Z6,Z4_MATCHED_Z6,2026,LOCAL0,dynamic,adjacent_percent_change_new_extension,raw,SPH,,T1->T2,difference,natural_target,374,0.12381608865822712,0.1250554680726792,0.004863546614954362,-0.014813165252088851,,,,58.48591414697318,40.42927261074636,,,0.05232783552261108,0.546683920871843,374,0.06658003469484308,0.0853726041118818,-0.021889095038778894,-0.04873461672130148,,,,59.266850230797445,41.03729102431325,,,0.06535964058989965,0.33393635404735456,0.057236053963384034,0.0396828639607974,0.026752641653733256,0.033921451469212625,,,,-0.7809360838242654,-0.6080184135668887,,,-0.013031805067288571,0.21274756682448848
Z6,Z4_MATCHED_Z6,2026,LOCAL3,dynamic,adjacent_percent_change_new_extension,raw,SPH,,T1->T2,difference,natural_target,374,0.11598503247265272,0.13238697254042683,0.0057652558199402515,-0.016935471170807202,,,,58.45941062631968,40.459197756501844,,,0.057905707321477574,0.5501543677921861,374,0.052679158721738756,0.08327591238294141,-0.024062780066330225,-0.05047681392808211,,,,59.32985072192853,40.99569402432133,,,0.06688965442926863,0.3219881756685772,0.06330587375091397,0.049111060157485426,0.029828035886270476,0.033541342757274904,,,,-0.8704400956088492,-0.5364962678194871,,,-0.008983947107791053,0.2281661921236089
Z6,Z4_MATCHED_Z6,3026,LOCAL0,dynamic,adjacent_percent_change_new_extension,raw,SPH,,T1->T2,difference,natural_target,374,0.16022376740118421,0.1859183746312196,0.03435621119537158,0.012000834626360622,,,,57.612728073751285,40.198005079244574,,,0.03967330448140897,0.9334114548887193,374,0.11355742569998997,0.16444950318531082,0.026382808579300754,0.004377117914822532,,,,57.850095679558514,40.56837704274292,,,0.03607399172711225,0.8658356531545833,0.04666634170119424,0.021468871445908783,0.007973402616070824,0.00762371671153809,,,,-0.23736760580722915,-0.3703719634983429,,,0.0035993127542967157,0.06757580173413602
Z6,Z4_MATCHED_Z6,3026,LOCAL3,dynamic,adjacent_percent_change_new_extension,raw,SPH,,T1->T2,difference,natural_target,374,0.15701372023340165,0.18458529809919189,0.03379855211247784,0.011064348589452579,,,,57.62936134178239,40.090848347323664,,,0.04000301750500316,0.9228916807741362,374,0.10884741437398747,0.16017617113279595,0.024813795004567596,0.0006616497285907356,,,,57.89669050500871,40.57465087574035,,,0.035760263049504956,0.847027587913425,0.048166305859414185,0.02440912696639594,0.008984757107910246,0.010402698860861844,,,,-0.2673291632263215,-0.4838025284166889,,,0.004242754455498203,0.07586409286071116
Z6,Z4_MATCHED_Z6,2026,LOCAL0,dynamic,adjacent_percent_change_new_extension,raw,SPH,,T2->T3,difference,natural_target,374,0.12499032271938754,0.08135915322765751,-0.008179238284266255,-0.034898664595709956,,,,64.77727734590773,40.76486162155867,,,0.04053198161913831,0.4041173545772147,374,0.12731631087726342,0.10803879903611131,0.007854443355161056,-0.0210893907262131,,,,64.26011689850344,40.63094869442645,,,0.028343580110468055,0.6417300778116279,-0.00232598815787588,-0.026679645808453806,-0.01603368163942731,-0.013809273869496857,,,,0.5171604474042937,0.13391292713222214,,,0.012188401508670257,-0.23761272323441324
Z6,Z4_MATCHED_Z6,2026,LOCAL3,dynamic,adjacent_percent_change_new_extension,raw,SPH,,T2->T3,difference,natural_target,374,0.1211347794296856,0.06800891557593852,-0.011764113244550067,-0.03544324499355692,,,,64.8923423893362,40.66925314478562,,,0.038007905160726496,0.3488420926299948,374,0.11994999354847959,0.10228533089739311,0.005467949376240844,-0.02225247305725549,,,,64.33735570253913,40.647868718953276,,,0.029351926549009793,0.5970284796516477,0.0011847858812060186,-0.03427641532145459,-0.01723206262079091,-0.013190771936301433,,,,0.5549866867970792,0.02138442583234479,,,0.008655978611716703,-0.2481863870216529
Z6,Z4_MATCHED_Z6,3026,LOCAL0,dynamic,adjacent_percent_change_new_extension,raw,SPH,,T2->T3,difference,natural_target,374,0.0759133489125604,0.0662556615734687,-0.012855459387419721,-0.03878521250440008,,,,64.92733123669476,41.105329048287686,,,0.03870751305815305,0.336763768169377,374,0.08623027626844058,0.08116184058582702,-0.00392157499236423,-0.03325097078659433,,,,64.64035147700125,41.19705559906311,,,0.033277325915769894,0.4449156447592732,-0.01031692735588019,-0.014906179012358328,-0.008933884395055491,-0.005534241717805748,,,,0.28697975969350864,-0.09172655077542657,,,0.005430187142383157,-0.10815187658989622
Z6,Z4_MATCHED_Z6,3026,LOCAL3,dynamic,adjacent_percent_change_new_extension,raw,SPH,,T2->T3,difference,natural_target,374,0.02297280325730097,0.035633795003988646,-0.0501350903726252,-0.09708298363098512,,,,66.11140711154168,42.37004577861626,,,0.06861326150659226,0.13603731303805594,374,0.038885406660836404,0.03827200890114534,-0.031341420162001477,-0.07726828631210456,,,,65.51715725187451,41.80403189223755,,,0.04773152740102355,0.17517760845502975,-0.015912603403535435,-0.0026382138971566965,-0.018793670210623725,-0.019814697318880567,,,,0.5942498596671726,0.5660138863787054,,,0.020881734105568713,-0.03914029541697381
Z6,Z4_MATCHED_Z6,2026,LOCAL0,dynamic,adjacent_percent_change_new_extension,residual_ftv,BPE,,T0->T1,difference,goal6_transformed_standardized_residual,375,0.10407557511613616,0.06834672521241852,,-0.015409150556179864,0.10407557511613616,-0.015409150556179864,0.08969771748301392,,,34.41038891924053,24.24016085854367,0.039791370394976086,0.3069014602031485,375,0.11721393623204246,0.11097578637810375,,-0.0011607494701850812,0.11721393623204246,-0.0011607494701850812,0.09861372714630834,,,34.24145695086261,24.159610777413523,0.024182312390821935,0.7872447118751827,-0.0131383611159063,-0.042629061165685225,,-0.014248401085994783,-0.0131383611159063,-0.014248401085994783,-0.008916009663294422,,,0.1689319683779189,0.0805500811301485,0.015609058004154151,-0.48034325167203423
Z6,Z4_MATCHED_Z6,2026,LOCAL3,dynamic,adjacent_percent_change_new_extension,residual_ftv,BPE,,T0->T1,difference,goal6_transformed_standardized_residual,375,0.08021168999999458,0.06079889305806129,,-0.02366696429141684,0.08021168999999458,-0.02366696429141684,0.08291534325027672,,,34.53834148717045,24.353163753296958,0.0394927993233461,0.3192335645691166,375,0.11452180360436989,0.1179342137614575,,-0.0027349028585208664,0.11452180360436989,-0.0027349028585208664,0.09745661618569501,,,34.26342780789423,24.164799857800148,0.03549133162497289,0.7095086626239405,-0.03431011360437532,-0.05713532070339621,,-0.020932061432895974,-0.03431011360437532,-0.020932061432895974,-0.014541272935418292,,,0.27491367927621724,0.18836389549680987,0.004001467698373215,-0.3902750980548239
Z6,Z4_MATCHED_Z6,3026,LOCAL0,dynamic,adjacent_percent_change_new_extension,residual_ftv,BPE,,T0->T1,difference,goal6_transformed_standardized_residual,375,0.03902956716665314,0.022995863193657286,,-0.05496304376078469,0.03902956716665314,-0.05496304376078469,0.07280635744948516,,,34.72817712989277,24.485026947240904,0.055838243189998506,0.09917945673312774,375,0.06850706990011783,0.05594915510888829,,-0.06138417124251001,0.06850706990011783,-0.06138417124251001,0.06629695135715563,,,34.84986930844923,24.810999810465795,0.07778601362947597,0.2582441382158008,-0.029477502733464694,-0.032953291915231,,0.006421127481725325,-0.029477502733464694,0.006421127481725325,0.006509406092329528,,,-0.12169217855645797,-0.32597286322489083,-0.021947770439477467,-0.15906468148267305
Z6,Z4_MATCHED_Z6,3026,LOCAL3,dynamic,adjacent_percent_change_new_extension,residual_ftv,BPE,,T0->T1,difference,goal6_transformed_standardized_residual,375,0.027031018231462103,0.022652135138046745,,-0.03835102848163512,0.027031018231462103,-0.03835102848163512,0.0847445402316378,,,34.503879584411,24.375604591324585,0.03159017890103178,0.14739442155534196,375,0.053011989713458184,0.05927812936361638,,-0.0722716918989757,0.053011989713458184,-0.0722716918989757,0.05898354421163543,,,34.986087213420156,24.9485399572179,0.07571796598512051,0.4172743648287975,-0.02598097148199608,-0.036625994225569634,,0.033920663417340575,-0.02598097148199608,0.033920663417340575,0.02576099602000237,,,-0.48220762900915304,-0.572935365893315,-0.04412778708408873,-0.26987994327345555
Z6,Z4_MATCHED_Z6,2026,LOCAL0,dynamic,adjacent_percent_change_new_extension,residual_ftv,BPE,,T1->T2,difference,goal6_transformed_standardized_residual,374,0.19708630978774122,0.1891614331967328,,-0.0056434450932094935,0.19708630978774122,-0.0056434450932094935,0.044619440961340184,,,35.54445989886994,25.03871867125325,0.0550156835283315,0.9547291775687646,374,0.19422301505237088,0.1889306189012957,,-0.0011800551501558864,0.19422301505237088,-0.0011800551501558864,0.045995362129916284,,,35.518855444425185,25.15671337148951,0.061627973954458466,0.8386190514067078,0.0028632947353703364,0.0002308142954370873,,-0.004463389943053607,0.0028632947353703364,-0.004463389943053607,-0.0013759211685760997,,,0.025604454444753344,-0.11799470023625958,-0.006612290426126967,0.11611012616205685
Z6,Z4_MATCHED_Z6,2026,LOCAL3,dynamic,adjacent_percent_change_new_extension,residual_ftv,BPE,,T1->T2,difference,goal6_transformed_standardized_residual,374,0.19739165859177332,0.19082797896381906,,-0.004212370796615937,0.19739165859177332,-0.004212370796615937,0.045274081974971736,,,35.53228001492424,24.99290587786885,0.06180605585397867,0.8789612880955922,374,0.19777376283584103,0.1946431751889378,,0.0014349395006700077,0.19777376283584103,0.0014349395006700077,0.04702110249774738,,,35.49975547318702,25.09941303649939,0.06635894344521225,0.8173623146709296,-0.0003821042440677047,-0.00381519622511875,,-0.005647310297285945,-0.0003821042440677047,-0.005647310297285945,-0.0017470205227756441,,,0.032524541737217305,-0.10650715863053861,-0.0045528875912335745,0.061598973424662584
Z6,Z4_MATCHED_Z6,3026,LOCAL0,dynamic,adjacent_percent_change_new_extension,residual_ftv,BPE,,T1->T2,difference,goal6_transformed_standardized_residual,374,0.16351984141493325,0.1741666828137988,,-0.01379306316858215,0.16351984141493325,-0.01379306316858215,0.03771981742387487,,,35.67257753911264,25.213830755619213,0.06295875694580877,0.9487778227488916,374,0.14692221178897905,0.16402289447187854,,-0.05458543925966692,0.14692221178897905,-0.05458543925966692,0.0028808902027482874,,,36.31259111509423,25.79663995050287,0.11766283497270545,0.6319934997548524,0.016597629625954208,0.010143788341920257,,0.04079237609108477,0.016597629625954208,0.04079237609108477,0.03483892722112658,,,-0.640013575981591,-0.5828091948836551,-0.05470407802689668,0.31678432299403914
Z6,Z4_MATCHED_Z6,3026,LOCAL3,dynamic,adjacent_percent_change_new_extension,residual_ftv,BPE,,T1->T2,difference,goal6_transformed_standardized_residual,374,0.16263981298918923,0.18103907721396315,,-0.014031427394214844,0.16263981298918923,-0.014031427394214844,0.037380569497692195,,,35.678865095348655,25.217199943402946,0.06388812202056238,1.056622717057408,374,0.15561429318718584,0.17691615881674363,,-0.00927700877600108,0.15561429318718584,-0.00927700877600108,0.040056071346185496,,,35.62924772406076,25.376561268335298,0.07326893382198729,0.7262055292063463,0.007025519802003388,0.0041229183972195105,,-0.004754418618213765,0.007025519802003388,-0.004754418618213765,-0.0026755018484933,,,0.04961737128789423,-0.15936132493235178,-0.009380811801424915,0.3304171878510618
Z6,Z4_MATCHED_Z6,2026,LOCAL0,dynamic,adjacent_percent_change_new_extension,residual_ftv,BPE,,T2->T3,difference,goal6_transformed_standardized_residual,374,0.07270547957976393,0.05062690735384587,,-0.08771965831395716,0.07270547957976393,-0.08771965831395716,0.004636652439880651,,,45.83714131092906,29.913952976990505,0.05982636492582026,0.5990863206626721,374,0.15088297843796553,0.09094770921237301,,-0.05945041205252004,0.15088297843796553,-0.05945041205252004,0.018479992537233092,,,45.51727777586126,29.481582028578043,0.05103309932364917,0.8577330044812558,-0.07817749885820159,-0.04032080185852714,,-0.02826924626143712,-0.07817749885820159,-0.02826924626143712,-0.013843340097352441,,,0.3198635350678032,0.43237094841246204,0.008793265602171092,-0.2586466838185837
Z6,Z4_MATCHED_Z6,2026,LOCAL3,dynamic,adjacent_percent_change_new_extension,residual_ftv,BPE,,T2->T3,difference,goal6_transformed_standardized_residual,374,0.07737630725366507,0.05873588225001633,,-0.09323860823029374,0.07737630725366507,-0.09323860823029374,0.0029567408002287854,,,45.875805525793034,29.9359327216762,0.060604641657725056,0.7850306880663486,374,0.14124355208863335,0.11819791752387697,,-0.06257114022621738,0.14124355208863335,-0.06257114022621738,0.029335910271231724,,,45.26486022916471,29.61813270357387,0.06420905496413457,0.8196055579676568,-0.06386724483496828,-0.05946203527386064,,-0.030667468004076368,-0.06386724483496828,-0.030667468004076368,-0.02637916947100294,,,0.6109452966283229,0.3178000181023286,-0.0036044133064095096,-0.0345748699013082
Z6,Z4_MATCHED_Z6,3026,LOCAL0,dynamic,adjacent_percent_change_new_extension,residual_ftv,BPE,,T2->T3,difference,goal6_transformed_standardized_residual,374,0.10228716359704072,0.07306726286018073,,-0.04206973699957753,0.10228716359704072,-0.04206973699957753,0.021758069725016926,,,45.44120498095166,29.285636821767387,0.032861803516824994,0.5300973561753713,374,0.1742024335005178,0.12852177783100766,,-0.06810572294934908,0.1742024335005178,-0.06810572294934908,0.023869608121051544,,,45.392135993199304,29.46589822934273,0.09229675728021497,0.6879216958922035,-0.07191526990347709,-0.05545451497082693,,0.02603598594977155,-0.07191526990347709,0.02603598594977155,-0.002111538396034618,,,0.04906898775235646,-0.18026140757534392,-0.059434953763389975,-0.15782433971683218
Z6,Z4_MATCHED_Z6,3026,LOCAL3,dynamic,adjacent_percent_change_new_extension,residual_ftv,BPE,,T2->T3,difference,goal6_transformed_standardized_residual,374,0.10465651728048156,0.0918292245972335,,-0.040992724386995444,0.10465651728048156,-0.040992724386995444,0.025982460923218764,,,45.3429833098849,29.380872403410436,0.03627002727988989,0.6451593533274899,374,0.18134272691726763,0.14019714815924558,,-0.016377919026881464,0.18134272691726763,-0.016377919026881464,0.04792086102135684,,,44.82943103300298,29.108304763366224,0.049264229831751126,0.6547679964791165,-0.07668620963678607,-0.04836792356201208,,-0.02461480536011398,-0.07668620963678607,-0.02461480536011398,-0.021938400098138078,,,0.5135522768819172,0.27256764004421186,-0.012994202551861234,-0.009608643151626683
Z6,Z4_MATCHED_Z6,2026,LOCAL0,dynamic,adjacent_percent_change_new_extension,residual_ftv,LD,,T0->T1,difference,goal6_transformed_standardized_residual,375,0.034683374905648205,0.05858448256811287,,-0.019950421420260465,0.034683374905648205,-0.019950421420260465,0.05367657608515097,,,34.96387298915268,17.916127631313028,0.0174254870895814,0.42565876981071127,375,0.08560677641945898,0.09695713173952686,,-0.025415973266092635,0.08560677641945898,-0.025415973266092635,0.05433779449730969,,,34.95165581486926,17.991312674084487,0.025608078725444145,0.9223800740555274,-0.05092340151381077,-0.03837264917141399,,0.005465551845832171,-0.05092340151381077,0.005465551845832171,-0.000661218412158715,,,0.012217174283414067,-0.07518504277145865,-0.008182591635862744,-0.4967213042448161
Z6,Z4_MATCHED_Z6,2026,LOCAL3,dynamic,adjacent_percent_change_new_extension,residual_ftv,LD,,T0->T1,difference,goal6_transformed_standardized_residual,375,0.0501423360784048,0.06597745394967167,,-0.01904740648489661,0.0501423360784048,-0.01904740648489661,0.05097951462237993,,,35.01366179184292,17.896834467707237,0.01752680242970376,0.49028784188359736,375,0.06731444739766657,0.08654558282282232,,-0.03177236892178815,0.06731444739766657,-0.03177236892178815,0.04818925588412726,,,35.065096651080395,18.053836751477522,0.02815143566284394,0.8231661921342815,-0.017172111319261767,-0.020568128873150654,,0.01272496243689154,-0.017172111319261767,0.01272496243689154,0.002790258738252671,,,-0.051434859237474484,-0.1570022837702858,-0.010624633233140179,-0.3328783502506842
Z6,Z4_MATCHED_Z6,3026,LOCAL0,dynamic,adjacent_percent_change_new_extension,residual_ftv,LD,,T0->T1,difference,goal6_transformed_standardized_residual,375,0.016978075284324348,0.030385930905249096,,-0.02929806145002818,0.016978075284324348,-0.02929806145002818,0.05092800251950935,,,35.014612036280035,17.934776640060456,0.018907852223530305,0.221913019842763,375,0.03861065071279104,0.0666788824412522,,-0.022419447995159533,0.03861065071279104,-0.022419447995159533,0.057175591731118525,,,34.89917394871877,17.904591900488104,0.019188863495120535,0.5678630131092344,-0.02163257542846669,-0.0362929515360031,,-0.006878613454868648,-0.02163257542846669,-0.006878613454868648,-0.0062475892116091725,,,0.11543808756126595,0.030184739572352015,-0.0002810112715902306,-0.34594999326647136
Z6,Z4_MATCHED_Z6,3026,LOCAL3,dynamic,adjacent_percent_change_new_extension,residual_ftv,LD,,T0->T1,difference,goal6_transformed_standardized_residual,375,0.03709184940249189,0.05078093293316939,,-0.021591171785885755,0.03709184940249189,-0.021591171785885755,0.054518336961727476,,,34.948319232709515,17.857576375169103,0.018234792605004487,0.3224773079712364,375,0.09190565064592915,0.11009153731803785,,-0.018135481109221634,0.09190565064592915,-0.018135481109221634,0.059605779161207795,,,34.854167553371056,17.88304709577112,0.026233851480631832,0.789034897719603,-0.05481380124343726,-0.05931060438486846,,-0.0034556906766641214,-0.05481380124343726,-0.0034556906766641214,-0.005087442199480319,,,0.09415167933845936,-0.025470720602015717,-0.007999058875627345,-0.4665575897483666
Z6,Z4_MATCHED_Z6,2026,LOCAL0,dynamic,adjacent_percent_change_new_extension,residual_ftv,LD,,T1->T2,difference,goal6_transformed_standardized_residual,369,0.01262700007567149,0.015466513213290711,,-0.05948446821296133,0.01262700007567149,-0.05948446821296133,0.022775711357771344,,,51.95934228434633,32.00266131521176,0.0366706349565897,0.28280755626202037,369,0.01230106618829894,-0.028130121271730757,,-0.07054792155285862,0.01230106618829894,-0.07054792155285862,0.020721583096648066,,,52.01392296056787,32.13098828113453,0.03759772526277404,-0.07139643432608157,0.0003259338873725492,0.04359663448502147,,0.011063453339897292,0.0003259338873725492,0.011063453339897292,0.002054128261123278,,,-0.054580676221540614,-0.12832696592276704,-0.0009270903061843402,0.3542039905881019
Z6,Z4_MATCHED_Z6,2026,LOCAL3,dynamic,adjacent_percent_change_new_extension,residual_ftv,LD,,T1->T2,difference,goal6_transformed_standardized_residual,369,0.024466426109542257,0.025025430935976464,,-0.04856824587599691,0.024466426109542257,-0.04856824587599691,0.028444958320927305,,,51.80840517651551,31.90745262502207,0.03398165200517314,0.2770895405797982,369,0.007002582135894522,-0.025782791459423707,,-0.06521017188600506,0.007002582135894522,-0.06521017188600506,0.02409359338501682,,,51.92429434987868,31.996303175964147,0.03585774178022485,-0.09749671903700965,0.017463843973647735,0.05080822239540017,,0.01664192601000815,0.017463843973647735,0.01664192601000815,0.0043513649359104845,,,-0.11588917336317195,-0.08885055094207672,-0.0018760897750517078,0.3745862596168078
Z6,Z4_MATCHED_Z6,3026,LOCAL0,dynamic,adjacent_percent_change_new_extension,residual_ftv,LD,,T1->T2,difference,goal6_transformed_standardized_residual,369,0.0396433630808149,-0.017499741955772394,,-0.03965076149046815,0.0396433630808149,-0.03965076149046815,0.03316182079384711,,,51.68248824983942,31.6126151470647,0.016451147825511308,-0.10566278028791928,369,0.06519250404531396,0.014062943025953917,,-0.035754014434259296,0.06519250404531396,-0.035754014434259296,0.035740747337307144,,,51.613513760050004,31.527307725947576,0.017492627428531252,0.2107474410334106,-0.025549140964499062,-0.03156268498172631,,-0.003896747056208856,-0.025549140964499062,-0.003896747056208856,-0.002578926543460036,,,0.06897448978941867,0.08530742111712541,-0.0010414796030199444,-0.3164102213213299
Z6,Z4_MATCHED_Z6,3026,LOCAL3,dynamic,adjacent_percent_change_new_extension,residual_ftv,LD,,T1->T2,difference,goal6_transformed_standardized_residual,369,0.040869919097869495,-0.0166565055746134,,-0.057195074626465815,0.040869919097869495,-0.057195074626465815,0.023303100176851776,,,51.9453196722042,31.869224109491316,0.035015403653006066,-0.11849164493624118,369,0.046598767189548335,0.0011231443714373858,,-0.04560054949050565,0.046598767189548335,-0.04560054949050565,0.029478597016460828,,,51.78083832702219,31.731252662556983,0.03145762993404069,-0.015189396212405528,-0.00572884809167884,-0.017779649946050788,,-0.011594525135960168,-0.00572884809167884,-0.011594525135960168,-0.0061754968396090515,,,0.1644813451820113,0.13797144693433339,0.0035577737189653735,-0.10330224872383564
Z6,Z4_MATCHED_Z6,2026,LOCAL0,dynamic,adjacent_percent_change_new_extension,residual_ftv,LD,,T2->T3,difference,goal6_transformed_standardized_residual,312,0.05343847414639334,0.1041289364795465,,-0.02441189127414556,0.05343847414639334,-0.02441189127414556,-0.01095830161970035,,,72.92223503609532,40.97103405472333,0.06047248535038316,0.6714393982440356,312,0.007891873587813384,0.057369189346060806,,-0.02971868344679324,0.007891873587813384,-0.02971868344679324,-0.01332598265631213,,,73.0075776361924,41.129795045374536,0.058141657024170394,0.2362042502889281,0.04554660055857996,0.0467597471334857,,0.005306792172647682,0.04554660055857996,0.005306792172647682,0.0023676810366117795,,,-0.0853426000970785,-0.15876099065120286,0.002330828326212765,0.43523514795510754
Z6,Z4_MATCHED_Z6,2026,LOCAL3,dynamic,adjacent_percent_change_new_extension,residual_ftv,LD,,T2->T3,difference,goal6_transformed_standardized_residual,312,0.040044880832921126,0.08971734485748364,,-0.025316515776283275,0.040044880832921126,-0.025316515776283275,-0.014748444614515632,,,73.05880206150238,41.20881134225108,0.06096807803873956,0.5175155896774408,312,0.004757182947431663,0.05093115806045572,,-0.03286746544818077,0.004757182947431663,-0.03286746544818077,-0.01939472143659171,,,73.22586994020863,41.21496348091921,0.058662382134052914,0.1999162053940269,0.035287697885489466,0.03878618679702792,,0.007550949671897494,0.035287697885489466,0.007550949671897494,0.004646276822076079,,,-0.1670678787062485,-0.0061521386681278045,0.0023056959046866485,0.31759938428341394
Z6,Z4_MATCHED_Z6,3026,LOCAL0,dynamic,adjacent_percent_change_new_extension,residual_ftv,LD,,T2->T3,difference,goal6_transformed_standardized_residual,312,0.11002625953865157,0.1408535062609871,,0.009220926003770625,0.11002625953865157,0.009220926003770625,0.008090640406565153,,,72.23195073661873,40.52761614866201,0.05067646304930531,0.6788304579177903,312,0.11059578290371941,0.14108854805472612,,-0.0008077928524350625,0.11059578290371941,-0.0008077928524350625,0.008555961030240478,,,72.21500616460074,40.50186267257228,0.05959899467206743,0.7308609973163414,-0.0005695233650678394,-0.00023504179373901035,,0.010028718856205689,-0.0005695233650678394,0.010028718856205689,-0.0004653206236753249,,,0.016944572017990822,0.025753476089732885,-0.008922531622762124,-0.05203053939855107
Z6,Z4_MATCHED_Z6,3026,LOCAL3,dynamic,adjacent_percent_change_new_extension,residual_ftv,LD,,T2->T3,difference,goal6_transformed_standardized_residual,312,0.08875970774860971,0.12961946058262724,,0.007457446543566715,0.08875970774860971,0.007457446543566715,0.007033273297699871,,,72.27043981077607,40.52074252558208,0.03931367262831541,0.7212763751141679,312,0.09719233540614781,0.126426746722264,,-0.002130435760249566,0.09719233540614781,-0.002130435760249566,0.0035531789919581724,,,72.39697374029987,40.53137777314825,0.045139103454323204,0.8184032111587866,-0.008432627657538105,0.003192713860363239,,0.00958788230381628,-0.008432627657538105,0.00958788230381628,0.003480094305741699,,,-0.12653392952380216,-0.010635247566170847,-0.005825430826007796,-0.09712683604461869
Z6,Z4_MATCHED_Z6,2026,LOCAL0,dynamic,adjacent_percent_change_new_extension,residual_ftv,SPH,,T0->T1,difference,goal6_transformed_standardized_residual,375,0.07921395402439575,0.05218690973731397,,-0.08805889854213125,0.07921395402439575,-0.08805889854213125,-0.032906357468360126,,,37.41495631411662,26.619199417480967,0.046108758531050856,0.36780081488691024,375,0.04933289364374446,0.007296292253243934,,-0.10650126892935717,0.04933289364374446,-0.10650126892935717,-0.040719319019949296,,,37.55619414733005,26.567635354208324,0.06395183813335908,-0.029164263398976344,0.02988106038065129,0.044890617484070035,,0.018442370387225918,0.02988106038065129,0.018442370387225918,0.00781296155158917,,,-0.14123783321342387,0.05156406327264307,-0.01784307960230823,0.39696507828588656
Z6,Z4_MATCHED_Z6,2026,LOCAL3,dynamic,adjacent_percent_change_new_extension,residual_ftv,SPH,,T0->T1,difference,goal6_transformed_standardized_residual,375,0.11364593970872315,0.07590975698870518,,-0.07571384244206916,0.11364593970872315,-0.07571384244206916,-0.021057180285366295,,,37.19973097296064,26.352485067229562,0.04458739748825803,0.4960296917435362,375,0.04931810036706025,0.014440386536010399,,-0.11897812798073513,0.04931810036706025,-0.11897812798073513,-0.045926441098446125,,,37.650031015243556,26.642664316403767,0.06528503318300731,0.07852533503775984,0.0643278393416629,0.06146937045269478,,0.04326428553866597,0.0643278393416629,0.04326428553866597,0.02486926081307983,,,-0.45030004228291887,-0.290179249174205,-0.020697635694749278,0.4175043567057764
Z6,Z4_MATCHED_Z6,3026,LOCAL0,dynamic,adjacent_percent_change_new_extension,residual_ftv,SPH,,T0->T1,difference,goal6_transformed_standardized_residual,375,0.09587224238399458,0.08361796537639077,,-0.08032964178625317,0.09587224238399458,-0.08032964178625317,-0.012848904211607115,,,37.04990498135375,26.143139268498857,0.0457905868948666,0.5337298005448344,375,0.02812240041371992,0.0020256880453267314,,-0.13925631826533377,0.02812240041371992,-0.13925631826533377,-0.055788226189859236,,,37.82711105925811,26.81685704428858,0.08598982159134236,-0.07258742135310614,0.06774984197027466,0.08159227733106404,,0.058926676479080606,0.06774984197027466,0.058926676479080606,0.04293932197825212,,,-0.7772060779043599,-0.6737177757897221,-0.04019923469647576,0.6063172218979406
Z6,Z4_MATCHED_Z6,3026,LOCAL3,dynamic,adjacent_percent_change_new_extension,residual_ftv,SPH,,T0->T1,difference,goal6_transformed_standardized_residual,375,0.08430093152855819,0.07938968691995088,,-0.07456518391479679,0.08430093152855819,-0.07456518391479679,-0.01287718253360226,,,37.05042218674628,26.171946732033355,0.04550603040923672,0.43539414409699717,375,0.019507443911995933,-0.0018549215454259404,,-0.09380153748724342,0.019507443911995933,-0.09380153748724342,-0.03227535138916049,,,37.40352610481779,26.32657047560082,0.0339418609471806,-0.07756563189923081,0.06479348761656226,0.08124460846537682,,0.01923635357244663,0.06479348761656226,0.01923635357244663,0.01939816885555823,,,-0.3531039180715112,-0.15462374356746622,0.011564169462056115,0.512959775996228
Z6,Z4_MATCHED_Z6,2026,LOCAL0,dynamic,adjacent_percent_change_new_extension,residual_ftv,SPH,,T1->T2,difference,goal6_transformed_standardized_residual,374,0.03926892890204919,0.06892818398885656,,-0.03521910392413139,0.03926892890204919,-0.03521910392413139,0.11896770978554572,,,55.03080649601774,37.77570199626683,0.021497014967801466,0.43287755070811146,374,-0.010222295340705748,0.03652594011213092,,-0.08546342709638353,-0.010222295340705748,-0.08546342709638353,0.09041011228628959,,,55.915572576816736,38.8658045442022,0.06618353090201938,0.081393314246595,0.049491224242754935,0.032402243876725634,,0.050244323172252144,0.049491224242754935,0.050244323172252144,0.028557597499256127,,,-0.8847660807989968,-1.0901025479353663,-0.044686515934217914,0.35148423646151644
Z6,Z4_MATCHED_Z6,2026,LOCAL3,dynamic,adjacent_percent_change_new_extension,residual_ftv,SPH,,T1->T2,difference,goal6_transformed_standardized_residual,374,0.035923629678806746,0.0706971513699247,,-0.0358082646134223,0.035923629678806746,-0.0358082646134223,0.12115598546777862,,,54.96242225785323,37.78780322893549,0.02330318151509343,0.45288180773280834,374,-0.009864561735817397,0.03843795042891633,,-0.07865888440317545,-0.009864561735817397,-0.07865888440317545,0.09403939511160164,,,55.803908923789315,38.789690958843295,0.05782033415385395,0.11195795118771079,0.045788191414624146,0.03225920094100837,,0.04285061978975315,0.045788191414624146,0.04285061978975315,0.027116590356176973,,,-0.8414866659360882,-1.001887729907807,-0.034517152638760526,0.34092385654509755
Z6,Z4_MATCHED_Z6,3026,LOCAL0,dynamic,adjacent_percent_change_new_extension,residual_ftv,SPH,,T1->T2,difference,goal6_transformed_standardized_residual,374,0.07693034183066384,0.10164671160033308,,-0.023605918752121386,0.07693034183066384,-0.023605918752121386,0.13535439353169398,,,54.51663408946091,37.614258360413295,0.018456132808471016,0.7951916937596438,374,0.029873782576338947,0.09285876929396529,,-0.02866412386567407,0.029873782576338947,-0.02866412386567407,0.1322572992478741,,,54.61418401565056,37.989146464283806,0.01923229883729401,0.6917332249900163,0.04705655925432489,0.008787942306367785,,0.005058205113552684,0.04705655925432489,0.005058205113552684,0.003097094283819879,,,-0.0975499261896502,-0.37488810387051075,-0.0007761660288229943,0.1034584687696275
Z6,Z4_MATCHED_Z6,3026,LOCAL3,dynamic,adjacent_percent_change_new_extension,residual_ftv,SPH,,T1->T2,difference,goal6_transformed_standardized_residual,374,0.055785705581996754,0.07566614583463063,,-0.0283891612063944,0.055785705581996754,-0.0283891612063944,0.13213002466658652,,,54.61818908681647,37.694200402953335,0.017970089391239865,0.556434463666371,374,0.02706080845760302,0.0694682182722216,,-0.03422175315721675,0.02706080845760302,-0.03422175315721675,0.12947021232619038,,,54.701820852032206,38.0747197047327,0.018381805131726936,0.5379814454837775,0.028724897124393734,0.006197927562409028,,0.005832591950822346,0.028724897124393734,0.005832591950822346,0.0026598123403961393,,,-0.08363176521573479,-0.38051930177936555,-0.00041171574048707096,0.018453018182593484
Z6,Z4_MATCHED_Z6,2026,LOCAL0,dynamic,adjacent_percent_change_new_extension,residual_ftv,SPH,,T2->T3,difference,goal6_transformed_standardized_residual,374,0.04883532455666871,0.06262236029055442,,-0.048479064161902834,0.04883532455666871,-0.048479064161902834,0.09745831092565149,,,61.28969372498419,37.974158342915835,0.03759790649096685,0.4886414411900163,374,0.0938421368838108,0.08398373513061543,,-0.03716647795479465,0.0938421368838108,-0.03716647795479465,0.1066128522728167,,,60.9780687499346,37.8300978997271,0.05091560992565987,0.34576576037218404,-0.045006812327142084,-0.02136137484006101,,-0.011312586207108184,-0.045006812327142084,-0.011312586207108184,-0.009154541347165202,,,0.31162497504958964,0.14406044318873512,-0.013317703434693018,0.14287568081783225
Z6,Z4_MATCHED_Z6,2026,LOCAL3,dynamic,adjacent_percent_change_new_extension,residual_ftv,SPH,,T2->T3,difference,goal6_transformed_standardized_residual,374,0.03948150541297541,0.05908151430892535,,-0.05080417355644071,0.03948150541297541,-0.05080417355644071,0.09414972506314101,,,61.401930485900195,37.92369689079443,0.038925730440739555,0.425309554247844,374,0.08564504440101829,0.0809710850401284,,-0.04020736802132021,0.08564504440101829,-0.04020736802132021,0.1035576961219925,,,61.08224448244586,37.77504279620185,0.037202986937217616,0.5888905768430305,-0.04616353898804288,-0.021889570731203047,,-0.010596805535120497,-0.04616353898804288,-0.010596805535120497,-0.009407971058851494,,,0.3196860034543363,0.1486540945925796,0.0017227435035219382,-0.16358102259518648
Z6,Z4_MATCHED_Z6,3026,LOCAL0,dynamic,adjacent_percent_change_new_extension,residual_ftv,SPH,,T2->T3,difference,goal6_transformed_standardized_residual,374,0.025683203470670473,0.05649519737012693,,-0.05293712923958982,0.025683203470670473,-0.05293712923958982,0.08948302109666362,,,61.55989065728312,38.037609086672724,0.04894264792690377,0.23447255833624397,374,0.039914212527748,0.07785058467935412,,-0.04273778313738051,0.039914212527748,-0.04273778313738051,0.09830925901767162,,,61.26079387049272,38.14213019779751,0.041986505238322216,0.40868900271855085,-0.01423100905707753,-0.021355387309227182,,-0.010199346102209308,-0.01423100905707753,-0.010199346102209308,-0.008826237921008007,,,0.2990967867904004,-0.10452111112478946,0.006956142688581551,-0.17421644438230688
Z6,Z4_MATCHED_Z6,3026,LOCAL3,dynamic,adjacent_percent_change_new_extension,residual_ftv,SPH,,T2->T3,difference,goal6_transformed_standardized_residual,374,-0.028776428510349904,0.013983595853556161,,-0.09831238031540619,-0.028776428510349904,-0.09831238031540619,0.06443048432815457,,,62.40104269516375,38.81527320524348,0.06413364253037777,0.14280191359323624,374,-0.0036202412686506106,0.04217770442457095,,-0.09214674892959811,-0.0036202412686506106,-0.09214674892959811,0.07078909833144076,,,62.188626286966425,38.9236131409871,0.06236430078051478,0.34748064712630805,-0.025156187241699293,-0.02819410857101479,,-0.006165631385808085,-0.025156187241699293,-0.006165631385808085,-0.006358614003286189,,,0.21241640819732766,-0.1083399357436221,0.0017693417498629918,-0.2046787335330718
Z6,Z4_MATCHED_Z6,2026,LOCAL0,dynamic,adjacent_percent_change_new_extension,residual_ftv_ld,BPE,,T0->T1,difference,goal6_transformed_standardized_residual,375,0.09315433919383659,0.06721118336818978,,-0.01861017931127145,0.09315433919383659,-0.01861017931127145,0.09659208660745011,,,34.27983403123367,24.243704257893317,0.03986927234332767,0.29924913998997815,375,0.1078839614312411,0.1099974138437609,,-0.0034416783528591136,0.1078839614312411,-0.0034416783528591136,0.10611356727995902,,,34.09870912350024,24.161726567177634,0.024438801157643165,0.7722392374183532,-0.01472962223740451,-0.04278623047557112,,-0.015168500958412337,-0.01472962223740451,-0.015168500958412337,-0.009521480672508909,,,0.1811249077334267,0.08197769071568217,0.015430471185684504,-0.47299009742837506
Z6,Z4_MATCHED_Z6,2026,LOCAL3,dynamic,adjacent_percent_change_new_extension,residual_ftv_ld,BPE,,T0->T1,difference,goal6_transformed_standardized_residual,375,0.0677654548528886,0.05682891185635433,,-0.02721031475718662,0.0677654548528886,-0.02721031475718662,0.08986258658443835,,,34.40727266494325,24.379796751780628,0.03951594098834074,0.288736324567667,375,0.10760424921789372,0.11585579247219943,,-0.005707491855676135,0.10760424921789372,-0.005707491855676135,0.10459680322507281,,,34.127626541456955,24.191281047024113,0.03557862616480367,0.6982555595240416,-0.03983879436500512,-0.0590268806158451,,-0.021502822901510482,-0.03983879436500512,-0.021502822901510482,-0.014734216640634457,,,0.2796461234862946,0.18851570475651513,0.003937314823537069,-0.4095192349563746
Z6,Z4_MATCHED_Z6,3026,LOCAL0,dynamic,adjacent_percent_change_new_extension,residual_ftv_ld,BPE,,T0->T1,difference,goal6_transformed_standardized_residual,375,0.040881500241744785,0.019837597967706767,,-0.059295024014168654,0.040881500241744785,-0.059295024014168654,0.07999081735567704,,,34.59336796382172,24.53887883182037,0.056718531970557595,0.08372986167061908,375,0.06905406098696136,0.05624322063491621,,-0.06510746877501582,0.06905406098696136,-0.06510746877501582,0.07394416561222839,,,34.7068622009102,24.81839779318048,0.07897749490202563,0.26416368833803167,-0.028172560745216575,-0.036405622667209446,,0.005812444760847163,-0.028172560745216575,0.005812444760847163,0.00604665174344865,,,-0.1134942370884815,-0.279518961360111,-0.022258962931468035,-0.1804338266674126
Z6,Z4_MATCHED_Z6,3026,LOCAL3,dynamic,adjacent_percent_change_new_extension,residual_ftv_ld,BPE,,T0->T1,difference,goal6_transformed_standardized_residual,375,0.019264505508360036,0.017042079504866324,,-0.043287578295889195,0.019264505508360036,-0.043287578295889195,0.09139847074684182,,,34.37822875473981,24.396775110055906,0.031789007004496085,0.11719448186009254,375,0.04875694507133211,0.05874262784906389,,-0.07547001464521505,0.04875694507133211,-0.07547001464521505,0.06702303715761737,,,34.83631632896635,24.939921779194254,0.07606920119886293,0.4125327798073089,-0.029492439562972074,-0.04170054834419756,,0.032182436349325855,-0.029492439562972074,0.032182436349325855,0.02437543358922445,,,-0.4580875742265391,-0.5431466691383484,-0.044280194194366844,-0.29533829794721633
Z6,Z4_MATCHED_Z6,2026,LOCAL0,dynamic,adjacent_percent_change_new_extension,residual_ftv_ld,BPE,,T1->T2,difference,goal6_transformed_standardized_residual,369,0.19092520788398765,0.18211616915267242,,-0.013507784029258089,0.19092520788398765,-0.013507784029258089,0.03684152119433215,,,35.7421326127364,25.143284275219912,0.053495760750764856,0.9319757042981968,369,0.19257296528172554,0.18408488800929548,,-0.007572397765846234,0.19257296528172554,-0.007572397765846234,0.0390385765001362,,,35.70134375134934,25.240086474296866,0.060573171099914704,0.8160980830969109,-0.0016477573977378979,-0.0019687188566230585,,-0.005935386263411855,-0.0016477573977378979,-0.005935386263411855,-0.002197055305804052,,,0.04078886138705684,-0.09680219907695431,-0.007077410349149847,0.11587762120128586
Z6,Z4_MATCHED_Z6,2026,LOCAL3,dynamic,adjacent_percent_change_new_extension,residual_ftv_ld,BPE,,T1->T2,difference,goal6_transformed_standardized_residual,369,0.19364367338134844,0.1854462147418108,,-0.011034438256590307,0.19364367338134844,-0.011034438256590307,0.0383952981416561,,,35.71329119227681,25.092281856963425,0.05969623414231932,0.8659102987086099,369,0.19723582730943023,0.19068827127823687,,-0.004006128228548146,0.19723582730943023,-0.004006128228548146,0.040881383360579115,,,35.66709562698929,25.17206167103856,0.06427215587801514,0.8035126854123256,-0.0035921539280817927,-0.005242056536426065,,-0.007028310028042161,-0.0035921539280817927,-0.007028310028042161,-0.0024860852189230176,,,0.04619556528752611,-0.07977981407513468,-0.004575921735695827,0.06239761329628435
Z6,Z4_MATCHED_Z6,3026,LOCAL0,dynamic,adjacent_percent_change_new_extension,residual_ftv_ld,BPE,,T1->T2,difference,goal6_transformed_standardized_residual,369,0.15262467746581282,0.16481996115203684,,-0.02112319018795134,0.15262467746581282,-0.02112319018795134,0.02975148061923627,,,35.873444606495184,25.313050103349568,0.060559360907832746,0.8956908484790188,369,0.13642650472717177,0.15585511680406935,,-0.06640149104471281,0.13642650472717177,-0.06640149104471281,-0.012502705672360115,,,36.64626197856099,25.993626539369792,0.11825899282534552,0.609542700345854,0.016198172738641048,0.008964844347967488,,0.045278300856761475,0.016198172738641048,0.045278300856761475,0.042254186291596385,,,-0.7728173720658091,-0.6805764360202247,-0.057699631917512775,0.2861481481331648
Z6,Z4_MATCHED_Z6,3026,LOCAL3,dynamic,adjacent_percent_change_new_extension,residual_ftv_ld,BPE,,T1->T2,difference,goal6_transformed_standardized_residual,369,0.1571620881901271,0.1725968332188856,,-0.020188571028180717,0.1571620881901271,-0.020188571028180717,0.030300380742990907,,,35.86329580259364,25.3166285489069,0.060575020631553345,1.0072444940038676,369,0.14051691798964625,0.16582444584301673,,-0.018630160481894194,0.14051691798964625,-0.018630160481894194,0.02849749956971459,,,35.89661912998297,25.524897876846946,0.07219265562601974,0.6814071397461378,0.01664517020048087,0.006772387375868882,,-0.0015584105462865226,0.01664517020048087,-0.0015584105462865226,0.0018028811732763161,,,-0.033323327389332746,-0.20826932794004804,-0.0116176349944664,0.32583735425772986
Z6,Z4_MATCHED_Z6,2026,LOCAL0,dynamic,adjacent_percent_change_new_extension,residual_ftv_ld,BPE,,T2->T3,difference,goal6_transformed_standardized_residual,312,0.061703665594561447,0.01551226979096311,,-0.0794267393990294,0.061703665594561447,-0.0794267393990294,-0.043113692365430945,,,45.761063594793285,29.698580693212033,0.05791281996593243,0.22562486843916593,312,0.09622819755529316,0.05751347942894864,,-0.062334531515954784,0.09622819755529316,-0.062334531515954784,-0.026421052436577996,,,45.39343652271372,29.538058149903765,0.06050073560605155,0.33544164057742687,-0.034524531960731714,-0.04200120963798553,,-0.01709220788307462,-0.034524531960731714,-0.01709220788307462,-0.016692639928852948,,,0.36762707207956424,0.16052254330826798,-0.0025879156401191206,-0.10981677213826094
Z6,Z4_MATCHED_Z6,2026,LOCAL3,dynamic,adjacent_percent_change_new_extension,residual_ftv_ld,BPE,,T2->T3,difference,goal6_transformed_standardized_residual,312,0.07927590501705353,0.06223879093485142,,-0.0645479406812731,0.07927590501705353,-0.0645479406812731,-0.030511897880843408,,,45.4838053211579,29.782996076128992,0.06556640896502255,0.38712073202957115,312,0.09247229288192113,0.07572052640250912,,-0.2246696932013064,0.09247229288192113,-0.2246696932013064,-0.09413534762965248,,,46.86685500597763,31.06363310688649,0.22610207527327028,0.408995398440561,-0.013196387864867598,-0.013481735467657699,,0.1601217525200333,-0.013196387864867598,0.1601217525200333,0.06362344974880907,,,-1.3830496848197242,-1.2806370307574966,-0.16053566630824773,-0.02187466641098984
Z6,Z4_MATCHED_Z6,3026,LOCAL0,dynamic,adjacent_percent_change_new_extension,residual_ftv_ld,BPE,,T2->T3,difference,goal6_transformed_standardized_residual,312,0.10128511939278412,0.0875137995159757,,-0.02165134120634075,0.10128511939278412,-0.02165134120634075,-0.016197470177503615,,,45.16680197593709,29.03688681530081,0.051044676673558755,0.37720291393174554,312,0.1494992105809456,0.13170477485308335,,-0.04612797427098659,0.1494992105809456,-0.04612797427098659,-0.013450443856796168,,,45.10571229516313,29.254666978062385,0.1006161226365925,0.5974630509569839,-0.04821409118816147,-0.044190975337107655,,0.02447663306464584,-0.04821409118816147,0.02447663306464584,-0.0027470263207074463,,,0.06108968077396071,-0.2177801627615743,-0.04957144596303375,-0.2202601370252384
Z6,Z4_MATCHED_Z6,3026,LOCAL3,dynamic,adjacent_percent_change_new_extension,residual_ftv_ld,BPE,,T2->T3,difference,goal6_transformed_standardized_residual,312,0.10048967317397331,0.08735828122912145,,-0.030199744517545504,0.10048967317397331,-0.030199744517545504,-0.019203250458239562,,,45.23355142360322,29.229596818449515,0.05452745402759499,0.38862642471198683,312,0.15615136398788484,0.13843079338775569,,-0.031138201440024327,0.15615136398788484,-0.031138201440024327,-0.0029490797061475504,,,44.87141127102037,29.25340899721231,0.0979174880742564,0.4969530925100328,-0.055661690813911535,-0.05107251215863423,,0.0009384569224788232,-0.055661690813911535,0.0009384569224788232,-0.016254170752092012,,,0.36214015258284604,-0.023812178762796066,-0.04339003404666141,-0.10832666779804595
Z6,Z4_MATCHED_Z6,2026,LOCAL0,dynamic,adjacent_percent_change_new_extension,residual_ftv_ld,SPH,,T0->T1,difference,goal6_transformed_standardized_residual,375,0.08729504508186861,0.058218973501246524,,-0.08454895737675687,0.08729504508186861,-0.08454895737675687,-0.058626709759629136,,,37.87792596718136,27.249365032945782,0.04630826029104055,0.4000290684826581,375,0.05749661490180382,0.01181352989349163,,-0.10413458132129265,0.05749661490180382,-0.10413458132129265,-0.06790290066395666,,,38.043516217657384,27.209693758584244,0.06291658148137595,0.0019737073755671493,0.02979843018006479,0.04640544360775489,,0.01958562394453578,0.02979843018006479,0.01958562394453578,0.00927619090432752,,,-0.16559025047602205,0.03967127436153817,-0.016608321190335402,0.398055361107091
Z6,Z4_MATCHED_Z6,2026,LOCAL3,dynamic,adjacent_percent_change_new_extension,residual_ftv_ld,SPH,,T0->T1,difference,goal6_transformed_standardized_residual,375,0.12124912514689616,0.08023942373507875,,-0.07280205000843014,0.12124912514689616,-0.07280205000843014,-0.04689676181498159,,,37.66749119915889,26.979460144792192,0.04472984092132297,0.5189212414978344,375,0.05137040086204441,0.014460368221192017,,-0.11819331176412845,0.05137040086204441,-0.11819331176412845,-0.07397834470591658,,,38.15158009282332,27.2754395604187,0.06360832246416669,0.08564713157192372,0.06987872428485176,0.06577905551388674,,0.04539126175569831,0.06987872428485176,0.04539126175569831,0.027081582890934985,,,-0.48408889366443475,-0.2959794156265083,-0.018878481542843717,0.43327410992591064
Z6,Z4_MATCHED_Z6,3026,LOCAL0,dynamic,adjacent_percent_change_new_extension,residual_ftv_ld,SPH,,T0->T1,difference,goal6_transformed_standardized_residual,375,0.10637212035965016,0.08884699653067071,,-0.07566528900405724,0.10637212035965016,-0.07566528900405724,-0.03855597917296838,,,37.51713987226046,26.785263185158293,0.04538176332374623,0.5590919631140113,375,0.034215170108682164,0.010840304730949636,,-0.13009255230417544,0.034215170108682164,-0.13009255230417544,-0.08019230946263756,,,38.261792110768575,27.383007960086058,0.08233280569191513,-0.02956471597963041,0.072156950250968,0.07800669179972108,,0.0544272633001182,0.072156950250968,0.0544272633001182,0.04163633028966918,,,-0.7446522385081167,-0.5977447749277651,-0.0369510423681689,0.5886566790936417
Z6,Z4_MATCHED_Z6,3026,LOCAL3,dynamic,adjacent_percent_change_new_extension,residual_ftv_ld,SPH,,T0->T1,difference,goal6_transformed_standardized_residual,375,0.09613924642819681,0.08421870967676273,,-0.06974119004792925,0.09613924642819681,-0.06974119004792925,-0.03814304334443497,,,37.50968061546623,26.768968531373964,0.04448950753164813,0.45922894351321536,375,0.027816712768398484,0.006180003753186108,,-0.08862364862268454,0.027816712768398484,-0.08862364862268454,-0.05792616931877115,,,37.865391137852384,26.923382834427034,0.033057338644970825,-0.03629541206574938,0.06832253365979832,0.07803870592357662,,0.01888245857475529,0.06832253365979832,0.01888245857475529,0.01978312597433618,,,-0.3557105223861541,-0.1544143030530698,0.011432168886677307,0.49552435557896474
Z6,Z4_MATCHED_Z6,2026,LOCAL0,dynamic,adjacent_percent_change_new_extension,residual_ftv_ld,SPH,,T1->T2,difference,goal6_transformed_standardized_residual,369,0.0524774699410867,0.07231002817377043,,-0.03812463068539318,0.0524774699410867,-0.03812463068539318,0.11264297312978311,,,55.48076764848914,37.947457246795715,0.021212475348570056,0.4606653019431286,369,-0.008017895836966547,0.03838948600322326,,-0.0878635575292687,-0.008017895836966547,-0.0878635575292687,0.08363988159202596,,,56.38016660888486,39.10947833622283,0.06476534549335575,0.10416961923740185,0.06049536577805325,0.033920542170547165,,0.049738926843875514,0.06049536577805325,0.049738926843875514,0.029003091537757153,,,-0.8993989603957218,-1.162021089427114,-0.04355287014478569,0.35649568270572674
Z6,Z4_MATCHED_Z6,2026,LOCAL3,dynamic,adjacent_percent_change_new_extension,residual_ftv_ld,SPH,,T1->T2,difference,goal6_transformed_standardized_residual,369,0.04761563127579838,0.07402406017986086,,-0.038603728928336474,0.04761563127579838,-0.038603728928336474,0.11449157812461364,,,55.42294678669661,37.988149114327605,0.023128763983492603,0.4748172051024671,369,-0.009300108813167512,0.041999704182864535,,-0.08030490267574761,-0.009300108813167512,-0.08030490267574761,0.08759106540387673,,,56.25848461356774,38.99925033108567,0.05656777504595781,0.13345638506272628,0.0569157400889659,0.03202435599699633,,0.041701173747411134,0.0569157400889659,0.041701173747411134,0.026900512720736902,,,-0.8355378268711249,-1.011101216758064,-0.033439011062465204,0.34136082003974083
Z6,Z4_MATCHED_Z6,3026,LOCAL0,dynamic,adjacent_percent_change_new_extension,residual_ftv_ld,SPH,,T1->T2,difference,goal6_transformed_standardized_residual,369,0.07413246512166566,0.1085554647553179,,-0.02633445383471891,0.07413246512166566,-0.02633445383471891,0.1291873715583597,,,54.9611263435549,37.76183221766374,0.019048164558785396,0.835195055538145,369,0.03610278414973943,0.099047507331029,,-0.03165237938866112,0.03610278414973943,-0.03165237938866112,0.12581128454945456,,,55.06756373401625,38.098792572524985,0.019555933954570105,0.7281420617606345,0.03802968097192623,0.009507957424288893,,0.005317925553942209,0.03802968097192623,0.005317925553942209,0.0033760870089051265,,,-0.1064373904613447,-0.3369603548612474,-0.0005077693957847088,0.10705299377751054
Z6,Z4_MATCHED_Z6,3026,LOCAL3,dynamic,adjacent_percent_change_new_extension,residual_ftv_ld,SPH,,T1->T2,difference,goal6_transformed_standardized_residual,369,0.05949268423473188,0.08096054866878498,,-0.03210076747730377,0.05949268423473188,-0.03210076747730377,0.12515216260615536,,,55.088319778956134,37.84765665279842,0.01893378764971,0.590386328142919,369,0.023517269969492834,0.07565648025892227,,-0.03763268830900122,0.023517269969492834,-0.03763268830900122,0.12268696921855038,,,55.16588059690517,38.228512044050284,0.018985240079070025,0.5753215879514386,0.03597541426523904,0.005304068409862708,,0.00553192083169745,0.03597541426523904,0.00553192083169745,0.0024651933876049803,,,-0.0775608179490348,-0.3808553912518633,-5.145242936002367e-05,0.015064740191480408
Z6,Z4_MATCHED_Z6,2026,LOCAL0,dynamic,adjacent_percent_change_new_extension,residual_ftv_ld,SPH,,T2->T3,difference,goal6_transformed_standardized_residual,312,0.05181999293719711,0.04490452062267308,,-0.06462994069933928,0.05181999293719711,-0.06462994069933928,0.09288902812313293,,,64.42232259399383,39.213482877550845,0.04014250709348234,0.45269477587810286,312,0.06192301093541296,0.03312141723294563,,-0.06682927727887522,0.06192301093541296,-0.06682927727887522,0.09649197980793978,,,64.29425587361463,39.52904584198357,0.053637068481467993,0.08780639530867654,-0.010103017998215856,0.011783103389727455,,0.002199336579535943,-0.010103017998215856,0.002199336579535943,-0.0036029516848068432,,,0.12806672037919498,-0.315562964432722,-0.013494561387985653,0.3648883805694263
Z6,Z4_MATCHED_Z6,2026,LOCAL3,dynamic,adjacent_percent_change_new_extension,residual_ftv_ld,SPH,,T2->T3,difference,goal6_transformed_standardized_residual,312,0.057931417362330255,0.048828099686746125,,-0.06577435929380136,0.057931417362330255,-0.06577435929380136,0.0897617909731322,,,64.53327403779284,39.13551252748193,0.04257249780072896,0.4476783071390004,312,0.06953985724004078,0.03303005783013398,,-0.0711429336034934,0.06953985724004078,-0.0711429336034934,0.09257775968620197,,,64.43337466829648,39.47207878621824,0.05406131354535559,0.08715254920245129,-0.01160843987771052,0.015798041856612148,,0.005368574309692037,-0.01160843987771052,0.005368574309692037,-0.002815968713069772,,,0.09989936949635592,-0.33656625873631185,-0.011488815744626624,0.3605257579365491
Z6,Z4_MATCHED_Z6,3026,LOCAL0,dynamic,adjacent_percent_change_new_extension,residual_ftv_ld,SPH,,T2->T3,difference,goal6_transformed_standardized_residual,312,0.07989730961671834,0.06713962897595503,,-0.046411292170919646,0.07989730961671834,-0.046411292170919646,0.09792836535627647,,,64.24312845035733,38.9874088041316,0.05437915839700485,0.1749481610844296,312,0.08142636009065517,0.060829205229546636,,-0.04654947765028533,0.08142636009065517,-0.04654947765028533,0.10048898222641645,,,64.15188351100652,39.02617956213161,0.05217463064284178,0.16930196637553657,-0.0015290504739368244,0.006310423746408396,,0.00013818547936568504,-0.0015290504739368244,0.00013818547936568504,-0.0025606168701399756,,,0.09124493935081546,-0.038770758000012506,0.00220452775416307,0.005646194708893021
Z6,Z4_MATCHED_Z6,3026,LOCAL3,dynamic,adjacent_percent_change_new_extension,residual_ftv_ld,SPH,,T2->T3,difference,goal6_transformed_standardized_residual,312,0.04403681557153559,0.04465779706410881,,-0.06532667622149253,0.04403681557153559,-0.06532667622149253,0.08909630074296426,,,64.55686040021652,39.14523530948618,0.04570241847505279,0.2438576805463245,312,0.05969212761378262,0.059563825070494895,,-0.04815003354212805,0.05969212761378262,-0.04815003354212805,0.09969260000857016,,,64.18027566811018,39.0692712624368,0.048937821822226585,0.19044244663452473,-0.01565531204224703,-0.014906028006386088,,-0.01717664267936448,-0.01565531204224703,-0.01717664267936448,-0.010596299265605902,,,0.3765847321063376,0.07596404704938209,-0.0032354033471737945,0.05341523391179978
Z6,Z4_MATCHED_Z6,2026,LOCAL0,static,goal6_workbook_endpoint,raw,BPE,T0,,current,natural_target,375,0.28677915576288543,0.22497101976160958,-0.0005646847333753424,0.011851730997454714,,,,17.251589820598497,12.048627899248018,,,0.14010665451818283,0.601031446660233,375,0.270941404027762,0.20701122312611506,-0.011574817709798735,0.011229528166310824,,,,17.34624768167786,12.06290515990419,,,0.12835130223331534,0.5778215723604673,0.015837751735123418,0.017959796635494518,0.011010132976423392,0.0006222028311438903,,,,-0.09465786107936225,-0.014277260656172075,,,0.011755352284867487,0.02320987429976573
Z6,Z4_MATCHED_Z6,2026,LOCAL3,static,goal6_workbook_endpoint,raw,BPE,T0,,current,natural_target,375,0.28156126976902945,0.21514151312252053,-0.011327028959239982,-0.007640551091264792,,,,17.344123039875807,12.0052253032974,,,0.14240658053024585,0.5701106968197143,375,0.276568665377176,0.21553274170308728,-0.010713879675483984,0.0048912965457023365,,,,17.338864528689356,12.013529754745514,,,0.13831166056973956,0.5795405861341532,0.00499260439185345,-0.0003912285805667548,-0.0006131492837559982,-0.012531847636967129,,,,0.0052585111864509315,-0.008304451448113426,,,0.004094919960506288,-0.009429889314438888
Z6,Z4_MATCHED_Z6,3026,LOCAL0,static,goal6_workbook_endpoint,raw,BPE,T0,,current,natural_target,375,0.2805090453976562,0.1970197531927842,-0.05388585570144455,-0.07091215283927445,,,,17.70530149177564,12.430915923666502,,,0.21733607993882667,0.42261397669815515,375,0.29483763795653656,0.1971040728693575,-0.055360222765915346,-0.05066682256319075,,,,17.717681860024722,12.433093576368956,,,0.21900812626835522,0.4211778115421454,-0.01432859255888036,-8.431967657329675e-05,0.001474367064470794,-0.020245330276083696,,,,-0.012380368249083062,-0.002177652702453514,,,-0.0016720463295285537,0.00143616515600975
Z6,Z4_MATCHED_Z6,3026,LOCAL3,static,goal6_workbook_endpoint,raw,BPE,T0,,current,natural_target,375,0.3145884628512914,0.2524451392238222,0.02079150533385965,0.04285750344326551,,,,17.066486624694516,11.982889159653991,,,0.14919793322716507,0.6535602185387939,375,0.32418181818181824,0.2642160267114527,0.032403091927682315,0.06843826500554008,,,,16.964996504733218,11.880837685157044,,,0.11981195000767991,0.7633243016018926,-0.009593355330526854,-0.0117708874876305,-0.011611586593822665,-0.025580761562274568,,,,0.10149011996129786,0.10205147449694785,,,0.029385983219485157,-0.1097640830630987
Z6,Z4_MATCHED_Z6,2026,LOCAL0,static,goal6_workbook_endpoint,raw,BPE,T1,,current,natural_target,375,0.34900694049379904,0.33499897129627576,0.08334812375091816,0.1067331131582826,,,,12.10040251513815,8.721482939816699,,,0.16124305255993232,0.8342629710186042,375,0.32713551029696214,0.3166694320988533,0.06751821209055742,0.09702221416533093,,,,12.204437862305607,8.71470938532316,,,0.11659973316884994,0.9273792298342498,0.021871430196836905,0.018329539197422473,0.01582991166036074,0.009710898992951675,,,,-0.1040353471674571,0.006773554493539891,,,0.044643319391082376,-0.09311625881564556
Z6,Z4_MATCHED_Z6,2026,LOCAL3,static,goal6_workbook_endpoint,raw,BPE,T1,,current,natural_target,375,0.3800054613721698,0.3564376515885674,0.10115271544607096,0.12497199840770243,,,,11.982310150937744,8.538617171962509,,,0.1840677054676299,0.830796722069606,375,0.3458791671407442,0.3336498120298141,0.08129881959297991,0.10858672758552015,,,,12.113921039333919,8.62956253189497,,,0.12562880072035734,0.9413394888235357,0.0341262942314256,0.022787839558753298,0.019853895853091053,0.016385270822182274,,,,-0.13161088839617463,-0.09094535993246211,,,0.05843890474727256,-0.11054276675392971
Z6,Z4_MATCHED_Z6,3026,LOCAL0,static,goal6_workbook_endpoint,raw,BPE,T1,,current,natural_target,375,0.3759597223802481,0.36119020478987357,0.09052918238381502,0.13745214299296804,,,,12.052911993611247,8.582263802680306,,,0.09177512013510992,1.1922668892541128,375,0.3445368073728524,0.305095218201315,0.05763645687410257,0.10266462383163844,,,,12.268934263230848,8.740960852411266,,,0.09753267015256517,0.9769230212709044,0.03142291500739569,0.05609498658855855,0.03289272550971245,0.034787519161329605,,,,-0.21602226961960191,-0.15869704973096077,,,-0.005757550017455246,0.21534386798320848
Z6,Z4_MATCHED_Z6,3026,LOCAL3,static,goal6_workbook_endpoint,raw,BPE,T1,,current,natural_target,375,0.3683859369666629,0.3629313998457656,0.09569733044881423,0.1340803036236214,,,,12.018617336334145,8.607770906677242,,,0.10480907924850125,1.1210502786399321,375,0.3300889748549323,0.29404177342430676,0.05328223624026018,0.08745548578221081,,,,12.297246096898615,8.831887872244957,,,0.11437934305575191,0.8694312269618706,0.03829696211173056,0.06888962642145885,0.04241509420855405,0.04662481784141058,,,,-0.2786287605644695,-0.2241169655677151,,,-0.009570263807250665,0.25161905167806153
Z6,Z4_MATCHED_Z6,2026,LOCAL0,static,goal6_workbook_endpoint,raw,BPE,T2,,current,natural_target,374,0.44164654270189674,0.3785277675392027,0.10932579290253652,0.17143916325169445,,,,10.447147861558973,7.026494547289158,,,0.11889236219157234,1.097793779253071,374,0.44581634671904347,0.4005432846231971,0.13507743697422392,0.1850188406899017,,,,10.295013414116296,6.950226526306848,,,0.16021327015965897,1.0006915035394248,-0.004169804017146728,-0.022015517083994407,-0.025751644071687396,-0.01357967743820726,,,,0.1521344474426769,0.07626802098230989,,,-0.04132090796808663,0.09710227571364616
Z6,Z4_MATCHED_Z6,2026,LOCAL3,static,goal6_workbook_endpoint,raw,BPE,T2,,current,natural_target,374,0.4535873034078365,0.3901530303834913,0.1184910692456207,0.18251127113108553,,,,10.393256888950864,6.937185886429154,,,0.125058444759799,1.1032615246604058,374,0.4589379937205201,0.3922915471542811,0.1207235360449117,0.18185219936713887,,,,10.380087816461405,6.91365278677526,,,0.12486802274232796,1.1101542680183853,-0.0053506903126835925,-0.0021385167707898,-0.0022324667992910108,0.000659071763946667,,,,0.01316907248945931,0.023533099653893608,,,0.00019042201747103416,-0.006892743357979514
Z6,Z4_MATCHED_Z6,3026,LOCAL0,static,goal6_workbook_endpoint,raw,BPE,T2,,current,natural_target,374,0.4098330346518329,0.3816554097885696,0.10519010672246443,0.15192722026638725,,,,10.471374501231615,7.048874909029511,,,0.09455298458057994,1.2411772358739492,374,0.3994553196369944,0.3627565451798749,0.10133944044996368,0.13972253293813983,,,,10.493881227238363,7.031106294746028,,,0.1254414178422288,1.0242236035184749,0.010377715014838529,0.01889886460869472,0.0038506662725007468,0.012204687328247421,,,,-0.022506726006747968,0.017768614283482975,,,-0.03088843326164885,0.21695363235547438
Z6,Z4_MATCHED_Z6,3026,LOCAL3,static,goal6_workbook_endpoint,raw,BPE,T2,,current,natural_target,374,0.40528520021218334,0.383310437225009,0.10976223703291532,0.1466529985036385,,,,10.444587915940186,7.023446813391911,,,0.10718845465927904,1.1707836261475197,374,0.40984060443577874,0.3657987449990388,0.10347959284494435,0.14312090975333092,,,,10.481378234906117,7.0270008675357385,,,0.12346884691955813,1.0410306471746171,-0.004555404223595405,0.01751169222597021,0.006282644187970976,0.0035320887503075826,,,,-0.03679031896593088,-0.0035540541438274786,,,-0.016280392260279095,0.1297529789729026
Z6,Z4_MATCHED_Z6,2026,LOCAL0,static,goal6_workbook_endpoint,raw,BPE,T3,,current,natural_target,375,0.3948512884579593,0.33676541269263927,0.07728470869123094,0.12988564587116885,,,,9.954760855966308,6.699098247247884,,,0.0789080078737606,1.1988557801490556,375,0.38876162746713966,0.3036650593461504,0.06256579415108376,0.10266375654408046,,,,10.033844602021832,6.710061342373933,,,0.13002873888296204,0.8421222618929031,0.006089660990819645,0.033100353346488864,0.014718914540147177,0.027221889327088397,,,,-0.07908374605552382,-0.010963095126049538,,,-0.05112073100920145,0.3567335182561525
Z6,Z4_MATCHED_Z6,2026,LOCAL3,static,goal6_workbook_endpoint,raw,BPE,T3,,current,natural_target,375,0.3859797394355724,0.33612453593654384,0.083414137745634,0.11771380957458266,,,,9.921641935017568,6.753235987499781,,,0.10550655557407333,1.0348097049953406,375,0.398828648781865,0.3180941615559642,0.07339013996789179,0.11272703038644705,,,,9.975747111134726,6.7165548334350085,,,0.13318391058163623,0.8716252778137368,-0.012848909346292625,0.01803037438057964,0.01002399777774221,0.004986779188135615,,,,-0.05410517611715804,0.03668115406477224,,,-0.027677355007562895,0.16318442718160386
Z6,Z4_MATCHED_Z6,3026,LOCAL0,static,goal6_workbook_endpoint,raw,BPE,T3,,current,natural_target,375,0.3643389261230116,0.27286054233658447,0.04212610373096248,0.10273655594106189,,,,10.142643048140174,6.834613056307906,,,0.08306447472411174,0.946745122706211,375,0.36324938175531063,0.2831230405956909,0.04452352583977137,0.09975776802669799,,,,10.129942299719207,6.850087510157464,,,0.07136086316989906,1.05985186037508,0.0010895443677009786,-0.010262498259106412,-0.0023974221088088887,0.0029787879143639007,,,,0.01270074842096669,-0.015474453849558145,,,0.011703611554212678,-0.11310673766886892
Z6,Z4_MATCHED_Z6,3026,LOCAL3,static,goal6_workbook_endpoint,raw,BPE,T3,,current,natural_target,375,0.3568384098523787,0.2698596200643407,0.039830152323907186,0.09899139850061686,,,,10.154791347651443,6.815158152398532,,,0.0777475139676877,0.9678201259067558,375,0.36895014731496883,0.2917302663825182,0.048399790362150474,0.10527887341622785,,,,10.109373377920203,6.81397503043351,,,0.06830952645648677,1.116197000774978,-0.012111737462590144,-0.021870646318177478,-0.008569638038243288,-0.006287474915610991,,,,0.04541796973123979,0.001183121965022238,,,0.009437987511200924,-0.14837687486822215
Z6,Z4_MATCHED_Z6,2026,LOCAL0,static,goal6_workbook_endpoint,raw,FTV,T0,,current,natural_target,375,0.7936504721811356,0.6443094647022652,0.3994048947026776,0.6074210572261926,,,,33.066041756551904,14.433835876037714,,,0.3712130782783344,1.0575060892566468,375,0.816139264990329,0.7059649661559755,0.4801811655375,0.6592867602708186,,,,30.762195025941104,13.3982720367437,,,0.41212874044328857,1.099680942095998,-0.02248879280919336,-0.06165550145371024,-0.08077627083482242,-0.05186570304462601,,,,2.3038467306108004,1.0355638392940136,,,-0.04091566216495418,-0.042174852839351296
Z6,Z4_MATCHED_Z6,2026,LOCAL3,static,goal6_workbook_endpoint,raw,FTV,T0,,current,natural_target,375,0.7889869154625101,0.5980315521988689,0.3429156412783475,0.5931531781865085,,,,34.58612289107173,14.81579717942822,,,0.37445520645204283,0.9772915895365287,375,0.8160964842416657,0.6666323496256944,0.42848896159952066,0.65453127084075,,,,32.25548876281551,13.79989717102775,,,0.4047149531589135,1.0478805019306425,-0.0271095687791556,-0.06860079742682546,-0.08557332032117315,-0.061378092654241545,,,,2.3306341282562215,1.01590000840047,,,-0.03025974670687065,-0.0705889123941138
Z6,Z4_MATCHED_Z6,3026,LOCAL0,static,goal6_workbook_endpoint,raw,FTV,T0,,current,natural_target,375,0.7641831835248606,0.6858731491791676,0.4160194042956994,0.5860742915901466,,,,32.605474440922336,14.31988865063858,,,0.7990937344787372,0.7672642065876286,375,0.7867158948685857,0.6999120470132413,0.3537388509826246,0.6216497612191078,,,,34.300096336351224,14.051475888198667,,,1.1231833277939185,0.6604168487582676,-0.022532711343725143,-0.014038897834073638,0.062280553313074805,-0.03557546962896119,,,,-1.694621895428888,0.2684127624399135,,,-0.3240895933151813,0.10684735782936106
Z6,Z4_MATCHED_Z6,3026,LOCAL3,static,goal6_workbook_endpoint,raw,FTV,T0,,current,natural_target,375,0.7543258618727956,0.6808543026892317,0.3473573021526071,0.5797678059470732,,,,34.46902961983524,14.187691881893368,,,1.0191993422610177,0.6744109592266385,375,0.7840152463306407,0.7010480265500338,0.2893640273073128,0.6217055857860139,,,,35.96788570871714,13.807044111032987,,,1.3133518660213364,0.6117263997432317,-0.02968938445784508,-0.020193723860802093,0.05799327484529426,-0.04193777983894065,,,,-1.498856088881901,0.3806477708603815,,,-0.29415252376031864,0.06268455948340679
Z6,Z4_MATCHED_Z6,2026,LOCAL0,static,goal6_workbook_endpoint,raw,FTV,T1,,current,natural_target,375,0.6189293434975538,0.31662385786046665,0.07094005102590983,0.37823912870289306,,,,36.31817114340286,11.877840287622462,,,0.11294187281650767,0.942141520454627,375,0.6126988280805552,0.3594184231840253,0.09241022815687905,0.3757348823647647,,,,35.896069559810805,11.651992628238164,,,0.08710567554257885,1.2178031916372567,0.006230515416998594,-0.04279456532355863,-0.021470177130969215,0.0025042463381283464,,,,0.4221015835920525,0.22584765938429818,,,0.025836197273928815,-0.27566167118262974
Z6,Z4_MATCHED_Z6,2026,LOCAL3,static,goal6_workbook_endpoint,raw,FTV,T1,,current,natural_target,375,0.6141624758220503,0.3536984803663856,0.0984504717833935,0.36322869116508716,,,,35.77642136220171,12.207256456976674,,,0.19717964301250235,0.7965300338824792,375,0.6228883832062807,0.38410022785810033,0.09752457891648136,0.3694901447913606,,,,35.79478786996369,12.17110619087035,,,0.32910413916854375,0.6695421037580439,-0.008725907384230402,-0.030401747491714703,0.0009258928669121369,-0.00626145362627345,,,,-0.01836650776198212,0.03615026610632377,,,-0.1319244961560414,0.12698793012443532
Z6,Z4_MATCHED_Z6,3026,LOCAL0,static,goal6_workbook_endpoint,raw,FTV,T1,,current,natural_target,375,0.5496356809648424,0.3154234824469704,0.07428240761784022,0.28211360903310084,,,,36.25278373145854,12.51054875959552,,,0.10284383244930001,0.9835691448484591,375,0.5440844237114575,0.3423485316502653,0.0856814309262095,0.28867799445172904,,,,36.028889115617815,11.909977389615591,,,0.09382802667166985,1.1176406215636552,0.0055512572533849,-0.026925049203294915,-0.011399023308369283,-0.006564385418628194,,,,0.22389461584072734,0.6005713699799298,,,0.009015805777630156,-0.13407147671519604
Z6,Z4_MATCHED_Z6,3026,LOCAL3,static,goal6_workbook_endpoint,raw,FTV,T1,,current,natural_target,375,0.5649530094436227,0.38850792062972733,0.12356747775571242,0.2984202874203275,,,,35.274538783202765,12.180058373341085,,,0.10541987559591387,1.1965714257526137,375,0.5774210945500057,0.44020538216023153,0.1681616261481832,0.3233726741083022,,,,34.36541376038105,11.678855201045522,,,0.13802305655345515,1.18489407489023,-0.012468085106382976,-0.051697461530504196,-0.04459414839247078,-0.024952386687974726,,,,0.909125022821712,0.501203172295563,,,-0.03260318095754128,0.01167735086238375
Z6,Z4_MATCHED_Z6,2026,LOCAL0,static,goal6_workbook_endpoint,raw,FTV,T2,,current,natural_target,374,0.532617224125819,0.2303298492331878,0.02811354648436526,0.34677926889666905,,,,30.70027911323507,7.20876017733391,,,0.043054357541481875,1.1100477651235932,374,0.48184255422861316,0.24843749852526015,0.038495866201517126,0.3141685562484665,,,,30.535858703634798,7.211784640170663,,,0.052678318495714686,1.0824334282452093,0.05077466989720586,-0.018107649292072342,-0.010382319717151867,0.03261071264820253,,,,0.1644204096002717,-0.0030244628367528392,,,-0.009623960954232812,0.027614336878383883
Z6,Z4_MATCHED_Z6,2026,LOCAL3,static,goal6_workbook_endpoint,raw,FTV,T2,,current,natural_target,374,0.5456695961348225,0.19238395587308169,0.0075962512069081,0.34831093731447,,,,31.022640316474945,7.420389118202954,,,0.08089306549835125,0.6764149594753556,374,0.5116289658929621,0.20711202011746005,-0.04406336326406213,0.332461940411532,,,,31.819839717869307,7.977748837524573,,,0.22746758999234348,0.4342557138615525,0.034040630241860326,-0.014728064244378364,0.05165961447097023,0.015848996902938006,,,,-0.7971994013943622,-0.5573597193216191,,,-0.14657452449399222,0.2421592456138031
Z6,Z4_MATCHED_Z6,3026,LOCAL0,static,goal6_workbook_endpoint,raw,FTV,T2,,current,natural_target,374,0.41145595045232325,0.15231567064261659,-0.02007353964918357,0.12106506379656996,,,,31.452147277895467,8.314018014170461,,,0.09910201900244814,0.48384174499410176,374,0.4285730670528021,0.20456632991097198,0.016205884744752708,0.23263825666702317,,,,30.88777817680697,7.743584486708916,,,0.0592648408423825,0.8403023777081883,-0.017117116600478877,-0.0522506592683554,-0.03627942439393628,-0.11157319287045321,,,,0.564369101088495,0.5704335274615451,,,0.039837178160065635,-0.3564606327140865
Z6,Z4_MATCHED_Z6,3026,LOCAL3,static,goal6_workbook_endpoint,raw,FTV,T2,,current,natural_target,374,0.4934816705136844,0.19801666988175057,0.012798308124149838,0.28059615735338467,,,,30.941225074721917,7.75398396401997,,,0.07813271603593439,0.7084109929197686,374,0.4555797622973148,0.21517438027787902,0.0223447222647718,0.26888742123370624,,,,30.791258095625334,7.638690229851305,,,0.06033052889375295,0.8760360827058267,0.03790190821636963,-0.017157710396128456,-0.009546414140621962,0.011708736119678431,,,,0.14996697909658252,0.11529373416866573,,,0.017802187142181437,-0.16762508978605806
Z6,Z4_MATCHED_Z6,2026,LOCAL0,static,goal6_workbook_endpoint,raw,FTV,T3,,current,natural_target,375,0.3191833154615613,0.5422047107759658,0.11193750772557876,0.13387725410928894,,,,11.693516264229705,3.168450697283182,,,0.020120261546221888,3.822491035277552,375,0.30536092304931917,0.48627242981353797,0.05621055075432457,0.1266051501689572,,,,12.05482525043936,3.166694683993978,,,0.008861704885016341,5.165602761909056,0.013822392412242146,0.055932280962427805,0.05572695697125418,0.007272103940331731,,,,-0.3613089862096537,0.0017560132892038283,,,0.011258556661205546,-1.3431117266315038
Z6,Z4_MATCHED_Z6,2026,LOCAL3,static,goal6_workbook_endpoint,raw,FTV,T3,,current,natural_target,375,0.35858006363523004,0.5366234362386878,0.1351909179960059,0.16203557662346468,,,,11.539406725152714,3.1378331037357268,,,0.029773898184880757,3.1099383973124377,375,0.301320758978312,0.5494304431774301,0.16520407988907404,0.14557526858284683,,,,11.337401295236482,3.0332000663123933,,,0.044766331357781575,2.596790818235741,0.05725930465691803,-0.01280700693874226,-0.03001316189306813,0.01646030804061785,,,,0.20200542991623216,0.10463303742333352,,,-0.014992433172900818,0.5131475790766968
Z6,Z4_MATCHED_Z6,3026,LOCAL0,static,goal6_workbook_endpoint,raw,FTV,T3,,current,natural_target,375,0.3517984043576297,0.37485567679697784,0.06086188339418375,0.11564753954010742,,,,12.025083310930965,3.195628321884719,,,0.018881255326029033,2.7280269703102684,375,0.25744079289115945,0.3235767705424136,0.04018013676199672,0.03261036111373889,,,,12.156770745709979,3.277249046674763,,,0.015316348350519161,2.6145666580536244,0.09435761146647026,0.051278906254564216,0.020681746632187026,0.08303717842636854,,,,-0.131687434779014,-0.08162072479004401,,,0.003564906975509872,0.11346031225664399
Z6,Z4_MATCHED_Z6,3026,LOCAL3,static,goal6_workbook_endpoint,raw,FTV,T3,,current,natural_target,375,0.3638663308605269,0.3687232992989177,0.07772103382868278,0.14909248874929226,,,,11.916659004192171,3.177393294630357,,,0.031124116326863526,2.090027816507536,375,0.2815174810284156,0.3912170621907749,0.06312794939162292,0.11874661583486075,,,,12.010566761347567,3.207775105793891,,,0.018166397994526268,2.9025744974959085,0.08234884983211127,-0.022493762891857227,0.014593084437059867,0.030345872914431513,,,,-0.0939077571553959,-0.03038181116353389,,,0.012957718332337258,-0.8125466809883726
Z6,Z4_MATCHED_Z6,2026,LOCAL0,static,goal6_workbook_endpoint,raw,LD,T0,,current,natural_target,375,0.41472659832998704,0.3928270565781651,0.124201539738794,0.15176739560716015,,,,2.013483395525966,1.4328102410484371,,,0.10107190858264109,1.2356235001302023,375,0.43338262454320936,0.423226381615126,0.1479929631393052,0.17290364246234544,,,,1.9859465454532061,1.4070014323448565,,,0.11674798958547604,1.2386483431424682,-0.01865602621322232,-0.03039932503696091,-0.023791423400511214,-0.02113624685518528,,,,0.027536850072759966,0.0258088087035806,,,-0.01567608100283495,-0.00302484301226591
Z6,Z4_MATCHED_Z6,2026,LOCAL3,static,goal6_workbook_endpoint,raw,LD,T0,,current,natural_target,375,0.40498526515386835,0.3671881104207245,0.10809278293152935,0.14332941786739306,,,,2.0319162468839855,1.446571319415621,,,0.09243415683762125,1.2077369910423161,375,0.4352432762012867,0.42886628223288636,0.15415650360949396,0.17696517656585425,,,,1.9787501966426349,1.4076457246791023,,,0.12109808484173681,1.2324044721504002,-0.030258011047418376,-0.06167817181216184,-0.046063720677964604,-0.03363575869846119,,,,0.05316605024135068,0.038925594736518576,,,-0.02866392800411556,-0.024667481108084033
Z6,Z4_MATCHED_Z6,3026,LOCAL0,static,goal6_workbook_endpoint,raw,LD,T0,,current,natural_target,375,0.40590455090394734,0.41296736815352336,0.15761443337468417,0.15271490258872036,,,,1.9747013467545724,1.4223388652175133,,,0.22662735403456774,0.8674802017818818,375,0.4216478173157556,0.4378148695241965,0.17930621319054074,0.18118293259409735,,,,1.9491108389722407,1.3940688809425956,,,0.18778219546562966,1.0103301220760448,-0.015743266411808288,-0.024847501370673153,-0.02169177981585657,-0.028468030005376982,,,,0.02559050778233174,0.02826998427491767,,,0.03884515856893808,-0.142849920294163
Z6,Z4_MATCHED_Z6,3026,LOCAL3,static,goal6_workbook_endpoint,raw,LD,T0,,current,natural_target,375,0.38919442396881104,0.4176868443176679,0.15605728024004895,0.13974304447220706,,,,1.976525625819098,1.4379354528585087,,,0.2517861567729437,0.8324053681126439,375,0.427123924110271,0.45598095738281297,0.19434356027951594,0.19209809331167066,,,,1.9311717743642782,1.3711516861422284,,,0.2025991582068756,1.0130430182947383,-0.03792950014145996,-0.038294113065145075,-0.03828628003946699,-0.0523550488394636,,,,0.04535385145481974,0.06678376671628028,,,0.04918699856606809,-0.18063765018209443
Z6,Z4_MATCHED_Z6,2026,LOCAL0,static,goal6_workbook_endpoint,raw,LD,T1,,current,natural_target,375,0.24287234289471143,0.195390218831613,-0.010217017267667439,0.0060530132969943504,,,,2.0654978255326593,1.445920424725184,,,0.12084382769966695,0.562070229044134,375,0.2343079028095328,0.20393708882904824,-0.0035825688195294525,0.003128240094710929,,,,2.0587042298938565,1.4392053225340424,,,0.11827673541254353,0.5929888823225424,0.008564440085178648,-0.00854686999743523,-0.006634448448137986,0.0029247732022834217,,,,0.006793595638802774,0.006715102191141575,,,0.0025670922871234153,-0.03091865327840848
Z6,Z4_MATCHED_Z6,2026,LOCAL3,static,goal6_workbook_endpoint,raw,LD,T1,,current,natural_target,375,0.26362589632964684,0.21273359065586644,0.0009366155205337012,0.021660760193811385,,,,2.054063774003819,1.4357284313506673,,,0.12555302550213215,0.6003748334759179,375,0.2555572197693521,0.22590254403078455,0.011205990916955066,0.021730486848689935,,,,2.0434796414523615,1.427625610648081,,,0.119462470732453,0.6535899649071776,0.008068676560294752,-0.013168953374918108,-0.010269375396421365,-6.972665487854982e-05,,,,0.010584132551457515,0.008102820702586389,,,0.006090554769679152,-0.053215131431259666
Z6,Z4_MATCHED_Z6,3026,LOCAL0,static,goal6_workbook_endpoint,raw,LD,T1,,current,natural_target,375,0.24624037090019565,0.21925504132746854,0.013176528858185654,0.0037775359876544455,,,,2.041442431310732,1.4257456774758999,,,0.11194644193545156,0.6553064468643435,375,0.23949395802954762,0.20819859800722323,0.0022524062013116186,0.0009523575288274759,,,,2.052710702473872,1.4188606728676108,,,0.10981068975072865,0.6282832635141438,0.006746412870648033,0.011056443320245302,0.010924122656874036,0.0028251784588269697,,,,-0.01126827116314022,0.006885004608289114,,,0.0021357521847229083,0.02702318335019971
Z6,Z4_MATCHED_Z6,3026,LOCAL3,static,goal6_workbook_endpoint,raw,LD,T1,,current,natural_target,375,0.25563779841389245,0.24061355328478756,0.024539208965466908,0.015416722529642048,,,,2.0296554106613245,1.4201412934822832,,,0.12230131231426696,0.6880254896625076,375,0.25835618955068124,0.23598539776452046,0.016396635593393105,0.0159409436053956,,,,2.038108991178354,1.4132555900424975,,,0.1242787276251816,0.6694015775731175,-0.002718391136788789,0.004628155520267102,0.008142573372073802,-0.0005242210757535528,,,,-0.00845358051702938,0.006885703439785784,,,-0.0019774153109146514,0.018623912089390182
Z6,Z4_MATCHED_Z6,2026,LOCAL0,static,goal6_workbook_endpoint,raw,LD,T2,,current,natural_target,374,0.29758585356409034,0.27137103326944984,0.009424692924063782,0.04600956044619076,,,,2.1276782586717338,1.5042538237633598,,,0.18571915601296543,0.6297020941116095,374,0.24965742076599143,0.2377691822314894,-0.015030732779228284,0.02569528308396679,,,,2.1537822967192657,1.5242678247594075,,,0.16654370797184098,0.5826281302629822,0.04792843279809891,0.03360185103796043,0.024455425703292066,0.02031427736222397,,,,-0.02610403804753192,-0.020014000996047665,,,0.01917544804112445,0.047073963848627276
Z6,Z4_MATCHED_Z6,2026,LOCAL3,static,goal6_workbook_endpoint,raw,LD,T2,,current,natural_target,374,0.30960524246124854,0.29218586019979764,0.0018398519159158466,0.05202191019304088,,,,2.1358085474633435,1.5130140589992795,,,0.270117768197471,0.5621893560416985,374,0.2613480956630446,0.23464934161769999,-0.058596632840131724,0.00969046894906231,,,,2.199517699519945,1.5473927919873374,,,0.2725051100779118,0.44950239977755785,0.04825714679820392,0.05753651858209766,0.06043648475604757,0.04233144124397857,,,,-0.06370915205660133,-0.034378732988057825,,,-0.002387341880440763,0.11268695626414066
Z6,Z4_MATCHED_Z6,3026,LOCAL0,static,goal6_workbook_endpoint,raw,LD,T2,,current,natural_target,374,0.3152341966470268,0.3128938344566028,0.05474596348355776,0.09650234893073072,,,,2.0784351442088496,1.432292077976382,,,0.13065540976993462,0.8656320091959477,374,0.2915250526541448,0.2939761463015857,0.02571171390878324,0.05882683372292918,,,,2.110114138803101,1.4722146421869375,,,0.20938092014679377,0.6424562234601484,0.023709143992881987,0.0189176881550171,0.029034249574774518,0.03767551520780154,,,,-0.031678994594251275,-0.03992256421055562,,,-0.07872551037685915,0.22317578573579933
Z6,Z4_MATCHED_Z6,3026,LOCAL3,static,goal6_workbook_endpoint,raw,LD,T2,,current,natural_target,374,0.27812124778102854,0.2806511859192515,0.024534963438869295,0.04554406577714229,,,,2.111388057685075,1.4640564543338772,,,0.17594169061212475,0.6690868605409815,374,0.3125000871952966,0.3118287100307016,0.04051613810705135,0.09320356217222472,,,,2.0940210554312797,1.456931599231517,,,0.20946403021046353,0.681336053232704,-0.03437883941426806,-0.03117752411145014,-0.015981174668182052,-0.047659496395082435,,,,0.017367002253795505,0.007124855102360161,,,-0.03352233959833878,-0.012249192691722421
Z6,Z4_MATCHED_Z6,2026,LOCAL0,static,goal6_workbook_endpoint,raw,LD,T3,,current,natural_target,375,0.17688812109194887,0.13698873537616713,-0.05756254364226776,-0.008433672368615353,,,,1.831218088086868,1.3438366622637672,,,0.09682132691350492,0.4402499763786613,375,0.13187896355503792,0.13931931107152723,-0.05137199971384021,0.0025947482186275744,,,,1.825850616321736,1.329704093384155,,,0.04061942487441307,0.6912647849713465,0.045009157536910954,-0.0023305756953601042,-0.00619054392842755,-0.011028420587242928,,,,0.00536747176513197,0.014132568879612117,,,0.05620190203909185,-0.25101480859268516
Z6,Z4_MATCHED_Z6,2026,LOCAL3,static,goal6_workbook_endpoint,raw,LD,T3,,current,natural_target,375,0.17326469532162236,0.13494267297719187,-0.05201643346056173,-0.006061079162557565,,,,1.826410104069733,1.3426946159722652,,,0.06476155391227038,0.5302622107131041,375,0.117703608693318,0.12787995507134792,-0.05764462540350923,-0.004409706829982706,,,,1.8312891508766616,1.3378505908324312,,,0.04197108173943754,0.6242052164295717,0.05556108662830436,0.0070627179058439515,0.0056281919429475025,-0.001651372332574859,,,,-0.004879046806928633,0.004844025139834063,,,0.022790472172832844,-0.09394300571646763
Z6,Z4_MATCHED_Z6,3026,LOCAL0,static,goal6_workbook_endpoint,raw,LD,T3,,current,natural_target,375,0.1741213056454776,0.15934467825564516,-0.037986777457128085,-0.0038704083891927706,,,,1.8141907560689847,1.3274127370819653,,,0.05331066651084101,0.690129365719988,375,0.10078899999889956,0.10830929179978539,-0.05701825854454623,-0.020242460425921725,,,,1.8307468001256832,1.3375792921866778,,,0.041573741988256786,0.5311976657153087,0.07333230564657803,0.05103538645585977,0.019031481087418145,0.016372052036728955,,,,-0.016556044056698527,-0.010166555104712538,,,0.011736924522584222,0.15893170000467927
Z6,Z4_MATCHED_Z6,3026,LOCAL3,static,goal6_workbook_endpoint,raw,LD,T3,,current,natural_target,375,0.22457990376771414,0.22544390661184877,-0.009269006130057322,0.0376327651281108,,,,1.7889183027106246,1.306680219618927,,,0.05402023866487388,0.969974355097377,375,0.1450964944356025,0.18293191906402054,-0.029357747479948237,-0.0009240352024866117,,,,1.8066341194992417,1.3321829250597683,,,0.06696297115239645,0.7069230342458884,0.07948340933211165,0.04251198754782823,0.020088741349890915,0.03855680033059741,,,,-0.01771581678861711,-0.02550270544084121,,,-0.01294273248752257,0.2630513208514885
Z6,Z4_MATCHED_Z6,2026,LOCAL0,static,goal6_workbook_endpoint,raw,SPH,T0,,current,natural_target,375,0.4271755603595403,0.3987590739097624,0.1384648208385565,0.12693294141413608,,,,0.0875125884156008,0.0684140171863378,,,0.29101784579363155,0.7391809535517918,375,0.44805506883604507,0.41777618250917314,0.15797618186647788,0.14948334001170804,,,,0.08651595574197744,0.06786808155830254,,,0.28891035465693865,0.7772524925539966,-0.02087950847650477,-0.019017108599410748,-0.019511361027921392,-0.022550398597571963,,,,0.0009966326736233627,0.0005459356280352601,,,0.002107491136692896,-0.038071539002204835
Z6,Z4_MATCHED_Z6,2026,LOCAL3,static,goal6_workbook_endpoint,raw,SPH,T0,,current,natural_target,375,0.4902910456252134,0.4489186282455546,0.20033574078229044,0.19003375359971986,,,,0.0843117035456453,0.06627204333118637,,,0.22916650398764926,0.9377607630831503,375,0.48488451473432703,0.45843921948378247,0.2096039209053311,0.20347189522899622,,,,0.08382168949715431,0.0659242295961327,,,0.20005666215795756,1.0249560780417564,0.005406530890886385,-0.009520591238227849,-0.009268180123040648,-0.013438141629276368,,,,0.000490014048490986,0.0003478137350536731,,,0.0291098418296917,-0.08719531495860611
Z6,Z4_MATCHED_Z6,3026,LOCAL0,static,goal6_workbook_endpoint,raw,SPH,T0,,current,natural_target,375,0.4751498463989078,0.45396637551726116,0.19907930094301418,0.20506687855036299,,,,0.08437791321059311,0.06631413020967007,,,0.281481509844457,0.8556551146736177,375,0.46851496188417335,0.4454798805786456,0.1876914005319711,0.19247677764361046,,,,0.08497566011961603,0.06690210591749042,,,0.29767569125632537,0.8165004137797398,0.006634884514734429,0.00848649493861553,0.011387900411043095,0.012590100906752527,,,,-0.0005977469090229226,-0.0005879757078203485,,,-0.016194181411868347,0.03915470089387785
Z6,Z4_MATCHED_Z6,3026,LOCAL3,static,goal6_workbook_endpoint,raw,SPH,T0,,current,natural_target,375,0.48561997951985436,0.44848603908188944,0.19000041676865032,0.19444021499580008,,,,0.08485480099587611,0.06578143948054857,,,0.2931547038860148,0.8283244768221462,375,0.4759133007168051,0.45217560347219055,0.19300893134186914,0.19502948118012395,,,,0.0846970698070519,0.06604491128653732,,,0.2960041327018139,0.8311094866824958,0.009706678803049262,-0.0036895643903011033,-0.0030085145732188234,-0.0005892661843238667,,,,0.00015773118882421444,-0.0002634718059887492,,,-0.0028494288157991376,-0.0027850098603496853
Z6,Z4_MATCHED_Z6,2026,LOCAL0,static,goal6_workbook_endpoint,raw,SPH,T1,,current,natural_target,375,0.16850540448287635,0.12266331259466037,0.003912609806887346,-0.004907166906085699,,,,0.09118238977034816,0.07316173471752459,,,0.05206581909433505,0.5375740998232285,375,0.19897166913186942,0.16661196525958727,0.02185116006112897,0.015526137888478161,,,,0.0903576071209885,0.07225651300823009,,,0.059174654357958045,0.6849175936238029,-0.030466264648993074,-0.043948652664926896,-0.017938550254241625,-0.02043330479456386,,,,0.0008247826493596594,0.0009052217092944959,,,-0.007108835263622992,-0.14734349380057443
Z6,Z4_MATCHED_Z6,2026,LOCAL3,static,goal6_workbook_endpoint,raw,SPH,T1,,current,natural_target,375,0.17188622141313006,0.12653700896250197,-0.007923462248842883,-0.024798073646895773,,,,0.09172253023155771,0.07352793026679963,,,0.07907787463237365,0.44997674558641193,375,0.22720286722038913,0.17946472452263212,0.024605757390870342,0.017094745852465634,,,,0.0902302878964716,0.07204070329845319,,,0.07100881871300853,0.6734772853927522,-0.05531664580725906,-0.05292771556013015,-0.032529219639713225,-0.04189281949936141,,,,0.0014922423350861164,0.001487226968346439,,,0.008069055919365117,-0.22350053980634027
Z6,Z4_MATCHED_Z6,3026,LOCAL0,static,goal6_workbook_endpoint,raw,SPH,T1,,current,natural_target,375,0.1840154738878143,0.13425899385635498,-0.0032130773620544506,-0.015224345947264075,,,,0.09150795323323686,0.07295519521046048,,,0.07830358537819568,0.4797915159944115,375,0.1887698259187621,0.16259178639895389,0.016065426009814865,0.00597568153835014,,,,0.09062444498587154,0.07264404199590653,,,0.0698836063700097,0.6150507441335614,-0.004754352030947789,-0.028332792542598906,-0.019278503371869316,-0.021200027485614215,,,,0.0008835082473653277,0.0003111532145539525,,,0.008419979008185974,-0.13525922813914992
Z6,Z4_MATCHED_Z6,3026,LOCAL3,static,goal6_workbook_endpoint,raw,SPH,T1,,current,natural_target,375,0.17606712936625327,0.12035452115703023,-0.016114833366988268,-0.027606355619260975,,,,0.09209448949613484,0.07333208751811651,,,0.08701437564158813,0.40800633392981583,375,0.17919513027648198,0.14835338798135708,0.00563572830595227,-0.004390042392774461,,,,0.09110348802332074,0.072860379292822,,,0.07620499800577064,0.5374099967858408,-0.0031280009102287176,-0.027998866824326854,-0.021750561672940538,-0.023216313226486512,,,,0.0009910014728140987,0.0004717082252945065,,,0.010809377635817491,-0.12940366285602495
Z6,Z4_MATCHED_Z6,2026,LOCAL0,static,goal6_workbook_endpoint,raw,SPH,T2,,current,natural_target,374,0.14788111998394288,0.10537109242953009,0.005182912437539766,-0.03395561891926648,,,,0.12127608327366987,0.09293576895642587,,,0.03311826633202769,0.5790121611446383,374,0.13826175968803314,0.07287695662387135,-0.007598822594287125,-0.0406767968970802,,,,0.12205269407245421,0.09309109707258559,,,0.03474432077230178,0.3909743938716665,0.009619360295909735,0.03249413580565874,0.01278173503182689,0.006721177977813721,,,,-0.0007766107987843412,-0.00015532811615971698,,,-0.0016260544402740898,0.18803776727297178
Z6,Z4_MATCHED_Z6,2026,LOCAL3,static,goal6_workbook_endpoint,raw,SPH,T2,,current,natural_target,374,0.16128170205445086,0.11298391713399715,0.0062197945231177165,-0.03177226535009033,,,,0.12121286472658103,0.09279405825737351,,,0.037477512048880175,0.5836214581860363,374,0.15299393557081617,0.09964139888807036,-0.0060556569942427085,-0.0392993168785092,,,,0.1219591947129864,0.09300244045190649,,,0.05108437821100852,0.44085498935643536,0.00828776648363469,0.01334251824592679,0.012275451517360425,0.007527051528418864,,,,-0.0007463299864053641,-0.00020838219453298001,,,-0.013606866162128348,0.14276646882960092
Z6,Z4_MATCHED_Z6,3026,LOCAL0,static,goal6_workbook_endpoint,raw,SPH,T2,,current,natural_target,374,0.14474516494387177,0.1111648186123604,0.003984309324532309,-0.04364237039006721,,,,0.1213491208875101,0.09356782703128623,,,0.041075264726763434,0.5485006898581187,374,0.17438476867715155,0.12055478337278866,0.005667223724239889,-0.03354935521417311,,,,0.12124655898874694,0.09307263746339221,,,0.04608251899664513,0.5615860892756775,-0.029639603733279785,-0.009389964760428263,-0.0016829143997075802,-0.010093015175894095,,,,0.00010256189876316213,0.0004951895678940166,,,-0.005007254269881696,-0.013085399417558818
Z6,Z4_MATCHED_Z6,3026,LOCAL3,static,goal6_workbook_endpoint,raw,SPH,T2,,current,natural_target,374,0.1503357944688965,0.11469610563246335,0.0008375459962391973,-0.049049055294304755,,,,0.12154066196338907,0.09375855470106595,,,0.0509314486397918,0.5082245707473052,374,0.1734263881521412,0.12651379989947314,0.00456809028833749,-0.036572727463869026,,,,0.12131355333030944,0.09307750696172237,,,0.05449803157642515,0.541935364287698,-0.023090593683244703,-0.011817694267009793,-0.0037305442920982923,-0.01247632783043573,,,,0.00022710863307963403,0.0006810477393435765,,,-0.003566582936633353,-0.03371079354039275
Z6,Z4_MATCHED_Z6,2026,LOCAL0,static,goal6_workbook_endpoint,raw,SPH,T3,,current,natural_target,375,0.10724815109796336,0.10340691899907592,-0.004278661140986628,-0.011599601752293789,,,,0.14165028648922143,0.11221797189183053,,,0.05056682886776279,0.45985058041746263,375,0.09356058709750825,0.12331250995807001,0.006003728758369853,-0.006055747022258406,,,,0.14092327173092417,0.11185258231447405,,,0.04762842526168038,0.5650332776150876,0.013687564000455107,-0.019905590958994093,-0.010282389899356481,-0.005543854730035383,,,,0.0007270147582972564,0.0003653895773564758,,,0.0029384036060824126,-0.10518269719762496
Z6,Z4_MATCHED_Z6,2026,LOCAL3,static,goal6_workbook_endpoint,raw,SPH,T3,,current,natural_target,375,0.09363681875071113,0.0769030667296337,-0.007662073898552224,-0.01329811151369978,,,,0.14188869562098125,0.11327674809241275,,,0.03728707783177529,0.39825797781061556,375,0.07543383775173512,0.08336892379840863,-0.0044179758020979065,-0.013531344388813463,,,,0.14166011109173976,0.11273531092240804,,,0.03592552436703683,0.43984801600967927,0.018202980998976007,-0.006465857068774922,-0.0032440980964543176,0.0002332328751136828,,,,0.00022858452924148787,0.0005414371700047105,,,0.0013615534647384575,-0.041590038199063706
Z6,Z4_MATCHED_Z6,3026,LOCAL0,static,goal6_workbook_endpoint,raw,SPH,T3,,current,natural_target,375,0.13776379565365798,0.13494498065178037,0.010702500188284447,0.001701406145824245,,,,0.14058979430379975,0.11228786029498208,,,0.04879261386700969,0.6109134591091967,375,0.08922061667994083,0.09375858585661008,0.004496247292715472,-0.005452774430585517,,,,0.1410300924211804,0.11163753125503502,,,0.025286877423296442,0.5896081074198658,0.048543178973717155,0.04118639479517029,0.0062062528955689755,0.007154180576409762,,,,-0.0004402981173806386,0.0006503290399470646,,,0.02350573644371325,0.021305351689330898
Z6,Z4_MATCHED_Z6,3026,LOCAL3,static,goal6_workbook_endpoint,raw,SPH,T3,,current,natural_target,375,0.11676322676072365,0.12502350736542658,0.010189263147522443,0.001466916166577403,,,,0.14062625782160046,0.11179809807192623,,,0.03910754988954832,0.6322100192965775,375,0.09808738195471613,0.12057733272110358,-7.975963284612142e-05,-0.011739809959885638,,,,0.14135385551906415,0.1120044035089782,,,0.05828629317145034,0.4994390024015747,0.01867584480600752,0.004446174644323009,0.010269022780368564,0.013206726126463042,,,,-0.0007275976974636944,-0.0002063054370519679,,,-0.01917874328190202,0.1327710168950028
Z6,Z4_MATCHED_Z6,2026,LOCAL0,static,goal6_workbook_endpoint,residual_ftv,BPE,T0,,current,goal6_transformed_standardized_residual,375,0.2420150893522633,0.22563651595865303,,-0.039799356571266147,0.2420150893522633,-0.039799356571266147,-0.01881512065803892,,,17.40821450643486,12.201486155643227,0.22028588172432903,0.598943784406456,375,0.1995276201573901,0.1899440635041822,,-0.03283459832183919,0.1995276201573901,-0.03283459832183919,-0.027846211486874717,,,17.485200162591802,12.222492840455901,0.14872139513077454,0.550468425182604,0.0424874691948732,0.035692452454470835,,-0.00696475824942696,0.0424874691948732,-0.00696475824942696,0.009031090828835797,,,-0.07698565615694264,-0.02100668481267398,0.0715644865935545,0.048475359223852044
Z6,Z4_MATCHED_Z6,2026,LOCAL3,static,goal6_workbook_endpoint,residual_ftv,BPE,T0,,current,goal6_transformed_standardized_residual,375,0.22208255169037136,0.20692231268668146,,-0.04902342709627258,0.22208255169037136,-0.04902342709627258,-0.02601880176710525,,,17.469649762556756,12.129308445096456,0.19382311752937043,0.5787764450841141,375,0.2051283333118937,0.19759155029994932,,-0.043948481244285374,0.2051283333118937,-0.043948481244285374,-0.03472969602209952,,,17.543651643141313,12.222143167927833,0.18420208828824797,0.5466498228449191,0.01695421837847766,0.009330762386732139,,-0.005074945851987207,0.01695421837847766,-0.005074945851987207,0.008710894254994273,,,-0.07400188058455726,-0.09283472283137684,0.009621029241122458,0.032126622239194935
Z6,Z4_MATCHED_Z6,3026,LOCAL0,static,goal6_workbook_endpoint,residual_ftv,BPE,T0,,current,goal6_transformed_standardized_residual,375,0.24288197226380218,0.22374147312117543,,-0.12533710468289283,0.24288197226380218,-0.12533710468289283,-0.08481092225797604,,,17.963194119655952,12.585768122652857,0.30591840848032237,0.5474897194674069,375,0.2381169249432404,0.22476874133337654,,-0.13219500931910202,0.2381169249432404,-0.13219500931910202,-0.10578934385883798,,,18.136051433795906,12.839824314777236,0.3154887321002066,0.5933639154154238,0.004765047320561766,-0.0010272682122011156,,0.0068579046362091944,0.004765047320561766,0.0068579046362091944,0.02097842160086194,,,-0.17285731413995364,-0.2540561921243789,-0.009570323619884247,-0.045874195948016894
Z6,Z4_MATCHED_Z6,3026,LOCAL3,static,goal6_workbook_endpoint,residual_ftv,BPE,T0,,current,goal6_transformed_standardized_residual,375,0.27731713703900596,0.2505799341270817,,0.0004246843381667335,0.27731713703900596,0.0004246843381667335,-0.0006292122476578843,,,17.252146098607405,12.08800852756705,0.1879162575468578,0.6119073009150853,375,0.30088800979266944,0.2762792406109047,,0.03229925525393773,0.30088800979266944,0.03229925525393773,0.018273671367618483,,,17.0884140246752,11.935386532491021,0.1263233213963702,0.8697943142601106,-0.023570872753663485,-0.025699306483823015,,-0.031874570915771,-0.023570872753663485,-0.031874570915771,-0.018902883615276367,,,0.16373207393220568,0.15262199507602858,0.06159293615048761,-0.2578870133450253
Z6,Z4_MATCHED_Z6,2026,LOCAL0,static,goal6_workbook_endpoint,residual_ftv,BPE,T1,,current,goal6_transformed_standardized_residual,375,0.2843176685002737,0.2757810217623798,,0.056653063770229134,0.2843176685002737,0.056653063770229134,0.0723140590796959,,,12.173013083457384,8.861692785631814,0.1603600118782694,0.759510056085043,375,0.27410457386133036,0.26613310736507423,,0.04844648099547328,0.27410457386133036,0.04844648099547328,0.057040618648175,,,12.272812355132647,8.891206144519296,0.11800957310214462,0.8166394786826839,0.01021309463894332,0.009647914397305557,,0.008206582774755854,0.01021309463894332,0.008206582774755854,0.015273440431520902,,,-0.0997992716752627,-0.029513358887482966,0.04235043877612478,-0.05712942259764098
Z6,Z4_MATCHED_Z6,2026,LOCAL3,static,goal6_workbook_endpoint,residual_ftv,BPE,T1,,current,goal6_transformed_standardized_residual,375,0.3231128331873462,0.3133304716805497,,0.07336309258766466,0.3231128331873462,0.07336309258766466,0.08989842739263532,,,12.057090861453151,8.684937068280636,0.2069063213680875,0.780788081901173,375,0.29564051808967207,0.28323585429554277,,0.05768862288926587,0.29564051808967207,0.05768862288926587,0.06923538133803409,,,12.193195421602537,8.820407079331405,0.1263801043617236,0.8435882278220675,0.027472315097674116,0.03009461738500696,,0.015674469698398787,0.027472315097674116,0.015674469698398787,0.02066304605460123,,,-0.136104560149386,-0.13547001105076895,0.08052621700636392,-0.06280014592089456
Z6,Z4_MATCHED_Z6,3026,LOCAL0,static,goal6_workbook_endpoint,residual_ftv,BPE,T1,,current,goal6_transformed_standardized_residual,375,0.35970924421363293,0.327944871416248,,0.10296719416519451,0.35970924421363293,0.10296719416519451,0.09609734720227325,,,12.015958834799628,8.64591929876235,0.08161457572542594,1.1410644959848106,375,0.3182251309117145,0.2798532463681986,,0.06781024507987289,0.3182251309117145,0.06781024507987289,0.06357547122691987,,,12.230212188063776,8.812911070528138,0.08994017203733662,0.9749464690904169,0.041484113301918424,0.048091625048049425,,0.03515694908532162,0.041484113301918424,0.03515694908532162,0.03252187597535339,,,-0.21425335326414796,-0.1669917717657885,-0.008325596311910682,0.1661180268943937
Z6,Z4_MATCHED_Z6,3026,LOCAL3,static,goal6_workbook_endpoint,residual_ftv,BPE,T1,,current,goal6_transformed_standardized_residual,375,0.3639341948421455,0.32836338931726605,,0.10086460319569314,0.3639341948421455,0.10086460319569314,0.0936130082833232,,,12.03246018628886,8.678276611663044,0.08178026083259009,1.1583705569157912,375,0.3127903965801396,0.26713401955199373,,0.057247014985433824,0.3127903965801396,0.057247014985433824,0.055921952741254555,,,12.28009003198556,8.893212742742914,0.09196401635203384,0.9414015752810869,0.051143798262005935,0.06122936976527232,,0.043617588210259316,0.051143798262005935,0.043617588210259316,0.03769105554206864,,,-0.2476298456967001,-0.2149361310798703,-0.010183755519443755,0.21696898163470424
Z6,Z4_MATCHED_Z6,2026,LOCAL0,static,goal6_workbook_endpoint,residual_ftv,BPE,T2,,current,goal6_transformed_standardized_residual,374,0.3800057659162443,0.37615380646462093,,0.1375808254378039,0.3800057659162443,0.1375808254378039,0.10521262203817361,,,10.471242759401486,7.195069746619261,0.1340371449904311,1.0475404581464545,374,0.389200790624564,0.3714208425680645,,0.13402579876102774,0.389200790624564,0.13402579876102774,0.10186069765609396,,,10.490837361239432,7.188732225398597,0.13148856285004584,1.044404235503496,-0.009195024708319677,0.004732963896556419,,0.003555026676776152,-0.009195024708319677,0.003555026676776152,0.003351924382079652,,,-0.019594601837946257,0.006337521220664222,0.0025485821403852527,0.0031362226429585416
Z6,Z4_MATCHED_Z6,2026,LOCAL3,static,goal6_workbook_endpoint,residual_ftv,BPE,T2,,current,goal6_transformed_standardized_residual,374,0.3926928209078731,0.39032070705096134,,0.14800927361145538,0.3926928209078731,0.14800927361145538,0.11484883251107803,,,10.414706291831337,7.095638149915533,0.14269458586539113,1.060123374755794,374,0.39530150748559706,0.3766925085051055,,0.1378921101171344,0.39530150748559706,0.1378921101171344,0.10953277986137921,,,10.445933866028883,7.121072233578629,0.14043999153887043,1.029488259589624,-0.002608686577723951,0.01362819854585584,,0.010117163494320985,-0.002608686577723951,0.010117163494320985,0.00531605264969881,,,-0.03122757419754585,-0.02543408366309574,0.002254594326520698,0.030635115166170124
Z6,Z4_MATCHED_Z6,3026,LOCAL0,static,goal6_workbook_endpoint,residual_ftv,BPE,T2,,current,goal6_transformed_standardized_residual,374,0.34123498144488307,0.33878070649641984,,0.12179400362979882,0.34123498144488307,0.12179400362979882,0.1096499874236373,,,10.445246371471326,7.203535113898895,0.1050884731514642,1.0295020054376918,374,0.35137956446883994,0.32661164966402817,,0.10599625862045306,0.35137956446883994,0.10599625862045306,0.1012674929708891,,,10.494301293069086,7.200052931883782,0.1422367912110802,0.9037657866035032,-0.010144583023956877,0.012169056832391667,,0.015797745009345762,-0.010144583023956877,0.015797745009345762,0.00838249445274819,,,-0.049054921597759815,0.003482182015113189,-0.037148318059616006,0.12573621883418862
Z6,Z4_MATCHED_Z6,3026,LOCAL3,static,goal6_workbook_endpoint,residual_ftv,BPE,T2,,current,goal6_transformed_standardized_residual,374,0.35084281073454165,0.3424180992749824,,0.11788905984302712,0.35084281073454165,0.11788905984302712,0.11428434296702594,,,10.418026660156418,7.152145347290301,0.12216758847659766,1.0104940125784443,374,0.3512597933243859,0.3250619017733072,,0.10477000274557977,0.3512597933243859,0.10477000274557977,0.09860850310797387,,,10.509814046665623,7.212080610460412,0.13587471413353935,0.9177315896569145,-0.0004169825898442392,0.01735619750167522,,0.01311905709744736,-0.0004169825898442392,0.01311905709744736,0.015675839859052076,,,-0.09178738650920515,-0.059935263170110886,-0.013707125656941696,0.09276242292152981
Z6,Z4_MATCHED_Z6,2026,LOCAL0,static,goal6_workbook_endpoint,residual_ftv,BPE,T3,,current,goal6_transformed_standardized_residual,375,0.30672515339607415,0.2869590659134672,,0.07056590634889585,0.30672515339607415,0.07056590634889585,0.10045180739635229,,,9.828996719749016,6.658164607096024,0.07969919566213737,1.0032229184777777,375,0.29168580014333517,0.2714896927069474,,0.0452089454543104,0.29168580014333517,0.0452089454543104,0.08375459313920397,,,9.919799123353279,6.706316559879492,0.10771762511356578,0.9017107492649528,0.015039353252738974,0.01546937320651981,,0.025356960894585452,0.015039353252738974,0.025356960894585452,0.01669721425714832,,,-0.09080240360426295,-0.048151952783467955,-0.028018429451428406,0.10151216921282491
Z6,Z4_MATCHED_Z6,2026,LOCAL3,static,goal6_workbook_endpoint,residual_ftv,BPE,T3,,current,goal6_transformed_standardized_residual,375,0.3063431229858287,0.2893521186692343,,0.04367483686250593,0.3063431229858287,0.04367483686250593,0.09280856715611352,,,9.870665680766733,6.745440563926243,0.15806185810212642,0.7902492722209057,375,0.3274179933446792,0.2949344112021324,,0.039517148048959824,0.3274179933446792,0.039517148048959824,0.09328403814071629,,,9.868078668772812,6.655321774460208,0.20399585118113575,0.7210299445762174,-0.021074870358850473,-0.005582292532898048,,0.004157688813546105,-0.021074870358850473,0.004157688813546105,-0.00047547098460276604,,,0.0025870119939206404,0.09011878946603513,-0.04593399307900933,0.0692193276446883
Z6,Z4_MATCHED_Z6,3026,LOCAL0,static,goal6_workbook_endpoint,residual_ftv,BPE,T3,,current,goal6_transformed_standardized_residual,375,0.30396732429490875,0.2836854828674452,,0.06301925557992483,0.30396732429490875,0.06301925557992483,0.08840409849885777,,,9.894598003801281,6.783971945505518,0.10727151894602246,0.9450846850333002,375,0.3262556365522278,0.3052489935813201,,0.058493754478188116,0.3262556365522278,0.058493754478188116,0.08852571767037798,,,9.893937945463492,6.789229963039424,0.08421968619385865,1.3469511757179535,-0.022288312257319032,-0.02156351071387491,,0.0045255011017367106,-0.022288312257319032,0.0045255011017367106,-0.00012161917152020418,,,0.000660058337789593,-0.005258017533906312,0.02305183275216381,-0.4018664906846533
Z6,Z4_MATCHED_Z6,3026,LOCAL3,static,goal6_workbook_endpoint,residual_ftv,BPE,T3,,current,goal6_transformed_standardized_residual,375,0.3018558821625572,0.27206390993454027,,0.05725231177345169,0.3018558821625572,0.05725231177345169,0.08476951026297086,,,9.914303563178583,6.773840180915348,0.098879110779523,0.9262808894667092,375,0.33390247100335624,0.30628620480724483,,0.061832906663421186,0.33390247100335624,0.061832906663421186,0.091152509947249,,,9.879670910136047,6.76233887346233,0.07757639222224387,1.3462184011022282,-0.03204658884079903,-0.03422229487270456,,-0.004580594889969494,-0.03204658884079903,-0.004580594889969494,-0.0063829996842781345,,,0.03463265304253582,0.011501307453018583,0.021302718557279124,-0.41993751163551907
Z6,Z4_MATCHED_Z6,2026,LOCAL0,static,goal6_workbook_endpoint,residual_ftv,LD,T0,,current,goal6_transformed_standardized_residual,375,0.07596371051684007,0.12136198015091429,,-0.05032467667076966,0.07596371051684007,-0.05032467667076966,0.32785321695876857,,,1.7639165134262345,1.2186210231291985,0.05953898288388556,0.9301771664876219,375,0.07733596331411327,0.11308324303368594,,-0.04573659650841113,0.07733596331411327,-0.04573659650841113,0.3308782082774623,,,1.7599427912498786,1.2139400861630931,0.05426189058161452,0.8787633714341017,-0.0013722527972731963,0.008278737117228346,,-0.004588080162358531,-0.0013722527972731963,-0.004588080162358531,-0.003024991318693715,,,0.003973722176355832,0.004680936966105387,0.005277092302271039,0.051413795053520284
Z6,Z4_MATCHED_Z6,2026,LOCAL3,static,goal6_workbook_endpoint,residual_ftv,LD,T0,,current,goal6_transformed_standardized_residual,375,0.07492864782125241,0.1022199922834782,,-0.053656074414793135,0.07492864782125241,-0.053656074414793135,0.32829579329117553,,,1.7633356907017608,1.2203213820584664,0.054411375204314195,0.8679601112811527,375,0.07525660614984352,0.09436533851340044,,-0.04767451227716734,0.07525660614984352,-0.04767451227716734,0.3315420421240999,,,1.759069557467608,1.212804093974003,0.047839785785027684,0.8346156903100876,-0.00032795832859110197,0.007854653770077755,,-0.0059815621376257955,-0.00032795832859110197,-0.0059815621376257955,-0.0032462488329243477,,,0.0042661332341527025,0.007517288084463392,0.006571589419286511,0.03334442097106505
Z6,Z4_MATCHED_Z6,3026,LOCAL0,static,goal6_workbook_endpoint,residual_ftv,LD,T0,,current,goal6_transformed_standardized_residual,375,0.07782387130695921,0.12071341555543326,,-0.03174409606546405,0.07782387130695921,-0.03174409606546405,0.3341386134615699,,,1.7556497509221958,1.212525598504601,0.04846341323834031,0.8227232494037616,375,0.08783413866024521,0.1268912561599762,,-0.026127326321421247,0.08783413866024521,-0.026127326321421247,0.336583566128435,,,1.7524235328009354,1.2098350546171457,0.045398776567700576,0.8810092436807802,-0.010010267353286001,-0.006177840604542947,,-0.005616769744042804,-0.010010267353286001,-0.005616769744042804,-0.0024449526668650634,,,0.003226218121260338,0.0026905438874553766,0.0030646366706397338,-0.05828599427701853
Z6,Z4_MATCHED_Z6,3026,LOCAL3,static,goal6_workbook_endpoint,residual_ftv,LD,T0,,current,goal6_transformed_standardized_residual,375,0.09305890279491134,0.12549040857496124,,-0.03162468037533648,0.09305890279491134,-0.03162468037533648,0.3337583849620528,,,1.7561509459255786,1.2082613979027288,0.04951357452065186,0.8660599640336204,375,0.08872119257932115,0.1327205107928351,,-0.025449265922686634,0.08872119257932115,-0.025449265922686634,0.33614592680295463,,,1.753001452621978,1.2058259784473924,0.046732901197398764,0.9297458924549448,0.004337710215590193,-0.007230102217873846,,-0.006175414452649845,0.004337710215590193,-0.006175414452649845,-0.002387541840901841,,,0.0031494933036007033,0.0024354194553364295,0.0027806733232530953,-0.06368592842132437
Z6,Z4_MATCHED_Z6,2026,LOCAL0,static,goal6_workbook_endpoint,residual_ftv,LD,T1,,current,goal6_transformed_standardized_residual,375,-0.05000076533532253,-0.05999025966977708,,-0.098606756384745,-0.05000076533532253,-0.098606756384745,0.2598270660779394,,,1.768007089530233,1.1754526352793084,0.03931189556310265,-0.3371008334900609,375,-0.07844711514208491,-0.07772102341695626,,-0.11628454383446107,-0.07844711514208491,-0.11628454383446107,0.2409950040621116,,,1.7903573329009939,1.1871155025057918,0.055246008487272166,-0.5605723884006762,0.028446349806762382,0.017730763747179183,,0.01767778744971607,0.028446349806762382,0.01767778744971607,0.018832062015827766,,,-0.02235024337076097,-0.011662867226483353,-0.01593411292416952,0.22347155491061532
Z6,Z4_MATCHED_Z6,2026,LOCAL3,static,goal6_workbook_endpoint,residual_ftv,LD,T1,,current,goal6_transformed_standardized_residual,375,-0.04026050727944571,-0.045329913173785534,,-0.08812553336275523,-0.04026050727944571,-0.08812553336275523,0.26510332012465754,,,1.7616942821405006,1.1730061817324673,0.03515308752208621,-0.22324038314512737,375,-0.0713935325041207,-0.06339005248778151,,-0.10652509011046224,-0.0713935325041207,-0.10652509011046224,0.24675412465890068,,,1.7835520302741572,1.184065034440249,0.0498285864209995,-0.3973073911025158,0.03113302522467499,0.018060139313995978,,0.018399556747707005,0.03113302522467499,0.018399556747707005,0.018349195465756862,,,-0.021857748133656596,-0.01105885270778173,-0.014675498898913293,0.17406700795738841
Z6,Z4_MATCHED_Z6,3026,LOCAL0,static,goal6_workbook_endpoint,residual_ftv,LD,T1,,current,goal6_transformed_standardized_residual,375,-0.041977839781773656,-0.08428257899280134,,-0.07400173210967863,-0.041977839781773656,-0.07400173210967863,0.2719622436467477,,,1.7534539042809174,1.1629495976891226,0.021272257342419568,-0.5724483698035349,375,-0.048216421174871925,-0.07207257032383374,,-0.07990414543190363,-0.048216421174871925,-0.07990414543190363,0.26542076205096077,,,1.761313755159002,1.166141000621312,0.03259672661954416,-0.46596490960043063,0.006238581393098269,-0.012210008668967598,,0.005902413322225006,0.006238581393098269,0.005902413322225006,0.0065414815957869354,,,-0.007859850878084496,-0.0031914029321893356,-0.01132446927712459,-0.10648346020310423
Z6,Z4_MATCHED_Z6,3026,LOCAL3,static,goal6_workbook_endpoint,residual_ftv,LD,T1,,current,goal6_transformed_standardized_residual,375,-0.03429137564529741,-0.08147910018859394,,-0.06931709287034234,-0.03429137564529741,-0.06931709287034234,0.2744964991019505,,,1.7503994102717308,1.1599594565827323,0.018835433722798393,-0.5917418427547947,375,-0.043757553545951705,-0.07333333351971832,,-0.07480566223114979,-0.043757553545951705,-0.07480566223114979,0.26602392301511424,,,1.7605905017564094,1.1616914596996148,0.029551638396348442,-0.4975834174618936,0.009466177900654293,-0.00814576666887562,,0.005488569360807452,0.009466177900654293,0.005488569360807452,0.00847257608683627,,,-0.01019109148467856,-0.0017320031168825967,-0.010716204673550049,-0.09415842529290108
Z6,Z4_MATCHED_Z6,2026,LOCAL0,static,goal6_workbook_endpoint,residual_ftv,LD,T2,,current,goal6_transformed_standardized_residual,374,0.07776288311601219,0.030003821905182377,,-0.041410748851265666,0.07776288311601219,-0.041410748851265666,0.3037153156682315,,,1.7838388912277365,1.2753012833563437,0.05083795839813745,0.13229178978650913,374,0.07915595418295801,0.04581470518000765,,-0.033833881014877325,0.07915595418295801,-0.033833881014877325,0.29598553562623,,,1.7937131746079205,1.284614555435843,0.051947714266098,0.1582727722662451,-0.0013930710669458196,-0.015810883274825275,,-0.0075768678363883415,-0.0013930710669458196,-0.0075768678363883415,0.007729780042001533,,,-0.009874283380183924,-0.00931327207949928,-0.0011097558679605476,-0.02598098247973596
Z6,Z4_MATCHED_Z6,2026,LOCAL3,static,goal6_workbook_endpoint,residual_ftv,LD,T2,,current,goal6_transformed_standardized_residual,374,0.061675102504006235,0.030657215128465514,,-0.04559426397702271,0.061675102504006235,-0.04559426397702271,0.2885014307252517,,,1.8032221047442716,1.2945928379300566,0.06917232763680778,0.05334876619074409,374,0.05192367379908462,0.02031138241184244,,-0.026093469563379785,0.05192367379908462,-0.026093469563379785,0.3182235992792979,,,1.765156389601051,1.2708167073883307,0.03545128616726627,-0.015399692350703138,0.009751428704921614,0.010345832716623073,,-0.019500794413642924,0.009751428704921614,-0.019500794413642924,-0.02972216855404619,,,0.03806571514322066,0.023776130541725893,0.03372104146954151,0.06874845854144723
Z6,Z4_MATCHED_Z6,3026,LOCAL0,static,goal6_workbook_endpoint,residual_ftv,LD,T2,,current,goal6_transformed_standardized_residual,374,0.0839123889778562,0.06778269197256258,,-0.034291790227368044,0.0839123889778562,-0.034291790227368044,0.33940771511984824,,,1.737516572391936,1.2596074218170668,0.031229310173105946,0.650398291922949,374,0.10385621504090116,0.08958102811040847,,-0.046250378739015593,0.10385621504090116,-0.046250378739015593,0.3082330938180642,,,1.778042337297847,1.2728547268844308,0.06499447757945281,0.6706298265584414,-0.019943826063044956,-0.02179833613784589,,0.01195858851164755,-0.019943826063044956,0.01195858851164755,0.031174621301784056,,,-0.0405257649059112,-0.013247305067364046,-0.03376516740634687,-0.020231534635492432
Z6,Z4_MATCHED_Z6,3026,LOCAL3,static,goal6_workbook_endpoint,residual_ftv,LD,T2,,current,goal6_transformed_standardized_residual,374,0.08934480369995092,0.07592833314093735,,-0.03200073972571879,0.08934480369995092,-0.03200073972571879,0.33803587807715396,,,1.7393197673788119,1.260655324860795,0.03247830774926611,0.6983771143349385,374,0.08086073726693165,0.07879649752471024,,-0.017842872076560896,0.08086073726693165,-0.017842872076560896,0.33581611845661874,,,1.7422335510839424,1.2597513660815984,0.024275580818029933,0.7003485904619972,0.008484066433019272,-0.002868164383772895,,-0.014157867649157895,0.008484066433019272,-0.014157867649157895,0.002219759620535222,,,-0.0029137837051305127,0.0009039587791965786,0.008202726931236179,-0.0019714761270586134
Z6,Z4_MATCHED_Z6,2026,LOCAL0,static,goal6_workbook_endpoint,residual_ftv,LD,T3,,current,goal6_transformed_standardized_residual,375,0.10188682114091326,0.08899240294659197,,-0.015000177510874119,0.10188682114091326,-0.015000177510874119,0.19293386918769784,,,1.599711254433857,1.2134540277531958,0.049034664859535906,0.5377785003321164,375,0.09353211488273801,0.08370239765038193,,-0.025456485507185714,0.09353211488273801,-0.025456485507185714,0.17694062822119294,,,1.6154838521525159,1.2172896579553598,0.04152721603613208,0.7622944638754021,0.008354706258175248,0.005290005296210043,,0.010456307996311595,0.008354706258175248,0.010456307996311595,0.015993240966504896,,,-0.01577259771865891,-0.003835630202164042,0.007507448823403824,-0.22451596354328573
Z6,Z4_MATCHED_Z6,2026,LOCAL3,static,goal6_workbook_endpoint,residual_ftv,LD,T3,,current,goal6_transformed_standardized_residual,375,0.09943732914671254,0.0962310717176661,,-0.010295015883498003,0.09943732914671254,-0.010295015883498003,0.18881648138049267,,,1.6037866653654094,1.2117616867838028,0.045140124927255595,0.6098826123058199,375,0.10389085252027601,0.09637949066846051,,-0.02500959121231343,0.10389085252027601,-0.02500959121231343,0.1702928340023928,,,1.6219948077154773,1.2189171156752912,0.041492621729707156,0.9368512052190157,-0.004453523373563473,-0.0001484189507944128,,0.014714575328815425,-0.004453523373563473,0.014714575328815425,0.01852364737809986,,,-0.018208142350067957,-0.007155428891488347,0.0036475031975484393,-0.3269685929131958
Z6,Z4_MATCHED_Z6,3026,LOCAL0,static,goal6_workbook_endpoint,residual_ftv,LD,T3,,current,goal6_transformed_standardized_residual,375,0.11631449354357914,0.11711575306888562,,-0.005183872960647248,0.11631449354357914,-0.005183872960647248,0.21429605304898214,,,1.578397943950588,1.1962173309519555,0.03881564961923732,0.7398533269039405,375,0.0701009627841429,0.0767468686539564,,-0.0458602775707948,0.0701009627841429,-0.0458602775707948,0.18429603270937667,,,1.6082491346864478,1.2041092552707278,0.06598430219616218,0.5088951920655557,0.04621353075943624,0.040368884414929224,,0.04067640461014755,0.04621353075943624,0.04067640461014755,0.03000002033960547,,,-0.029851190735859845,-0.007891924318772281,-0.027168652576924857,0.2309581348383848
Z6,Z4_MATCHED_Z6,3026,LOCAL3,static,goal6_workbook_endpoint,residual_ftv,LD,T3,,current,goal6_transformed_standardized_residual,375,0.13539680472090582,0.13346010338299155,,-0.0021408317190976653,0.13539680472090582,-0.0021408317190976653,0.2139640009959406,,,1.5787314378302,1.1947728825582369,0.04036465846389176,0.8617977480105745,375,0.09092563995656286,0.09086367898421961,,-0.05020725030875059,0.09092563995656286,-0.05020725030875059,0.17126306390757406,,,1.6210461789331643,1.2108603745800766,0.07232786756819085,0.649363661951368,0.04447116476434296,0.04259642439877194,,0.04806641858965292,0.04447116476434296,0.04806641858965292,0.04270093708836653,,,-0.04231474110296429,-0.016087492021839678,-0.03196320910429908,0.21243408605920655
Z6,Z4_MATCHED_Z6,2026,LOCAL0,static,goal6_workbook_endpoint,residual_ftv,SPH,T0,,current,goal6_transformed_standardized_residual,375,0.37075409248239516,0.3478831135171635,,0.10431232410507045,0.37075409248239516,0.10431232410507045,0.38874828322366217,,,0.07371299675376461,0.05716137601642842,0.19061215286467087,0.8047902600952909,375,0.3070317300270843,0.3100046490970282,,0.06001855176991157,0.3070317300270843,0.06001855176991157,0.3621314271144558,,,0.07530080591133276,0.0589032787389865,0.21989508429385252,0.6883515621195572,0.06372236245531088,0.037878464420135316,,0.04429377233515888,0.06372236245531088,0.04429377233515888,0.026616856109206388,,,-0.0015878091575681486,-0.0017419027225580794,-0.029282931429181647,0.1164386979757337
Z6,Z4_MATCHED_Z6,2026,LOCAL3,static,goal6_workbook_endpoint,residual_ftv,SPH,T0,,current,goal6_transformed_standardized_residual,375,0.35787214359744335,0.34502267579213686,,0.10280408837600942,0.35787214359744335,0.10280408837600942,0.38870462289535723,,,0.07371562928311606,0.057241753030858024,0.18260133030697875,0.8257898569208474,375,0.3149695360126619,0.3060966702872761,,0.07276725237059188,0.3149695360126619,0.07276725237059188,0.36993554042512145,,,0.0748387479169843,0.058380269786310585,0.1693565702866573,0.7580200484446241,0.04290260758478143,0.03892600550486075,,0.03003683600541754,0.04290260758478143,0.03003683600541754,0.018769082470235787,,,-0.001123118633868242,-0.0011385167554525608,0.013244760020321461,0.06776980847622327
Z6,Z4_MATCHED_Z6,3026,LOCAL0,static,goal6_workbook_endpoint,residual_ftv,SPH,T0,,current,goal6_transformed_standardized_residual,375,0.34045804321930373,0.35359264046446603,,0.10004956289186855,0.34045804321930373,0.10004956289186855,0.37843631458898797,,,0.07433217455787099,0.05735809653310533,0.17721865317956925,0.9518588590740347,375,0.29120177641461975,0.31261906013495333,,0.06353444472721625,0.29120177641461975,0.06353444472721625,0.3558057234861771,,,0.07567326152808569,0.05866832837371536,0.1614404265444266,0.8938254009744918,0.04925626680468398,0.040973580329512704,,0.03651511816465229,0.04925626680468398,0.03651511816465229,0.02263059110281085,,,-0.0013410869702147055,-0.001310231840610035,0.01577822663514264,0.058033458099542856
Z6,Z4_MATCHED_Z6,3026,LOCAL3,static,goal6_workbook_endpoint,residual_ftv,SPH,T0,,current,goal6_transformed_standardized_residual,375,0.33635828633185233,0.33989607917918624,,0.10116682117748828,0.33635828633185233,0.10116682117748828,0.38000311103631357,,,0.0742384296402581,0.05716772516310484,0.1503791290325292,0.9492087222537519,375,0.3118793646551625,0.3187189449286305,,0.08371689197797902,0.3118793646551625,0.08371689197797902,0.3709127260953031,,,0.07478069057988722,0.057855615581325445,0.15688192765845121,0.8633499412536948,0.024478921676689802,0.02117713425055573,,0.01744992919950926,0.024478921676689802,0.01744992919950926,0.009090384941010443,,,-0.0005422609396291134,-0.0006878904182206075,-0.006502798625922013,0.08585878100005706
Z6,Z4_MATCHED_Z6,2026,LOCAL0,static,goal6_workbook_endpoint,residual_ftv,SPH,T1,,current,goal6_transformed_standardized_residual,375,0.08077918845787639,0.07866825736596796,,-0.06811999962801503,0.08077918845787639,-0.06811999962801503,0.23009561472348328,,,0.08016423377137621,0.06328324978205967,0.09046681202074268,0.43391192265720013,375,0.03414974217343781,0.006041557101438973,,-0.08958304004805112,0.03414974217343781,-0.08958304004805112,0.21292511610312237,,,0.08105322063978551,0.06325821310381144,0.0770393310337872,0.08484166252462687,0.04662944628443858,0.07262670026452898,,0.021463040420036092,0.04662944628443858,0.021463040420036092,0.017170498620360908,,,-0.0008889868684092972,2.503667824822753e-05,0.013427480986955481,0.34907026013257325
Z6,Z4_MATCHED_Z6,2026,LOCAL3,static,goal6_workbook_endpoint,residual_ftv,SPH,T1,,current,goal6_transformed_standardized_residual,375,0.07746148500805278,0.07405276938597619,,-0.07081304858873544,0.07746148500805278,-0.07081304858873544,0.22667222995312686,,,0.08034226147948112,0.06330898722112611,0.09564098123921823,0.3812991873876938,375,0.02699252297769881,0.0046044496116223665,,-0.08933139273975868,0.02699252297769881,-0.08933139273975868,0.21051691103398107,,,0.08117712479518734,0.0635524336555539,0.07808990735470225,0.0526320121241809,0.05046896203035397,0.06944831977435383,,0.01851834415102324,0.05046896203035397,0.01851834415102324,0.01615531891914579,,,-0.0008348633157062163,-0.0002434464344277798,0.017551073884515975,0.3286671752635129
Z6,Z4_MATCHED_Z6,3026,LOCAL0,static,goal6_workbook_endpoint,residual_ftv,SPH,T1,,current,goal6_transformed_standardized_residual,375,0.08446221052896127,0.1245942752937141,,-0.015293364770472046,0.08446221052896127,-0.015293364770472046,0.2590121502452911,,,0.07864439803044877,0.06171257952311976,0.05195788925787565,0.8617469577436487,375,0.0073835029394995096,0.03773706647192379,,-0.05233644503956939,0.0073835029394995096,-0.05233644503956939,0.2373193264024518,,,0.07978727264423917,0.06245162102181187,0.06320979807492622,0.2311423268132274,0.07707870758946177,0.08685720882179031,,0.03704308026909735,0.07707870758946177,0.03704308026909735,0.021692823842839326,,,-0.0011428746137903956,-0.0007390414986921112,-0.011251908817050564,0.6306046309304213
Z6,Z4_MATCHED_Z6,3026,LOCAL3,static,goal6_workbook_endpoint,residual_ftv,SPH,T1,,current,goal6_transformed_standardized_residual,375,0.06870735151589558,0.08329479756175688,,-0.02901190268748623,0.06870735151589558,-0.02901190268748623,0.2502914753819574,,,0.07910582673376666,0.06184207961274171,0.05784029555694036,0.39035633372131207,375,-0.008817452238717107,0.012349161802512894,,-0.0724042612453895,-0.008817452238717107,-0.0724042612453895,0.22213683964988473,,,0.08057751154562749,0.06290436359581725,0.07465949906268766,0.0162307096668538,0.07752480375461268,0.07094563575924398,,0.04339235855790327,0.07752480375461268,0.04339235855790327,0.028154635732072664,,,-0.0014716848118608294,-0.0010622839830755348,-0.016819203505747303,0.37412562405445826
Z6,Z4_MATCHED_Z6,2026,LOCAL0,static,goal6_workbook_endpoint,residual_ftv,SPH,T2,,current,goal6_transformed_standardized_residual,374,0.12707852686631219,0.10593437707211444,,-0.09124214273548227,0.12707852686631219,-0.09124214273548227,0.30874219404025427,,,0.10109357820632564,0.07337599536628775,0.07744503991857872,0.475310225275141,374,0.1100898574747337,0.09284608672843692,,-0.11392902864891642,0.1100898574747337,-0.11392902864891642,0.29869903606627113,,,0.10182531500811613,0.07432896177764398,0.06443945971206036,0.5106735796354185,0.01698866939157849,0.01308829034367752,,0.02268688591343415,0.01698866939157849,0.02268688591343415,0.010043157973983141,,,-0.0007317368017904918,-0.0009529664113562264,0.01300558020651836,-0.03536335436027749
Z6,Z4_MATCHED_Z6,2026,LOCAL3,static,goal6_workbook_endpoint,residual_ftv,SPH,T2,,current,goal6_transformed_standardized_residual,374,0.14393303142066632,0.13006223908805717,,-0.08426140207030189,0.14393303142066632,-0.08426140207030189,0.3174142424432802,,,0.1004574513062011,0.07344505573266016,0.05977944474385818,0.6346799897156106,374,0.12612492093509353,0.09755861978302578,,-0.11216064002773167,0.12612492093509353,-0.11216064002773167,0.30096878089801826,,,0.1016604037936452,0.07434838627218492,0.06310120097851647,0.5030367715975238,0.017808110485572792,0.032503619305031387,,0.02789923795742978,0.017808110485572792,0.02789923795742978,0.01644546154526194,,,-0.001202952487444106,-0.0009033305395247521,-0.003321756234658295,0.13164321811808677
Z6,Z4_MATCHED_Z6,3026,LOCAL0,static,goal6_workbook_endpoint,residual_ftv,SPH,T2,,current,goal6_transformed_standardized_residual,374,0.13552763748976407,0.12484077933461292,,-0.058102842807572795,0.13552763748976407,-0.058102842807572795,0.3296461874922214,,,0.09955328294519808,0.07217924491455562,0.047988764176912224,0.5114767133199803,374,0.155143362517111,0.1277860023898775,,-0.059103234718185085,0.155143362517111,-0.059103234718185085,0.32773172205996426,,,0.09969533885037918,0.07225257613259549,0.03514348616708858,0.7077137430836584,-0.01961572502734693,-0.0029452230552645814,,0.0010003919106122902,-0.01961572502734693,0.0010003919106122902,0.0019144654322571508,,,-0.00014205590518109878,-7.333121803987375e-05,0.012845278009823644,-0.19623702976367807
Z6,Z4_MATCHED_Z6,3026,LOCAL3,static,goal6_workbook_endpoint,residual_ftv,SPH,T2,,current,goal6_transformed_standardized_residual,374,0.12980611314999438,0.13693716808498935,,-0.05492808017003213,0.12980611314999438,-0.05492808017003213,0.33217146206791426,,,0.09936559356619641,0.07204644225079965,0.048899629137234044,0.5723424355541793,374,0.12735293143754947,0.12158734232871421,,-0.058485890358131655,0.12735293143754947,-0.058485890358131655,0.3283428743490455,,,0.09965001253472587,0.07224906363519494,0.04113289154750077,0.4942651853229077,0.0024531817124449073,0.015349825756275137,,0.0035578101880995236,0.0024531817124449073,0.0035578101880995236,0.0038285877188687367,,,-0.0002844189685294596,-0.00020262138439529342,0.007766737589733272,0.0780772502312716
Z6,Z4_MATCHED_Z6,2026,LOCAL0,static,goal6_workbook_endpoint,residual_ftv,SPH,T3,,current,goal6_transformed_standardized_residual,375,0.04791478661385278,0.034926418387461404,,-0.05394150277322388,0.04791478661385278,-0.05394150277322388,0.3631833547707538,,,0.11279699842209161,0.08815971189691747,0.0659513056333006,0.11414622598259956,375,0.09373671925655042,0.07192235617325007,,-0.02804156919733911,0.09373671925655042,-0.02804156919733911,0.38186295662184133,,,0.11113036097404608,0.08727159471361073,0.04650320905513803,0.3887117034740874,-0.045821932642697634,-0.03699593778578867,,-0.025899933575884774,-0.045821932642697634,-0.025899933575884774,-0.018679601851087524,,,0.0016666374480455298,0.0008881171833067386,0.019448096578162564,-0.27456547749148785
Z6,Z4_MATCHED_Z6,2026,LOCAL3,static,goal6_workbook_endpoint,residual_ftv,SPH,T3,,current,goal6_transformed_standardized_residual,375,0.03552013713183618,0.03114655346746833,,-0.046663124930255054,0.03552013713183618,-0.046663124930255054,0.36829772409095507,,,0.11234314058844343,0.08804160006216495,0.04964902963881237,0.15423245650838616,375,0.099813680019576,0.08253876277353998,,-0.024966824217218162,0.099813680019576,-0.024966824217218162,0.38363361179479094,,,0.11097108022278483,0.08732309898112262,0.04576346084552108,0.45755087206451905,-0.06429354288773981,-0.051392209306071655,,-0.02169630071303689,-0.06429354288773981,-0.02169630071303689,-0.015335887703835871,,,0.001372060365658595,0.0007185010810423359,0.003885568793291286,-0.3033184155561329
Z6,Z4_MATCHED_Z6,3026,LOCAL0,static,goal6_workbook_endpoint,residual_ftv,SPH,T3,,current,goal6_transformed_standardized_residual,375,0.03405557411963153,0.04842914981112505,,-0.026221872920791218,0.03405557411963153,-0.026221872920791218,0.38020964414816694,,,0.11127888023977978,0.08785493788402424,0.04132345759756919,0.1906194785163788,375,0.05346995780001112,0.06627085542744368,,-0.018300346558892205,0.05346995780001112,-0.018300346558892205,0.38694809737132685,,,0.1106723067501501,0.08776602814467016,0.030227877199048122,0.41066413654018585,-0.019414383680379586,-0.017841705616318634,,-0.007921526361899012,-0.019414383680379586,-0.007921526361899012,-0.006738453223159913,,,0.0006065734896296693,8.890973935407609e-05,0.011095580398521068,-0.22004465802380704
Z6,Z4_MATCHED_Z6,3026,LOCAL3,static,goal6_workbook_endpoint,residual_ftv,SPH,T3,,current,goal6_transformed_standardized_residual,375,0.041525014704080244,0.051858177430186864,,-0.025582468400006123,0.041525014704080244,-0.025582468400006123,0.3802380989848263,,,0.11127632578029621,0.08794349195269036,0.033627143209538884,0.3237377458090892,375,0.05142868788066617,0.06449155212838126,,-0.02726989842782298,0.05142868788066617,-0.02726989842782298,0.38020031816007127,,,0.11127971744352032,0.08776734665629944,0.048341952734139444,0.30523917963218433,-0.009903673176585928,-0.012633374698194394,,0.0016874300278168566,-0.009903673176585928,0.0016874300278168566,3.778082475502931e-05,,,-3.3916632241060007e-06,0.00017614529639091436,-0.01471480952460056,0.018498566176904874
Z6,Z4_MATCHED_Z6,2026,LOCAL0,static,goal6_workbook_endpoint,residual_ftv_ld,BPE,T0,,current,goal6_transformed_standardized_residual,375,0.2511835569541061,0.24163240030295396,,-0.013896687029251368,0.2511835569541061,-0.013896687029251368,0.05306044719576719,,,16.78292551256721,11.811313445311146,0.2325254407913089,0.5328424572425942,375,0.19845321856720385,0.18562176448836612,,-0.024578590018214996,0.19845321856720385,-0.024578590018214996,0.02773151781400962,,,17.00590083642618,11.903550968707343,0.1349599840575856,0.5427073571559073,0.05273033838690225,0.056010635814587845,,0.010681902988963628,0.05273033838690225,0.010681902988963628,0.02532892938175757,,,-0.222975323858968,-0.09223752339619651,0.0975654567337233,-0.009864899913313185
Z6,Z4_MATCHED_Z6,2026,LOCAL3,static,goal6_workbook_endpoint,residual_ftv_ld,BPE,T0,,current,goal6_transformed_standardized_residual,375,0.222038357592785,0.2049024063531909,,-0.037699452265408565,0.222038357592785,-0.037699452265408565,0.016201933580684558,,,17.106435368358575,11.872952899116495,0.1783564917888764,0.5722377461577748,375,0.20270739282461156,0.193232698925263,,-0.03511248185080415,0.20270739282461156,-0.03511248185080415,0.007981652250403926,,,17.177754470477264,11.91505490593899,0.16893369285628254,0.5350329884366274,0.019330964768173448,0.011669707427927889,,-0.0025869704146044142,0.019330964768173448,-0.0025869704146044142,0.008220281330280632,,,-0.07131910211868941,-0.04210200682249443,0.009422798932593845,0.0372047577211474
Z6,Z4_MATCHED_Z6,3026,LOCAL0,static,goal6_workbook_endpoint,residual_ftv_ld,BPE,T0,,current,goal6_transformed_standardized_residual,375,0.23248590796265176,0.20745825623715636,,-0.1510922739971755,0.23248590796265176,-0.1510922739971755,-0.05614454037278471,,,17.72426430867602,12.404682563152246,0.32932087108421904,0.48108901780101165,375,0.23977661686069526,0.21485128548026447,,-0.13869704489036433,0.23977661686069526,-0.13869704489036433,-0.05567410202110534,,,17.72031641040446,12.472272522513896,0.3147176021978248,0.5754837918545828,-0.0072907088980435075,-0.007393029243108112,,-0.012395229106811179,-0.0072907088980435075,-0.012395229106811179,-0.00047043835167936976,,,0.003947898271558614,-0.06758995936164958,0.014603268886394238,-0.0943947740535711
Z6,Z4_MATCHED_Z6,3026,LOCAL3,static,goal6_workbook_endpoint,residual_ftv_ld,BPE,T0,,current,goal6_transformed_standardized_residual,375,0.26309594130999,0.23458120901577836,,-0.006985501728431961,0.26309594130999,-0.006985501728431961,0.03872451537992527,,,16.90948854577695,11.93919921077657,0.18304018671888078,0.5817524018556028,375,0.28327259688894096,0.25864525501393626,,0.02272266894424492,0.28327259688894096,0.02272266894424492,0.0546204525905174,,,16.76909556634541,11.794130419594103,0.12057892963302297,0.8452833514357941,-0.020176655578950986,-0.024064045998157896,,-0.029708170672676882,-0.020176655578950986,-0.029708170672676882,-0.015895937210592126,,,0.14039297943153883,0.1450687911824673,0.06246125708585781,-0.2635309495801913
Z6,Z4_MATCHED_Z6,2026,LOCAL0,static,goal6_workbook_endpoint,residual_ftv_ld,BPE,T1,,current,goal6_transformed_standardized_residual,375,0.308592751464642,0.3035944609043124,,0.06752580609218521,0.308592751464642,0.06752580609218521,0.10909836499313208,,,11.92923184845827,8.735574622013674,0.18492664914022133,0.7809918787234548,375,0.2913350274707867,0.2839691373519203,,0.05357789776433458,0.2913350274707867,0.05357789776433458,0.08701481429016278,,,12.07617691162736,8.822403839968002,0.15795339323220473,0.7954597184198589,0.01725772399385528,0.019625323552392104,,0.01394790832785063,0.01725772399385528,0.01394790832785063,0.0220835507029693,,,-0.14694506316909006,-0.08682921795432819,0.026973255908016608,-0.014467839696404083
Z6,Z4_MATCHED_Z6,2026,LOCAL3,static,goal6_workbook_endpoint,residual_ftv_ld,BPE,T1,,current,goal6_transformed_standardized_residual,375,0.33741000954342104,0.3268738132023639,,0.0814218855427468,0.33741000954342104,0.0814218855427468,0.12492971054381197,,,11.822765368045644,8.587299436900569,0.21063231714197211,0.8170007174897437,375,0.3081368988178436,0.2967833425760076,,0.06767319397315341,0.3081368988178436,0.06767319397315341,0.10685894688516173,,,11.944215416822729,8.732312443099081,0.12573135500639246,0.8785722066552644,0.029273110725577423,0.030090470626356336,,0.013748691569593394,0.029273110725577423,0.013748691569593394,0.018070763658650235,,,-0.12145004877708487,-0.14501300619851243,0.08490096213557966,-0.06157148916552069
Z6,Z4_MATCHED_Z6,3026,LOCAL0,static,goal6_workbook_endpoint,residual_ftv_ld,BPE,T1,,current,goal6_transformed_standardized_residual,375,0.35886336026488924,0.3250221464653784,,0.0966099765215975,0.35886336026488924,0.0966099765215975,0.11762070482566567,,,11.872037392475493,8.636099709398993,0.09981904671300858,1.0664904866998128,375,0.3250064304113299,0.2868421103492004,,0.07088172618557599,0.3250064304113299,0.07088172618557599,0.09545269816487034,,,12.02024286675259,8.751466273735092,0.08989696318547008,1.0009928110715152,0.033856929853559314,0.03818003611617804,,0.02572825033602151,0.033856929853559314,0.02572825033602151,0.022168006660795325,,,-0.14820547427709663,-0.11536656433609949,0.009922083527538497,0.06549767562829767
Z6,Z4_MATCHED_Z6,3026,LOCAL3,static,goal6_workbook_endpoint,residual_ftv_ld,BPE,T1,,current,goal6_transformed_standardized_residual,375,0.3569586230483032,0.3247652645342147,,0.09440931482499187,0.3569586230483032,0.09440931482499187,0.11483253643970015,,,11.89077940748884,8.652326117469805,0.09963265307554194,1.075718766969124,375,0.31715296200851123,0.2730645214030708,,0.06025963023540542,0.31715296200851123,0.06025963023540542,0.08757957323477894,,,12.072441262863238,8.833234529244551,0.09234916240133269,0.955443810344776,0.039805661039791995,0.05170074313114392,,0.034149684589586456,0.039805661039791995,0.034149684589586456,0.02725296320492121,,,-0.18166185537439894,-0.18090841177474637,0.0072834906742092476,0.12027495662434795
Z6,Z4_MATCHED_Z6,2026,LOCAL0,static,goal6_workbook_endpoint,residual_ftv_ld,BPE,T2,,current,goal6_transformed_standardized_residual,374,0.3893684403487247,0.38502376208029315,,0.1447475774170002,0.3893684403487247,0.1447475774170002,0.12470184020065389,,,10.35657873578893,7.078216847801078,0.1363175997718341,1.059084315908625,374,0.40319450223996867,0.3820790066463764,,0.14198936713881782,0.40319450223996867,0.14198936713881782,0.12120820090897544,,,10.377226624611088,7.062703941505978,0.13385867528769715,1.0626432521265754,-0.013826061891243968,0.002944755433916757,,0.002758210278182377,-0.013826061891243968,0.002758210278182377,0.003493639291678452,,,-0.020647888822159288,0.015512906295099604,0.002458924484136954,-0.003558936217950448
Z6,Z4_MATCHED_Z6,2026,LOCAL3,static,goal6_workbook_endpoint,residual_ftv_ld,BPE,T2,,current,goal6_transformed_standardized_residual,374,0.4007731378168451,0.39890728169481904,,0.15533397378952263,0.4007731378168451,0.15533397378952263,0.13389820454271784,,,10.302029116478927,6.9794101446926815,0.14528846608805418,1.0684574025848432,374,0.4069916899399624,0.38691103368610213,,0.14570815777691024,0.4069916899399624,0.14570815777691024,0.12851740450807825,,,10.333981092806681,7.001513874851517,0.14297785989325856,1.0455124248701302,-0.0062185521231172824,0.011996248008716903,,0.009625816012612393,-0.0062185521231172824,0.009625816012612393,0.005380800034639588,,,-0.03195197632775404,-0.022103730158835155,0.002310606194795617,0.022944977714713044
Z6,Z4_MATCHED_Z6,3026,LOCAL0,static,goal6_workbook_endpoint,residual_ftv_ld,BPE,T2,,current,goal6_transformed_standardized_residual,374,0.34997951189991455,0.34656615447517153,,0.12717072873177765,0.34997951189991455,0.12717072873177765,0.12711814593757753,,,10.342273921663718,7.133632746371285,0.10685558325166515,1.0431792792539962,374,0.36962943564367645,0.344637265176339,,0.12362318978158836,0.36962943564367645,0.12362318978158836,0.11987029315177922,,,10.385122972602703,7.159184739090027,0.11856642471291857,1.0126300724034447,-0.0196499237437619,0.0019288892988325035,,0.0035475389501892912,-0.0196499237437619,0.0035475389501892912,0.007247852785798314,,,-0.042849050938984945,-0.025551992718741978,-0.011710841461253424,0.030549206850551514
Z6,Z4_MATCHED_Z6,3026,LOCAL3,static,goal6_workbook_endpoint,residual_ftv_ld,BPE,T2,,current,goal6_transformed_standardized_residual,374,0.3632382451102647,0.352297191639455,,0.12563891430835414,0.3632382451102647,0.12563891430835414,0.13209704858310634,,,10.312735666310157,7.059170267374726,0.12472872709094843,1.0257040625392404,374,0.3657898430461165,0.3369492284570081,,0.11371268731013426,0.3657898430461165,0.11371268731013426,0.11598437597019495,,,10.408023734417611,7.11498065060624,0.13818134914939778,0.9421639475334573,-0.0025515979358518015,0.015347963182446911,,0.01192622699821988,-0.0025515979358518015,0.01192622699821988,0.016112672612911383,,,-0.09528806810745394,-0.055810383231514216,-0.013452622058449354,0.08354011500578307
Z6,Z4_MATCHED_Z6,2026,LOCAL0,static,goal6_workbook_endpoint,residual_ftv_ld,BPE,T3,,current,goal6_transformed_standardized_residual,375,0.2986497960379345,0.27969248560628324,,0.06520871586388517,0.2986497960379345,0.06520871586388517,0.13060594046738472,,,9.662851530636072,6.573845579752909,0.07448023329963788,1.01505050588266,375,0.2855008107069478,0.2639656724182958,,0.034986039403844205,0.2855008107069478,0.034986039403844205,0.10923388720170635,,,9.780899937835203,6.629786018633502,0.10321719979549827,0.9469585223236642,0.013148985330986684,0.01572681318798741,,0.030222676460040968,0.013148985330986684,0.030222676460040968,0.02137205326567837,,,-0.11804840719913123,-0.05594043888059286,-0.028736966495860397,0.06809198355899582
Z6,Z4_MATCHED_Z6,2026,LOCAL3,static,goal6_workbook_endpoint,residual_ftv_ld,BPE,T3,,current,goal6_transformed_standardized_residual,375,0.3136738127809095,0.2843106547498803,,0.062402329496900326,0.3136738127809095,0.062402329496900326,0.14035995296908832,,,9.608493310245331,6.583259532238837,0.11800284585144541,0.8365373805273035,375,0.3184989497893844,0.29204579013937865,,0.04527104744845016,0.3184989497893844,0.04527104744845016,0.11927965888441328,,,9.725590644973439,6.643012442055478,0.12988089543744483,0.9613834889789877,-0.004825137008474922,-0.007735135389498327,,0.017131282048450165,-0.004825137008474922,0.017131282048450165,0.021080294084675044,,,-0.11709733472810768,-0.059752909816641164,-0.011878049585999417,-0.1248461084516842
Z6,Z4_MATCHED_Z6,3026,LOCAL0,static,goal6_workbook_endpoint,residual_ftv_ld,BPE,T3,,current,goal6_transformed_standardized_residual,375,0.29558515571030836,0.28228401953843574,,0.06034566256592802,0.29558515571030836,0.06034566256592802,0.12268426871571514,,,9.706774283991754,6.686374279881172,0.08598777876030053,1.0890121232551992,375,0.31153229655614956,0.2947439588846095,,0.0534316192233027,0.31153229655614956,0.0534316192233027,0.11912174802801367,,,9.726462492393127,6.676462073044694,0.061558581240630836,1.4275232645227185,-0.0159471408458412,-0.012459939346173787,,0.006914043342625319,-0.0159471408458412,0.006914043342625319,0.003562520687701465,,,-0.019688208401372975,0.009912206836478532,0.024429197519669696,-0.33851114126751924
Z6,Z4_MATCHED_Z6,3026,LOCAL3,static,goal6_workbook_endpoint,residual_ftv_ld,BPE,T3,,current,goal6_transformed_standardized_residual,375,0.30645762688709355,0.27840055297846167,,0.05862749845490195,0.30645762688709355,0.05862749845490195,0.1215399630700924,,,9.713102619745198,6.671192798677446,0.08225164737327337,1.094321730903855,375,0.32882525972600607,0.29987133253018083,,0.05682526456467303,0.32882525972600607,0.05682526456467303,0.12075636066547357,,,9.717433786600331,6.653292496889798,0.05727791932748263,1.460983974010167,-0.02236763283891252,-0.021470779551719166,,0.0018022338902289187,-0.02236763283891252,0.0018022338902289187,0.0007836024046188328,,,-0.004331166855132906,0.017900301787648232,0.02497372804579074,-0.366662243106312
Z6,Z4_MATCHED_Z6,2026,LOCAL0,static,goal6_workbook_endpoint,residual_ftv_ld,SPH,T0,,current,goal6_transformed_standardized_residual,375,0.36601885462717865,0.35306107932024156,,0.09821557991674913,0.36601885462717865,0.09821557991674913,0.382325516372917,,,0.07409925677683486,0.057489815463160766,0.21363818088090067,0.7837510574010479,375,0.32519044981334294,0.32172975974744666,,0.07956627158602504,0.32519044981334294,0.07956627158602504,0.3721008343764417,,,0.07471004096498823,0.05846450297666718,0.17421729604396072,0.794047829465016,0.040828404813835706,0.03133131957279489,,0.01864930833072409,0.040828404813835706,0.01864930833072409,0.010224681996475304,,,-0.000610784188153371,-0.0009746875135064129,0.03942088483693995,-0.010296772063968063
Z6,Z4_MATCHED_Z6,2026,LOCAL3,static,goal6_workbook_endpoint,residual_ftv_ld,SPH,T0,,current,goal6_transformed_standardized_residual,375,0.35877240304536584,0.34958154610944103,,0.10436346833576227,0.35877240304536584,0.10436346833576227,0.38688972178957093,,,0.0738249769308037,0.05763823193894978,0.1768921932897482,0.855444932874639,375,0.3095118904268408,0.3088306477769157,,0.0725080147377776,0.3095118904268408,0.0725080147377776,0.36717588180149585,,,0.07500246429480663,0.05891089979678355,0.16438970963485816,0.7808640578635377,0.04926051261852504,0.04075089833252532,,0.03185545359798467,0.04926051261852504,0.03185545359798467,0.019713839988075077,,,-0.0011774873640029299,-0.0012726678578337744,0.01250248365489004,0.07458087501110122
Z6,Z4_MATCHED_Z6,3026,LOCAL0,static,goal6_workbook_endpoint,residual_ftv_ld,SPH,T0,,current,goal6_transformed_standardized_residual,375,0.34458617631720667,0.3617260279658193,,0.10556118475189938,0.34458617631720667,0.10556118475189938,0.3799333018046115,,,0.07424260900143985,0.05781454631155848,0.1713689221955498,0.9847509505947541,375,0.287231220415381,0.3168241445864487,,0.06022571823658088,0.287231220415381,0.06022571823658088,0.3506061726753943,,,0.07597804240961235,0.059341109732512554,0.18375357652924876,0.8282563944421963,0.057354955901825655,0.04490188337937062,,0.0453354665153185,0.057354955901825655,0.0453354665153185,0.0293271291292172,,,-0.0017354334081725042,-0.0015265634209540718,-0.012384654333698952,0.1564945561525578
Z6,Z4_MATCHED_Z6,3026,LOCAL3,static,goal6_workbook_endpoint,residual_ftv_ld,SPH,T0,,current,goal6_transformed_standardized_residual,375,0.3465408670231121,0.3479450131877319,,0.09118752344418679,0.3465408670231121,0.09118752344418679,0.3700970268796574,,,0.07482915666139298,0.05778752116737898,0.18366577468338138,0.9321105959936103,375,0.3073578853889701,0.3195191229361699,,0.08271325460734495,0.3073578853889701,0.08271325460734495,0.3679211172543174,,,0.07495828854411192,0.05823431404251164,0.15161643447803255,0.8770101409950248,0.03918298163414202,0.028425890251562003,,0.008474268836841839,0.03918298163414202,0.008474268836841839,0.002175909625339978,,,-0.00012913188271894416,-0.0004467928751326622,0.03204934020534883,0.05510045499858551
Z6,Z4_MATCHED_Z6,2026,LOCAL0,static,goal6_workbook_endpoint,residual_ftv_ld,SPH,T1,,current,goal6_transformed_standardized_residual,375,0.08853016640861655,0.09464311047354101,,-0.05929746443100157,0.08853016640861655,-0.05929746443100157,0.23108764889357747,,,0.08011257067224214,0.06324362840282263,0.09111172426389819,0.5009259817246099,375,0.04480285127543808,0.019088642329549634,,-0.1120674285138011,0.04480285127543808,-0.1120674285138011,0.18406551903356294,,,0.08252582839253521,0.06385299292350695,0.10753443443781127,0.13366521941400758,0.04372731513317847,0.07555446814399139,,0.05276996408279953,0.04372731513317847,0.05276996408279953,0.04702212986001453,,,-0.0024132577202930633,-0.0006093645206843162,-0.016422710173913085,0.36726076231060234
Z6,Z4_MATCHED_Z6,2026,LOCAL3,static,goal6_workbook_endpoint,residual_ftv_ld,SPH,T1,,current,goal6_transformed_standardized_residual,375,0.09209883656008856,0.09137398802863515,,-0.06070297982657042,0.09209883656008856,-0.06070297982657042,0.22898508557138963,,,0.0802220283758282,0.06322319571493674,0.09536015970826706,0.4628066447080866,375,0.037900762893474875,0.02054054912421928,,-0.11090459221609486,0.037900762893474875,-0.11090459221609486,0.18209175182573134,,,0.08262558418775151,0.06366868651287812,0.10891060369517165,0.12092235191344412,0.05419807366661369,0.07083343890441587,,0.05020161238952444,0.05419807366661369,0.05020161238952444,0.046893333745658294,,,-0.002403555811923308,-0.0004454907979413725,-0.013550443986904595,0.34188429279464244
Z6,Z4_MATCHED_Z6,3026,LOCAL0,static,goal6_workbook_endpoint,residual_ftv_ld,SPH,T1,,current,goal6_transformed_standardized_residual,375,0.10573504487967236,0.14634138268362715,,-0.026241679241081728,0.10573504487967236,-0.026241679241081728,0.2557785714350479,,,0.07881580841611933,0.06169141224074344,0.09749573205434854,0.6844139502784977,375,0.04090776145353962,0.07592769779973536,,-0.045985454749572566,0.04090776145353962,-0.045985454749572566,0.237189236954375,,,0.079794076959633,0.062316423840923806,0.07431152116338846,0.36997672787385627,0.06482728342613274,0.07041368488389178,,0.019743775508490838,0.06482728342613274,0.019743775508490838,0.018589334480672903,,,-0.000978268543513669,-0.0006250116001803654,0.02318421089096008,0.31443722240464145
Z6,Z4_MATCHED_Z6,3026,LOCAL3,static,goal6_workbook_endpoint,residual_ftv_ld,SPH,T1,,current,goal6_transformed_standardized_residual,375,0.07682432566038189,0.09021298034910007,,-0.036615882459708454,0.07682432566038189,-0.036615882459708454,0.2385981126662623,,,0.07972035494428566,0.06231909123830533,0.08067907010427453,0.32077426967063066,375,0.007572221248876162,0.013541112635753466,,-0.09803534238535047,0.007572221248876162,-0.09803534238535047,0.18901134694231048,,,0.08227533098440762,0.06384257284221262,0.09598887581867982,0.05818392233298572,0.06925210441150573,0.0766718677133466,,0.06141945992564202,0.06925210441150573,0.06141945992564202,0.04958676572395182,,,-0.0025549760401219618,-0.0015234816039072924,-0.015309805714405295,0.26259034733764497
Z6,Z4_MATCHED_Z6,2026,LOCAL0,static,goal6_workbook_endpoint,residual_ftv_ld,SPH,T2,,current,goal6_transformed_standardized_residual,374,0.12151464240339847,0.0972398571551171,,-0.0903551026861047,0.12151464240339847,-0.0903551026861047,0.30174272980504124,,,0.10160411035036937,0.07348412688522273,0.07627228522975277,0.4380572203435427,374,0.10199884506564345,0.0810819183169619,,-0.1144561334619878,0.10199884506564345,-0.1144561334619878,0.2906963155023077,,,0.10240464403774686,0.07444372612435478,0.06313693617043377,0.45642387876207086,0.01951579733775502,0.016157938838155195,,0.024101030775883103,0.01951579733775502,0.024101030775883103,0.011046414302733565,,,-0.0008005336873774943,-0.0009595992391320529,0.013135349059318999,-0.018366658418528137
Z6,Z4_MATCHED_Z6,2026,LOCAL3,static,goal6_workbook_endpoint,residual_ftv_ld,SPH,T2,,current,goal6_transformed_standardized_residual,374,0.1355472433555864,0.12130521990328018,,-0.08283848663401458,0.1355472433555864,-0.08283848663401458,0.3105441553518702,,,0.1009617275511735,0.07353935051807181,0.0572967709409331,0.6015408864234769,374,0.1160799109645131,0.08750535987770676,,-0.11168033683646618,0.1160799109645131,-0.11168033683646618,0.2934120836582066,,,0.10220841357176645,0.07447230922907136,0.0617817398040996,0.4573506998350848,0.019467332391073303,0.03379986002557342,,0.0288418502024516,0.019467332391073303,0.0288418502024516,0.017132071693663598,,,-0.0012466860205929547,-0.0009329587109995485,-0.0044849688631665025,0.1441901865883921
Z6,Z4_MATCHED_Z6,3026,LOCAL0,static,goal6_workbook_endpoint,residual_ftv_ld,SPH,T2,,current,goal6_transformed_standardized_residual,374,0.12967902164542264,0.12180053611717535,,-0.05507249517206407,0.12967902164542264,-0.05507249517206407,0.32348811512845455,,,0.10000950084750518,0.07234193677127285,0.04640072423326851,0.501615288659887,374,0.14800079555911821,0.12431326269292153,,-0.0561631314810823,0.14800079555911821,-0.0561631314810823,0.32160941658351305,,,0.10014826961561758,0.07238581862806526,0.03389917922654739,0.6943953409595612,-0.018321773913695577,-0.0025127265757461797,,0.0010906363090182267,-0.018321773913695577,0.0010906363090182267,0.0018786985449414928,,,-0.00013876876811240446,-4.388185679241041e-05,0.01250154500672112,-0.1927800522996742
Z6,Z4_MATCHED_Z6,3026,LOCAL3,static,goal6_workbook_endpoint,residual_ftv_ld,SPH,T2,,current,goal6_transformed_standardized_residual,374,0.12784113725061783,0.1329532623046988,,-0.05219254386354794,0.12784113725061783,-0.05219254386354794,0.3258954425908882,,,0.09983140332708129,0.07219458288996189,0.04703308447422169,0.5593971398161675,374,0.16289203983444914,0.1403942171003629,,-0.04972872314399515,0.16289203983444914,-0.04972872314399515,0.32654031556641894,,,0.09978364072297306,0.07220324168325506,0.03360131161804605,0.7461610668549923,-0.03505090258383131,-0.00744095479566409,,-0.002463820719552791,-0.03505090258383131,-0.002463820719552791,-0.0006448729755307303,,,4.7762604108228524e-05,-8.65879329317587e-06,0.013431772856175646,-0.18676392703882483
Z6,Z4_MATCHED_Z6,2026,LOCAL0,static,goal6_workbook_endpoint,residual_ftv_ld,SPH,T3,,current,goal6_transformed_standardized_residual,375,0.033307382900123306,0.03322483572595216,,-0.055511641138450064,0.033307382900123306,-0.055511641138450064,0.35542860242980634,,,0.11348170567652187,0.08875770595699559,0.06654400585573565,0.11196110365243847,375,0.07631223452112511,0.06812682161852393,,-0.030492925817800862,0.07631223452112511,-0.030492925817800862,0.37394411806209027,,,0.1118399308446593,0.0876849923032291,0.04757289271571475,0.37352352838122577,-0.0430048516210018,-0.03490198589257177,,-0.025018715320649202,-0.0430048516210018,-0.025018715320649202,-0.01851551563228393,,,0.0016417748318625636,0.0010727136537664883,0.018971113140020902,-0.2615624247287873
Z6,Z4_MATCHED_Z6,2026,LOCAL3,static,goal6_workbook_endpoint,residual_ftv_ld,SPH,T3,,current,goal6_transformed_standardized_residual,375,0.027755664580671156,0.03114381467417113,,-0.04728231123577822,0.027755664580671156,-0.04728231123577822,0.36088941003585207,,,0.1129999748074873,0.08876551011928276,0.05055842244061399,0.15636300492009222,375,0.08415149165506675,0.08019854269334242,,-0.026841830832828702,0.08415149165506675,-0.026841830832828702,0.37597114644034013,,,0.11165872775961187,0.08770418365089093,0.04725986623041864,0.4472513311198364,-0.05639582707439559,-0.049054728019171295,,-0.020440480402949514,-0.05639582707439559,-0.020440480402949514,-0.015081736404488066,,,0.0013412470478754296,0.0010613264683918266,0.0032985562101953483,-0.29088832619974414
Z6,Z4_MATCHED_Z6,3026,LOCAL0,static,goal6_workbook_endpoint,residual_ftv_ld,SPH,T3,,current,goal6_transformed_standardized_residual,375,0.028037066404455562,0.043896878072606636,,-0.027670068744957053,0.028037066404455562,-0.027670068744957053,0.3729383238460492,,,0.1119297333810608,0.08835355253175908,0.039795132478219995,0.18256722003066198,375,0.05078411377266934,0.06750268877257365,,-0.018122216964215912,0.05078411377266934,-0.018122216964215912,0.3810448503590813,,,0.11120387734320064,0.08806224753759091,0.029921151340815983,0.4359907535125153,-0.022747047368213775,-0.023605810699967013,,-0.009547851780741141,-0.022747047368213775,-0.009547851780741141,-0.00810652651303212,,,0.0007258560378601564,0.00029130499416817057,0.009873981137404012,-0.2534235334818533
Z6,Z4_MATCHED_Z6,3026,LOCAL3,static,goal6_workbook_endpoint,residual_ftv_ld,SPH,T3,,current,goal6_transformed_standardized_residual,375,0.040961287558167615,0.053696747985045284,,-0.0244324870064827,0.040961287558167615,-0.0244324870064827,0.374763276957888,,,0.11176673876653634,0.08827899296145028,0.033104646762646114,0.3432861780526344,375,0.049489282466311305,0.06687635217320301,,-0.026795527593895092,0.049489282466311305,-0.026795527593895092,0.37440942928974397,,,0.11179836103414302,0.08806025727155134,0.04830956700679509,0.33296827987697447,-0.00852799490814369,-0.013179604188157723,,0.0023630405874123933,-0.00852799490814369,0.0023630405874123933,0.0003538476681440583,,,-3.162226760668185e-05,0.0002187356898989412,-0.015204920244148976,0.010317898175659923
Z7,Z4_MATCHED_Z7,2026,LOCAL0,dynamic,adjacent_percent_change_new_extension,raw,BPE,,T0->T1,difference,natural_target,375,0.1415733302992377,0.10683528489600407,0.001275348694141254,-0.01873162049685058,,,,36.04289363116831,25.119754404488766,,,0.043026643295154876,0.5150459534637705,375,0.19079827056547957,0.13595763556799378,0.009904836483499602,-0.00843945565943335,,,,35.88684136168682,24.896636546887798,,,0.05224141637292563,0.5948344757466829,-0.049224940266241884,-0.02912235067198972,-0.008629487789358348,-0.010292164837417229,,,,0.1560522694814921,0.22311785760096825,,,-0.00921477307777075,-0.07978852228291244
Z7,Z4_MATCHED_Z7,2026,LOCAL3,dynamic,adjacent_percent_change_new_extension,raw,BPE,,T0->T1,difference,natural_target,375,0.15708681306178177,0.13602115803240486,0.015176885473708213,0.0033324898085940464,,,,35.79116888273744,24.75867255734009,,,0.03708958183029413,0.7062858402327596,375,0.22239754238252363,0.18548310654919742,0.03425993275677908,0.025822914295567115,,,,35.442707481307,24.485814130993997,,,0.03668762449461201,0.9683772206245951,-0.06531072932074186,-0.04946194851679256,-0.019083047283070864,-0.022490424486973068,,,,0.34846140143043414,0.2728584263460938,,,0.00040195733568211545,-0.26209138039183544
Z7,Z4_MATCHED_Z7,3026,LOCAL0,dynamic,adjacent_percent_change_new_extension,raw,BPE,,T0->T1,difference,natural_target,375,0.10340243486175904,0.10317584874242804,-0.01287307002588789,-0.048857686833604065,,,,36.297296374278055,25.13389172522542,,,0.06455088333582715,0.4060943575983928,375,0.13444623961770397,0.11711762351958593,-0.010470762517251764,-0.04606151577973624,,,,36.25422630227425,25.03784028245072,,,0.07318918741274928,0.43291116701818777,-0.031043804755944926,-0.013941774777157898,-0.0024023075086361256,-0.002796171053867827,,,,0.043070072003807525,0.09605144277470146,,,-0.008638304076922135,-0.026816809419794974
Z7,Z4_MATCHED_Z7,3026,LOCAL3,dynamic,adjacent_percent_change_new_extension,raw,BPE,,T0->T1,difference,natural_target,375,0.10161952440550688,0.09140797443773818,-0.02168193223180559,-0.05888464833073247,,,,36.45479177803815,25.193435289431537,,,0.06885687870978063,0.3483456721039781,375,0.1362560018204574,0.1404093848067235,0.01551850884324446,-0.008228517116978534,,,,35.78496057990841,24.666720076629115,,,0.03883662634825853,0.7124844465468221,-0.03463647741495053,-0.04900141036898531,-0.03720044107505005,-0.05065613121375393,,,,0.6698311981297422,0.5267152128024222,,,0.0300202523615221,-0.364138774442844
Z7,Z4_MATCHED_Z7,2026,LOCAL0,dynamic,adjacent_percent_change_new_extension,raw,BPE,,T1->T2,difference,natural_target,375,0.17495300944362271,0.14074379535272677,-0.010290765271113722,-0.03765141183709373,,,,36.50328363723627,25.970788762489082,,,0.09617916470154905,0.453825356741136,375,0.2053612470133121,0.16446906381819912,0.020673028564861196,0.00366995831768115,,,,35.93954702916302,25.680305704143606,,,0.05896235607254792,0.6773245323116056,-0.030408237569689384,-0.02372526846547235,-0.030963793835974918,-0.041321370154774884,,,,0.5637366080732491,0.29048305834547605,,,0.03721680862900113,-0.2234991755704696
Z7,Z4_MATCHED_Z7,2026,LOCAL3,dynamic,adjacent_percent_change_new_extension,raw,BPE,,T1->T2,difference,natural_target,375,0.21622300603026512,0.16665404987021962,0.021242032847638703,0.005962179731282624,,,,35.92910479278666,25.5257495787992,,,0.05949420416542302,0.6832482723236455,375,0.21145500056889294,0.1671752129245726,0.020718931361249804,0.005331603792578366,,,,35.93870474405828,25.66864111326059,,,0.0627805100802191,0.6672052655072086,0.004768005461372182,-0.0005211630543529855,0.0005231014863888994,0.000630575938704258,,,,-0.009599951271617613,-0.14289153446139125,,,-0.0032863059147960894,0.01604300681643689
Z7,Z4_MATCHED_Z7,3026,LOCAL0,dynamic,adjacent_percent_change_new_extension,raw,BPE,,T1->T2,difference,natural_target,375,0.1479827056547958,0.13184518190463146,-0.0002749183043990744,-0.02068604763641357,,,,36.32188933633143,26.177989382058907,,,0.06812355865635329,0.5051444670164428,375,0.1523975423825236,0.13330272322772527,-0.022963210447967786,-0.042146972166633836,,,,36.73150718819027,26.41525903777766,,,0.11043963724995545,0.4011220497840812,-0.0044148367277278,-0.0014575413230938083,0.02268829214356871,0.021460924530220266,,,,-0.40961785185884025,-0.2372696557187517,,,-0.04231607859360216,0.10402241723236155
Z7,Z4_MATCHED_Z7,3026,LOCAL3,dynamic,adjacent_percent_change_new_extension,raw,BPE,,T1->T2,difference,natural_target,375,0.15246353396290818,0.13435093364741235,0.0011697910963672786,-0.01674965925988155,,,,36.29564978201916,26.170803432849794,,,0.06737069072615015,0.5176130161915414,375,0.1768167026965525,0.16961094425158532,0.019947605674533686,0.00500017076322782,,,,35.9528554259646,25.91033825193523,,,0.06703442173442357,0.6550959858659676,-0.02435316873364432,-0.03526001060417297,-0.018777814578166407,-0.02174983002310937,,,,0.34279435605456143,0.26046518091456505,,,0.00033626899172657654,-0.1374829696744262
Z7,Z4_MATCHED_Z7,2026,LOCAL0,dynamic,adjacent_percent_change_new_extension,raw,BPE,,T2->T3,difference,natural_target,375,0.11003419617375552,0.11204590825110952,0.01056754382922187,-0.016239918636325016,,,,45.639423982202906,29.82063531497308,,,0.02424179904579055,0.7196371550377074,375,0.13359377266686237,0.05642714341080599,-0.009899169662407559,-0.050149040708681564,,,,46.109040605699256,30.073757686635737,,,0.02877312782287463,0.33265536144750185,-0.023559576493106846,0.05561876484030353,0.02046671349162943,0.03390912207235655,,,,-0.4696166234963499,-0.2531223716626556,,,-0.004531328777084079,0.38698179359020557
Z7,Z4_MATCHED_Z7,2026,LOCAL3,dynamic,adjacent_percent_change_new_extension,raw,BPE,,T2->T3,difference,natural_target,375,0.08622066573028232,0.03472356225629323,-0.01925294045932402,-0.07378444746683137,,,,46.32208134273097,30.382481731519395,,,0.031299020660974265,0.19627224870475923,375,0.13364520061738458,0.09827895588840775,-0.0024432638548919083,-0.05496157734502388,,,,45.9385178681926,30.136469444285517,,,0.042944215943428794,0.4742509340427736,-0.04742453488710226,-0.06355539363211452,-0.01680967660443211,-0.018822870121807486,,,,0.38356347453837003,0.2460122872338779,,,-0.011645195282454529,-0.27797868533801434
Z7,Z4_MATCHED_Z7,3026,LOCAL0,dynamic,adjacent_percent_change_new_extension,raw,BPE,,T2->T3,difference,natural_target,375,0.09732682747005073,0.11367484760140718,0.005770580202875242,-0.031562114646583365,,,,45.74992467477802,30.103334237901596,,,0.03928794941155397,0.5735016869111278,375,0.15395013878153518,0.12113376662411393,-0.0026592173346298154,-0.06903708398050613,,,,45.94346580335869,30.291389488826194,,,0.06387572178187889,0.4792888340701678,-0.05662331131148446,-0.0074589190227067476,0.008429797537505057,0.03747496933392277,,,,-0.1935411285806694,-0.18805525092459874,,,-0.024587772370324924,0.09421285284095998
Z7,Z4_MATCHED_Z7,3026,LOCAL3,dynamic,adjacent_percent_change_new_extension,raw,BPE,,T2->T3,difference,natural_target,375,0.10424126990630309,0.121949075703554,0.0012227577108570031,-0.047035045118149876,,,,45.85444036504985,30.264708324784383,,,0.05692636705493475,0.511118709517422,375,0.14351515730754247,0.14191183870526583,0.01674837027609588,-0.01417808659825175,,,,45.49664956633091,29.809918182594895,,,0.04005207205940661,0.7090977913620349,-0.03927388740123938,-0.019962763001711833,-0.015525612565238878,-0.03285695851989813,,,,0.3577907987189377,0.45479014218948777,,,0.016874294995528137,-0.19797908184461288
Z7,Z4_MATCHED_Z7,2026,LOCAL0,dynamic,adjacent_percent_change_new_extension,raw,FTV,,T0->T1,difference,natural_target,375,0.38861963818409373,0.22297834685886334,0.04750620542384254,0.10818274162258175,,,,87.78284475042543,32.7048507183497,,,0.03782544944892641,1.146490981307603,375,0.39976311298213674,0.23353423490077319,0.05237194398447964,0.11950062374079742,,,,87.55834183992945,32.71482548972215,,,0.042209417162270745,1.1367000450273914,-0.011143474798043007,-0.01055588804190985,-0.004865738560637101,-0.011317882118215675,,,,0.22450291049597126,-0.009974771372455393,,,-0.0043839677133443375,0.009790936280211548
Z7,Z4_MATCHED_Z7,2026,LOCAL3,dynamic,adjacent_percent_change_new_extension,raw,FTV,,T0->T1,difference,natural_target,375,0.4046533166458073,0.23469213987345003,0.053114061621301056,0.10778360050980575,,,,87.52405026529686,32.40538918351747,,,0.04244620990080321,1.1391452041639964,375,0.41390806690180915,0.2445089120802594,0.05779925309505096,0.12170639783448409,,,,87.30724725395793,32.420018997360245,,,0.046586140265262116,1.1328341387808967,-0.009254750256001865,-0.009816772206809377,-0.004685191473749906,-0.01392279732467834,,,,0.2168030113389392,-0.014629813842773842,,,-0.0041399303644589075,0.006311065383099779
Z7,Z4_MATCHED_Z7,3026,LOCAL0,dynamic,adjacent_percent_change_new_extension,raw,FTV,,T0->T1,difference,natural_target,375,0.3548078279667767,0.16806712039952093,0.02394202605860174,0.01530439223627424,,,,88.8620606869376,33.34705386573604,,,0.04326090375869831,0.8080439167658315,375,0.36913414495391966,0.19133217813031486,0.03409692224629546,0.06555935848764219,,,,88.3985921144305,32.72777666393855,,,0.03886035056820822,0.9705874210047023,-0.014326316987142984,-0.02326505773079393,-0.010154896187693718,-0.05025496625136795,,,,0.4634685725070966,0.6192772017974875,,,0.0044005531904900905,-0.16254350423887076
Z7,Z4_MATCHED_Z7,3026,LOCAL3,dynamic,adjacent_percent_change_new_extension,raw,FTV,,T0->T1,difference,natural_target,375,0.3657178291045625,0.17386190174066776,0.024777152028156335,0.005508211833260437,,,,88.82403687211063,33.37941745589201,,,0.05131275180471477,0.767523661412253,375,0.38314119922630563,0.20367418176028868,0.038865153551384535,0.05869863008860739,,,,88.18013002064401,32.75071073544617,,,0.04756993045750073,0.933834085714581,-0.01742337012174311,-0.029812280019620913,-0.0140880015232282,-0.05319041825534695,,,,0.6439068514666104,0.628706720445841,,,0.0037428213472140426,-0.166310424302328
Z7,Z4_MATCHED_Z7,2026,LOCAL0,dynamic,adjacent_percent_change_new_extension,raw,FTV,,T1->T2,difference,natural_target,375,0.32153282512231196,0.16992860181146047,0.02352842136156652,0.05669388900848506,,,,130.09367124711827,38.76000958553519,,,0.013837596904342117,1.4445618671702694,375,0.2898332005916487,0.13109050911742806,0.01367598048921459,0.04268193156414186,,,,130.74833611527967,39.379804023464864,,,0.010211100882331747,1.2972837159947703,0.03169962453066327,0.038838092694032406,0.00985244087235193,0.0140119574443432,,,,-0.6546648681614045,-0.6197944379296771,,,0.003626496022010371,0.14727815117549903
Z7,Z4_MATCHED_Z7,2026,LOCAL3,dynamic,adjacent_percent_change_new_extension,raw,FTV,,T1->T2,difference,natural_target,375,0.31861690749800886,0.1759959933038509,0.02513485610458488,0.055931985249446835,,,,129.98661589495774,38.70243515067672,,,0.01415952226286102,1.4790350995139752,375,0.28801388098759817,0.13937315536821832,0.01539059445655111,0.039811615608214085,,,,130.63464100450327,39.37868395081792,,,0.010360315623839971,1.369281180824772,0.03060302651041069,0.03662283793563259,0.00974426164803377,0.01612036964123275,,,,-0.6480251095455287,-0.6762488001412024,,,0.003799206639021049,0.10975391868920314
Z7,Z4_MATCHED_Z7,3026,LOCAL0,dynamic,adjacent_percent_change_new_extension,raw,FTV,,T1->T2,difference,natural_target,375,0.3413726248719991,0.14919493264727698,0.018868477391079885,0.06446789991360737,,,,130.40372004269244,39.18512160768268,,,0.015228030651326325,1.209016426681621,375,0.30679462965069976,0.12348111954266677,0.012648883582767723,0.051617721657514055,,,,130.81639502210916,39.58250151568143,,,0.013189554966741424,1.0751906704514769,0.03457799522129934,0.02571381310461021,0.006219593808312163,0.01285017825609331,,,,-0.41267497941672104,-0.39737990799874723,,,0.0020384756845849006,0.13382575623014414
Z7,Z4_MATCHED_Z7,3026,LOCAL3,dynamic,adjacent_percent_change_new_extension,raw,FTV,,T1->T2,difference,natural_target,375,0.3577307998634657,0.17170053607725969,0.024912063885328628,0.08077540122616592,,,,130.00146838629715,38.9021684688496,,,0.016719805494630164,1.3278714721290243,375,0.32848924792354084,0.14588747666353183,0.01814032557787637,0.06622137021452996,,,,130.45210096408218,39.31549299880657,,,0.014627217469964838,1.2062495197473866,0.029241551939924837,0.025813059413727857,0.0067717383074522575,0.014554031011635951,,,,-0.4506325777850293,-0.41332452995696656,,,0.0020925880246653265,0.12162195238163775
Z7,Z4_MATCHED_Z7,2026,LOCAL0,dynamic,adjacent_percent_change_new_extension,raw,FTV,,T2->T3,difference,natural_target,375,0.20514461258391173,0.07680239669503444,-0.01429270853455944,-0.03797690791504997,,,,221.72069534675705,86.55338670183038,,,0.04640696822088679,0.3565194061438222,375,0.21611605415860735,0.07690097231581206,-0.0021136250756637054,0.007784839581513528,,,,220.38552357178094,82.01660260770656,,,0.024973606891603026,0.4866213904526988,-0.010971441574695623,-9.857562077761339e-05,-0.012179083458895734,-0.0457617474965635,,,,1.3351717749761178,4.536784094123817,,,0.02143336132928376,-0.1301019843088766
Z7,Z4_MATCHED_Z7,2026,LOCAL3,dynamic,adjacent_percent_change_new_extension,raw,FTV,,T2->T3,difference,natural_target,375,0.2695719649561953,0.12235351720156379,0.00912746090656169,0.024890655191011288,,,,219.14596390301264,79.64096676587805,,,0.029609664916551023,0.7110492978064066,375,0.21576493343952668,0.09404996897175441,-0.005159166099740098,-0.017035498913867908,,,,220.72015826344776,83.50097689876073,,,0.042131903355455504,0.4581979237842403,0.0538070315166686,0.028303548229809378,0.014286627006301789,0.041926154104879196,,,,-1.574194360435115,-3.860010132882678,,,-0.01252223843890448,0.2528513740221663
Z7,Z4_MATCHED_Z7,3026,LOCAL0,dynamic,adjacent_percent_change_new_extension,raw,FTV,,T2->T3,difference,natural_target,375,0.18133462282398452,0.14199999184703843,0.017634082906573978,0.01836011646952293,,,,218.2032542788875,80.57256561094138,,,0.01908398353055833,1.0279069510226806,375,0.16743793378086244,0.12244011297756457,0.011341822163043802,0.0050000091717066625,,,,218.90095774398551,81.56765782979672,,,0.02410886149623343,0.7885611386834698,0.013896689043122079,0.019559878869473857,0.006292260743530176,0.013360107297816268,,,,-0.6977034650980158,-0.9950922188553335,,,-0.005024877965675103,0.23934581233921082
Z7,Z4_MATCHED_Z7,3026,LOCAL3,dynamic,adjacent_percent_change_new_extension,raw,FTV,,T2->T3,difference,natural_target,375,0.1858668790533622,0.1418523105049832,0.01402476731939395,0.006683097503259771,,,,218.60373760207452,83.82651257754006,,,0.038646926098792535,0.7215707759075325,375,0.17985254295141653,0.1303914868658304,0.013198347032183477,0.00836198751562672,,,,218.69533256186085,81.85600673641879,,,0.0275015068884538,0.7862687086553287,0.006014336101945655,0.011460823639152795,0.000826420287210472,-0.0016788900123669483,,,,-0.09159495978633458,1.9705058411212661,,,0.011145419210338736,-0.06469793274779623
Z7,Z4_MATCHED_Z7,2026,LOCAL0,dynamic,adjacent_percent_change_new_extension,raw,LD,,T0->T1,difference,natural_target,375,0.14352369128691506,0.07347211117399345,0.002964680800060515,-0.003089619171805277,,,,35.88847550256008,19.209610856191606,,,0.01222710881185687,0.6644474371556909,375,0.1538179057985742,0.06605707063018965,-0.0024388410635487467,-0.016862767999280687,,,,35.985594491508984,19.424212895680434,,,0.01947911607057433,0.47329802019711753,-0.010294214511659155,0.007415040543803805,0.005403521863609262,0.01377314882747541,,,,-0.0971189889489068,-0.2146020394888275,,,-0.0072520072587174585,0.19114941695857335
Z7,Z4_MATCHED_Z7,2026,LOCAL3,dynamic,adjacent_percent_change_new_extension,raw,LD,,T0->T1,difference,natural_target,375,0.1234203269816411,0.04773050717006889,-0.0025951578475285064,-0.007990057350674738,,,,35.98840011560073,19.23834297361975,,,0.012072373218510483,0.434409908398654,375,0.11660892042438346,0.03608135707721382,-0.011450519695985983,-0.029150552362332254,,,,36.146983413289945,19.551503766194752,,,0.020377561370652116,0.2527590758462274,0.006811406557257635,0.011649150092855068,0.008855361848457477,0.021160495011657517,,,,-0.1585832976892121,-0.31316079257500107,,,-0.008305188152141632,0.1816508325524266
Z7,Z4_MATCHED_Z7,3026,LOCAL0,dynamic,adjacent_percent_change_new_extension,raw,LD,,T0->T1,difference,natural_target,375,0.09672388649349103,0.07094400749793381,0.0021693212889517532,-0.011959943464494742,,,,35.90278720719079,19.256092324833833,,,0.012213254325862365,0.641948246511889,375,0.0868323930062519,0.07819113624997441,0.003697935280153497,-0.012495147921692321,,,,35.87527625824461,19.3149223182164,,,0.012432477197951368,0.7012593882754853,0.009891493487239139,-0.007247128752040602,-0.0015286139912017438,0.0005352044571975793,,,,0.02751094894617978,-0.05882999338256667,,,-0.00021922287208900326,-0.05931114176359631
Z7,Z4_MATCHED_Z7,3026,LOCAL3,dynamic,adjacent_percent_change_new_extension,raw,LD,,T0->T1,difference,natural_target,375,0.13028947662695892,0.08972374286254496,0.006111142474956366,-0.004938009448794728,,,,35.8318020119119,19.2094853554212,,,0.013172835998322384,0.781749729448671,375,0.10883467349935244,0.0877902305942112,0.0036378970752239947,-0.013725842822693235,,,,35.87635718280367,19.418238189752596,,,0.017662546459815204,0.6605710418542301,0.021454803127606475,0.0019335122683337563,0.002473245399732371,0.008787833373898508,,,,-0.044555170891776186,-0.20875283433139558,,,-0.004489710461492821,0.12117868759444095
Z7,Z4_MATCHED_Z7,2026,LOCAL0,dynamic,adjacent_percent_change_new_extension,raw,LD,,T1->T2,difference,natural_target,370,-0.004186757506331497,-0.02049806411945369,-0.029947337010316266,-0.06773558271218216,,,,53.290329509505845,33.68285196918533,,,0.023300877660190372,-0.13428475386824407,370,-0.016449569878159206,-0.019475732781238327,-0.03004072834560323,-0.07182202020958386,,,,53.292745527314196,33.86056386173816,,,0.023825293765185353,-0.12617539559513452,0.012262812371827709,-0.0010223313382153633,9.339133528696308e-05,0.0040864374974017015,,,,-0.0024160178083505457,-0.1777118925528285,,,-0.0005244161049949812,-0.008109358273109546
Z7,Z4_MATCHED_Z7,2026,LOCAL3,dynamic,adjacent_percent_change_new_extension,raw,LD,,T1->T2,difference,natural_target,370,0.003360729906916638,-0.017069196676071458,-0.026005836205968302,-0.0606163885159308,,,,53.188263506469525,33.532301594483954,,,0.020893550987369412,-0.1180883226530946,370,-0.012212246520792973,-0.008655916405681065,-0.013532341396657488,-0.03934367657912467,,,,52.86396110856647,33.39239752236572,,,0.011627754113387368,-0.0802721941160359,0.01557297642770961,-0.008413280270390393,-0.012473494809310814,-0.021272711936806125,,,,0.32430239790305393,0.13990407211823452,,,0.009265796873982044,-0.03781612853705871
Z7,Z4_MATCHED_Z7,3026,LOCAL0,dynamic,adjacent_percent_change_new_extension,raw,LD,,T1->T2,difference,natural_target,370,0.01974822011350033,-0.013406813428739688,-0.01308775634395265,-0.0306732798705129,,,,52.852365472254924,33.18106693056218,,,0.010268078165092186,-0.13230643962064845,370,0.02526298405498824,-0.0009698405815022887,-0.01117128920200594,-0.02961570490953121,,,,52.80235116241623,33.08048181838391,,,0.010903094542956508,-0.009288069652407268,-0.005514763941487907,-0.0124369728472374,-0.0019164671419467094,-0.0010575749609816887,,,,0.05001430983869426,0.1005851121782726,,,-0.0006350163778643218,-0.12301836996824118
Z7,Z4_MATCHED_Z7,3026,LOCAL3,dynamic,adjacent_percent_change_new_extension,raw,LD,,T1->T2,difference,natural_target,370,0.03238006823853695,-0.006433604520786465,-0.018534662019315196,-0.03829891789609724,,,,52.994256405399184,33.17092652029382,,,0.016681662511067993,-0.04981208214160124,370,0.014743506552050605,-0.005017183801628017,-0.01888759453423372,-0.04128740487578862,,,,53.00343713185782,33.14139720320715,,,0.017351056317708696,-0.0380887790786431,0.01763656168648635,-0.001416420719158448,0.00035293251491852473,0.002988486979691382,,,,-0.009180726458637878,0.02952931708666995,,,-0.0006693938066407029,-0.011723303062958136
Z7,Z4_MATCHED_Z7,2026,LOCAL0,dynamic,adjacent_percent_change_new_extension,raw,LD,,T2->T3,difference,natural_target,313,0.025232226358421643,0.07261408214795528,-0.011436507479150038,-0.03332614994975402,,,,72.90652244983603,41.161462835181865,,,0.02928305373956136,0.424338727740636,313,0.019947213420707564,0.06653073183941095,-0.012011770076175932,-0.03142614595684938,,,,72.92725258630334,41.28158775539315,,,0.025767914850000462,0.4144600379014738,0.005285012937714079,0.00608335030854433,0.000575262597025894,-0.0019000039929046378,,,,-0.020730136467307148,-0.12012492021128196,,,0.003515138889560898,0.009878689839162236
Z7,Z4_MATCHED_Z7,2026,LOCAL3,dynamic,adjacent_percent_change_new_extension,raw,LD,,T2->T3,difference,natural_target,313,0.023249142463474287,0.05279950614608402,-0.017207481788814594,-0.034332490780729835,,,,73.11421873745503,41.406797791801644,,,0.027844977124963463,0.3164145367649919,313,0.01835787625866857,0.03686678234121999,-0.015853924082804616,-0.024616328713143072,,,,73.06555744668653,41.290652478931754,,,0.019530477531842845,0.2638024373588392,0.004891266204805716,0.015932723804864032,-0.001353557706009978,-0.009716162067586763,,,,0.048661290768507115,0.1161453128698895,,,0.008314499593120618,0.052612099406152746
Z7,Z4_MATCHED_Z7,3026,LOCAL0,dynamic,adjacent_percent_change_new_extension,raw,LD,,T2->T3,difference,natural_target,313,0.10169280947965856,0.1064861187256503,0.004067278736011093,-0.01047417315901762,,,,72.34559143801465,40.89003909707336,,,0.021671511552493646,0.7233498504783985,313,0.09369619273079223,0.04834423481065818,-0.033801596693710856,-0.16732551898002399,,,,73.7081770001363,41.98367609042028,,,0.04923336009298742,0.21787878878765587,0.007996616748866328,0.058141883914992115,0.03786887542972195,0.15685134582100638,,,,-1.3625855621216516,-1.0936369933469194,,,-0.027561848540493775,0.5054710616907426
Z7,Z4_MATCHED_Z7,3026,LOCAL3,dynamic,adjacent_percent_change_new_extension,raw,LD,,T2->T3,difference,natural_target,313,0.09393641165621111,0.10636841299377402,0.005508559643306876,-0.004143115024420758,,,,72.29322441115598,40.70053353540431,,,0.01642508315981564,0.829963304431068,313,0.12637343657071085,0.10087809539871845,0.0034690978058571353,-0.007287833060974664,,,,72.36731441994587,40.66871844108527,,,0.016005643690388843,0.7973707525464278,-0.032437024914499735,0.005490317595055569,0.002039461837449741,0.003144718036553906,,,,-0.07409000878989502,0.03181509431904317,,,0.00041943946942679666,0.032592551884640275
Z7,Z4_MATCHED_Z7,2026,LOCAL0,dynamic,adjacent_percent_change_new_extension,raw,SPH,,T0->T1,difference,natural_target,375,0.03060211628171578,0.0026708468181746207,-0.06608280235834063,-0.11635851604537689,,,,38.01108233795889,26.69017234705048,,,0.06709943539842142,0.01031073316139127,375,-0.00033746728865627487,-0.03509550828829343,-0.05484819324819501,-0.10572414454667692,,,,37.81026741194509,26.356446934258265,,,0.04060008202851155,-0.17417590716799847,0.030939583570372055,0.03776635510646805,-0.011234609110145621,-0.010634371498699974,,,,0.20081492601379836,0.3337254127922158,,,0.02649935336990987,0.18448664032938974
Z7,Z4_MATCHED_Z7,2026,LOCAL3,dynamic,adjacent_percent_change_new_extension,raw,SPH,,T0->T1,difference,natural_target,375,0.01262600978495847,-0.00018579942864877677,-0.04764878052017174,-0.0987323730993751,,,,37.6810176393187,26.329093941047496,,,0.04744474289337245,-0.0008530025420328829,375,-0.015434975537603823,-0.04422640421780961,-0.06043118774625711,-0.11814221694656775,,,,37.91019455693688,26.451375363724257,,,0.04210596056406669,-0.2155310483049677,0.028060985322562293,0.04404060478916083,0.012782407226085368,0.019409843847192645,,,,-0.22917691761817593,-0.12228142267676034,,,0.0053387823293057635,0.2146780457629348
Z7,Z4_MATCHED_Z7,3026,LOCAL0,dynamic,adjacent_percent_change_new_extension,raw,SPH,,T0->T1,difference,natural_target,375,0.05608874729775856,0.029730260213795472,-0.029054552471564854,-0.08102776996633243,,,,37.34512920905268,26.252403755099,,,0.04014378127225974,0.14838485325566586,375,-0.020809420866992834,-0.08497261907891598,-0.05137219721924202,-0.1016185751994532,,,,37.74791872920393,26.270040205762044,,,0.024283027526147288,-0.5452900692897983,0.0768981681647514,0.11470287929271146,0.022317644747677168,0.020590805233120776,,,,-0.40278952015125213,-0.0176364506630442,,,0.01586075374611245,0.6936749225454641
Z7,Z4_MATCHED_Z7,3026,LOCAL3,dynamic,adjacent_percent_change_new_extension,raw,SPH,,T0->T1,difference,natural_target,375,0.030764592103766072,-0.026234696829422723,-0.03831641825489163,-0.08204778248229985,,,,37.5128126337677,26.145583826198664,,,0.028651324404156304,-0.15499000733700138,375,-0.02118420753214245,-0.07754325749480923,-0.05064183823321655,-0.09733627622701158,,,,37.734805237459156,26.28617890958654,,,0.02527478596438492,-0.4877533916096652,0.051948799635908524,0.0513085606653865,0.012325419978324925,0.015288493744711723,,,,-0.22199260369145435,-0.14059508338787552,,,0.0033765384397713843,0.33276338427266383
Z7,Z4_MATCHED_Z7,2026,LOCAL0,dynamic,adjacent_percent_change_new_extension,raw,SPH,,T1->T2,difference,natural_target,375,0.14111298213676188,0.13463165948392772,0.008353001525958414,-0.011502167689301467,,,,58.34688623496539,40.339965974826285,,,0.05435682508951015,0.57745767490906,375,0.06861144612583912,0.08715534716528305,-0.020693204090892703,-0.045604830243131764,,,,59.19523445358282,41.0354093827865,,,0.06489885398635539,0.3421176838697849,0.07250153601092275,0.04747631231864467,0.029046205616851117,0.03410266255383029,,,,-0.8483482186174314,-0.6954434079602123,,,-0.010542028896845246,0.23533999103927505
Z7,Z4_MATCHED_Z7,2026,LOCAL3,dynamic,adjacent_percent_change_new_extension,raw,SPH,,T1->T2,difference,natural_target,375,0.13799180794174537,0.12571821409675563,-0.03128238620624457,-0.05641933016866078,,,,59.50150265184062,41.33834435996712,,,0.11696138314548306,0.36760122946590057,375,0.050526339742860395,0.0840318165256114,-0.023481105330663388,-0.0482107782476882,,,,59.27602167263124,41.0221052303738,,,0.06659189307066898,0.325636494777908,0.08746546819888498,0.04168639757114423,-0.007801280875581185,-0.008208551920972584,,,,0.22548097920937948,0.31623912959331335,,,0.050369490074814074,0.041964734687992555
Z7,Z4_MATCHED_Z7,3026,LOCAL0,dynamic,adjacent_percent_change_new_extension,raw,SPH,,T1->T2,difference,natural_target,375,0.18193218796222552,0.21724416055353724,0.047166167256784464,0.02659328015251559,,,,57.19363746034671,40.18406461442615,,,0.04507815465602908,1.0232106386280724,375,0.10980316304471499,0.1617203910492503,0.025435700596175614,0.005101144871687968,,,,57.84214401879983,40.62801166188386,,,0.03544890548041173,0.858941067407061,0.07212902491751053,0.055523769504286946,0.02173046666060885,0.021492135280827624,,,,-0.6485065584531213,-0.4439470474577121,,,0.009629249175617353,0.16426957122101138
Z7,Z4_MATCHED_Z7,3026,LOCAL3,dynamic,adjacent_percent_change_new_extension,raw,SPH,,T1->T2,difference,natural_target,375,0.18068517465013084,0.21341116057713633,0.04553529345266216,0.024177024179833254,,,,57.24256295149661,40.14565980209238,,,0.04447611572763043,1.0119375271960354,375,0.10512777335305497,0.15745446785418546,0.02388984460048893,0.0015588617062667134,,,,57.888000508448016,40.631247672064475,,,0.03511573848240377,0.8402414181279309,0.07555740129707587,0.05595669272295087,0.021645448852173232,0.02261816247356654,,,,-0.645437556951407,-0.48558786997209324,,,0.009360377245226661,0.1716961090681045
Z7,Z4_MATCHED_Z7,2026,LOCAL0,dynamic,adjacent_percent_change_new_extension,raw,SPH,,T2->T3,difference,natural_target,375,0.15009102286949597,0.11217496826949548,0.008426692528612723,-0.018989318130137937,,,,64.18093942602783,40.32643466329119,,,0.030726552657788276,0.639939675185756,375,0.12967868927067927,0.11042870031494063,0.008662204058565215,-0.01926997321765989,,,,64.17331707034636,40.55741940210065,,,0.02830090864516724,0.6564199490113822,0.020412333598816695,0.0017462679545548476,-0.00023551152995249236,0.0002806550875219527,,,,0.0076223556814767335,-0.23098473880946102,,,0.0024256440126210373,-0.016480273825626224
Z7,Z4_MATCHED_Z7,2026,LOCAL3,dynamic,adjacent_percent_change_new_extension,raw,SPH,,T2->T3,difference,natural_target,375,0.1336361360791899,0.10289230127686358,0.004846164572455458,-0.02240328110823638,,,,64.2967122937074,40.40354090720616,,,0.031431843156434734,0.5803606472212753,375,0.12261121856866539,0.10528360830796356,0.006515877954691995,-0.020020292640320538,,,,64.2427497066847,40.565890554053425,,,0.029244581800949312,0.6156559103984787,0.011024917510524507,-0.002391307031099979,-0.0016697133822365373,-0.0023829884679158406,,,,0.05396258702269563,-0.16234964684726805,,,0.0021872613554854217,-0.03529526317720333
Z7,Z4_MATCHED_Z7,3026,LOCAL0,dynamic,adjacent_percent_change_new_extension,raw,SPH,,T2->T3,difference,natural_target,375,0.07894117647058824,0.07847570429355441,-0.008317328890599551,-0.04137546001900671,,,,64.72056075979758,41.24983108641966,,,0.03912004066016605,0.3967670269926668,375,0.08656957560587097,0.08156115354285007,-0.003724023120003972,-0.03242015665033413,,,,64.57297792544503,41.15499072576607,,,0.03319132386077246,0.44768348339830843,-0.007628399135282737,-0.0030854492492956576,-0.004593305770595579,-0.008955303368672576,,,,0.14758283435254782,0.09484036065359192,,,0.005928716799393587,-0.05091645640564163
Z7,Z4_MATCHED_Z7,3026,LOCAL3,dynamic,adjacent_percent_change_new_extension,raw,SPH,,T2->T3,difference,natural_target,375,0.027632495164410062,0.030833776426739685,-0.04169881378099971,-0.09480136474631877,,,,65.78316137915931,42.080411287441954,,,0.056240483197623446,0.13001761564648848,375,0.03744271248151098,0.03865042793282094,-0.030915323750447588,-0.0761059058538453,,,,65.44178753653405,41.76274886510443,,,0.04738176570503334,0.17756145138795162,-0.009810217317100918,-0.007816651506081254,-0.010783490030552123,-0.018695458892473468,,,,0.34137384262525927,0.31766242233752706,,,0.00885871749259011,-0.04754383574146315
Z7,Z4_MATCHED_Z7,2026,LOCAL0,dynamic,adjacent_percent_change_new_extension,residual_ftv,BPE,,T0->T1,difference,goal6_transformed_standardized_residual,375,0.11099603628982159,0.0907924611104153,,-0.010362121331956395,0.11099603628982159,-0.010362121331956395,0.09335840030240172,,,34.34113037929062,24.202603221385843,0.039508174238274546,0.4815795329437473,375,0.11721393623204246,0.11097578637810375,,-0.0011607494701850812,0.11721393623204246,-0.0011607494701850812,0.09861372714630834,,,34.24145695086261,24.159610777413523,0.024182312390821935,0.7872447118751827,-0.00621789994222087,-0.020183325267688443,,-0.009201371861771314,-0.00621789994222087,-0.009201371861771314,-0.005255326843906616,,,0.0996734284280052,0.04299244397232016,0.015325861847452611,-0.30566517893143547
Z7,Z4_MATCHED_Z7,2026,LOCAL3,dynamic,adjacent_percent_change_new_extension,residual_ftv,BPE,,T0->T1,difference,goal6_transformed_standardized_residual,375,0.11168316012844787,0.10553095611666119,,-0.012709514736969256,0.11168316012844787,-0.012709514736969256,0.09123281316314369,,,34.38136255683389,24.143092415836755,0.052700823462964785,0.473490111712241,375,0.11452180360436989,0.1179342137614575,,-0.0027349028585208664,0.11452180360436989,-0.0027349028585208664,0.09745661618569501,,,34.26342780789423,24.164799857800148,0.03549133162497289,0.7095086626239405,-0.002838643475922026,-0.012403257644796314,,-0.00997461187844839,-0.002838643475922026,-0.00997461187844839,-0.006223803022551322,,,0.1179347489396605,-0.021707441963393137,0.0172094918379919,-0.23601855091169954
Z7,Z4_MATCHED_Z7,3026,LOCAL0,dynamic,adjacent_percent_change_new_extension,residual_ftv,BPE,,T0->T1,difference,goal6_transformed_standardized_residual,375,0.05794292914625716,0.03293625096196947,,-0.06297292421856826,0.05794292914625716,-0.06297292421856826,0.06748548660981435,,,34.827681586170925,24.736028335081897,0.07380403328539673,0.11340172315642497,375,0.06850706990011783,0.05594915510888829,,-0.06138417124251001,0.06850706990011783,-0.06138417124251001,0.06629695135715563,,,34.84986930844923,24.810999810465795,0.07778601362947597,0.2582441382158008,-0.010564140753860668,-0.023012904146918818,,-0.001588752976058247,-0.010564140753860668,-0.001588752976058247,0.0011885352526587178,,,-0.022187722278303568,-0.07497147538389726,-0.003981980344079247,-0.1448424150593758
Z7,Z4_MATCHED_Z7,3026,LOCAL3,dynamic,adjacent_percent_change_new_extension,residual_ftv,BPE,,T0->T1,difference,goal6_transformed_standardized_residual,375,0.05208307260609014,0.05191616466413261,,-0.07036949369433794,0.05208307260609014,-0.07036949369433794,0.06289548760521846,,,34.91329033041514,24.733408399852273,0.08062889118651385,0.2843715257685815,375,0.053011989713458184,0.05927812936361638,,-0.0722716918989757,0.053011989713458184,-0.0722716918989757,0.05898354421163543,,,34.986087213420156,24.9485399572179,0.07571796598512051,0.4172743648287975,-0.0009289171073680463,-0.007361964699483768,,0.001902198204637759,-0.0009289171073680463,0.001902198204637759,0.003911943393583028,,,-0.07279688300501874,-0.21513155736562695,0.004910925201393343,-0.132902839060216
Z7,Z4_MATCHED_Z7,2026,LOCAL0,dynamic,adjacent_percent_change_new_extension,residual_ftv,BPE,,T1->T2,difference,goal6_transformed_standardized_residual,375,0.19614433284418706,0.19705545996899687,,0.0022755096261003137,0.19614433284418706,0.0022755096261003137,0.04867748656555093,,,35.42196329276084,24.850316970897925,0.05541949799423179,0.9301474938468773,375,0.1934131313267773,0.18986745480765732,,-0.0003454327823630976,0.1934131313267773,-0.0003454327823630976,0.046582003937174044,,,35.460953896946066,25.09650795525296,0.06146784445186835,0.8417263489423408,0.0027312015174097704,0.00718800516133955,,0.0026209424084634113,0.0027312015174097704,0.0026209424084634113,0.002095482628376888,,,-0.03899060418522282,-0.24619098435503517,-0.006048346457636557,0.08842114490453656
Z7,Z4_MATCHED_Z7,2026,LOCAL3,dynamic,adjacent_percent_change_new_extension,residual_ftv,BPE,,T1->T2,difference,goal6_transformed_standardized_residual,375,0.20506013139110588,0.20208839869177014,,0.005442946636678668,0.20506013139110588,0.005442946636678668,0.05046680010338822,,,35.388635568214745,24.825198876459982,0.060348054697228384,0.8894272276688292,375,0.19797576824766758,0.19544474654008953,,0.0022176496084385633,0.19797576824766758,0.0022176496084385633,0.04758315652625711,,,35.442330821510865,25.03247760544103,0.06622023056795663,0.819878232344259,0.007084363143438299,0.006643652151680612,,0.0032252970282401045,0.007084363143438299,0.0032252970282401045,0.002883643577131112,,,-0.05369525329611946,-0.2072787289810485,-0.005872175870728247,0.06954899532457015
Z7,Z4_MATCHED_Z7,3026,LOCAL0,dynamic,adjacent_percent_change_new_extension,residual_ftv,BPE,,T1->T2,difference,goal6_transformed_standardized_residual,375,0.14276016576900694,0.14985134605413947,,-0.014727133971958859,0.14276016576900694,-0.014727133971958859,0.03473398099407543,,,35.68060832939872,25.316414254337758,0.04955538461938263,0.7103627063912978,375,0.14781569883912682,0.1638524628921151,,-0.055259217009862124,0.14781569883912682,-0.055259217009862124,0.002691609283450913,,,36.26798920734714,25.756822403683387,0.11850427233812127,0.6328515157486169,-0.005055533070119883,-0.014001116837975641,,0.04053208303790327,-0.005055533070119883,0.04053208303790327,0.03204237171062452,,,-0.5873808779484193,-0.4404081493456289,-0.06894888771873864,0.07751119064268097
Z7,Z4_MATCHED_Z7,3026,LOCAL3,dynamic,adjacent_percent_change_new_extension,residual_ftv,BPE,,T1->T2,difference,goal6_transformed_standardized_residual,375,0.14304378440117985,0.15515252788698236,,-0.022166812608378616,0.14304378440117985,-0.022166812608378616,0.028134017355105012,,,35.802382816402286,25.454484180714427,0.07095122293705361,0.6788085878110078,375,0.15641224168537465,0.1772831864934349,,-0.008882750245474818,0.15641224168537465,-0.008882750245474818,0.04034338418017969,,,35.576782783868396,25.30624641169734,0.07320142952520092,0.7286422584383027,-0.013368457284194807,-0.022130658606452552,,-0.013284062362903798,-0.013368457284194807,-0.013284062362903798,-0.012209366825074675,,,0.22560003253389027,0.1482377690170864,-0.0022502065881473132,-0.049833670627294824
Z7,Z4_MATCHED_Z7,2026,LOCAL0,dynamic,adjacent_percent_change_new_extension,residual_ftv,BPE,,T2->T3,difference,goal6_transformed_standardized_residual,375,0.12280509120804219,0.07564898020548555,,-0.02856035546359635,0.12280509120804219,-0.02856035546359635,0.029960175163689207,,,45.18994997977811,29.16689650471914,0.021873699425511282,0.6884656591648841,375,0.1522261804153381,0.09173840242307248,,-0.05892289250481607,0.1522261804153381,-0.05892289250481607,0.018646135519592932,,,45.45272202029478,29.410624958153843,0.05089697305704567,0.8640057720214227,-0.029421089207295928,-0.016089422217586927,,0.030362537041219717,-0.029421089207295928,0.030362537041219717,0.011314039644096274,,,-0.2627720405166656,-0.24372845343470217,-0.02902327363153439,-0.1755401128565386
Z7,Z4_MATCHED_Z7,2026,LOCAL3,dynamic,adjacent_percent_change_new_extension,residual_ftv,BPE,,T2->T3,difference,goal6_transformed_standardized_residual,375,0.08291221757404128,0.06405117929928003,,-0.0877345934153561,0.08291221757404128,-0.0877345934153561,0.006748617841043303,,,45.7274167118724,29.778729892905083,0.0556467388194115,0.8258248136772829,375,0.14186853400010838,0.11913508670431901,,-0.061921116947216887,0.14186853400010838,-0.061921116947216887,0.029432036907104386,,,45.20225014165573,29.553841827291492,0.06413658875835657,0.823354511383445,-0.05895631642606709,-0.055083907405038976,,-0.02581347646813921,-0.05895631642606709,-0.02581347646813921,-0.022683419066061083,,,0.525166570216669,0.22488806561359098,-0.008489849938945068,0.0024703022938379338
Z7,Z4_MATCHED_Z7,3026,LOCAL0,dynamic,adjacent_percent_change_new_extension,residual_ftv,BPE,,T2->T3,difference,goal6_transformed_standardized_residual,375,0.09618824375893543,0.11084406716142242,,-0.033634606601565725,0.09618824375893543,-0.033634606601565725,0.04328244085356869,,,44.87856385938982,29.54180347722926,0.07928211831496626,0.44096162566748626,375,0.17621423045122223,0.1286434519166657,,-0.06785892630854366,0.17621423045122223,-0.06785892630854366,0.02371400405996893,,,45.33520753966096,29.415856713669143,0.09236294290432137,0.6860351485550733,-0.08002598669228679,-0.017799384755243286,,0.03422431970697794,-0.08002598669228679,0.03422431970697794,0.019568436793599764,,,-0.4566436802711422,0.12594676356011547,-0.013080824589355111,-0.24507352288758705
Z7,Z4_MATCHED_Z7,3026,LOCAL3,dynamic,adjacent_percent_change_new_extension,residual_ftv,BPE,,T2->T3,difference,goal6_transformed_standardized_residual,375,0.12311338096189242,0.10383843951785904,,-0.0515428897249674,0.12311338096189242,-0.0515428897249674,0.03083395317234372,,,45.16959262980164,29.556011877623007,0.06945580563516981,0.4940633639558803,375,0.1831588248328137,0.14018371910066094,,-0.016362410242866544,0.1831588248328137,-0.016362410242866544,0.04763224455503923,,,44.776425388351306,29.061270819887703,0.04952447468697096,0.6527411281107444,-0.06004544387092128,-0.0363452795828019,,-0.03518047948210086,-0.06004544387092128,-0.03518047948210086,-0.016798291382695507,,,0.3931672414503353,0.49474105773530397,0.019931330948198857,-0.15867776415486406
Z7,Z4_MATCHED_Z7,2026,LOCAL0,dynamic,adjacent_percent_change_new_extension,residual_ftv,LD,,T0->T1,difference,goal6_transformed_standardized_residual,375,0.05366397572441878,0.07598934262545645,,-0.014583337367083763,0.05366397572441878,-0.014583337367083763,0.0558186740640898,,,34.92427845334948,17.83503302019346,0.014954424331242949,0.6823922234107132,375,0.08560677641945898,0.09695713173952686,,-0.025415973266092635,0.08560677641945898,-0.025415973266092635,0.05433779449730969,,,34.95165581486926,17.991312674084487,0.025608078725444145,0.9223800740555274,-0.0319428006950402,-0.020967789114070406,,0.010832635899008873,-0.0319428006950402,0.010832635899008873,0.0014808795667801133,,,-0.02737736151978254,-0.15627965389102627,-0.010653654394201196,-0.2399878506448142
Z7,Z4_MATCHED_Z7,2026,LOCAL3,dynamic,adjacent_percent_change_new_extension,residual_ftv,LD,,T0->T1,difference,goal6_transformed_standardized_residual,375,0.05147503491445362,0.07243294846354761,,-0.016413207028006534,0.05147503491445362,-0.016413207028006534,0.05194809679438506,,,34.99578954003557,17.844226010587036,0.015857612541960275,0.649431934882257,375,0.06731444739766657,0.08654558282282232,,-0.03177236892178815,0.06731444739766657,-0.03177236892178815,0.04818925588412726,,,35.065096651080395,18.053836751477522,0.02815143566284394,0.8231661921342815,-0.015839412483212946,-0.014112634359274706,,0.015359161893781614,-0.015839412483212946,0.015359161893781614,0.003758840910257799,,,-0.06930711104482867,-0.20961074089048637,-0.012293823120883663,-0.17373425725202452
Z7,Z4_MATCHED_Z7,3026,LOCAL0,dynamic,adjacent_percent_change_new_extension,residual_ftv,LD,,T0->T1,difference,goal6_transformed_standardized_residual,375,0.03884700537944429,0.05135428526471979,,-0.026980726984810265,0.03884700537944429,-0.026980726984810265,0.05224939719139676,,,34.990228091792936,17.929681632804304,0.020411798765507493,0.455151468085113,375,0.03861065071279104,0.0666788824412522,,-0.022419447995159533,0.03861065071279104,-0.022419447995159533,0.057175591731118525,,,34.89917394871877,17.904591900488104,0.019188863495120535,0.5678630131092344,0.00023635466665325455,-0.015324597176532409,,-0.004561278989650731,0.00023635466665325455,-0.004561278989650731,-0.004926194539721762,,,0.09105414307416737,0.025089732316200042,0.0012229352703869573,-0.1127115450241214
Z7,Z4_MATCHED_Z7,3026,LOCAL3,dynamic,adjacent_percent_change_new_extension,residual_ftv,LD,,T0->T1,difference,goal6_transformed_standardized_residual,375,0.056331043898372256,0.07512652343538063,,-0.01950470074784026,0.056331043898372256,-0.01950470074784026,0.055781984286499164,,,34.92495700498248,17.86367605096021,0.020510503772079938,0.5868927149152909,375,0.09190565064592915,0.11009153731803785,,-0.018135481109221634,0.09190565064592915,-0.018135481109221634,0.059605779161207795,,,34.854167553371056,17.88304709577112,0.026233851480631832,0.789034897719603,-0.03557460674755689,-0.034965013882657214,,-0.0013692196386186246,-0.03557460674755689,-0.0013692196386186246,-0.0038237948747086303,,,0.07078945161142514,-0.01937104481091012,-0.005723347708551894,-0.20214218280431206
Z7,Z4_MATCHED_Z7,2026,LOCAL0,dynamic,adjacent_percent_change_new_extension,residual_ftv,LD,,T1->T2,difference,goal6_transformed_standardized_residual,370,0.02705616747055355,0.010213328375123154,,-0.06036593110584451,0.02705616747055355,-0.06036593110584451,0.024649991427941442,,,51.858642269603905,32.02030514372661,0.03843586287600762,0.22330844557693377,370,0.013497236960600036,-0.027381724895650595,,-0.07073310225507251,0.013497236960600036,-0.07073310225507251,0.02140380681589127,,,51.944869207132335,32.09181103578495,0.037311115862386314,-0.06476051856829422,0.013558930509953514,0.03759505327077375,,0.010367171149228,0.013558930509953514,0.010367171149228,0.0032461846120501736,,,-0.08622693752842991,-0.07150589205834024,0.0011247470136213078,0.288068964145228
Z7,Z4_MATCHED_Z7,2026,LOCAL3,dynamic,adjacent_percent_change_new_extension,residual_ftv,LD,,T1->T2,difference,goal6_transformed_standardized_residual,370,0.01608334611218861,0.0178108690601608,,-0.051962403053163506,0.01608334611218861,-0.051962403053163506,0.029966874451463066,,,51.71710173353243,31.81581950651762,0.03651001941878823,0.21441538929844503,370,0.011424713274988972,-0.025475292416512415,,-0.06555352883373075,0.011424713274988972,-0.06555352883373075,0.02470411902429459,,,51.8572032874045,31.956656382467017,0.03564208557915968,-0.094305298267125,0.004658632837199639,0.04328616147667322,,0.013591125780567245,0.004658632837199639,0.013591125780567245,0.005262755427168475,,,-0.14010155387207135,-0.14083687594939676,0.0008679338396285485,0.30872068756557003
Z7,Z4_MATCHED_Z7,3026,LOCAL0,dynamic,adjacent_percent_change_new_extension,residual_ftv,LD,,T1->T2,difference,goal6_transformed_standardized_residual,370,0.07148313052488497,0.0029963238929865874,,-0.0383415782857096,0.07148313052488497,-0.0383415782857096,0.033624082972401714,,,51.61951803735636,31.58148257743527,0.01884488941914829,0.10786998517368288,370,0.06460900588696426,0.01407126670857053,,-0.03634481910800021,0.06460900588696426,-0.03634481910800021,0.03604934745561961,,,51.55470390726096,31.491692362478283,0.01754503649080444,0.20805437098019086,0.006874124637920712,-0.011074942815583941,,-0.0019967591777093896,0.006874124637920712,-0.0019967591777093896,-0.0024252644832178927,,,0.06481413009539949,0.08979021495698802,0.0012998529283438504,-0.10018438580650799
Z7,Z4_MATCHED_Z7,3026,LOCAL3,dynamic,adjacent_percent_change_new_extension,residual_ftv,LD,,T1->T2,difference,goal6_transformed_standardized_residual,370,0.048995378106870206,-0.0010423042996532156,,-0.04849562437344979,0.048995378106870206,-0.04849562437344979,0.027709296254239457,,,51.77724790037065,31.685805833455138,0.03442268493590094,-0.029511093289801598,370,0.0471232527531494,0.0008197464382228362,,-0.04634436238240141,0.0471232527531494,-0.04634436238240141,0.029724365221602267,,,51.72356599254043,31.70467899446273,0.03153126455924678,-0.019655386012372725,0.001872125353720805,-0.0018620507378760518,,-0.0021512619910483838,0.001872125353720805,-0.0021512619910483838,-0.0020150689673628097,,,0.05368190783021731,-0.01887316100759051,0.002891420376654165,-0.009855707277428873
Z7,Z4_MATCHED_Z7,2026,LOCAL0,dynamic,adjacent_percent_change_new_extension,residual_ftv,LD,,T2->T3,difference,goal6_transformed_standardized_residual,313,0.037635906033645694,0.10080341792924763,,-0.024193989027567784,0.037635906033645694,-0.024193989027567784,-0.010966787559105518,,,72.88959127197161,40.944370222081176,0.06282214884142513,0.597188594369823,313,0.014472830590926068,0.06086426310137578,,-0.026997239776915455,0.014472830590926068,-0.026997239776915455,-0.01239091841086748,,,72.94091233705716,41.10419400516261,0.057081166327582394,0.24269644840825394,0.023163075442719627,0.03993915482787185,,0.002803250749347671,0.023163075442719627,0.002803250749347671,0.0014241308517619622,,,-0.05132106508554557,-0.15982378308143552,0.005740982513842738,0.354492145961569
Z7,Z4_MATCHED_Z7,2026,LOCAL3,dynamic,adjacent_percent_change_new_extension,residual_ftv,LD,,T2->T3,difference,goal6_transformed_standardized_residual,313,0.02795101849133645,0.09026994608318548,,-0.026790512742821907,0.02795101849133645,-0.026790512742821907,-0.016569831647524902,,,73.09129883107933,41.11166682332861,0.0620299562862494,0.5129467121592733,313,0.012202125412104027,0.055235464546872545,,-0.03039637052259786,0.012202125412104027,-0.03039637052259786,-0.018413306918320993,,,73.15754168367957,41.193101005276986,0.057671107368456195,0.21762033601424088,0.01574889307923242,0.03503448153631293,,0.0036058577797759526,0.01574889307923242,0.0036058577797759526,0.001843475270796091,,,-0.0662428526002401,-0.08143418194837437,0.004358848917793208,0.29532637614503243
Z7,Z4_MATCHED_Z7,3026,LOCAL0,dynamic,adjacent_percent_change_new_extension,residual_ftv,LD,,T2->T3,difference,goal6_transformed_standardized_residual,313,0.0940051931611928,0.12345133475660526,,-0.007670231388087661,0.0940051931611928,-0.007670231388087661,0.004207480582801848,,,72.34049905461185,40.78223828445278,0.057906342274717776,0.627114611080815,313,0.10747373767016338,0.12127849931991788,,-0.008573799921400968,0.10747373767016338,-0.008573799921400968,0.0030851890428733597,,,72.38125265851426,40.65532891042977,0.04379597114652651,0.8386542704655213,-0.013468544508970587,0.0021728354366873787,,0.0009035685333133063,-0.013468544508970587,0.0009035685333133063,0.0011222915399284883,,,-0.04075360390240235,0.12690937402300762,0.014110371128191267,-0.2115396593847063
Z7,Z4_MATCHED_Z7,3026,LOCAL3,dynamic,adjacent_percent_change_new_extension,residual_ftv,LD,,T2->T3,difference,goal6_transformed_standardized_residual,313,0.09210122465148018,0.13002934844188657,,0.0021953171446079224,0.09210122465148018,0.0021953171446079224,0.0064769289598318736,,,72.2580186830341,40.43490234839148,0.04423917077037932,0.7434074457153416,313,0.10333899869682853,0.12798532063898438,,-0.002114154863264754,0.10333899869682853,-0.002114154863264754,0.00391598488738909,,,72.35108630080614,40.56009927843446,0.04572174475079395,0.8276159207912949,-0.011237774045348342,0.002044027802902193,,0.004309472007872676,-0.011237774045348342,0.004309472007872676,0.0025609440724427834,,,-0.09306761777204997,-0.12519693004297494,-0.0014825739804146323,-0.0842084750759533
Z7,Z4_MATCHED_Z7,2026,LOCAL0,dynamic,adjacent_percent_change_new_extension,residual_ftv,SPH,,T0->T1,difference,goal6_transformed_standardized_residual,375,0.06749560731928589,0.04553011862247445,,-0.11798542141226337,0.06749560731928589,-0.11798542141226337,-0.053262900501807264,,,37.78184489554589,26.895135420803204,0.09189186070678262,0.25679490374469693,375,0.04933289364374446,0.007296292253243934,,-0.10650126892935717,0.04933289364374446,-0.10650126892935717,-0.040719319019949296,,,37.55619414733005,26.567635354208324,0.06395183813335908,-0.029164263398976344,0.018162713675541425,0.03823382636923051,,-0.011484152482906199,0.018162713675541425,-0.011484152482906199,-0.012543581481857968,,,0.2256507482158412,0.3275000665948795,0.02794002257342354,0.28595916714367325
Z7,Z4_MATCHED_Z7,2026,LOCAL3,dynamic,adjacent_percent_change_new_extension,residual_ftv,SPH,,T0->T1,difference,goal6_transformed_standardized_residual,375,0.07423017890367059,0.06962817323433831,,-0.10761787865733512,0.07423017890367059,-0.10761787865733512,-0.03859137346723274,,,37.517779164413064,26.731591079122357,0.0860839832124824,0.4054262636905713,375,0.04931810036706025,0.014440386536010399,,-0.11897812798073513,0.04931810036706025,-0.11897812798073513,-0.045926441098446125,,,37.650031015243556,26.642664316403767,0.06528503318300731,0.07852533503775984,0.024912078536610344,0.05518778669832791,,0.011360249323400018,0.024912078536610344,0.011360249323400018,0.007335067631213388,,,-0.1322518508304924,0.08892676271858946,0.020798950029475086,0.32690092865281145
Z7,Z4_MATCHED_Z7,3026,LOCAL0,dynamic,adjacent_percent_change_new_extension,residual_ftv,SPH,,T0->T1,difference,goal6_transformed_standardized_residual,375,0.08995696317998501,0.05793996955995512,,-0.08031801548390038,0.08995696317998501,-0.08031801548390038,-0.013699817913962908,,,37.06546488027489,26.326002328853626,0.04631207499518613,0.21896063803830762,375,0.02812240041371992,0.0020256880453267314,,-0.13925631826533377,0.02812240041371992,-0.13925631826533377,-0.055788226189859236,,,37.82711105925811,26.81685704428858,0.08598982159134236,-0.07258742135310614,0.06183456276626509,0.055914281514628385,,0.05893830278143339,0.06183456276626509,0.05893830278143339,0.04208840827589633,,,-0.7616461789832201,-0.49085471543495274,-0.03967774659615623,0.29154805939141376
Z7,Z4_MATCHED_Z7,3026,LOCAL3,dynamic,adjacent_percent_change_new_extension,residual_ftv,SPH,,T0->T1,difference,goal6_transformed_standardized_residual,375,0.07399203122316439,0.040255203234406234,,-0.07868036431617999,0.07399203122316439,-0.07868036431617999,-0.020249530918183822,,,37.18501569387129,26.27052676522828,0.03759371386180266,0.15872499250327193,375,0.019507443911995933,-0.0018549215454259404,,-0.09380153748724342,0.019507443911995933,-0.09380153748724342,-0.03227535138916049,,,37.40352610481779,26.32657047560082,0.0339418609471806,-0.07756563189923081,0.05448458731116845,0.04211012477983218,,0.015121173171063429,0.05448458731116845,0.015121173171063429,0.012025820470976667,,,-0.21851041094650014,-0.056043710372541966,0.0036518529146220557,0.23629062440250276
Z7,Z4_MATCHED_Z7,2026,LOCAL0,dynamic,adjacent_percent_change_new_extension,residual_ftv,SPH,,T1->T2,difference,goal6_transformed_standardized_residual,375,0.07750162060895295,0.088209960635713,,-0.06044145146146968,0.07750162060895295,-0.06044145146146968,0.10715927701531813,,,55.36383028161604,38.44276512983017,0.06681695169370173,0.4212161836676914,375,-0.01312025160273528,0.03560494626878293,,-0.08370869603330763,-0.01312025160273528,-0.08370869603330763,0.09171179983251498,,,55.84071487402511,38.83677347757866,0.06586960807803491,0.07614962587340851,0.09062187221168823,0.05260501436693007,,0.02326724457183795,0.09062187221168823,0.02326724457183795,0.015447477182803149,,,-0.4768845924090712,-0.39400834774848903,0.0009473436156668263,0.3450665577942829
Z7,Z4_MATCHED_Z7,2026,LOCAL3,dynamic,adjacent_percent_change_new_extension,residual_ftv,SPH,,T1->T2,difference,goal6_transformed_standardized_residual,375,0.0665680875105035,0.10061430468593441,,-0.05365424855528163,0.0665680875105035,-0.05365424855528163,0.11262690665193098,,,55.194049842340085,38.39793909225475,0.06157155543031986,0.49489534474234853,375,-0.012379491005503404,0.03761188457276322,,-0.07714872061827374,-0.012379491005503404,-0.07714872061827374,0.09517050490862677,,,55.7342944791169,38.7708805505121,0.057699033349277,0.10900223164879157,0.07894757851600691,0.0630024201131712,,0.023494472062992114,0.07894757851600691,0.023494472062992114,0.017456401743304206,,,-0.5402446367768121,-0.37294145825735114,0.003872522081042863,0.38589311309355695
Z7,Z4_MATCHED_Z7,3026,LOCAL0,dynamic,adjacent_percent_change_new_extension,residual_ftv,SPH,,T1->T2,difference,goal6_transformed_standardized_residual,375,0.10845272539779385,0.12804978660526573,,-0.01988022501809842,0.10845272539779385,-0.01988022501809842,0.14186539566007095,,,54.27712569428846,37.60645723989024,0.02513755850054842,0.8492876733302749,375,0.02710028165239569,0.088738540358108,,-0.027873615912060785,0.02710028165239569,-0.027873615912060785,0.13259606385521094,,,54.56948155116298,37.97707456856308,0.018971846984261583,0.667704544262661,0.08135244374539816,0.03931124624715772,,0.007993390893962365,0.08135244374539816,0.007993390893962365,0.009269331804860004,,,-0.29235585687452215,-0.3706173286728429,0.006165711516286837,0.18158312906761387
Z7,Z4_MATCHED_Z7,3026,LOCAL3,dynamic,adjacent_percent_change_new_extension,residual_ftv,SPH,,T1->T2,difference,goal6_transformed_standardized_residual,375,0.09804415914463008,0.10681923088551641,,-0.024697380258788475,0.09804415914463008,-0.024697380258788475,0.13884618363869283,,,54.372524633564936,37.73245217982537,0.02407829434317329,0.7185600918912302,375,0.025789667420854888,0.0659433449702912,,-0.033211809510663715,0.025789667420854888,-0.033211809510663715,0.12988588952336633,,,54.654665316558614,38.06362505335531,0.018165477061818106,0.5118682524681092,0.07225449172377518,0.040875885915225216,,0.00851442925187524,0.07225449172377518,0.00851442925187524,0.008960294115326506,,,-0.28214068299367767,-0.33117287352993685,0.005912817281355183,0.20669183942312097
Z7,Z4_MATCHED_Z7,2026,LOCAL0,dynamic,adjacent_percent_change_new_extension,residual_ftv,SPH,,T2->T3,difference,goal6_transformed_standardized_residual,375,0.07297509337684997,0.07841159285872443,,-0.04399769130157343,0.07297509337684997,-0.04399769130157343,0.1027955069861719,,,61.05052118794981,37.74621242358152,0.03726612259163396,0.5952178076438334,375,0.09349509541100884,0.08456060596187204,,-0.036002695283299954,0.09349509541100884,-0.036002695283299954,0.10733723103680803,,,60.89580372369346,37.76277270190384,0.050904416865327866,0.3495810431974043,-0.020520002034158866,-0.00614901310314761,,-0.007994996018273477,-0.020520002034158866,-0.007994996018273477,-0.004541724050636131,,,0.15471746425635047,-0.01656027832232354,-0.013638294273693903,0.24563676444642907
Z7,Z4_MATCHED_Z7,2026,LOCAL3,dynamic,adjacent_percent_change_new_extension,residual_ftv,SPH,,T2->T3,difference,goal6_transformed_standardized_residual,375,0.07249384923780407,0.07373030800981466,,-0.04578370223975027,0.07249384923780407,-0.04578370223975027,0.10051732792130919,,,61.12798170103918,37.670944075705215,0.03720259700638907,0.5412850335926302,375,0.08568465236730743,0.08307488382455597,,-0.038579242239152864,0.08568465236730743,-0.038579242239152864,0.10456426473717029,,,60.990313701310654,37.67885407879471,0.03701696388799278,0.6048075855446835,-0.013190803129503367,-0.00934457581474131,,-0.007204460000597407,-0.013190803129503367,-0.007204460000597407,-0.004046936815861102,,,0.13766799972852795,-0.00791000308949208,0.00018563311839628338,-0.06352255195205325
Z7,Z4_MATCHED_Z7,3026,LOCAL0,dynamic,adjacent_percent_change_new_extension,residual_ftv,SPH,,T2->T3,difference,goal6_transformed_standardized_residual,375,0.031382723959043624,0.06867557468929855,,-0.053588240940914036,0.031382723959043624,-0.053588240940914036,0.09476065034953196,,,61.32327887422871,38.11267779960612,0.0495622918637729,0.3572410464238948,375,0.03911829164774941,0.07768089065351713,,-0.04218684240176025,0.03911829164774941,-0.04218684240176025,0.09878887525871172,,,61.186685507672784,38.0821065832371,0.041977116777000625,0.4106552266193849,-0.007735567688705786,-0.00900531596421858,,-0.011401398539153784,-0.007735567688705786,-0.011401398539153784,-0.004028224909179756,,,0.13659336655592824,0.030571216369018828,0.007585175086772276,-0.0534141801954901
Z7,Z4_MATCHED_Z7,3026,LOCAL3,dynamic,adjacent_percent_change_new_extension,residual_ftv,SPH,,T2->T3,difference,goal6_transformed_standardized_residual,375,-0.030759027953991804,0.026105327316509764,,-0.10711034673625909,-0.030759027953991804,-0.10711034673625909,0.06486033701370897,,,62.327813919360324,38.98074543159078,0.07056623429297217,0.2547170611257515,375,-0.005111479392328657,0.041791436265441184,,-0.09163562421227829,-0.005111479392328657,-0.09163562421227829,0.07124459505400405,,,62.1146915687194,38.86413783383006,0.06202233210207263,0.3506175545151877,-0.025647548561663146,-0.01568610894893142,,-0.0154747225239808,-0.025647548561663146,-0.0154747225239808,-0.006384258040295077,,,0.21312235064092278,0.11660759776072638,0.008543902190899538,-0.09590049338943624
Z7,Z4_MATCHED_Z7,2026,LOCAL0,dynamic,adjacent_percent_change_new_extension,residual_ftv_ld,BPE,,T0->T1,difference,goal6_transformed_standardized_residual,375,0.09891004350432575,0.09072627163124325,,-0.012746191937306525,0.09891004350432575,-0.012746191937306525,0.10040599807462591,,,34.207398020586204,24.203741297811057,0.039443847917523533,0.4813869567959699,375,0.1078839614312411,0.1099974138437609,,-0.0034416783528591136,0.1078839614312411,-0.0034416783528591136,0.10611356727995902,,,34.09870912350024,24.161726567177634,0.024438801157643165,0.7722392374183532,-0.008973917926915348,-0.019271142212517647,,-0.009304513584447411,-0.008973917926915348,-0.009304513584447411,-0.005707569205333107,,,0.10868889708596186,0.042014730633422204,0.015005046759880368,-0.29085228062238333
Z7,Z4_MATCHED_Z7,2026,LOCAL3,dynamic,adjacent_percent_change_new_extension,residual_ftv_ld,BPE,,T0->T1,difference,goal6_transformed_standardized_residual,375,0.08408342996438313,0.08751531500855583,,-0.018715717866322205,0.08408342996438313,-0.018715717866322205,0.09542204328213255,,,34.302025508700616,24.302394314348362,0.03864878510103069,0.5211528544327918,375,0.10760424921789372,0.11585579247219943,,-0.005707491855676135,0.10760424921789372,-0.005707491855676135,0.10459680322507281,,,34.127626541456955,24.191281047024113,0.03557862616480367,0.6982555595240416,-0.023520819253510586,-0.0283404774636436,,-0.013008226010646069,-0.023520819253510586,-0.013008226010646069,-0.009174759942940258,,,0.17439896724366122,0.11111326732424942,0.003070158936227016,-0.1771027050912498
Z7,Z4_MATCHED_Z7,3026,LOCAL0,dynamic,adjacent_percent_change_new_extension,residual_ftv_ld,BPE,,T0->T1,difference,goal6_transformed_standardized_residual,375,0.05579757298142547,0.03342246233203075,,-0.06628040624251111,0.05579757298142547,-0.06628040624251111,0.07467979446802508,,,34.69307445684574,24.75720699467185,0.07451627758885535,0.1223821988087321,375,0.06905406098696136,0.05624322063491621,,-0.06510746877501582,0.06905406098696136,-0.06510746877501582,0.07394416561222839,,,34.7068622009102,24.81839779318048,0.07897749490202563,0.26416368833803167,-0.013256488005535888,-0.022820758302885463,,-0.0011729374674952914,-0.013256488005535888,-0.0011729374674952914,0.0007356288557966995,,,-0.013787744064458707,-0.06119079850862974,-0.004461217313170285,-0.14178148952929956
Z7,Z4_MATCHED_Z7,3026,LOCAL3,dynamic,adjacent_percent_change_new_extension,residual_ftv_ld,BPE,,T0->T1,difference,goal6_transformed_standardized_residual,375,0.04635310951200729,0.052059616354387626,,-0.0726401155319041,0.04635310951200729,-0.0726401155319041,0.07093525299080161,,,34.76320071838987,24.72341962328786,0.08046806925580395,0.28186517585830395,375,0.04875694507133211,0.05874262784906389,,-0.07547001464521505,0.04875694507133211,-0.07547001464521505,0.06702303715761737,,,34.83631632896635,24.939921779194254,0.07606920119886293,0.4125327798073089,-0.0024038355593248226,-0.006683011494676261,,0.0028298991133109547,-0.0024038355593248226,0.0028298991133109547,0.0039122158331842405,,,-0.07311561057647964,-0.21650215590639377,0.0043988680569410216,-0.13066760394900495
Z7,Z4_MATCHED_Z7,2026,LOCAL0,dynamic,adjacent_percent_change_new_extension,residual_ftv_ld,BPE,,T1->T2,difference,goal6_transformed_standardized_residual,370,0.18223192044250272,0.19473834198897064,,-0.04335351668175738,0.18223192044250272,-0.04335351668175738,0.013630141453500944,,,36.121771788788095,25.44071780989556,0.1071341139172729,0.8875079036496613,370,0.19203806835546705,0.18502087649313662,,-0.006678666363444843,0.19203806835546705,-0.006678666363444843,0.03966975804621198,,,35.64178539782793,25.178205183805048,0.060390200667436986,0.8192509051518058,-0.00980614791296433,0.009717465495834021,,-0.03667485031831254,-0.00980614791296433,-0.03667485031831254,-0.026039616592711035,,,0.47998639096016404,0.26251262609051196,0.046743913249835914,0.06825699849785549
Z7,Z4_MATCHED_Z7,2026,LOCAL3,dynamic,adjacent_percent_change_new_extension,residual_ftv_ld,BPE,,T1->T2,difference,goal6_transformed_standardized_residual,370,0.19971806100013348,0.19726643499689298,,-0.0009631292289910604,0.19971806100013348,-0.0009631292289910604,0.0438567217297019,,,35.56400284512524,24.92131282679166,0.058660204283211836,0.8757993668059463,370,0.19798627427225665,0.19149963504332876,,-0.0032002565589019745,0.19798627427225665,-0.0032002565589019745,0.041460360099597415,,,35.608541609173145,25.10403310673175,0.06414881265849635,0.8061215967427793,0.0017317867278768273,0.005766799953564217,,0.002237127329910914,0.0017317867278768273,0.002237127329910914,0.002396361630104482,,,-0.04453876404790691,-0.1827202799400922,-0.005488608375284518,0.069677770063167
Z7,Z4_MATCHED_Z7,3026,LOCAL0,dynamic,adjacent_percent_change_new_extension,residual_ftv_ld,BPE,,T1->T2,difference,goal6_transformed_standardized_residual,370,0.1315705401613673,0.13950259028858256,,-0.02393540297755483,0.1315705401613673,-0.02393540297755483,0.024181298815309726,,,35.928055807601005,25.467616191905826,0.04983585799989483,0.6628967028183719,370,0.13769470476439366,0.15562108970035365,,-0.0674151357741945,0.13769470476439366,-0.0674151357741945,-0.012967835341236578,,,36.605553319722645,25.965891718122144,0.11945412526833142,0.610203159112016,-0.006124164603026366,-0.016118499411771098,,0.04347973279663967,-0.006124164603026366,0.04347973279663967,0.037149134156546304,,,-0.67749751212164,-0.4982755262163181,-0.06961826726843659,0.05269354370635593
Z7,Z4_MATCHED_Z7,3026,LOCAL3,dynamic,adjacent_percent_change_new_extension,residual_ftv_ld,BPE,,T1->T2,difference,goal6_transformed_standardized_residual,370,0.1285229809553908,0.1454612951817192,,-0.031015636656696807,0.1285229809553908,-0.031015636656696807,0.017541045411094247,,,36.05009021411634,25.59826337534528,0.06950248501190429,0.6406719680024532,370,0.1415212969567782,0.16608277944960384,,-0.018261280700578246,0.1415212969567782,-0.018261280700578246,0.028786975130769443,,,35.84316877489981,25.45219446866492,0.0720944964869241,0.6834926321407341,-0.0129983160013874,-0.020621484267884627,,-0.012754355956118561,-0.0129983160013874,-0.012754355956118561,-0.011245929719675196,,,0.20692143921652928,0.14606890668035888,-0.0025920114750198203,-0.042820664138280895
Z7,Z4_MATCHED_Z7,2026,LOCAL0,dynamic,adjacent_percent_change_new_extension,residual_ftv_ld,BPE,,T2->T3,difference,goal6_transformed_standardized_residual,313,0.0814741628393942,0.027386422909490334,,-0.0721810337706354,0.0814741628393942,-0.0721810337706354,-0.03778807597971312,,,45.57115345145663,29.54796189814964,0.051839187787217605,0.361644233371772,313,0.10014659309471811,0.05905680607861541,,-0.06203805764507614,0.10014659309471811,-0.06203805764507614,-0.02654803769344416,,,45.32369637370642,29.4856379855496,0.060507854812703855,0.34319728666321714,-0.01867243025532392,-0.03167038316912507,,-0.010142976125559255,-0.01867243025532392,-0.010142976125559255,-0.01124003828626896,,,0.2474570777502123,0.06232391260003922,-0.00866866702548625,0.018446946708554846
Z7,Z4_MATCHED_Z7,2026,LOCAL3,dynamic,adjacent_percent_change_new_extension,residual_ftv_ld,BPE,,T2->T3,difference,goal6_transformed_standardized_residual,313,0.09141854464004119,0.061354905612439996,,-0.06785181266975275,0.09141854464004119,-0.06785181266975275,-0.028942257293576468,,,45.376519855680165,29.631811081344647,0.06574101142376497,0.4080053444807769,313,0.09415091998605343,0.07702682158389854,,-0.22380310495921113,0.09415091998605343,-0.22380310495921113,-0.0942386318895323,,,46.794165275435496,30.99915510707807,0.22561402798573338,0.4150082612396511,-0.002732375346012242,-0.01567191597145854,,0.15595129228945837,-0.002732375346012242,0.15595129228945837,0.06529637459595583,,,-1.4176454197553312,-1.3673440257334235,-0.1598730165619684,-0.007002916758874211
Z7,Z4_MATCHED_Z7,3026,LOCAL0,dynamic,adjacent_percent_change_new_extension,residual_ftv_ld,BPE,,T2->T3,difference,goal6_transformed_standardized_residual,313,0.11066978986347366,0.10601077998602186,,-0.04104659688023308,0.11066978986347366,-0.04104659688023308,-0.01825225535135333,,,45.14018901759383,29.23922948003192,0.09491111028282544,0.40339757027881046,313,0.1520240766617713,0.1318180245251233,,-0.0460104371444561,0.1520240766617713,-0.0460104371444561,-0.013782354037262134,,,45.04100234244271,29.1978670865931,0.10078599758927355,0.5937597257650277,-0.041354286798297654,-0.02580724453910145,,0.0049638402642230225,-0.041354286798297654,0.0049638402642230225,-0.004469901314091196,,,0.0991866751511239,0.04136239343882053,-0.005874887306448112,-0.1903621554862172
Z7,Z4_MATCHED_Z7,3026,LOCAL3,dynamic,adjacent_percent_change_new_extension,residual_ftv_ld,BPE,,T2->T3,difference,goal6_transformed_standardized_residual,313,0.09180290985186279,0.08986114454444649,,-0.04145911575357459,0.09180290985186279,-0.04145911575357459,-0.011754902099923914,,,44.99594130468618,29.399698896118707,0.07604535575164244,0.370756142165313,313,0.15733163472018927,0.13842738371105345,,-0.03125890578923966,0.15733163472018927,-0.03125890578923966,-0.003484814126193392,,,44.811665476393436,29.201238052517063,0.09815380224660171,0.494893025555088,-0.06552872486832648,-0.04856623916660696,,-0.010200209964334926,-0.06552872486832648,-0.010200209964334926,-0.008270087973730522,,,0.18427582829274058,0.1984608436016444,-0.022108446494959272,-0.12413688338977502
Z7,Z4_MATCHED_Z7,2026,LOCAL0,dynamic,adjacent_percent_change_new_extension,residual_ftv_ld,SPH,,T0->T1,difference,goal6_transformed_standardized_residual,375,0.07543820537448126,0.05290190751306043,,-0.11319686594364235,0.07543820537448126,-0.11319686594364235,-0.07861357145361736,,,38.23382142803347,27.514857191934688,0.08903714866793203,0.3074296256499545,375,0.05749661490180382,0.01181352989349163,,-0.10413458132129265,0.05749661490180382,-0.10413458132129265,-0.06790290066395666,,,38.043516217657384,27.209693758584244,0.06291658148137595,0.0019737073755671493,0.01794159047267744,0.0410883776195688,,-0.009062284622349703,0.01794159047267744,-0.009062284622349703,-0.010710670789660703,,,0.1903052103760885,0.3051634333504438,0.026120567186556073,0.3054559182743874
Z7,Z4_MATCHED_Z7,2026,LOCAL3,dynamic,adjacent_percent_change_new_extension,residual_ftv_ld,SPH,,T0->T1,difference,goal6_transformed_standardized_residual,375,0.07989679238357981,0.07200037528446582,,-0.1049404987592297,0.07989679238357981,-0.1049404987592297,-0.06502320924080363,,,37.99218779529365,27.341243840345832,0.08296654456753852,0.4307187564600304,375,0.05137040086204441,0.014460368221192017,,-0.11819331176412845,0.05137040086204441,-0.11819331176412845,-0.07397834470591658,,,38.15158009282332,27.2754395604187,0.06360832246416669,0.08564713157192372,0.028526391521535403,0.0575400070632738,,0.01325281300489875,0.028526391521535403,0.01325281300489875,0.008955135465112951,,,-0.15939229752967066,0.06580427992713211,0.019358222103371833,0.34507162488810667
Z7,Z4_MATCHED_Z7,3026,LOCAL0,dynamic,adjacent_percent_change_new_extension,residual_ftv_ld,SPH,,T0->T1,difference,goal6_transformed_standardized_residual,375,0.09071164941613263,0.06382319194402437,,-0.0755385427417963,0.09071164941613263,-0.0755385427417963,-0.0395849293777053,,,37.535720340095175,26.970304668374222,0.04552362393508463,0.24904527959447895,375,0.034215170108682164,0.010840304730949636,,-0.13009255230417544,0.034215170108682164,-0.13009255230417544,-0.08019230946263756,,,38.261792110768575,27.383007960086058,0.08233280569191513,-0.02956471597963041,0.05649647930745047,0.05298288721307474,,0.05455400956237913,0.05649647930745047,0.05455400956237913,0.040607380084932254,,,-0.7260717706733999,-0.4127032917118356,-0.036809181756830504,0.27860999557410937
Z7,Z4_MATCHED_Z7,3026,LOCAL3,dynamic,adjacent_percent_change_new_extension,residual_ftv_ld,SPH,,T0->T1,difference,goal6_transformed_standardized_residual,375,0.07890961604229005,0.04545037828003215,,-0.0739469651989177,0.07890961604229005,-0.0739469651989177,-0.04578741215761073,,,37.64752863186055,26.864279608824393,0.03635635916544941,0.18600305997102684,375,0.027816712768398484,0.006180003753186108,,-0.08862364862268454,0.027816712768398484,-0.08862364862268454,-0.05792616931877115,,,37.865391137852384,26.923382834427034,0.033057338644970825,-0.03629541206574938,0.051092903273891564,0.03927037452684604,,0.014676683423766837,0.051092903273891564,0.014676683423766837,0.012138757161160418,,,-0.21786250599183177,-0.05910322560264092,0.0032990205204785836,0.22229847203677622
Z7,Z4_MATCHED_Z7,2026,LOCAL0,dynamic,adjacent_percent_change_new_extension,residual_ftv_ld,SPH,,T1->T2,difference,goal6_transformed_standardized_residual,370,0.08351767203837879,0.09270282433078335,,-0.061433811981225175,0.08351767203837879,-0.061433811981225175,0.1022070037723718,,,55.77007591262866,38.65424049068807,0.06627845559480364,0.4432262068552719,370,-0.011289753049401864,0.0372536252381823,,-0.08623908074017977,-0.011289753049401864,-0.08623908074017977,0.08491481585370197,,,56.304601754466795,39.0819824773386,0.0645086456259385,0.09852960225150464,0.09480742508778064,0.05544919909260105,,0.0248052687589546,0.09480742508778064,0.0248052687589546,0.01729218791866982,,,-0.534525841838132,-0.4277419866505312,0.001769809968865138,0.3446966046037673
Z7,Z4_MATCHED_Z7,2026,LOCAL3,dynamic,adjacent_percent_change_new_extension,residual_ftv_ld,SPH,,T1->T2,difference,goal6_transformed_standardized_residual,370,0.07094283953855127,0.1062565784919132,,-0.05415148395174023,0.07094283953855127,-0.05415148395174023,0.10778545996284838,,,55.59654164169206,38.58351514087663,0.061394394721146654,0.5120671064662716,370,-0.008826163516084383,0.0409652681843692,,-0.07888570009305662,-0.008826163516084383,-0.07888570009305662,0.08871798313699442,,,56.1874767162968,38.9789314028556,0.05648065506303554,0.1295511789398889,0.07976900305463565,0.065291310307544,,0.024734216141316392,0.07976900305463565,0.024734216141316392,0.01906747682585397,,,-0.5909350746047366,-0.3954162619789727,0.0049137396581111145,0.38251592752638275
Z7,Z4_MATCHED_Z7,3026,LOCAL0,dynamic,adjacent_percent_change_new_extension,residual_ftv_ld,SPH,,T1->T2,difference,goal6_transformed_standardized_residual,370,0.10164956918008478,0.13135205873641195,,-0.023813840399426533,0.10164956918008478,-0.023813840399426533,0.13526811366890723,,,54.733581332115826,37.77539146512327,0.025943516678718952,0.8651450948964128,370,0.03287162703027764,0.09524394418797565,,-0.03081686756063401,0.03287162703027764,-0.03081686756063401,0.12628131924054675,,,55.01725773830752,38.08385090409795,0.019341356130636627,0.707070381027793,0.06877794214980713,0.03610811454843631,,0.007003027161207476,0.06877794214980713,0.007003027161207476,0.008986794428360478,,,-0.2836764061916952,-0.30845943897467976,0.006602160548082325,0.15807471386861982
Z7,Z4_MATCHED_Z7,3026,LOCAL3,dynamic,adjacent_percent_change_new_extension,residual_ftv_ld,SPH,,T1->T2,difference,goal6_transformed_standardized_residual,370,0.09296901985579362,0.10982809009857898,,-0.02916477768626966,0.09296901985579362,-0.02916477768626966,0.1318221816269336,,,54.842528786544456,37.93580595098383,0.025252254978255975,0.7339852674550433,370,0.021379114815289976,0.07256705258990193,,-0.036571526787430614,0.021379114815289976,-0.036571526787430614,0.12324927020436083,,,55.1126377237679,38.206879430510774,0.018790280494581965,0.5548764541210504,0.07158990504050364,0.037261037508677056,,0.007406749101160955,0.07158990504050364,0.007406749101160955,0.008572911422572771,,,-0.27010893722344065,-0.2710734795269474,0.006461974483674009,0.17910881333399298
Z7,Z4_MATCHED_Z7,2026,LOCAL0,dynamic,adjacent_percent_change_new_extension,residual_ftv_ld,SPH,,T2->T3,difference,goal6_transformed_standardized_residual,313,0.07049388025725,0.05399990337483166,,-0.060036938175786474,0.07049388025725,-0.060036938175786474,0.09915341594833982,,,64.12676051434268,38.962160719694836,0.039142078801924135,0.48888746261598953,313,0.06216709495015647,0.03449717505171245,,-0.06571829748038348,0.06216709495015647,-0.06571829748038348,0.09744515315061997,,,64.18753305769833,39.43037952220417,0.05358971634277385,0.09439009950863363,0.00832678530709352,0.01950272832311921,,0.005681359304597004,0.00832678530709352,0.005681359304597004,0.0017082627977198506,,,-0.06077254335565385,-0.4682188025093339,-0.014447637540849712,0.3944973631073559
Z7,Z4_MATCHED_Z7,2026,LOCAL3,dynamic,adjacent_percent_change_new_extension,residual_ftv_ld,SPH,,T2->T3,difference,goal6_transformed_standardized_residual,313,0.07299444156760099,0.051927512537466344,,-0.06224661654295726,0.07299444156760099,-0.06224661654295726,0.09672257697006836,,,64.2132218584603,38.91582216837428,0.040731172433822786,0.4575089768576873,313,0.06767466387694719,0.03486173583044069,,-0.06990084470898124,0.06767466387694719,-0.06990084470898124,0.09364029845085786,,,64.32268683137168,39.3454607721674,0.05397526913838174,0.09574966793098491,0.005319777690653796,0.01706577670702565,,0.007654228166023978,0.005319777690653796,0.007654228166023978,0.0030822785192105018,,,-0.10946497291138257,-0.4296386037931228,-0.013244096704558957,0.3617593089267024
Z7,Z4_MATCHED_Z7,3026,LOCAL0,dynamic,adjacent_percent_change_new_extension,residual_ftv_ld,SPH,,T2->T3,difference,goal6_transformed_standardized_residual,313,0.07699677736225484,0.06953700860825819,,-0.05543190956350316,0.07699677736225484,-0.05543190956350316,0.09887082219786958,,,64.1368179431592,39.04434912483015,0.0443333906510258,0.3899069034119258,313,0.08081607601077587,0.06004363011093646,,-0.04644456032661947,0.08081607601077587,-0.04644456032661947,0.10089953595961365,,,64.064581596182,38.97955146646319,0.05264484072843934,0.1658187351259762,-0.0038192986485210273,0.00949337849732173,,-0.008987349236883692,-0.0038192986485210273,-0.008987349236883692,-0.002028713761744072,,,0.07223634697720627,0.06479765836695606,-0.008311450077413539,0.2240881682859496
Z7,Z4_MATCHED_Z7,3026,LOCAL3,dynamic,adjacent_percent_change_new_extension,residual_ftv_ld,SPH,,T2->T3,difference,goal6_transformed_standardized_residual,313,0.038458943901922144,0.03067339451323227,,-0.1107054552417655,0.038458943901922144,-0.1107054552417655,0.07144538665956068,,,65.1054896081303,39.940616290486645,0.06691967018187897,0.31926239233924075,313,0.05924823343009799,0.05953920668916256,,-0.04766799545908487,0.05924823343009799,-0.04766799545908487,0.1003057161031724,,,64.08573414965137,39.000878853686295,0.04912528771000011,0.19055781866493196,-0.020789289528175846,-0.02886581217593029,,-0.06303745978268063,-0.020789289528175846,-0.06303745978268063,-0.02886032944361172,,,1.019755458478926,0.9397374368003497,0.01779438247187886,0.1287045736743088
Z7,Z4_MATCHED_Z7,2026,LOCAL0,static,goal6_workbook_endpoint,raw,BPE,T0,,current,natural_target,375,0.306237114575037,0.28314221787738914,0.042578535818804775,0.05539422617892217,,,,16.875557083123898,11.86985592708906,,,0.13530575310944928,0.769744329323602,375,0.270941404027762,0.20701122312611506,-0.011574817709798735,0.011229528166310824,,,,17.34624768167786,12.06290515990419,,,0.12835130223331534,0.5778215723604673,0.03529571054727498,0.07613099475127408,0.05415335352860351,0.044164698012611345,,,,-0.47069059855396134,-0.19304923281513098,,,0.006954450876133944,0.19192275696313477
Z7,Z4_MATCHED_Z7,2026,LOCAL3,static,goal6_workbook_endpoint,raw,BPE,T0,,current,natural_target,375,0.3016502446239618,0.25381237326811507,0.015225728512255787,0.026359656557192322,,,,17.114920467540866,11.895287711753834,,,0.14218348226327676,0.6731133696082593,375,0.276568665377176,0.21553274170308728,-0.010713879675483984,0.0048912965457023365,,,,17.338864528689356,12.013529754745514,,,0.13831166056973956,0.5795405861341532,0.02508157924678578,0.03827963156502778,0.02593960818773977,0.021468360011489985,,,,-0.2239440611484902,-0.11824204299167995,,,0.0038718216935371974,0.09357278347410614
Z7,Z4_MATCHED_Z7,3026,LOCAL0,static,goal6_workbook_endpoint,raw,BPE,T0,,current,natural_target,375,0.31332665832290363,0.26985162586003497,0.025922192923776954,0.040345348723615775,,,,17.021716888622496,11.915674008921737,,,0.17148998668791032,0.651636880130882,375,0.29483763795653656,0.1971040728693575,-0.055360222765915346,-0.05066682256319075,,,,17.717681860024722,12.433093576368956,,,0.21900812626835522,0.4211778115421454,0.01848902036636707,0.07274755299067748,0.0812824156896923,0.09101217128680653,,,,-0.6959649714022262,-0.5174195674472184,,,-0.0475181395804449,0.23045906858873655
Z7,Z4_MATCHED_Z7,3026,LOCAL3,static,goal6_workbook_endpoint,raw,BPE,T0,,current,natural_target,375,0.2953519171691888,0.2256697548164337,-0.01905375669436804,0.01745117456481592,,,,17.41025314131253,12.315821414859737,,,0.1924654521828317,0.5143952680874405,375,0.32418181818181824,0.2642160267114527,0.032403091927682315,0.06843826500554008,,,,16.964996504733218,11.880837685157044,,,0.11981195000767991,0.7633243016018926,-0.028829901012629444,-0.038546271895019024,-0.051456848622050355,-0.050987090440724164,,,,0.44525663657931247,0.4349837297026937,,,0.07265350217515179,-0.24892903351445206
Z7,Z4_MATCHED_Z7,2026,LOCAL0,static,goal6_workbook_endpoint,raw,BPE,T1,,current,natural_target,375,0.33530754352030945,0.3176285531238718,0.06948847130009683,0.10084611299464348,,,,12.191537545317285,8.790440332918141,,,0.1373037984123841,0.8571922983345415,375,0.32713551029696214,0.3166694320988533,0.06751821209055742,0.09702221416533093,,,,12.204437862305607,8.71470938532316,,,0.11659973316884994,0.9273792298342498,0.008172033223347308,0.0009591210250184945,0.0019702592095394156,0.0038238988293125553,,,,-0.012900316988321947,0.07573094759498211,,,0.02070406524353416,-0.07018693149970834
Z7,Z4_MATCHED_Z7,2026,LOCAL3,static,goal6_workbook_endpoint,raw,BPE,T1,,current,natural_target,375,0.3696297644783252,0.3415828118297015,0.08743933623497646,0.11335929991262819,,,,12.073368980966446,8.617584684953846,,,0.17021021769525624,0.8279482559198162,375,0.3458791671407442,0.3336498120298141,0.08129881959297991,0.10858672758552015,,,,12.113921039333919,8.62956253189497,,,0.12562880072035734,0.9413394888235357,0.023750597337581003,0.00793299979988743,0.006140516641996552,0.004772572327108038,,,,-0.040552058367472554,-0.011977846941125136,,,0.044581416974898896,-0.11339123290371944
Z7,Z4_MATCHED_Z7,3026,LOCAL0,static,goal6_workbook_endpoint,raw,BPE,T1,,current,natural_target,375,0.35488861076345435,0.34793244152815084,0.0855745420270474,0.12477914601083671,,,,12.085698494665372,8.645334003984667,,,0.10011892626349514,1.0996053216184485,375,0.3445368073728524,0.305095218201315,0.05763645687410257,0.10266462383163844,,,,12.268934263230848,8.740960852411266,,,0.09753267015256517,0.9769230212709044,0.010351803390601932,0.042837223326835816,0.027938085152944825,0.02211452217919828,,,,-0.18323576856547596,-0.09562684842659941,,,0.0025862561109299687,0.12268230034754413
Z7,Z4_MATCHED_Z7,3026,LOCAL3,static,goal6_workbook_endpoint,raw,BPE,T1,,current,natural_target,375,0.34721743087950846,0.33307256315556294,0.07735019684103506,0.11541090742476172,,,,12.13992623990221,8.713799669537135,,,0.10475532988917614,1.0290839261112668,375,0.3300889748549323,0.29404177342430676,0.05328223624026018,0.08745548578221081,,,,12.297246096898615,8.831887872244957,,,0.11437934305575191,0.8694312269618706,0.017128456024576133,0.03903078973125618,0.024067960600774874,0.02795542164255091,,,,-0.1573198569964056,-0.11808820270782228,,,-0.009624013166575768,0.15965269914939617
Z7,Z4_MATCHED_Z7,2026,LOCAL0,static,goal6_workbook_endpoint,raw,BPE,T2,,current,natural_target,375,0.45932119695073387,0.4049145830448166,0.1357015658307622,0.19515285421735423,,,,10.280292383063937,6.882253928396505,,,0.1369583132315745,1.0941307375707487,375,0.44728456024576174,0.4017331837319261,0.1322089768332263,0.18700550889704376,,,,10.301042528684038,6.888955276314959,,,0.13470478818606138,1.0945766765860785,0.012036636704972126,0.003181399312890465,0.003492588997535906,0.008147345320310473,,,,-0.02075014562010047,-0.006701347918453671,,,0.0022535250455131273,-0.0004459390153297438
Z7,Z4_MATCHED_Z7,2026,LOCAL3,static,goal6_workbook_endpoint,raw,BPE,T2,,current,natural_target,375,0.4670171805666174,0.3932865040715365,0.12353072586162872,0.19049907604615957,,,,10.35242163044109,6.902773468849956,,,0.1305783347500724,1.0883622771025259,375,0.4588501536010923,0.3924178925762945,0.12094002594628506,0.18172995691779226,,,,10.367710374138005,6.898420287482963,,,0.124903742420544,1.1103530135079196,0.00816702696552507,0.0008686114952419777,0.002590699915343664,0.008769119128367309,,,,-0.015288743696915574,0.004353181366992587,,,0.005674592329528411,-0.02199073640539373
Z7,Z4_MATCHED_Z7,3026,LOCAL0,static,goal6_workbook_endpoint,raw,BPE,T2,,current,natural_target,375,0.41106200932984416,0.37649895185157684,0.11033823960185196,0.14969626953734413,,,,10.430042199849492,6.98296196728854,,,0.12073249262760376,1.0835568149303534,375,0.39973785413585167,0.36284160372027935,0.10150157944988225,0.13999517825668925,,,,10.481712962828686,7.016580664524311,,,0.12527110855453144,1.0251599175951385,0.011324155193992491,0.013657348131297486,0.00883666015196971,0.009701091280654883,,,,-0.05167076297919415,-0.033618697235771045,,,-0.004538615926927683,0.058396897335214915
Z7,Z4_MATCHED_Z7,3026,LOCAL3,static,goal6_workbook_endpoint,raw,BPE,T2,,current,natural_target,375,0.42047468426442147,0.3853227126860133,0.11549675192967335,0.15797664261647082,,,,10.399760061959764,6.980477242113161,,,0.11574636549136408,1.132585318594188,375,0.40982000227557175,0.36588585924584177,0.10362595964578003,0.14343314596183987,,,,10.469314320584873,7.0117774032413,,,0.12339672865050427,1.0415828057408647,0.010654681988849724,0.019436853440171542,0.011870792283893317,0.01454349665463095,,,,-0.069554258625109,-0.03130016112813916,,,-0.007650363159140194,0.09100251285332339
Z7,Z4_MATCHED_Z7,2026,LOCAL0,static,goal6_workbook_endpoint,raw,BPE,T3,,current,natural_target,375,0.3610264882390437,0.2699194431485911,0.038758048819557245,0.07573680024933294,,,,10.160459068873804,6.837429724774263,,,0.10060860093051661,0.8509746333617736,375,0.38876162746713966,0.3036650593461504,0.06256579415108376,0.10266375654408046,,,,10.033844602021832,6.710061342373933,,,0.13002873888296204,0.8421222618929031,-0.02773513922809595,-0.03374561619755928,-0.02380774533152652,-0.02692695629474752,,,,0.1266144668519722,0.12736838240032977,,,-0.029420137952445427,0.008852371468870524
Z7,Z4_MATCHED_Z7,2026,LOCAL3,static,goal6_workbook_endpoint,raw,BPE,T3,,current,natural_target,375,0.3655452073872519,0.29658490993549547,0.057505651457458895,0.08770825429434632,,,,10.060888821987742,6.840460980860305,,,0.12196512609225353,0.8492415143002666,375,0.398828648781865,0.3180941615559642,0.07339013996789179,0.11272703038644705,,,,9.975747111134726,6.7165548334350085,,,0.13318391058163623,0.8716252778137368,-0.033283441394613145,-0.02150925162046874,-0.015884488510432893,-0.025018776092100722,,,,0.0851417108530157,0.12390614742529671,,,-0.011218784489382697,-0.022383763513470156
Z7,Z4_MATCHED_Z7,3026,LOCAL0,static,goal6_workbook_endpoint,raw,BPE,T3,,current,natural_target,375,0.32377706438568465,0.2546029267838898,0.027019558344023253,0.08234974847044602,,,,10.222309541494893,6.9219937045402915,,,0.0513749262327581,1.1232793786913275,375,0.36324938175531063,0.2831230405956909,0.04452352583977137,0.09975776802669799,,,,10.129942299719207,6.850087510157464,,,0.07136086316989906,1.05985186037508,-0.039472317369625975,-0.028520113811801084,-0.01750396749574812,-0.017408019556251972,,,,0.09236724177568512,0.07190619438282742,,,-0.019985936937140965,0.0634275183162476
Z7,Z4_MATCHED_Z7,3026,LOCAL3,static,goal6_workbook_endpoint,raw,BPE,T3,,current,natural_target,375,0.3403425533864206,0.2579541918686253,0.03027360783579247,0.08441818481182085,,,,10.205201407347097,6.885042510703363,,,0.06313400343599486,1.0266228467943792,375,0.36895014731496883,0.2917302663825182,0.048399790362150474,0.10527887341622785,,,,10.109373377920203,6.81397503043351,,,0.06830952645648677,1.116197000774978,-0.028607593928548225,-0.03377607451389292,-0.018126182526358003,-0.020860688604407,,,,0.09582802942689383,0.07106748026985255,,,-0.005175523020491915,-0.08957415398059876
Z7,Z4_MATCHED_Z7,2026,LOCAL0,static,goal6_workbook_endpoint,raw,FTV,T0,,current,natural_target,375,0.7540976220275345,0.4981982023360697,0.22571571643281052,0.5298397069803462,,,,37.544086138773544,16.85319503166483,,,0.3168094212275299,0.8851219524421771,375,0.816139264990329,0.7059649661559755,0.4801811655375,0.6592867602708186,,,,30.762195025941104,13.3982720367437,,,0.41212874044328857,1.099680942095998,-0.06204164296279446,-0.20776676381990578,-0.2544654491046895,-0.12944705329047235,,,,6.78189111283244,3.4549229949211284,,,-0.09531931921575865,-0.21455898965382103
Z7,Z4_MATCHED_Z7,2026,LOCAL3,static,goal6_workbook_endpoint,raw,FTV,T0,,current,natural_target,375,0.7516527477528729,0.4673249704921955,0.17068365177783773,0.5219075869208224,,,,38.855404002731326,16.965207001677413,,,0.41757690731100344,0.7231872328427621,375,0.8160964842416657,0.6666323496256944,0.42848896159952066,0.65453127084075,,,,32.25548876281551,13.79989717102775,,,0.4047149531589135,1.0478805019306425,-0.06444373648879276,-0.19930737913349889,-0.2578053098216829,-0.13262368391992763,,,,6.599915239915816,3.1653098306496634,,,0.01286195415208996,-0.32469326908788043
Z7,Z4_MATCHED_Z7,3026,LOCAL0,static,goal6_workbook_endpoint,raw,FTV,T0,,current,natural_target,375,0.7292941176470588,0.611296809722143,0.3554981951761257,0.5325864003307521,,,,34.25337621259317,15.768412137190845,,,0.39421976903359923,0.9736053006714882,375,0.7867158948685857,0.6999120470132413,0.3537388509826246,0.6216497612191078,,,,34.300096336351224,14.051475888198667,,,1.1231833277939185,0.6604168487582676,-0.05742177722152697,-0.08861523729109833,0.0017593441935011,-0.08906336088835565,,,,-0.046720123758056786,1.7169362489921784,,,-0.7289635587603193,0.31318845191322064
Z7,Z4_MATCHED_Z7,3026,LOCAL3,static,goal6_workbook_endpoint,raw,FTV,T0,,current,natural_target,375,0.7231204915234953,0.6034531393446659,0.337552442735809,0.5188590354309172,,,,34.726984011863266,15.685205291767732,,,0.492972556916457,0.8594728836682088,375,0.7840152463306407,0.7010480265500338,0.2893640273073128,0.6217055857860139,,,,35.96788570871714,13.807044111032987,,,1.3133518660213364,0.6117263997432317,-0.060894754807145346,-0.09759488720536791,0.04818841542849617,-0.10284655035509671,,,,-1.240901696853875,1.878161180734745,,,-0.8203793091048793,0.2477464839249771
Z7,Z4_MATCHED_Z7,2026,LOCAL0,static,goal6_workbook_endpoint,raw,FTV,T1,,current,natural_target,375,0.5797323927636819,0.2630440897773589,0.03298483887939718,0.30982909224070065,,,,37.05260470551267,12.575741629047556,,,0.11770810979743793,0.7666998096363075,375,0.6126988280805552,0.3594184231840253,0.09241022815687905,0.3757348823647647,,,,35.896069559810805,11.651992628238164,,,0.08710567554257885,1.2178031916372567,-0.032966435316873266,-0.0963743334066664,-0.059425389277481866,-0.06590579012406406,,,,1.1565351457018664,0.9237490008093925,,,0.030602434254859076,-0.45110338200094924
Z7,Z4_MATCHED_Z7,2026,LOCAL3,static,goal6_workbook_endpoint,raw,FTV,T1,,current,natural_target,375,0.5909006712936625,0.319476001678056,0.05689782007617683,0.3045766745964012,,,,36.59160641888409,12.862847914561236,,,0.24308728939163915,0.6479733060575161,375,0.6228883832062807,0.38410022785810033,0.09752457891648136,0.3694901447913606,,,,35.79478786996369,12.17110619087035,,,0.32910413916854375,0.6695421037580439,-0.03198771191261818,-0.06462422618004432,-0.04062675884030453,-0.06491347019495941,,,,0.7968185489203989,0.6917417236908854,,,-0.0860168497769046,-0.021568797700527775
Z7,Z4_MATCHED_Z7,3026,LOCAL0,static,goal6_workbook_endpoint,raw,FTV,T1,,current,natural_target,375,0.4970032995790193,0.23085624497362672,0.016152850294195442,0.1915767179113719,,,,37.373684712538356,13.04502262118118,,,0.10818304355369421,0.701878645944514,375,0.5440844237114575,0.3423485316502653,0.0856814309262095,0.28867799445172904,,,,36.028889115617815,11.909977389615591,,,0.09382802667166985,1.1176406215636552,-0.0470811241324382,-0.11149228667663857,-0.06952858063201406,-0.09710127654035713,,,,1.344795596920541,1.1350452315655897,,,0.014355016882024355,-0.4157619756191412
Z7,Z4_MATCHED_Z7,3026,LOCAL3,static,goal6_workbook_endpoint,raw,FTV,T1,,current,natural_target,375,0.5193084537490045,0.3094369280937697,0.07160271188778566,0.21181446027199574,,,,36.30521669219238,12.941708160217546,,,0.12274384294944195,0.8832268901426608,375,0.5774210945500057,0.44020538216023153,0.1681616261481832,0.3233726741083022,,,,34.36541376038105,11.678855201045522,,,0.13802305655345515,1.18489407489023,-0.0581126408010012,-0.13076845406646181,-0.09655891426039753,-0.11155821383630649,,,,1.9398029318113288,1.2628529591720241,,,-0.0152792136040132,-0.30166718474756915
Z7,Z4_MATCHED_Z7,2026,LOCAL0,static,goal6_workbook_endpoint,raw,FTV,T2,,current,natural_target,375,0.49535692342701104,0.21484967254353404,0.02078815800526812,0.2964777542268772,,,,30.777955985040578,7.443303586033762,,,0.038077364922675994,1.1010353254214145,375,0.4814154056206622,0.24840758203469188,0.03858756946065345,0.3147190684973846,,,,30.496943297865123,7.196967757737276,,,0.05269974751723679,1.082083015167364,0.013941517806348835,-0.033557909491157834,-0.017799411455385328,-0.018241314270507403,,,,0.2810126871754548,0.24633582829648581,,,-0.0146223825945608,0.01895231025405053
Z7,Z4_MATCHED_Z7,2026,LOCAL3,static,goal6_workbook_endpoint,raw,FTV,T2,,current,natural_target,375,0.527549436795995,0.17007334204801267,-0.06758881963666075,0.30150909379398455,,,,32.13686099334981,8.186039197321982,,,0.2081099291725497,0.372811967683821,375,0.5109525543292752,0.20753931105634543,-0.04360188112076724,0.3316722313557375,,,,31.773779138017144,7.963669507383319,,,0.22752764123239316,0.4350941944555059,0.016596882466719753,-0.03746596900833277,-0.023986938515893508,-0.03016313756175293,,,,0.3630818553326698,0.22236968993866313,,,-0.019417712059843467,-0.06228222677168488
Z7,Z4_MATCHED_Z7,3026,LOCAL0,static,goal6_workbook_endpoint,raw,FTV,T2,,current,natural_target,375,0.3839299123904881,0.16372997370481174,-0.002866222078339309,0.17378360116545552,,,,31.147482301917957,7.904021924802043,,,0.05521033239968794,0.6968158346414381,375,0.4317715325975652,0.20521683635486035,0.016574928835044522,0.23572795251792536,,,,30.844098666747307,7.723168754349255,,,0.05933154095989065,0.842500513415508,-0.04784162020707705,-0.04148686265004861,-0.01944115091338383,-0.06194435135246984,,,,0.3033836351706505,0.18085317045278781,,,-0.004121208560202705,-0.14568467877406988
Z7,Z4_MATCHED_Z7,3026,LOCAL3,static,goal6_workbook_endpoint,raw,FTV,T2,,current,natural_target,375,0.39474365684378193,0.18166339436481713,0.00720274999276771,0.1542999662450754,,,,30.99072444697242,7.915471395034728,,,0.06221983918364012,0.7282877122382744,375,0.45853817271589487,0.21583530427646913,0.022740462163594377,0.27119238166489373,,,,30.747258893330365,7.620133942154158,,,0.06038152518816723,0.8783557416053187,-0.06379451587211293,-0.034171909911652004,-0.015537712170826667,-0.11689241541981835,,,,0.24346555364205358,0.29533745288056945,,,0.0018383139954728928,-0.15006802936704433
Z7,Z4_MATCHED_Z7,2026,LOCAL0,static,goal6_workbook_endpoint,raw,FTV,T3,,current,natural_target,375,0.2873726412204261,0.38933570965407976,0.025596730760780395,0.09804349777752776,,,,12.248776953033627,3.2262400959152724,,,0.00562533215671062,5.190989533471714,375,0.30536092304931917,0.48627242981353797,0.05621055075432457,0.1266051501689572,,,,12.05482525043936,3.166694683993978,,,0.008861704885016341,5.165602761909056,-0.01798828182889306,-0.0969367201594582,-0.030613819993544178,-0.02856165239142945,,,,0.19395170259426742,0.05954541192129437,,,-0.003236372728305721,0.02538677156265834
Z7,Z4_MATCHED_Z7,2026,LOCAL3,static,goal6_workbook_endpoint,raw,FTV,T3,,current,natural_target,375,0.30834453910254567,0.4631161324961298,0.031389830271127295,0.11982808974842987,,,,12.212311473314752,3.211596965542918,,,0.00484110723114885,6.656065063279383,375,0.301320758978312,0.5494304431774301,0.16520407988907404,0.14557526858284683,,,,11.337401295236482,3.0332000663123933,,,0.044766331357781575,2.596790818235741,0.007023780124233658,-0.08631431068130024,-0.13381424961794675,-0.02574717883441696,,,,0.8749101780782702,0.17839689923052493,,,-0.03992522412663273,4.0592742450436425
Z7,Z4_MATCHED_Z7,3026,LOCAL0,static,goal6_workbook_endpoint,raw,FTV,T3,,current,natural_target,375,0.24373343063678676,0.32815194234156936,0.029446159174502107,0.044226596275506465,,,,12.224558309879543,3.2856084373917147,,,0.010011056357496162,3.2797068437231727,375,0.25744079289115945,0.3235767705424136,0.04018013676199672,0.03261036111373889,,,,12.156770745709979,3.277249046674763,,,0.015316348350519161,2.6145666580536244,-0.01370736225437269,0.004575171799155731,-0.010733977587494614,0.011616235161767574,,,,0.06778756416956355,0.008359390716951687,,,-0.005305291993022999,0.6651401856695482
Z7,Z4_MATCHED_Z7,3026,LOCAL3,static,goal6_workbook_endpoint,raw,FTV,T3,,current,natural_target,375,0.2751628328116305,0.29382868202094226,0.030137963212239605,0.07905300859975758,,,,12.220200743095313,3.2759401546274693,,,0.013999883593257746,2.4833159318312354,375,0.2815174810284156,0.3912170621907749,0.06312794939162292,0.11874661583486075,,,,12.010566761347567,3.207775105793891,,,0.018166397994526268,2.9025744974959085,-0.006354648216785108,-0.09738838016983264,-0.03298998617938331,-0.039693607235103165,,,,0.2096339817477464,0.06816504883357855,,,-0.0041665144012685215,-0.419258565664673
Z7,Z4_MATCHED_Z7,2026,LOCAL0,static,goal6_workbook_endpoint,raw,LD,T0,,current,natural_target,375,0.36076394434259096,0.29555967599135696,0.06281840171416464,0.08295044000669007,,,,2.0828492589932557,1.4788629576643306,,,0.12069669013897165,0.850741270515167,375,0.43338262454320936,0.423226381615126,0.1479929631393052,0.17290364246234544,,,,1.9859465454532061,1.4070014323448565,,,0.11674798958547604,1.2386483431424682,-0.0726186802006184,-0.12766670562376903,-0.08517456142514057,-0.08995320245565537,,,,0.09690271354004953,0.0718615253194741,,,0.00394870055349561,-0.3879070726273012
Z7,Z4_MATCHED_Z7,2026,LOCAL3,static,goal6_workbook_endpoint,raw,LD,T0,,current,natural_target,375,0.3758063364633275,0.30216748486771744,0.07244911360492545,0.09886450929733043,,,,2.07211968357892,1.4798353248333145,,,0.10705168462706574,0.9235299341559953,375,0.4352432762012867,0.42886628223288636,0.15415650360949396,0.17696517656585425,,,,1.9787501966426349,1.4076457246791023,,,0.12109808484173681,1.2324044721504002,-0.059436939737959216,-0.12669879736516892,-0.0817073900045685,-0.07810066726852383,,,,0.0933694869362851,0.07218960015421216,,,-0.014046400214671073,-0.3088745379944049
Z7,Z4_MATCHED_Z7,3026,LOCAL0,static,goal6_workbook_endpoint,raw,LD,T0,,current,natural_target,375,0.36766558710587427,0.34360942126336075,0.10466273823095618,0.11838107209523273,,,,2.0358196100870707,1.4703377841781622,,,0.1252762604070326,0.9708020228490462,375,0.4216478173157556,0.4378148695241965,0.17930621319054074,0.18118293259409735,,,,1.9491108389722407,1.3940688809425956,,,0.18778219546562966,1.0103301220760448,-0.053982230209881354,-0.09420544826083577,-0.07464347495958457,-0.06280186049886462,,,,0.08670877111483,0.07626890323556657,,,-0.06250593505859706,-0.039528099226998625
Z7,Z4_MATCHED_Z7,3026,LOCAL3,static,goal6_workbook_endpoint,raw,LD,T0,,current,natural_target,375,0.3761233119262431,0.3950026427233471,0.14272673381565026,0.13175115309593285,,,,1.9920746279656596,1.4319439138112275,,,0.18276578742514396,0.923958681185104,375,0.427123924110271,0.45598095738281297,0.19434356027951594,0.19209809331167066,,,,1.9311717743642782,1.3711516861422284,,,0.2025991582068756,1.0130430182947383,-0.051000612184027905,-0.06097831465946585,-0.05161682646386567,-0.060346940215737804,,,,0.06090285360138137,0.060792227668999166,,,-0.01983337078173164,-0.08908433710963426
Z7,Z4_MATCHED_Z7,2026,LOCAL0,static,goal6_workbook_endpoint,raw,LD,T1,,current,natural_target,375,0.1960122191218587,0.15598810312741837,-0.028813711028106814,-0.015160786980319129,,,,2.0844226026824058,1.4592333294177937,,,0.10597409006371589,0.47917221659367565,375,0.2343079028095328,0.20393708882904824,-0.0035825688195294525,0.003128240094710929,,,,2.0587042298938565,1.4392053225340424,,,0.11827673541254353,0.5929888823225424,-0.03829568368767408,-0.047948985701629865,-0.025231142208577362,-0.018289027075030058,,,,0.02571837278854927,0.02002800688375128,,,-0.012302645348827648,-0.11381666572886678
Z7,Z4_MATCHED_Z7,2026,LOCAL3,static,goal6_workbook_endpoint,raw,LD,T1,,current,natural_target,375,0.22288189653836799,0.17278715592096405,-0.018897924834441637,0.0009166280073611475,,,,2.0743533687187767,1.4479355623457815,,,0.10888034493540055,0.5236446999205154,375,0.2555572197693521,0.22590254403078455,0.011205990916955066,0.021730486848689935,,,,2.0434796414523615,1.427625610648081,,,0.119462470732453,0.6535899649071776,-0.0326753232309841,-0.0531153881098205,-0.030103915751396704,-0.020813858841328785,,,,0.03087372726641524,0.020309951697700557,,,-0.01058212579705245,-0.12994526498666215
Z7,Z4_MATCHED_Z7,3026,LOCAL0,static,goal6_workbook_endpoint,raw,LD,T1,,current,natural_target,375,0.20787935932838855,0.1674458068708374,-0.022209611154860198,-0.024231938402903514,,,,2.0777217310211413,1.4544099865012983,,,0.10487713360634048,0.5170515828345462,375,0.23949395802954762,0.20819859800722323,0.0022524062013116186,0.0009523575288274759,,,,2.052710702473872,1.4188606728676108,,,0.10981068975072865,0.6282832635141438,-0.03161459870115907,-0.04075279113638583,-0.024462017356171817,-0.02518429593173099,,,,0.02501102854726911,0.03554931363368752,,,-0.004933556144388174,-0.11123168067959754
Z7,Z4_MATCHED_Z7,3026,LOCAL3,static,goal6_workbook_endpoint,raw,LD,T1,,current,natural_target,375,0.23542758177138035,0.1919065834799658,-0.007548873362047681,0.0021487872356017353,,,,2.0627683678807927,1.4314281341393196,,,0.10424084530667468,0.5943892024235626,375,0.25835618955068124,0.23598539776452046,0.016396635593393105,0.0159409436053956,,,,2.038108991178354,1.4132555900424975,,,0.1242787276251816,0.6694015775731175,-0.02292860777930089,-0.04407881428455465,-0.023945508955440786,-0.013792156369793866,,,,0.024659376702438784,0.01817254409682212,,,-0.020037882318506922,-0.07501237514955483
Z7,Z4_MATCHED_Z7,2026,LOCAL0,static,goal6_workbook_endpoint,raw,LD,T2,,current,natural_target,375,0.25842012630000005,0.24702118670981835,0.0036346913336298137,0.04023924914743791,,,,2.1318925204819963,1.4970479138758335,,,0.13998274415118933,0.6602325814756392,375,0.25249310208475423,0.23921877644652312,-0.01283839517243024,0.0266935933681635,,,,2.1494437543201257,1.519886725548454,,,0.16540728518849435,0.5881904215158693,0.005927024215245824,0.007802410263295229,0.016473086506060053,0.013545655779274406,,,,-0.0175512338381294,-0.022838811672620585,,,-0.025424541037305015,0.07204215995976992
Z7,Z4_MATCHED_Z7,2026,LOCAL3,static,goal6_workbook_endpoint,raw,LD,T2,,current,natural_target,375,0.2935088259247413,0.26645274949252945,-0.004436572274834516,0.05040643726003194,,,,2.1405100222406697,1.500544020761938,,,0.22251866743338233,0.5648550043993326,375,0.2637830304796725,0.23555402994355915,-0.05711102910555943,0.01096092750938341,,,,2.1959189621558437,1.5427050059602068,,,0.2721115841214969,0.451561621010887,0.029725795445068814,0.030898719548970305,0.052674456830724914,0.03944550975064853,,,,-0.05540893991517404,-0.04216098519826872,,,-0.04959291668811455,0.11329338338844558
Z7,Z4_MATCHED_Z7,3026,LOCAL0,static,goal6_workbook_endpoint,raw,LD,T2,,current,natural_target,375,0.25359237198019624,0.23803858386312374,0.004188130185693528,0.03168879050782521,,,,2.1313003501069328,1.4786876170511256,,,0.142711333981282,0.6301125434399668,375,0.2932365747066027,0.2946110856784005,0.025959854689258988,0.058271754290819655,,,,2.107872972880599,1.4699755491438737,,,0.2099575443984448,0.6429590922231421,-0.03964420272640645,-0.05657250181527676,-0.02177172450356546,-0.026582963782994448,,,,0.02342737722633359,0.008712067907251875,,,-0.0672462104171628,-0.01284654878317526
Z7,Z4_MATCHED_Z7,3026,LOCAL3,static,goal6_workbook_endpoint,raw,LD,T2,,current,natural_target,375,0.25620892631422143,0.2503244777346325,0.003895890665359447,0.024835605036195186,,,,2.1316130620361844,1.4783157980005357,,,0.16825313261457697,0.6102696039128461,375,0.3142056212937699,0.31283220557974073,0.041600105146775146,0.09367367645031703,,,,2.0908813345704984,1.452767265312413,,,0.20929692738775332,0.6838014703154116,-0.05799669497954846,-0.06250772784510822,-0.0377042144814157,-0.06883807141412185,,,,0.040731727465685985,0.025548532688122627,,,-0.04104379477317635,-0.07353186640256548
Z7,Z4_MATCHED_Z7,2026,LOCAL0,static,goal6_workbook_endpoint,raw,LD,T3,,current,natural_target,375,0.1355816000136863,0.12579708963251748,-0.05163307999779443,0.006791518832771556,,,,1.8260773029786117,1.3309971279915995,,,0.038571315651761695,0.6405283658626149,375,0.13187896355503792,0.13931931107152723,-0.05137199971384021,0.0025947482186275744,,,,1.825850616321736,1.329704093384155,,,0.04061942487441307,0.6912647849713465,0.0037026364586483784,-0.013522221439009746,-0.0002610802839542181,0.004196770614143981,,,,0.00022668665687564094,0.0012930346074444543,,,-0.002048109222651376,-0.05073641910873161
Z7,Z4_MATCHED_Z7,2026,LOCAL3,static,goal6_workbook_endpoint,raw,LD,T3,,current,natural_target,375,0.12215955732672343,0.11431124490718815,-0.05828737771910464,0.000734677282767547,,,,1.8318455223348145,1.3410809799133612,,,0.03723300430095281,0.5924134556506117,375,0.117703608693318,0.12787995507134792,-0.05764462540350923,-0.004409706829982706,,,,1.8312891508766616,1.3378505908324312,,,0.04197108173943754,0.6242052164295717,0.004455948633405427,-0.013568710164159767,-0.0006427523155954074,0.005144384112750253,,,,0.0005563714581529045,0.003230389080929985,,,-0.004738077438484728,-0.031791760778960065
Z7,Z4_MATCHED_Z7,3026,LOCAL0,static,goal6_workbook_endpoint,raw,LD,T3,,current,natural_target,375,0.14865900672338905,0.135792904502054,-0.04733324700978714,0.00622369670564814,,,,1.822340319991823,1.3237951028618835,,,0.03256543945790182,0.752486314904515,375,0.10078899999889956,0.10830929179978539,-0.05701825854454623,-0.020242460425921725,,,,1.8307468001256832,1.3375792921866778,,,0.041573741988256786,0.5311976657153087,0.04787000672448949,0.02748361270226861,0.009685011534759091,0.026466157131569863,,,,-0.00840648013386014,-0.013784189324794305,,,-0.009008302530354964,0.22128864918920632
Z7,Z4_MATCHED_Z7,3026,LOCAL3,static,goal6_workbook_endpoint,raw,LD,T3,,current,natural_target,375,0.18053934008624797,0.17339929149742767,-0.03244204415371077,0.0192499048968657,,,,1.8093387320719918,1.3179095768101554,,,0.0410997157514546,0.8553185863597216,375,0.1450964944356025,0.18293191906402054,-0.029357747479948237,-0.0009240352024866117,,,,1.8066341194992417,1.3321829250597683,,,0.06696297115239645,0.7069230342458884,0.03544284565064548,-0.009532627566592872,-0.003084296673762532,0.020173940099352312,,,,0.0027046125727501202,-0.014273348249612905,,,-0.02586325540094185,0.14839555211383315
Z7,Z4_MATCHED_Z7,2026,LOCAL0,static,goal6_workbook_endpoint,raw,SPH,T0,,current,natural_target,375,0.37742268745022184,0.3417902801767903,0.09815734545033028,0.0869719496714981,,,,0.0895363544495612,0.07066583741568484,,,0.22574276912701915,0.7193707646611793,375,0.44805506883604507,0.41777618250917314,0.15797618186647788,0.14948334001170804,,,,0.08651595574197744,0.06786808155830254,,,0.28891035465693865,0.7772524925539966,-0.07063238138582323,-0.07598590233238284,-0.0598188364161476,-0.06251139034020994,,,,0.003020398707583763,0.002797755857382303,,,-0.0631675855299195,-0.057881727892817314
Z7,Z4_MATCHED_Z7,2026,LOCAL3,static,goal6_workbook_endpoint,raw,SPH,T0,,current,natural_target,375,0.4098070315166686,0.37444643745347383,0.13073524328118513,0.12025447011216422,,,,0.08790428738638797,0.06928470257746777,,,0.218585166725304,0.8009019653358472,375,0.48488451473432703,0.45843921948378247,0.2096039209053311,0.20347189522899622,,,,0.08382168949715431,0.0659242295961327,,,0.20005666215795756,1.0249560780417564,-0.07507748321765845,-0.08399278203030863,-0.07886867762414596,-0.083217425116832,,,,0.004082597889233666,0.003360472981335072,,,0.01852850456734645,-0.22405411270590914
Z7,Z4_MATCHED_Z7,3026,LOCAL0,static,goal6_workbook_endpoint,raw,SPH,T0,,current,natural_target,375,0.35633769484583006,0.33025301543413194,0.08270666794591275,0.08495473636879004,,,,0.0903000809935041,0.07067805461392894,,,0.2385158162759224,0.6762202940564906,375,0.46851496188417335,0.4454798805786456,0.1876914005319711,0.19247677764361046,,,,0.08497566011961603,0.06690210591749042,,,0.29767569125632537,0.8165004137797398,-0.1121772670383433,-0.11522686514451369,-0.10498473258605834,-0.10752204127482042,,,,0.005324420873888069,0.003775948696438519,,,-0.05915987498040298,-0.14028011972324916
Z7,Z4_MATCHED_Z7,3026,LOCAL3,static,goal6_workbook_endpoint,raw,SPH,T0,,current,natural_target,375,0.34357173739902147,0.29657707121865373,0.06896940978999822,0.06771272459975942,,,,0.0909737290172462,0.07123773893983532,,,0.17657143705908948,0.7057929992403076,375,0.4759133007168051,0.45217560347219055,0.19300893134186914,0.19502948118012395,,,,0.0846970698070519,0.06604491128653732,,,0.2960041327018139,0.8311094866824958,-0.13234156331778363,-0.15559853225353681,-0.12403952155187092,-0.1273167565803645,,,,0.006276659210194296,0.005192827653297996,,,-0.11943269564272443,-0.12531648744218826
Z7,Z4_MATCHED_Z7,2026,LOCAL0,static,goal6_workbook_endpoint,raw,SPH,T1,,current,natural_target,375,0.07845966549095461,0.042012353143579706,-0.02164147374659864,-0.032952013055404,,,,0.09234460046206155,0.07430056342140993,,,0.03800770005950008,0.2154969919167017,375,0.19897166913186942,0.16661196525958727,0.02185116006112897,0.015526137888478161,,,,0.0903576071209885,0.07225651300823009,,,0.059174654357958045,0.6849175936238029,-0.12051200364091481,-0.12459961211600756,-0.04349263380772761,-0.048478150943882165,,,,0.001986993341073051,0.002044050413179843,,,-0.02116695429845797,-0.4694206017071012
Z7,Z4_MATCHED_Z7,2026,LOCAL3,static,goal6_workbook_endpoint,raw,SPH,T1,,current,natural_target,375,0.0552101490499488,0.021480826969853362,-0.07086558463818826,-0.08963353074314606,,,,0.0945430763831596,0.07608026096999251,,,0.083173332054249,0.07448330630188177,375,0.22720286722038913,0.17946472452263212,0.024605757390870342,0.017094745852465634,,,,0.0902302878964716,0.07204070329845319,,,0.07100881871300853,0.6734772853927522,-0.17199271817044032,-0.15798389755277875,-0.0954713420290586,-0.1067282765956117,,,,0.004312788486688007,0.004039557671539323,,,0.012164513341240468,-0.5989939790908705
Z7,Z4_MATCHED_Z7,3026,LOCAL0,static,goal6_workbook_endpoint,raw,SPH,T1,,current,natural_target,375,0.05016566162248265,0.035415941773705925,-0.052561058040501374,-0.07626700338804322,,,,0.09373157146585674,0.07482366525189703,,,0.07107263476301684,0.13284572617486076,375,0.1887698259187621,0.16259178639895389,0.016065426009814865,0.00597568153835014,,,,0.09062444498587154,0.07264404199590653,,,0.0698836063700097,0.6150507441335614,-0.13860416429627945,-0.12717584462524795,-0.06862648405031624,-0.08224268492639336,,,,0.003107126479985206,0.0021796232559904982,,,0.0011890283930071355,-0.48220501795870063
Z7,Z4_MATCHED_Z7,3026,LOCAL3,static,goal6_workbook_endpoint,raw,SPH,T1,,current,natural_target,375,0.03484651268631244,0.01005120167340668,-0.049964646112886424,-0.06423487265305211,,,,0.09361589359866329,0.07522798418414192,,,0.054488052831316615,0.04305933742530195,375,0.17919513027648198,0.14835338798135708,0.00563572830595227,-0.004390042392774461,,,,0.09110348802332074,0.072860379292822,,,0.07620499800577064,0.5374099967858408,-0.14434861759016954,-0.1383021863079504,-0.055600374418838694,-0.05984483026027765,,,,0.0025124055753425467,0.002367604891319916,,,-0.02171694517445403,-0.49435065936053885
Z7,Z4_MATCHED_Z7,2026,LOCAL0,static,goal6_workbook_endpoint,raw,SPH,T2,,current,natural_target,375,0.11968779155762885,0.07222991727491657,-0.0051956722911075115,-0.04380311541315584,,,,0.12174635897751383,0.09342558442841659,,,0.03036552333213415,0.4145020972587061,375,0.13814791216293096,0.07330001798837078,-0.007482443875388878,-0.04040011585380348,,,,0.12188476384813135,0.09290928458737793,,,0.03480793325153587,0.39288456064081917,-0.01846012060530211,-0.0010701007134542168,0.0022867715842813663,-0.00340299955935236,,,,-0.00013840487061751727,0.0005162998410386532,,,-0.004442409919401719,0.021617536617886957
Z7,Z4_MATCHED_Z7,2026,LOCAL3,static,goal6_workbook_endpoint,raw,SPH,T2,,current,natural_target,375,0.14255614973262035,0.09594406111942667,0.0017692697319224848,-0.03523722073295989,,,,0.12132383910096979,0.09302848007793159,,,0.033178971115630784,0.5267282847649299,375,0.15374513596541134,0.0995243367047366,-0.006246064267193319,-0.03933339959907749,,,,0.12180995257015095,0.09284681936990857,,,0.051324334641079966,0.43930649868959887,-0.011188986232790993,-0.0035802755853099194,0.008015333999115803,0.0040961788661176,,,,-0.0004861134691811625,0.00018166070802301537,,,-0.018145363525449182,0.08742178607533108
Z7,Z4_MATCHED_Z7,3026,LOCAL0,static,goal6_workbook_endpoint,raw,SPH,T2,,current,natural_target,375,0.13691978609625668,0.1126748641260575,-0.006220562351170411,-0.06000181292279615,,,,0.1218084090079083,0.09443858908311063,,,0.06260158480407618,0.45033362866657745,375,0.17493321196950734,0.12110267596865533,0.005840222452697219,-0.03330868290925953,,,,0.1210761968561471,0.09288615932971778,,,0.046219593163392116,0.5633012053344166,-0.038013425873250656,-0.008427811842597832,-0.01206078480386763,-0.02669313001353662,,,,0.0007322121517612107,0.001552429753392856,,,0.016381991640684067,-0.11296757666783919
Z7,Z4_MATCHED_Z7,3026,LOCAL3,static,goal6_workbook_endpoint,raw,SPH,T2,,current,natural_target,375,0.13405279326430766,0.1012618673233397,-0.01856185244724351,-0.0752611095269826,,,,0.12255312225044547,0.09507833512536978,,,0.0734474136274049,0.37364371216361225,375,0.17416702696552508,0.12696881594427412,0.004720363549015283,-0.036336137186433644,,,,0.12114437005058667,0.09288012389853198,,,0.05462746223416602,0.5432397702120633,-0.04011423370121742,-0.025706948620934422,-0.023282215996258793,-0.03892497234054896,,,,0.0014087521998587954,0.002198211226837804,,,0.018819951393238873,-0.16959605804845101
Z7,Z4_MATCHED_Z7,2026,LOCAL0,static,goal6_workbook_endpoint,raw,SPH,T3,,current,natural_target,375,-0.005491409716691318,0.0025521460648040236,-0.026194171710909542,-0.03478250320303088,,,,0.1431875016808458,0.11322493933713962,,,0.026867639858130486,0.0155700772478927,375,0.09356058709750825,0.12331250995807001,0.006003728758369853,-0.006055747022258406,,,,0.14092327173092417,0.11185258231447405,,,0.04762842526168038,0.5650332776150876,-0.09905199681419957,-0.12076036389326598,-0.032197900469279395,-0.028726756180772476,,,,0.00226422994992162,0.0013723570226655685,,,-0.020760785403549895,-0.5494632003671949
Z7,Z4_MATCHED_Z7,2026,LOCAL3,static,goal6_workbook_endpoint,raw,SPH,T3,,current,natural_target,375,0.024509955626351124,0.018301967118153406,-0.02323777275280925,-0.03045665079481593,,,,0.1429810959530769,0.11318492348050065,,,0.02935516346214659,0.1068207245053439,375,0.07543383775173512,0.08336892379840863,-0.0044179758020979065,-0.013531344388813463,,,,0.14166011109173976,0.11273531092240804,,,0.03592552436703683,0.43984801600967927,-0.050923882125384,-0.06506695668025522,-0.018819796950711343,-0.01692530640600247,,,,0.0013209848613371378,0.0004496125580926019,,,-0.006570360904890243,-0.33302729150433535
Z7,Z4_MATCHED_Z7,3026,LOCAL0,static,goal6_workbook_endpoint,raw,SPH,T3,,current,natural_target,375,0.10835089316190692,0.10476238522736686,-0.001253129590021107,-0.010346600203945393,,,,0.14143675478000114,0.1114033589520222,,,0.04630384269966646,0.4868518905782027,375,0.08922061667994083,0.09375858585661008,0.004496247292715472,-0.005452774430585517,,,,0.1410300924211804,0.11163753125503502,,,0.025286877423296442,0.5896081074198658,0.019130276481966094,0.011003799370756781,-0.005749376882736579,-0.004893825773359875,,,,0.00040666235882075297,-0.000234172303012814,,,0.02101696527637002,-0.10275621684166308
Z7,Z4_MATCHED_Z7,3026,LOCAL3,static,goal6_workbook_endpoint,raw,SPH,T3,,current,natural_target,375,0.060402776197519624,0.06910323050905771,-0.0070725641381153,-0.017602166328309053,,,,0.1418471851730204,0.11216433678134861,,,0.031501113904577625,0.3893457112310243,375,0.09808738195471613,0.12057733272110358,-7.975963284612142e-05,-0.011739809959885638,,,,0.14135385551906415,0.1120044035089782,,,0.05828629317145034,0.4994390024015747,-0.0376846057571965,-0.05147410221204586,-0.006992804505269179,-0.005862356368423414,,,,0.0004933296539562371,0.00015993327237041888,,,-0.026785179266872718,-0.11009329117055039
Z7,Z4_MATCHED_Z7,2026,LOCAL0,static,goal6_workbook_endpoint,residual_ftv,BPE,T0,,current,goal6_transformed_standardized_residual,375,0.24108318842930893,0.2499785257870146,,0.012096973448148819,0.24108318842930893,0.012096973448148819,0.021210839469308462,,,17.0628319756619,12.080312804926685,0.1921360413668001,0.5976380791528398,375,0.1995276201573901,0.1899440635041822,,-0.03283459832183919,0.1995276201573901,-0.03283459832183919,-0.027846211486874717,,,17.485200162591802,12.222492840455901,0.14872139513077454,0.550468425182604,0.041555568271918836,0.06003446228283241,,0.04493157176998801,0.041555568271918836,0.04493157176998801,0.04905705095618318,,,-0.4223681869299014,-0.14218003552921665,0.04341464623602556,0.04716965397023587
Z7,Z4_MATCHED_Z7,2026,LOCAL3,static,goal6_workbook_endpoint,residual_ftv,BPE,T0,,current,goal6_transformed_standardized_residual,375,0.22672207417106585,0.21536660912237565,,-0.025585494518295126,0.22672207417106585,-0.025585494518295126,-0.01692461427002212,,,17.392055724879267,12.123410297581207,0.1866279709402829,0.5717734813592107,375,0.2051283333118937,0.19759155029994932,,-0.043948481244285374,0.2051283333118937,-0.043948481244285374,-0.03472969602209952,,,17.543651643141313,12.222143167927833,0.18420208828824797,0.5466498228449191,0.02159374085917215,0.01777505882242633,,0.01836298672599025,0.02159374085917215,0.01836298672599025,0.0178050817520774,,,-0.15159591826204633,-0.09873287034662503,0.002425882652034944,0.025123658514291547
Z7,Z4_MATCHED_Z7,3026,LOCAL0,static,goal6_workbook_endpoint,residual_ftv,BPE,T0,,current,goal6_transformed_standardized_residual,375,0.25565477859951957,0.24833753892908667,,-0.010047852844283897,0.25565477859951957,-0.010047852844283897,-0.004269278910804086,,,17.283497348696937,12.08106967561493,0.20947055086877056,0.57714388418614,375,0.2381169249432404,0.22476874133337654,,-0.13219500931910202,0.2381169249432404,-0.13219500931910202,-0.10578934385883798,,,18.136051433795906,12.839824314777236,0.3154887321002066,0.5933639154154238,0.017537853656279162,0.023568797595710123,,0.12214715647481812,0.017537853656279162,0.12214715647481812,0.1015200649480339,,,-0.8525540850989692,-0.758754639162305,-0.10601818123143605,-0.016220031229283727
Z7,Z4_MATCHED_Z7,3026,LOCAL3,static,goal6_workbook_endpoint,residual_ftv,BPE,T0,,current,goal6_transformed_standardized_residual,375,0.2868503598705253,0.2609627947447985,,-0.0021461204179422507,0.2868503598705253,-0.0021461204179422507,-0.015031995035392987,,,17.375863831983562,12.067268810527763,0.18981414645519404,0.7010943122257198,375,0.30088800979266944,0.2762792406109047,,0.03229925525393773,0.30088800979266944,0.03229925525393773,0.018273671367618483,,,17.0884140246752,11.935386532491021,0.1263233213963702,0.8697943142601106,-0.014037649922144124,-0.015316445866106199,,-0.03444537567187998,-0.014037649922144124,-0.03444537567187998,-0.03330566640301147,,,0.2874498073083629,0.13188227803674124,0.06349082505882384,-0.16870000203439073
Z7,Z4_MATCHED_Z7,2026,LOCAL0,static,goal6_workbook_endpoint,residual_ftv,BPE,T1,,current,goal6_transformed_standardized_residual,375,0.28343890294378155,0.28012647954015807,,0.059391927906417646,0.28343890294378155,0.059391927906417646,0.06946861716264052,,,12.191667608816566,8.885844151748167,0.14709818153110818,0.7993112311348556,375,0.27410457386133036,0.26613310736507423,,0.04844648099547328,0.27410457386133036,0.04844648099547328,0.057040618648175,,,12.272812355132647,8.891206144519296,0.11800957310214462,0.8166394786826839,0.009334329082451187,0.01399337217508384,,0.010945446910944366,0.009334329082451187,0.010945446910944366,0.012427998514465521,,,-0.08114474631608104,-0.00536199277112992,0.02908860842896356,-0.017328247547828357
Z7,Z4_MATCHED_Z7,2026,LOCAL3,static,goal6_workbook_endpoint,residual_ftv,BPE,T1,,current,goal6_transformed_standardized_residual,375,0.31708029715834884,0.30855413051498665,,0.06732406880761388,0.31708029715834884,0.06732406880761388,0.08500371427214215,,,12.089470139344686,8.736716336104239,0.19326198084786678,0.7871241946558716,375,0.29564051808967207,0.28323585429554277,,0.05768862288926587,0.29564051808967207,0.05768862288926587,0.06923538133803409,,,12.193195421602537,8.820407079331405,0.1263801043617236,0.8435882278220675,0.02143977906867678,0.02531827621944388,,0.009635445918348008,0.02143977906867678,0.009635445918348008,0.015768332934108065,,,-0.1037252822578516,-0.08369074322716585,0.06688187648614319,-0.05646403316619597
Z7,Z4_MATCHED_Z7,3026,LOCAL0,static,goal6_workbook_endpoint,residual_ftv,BPE,T1,,current,goal6_transformed_standardized_residual,375,0.340632300292607,0.31252932530942634,,0.09322900276721452,0.340632300292607,0.09322900276721452,0.08610038897204142,,,12.082223010964777,8.71762800559882,0.08205107170179281,1.0873155324328816,375,0.3182251309117145,0.2798532463681986,,0.06781024507987289,0.3182251309117145,0.06781024507987289,0.06357547122691987,,,12.230212188063776,8.812911070528138,0.08994017203733662,0.9749464690904169,0.02240716938089249,0.03267607894122776,,0.025418757687341628,0.02240716938089249,0.025418757687341628,0.022524917745121553,,,-0.1479891770989994,-0.09528306492931726,-0.007889100335543811,0.11236906334246466
Z7,Z4_MATCHED_Z7,3026,LOCAL3,static,goal6_workbook_endpoint,residual_ftv,BPE,T1,,current,goal6_transformed_standardized_residual,375,0.32939525377566775,0.30204644904951994,,0.08634879587921934,0.32939525377566775,0.08634879587921934,0.08664109998443292,,,12.078648243255893,8.779549041885824,0.09780936015574931,0.9723310847456871,375,0.3127903965801396,0.26713401955199373,,0.057247014985433824,0.3127903965801396,0.057247014985433824,0.055921952741254555,,,12.28009003198556,8.893212742742914,0.09196401635203384,0.9414015752810869,0.016604857195528178,0.03491242949752621,,0.02910178089378552,0.016604857195528178,0.02910178089378552,0.03071914724317837,,,-0.20144178872966734,-0.11366370085709043,0.005845343803715472,0.030929509464600158
Z7,Z4_MATCHED_Z7,2026,LOCAL0,static,goal6_workbook_endpoint,residual_ftv,BPE,T2,,current,goal6_transformed_standardized_residual,375,0.4055922069125316,0.39072956901824024,,0.14837898996258564,0.4055922069125316,0.14837898996258564,0.11240196077860387,,,10.417938051415716,7.130408341518315,0.1419792611280698,1.0521487665408433,375,0.3898261029821183,0.371202253149784,,0.13388965717215945,0.3898261029821183,0.13388965717215945,0.10229403329200937,,,10.477089634723368,7.17223218923068,0.13151595065843388,1.0434666833289916,0.015766103930413333,0.01952731586845624,,0.01448933279042619,0.015766103930413333,0.01448933279042619,0.010107927486594503,,,-0.0591515833076528,-0.041823847712365136,0.010463310469635917,0.00868208321185171
Z7,Z4_MATCHED_Z7,2026,LOCAL3,static,goal6_workbook_endpoint,residual_ftv,BPE,T2,,current,goal6_transformed_standardized_residual,375,0.40792005129197484,0.3969424490985246,,0.15310886096283688,0.40792005129197484,0.15310886096283688,0.11791505055206764,,,10.385533466784576,7.063379442480235,0.1518713267068487,1.0404516693922061,375,0.39461290484063793,0.376573529107654,,0.1378019251387656,0.39461290484063793,0.1378019251387656,0.10998184029199976,,,10.432131132856023,7.103016333058814,0.1405836558985901,1.028630653202587,0.013307146451336904,0.020368919990870593,,0.015306935824071277,0.013307146451336904,0.015306935824071277,0.00793321026006788,,,-0.04659766607144711,-0.039636890578578665,0.011287670808258599,0.01182101618961906
Z7,Z4_MATCHED_Z7,3026,LOCAL0,static,goal6_workbook_endpoint,residual_ftv,BPE,T2,,current,goal6_transformed_standardized_residual,375,0.3733040314874282,0.3583192118069584,,0.13194556389171636,0.3733040314874282,0.13194556389171636,0.11440500974589307,,,10.406176293573576,7.180550381833737,0.11685130305645437,1.0615934139216032,375,0.3539145085576231,0.32691897266824577,,0.10626927593290031,0.3539145085576231,0.10626927593290031,0.1016115412056805,,,10.481071546660607,7.183493521479584,0.1423570358660382,0.9039082605752956,0.019389522929805114,0.03140023913871265,,0.025676287958816046,0.019389522929805114,0.025676287958816046,0.012793468540212571,,,-0.07489525308703016,-0.002943139645847026,-0.025505732809583834,0.15768515334630762
Z7,Z4_MATCHED_Z7,3026,LOCAL3,static,goal6_workbook_endpoint,residual_ftv,BPE,T2,,current,goal6_transformed_standardized_residual,375,0.3705905453492125,0.35535994956970723,,0.1269047360062063,0.3705905453492125,0.1269047360062063,0.11786624647469579,,,10.385820768687031,7.131763605278599,0.132761864541052,1.0113555466798854,375,0.3522617219900523,0.32545626324112087,,0.10509928057862998,0.3522617219900523,0.10509928057862998,0.09894101718051396,,,10.496637855101072,7.19396880016164,0.13599834451432619,0.9180651929689755,0.018328823359160196,0.029903686328586365,,0.021805455427576323,0.018328823359160196,0.021805455427576323,0.018925229294181833,,,-0.1108170864140412,-0.06220519488304088,-0.003236479973274198,0.09329035371090988
Z7,Z4_MATCHED_Z7,2026,LOCAL0,static,goal6_workbook_endpoint,residual_ftv,BPE,T3,,current,goal6_transformed_standardized_residual,375,0.27414678321655683,0.25818160021111203,,0.024334805469375914,0.27414678321655683,0.024334805469375914,0.07789368181747836,,,9.95147534500986,6.744337495295016,0.15117049387403403,0.7546890936400997,375,0.29168580014333517,0.2714896927069474,,0.0452089454543104,0.29168580014333517,0.0452089454543104,0.08375459313920397,,,9.919799123353279,6.706316559879492,0.10771762511356578,0.9017107492649528,-0.01753901692677834,-0.013308092495835366,,-0.020874139984934488,-0.01753901692677834,-0.020874139984934488,-0.005860911321725615,,,0.03167622165658024,0.03802093541552409,0.04345286876046825,-0.14702165562485303
Z7,Z4_MATCHED_Z7,2026,LOCAL3,static,goal6_workbook_endpoint,residual_ftv,BPE,T3,,current,goal6_transformed_standardized_residual,375,0.3167405207885259,0.28390101597410095,,0.03475247004347018,0.3167405207885259,0.03475247004347018,0.0835161587684422,,,9.921089753128397,6.748394370712665,0.20384126528663526,0.6703581529262839,375,0.3274179933446792,0.2949344112021324,,0.039517148048959824,0.3274179933446792,0.039517148048959824,0.09328403814071629,,,9.868078668772812,6.655321774460208,0.20399585118113575,0.7210299445762174,-0.010677472556153311,-0.011033395228031428,,-0.004764678005489645,-0.010677472556153311,-0.004764678005489645,-0.00976787937227408,,,0.053011084355585325,0.09307259625245745,-0.00015458589450048632,-0.05067179164993352
Z7,Z4_MATCHED_Z7,3026,LOCAL0,static,goal6_workbook_endpoint,residual_ftv,BPE,T3,,current,goal6_transformed_standardized_residual,375,0.2846021258060055,0.28310344951847766,,0.08034106689271699,0.2846021258060055,0.08034106689271699,0.11365330939570661,,,9.756606425748632,6.683783239943516,0.1165014371175087,0.9769203866535355,375,0.3262556365522278,0.3052489935813201,,0.058493754478188116,0.3262556365522278,0.058493754478188116,0.08852571767037798,,,9.893937945463492,6.789229963039424,0.08421968619385865,1.3469511757179535,-0.041653510746222255,-0.02214554406284247,,0.02184731241452887,-0.041653510746222255,0.02184731241452887,0.025127591725328635,,,-0.13733151971485924,-0.10544672309590819,0.03228175092365004,-0.370030789064418
Z7,Z4_MATCHED_Z7,3026,LOCAL3,static,goal6_workbook_endpoint,residual_ftv,BPE,T3,,current,goal6_transformed_standardized_residual,375,0.30124247497662093,0.29359089699294405,,0.07482578292111818,0.30124247497662093,0.07482578292111818,0.0975030214358229,,,9.845093630407769,6.749322984928305,0.07601222176655283,1.1508443708579457,375,0.33390247100335624,0.30628620480724483,,0.061832906663421186,0.33390247100335624,0.061832906663421186,0.091152509947249,,,9.879670910136047,6.76233887346233,0.07757639222224387,1.3462184011022282,-0.032659996026735305,-0.012695307814300782,,0.01299287625769699,-0.032659996026735305,0.01299287625769699,0.006350511488573907,,,-0.0345772797282784,-0.013015888534024356,-0.001564170455691044,-0.19537403024428257
Z7,Z4_MATCHED_Z7,2026,LOCAL0,static,goal6_workbook_endpoint,residual_ftv,LD,T0,,current,goal6_transformed_standardized_residual,375,0.06598619400509213,0.10685196698865028,,-0.03583676790363151,0.06598619400509213,-0.03583676790363151,0.3338838443655855,,,1.7559855884797757,1.2146497686175242,0.05413464231679134,0.5929266487287801,375,0.07733596331411327,0.11308324303368594,,-0.04573659650841113,0.07733596331411327,-0.04573659650841113,0.3308782082774623,,,1.7599427912498786,1.2139400861630931,0.05426189058161452,0.8787633714341017,-0.011349769309021138,-0.006231276045035664,,0.009899828604779622,-0.011349769309021138,0.009899828604779622,0.003005636088123209,,,-0.003957202770102919,0.0007096824544310376,-0.0001272482648231807,-0.28583672270532157
Z7,Z4_MATCHED_Z7,2026,LOCAL3,static,goal6_workbook_endpoint,residual_ftv,LD,T0,,current,goal6_transformed_standardized_residual,375,0.06810178466822793,0.10248590605497211,,-0.040891847264161764,0.06810178466822793,-0.040891847264161764,0.33372523687775335,,,1.7561946330161338,1.212302556410257,0.04662622906626802,0.9151174643433375,375,0.07525660614984352,0.09436533851340044,,-0.04767451227716734,0.07525660614984352,-0.04767451227716734,0.3315420421240999,,,1.759069557467608,1.212804093974003,0.047839785785027684,0.8346156903100876,-0.007154821481615586,0.008120567541571672,,0.006782665013005576,-0.007154821481615586,0.006782665013005576,0.0021831947536534724,,,-0.0028749244514743033,-0.0005015375637460462,-0.0012135567187596674,0.08050177403324987
Z7,Z4_MATCHED_Z7,3026,LOCAL0,static,goal6_workbook_endpoint,residual_ftv,LD,T0,,current,goal6_transformed_standardized_residual,375,0.08205435413858227,0.13743893073097158,,-0.025517403150105915,0.08205435413858227,-0.025517403150105915,0.33869699446314205,,,1.749629981345505,1.2089593001963705,0.043230474835427087,1.1102983287909043,375,0.08783413866024521,0.1268912561599762,,-0.026127326321421247,0.08783413866024521,-0.026127326321421247,0.336583566128435,,,1.7524235328009354,1.2098350546171457,0.045398776567700576,0.8810092436807802,-0.005779784521662945,0.010547674570995369,,0.0006099231713153318,-0.005779784521662945,0.0006099231713153318,0.002113428334707068,,,-0.0027935514554304763,-0.0008757544207751433,-0.0021683017322734893,0.22928908511012414
Z7,Z4_MATCHED_Z7,3026,LOCAL3,static,goal6_workbook_endpoint,residual_ftv,LD,T0,,current,goal6_transformed_standardized_residual,375,0.08812892777291971,0.1427131387560726,,-0.024905307788121323,0.08812892777291971,-0.024905307788121323,0.3392025725218325,,,1.7489610416499821,1.207093709264382,0.04512793634254811,1.142431946803893,375,0.08872119257932115,0.1327205107928351,,-0.025449265922686634,0.08872119257932115,-0.025449265922686634,0.33614592680295463,,,1.753001452621978,1.2058259784473924,0.046732901197398764,0.9297458924549448,-0.0005922648064014407,0.009992627963237521,,0.0005439581345653109,-0.0005922648064014407,0.0005439581345653109,0.0030566457188778706,,,-0.0040404109719958115,0.0012677308169897206,-0.001604964854850656,0.21268605434894827
Z7,Z4_MATCHED_Z7,2026,LOCAL0,static,goal6_workbook_endpoint,residual_ftv,LD,T1,,current,goal6_transformed_standardized_residual,375,-0.03478464321097864,-0.06000790814534417,,-0.09452170463110528,-0.03478464321097864,-0.09452170463110528,0.26313954980093324,,,1.7640464868730454,1.1693221910888354,0.03923264755721211,-0.37809386647864374,375,-0.07844711514208491,-0.07772102341695626,,-0.11628454383446107,-0.07844711514208491,-0.11628454383446107,0.2409950040621116,,,1.7903573329009939,1.1871155025057918,0.055246008487272166,-0.5605723884006762,0.04366247193110627,0.01771311527161209,,0.021762839203355797,0.04366247193110627,0.021762839203355797,0.02214454573882163,,,-0.02631084602794842,-0.017793311416956392,-0.016013360930060054,0.1824785219220325
Z7,Z4_MATCHED_Z7,2026,LOCAL3,static,goal6_workbook_endpoint,residual_ftv,LD,T1,,current,goal6_transformed_standardized_residual,375,-0.03248108229209535,-0.04484006637453361,,-0.08340206582422142,-0.03248108229209535,-0.08340206582422142,0.26914417617818087,,,1.7568442359528271,1.1662703365341787,0.035725279818758685,-0.27867904631994883,375,-0.0713935325041207,-0.06339005248778151,,-0.10652509011046224,-0.0713935325041207,-0.10652509011046224,0.24675412465890068,,,1.7835520302741572,1.184065034440249,0.0498285864209995,-0.3973073911025158,0.03891245021202535,0.0185499861132479,,0.023123024286240815,0.03891245021202535,0.023123024286240815,0.022390051519280196,,,-0.02670779432133008,-0.017794697906070356,-0.014103306602240816,0.11862834478256695
Z7,Z4_MATCHED_Z7,3026,LOCAL0,static,goal6_workbook_endpoint,residual_ftv,LD,T1,,current,goal6_transformed_standardized_residual,375,-0.013254222020601046,-0.0491661224331799,,-0.06992905197624062,-0.013254222020601046,-0.06992905197624062,0.27384878031818116,,,1.7511806012901912,1.1597466418604017,0.02826833900388565,-0.2746118065392465,375,-0.048216421174871925,-0.07207257032383374,,-0.07990414543190363,-0.048216421174871925,-0.07990414543190363,0.26542076205096077,,,1.761313755159002,1.166141000621312,0.03259672661954416,-0.46596490960043063,0.03496219915427088,0.02290644789065384,,0.009975093455663012,0.03496219915427088,0.009975093455663012,0.008428018267220394,,,-0.010133153868810751,-0.006394358760910324,-0.00432838761565851,0.19135310306118414
Z7,Z4_MATCHED_Z7,3026,LOCAL3,static,goal6_workbook_endpoint,residual_ftv,LD,T1,,current,goal6_transformed_standardized_residual,375,-0.003990935169997316,-0.04564497202884667,,-0.06415729994910656,-0.003990935169997316,-0.06415729994910656,0.27452085895458267,,,1.7503700239010547,1.1552629009103226,0.02627248516385705,-0.2716163499811679,375,-0.043757553545951705,-0.07333333351971832,,-0.07480566223114979,-0.043757553545951705,-0.07480566223114979,0.26602392301511424,,,1.7605905017564094,1.1616914596996148,0.029551638396348442,-0.4975834174618936,0.03976661837595439,0.027688361490871657,,0.01064836228204323,0.03976661837595439,0.01064836228204323,0.00849693593946843,,,-0.010220477855354737,-0.006428558789292271,-0.0032791532324913907,0.2259670674807257
Z7,Z4_MATCHED_Z7,2026,LOCAL0,static,goal6_workbook_endpoint,residual_ftv,LD,T2,,current,goal6_transformed_standardized_residual,375,0.08200680355526584,0.03880471588706544,,-0.03395226487138895,0.08200680355526584,-0.03395226487138895,0.29884623490137785,,,1.788391685914814,1.2742449559037723,0.051483020539298416,0.07995422947886213,375,0.07735345734730432,0.043566513520419334,,-0.0334328479703485,0.07735345734730432,-0.0334328479703485,0.29759771454760275,,,1.7899832414541539,1.2814537441196165,0.051504608172869885,0.12923475398891635,0.004653346207961512,-0.004761797633353895,,-0.0005194169010404523,0.004653346207961512,-0.0005194169010404523,0.0012485203537750955,,,-0.0015915555393399838,-0.007208788215844253,-2.158763357146959e-05,-0.04928052451005421
Z7,Z4_MATCHED_Z7,2026,LOCAL3,static,goal6_workbook_endpoint,residual_ftv,LD,T2,,current,goal6_transformed_standardized_residual,375,0.06080587336987755,0.03347942615135424,,-0.019336296623575597,0.06080587336987755,-0.019336296623575597,0.3296717865650478,,,1.7486373737519976,1.257247918024976,0.03159016959811124,0.06764853479397512,375,0.04975441922670289,0.018309575236797205,,-0.025584873594863736,0.04975441922670289,-0.025584873594863736,0.31989259389606817,,,1.761346330929159,1.267628383382102,0.03498097479739591,-0.042653800487560185,0.011051454143174662,0.015169850914557036,,0.006248576971288139,0.011051454143174662,0.006248576971288139,0.009779192668979642,,,-0.012708957177161473,-0.010380465357126,-0.003390805199284669,0.1103023352815353
Z7,Z4_MATCHED_Z7,3026,LOCAL0,static,goal6_workbook_endpoint,residual_ftv,LD,T2,,current,goal6_transformed_standardized_residual,375,0.1019341987569168,0.08573306234311755,,-0.02331965330167306,0.1019341987569168,-0.02331965330167306,0.3422701743762706,,,1.7321271735328188,1.2537554852076893,0.03735871599928366,0.6585000722076007,375,0.09055506433976529,0.07941333594961704,,-0.01830447482670682,0.09055506433976529,-0.01830447482670682,0.32968306074721465,,,1.7486226686129367,1.2658136736035717,0.03236150333510776,0.603764964812355,0.011379134417151507,0.006319726393500508,,-0.005015178474966242,0.011379134417151507,-0.005015178474966242,0.012587113629055957,,,-0.01649549508011794,-0.012058188395882352,0.004997212664175903,0.054735107395245675
Z7,Z4_MATCHED_Z7,3026,LOCAL3,static,goal6_workbook_endpoint,residual_ftv,LD,T2,,current,goal6_transformed_standardized_residual,375,0.10085145664365251,0.09648389537092153,,-0.014800391144037995,0.10085145664365251,-0.014800391144037995,0.3391318383793086,,,1.7362546494756708,1.2579280045740941,0.03808578401686189,0.5731891813204052,375,0.07881006848098147,0.07698017235717787,,-0.017612401129392222,0.07881006848098147,-0.017612401129392222,0.3367552882160124,,,1.7393737233836344,1.2572152767757234,0.024074644951031607,0.6783669937428288,0.02204138816267104,0.01950372301374366,,0.0028120099853542278,0.02204138816267104,0.0028120099853542278,0.002376550163296187,,,-0.003119073907963621,0.000712727798370727,0.014011139065830285,-0.10517781242242363
Z7,Z4_MATCHED_Z7,2026,LOCAL0,static,goal6_workbook_endpoint,residual_ftv,LD,T3,,current,goal6_transformed_standardized_residual,375,0.11230567750960506,0.11537133969102331,,-0.007292008331014043,0.11230567750960506,-0.007292008331014043,0.19855274347255192,,,1.5941328540864401,1.2058935155890969,0.05599824622034502,0.6691829706655407,375,0.09353211488273801,0.08370239765038193,,-0.025456485507185714,0.09353211488273801,-0.025456485507185714,0.17694062822119294,,,1.6154838521525159,1.2172896579553598,0.04152721603613208,0.7622944638754021,0.018773562626867052,0.031668942040641385,,0.018164477176171673,0.018773562626867052,0.018164477176171673,0.021612115251358976,,,-0.021350998066075766,-0.011396142366262962,0.01447103018421294,-0.09311149320986145
Z7,Z4_MATCHED_Z7,2026,LOCAL3,static,goal6_workbook_endpoint,residual_ftv,LD,T3,,current,goal6_transformed_standardized_residual,375,0.11363949265350988,0.12287640065357906,,-0.004983464850944616,0.11363949265350988,-0.004983464850944616,0.19281188704070729,,,1.5998321421982762,1.207390061828969,0.05400034483559323,0.7547203895425555,375,0.10389085252027601,0.09637949066846051,,-0.02500959121231343,0.10389085252027601,-0.02500959121231343,0.1702928340023928,,,1.6219948077154773,1.2189171156752912,0.041492621729707156,0.9368512052190157,0.009748640133233871,0.026496909985118555,,0.02002612636136881,0.009748640133233871,0.02002612636136881,0.022519053038314474,,,-0.02216266551720114,-0.011527053846322133,0.012507723105886076,-0.18213081567646017
Z7,Z4_MATCHED_Z7,3026,LOCAL0,static,goal6_workbook_endpoint,residual_ftv,LD,T3,,current,goal6_transformed_standardized_residual,375,0.12003006911633377,0.1161618979815811,,-0.0036997564902664106,0.12003006911633377,-0.0036997564902664106,0.21259747507535465,,,1.580103156553371,1.1939978187440787,0.03832160829955071,0.7015739571780858,375,0.0701009627841429,0.0767468686539564,,-0.0458602775707948,0.0701009627841429,-0.0458602775707948,0.18429603270937667,,,1.6082491346864478,1.2041092552707278,0.06598430219616218,0.5088951920655557,0.04992910633219086,0.039415029327624695,,0.04216052108052839,0.04992910633219086,0.04216052108052839,0.02830144236597798,,,-0.028145978133076843,-0.010111436526649031,-0.027662693896611468,0.19267876511253013
Z7,Z4_MATCHED_Z7,3026,LOCAL3,static,goal6_workbook_endpoint,residual_ftv,LD,T3,,current,goal6_transformed_standardized_residual,375,0.13294276702595986,0.13278773538824926,,0.0006644368762729218,0.13294276702595986,0.0006644368762729218,0.21514460375177558,,,1.5775453884137083,1.1907928519702222,0.03929010078847917,0.8174666774225922,375,0.09092563995656286,0.09086367898421961,,-0.05020725030875059,0.09092563995656286,-0.05020725030875059,0.17126306390757406,,,1.6210461789331643,1.2108603745800766,0.07232786756819085,0.649363661951368,0.042017127069397,0.041924056404029644,,0.05087168718502351,0.042017127069397,0.05087168718502351,0.04388153984420151,,,-0.04350079051945599,-0.020067522609854338,-0.03303776677971167,0.1681030154712242
Z7,Z4_MATCHED_Z7,2026,LOCAL0,static,goal6_workbook_endpoint,residual_ftv,SPH,T0,,current,goal6_transformed_standardized_residual,375,0.30705106511840746,0.3014950353973862,,0.06748671756717783,0.30705106511840746,0.06748671756717783,0.3645645805598339,,,0.0751570510070261,0.05863141707127274,0.17953823874773336,0.7197510622112647,375,0.3070317300270843,0.3100046490970282,,0.06001855176991157,0.3070317300270843,0.06001855176991157,0.3621314271144558,,,0.07530080591133276,0.0589032787389865,0.21989508429385252,0.6883515621195572,1.9335091323180453e-05,-0.008509613699641982,,0.007468165797266266,1.9335091323180453e-05,0.007468165797266266,0.002433153445378089,,,-0.00014375490430665328,-0.0002718616677137575,-0.04035684554611915,0.031399500091707555
Z7,Z4_MATCHED_Z7,2026,LOCAL3,static,goal6_workbook_endpoint,residual_ftv,SPH,T0,,current,goal6_transformed_standardized_residual,375,0.3228034980021101,0.3097141990915662,,0.06916728184493662,0.3228034980021101,0.06916728184493662,0.36652784862017007,,,0.07504085699149696,0.05867293105834907,0.20606711712335682,0.6872104666002038,375,0.3149695360126619,0.3060966702872761,,0.07276725237059188,0.3149695360126619,0.07276725237059188,0.36993554042512145,,,0.0748387479169843,0.058380269786310585,0.1693565702866573,0.7580200484446241,0.00783396198944819,0.0036175288042901155,,-0.0035999705256552633,0.00783396198944819,-0.0035999705256552633,-0.003407691804951374,,,0.00020210907451265192,0.0002926612720384886,0.036710546836699526,-0.07080958184442032
Z7,Z4_MATCHED_Z7,3026,LOCAL0,static,goal6_workbook_endpoint,residual_ftv,SPH,T0,,current,goal6_transformed_standardized_residual,375,0.2791163641565451,0.28938938077686754,,0.03169895679955763,0.2791163641565451,0.03169895679955763,0.33360595394931425,,,0.07696611682887512,0.05920755574141106,0.1759817679758202,0.8695634655208422,375,0.29120177641461975,0.31261906013495333,,0.06353444472721625,0.29120177641461975,0.06353444472721625,0.3558057234861771,,,0.07567326152808569,0.05866832837371536,0.1614404265444266,0.8938254009744918,-0.012085412258074635,-0.023229679358085786,,-0.031835487927658626,-0.012085412258074635,-0.031835487927658626,-0.022199769536862868,,,0.0012928553007894306,0.0005392273676956966,0.0145413414313936,-0.02426193545364963
Z7,Z4_MATCHED_Z7,3026,LOCAL3,static,goal6_workbook_endpoint,residual_ftv,SPH,T0,,current,goal6_transformed_standardized_residual,375,0.28054588178680817,0.2900850128558189,,0.06639005106016778,0.28054588178680817,0.06639005106016778,0.3580501420911203,,,0.0755413209968269,0.05841646409586867,0.1319041660467787,0.8873232746602524,375,0.3118793646551625,0.3187189449286305,,0.08371689197797902,0.3118793646551625,0.08371689197797902,0.3709127260953031,,,0.07478069057988722,0.057855615581325445,0.15688192765845121,0.8633499412536948,-0.031333482868354356,-0.02863393207281162,,-0.01732684091781124,-0.031333482868354356,-0.01732684091781124,-0.012862584004182831,,,0.0007606304169396755,0.0005608485145432232,-0.024977761611672505,0.023973333406557606
Z7,Z4_MATCHED_Z7,2026,LOCAL0,static,goal6_workbook_endpoint,residual_ftv,SPH,T1,,current,goal6_transformed_standardized_residual,375,0.03301085173112848,0.005486040264749017,,-0.09813504123786708,0.03301085173112848,-0.09813504123786708,0.20978165311216845,,,0.08121491675977925,0.06349614814593173,0.08500929638318454,0.10895598332826516,375,0.03414974217343781,0.006041557101438973,,-0.08958304004805112,0.03414974217343781,-0.08958304004805112,0.21292511610312237,,,0.08105322063978551,0.06325821310381144,0.0770393310337872,0.08484166252462687,-0.0011388904423093316,-0.0005555168366899559,,-0.008552001189815958,-0.0011388904423093316,-0.008552001189815958,-0.003143462990953916,,,0.00016169611999374,0.00023793504212028804,0.00796996534939734,0.02411432080363829
Z7,Z4_MATCHED_Z7,2026,LOCAL3,static,goal6_workbook_endpoint,residual_ftv,SPH,T1,,current,goal6_transformed_standardized_residual,375,0.021988823032918957,-0.00281374817398756,,-0.10376657955242172,0.021988823032918957,-0.10376657955242172,0.20384459481879835,,,0.08151943728282923,0.0637920147775218,0.09095926649831175,0.023567597852826236,375,0.02699252297769881,0.0046044496116223665,,-0.08933139273975868,0.02699252297769881,-0.08933139273975868,0.21051691103398107,,,0.08117712479518734,0.0635524336555539,0.07808990735470225,0.0526320121241809,-0.005003699944779852,-0.007418197785609927,,-0.014435186812663037,-0.005003699944779852,-0.014435186812663037,-0.0066723162151827164,,,0.0003423124876418965,0.0002395811219679106,0.012869359143609496,-0.029064414271354665
Z7,Z4_MATCHED_Z7,3026,LOCAL0,static,goal6_workbook_endpoint,residual_ftv,SPH,T1,,current,goal6_transformed_standardized_residual,375,0.015085340589242853,0.04753135440785269,,-0.07220574436010008,0.015085340589242853,-0.07220574436010008,0.22678968790585385,,,0.08033615980029969,0.06289193922995688,0.09310132546272697,0.31392021213136223,375,0.0073835029394995096,0.03773706647192379,,-0.05233644503956939,0.0073835029394995096,-0.05233644503956939,0.2373193264024518,,,0.07978727264423917,0.06245162102181187,0.06320979807492622,0.2311423268132274,0.007701837649743344,0.009794287935928896,,-0.019869299320530685,0.007701837649743344,-0.019869299320530685,-0.010529638496597937,,,0.0005488871560605235,0.0004403182081450102,0.02989152738780075,0.08277788531813482
Z7,Z4_MATCHED_Z7,3026,LOCAL3,static,goal6_workbook_endpoint,residual_ftv,SPH,T1,,current,goal6_transformed_standardized_residual,375,0.009766986247581865,0.016906854779418848,,-0.08249051890098423,0.009766986247581865,-0.08249051890098423,0.2192359497701002,,,0.08072762083029707,0.06318346191126664,0.09883864425323577,-0.03637910009338853,375,-0.008817452238717107,0.012349161802512894,,-0.0724042612453895,-0.008817452238717107,-0.0724042612453895,0.22213683964988473,,,0.08057751154562749,0.06290436359581725,0.07465949906268766,0.0162307096668538,0.01858443848629897,0.004557692976905954,,-0.010086257655594733,0.01858443848629897,-0.010086257655594733,-0.0029008898797845406,,,0.00015010928466957507,0.00027909831544939423,0.024179145190548104,-0.052609809760242335
Z7,Z4_MATCHED_Z7,2026,LOCAL0,static,goal6_workbook_endpoint,residual_ftv,SPH,T2,,current,goal6_transformed_standardized_residual,375,0.11314789193302327,0.09775466313346656,,-0.11174584651832596,0.11314789193302327,-0.11174584651832596,0.297090176908714,,,0.10180766644844604,0.07483885965511473,0.0894979062453211,0.3874845701193966,375,0.10988207497006454,0.08998606526952938,,-0.11868537751224767,0.10988207497006454,-0.11868537751224767,0.29676087638719173,,,0.10183151117999885,0.07442586485964671,0.06406743223834238,0.49169335086784643,0.0032658169629587314,0.007768597863937188,,0.006939530993921708,0.0032658169629587314,0.006939530993921708,0.00032930052152224665,,,-2.3844731552813414e-05,0.00041299479546802464,0.025430474006978718,-0.10420878074844986
Z7,Z4_MATCHED_Z7,2026,LOCAL3,static,goal6_workbook_endpoint,residual_ftv,SPH,T2,,current,goal6_transformed_standardized_residual,375,0.1272572555017106,0.12928871369130782,,-0.09888680982824044,0.1272572555017106,-0.09888680982824044,0.3119760578725449,,,0.10072388125420662,0.0748424138605438,0.06335302775731666,0.609633079561083,375,0.12609869777017405,0.09430211339468716,,-0.11780735358435705,0.12609869777017405,-0.11780735358435705,0.29868542815009824,,,0.10169207476640957,0.07447396089382811,0.0630135752322103,0.48350599544769923,0.001158557731536558,0.03498660029662065,,0.018920543756116612,0.001158557731536558,0.018920543756116612,0.013290629722446656,,,-0.0009681935122029528,0.00036845296671568495,0.00033945252510636514,0.1261270841133838
Z7,Z4_MATCHED_Z7,3026,LOCAL0,static,goal6_workbook_endpoint,residual_ftv,SPH,T2,,current,goal6_transformed_standardized_residual,375,0.14990420267230026,0.13064281200340047,,-0.0665364024316221,0.14990420267230026,-0.0665364024316221,0.3254382660903561,,,0.09973360726478002,0.07261732862816887,0.04144846803823475,0.6837780357311035,375,0.15181900526567982,0.12766747039974038,,-0.06220307399733046,0.15181900526567982,-0.06220307399733046,0.3266525359814385,,,0.09964380224126088,0.07227636086414757,0.03520885255903044,0.70105055084665,-0.001914802593379561,0.0029753416036600866,,-0.004333328434291635,-0.001914802593379561,-0.004333328434291635,-0.0012142698910824201,,,8.980502351914332e-05,0.00034096776402130213,0.006239615479204312,-0.017272515115546505
Z7,Z4_MATCHED_Z7,3026,LOCAL3,static,goal6_workbook_endpoint,residual_ftv,SPH,T2,,current,goal6_transformed_standardized_residual,375,0.16565712149012396,0.14424779702659166,,-0.06249177025385478,0.16565712149012396,-0.06249177025385478,0.32856248878733474,,,0.09950238186107858,0.07256686096224378,0.04192135819437444,0.7514617478651037,375,0.1636211786858785,0.14402840093053962,,-0.05567113724549131,0.1636211786858785,-0.05567113724549131,0.331606952937725,,,0.09927654133111681,0.0720752343192636,0.035168016115549386,0.7517533170322316,0.002035942804245461,0.00021939609605203803,,-0.006820633008363469,0.002035942804245461,-0.006820633008363469,-0.0030444641503902803,,,0.00022584052996177384,0.000491626642980178,0.006753342078825053,-0.00029156916712791414
Z7,Z4_MATCHED_Z7,2026,LOCAL0,static,goal6_workbook_endpoint,residual_ftv,SPH,T3,,current,goal6_transformed_standardized_residual,375,0.06729807206543778,0.03759059063414552,,-0.044905645210120346,0.06729807206543778,-0.044905645210120346,0.3703901494834305,,,0.11215692579162298,0.08801922807923017,0.051878487584942644,0.1760297451932165,375,0.09373671925655042,0.07192235617325007,,-0.02804156919733911,0.09373671925655042,-0.02804156919733911,0.38186295662184133,,,0.11113036097404608,0.08727159471361073,0.04650320905513803,0.3887117034740874,-0.026438647191112635,-0.03433176553910455,,-0.016864076012781237,-0.026438647191112635,-0.016864076012781237,-0.011472807138410812,,,0.0010265648175769027,0.000747633365619435,0.005375278529804614,-0.2126819582808709
Z7,Z4_MATCHED_Z7,2026,LOCAL3,static,goal6_workbook_endpoint,residual_ftv,SPH,T3,,current,goal6_transformed_standardized_residual,375,0.06398401557155563,0.042389884706875575,,-0.04317328233008707,0.06398401557155563,-0.04317328233008707,0.3711093206139663,,,0.1120928519293161,0.08798301765124654,0.049088291675763306,0.2202820818548388,375,0.099813680019576,0.08253876277353998,,-0.024966824217218162,0.099813680019576,-0.024966824217218162,0.38363361179479094,,,0.11097108022278483,0.08732309898112262,0.04576346084552108,0.45755087206451905,-0.03582966444802037,-0.04014887806666441,,-0.018206458112868907,-0.03582966444802037,-0.018206458112868907,-0.012524291180824654,,,0.0011217717065312716,0.000659918670123924,0.003324830830242223,-0.23726879020968025
Z7,Z4_MATCHED_Z7,3026,LOCAL0,static,goal6_workbook_endpoint,residual_ftv,SPH,T3,,current,goal6_transformed_standardized_residual,375,0.03952608015638696,0.0588766110642629,,-0.02211493788363362,0.03952608015638696,-0.02211493788363362,0.38425635820465986,,,0.11091500618346625,0.08783028919765191,0.030987648690496215,0.38993686756051305,375,0.05346995780001112,0.06627085542744368,,-0.018300346558892205,0.05346995780001112,-0.018300346558892205,0.38694809737132685,,,0.1106723067501501,0.08776602814467016,0.030227877199048122,0.41066413654018585,-0.013943877643624161,-0.007394244363180778,,-0.0038145913247414134,-0.013943877643624161,-0.0038145913247414134,-0.0026917391666669843,,,0.00024269943331614585,6.426105298175389e-05,0.0007597714914480934,-0.020727268979672808
Z7,Z4_MATCHED_Z7,3026,LOCAL3,static,goal6_workbook_endpoint,residual_ftv,SPH,T3,,current,goal6_transformed_standardized_residual,375,0.01690829054661716,0.04559401467895402,,-0.027165648776723575,0.01690829054661716,-0.027165648776723575,0.3806654012599322,,,0.11123795876736528,0.0881418791672863,0.03251621230461919,0.2881156790273035,375,0.05142868788066617,0.06449155212838126,,-0.02726989842782298,0.05142868788066617,-0.02726989842782298,0.38020031816007127,,,0.11127971744352032,0.08776734665629944,0.048341952734139444,0.30523917963218433,-0.03452039733404901,-0.018897537449427237,,0.00010424965109940426,-0.03452039733404901,0.00010424965109940426,0.0004650830998609301,,,-4.175867615503759e-05,0.0003745325109868608,-0.015825740429520258,-0.017123500604880826
Z7,Z4_MATCHED_Z7,2026,LOCAL0,static,goal6_workbook_endpoint,residual_ftv_ld,BPE,T0,,current,goal6_transformed_standardized_residual,375,0.23030337208800505,0.2450078976716754,,0.01640543232935789,0.23030337208800505,0.01640543232935789,0.07548141602830571,,,16.583048131838986,11.704274382005872,0.17788894222535417,0.5974680801608789,375,0.19845321856720385,0.18562176448836612,,-0.024578590018214996,0.19845321856720385,-0.024578590018214996,0.02773151781400962,,,17.00590083642618,11.903550968707343,0.1349599840575856,0.5427073571559073,0.0318501535208012,0.05938613318330929,,0.04098402234757288,0.0318501535208012,0.04098402234757288,0.047749898214296094,,,-0.4228527045871928,-0.19927658670147075,0.042928958167768566,0.05476072300497159
Z7,Z4_MATCHED_Z7,2026,LOCAL3,static,goal6_workbook_endpoint,residual_ftv_ld,BPE,T0,,current,goal6_transformed_standardized_residual,375,0.21721210490107468,0.2060384859350796,,-0.023173363936818292,0.21721210490107468,-0.023173363936818292,0.02861910813893198,,,16.998136664381946,11.839989128862527,0.17291452614113556,0.5508978334473317,375,0.20270739282461156,0.193232698925263,,-0.03511248185080415,0.20270739282461156,-0.03511248185080415,0.007981652250403926,,,17.177754470477264,11.91505490593899,0.16893369285628254,0.5350329884366274,0.014504712076463117,0.012805787009816577,,0.011939117913985858,0.014504712076463117,0.011939117913985858,0.020637455888528056,,,-0.17961780609531885,-0.07506577707646223,0.003980833284853019,0.015864845010704287
Z7,Z4_MATCHED_Z7,3026,LOCAL0,static,goal6_workbook_endpoint,residual_ftv_ld,BPE,T0,,current,goal6_transformed_standardized_residual,375,0.24082318393788865,0.22853389965665943,,-0.01977611790501801,0.24082318393788865,-0.01977611790501801,0.04011550459124136,,,16.897249894365356,11.916841443099178,0.19876778691941616,0.5429439694299488,375,0.23977661686069526,0.21485128548026447,,-0.13869704489036433,0.23977661686069526,-0.13869704489036433,-0.05567410202110534,,,17.72031641040446,12.472272522513896,0.3147176021978248,0.5754837918545828,0.0010465670771933888,0.013682614176394964,,0.11892092698534631,0.0010465670771933888,0.11892092698534631,0.0957896066123467,,,-0.8230665160391055,-0.555431079414717,-0.11594981527840864,-0.032539822424633935
Z7,Z4_MATCHED_Z7,3026,LOCAL3,static,goal6_workbook_endpoint,residual_ftv_ld,BPE,T0,,current,goal6_transformed_standardized_residual,375,0.2780120938958344,0.24774169119492156,,-0.007632612350947317,0.2780120938958344,-0.007632612350947317,0.03034812009792598,,,16.98300198772443,11.919535794901906,0.18195593206551738,0.6834890577023178,375,0.28327259688894096,0.25864525501393626,,0.02272266894424492,0.28327259688894096,0.02272266894424492,0.0546204525905174,,,16.76909556634541,11.794130419594103,0.12057892963302297,0.8452833514357941,-0.005260502993106542,-0.010903563819014694,,-0.030355281295192237,-0.005260502993106542,-0.030355281295192237,-0.02427233249259142,,,0.2139064213790185,0.12540537530780327,0.061377002432494415,-0.1617942937334763
Z7,Z4_MATCHED_Z7,2026,LOCAL0,static,goal6_workbook_endpoint,residual_ftv_ld,BPE,T1,,current,goal6_transformed_standardized_residual,375,0.30052338769159237,0.29910857994418305,,0.07165749166351461,0.30052338769159237,0.07165749166351461,0.10980520132614191,,,11.924498616805089,8.74367591856656,0.1473974244384534,0.8596895764911954,375,0.2913350274707867,0.2839691373519203,,0.05357789776433458,0.2913350274707867,0.05357789776433458,0.08701481429016278,,,12.07617691162736,8.822403839968002,0.15795339323220473,0.7954597184198589,0.009188360220805658,0.015139442592262742,,0.018079593899180027,0.009188360220805658,0.018079593899180027,0.02279038703597913,,,-0.1516782948222719,-0.07872792140144291,-0.010555968793751314,0.06422985807133652
Z7,Z4_MATCHED_Z7,2026,LOCAL3,static,goal6_workbook_endpoint,residual_ftv_ld,BPE,T1,,current,goal6_transformed_standardized_residual,375,0.3332324424695557,0.3258586063465733,,0.08111032380226028,0.3332324424695557,0.08111032380226028,0.12679340691331709,,,11.81016878608067,8.59217783845131,0.19499913550665496,0.8275685606189588,375,0.3081368988178436,0.2967833425760076,,0.06767319397315341,0.3081368988178436,0.06767319397315341,0.10685894688516173,,,11.944215416822729,8.732312443099081,0.12573135500639246,0.8785722066552644,0.02509554365171207,0.02907526377056574,,0.013437129829106872,0.02509554365171207,0.013437129829106872,0.019934460028155354,,,-0.13404663074205914,-0.1401346046477716,0.0692677805002625,-0.05100364603630558
Z7,Z4_MATCHED_Z7,3026,LOCAL0,static,goal6_workbook_endpoint,residual_ftv_ld,BPE,T1,,current,goal6_transformed_standardized_residual,375,0.34609143776165413,0.31894212704868674,,0.09507765909076238,0.34609143776165413,0.09507765909076238,0.11742809941959298,,,11.8733330336065,8.656295585751826,0.08330548768748669,1.109966118844606,375,0.3250064304113299,0.2868421103492004,,0.07088172618557599,0.3250064304113299,0.07088172618557599,0.09545269816487034,,,12.02024286675259,8.751466273735092,0.08989696318547008,1.0009928110715152,0.021085007350324203,0.03210001669948637,,0.024195932905186388,0.021085007350324203,0.024195932905186388,0.021975401254722637,,,-0.14690983314608985,-0.09517068798326633,-0.00659147549798339,0.10897330777309078
Z7,Z4_MATCHED_Z7,3026,LOCAL3,static,goal6_workbook_endpoint,residual_ftv_ld,BPE,T1,,current,goal6_transformed_standardized_residual,375,0.3349631165677205,0.3114002126514522,,0.09051536432978169,0.3349631165677205,0.09051536432978169,0.11750820944996565,,,11.87279415702629,8.708326972863048,0.100301031072624,1.0026626310447184,375,0.31715296200851123,0.2730645214030708,,0.06025963023540542,0.31715296200851123,0.06025963023540542,0.08757957323477894,,,12.072441262863238,8.833234529244551,0.09234916240133269,0.955443810344776,0.017810154559209257,0.038335691248381376,,0.03025573409437627,0.017810154559209257,0.03025573409437627,0.02992863621518671,,,-0.19964710583694867,-0.12490755638150297,0.007951868671291315,0.04721882069994243
Z7,Z4_MATCHED_Z7,2026,LOCAL0,static,goal6_workbook_endpoint,residual_ftv_ld,BPE,T2,,current,goal6_transformed_standardized_residual,375,0.4151876578401187,0.3989824444702239,,0.15513324990009933,0.4151876578401187,0.15513324990009933,0.1312586602653033,,,10.30668131298733,7.00879182395632,0.1444239147195653,1.0623519441376092,375,0.4032511811757007,0.38193879795549585,,0.14191100742470036,0.4032511811757007,0.14191100742470036,0.12169477813427154,,,10.3632586116475,7.04612310653036,0.1338573130903633,1.0620632529054401,0.011936476664417994,0.01704364651472806,,0.013222242475398965,0.011936476664417994,0.013222242475398965,0.009563882131031765,,,-0.05657729866017114,-0.037331282574040614,0.010566601629202005,0.00028869123216912485
Z7,Z4_MATCHED_Z7,2026,LOCAL3,static,goal6_workbook_endpoint,residual_ftv_ld,BPE,T2,,current,goal6_transformed_standardized_residual,375,0.4150705422973306,0.4051264015345673,,0.15996898778864707,0.4150705422973306,0.15996898778864707,0.1362851127216569,,,10.276821333394318,6.944550331021228,0.15450761043125283,1.0493680675487922,375,0.40720039625506144,0.3868333929524393,,0.14565732077331522,0.40720039625506144,0.14565732077331522,0.12901026058081422,,,10.320010116048389,6.983499503177447,0.14310485399241912,1.0448440588537244,0.007870146042269155,0.018293008582128012,,0.014311667015331847,0.007870146042269155,0.014311667015331847,0.007274852140842669,,,-0.043188782654070224,-0.038949172156219625,0.011402756438833705,0.004524008695067749
Z7,Z4_MATCHED_Z7,3026,LOCAL0,static,goal6_workbook_endpoint,residual_ftv_ld,BPE,T2,,current,goal6_transformed_standardized_residual,375,0.380565912050831,0.3656995883168377,,0.13743111386708295,0.380565912050831,0.13743111386708295,0.132170764212439,,,10.301269326085796,7.10532469823303,0.11864055667819591,1.0726802631245336,375,0.3702318928929881,0.34502246411648485,,0.12390089014773702,0.3702318928929881,0.12390089014773702,0.12029536561306375,,,10.37151126765134,7.142277472128388,0.11887282264934997,1.012664142221193,0.010334019157842933,0.020677124200352837,,0.013530223719345938,0.010334019157842933,0.013530223719345938,0.011875398599375253,,,-0.07024194156554309,-0.03695277389535789,-0.00023226597115405534,0.06001612090334052
Z7,Z4_MATCHED_Z7,3026,LOCAL3,static,goal6_workbook_endpoint,residual_ftv_ld,BPE,T2,,current,goal6_transformed_standardized_residual,375,0.38058473598394676,0.3641467752448438,,0.1335175046630867,0.38058473598394676,0.1335175046630867,0.13503681550874758,,,10.284245019038055,7.034528223592608,0.13577454587494864,1.0235562647419458,375,0.36698256747429,0.33738549715379085,,0.11408280940674767,0.36698256747429,0.11408280940674767,0.11634587883972025,,,10.394766956199462,7.096157347529103,0.1383437659618607,0.942492862366896,0.013602168509656787,0.026761278091052942,,0.019434695256339035,0.013602168509656787,0.019434695256339035,0.018690936669027325,,,-0.11052193716140657,-0.06162912393649478,-0.002569220086912072,0.08106340237504983
Z7,Z4_MATCHED_Z7,2026,LOCAL0,static,goal6_workbook_endpoint,residual_ftv_ld,BPE,T3,,current,goal6_transformed_standardized_residual,375,0.2804437578073724,0.25367555251874113,,0.03908890494109854,0.2804437578073724,0.03908890494109854,0.1201648212583647,,,9.720702094870985,6.586517087546352,0.11493123758254768,0.8418625902036739,375,0.2855008107069478,0.2639656724182958,,0.034986039403844205,0.2855008107069478,0.034986039403844205,0.10923388720170635,,,9.780899937835203,6.629786018633502,0.10321719979549827,0.9469585223236642,-0.0050570528995754205,-0.010290119899554695,,0.0041028655372543354,-0.0050570528995754205,0.0041028655372543354,0.010930934056658348,,,-0.06019784296421804,-0.04326893108714991,0.011714037787049408,-0.10509593211999024
Z7,Z4_MATCHED_Z7,2026,LOCAL3,static,goal6_workbook_endpoint,residual_ftv_ld,BPE,T3,,current,goal6_transformed_standardized_residual,375,0.3094503611970577,0.2867383370841296,,0.03988926758681009,0.3094503611970577,0.03988926758681009,0.12349931540883907,,,9.702264326892639,6.632772941227384,0.1760566521065452,0.7913276056141028,375,0.3184989497893844,0.29204579013937865,,0.04527104744845016,0.3184989497893844,0.04527104744845016,0.11927965888441328,,,9.725590644973439,6.643012442055478,0.12988089543744483,0.9613834889789877,-0.009048588592326712,-0.005307453055249045,,-0.005381779861640068,-0.009048588592326712,-0.005381779861640068,0.004219656524425797,,,-0.02332631808079988,-0.010239500828093995,0.04617575666910037,-0.17005588336488497
Z7,Z4_MATCHED_Z7,3026,LOCAL0,static,goal6_workbook_endpoint,residual_ftv_ld,BPE,T3,,current,goal6_transformed_standardized_residual,375,0.29348065751139346,0.28578449247443566,,0.07924930934258928,0.29348065751139346,0.07924930934258928,0.1463043502766398,,,9.575214390126972,6.570676902608388,0.11679469940547961,1.0329310670971077,375,0.31153229655614956,0.2947439588846095,,0.0534316192233027,0.31153229655614956,0.0534316192233027,0.11912174802801367,,,9.726462492393127,6.676462073044694,0.061558581240630836,1.4275232645227185,-0.018051639044756096,-0.008959466410173866,,0.025817690119286578,-0.018051639044756096,0.025817690119286578,0.02718260224862612,,,-0.15124810226615537,-0.10578517043630598,0.055236118164848774,-0.3945921974256108
Z7,Z4_MATCHED_Z7,3026,LOCAL3,static,goal6_workbook_endpoint,residual_ftv_ld,BPE,T3,,current,goal6_transformed_standardized_residual,375,0.2915703535640098,0.27408932485321974,,0.04185755984074332,0.2915703535640098,0.04185755984074332,0.11180714214571141,,,9.766762134430826,6.718365929923728,0.062205063250937664,1.349394342755281,375,0.32882525972600607,0.29987133253018083,,0.05682526456467303,0.32882525972600607,0.05682526456467303,0.12075636066547357,,,9.717433786600331,6.653292496889798,0.05727791932748263,1.460983974010167,-0.03725490616199628,-0.025782007676961094,,-0.014967704723929713,-0.03725490616199628,-0.014967704723929713,-0.008949218519762159,,,0.049328347830494224,0.06507343303392954,0.0049271439234550365,-0.11158963125488608
Z7,Z4_MATCHED_Z7,2026,LOCAL0,static,goal6_workbook_endpoint,residual_ftv_ld,SPH,T0,,current,goal6_transformed_standardized_residual,375,0.3021884549022736,0.30656072850261284,,0.069002263650687,0.3021884549022736,0.069002263650687,0.36258673493150395,,,0.0752739264197472,0.05888322393990717,0.17572255910282772,0.7429777862841038,375,0.32519044981334294,0.32172975974744666,,0.07956627158602504,0.32519044981334294,0.07956627158602504,0.3721008343764417,,,0.07471004096498823,0.05846450297666718,0.17421729604396072,0.794047829465016,-0.023001994911069357,-0.01516903124483382,,-0.010564007935338043,-0.023001994911069357,-0.010564007935338043,-0.009514099444937751,,,0.0005638854547589667,0.00041872096323999214,0.0015052630588670013,-0.05107004318091213
Z7,Z4_MATCHED_Z7,2026,LOCAL3,static,goal6_workbook_endpoint,residual_ftv_ld,SPH,T0,,current,goal6_transformed_standardized_residual,375,0.31976793706116474,0.31386030455154307,,0.07028981041230505,0.31976793706116474,0.07028981041230505,0.36422957300188485,,,0.07517686015023814,0.05889373933048559,0.20185901361880712,0.7087430276072954,375,0.3095118904268408,0.3088306477769157,,0.0725080147377776,0.3095118904268408,0.0725080147377776,0.36717588180149585,,,0.07500246429480663,0.05891089979678355,0.16438970963485816,0.7808640578635377,0.010256046634323945,0.005029656774627356,,-0.002218204325472553,0.010256046634323945,-0.002218204325472553,-0.002946308799610997,,,0.00017439585543151115,-1.7160466297960753e-05,0.03746930398394896,-0.07212103025624239
Z7,Z4_MATCHED_Z7,3026,LOCAL0,static,goal6_workbook_endpoint,residual_ftv_ld,SPH,T0,,current,goal6_transformed_standardized_residual,375,0.28006254401814007,0.2979114066098672,,0.038536181049005316,0.28006254401814007,0.038536181049005316,0.33583961243628024,,,0.0768370187955394,0.05956346048665633,0.1698732466195584,0.910660124276051,375,0.287231220415381,0.3168241445864487,,0.06022571823658088,0.287231220415381,0.06022571823658088,0.3506061726753943,,,0.07597804240961235,0.059341109732512554,0.18375357652924876,0.8282563944421963,-0.007168676397240947,-0.018912737976581495,,-0.02168953718757556,-0.007168676397240947,-0.02168953718757556,-0.014766560239114046,,,0.0008589763859270516,0.0002223507541437783,-0.013880329909690348,0.08240372983385469
Z7,Z4_MATCHED_Z7,3026,LOCAL3,static,goal6_workbook_endpoint,residual_ftv_ld,SPH,T0,,current,goal6_transformed_standardized_residual,375,0.2858131777062061,0.29656962308429735,,0.06944723587525435,0.2858131777062061,0.06944723587525435,0.3576645885420272,,,0.07556400256006152,0.058674041214471465,0.12768782524063962,0.9272301068667291,375,0.3073578853889701,0.3195191229361699,,0.08271325460734495,0.3073578853889701,0.08271325460734495,0.3679211172543174,,,0.07495828854411192,0.05823431404251164,0.15161643447803255,0.8770101409950248,-0.021544707682763953,-0.022949499851872557,,-0.013266018732090601,-0.021544707682763953,-0.013266018732090601,-0.010256528712290214,,,0.0006057140159495961,0.00043972717195982225,-0.023928609237392928,0.0502199658717043
Z7,Z4_MATCHED_Z7,2026,LOCAL0,static,goal6_workbook_endpoint,residual_ftv_ld,SPH,T1,,current,goal6_transformed_standardized_residual,375,0.02425089873365124,0.01746768974210477,,-0.09005464023391545,0.02425089873365124,-0.09005464023391545,0.20961080705061053,,,0.08122369566173901,0.06335995808633614,0.0834152861272982,0.1657549776465655,375,0.04480285127543808,0.019088642329549634,,-0.1120674285138011,0.04480285127543808,-0.1120674285138011,0.18406551903356294,,,0.08252582839253521,0.06385299292350695,0.10753443443781127,0.13366521941400758,-0.02055195254178684,-0.001620952587444862,,0.022012788279885648,-0.02055195254178684,0.022012788279885648,0.025545288017047585,,,-0.0013021327307961988,-0.0004930348371708082,-0.024119148310513067,0.03208975823255791
Z7,Z4_MATCHED_Z7,2026,LOCAL3,static,goal6_workbook_endpoint,residual_ftv_ld,SPH,T1,,current,goal6_transformed_standardized_residual,375,0.01902713472900634,0.009595557886235848,,-0.09447440086975621,0.01902713472900634,-0.09447440086975621,0.20496064396529134,,,0.08146228034841092,0.0635772285739823,0.0888882295478919,0.08147089760124661,375,0.037900762893474875,0.02054054912421928,,-0.11090459221609486,0.037900762893474875,-0.11090459221609486,0.18209175182573134,,,0.08262558418775151,0.06366868651287812,0.10891060369517165,0.12092235191344412,-0.018873628164468536,-0.010944991237983431,,0.01643019134633865,-0.018873628164468536,0.01643019134633865,0.022868892139560004,,,-0.0011633038393405876,-9.145793889581144e-05,-0.020022374147279753,-0.039451454312197515
Z7,Z4_MATCHED_Z7,3026,LOCAL0,static,goal6_workbook_endpoint,residual_ftv_ld,SPH,T1,,current,goal6_transformed_standardized_residual,375,0.03321040414438521,0.06813675545245315,,-0.06194230248393711,0.03321040414438521,-0.06194230248393711,0.22905522749826357,,,0.08021837925340276,0.0625861546747307,0.09201790536825495,0.47835946977899874,375,0.04090776145353962,0.07592769779973536,,-0.045985454749572566,0.04090776145353962,-0.045985454749572566,0.237189236954375,,,0.079794076959633,0.062316423840923806,0.07431152116338846,0.36997672787385627,-0.007697357309154412,-0.007790942347282212,,-0.015956847734364545,-0.007697357309154412,-0.015956847734364545,-0.008134009456111424,,,0.0004243022937697599,0.00026973083380690127,0.01770638420486649,0.10838274190514247
Z7,Z4_MATCHED_Z7,3026,LOCAL3,static,goal6_workbook_endpoint,residual_ftv_ld,SPH,T1,,current,goal6_transformed_standardized_residual,375,0.0324962635446387,0.03340333414960204,,-0.07090189204900761,0.0324962635446387,-0.07090189204900761,0.22190867820299254,,,0.0805893281057986,0.06297500098975677,0.09734494738297167,0.045931607156183454,375,0.007572221248876162,0.013541112635753466,,-0.09803534238535047,0.007572221248876162,-0.09803534238535047,0.18901134694231048,,,0.08227533098440762,0.06384257284221262,0.09598887581867982,0.05818392233298572,0.024924042295762536,0.019862221513848574,,0.02713345033634286,0.024924042295762536,0.02713345033634286,0.03289733126068206,,,-0.0016860028786090248,-0.0008675718524558534,0.0013560715642918497,-0.012252315176802267
Z7,Z4_MATCHED_Z7,2026,LOCAL0,static,goal6_workbook_endpoint,residual_ftv_ld,SPH,T2,,current,goal6_transformed_standardized_residual,375,0.10210725758596102,0.08642704260154078,,-0.11233124495074208,0.10210725758596102,-0.11233124495074208,0.2892819698940893,,,0.10237156516661526,0.07496983221274486,0.08781640305456077,0.34307153083586855,375,0.09912931183393192,0.0777446643207721,,-0.11938907468600624,0.09912931183393192,-0.11938907468600624,0.28862910901126193,,,0.10241857329516893,0.07454283152679972,0.06267611941079844,0.435705605009745,0.0029779457520291014,0.00868237828076869,,0.007057829735264157,0.0029779457520291014,0.007057829735264157,0.0006528608828273441,,,-4.700812855366887e-05,0.00042700068594514473,0.025140283643762334,-0.09263407417387642
Z7,Z4_MATCHED_Z7,2026,LOCAL3,static,goal6_workbook_endpoint,residual_ftv_ld,SPH,T2,,current,goal6_transformed_standardized_residual,375,0.12126820901564186,0.11856192597453494,,-0.09916957902845866,0.12126820901564186,-0.09916957902845866,0.3042109825639304,,,0.10129067410485457,0.07497135695861899,0.06185438696726571,0.5657908595351355,375,0.11530512279582482,0.0837784664403725,,-0.11748557974247976,0.11530512279582482,-0.11748557974247976,0.2909883272022521,,,0.10224859977425142,0.0746037542303137,0.06161443877598272,0.4360578427494075,0.005963086219817046,0.03478345953416244,,0.018316000714021105,0.005963086219817046,0.018316000714021105,0.013222655361678326,,,-0.0009579256693968558,0.00036760272830528573,0.00023994819128298622,0.12973301678572802
Z7,Z4_MATCHED_Z7,3026,LOCAL0,static,goal6_workbook_endpoint,residual_ftv_ld,SPH,T2,,current,goal6_transformed_standardized_residual,375,0.1496072520709,0.1265492818969803,,-0.06396432470925277,0.1496072520709,-0.06396432470925277,0.3191009480230925,,,0.10020099669996732,0.0727319014206459,0.03965548164811048,0.6690189285473356,375,0.1440494461964007,0.12388773944087167,,-0.05948134911012189,0.1440494461964007,-0.05948134911012189,0.32038358801249334,,,0.1001065756638282,0.07241554159013315,0.03394168193031424,0.686335098902406,0.005557805874499305,0.00266154245610864,,-0.004482975599130884,0.005557805874499305,-0.004482975599130884,-0.0012826399894008134,,,9.442103613911679e-05,0.0003163598305127441,0.005713799717796245,-0.01731617035507038
Z7,Z4_MATCHED_Z7,3026,LOCAL3,static,goal6_workbook_endpoint,residual_ftv_ld,SPH,T2,,current,goal6_transformed_standardized_residual,375,0.16215548779081979,0.13954988539907606,,-0.060089399221338255,0.16215548779081979,-0.060089399221338255,0.32218347036242345,,,0.09997392766562872,0.07268639155878902,0.03986720572550453,0.7362939802867183,375,0.1594025285702383,0.13984704408529908,,-0.05309537291412703,0.1594025285702383,-0.05309537291412703,0.3253052630393628,,,0.09974343899669798,0.07222585913349178,0.03371322383462941,0.7377002714749273,0.0027529592205814968,-0.00029715868622301467,,-0.006994026307211222,0.0027529592205814968,-0.006994026307211222,-0.00312179267693935,,,0.00023048866893074504,0.0004605324252972415,0.0061539818908751195,-0.001406291188209008
Z7,Z4_MATCHED_Z7,2026,LOCAL0,static,goal6_workbook_endpoint,residual_ftv_ld,SPH,T3,,current,goal6_transformed_standardized_residual,375,0.055118740134883173,0.03579692676701192,,-0.04595337348568399,0.055118740134883173,-0.04595337348568399,0.36297950299639314,,,0.11281505073635839,0.08834691215218443,0.05270494159699426,0.16700019102772318,375,0.07631223452112511,0.06812682161852393,,-0.030492925817800862,0.07631223452112511,-0.030492925817800862,0.37394411806209027,,,0.1118399308446593,0.0876849923032291,0.04757289271571475,0.37352352838122577,-0.021193494386241934,-0.03232989485151201,,-0.01546044766788313,-0.021193494386241934,-0.01546044766788313,-0.010964615065697125,,,0.0009751198916990861,0.0006619198489553335,0.005132048881279508,-0.2065233373535026
Z7,Z4_MATCHED_Z7,2026,LOCAL3,static,goal6_workbook_endpoint,residual_ftv_ld,SPH,T3,,current,goal6_transformed_standardized_residual,375,0.05214021841001655,0.042488788465877565,,-0.04325931739622561,0.05214021841001655,-0.04325931739622561,0.3641344532959049,,,0.11271273464994265,0.08847664588824686,0.05009241905005367,0.21865949671261248,375,0.08415149165506675,0.08019854269334242,,-0.026841830832828702,0.08415149165506675,-0.026841830832828702,0.37597114644034013,,,0.11165872775961187,0.08770418365089093,0.04725986623041864,0.4472513311198364,-0.032011273245050195,-0.03770975422746486,,-0.01641748656339691,-0.032011273245050195,-0.01641748656339691,-0.01183669314443525,,,0.0010540068903307775,0.0007724622373559281,0.0028325528196350286,-0.22859183440722392
Z7,Z4_MATCHED_Z7,3026,LOCAL0,static,goal6_workbook_endpoint,residual_ftv_ld,SPH,T3,,current,goal6_transformed_standardized_residual,375,0.03371900427232169,0.05757033283979869,,-0.022049607596496025,0.03371900427232169,-0.022049607596496025,0.3782063011623332,,,0.11145857802723537,0.08810506368312976,0.03013802373835024,0.3970326802947109,375,0.05078411377266934,0.06750268877257365,,-0.018122216964215912,0.05078411377266934,-0.018122216964215912,0.3810448503590813,,,0.11120387734320064,0.08806224753759091,0.029921151340815983,0.4359907535125153,-0.017065109500347647,-0.009932355932774958,,-0.003927390632280113,-0.017065109500347647,-0.003927390632280113,-0.002838549196748086,,,0.00025470068403472823,4.281614553884594e-05,0.0002168723975342554,-0.03895807321780442
Z7,Z4_MATCHED_Z7,3026,LOCAL3,static,goal6_workbook_endpoint,residual_ftv_ld,SPH,T3,,current,goal6_transformed_standardized_residual,375,0.01857730559515967,0.046087312142443077,,-0.02641666571173042,0.01857730559515967,-0.02641666571173042,0.3749288136160318,,,0.11175194219708227,0.08841846937363097,0.031770630207040115,0.30199424234901456,375,0.049489282466311305,0.06687635217320301,,-0.026795527593895092,0.049489282466311305,-0.026795527593895092,0.37440942928974397,,,0.11179836103414302,0.08806025727155134,0.04830956700679509,0.33296827987697447,-0.030911976871151634,-0.02078904003075993,,0.00037886188216467234,-0.030911976871151634,0.00037886188216467234,0.0005193843262878417,,,-4.6418837060746565e-05,0.00035821210207963305,-0.016538936799754975,-0.030974037527959908
