comparison,candidate,reference,seed,arm,task_type,target_definition,target_kind,target,timing,interval,input_variant,metric_space,n_candidate,spearman_candidate,pearson_candidate,natural_r2_candidate,transformed_r2_candidate,residual_spearman_candidate,residual_transformed_r2_candidate,reconstructed_natural_r2_candidate,rmse_candidate,mae_candidate,reconstructed_natural_rmse_candidate,reconstructed_natural_mae_candidate,prediction_target_variance_ratio_candidate,calibration_slope_candidate,n_reference,spearman_reference,pearson_reference,natural_r2_reference,transformed_r2_reference,residual_spearman_reference,residual_transformed_r2_reference,reconstructed_natural_r2_reference,rmse_reference,mae_reference,reconstructed_natural_rmse_reference,reconstructed_natural_mae_reference,prediction_target_variance_ratio_reference,calibration_slope_reference,delta_spearman,delta_pearson,delta_natural_r2,delta_transformed_r2,delta_residual_spearman,delta_residual_transformed_r2,delta_reconstructed_natural_r2,delta_rmse,delta_mae,delta_reconstructed_natural_rmse,delta_reconstructed_natural_mae,delta_prediction_target_variance_ratio,delta_calibration_slope
PREPROJECTOR_MINUS_PROJECTED,Z2,Z1,2026,LOCAL0,dynamic,adjacent_percent_change_new_extension,raw,BPE,,T0->T1,difference,natural_target,375,0.1178534531801115,0.06666036900450892,-0.004402242765673803,-0.017117581257320102,,,,36.14519751270199,24.8025943539721,,,0.024559796953903944,0.4253587072617465,375,0.04294732051427922,-0.004738491250390893,-0.032294936386428,-0.046122049079794045,,,,36.64364472969352,25.211807864123223,,,0.03038905003593699,-0.02718200705973883,0.07490613266583229,0.0713988602548998,0.027892693620754194,0.029004467822473942,,,,-0.4984472169915293,-0.4092135101511225,,,-0.0058292530820330465,0.45254071432148535
PREPROJECTOR_MINUS_PROJECTED,Z2,Z1,2026,LOCAL3,dynamic,adjacent_percent_change_new_extension,raw,BPE,,T0->T1,difference,natural_target,375,0.10500557515075663,0.06677391670352076,-0.004869705869941621,-0.018224502885150002,,,,36.15360777902677,24.818830554477707,,,0.025738158847242124,0.41621536885770805,375,0.05834839003299579,0.002693564912390708,-0.0315948027118107,-0.046913310733189995,,,,36.63121620743551,25.260922430255576,,,0.03228883415642811,0.014989987266187374,0.04665718511776085,0.06408035179113004,0.026725096841869078,0.028688807848039993,,,,-0.4776084284087361,-0.44209187577786935,,,-0.006550675309185985,0.40122538159152066
PREPROJECTOR_MINUS_PROJECTED,Z2,Z1,3026,LOCAL0,dynamic,adjacent_percent_change_new_extension,raw,BPE,,T0->T1,difference,natural_target,375,0.0857141881897827,0.06886531851946218,-0.00721420032005704,-0.028134333023437062,,,,36.19575879108091,25.060974336076757,,,0.03119564363987278,0.38990031428482547,375,0.05255410171805667,0.02689766470348188,-0.011249704541010486,-0.025741170492488207,,,,36.268197265718214,25.03970726365979,,,0.017939423577007133,0.20082155859529963,0.03316008647172603,0.0419676538159803,0.004035504220953445,-0.002393162530948855,,,,-0.07243847463730191,0.021267072416968347,,,0.013256220062865646,0.18907875568952584
PREPROJECTOR_MINUS_PROJECTED,Z2,Z1,3026,LOCAL3,dynamic,adjacent_percent_change_new_extension,raw,BPE,,T0->T1,difference,natural_target,375,0.07365684378200023,0.07487184943069666,-0.01358090872976958,-0.041736474677905346,,,,36.309977205061585,25.311074387349276,,,0.04476018084598088,0.35389354778158627,375,0.05821754465809535,0.03612101452070377,-0.00986256039986011,-0.027042372156793525,,,,36.24331395479453,25.086106901733157,,,0.019529970475008394,0.2584694069517117,0.015439299123904876,0.03875083490999289,-0.003718348329909471,-0.014694102521111821,,,,0.06666325026705522,0.22496748561611923,,,0.025230210370972485,0.09542414082987455
PREPROJECTOR_MINUS_PROJECTED,Z2,Z1,2026,LOCAL0,dynamic,adjacent_percent_change_new_extension,raw,BPE,,T0->T1,prefix,natural_target,375,0.09219092046876778,0.05510503388982044,-0.027304634110326242,-0.0429898129023123,,,,36.55496639215697,25.35589707919642,,,0.05165069731076275,0.24246730160782956,375,0.0519931732847878,0.0018398419515523096,-0.04157923289828158,-0.05595285026238343,,,,36.808059434242345,25.54012003692021,,,0.042106295320782874,0.008966170667274882,0.04019774718397998,0.053265191938268126,0.01427459878795534,0.012963037360071136,,,,-0.253093042085375,-0.18422295772379016,,,0.009544401989979877,0.2335011309405547
PREPROJECTOR_MINUS_PROJECTED,Z2,Z1,2026,LOCAL3,dynamic,adjacent_percent_change_new_extension,raw,BPE,,T0->T1,prefix,natural_target,375,0.08965889179656389,0.05123633894250104,-0.028733775775102943,-0.04498268761020438,,,,36.58038439726419,25.36540867930646,,,0.05155938083422544,0.2256442355753656,375,0.0698368415064285,0.014503958040705018,-0.03777842203003168,-0.05273698591707787,,,,36.74084019230816,25.5351899871384,,,0.04352342921299236,0.06952243610599841,0.019822050290135396,0.03673238090179602,0.009044646254928734,0.007754298306873492,,,,-0.16045579504397267,-0.1697813078319399,,,0.008035951621233078,0.15612179946936716
PREPROJECTOR_MINUS_PROJECTED,Z2,Z1,3026,LOCAL0,dynamic,adjacent_percent_change_new_extension,raw,BPE,,T0->T1,prefix,natural_target,375,0.055143474798043005,0.05338347952688654,-0.024176141840570375,-0.04884699572750628,,,,36.49926279336188,25.349821205794306,,,0.04704014041079099,0.24613454595180642,375,0.033207190806690184,0.06110190073123078,-0.03157472745374745,-0.06799169341757691,,,,36.63085977645392,25.765721473635242,,,0.06104198790135341,0.2473092646175377,0.02193628399135282,-0.007718421204344239,0.007398585613177078,0.019144697690070628,,,,-0.13159698309203804,-0.4159002678409358,,,-0.014001847490562415,-0.001174718665731267
PREPROJECTOR_MINUS_PROJECTED,Z2,Z1,3026,LOCAL3,dynamic,adjacent_percent_change_new_extension,raw,BPE,,T0->T1,prefix,natural_target,375,0.04867106610535898,0.05698018175920938,-0.02348257977521473,-0.05300477713861515,,,,36.48690222851959,25.43219876618927,,,0.04820470970072906,0.25952493703807866,375,0.05346706109910116,0.042699002343766654,-0.023914450850713642,-0.0459250968867569,,,,36.494599465427534,25.49696609760525,,,0.041074267171391475,0.210684611679111,-0.004795994993742184,0.014281179415442727,0.000431871075498913,-0.0070796802518582475,,,,-0.007697236907944216,-0.0647673314159789,,,0.007130442529337588,0.04884032535896765
PREPROJECTOR_MINUS_PROJECTED,Z2,Z1,2026,LOCAL0,dynamic,adjacent_percent_change_new_extension,raw,BPE,,T1->T2,difference,natural_target,375,0.18553100466492206,0.14981748653943372,0.015293705408751967,0.0049389508352785825,,,,36.038117621378035,25.741843982849847,,,0.05283607500099314,0.6517743012697058,375,0.14692934349755377,0.12569734287428425,-0.0002550913085785922,-0.013349087243741183,,,,36.3215293565381,25.898532818325382,,,0.06001030377766892,0.5131131969649642,0.038601661167368295,0.024120143665149474,0.01554879671733056,0.018288038079019766,,,,-0.28341173516006535,-0.15668883547553492,,,-0.007174228776675784,0.13866110430474166
PREPROJECTOR_MINUS_PROJECTED,Z2,Z1,2026,LOCAL3,dynamic,adjacent_percent_change_new_extension,raw,BPE,,T1->T2,difference,natural_target,375,0.21951689612015016,0.18087688410016825,0.030671825059856328,0.02072391160543318,,,,35.755607357161146,25.63251970529816,,,0.04661209932597853,0.8377872300590972,375,0.13967231766981453,0.14666493514397355,-0.010928442265922822,-0.056284124864520446,,,,36.51480192143592,26.695570336123094,,,0.10348850731006347,0.45591117040757323,0.07984457845033563,0.0342119489561947,0.04160026732577915,0.07700803646995363,,,,-0.7591945642747717,-1.0630506308249323,,,-0.056876407984084935,0.38187605965152394
PREPROJECTOR_MINUS_PROJECTED,Z2,Z1,3026,LOCAL0,dynamic,adjacent_percent_change_new_extension,raw,BPE,,T1->T2,difference,natural_target,375,0.1169689384457845,0.11454980137466024,-0.010671233419205173,-0.026586631445668956,,,,36.51015642568817,26.259744533441392,,,0.07059047412190553,0.43114295207306574,375,0.10892797815451133,0.11560903593327398,2.5853765893146807e-05,-0.0145483592355801,,,,36.316428122116825,25.88813106670635,,,0.051220557166931746,0.5108220439036157,0.008040960291273172,-0.0010592345586137447,-0.01069708718509832,-0.012038272210088855,,,,0.19372830357134774,0.3716134667350417,,,0.01936991695497378,-0.07967909183055
PREPROJECTOR_MINUS_PROJECTED,Z2,Z1,3026,LOCAL3,dynamic,adjacent_percent_change_new_extension,raw,BPE,,T1->T2,difference,natural_target,375,0.15021162817157813,0.13355208620636846,-0.0029954476694442622,-0.009570738361806988,,,,36.37124960084145,26.082421792771218,,,0.07484359720299527,0.4881725441020014,375,0.1485509159176243,0.1403269670754014,-0.0005824352915784203,-0.015468558571191926,,,,36.32747217132542,26.304653373995258,,,0.07762039785249869,0.5036782606161567,0.0016607122539538388,-0.00677488086903294,-0.002413012377865842,0.005897820209384938,,,,0.043777429516033806,-0.2222315812240403,,,-0.002776800649503419,-0.015505716514155332
PREPROJECTOR_MINUS_PROJECTED,Z2,Z1,2026,LOCAL0,dynamic,adjacent_percent_change_new_extension,raw,BPE,,T1->T2,prefix,natural_target,375,0.20626464899305952,0.15780659126104948,0.006031524568647306,-0.007771197787920418,,,,36.207208811606925,25.949111790428315,,,0.08523086699253758,0.5405385667166063,375,0.17144999431107066,0.108952930983989,-0.013158929522362861,-0.03239163812676821,,,,36.55506239955268,26.00939420305853,,,0.069774689121283,0.4124677168945141,0.034814654681988855,0.04885366027706048,0.019190454091010167,0.02462044033884779,,,,-0.3478535879457567,-0.060282412630215276,,,0.015456177871254584,0.12807084982209216
PREPROJECTOR_MINUS_PROJECTED,Z2,Z1,2026,LOCAL3,dynamic,adjacent_percent_change_new_extension,raw,BPE,,T1->T2,prefix,natural_target,375,0.1921142337012174,0.15560700667224095,0.004747589649350514,-0.012307103361355758,,,,36.23058616119986,26.09047780122677,,,0.08473585209466146,0.5345588795344959,375,0.17468403686426215,0.13873360282105568,-0.00567843352605113,-0.025772910221805438,,,,36.41986316996944,25.96528272248555,,,0.08509099364553692,0.47559783305863235,0.017430196836955264,0.01687340385118527,0.010426023175401644,0.01346580686044968,,,,-0.18927700876957942,0.1251950787412177,,,-0.0003551415508754596,0.05896104647586353
PREPROJECTOR_MINUS_PROJECTED,Z2,Z1,3026,LOCAL0,dynamic,adjacent_percent_change_new_extension,raw,BPE,,T1->T2,prefix,natural_target,375,0.16296848333143704,0.13791369593576383,-0.0008588195260568199,-0.021535676760239104,,,,36.33248907297396,25.738257367686728,,,0.07290382187593444,0.510778077506552,375,0.1353956081465468,0.11413503476484967,-0.01424125299729373,-0.031758465738358575,,,,36.57458245722644,26.006864217168662,,,0.076176912043639,0.4135302590952765,0.02757287518489024,0.023778661170914164,0.01338243347123691,0.01022278897811947,,,,-0.2420933842524846,-0.2686068494819338,,,-0.003273090167704551,0.0972478184112755
PREPROJECTOR_MINUS_PROJECTED,Z2,Z1,3026,LOCAL3,dynamic,adjacent_percent_change_new_extension,raw,BPE,,T1->T2,prefix,natural_target,375,0.17479258163613606,0.1611948201301629,0.01564405435134153,0.002663837772901374,,,,36.031706044791505,25.65651971480137,,,0.06535109976626685,0.6305574071531402,375,0.16827238593696667,0.141248620271875,0.003779009921640597,-0.010822891950021968,,,,36.248211678671716,25.911012950378435,,,0.0701375056761661,0.533346016641647,0.0065201956991693955,0.01994619985828791,0.011865044429700933,0.013486729722923342,,,,-0.21650563388021027,-0.2544932355770655,,,-0.004786405909899247,0.09721139051149319
PREPROJECTOR_MINUS_PROJECTED,Z2,Z1,2026,LOCAL0,dynamic,adjacent_percent_change_new_extension,raw,BPE,,T2->T3,difference,natural_target,375,0.13288459033145303,0.10811959257748845,0.004722267489150722,-0.015966655437046322,,,,45.77403761647537,29.359208709788916,,,0.0347200217290768,0.5802490075872243,375,0.04054832207778679,0.03406055146695295,-0.012429298739356165,-0.04419033590987897,,,,46.16676361914026,29.90525910755858,,,0.021851561906051573,0.23041483265391025,0.09233626825366624,0.07405904111053549,0.017151566228506887,0.028223680472832646,,,,-0.39272600266489377,-0.5460503977696654,,,0.01286845982302523,0.34983417493331403
PREPROJECTOR_MINUS_PROJECTED,Z2,Z1,2026,LOCAL3,dynamic,adjacent_percent_change_new_extension,raw,BPE,,T2->T3,difference,natural_target,375,0.1344564424032772,0.10700375095442037,0.004817096605901128,-0.016788425296263208,,,,45.771856911122924,29.48927664791622,,,0.03330800931548688,0.586306438190848,375,0.04221608955290793,0.04748854156989316,-0.008521225037038116,-0.036851455128668116,,,,46.07757340876485,29.83100716261618,,,0.021770922583511636,0.3218477040328615,0.09224035285036927,0.05951520938452721,0.013338321642939244,0.02006302983240491,,,,-0.30571649764192443,-0.34173051469996096,,,0.011537086731975243,0.26445873415798654
PREPROJECTOR_MINUS_PROJECTED,Z2,Z1,3026,LOCAL0,dynamic,adjacent_percent_change_new_extension,raw,BPE,,T2->T3,difference,natural_target,375,0.11739726783325818,0.0847543622602967,-0.02811429530003018,-0.07420310068665828,,,,46.52300697824307,30.213071702149886,,,0.07430994482517005,0.31091279212654593,375,0.06674813218122151,0.09543466849895646,-0.0002054352803140258,-0.04603723832423529,,,,45.88721323618637,29.966754475142835,,,0.03683351659124548,0.49726120408906,0.05064913565203667,-0.01068030623865976,-0.027908860019716153,-0.028165862362422987,,,,0.6357937420566984,0.24631722700705083,,,0.037476428233924566,-0.18634841196251406
PREPROJECTOR_MINUS_PROJECTED,Z2,Z1,3026,LOCAL3,dynamic,adjacent_percent_change_new_extension,raw,BPE,,T2->T3,difference,natural_target,375,0.12975237783161608,0.1119144741844975,-0.017011422719789504,-0.059222328233373984,,,,46.27111807742797,30.209145418377517,,,0.08041470391060328,0.3946558320262099,375,0.055504525830322914,0.0651538486812221,-0.02361847936818129,-0.08777104174559792,,,,46.42117587119676,30.449355003596445,,,0.053858372683384566,0.28074592502837215,0.07424785200129316,0.046760625503275394,0.006607056648391785,0.02854871351222394,,,,-0.15005779376878792,-0.24020958521892766,,,0.02655633122721871,0.11390990699783776
PREPROJECTOR_MINUS_PROJECTED,Z2,Z1,2026,LOCAL0,dynamic,adjacent_percent_change_new_extension,raw,BPE,,T2->T3,prefix,natural_target,375,0.12483054092079669,0.1394856996370057,0.008201313199950655,-0.02333594922416492,,,,45.69396480139229,29.946857093280094,,,0.05771973700954233,0.5805872754509376,375,0.056790110814726916,0.0822787713527188,-0.020303951664733866,-0.07683046234396121,,,,46.34595789024458,30.561171801861338,,,0.0594002047087373,0.3375933063392677,0.06804043010606978,0.05720692828428689,0.02850526486468452,0.05349451311979629,,,,-0.6519930888522865,-0.6143147085812437,,,-0.0016804676991949707,0.24299396911166987
PREPROJECTOR_MINUS_PROJECTED,Z2,Z1,2026,LOCAL3,dynamic,adjacent_percent_change_new_extension,raw,BPE,,T2->T3,prefix,natural_target,375,0.13388424956439166,0.14171920831717835,0.00863177518351721,-0.020046806151131507,,,,45.6840476429514,29.934877379098896,,,0.059426128097952315,0.5813531101143506,375,0.06961182706328756,0.09446172673214705,-0.015802559479417555,-0.06542257972676128,,,,46.2436099864722,30.487368147632225,,,0.06120271227906288,0.3818304379751343,0.0642724225011041,0.047257481585031305,0.024434334662934765,0.045375773575629774,,,,-0.5595623435208026,-0.5524907685333282,,,-0.0017765841811105687,0.19952267213921637
PREPROJECTOR_MINUS_PROJECTED,Z2,Z1,3026,LOCAL0,dynamic,adjacent_percent_change_new_extension,raw,BPE,,T2->T3,prefix,natural_target,375,0.11797765273505877,0.11085104811365751,-0.02187800671443063,-0.07467601341544901,,,,46.381693797484566,30.90755997359738,,,0.08734848884479518,0.37506980770929915,375,0.09899186425753351,0.13487542829946872,0.0015511643514920515,-0.05449269107153333,,,,45.846901075927654,30.429234955096376,,,0.0694945678660845,0.5116316558357418,0.01898578847752526,-0.02402438018581121,-0.023429171065922683,-0.020183322343915677,,,,0.5347927215569115,0.4783250185010033,,,0.017853920978710677,-0.13656184812644262
PREPROJECTOR_MINUS_PROJECTED,Z2,Z1,3026,LOCAL3,dynamic,adjacent_percent_change_new_extension,raw,BPE,,T2->T3,prefix,natural_target,375,0.14208746278729276,0.1317736210205382,-0.019717531317753112,-0.07325673490701717,,,,46.33263729153513,30.78811959220824,,,0.10456599990762812,0.4075052729992277,375,0.08172390586183247,0.10023185043964634,-0.009800319718135553,-0.06714023934794866,,,,46.106783950891995,30.566745552767383,,,0.05812326888830635,0.4157485397928514,0.06036355692546029,0.031541770580891845,-0.00991721159961756,-0.006116495559068513,,,,0.225853340643134,0.22137403944085676,,,0.04644273101932177,-0.00824326679362375
PREPROJECTOR_MINUS_PROJECTED,Z2,Z1,2026,LOCAL0,dynamic,adjacent_percent_change_new_extension,raw,FTV,,T0->T1,difference,natural_target,375,0.3904992604391854,0.2028856680124101,0.03909562271179445,0.11509514950521063,,,,88.16955709269028,32.27964863921994,,,0.04200239007846925,0.9899525240372213,375,0.37658664239390155,0.20831571564098328,0.04025228333060271,0.116564537353512,,,,88.11647534756356,32.26759676206159,,,0.032353019057697836,1.1581495111851328,0.013912618045283875,-0.005430047628573187,-0.0011566606188082584,-0.0014693878483013623,,,,0.05308174512671826,0.0120518771583491,,,0.009649371020771416,-0.16819698714791143
PREPROJECTOR_MINUS_PROJECTED,Z2,Z1,2026,LOCAL3,dynamic,adjacent_percent_change_new_extension,raw,FTV,,T0->T1,difference,natural_target,375,0.3641624758220503,0.1951729081482541,0.03368068554302639,0.07417949845858773,,,,88.41763686967899,33.56204037441715,,,0.06264110056536383,0.7798118736809743,375,0.3881920582546365,0.21663210423641655,0.044127666424069956,0.12726783071433379,,,,87.93839181953072,32.25183209880896,,,0.03436475558370649,1.1686008248746431,-0.024029582432586183,-0.021459196088162436,-0.010446980881043566,-0.05308833225574605,,,,0.4792450501482648,1.3102082756081899,,,0.02827634498165734,-0.38878895119366885
PREPROJECTOR_MINUS_PROJECTED,Z2,Z1,3026,LOCAL0,dynamic,adjacent_percent_change_new_extension,raw,FTV,,T0->T1,difference,natural_target,375,0.37009147798384345,0.1703758074021803,0.026705201054969208,0.06898108387671817,,,,88.73618934717237,33.40488855605577,,,0.03775733135226704,0.8768136079106684,375,0.3013683012856981,0.15271805510119726,0.02174165400473249,0.03346342308212959,,,,88.96216720028825,34.24147470590528,,,0.02790134572079758,0.9142770311542969,0.06872317669814537,0.017657752300983043,0.004963547050236716,0.03551766079458858,,,,-0.2259778531158787,-0.8365861498495164,,,0.009855985631469461,-0.0374634232436285
PREPROJECTOR_MINUS_PROJECTED,Z2,Z1,3026,LOCAL3,dynamic,adjacent_percent_change_new_extension,raw,FTV,,T0->T1,difference,natural_target,375,0.39174741153714876,0.18427490952792688,0.030409867144456815,0.06628073554357929,,,,88.56714941769069,32.90951462704175,,,0.049361195208864596,0.8294178414822736,375,0.3966767550347025,0.199404019361127,0.038418485809679326,0.09960439276946437,,,,88.20061759564307,32.765156147292764,,,0.038838425612397004,1.0118196276332538,-0.004929343497553751,-0.015129109833200122,-0.008008618665222511,-0.03332365722588508,,,,0.36653182204761947,0.14435847974898763,,,0.010522769596467592,-0.18240178615098024
PREPROJECTOR_MINUS_PROJECTED,Z2,Z1,2026,LOCAL0,dynamic,adjacent_percent_change_new_extension,raw,FTV,,T0->T1,prefix,natural_target,375,0.39724678575492095,0.22821831893413003,0.049986804415721564,0.11893311414332679,,,,87.66846290475556,32.238123102330086,,,0.04161093418641036,1.1187853452472114,375,0.36044692228922515,0.20485716157163392,0.040437634045089155,0.07156927667809747,,,,88.10796621542136,33.08124634403895,,,0.04449218841122683,0.9712013270707406,0.0367998634656958,0.02336115736249611,0.00954917037063241,0.04736383746522932,,,,-0.43950331066579906,-0.8431232417088665,,,-0.0028812542248164708,0.14758401817647082
PREPROJECTOR_MINUS_PROJECTED,Z2,Z1,2026,LOCAL3,dynamic,adjacent_percent_change_new_extension,raw,FTV,,T0->T1,prefix,natural_target,375,0.446541586073501,0.23932805499328869,0.05611289506323225,0.11801565772662762,,,,87.38534391122636,31.69896705547693,,,0.061009060054776194,0.9689390170080082,375,0.3890895437478667,0.22238383881364637,0.04828840244232224,0.08542336924446146,,,,87.74679329140477,32.497642680919974,,,0.04760168534512404,1.019276609716028,0.05745204232563428,0.016944216179642313,0.007824492620910006,0.03259228848216615,,,,-0.36144938017841355,-0.7986756254430425,,,0.013407374709652156,-0.05033759270801974
PREPROJECTOR_MINUS_PROJECTED,Z2,Z1,3026,LOCAL0,dynamic,adjacent_percent_change_new_extension,raw,FTV,,T0->T1,prefix,natural_target,375,0.32259073842302877,0.1608089645389999,0.023343892848771808,0.030018859632445136,,,,88.88928407461046,34.14629795258417,,,0.03939216280780729,0.8102244457464935,375,0.3081772670383434,0.16205346486400873,0.024970545625325524,0.05892547193818363,,,,88.81522921765723,33.752152055836056,,,0.02525106746977804,1.0198080832217087,0.01441347138468535,-0.001244500325008835,-0.0016266527765537164,-0.028906612305738492,,,,0.07405485695322511,0.39414589674811396,,,0.014141095338029246,-0.20958363747521513
PREPROJECTOR_MINUS_PROJECTED,Z2,Z1,3026,LOCAL3,dynamic,adjacent_percent_change_new_extension,raw,FTV,,T0->T1,prefix,natural_target,375,0.3921736261235635,0.19832964351301138,0.0378301602341351,0.0784694647355622,,,,88.22759541483346,32.956998168095794,,,0.04553363187887246,0.9294402697915397,375,0.3506901809079531,0.19557709220632694,0.03659114017458953,0.09386922231588056,,,,88.2843840327096,33.24104825615621,,,0.031426671811589715,1.1032369265849102,0.04148344521561037,0.0027525513066844476,0.0012390200595455703,-0.015399757580318363,,,,-0.05678861787613698,-0.2840500880604182,,,0.014106960067282744,-0.17379665679337053
PREPROJECTOR_MINUS_PROJECTED,Z2,Z1,2026,LOCAL0,dynamic,adjacent_percent_change_new_extension,raw,FTV,,T1->T2,difference,natural_target,375,0.15813880987598133,0.025745666574889407,-0.008191606442144561,-0.05384664867075026,,,,132.189787614797,40.97091665791202,,,0.011353150205207399,0.24162727087201546,375,0.14678621003527137,0.009747919274991869,-0.014597596044506833,-0.10712745690322426,,,,132.609085651383,41.196430944365666,,,0.014171497909679203,0.08188494195251102,0.011352599840709965,0.015997747299897537,0.006405989602362272,0.053280808232474,,,,-0.4192980365859853,-0.22551428645364524,,,-0.0028183477044718044,0.15974232891950446
PREPROJECTOR_MINUS_PROJECTED,Z2,Z1,2026,LOCAL3,dynamic,adjacent_percent_change_new_extension,raw,FTV,,T1->T2,difference,natural_target,375,0.20850221868244395,0.0675221323432016,0.0006477976260383933,-0.025085001985992398,,,,131.6090193299244,40.3589272969769,,,0.011291381615746283,0.6354371563755032,375,0.15745295255432928,0.02344338764790712,-0.011204255721614986,-0.09848595088467767,,,,132.3871431601608,40.974212554640204,,,0.013904610313082605,0.19881125092541765,0.05104926612811467,0.044078744695294485,0.01185205334765338,0.07340094889868527,,,,-0.7781238302364102,-0.6152852576633023,,,-0.002613228697336321,0.4366259054500856
PREPROJECTOR_MINUS_PROJECTED,Z2,Z1,3026,LOCAL0,dynamic,adjacent_percent_change_new_extension,raw,FTV,,T1->T2,difference,natural_target,375,0.1935551257253385,0.051273266644067894,-0.0016537907312645928,0.0008792209487999483,,,,131.76048523956285,40.483142502083474,,,0.008870597091087668,0.5443955425185576,375,0.21433678461713507,0.09962038756649362,0.007204023966874584,-0.004170470719405672,,,,131.17660002412353,40.276060811367245,,,0.008590696355387577,1.0748158013647184,-0.02078165889179656,-0.048347120922425726,-0.008857814698139177,0.00504969166820562,,,,0.5838852154393237,0.20708169071622962,,,0.0002799007357000907,-0.5304202588461608
PREPROJECTOR_MINUS_PROJECTED,Z2,Z1,3026,LOCAL3,dynamic,adjacent_percent_change_new_extension,raw,FTV,,T1->T2,difference,natural_target,375,0.26416839230856753,0.1052504396208139,0.008826244109607972,0.03727346482094012,,,,131.0693854874527,39.68886369578749,,,0.011419594739876159,0.9849145937928868,375,0.2667356923427011,0.141910011275054,0.015750337618655186,0.038922807715440814,,,,130.61077407212085,39.474268759853636,,,0.01035391847062321,1.39463533385755,-0.0025673000341335794,-0.03665957165424011,-0.006924093509047213,-0.0016493428945006938,,,,0.458611415331859,0.21459493593385304,,,0.0010656762692529478,-0.4097207400646631
PREPROJECTOR_MINUS_PROJECTED,Z2,Z1,2026,LOCAL0,dynamic,adjacent_percent_change_new_extension,raw,FTV,,T1->T2,prefix,natural_target,375,0.20474024348617592,0.053791242815859945,-0.006354740363488487,-0.08460793723191859,,,,132.06931168800952,41.41481077320629,,,0.0190932226067313,0.3892888461248181,375,0.17801092274433952,0.056506612137676965,-0.004622656713951567,-0.09572965940033036,,,,131.95560744375027,41.210934542658265,,,0.017380695755163888,0.42861334734874357,0.0267293207418364,-0.0027153693218170197,-0.0017320836495369196,0.011121722168411771,,,,0.11370424425925307,0.20387623054802617,,,0.0017125268515674127,-0.039324501223925445
PREPROJECTOR_MINUS_PROJECTED,Z2,Z1,2026,LOCAL3,dynamic,adjacent_percent_change_new_extension,raw,FTV,,T1->T2,prefix,natural_target,375,0.2645347593582888,0.08080064882010034,0.0012470332966517672,-0.040431191412559145,,,,131.56955544290489,40.407027058632615,,,0.01902565951283345,0.5857940929256572,375,0.2242286949596086,0.07457232921658118,0.00013674770889682275,-0.060820396859101476,,,,131.64266621724965,40.50735923918998,,,0.017356607768962595,0.566037603513999,0.0403060643986802,0.006228319603519161,0.0011102855877549445,0.02038920544654233,,,,-0.07311077434476942,-0.10033218055736626,,,0.001669051743870855,0.019756489411658196
PREPROJECTOR_MINUS_PROJECTED,Z2,Z1,3026,LOCAL0,dynamic,adjacent_percent_change_new_extension,raw,FTV,,T1->T2,prefix,natural_target,375,0.23986164523836614,0.07404230495292116,0.0018853409907662044,-0.010108857149762734,,,,131.52750536398642,40.306240835842246,,,0.012765281576023453,0.6553370631153239,375,0.2642871771532598,0.12389463389423878,0.012889984143601096,0.005613018455571686,,,,130.80042206611435,39.82902867592394,,,0.013613030851335818,1.0618791225966715,-0.024425531914893633,-0.04985232894131762,-0.011004643152834892,-0.01572187560533442,,,,0.7270832978720705,0.47721215991830945,,,-0.000847749275312365,-0.4065420594813476
PREPROJECTOR_MINUS_PROJECTED,Z2,Z1,3026,LOCAL3,dynamic,adjacent_percent_change_new_extension,raw,FTV,,T1->T2,prefix,natural_target,375,0.2996129252474684,0.13773272234493267,0.016950477822455734,0.04156330288325958,,,,130.53111996624034,39.32021332795469,,,0.0163377407391754,1.07755918110222,375,0.31708863351917166,0.16085352100830372,0.022387082216665632,0.055179339309669076,,,,130.16967839389383,38.6390649352497,,,0.01623749782655761,1.262324521825919,-0.01747570827170325,-0.02312079866337105,-0.0054366043942098985,-0.013616036426409496,,,,0.3614415723465072,0.6811483927049906,,,0.00010024291261779075,-0.18476534072369888
PREPROJECTOR_MINUS_PROJECTED,Z2,Z1,2026,LOCAL0,dynamic,adjacent_percent_change_new_extension,raw,FTV,,T2->T3,difference,natural_target,375,0.17153601092274434,0.04829850846864979,-0.006059169388922925,-0.002528414812489963,,,,220.81895078719577,79.45810549340355,,,0.015128780315259832,0.3926736515305078,375,0.14771623620434632,0.07262601554254336,-0.00013820385029417181,-0.002182225150610407,,,,220.16819841504147,80.04991637750197,,,0.014467099481942828,0.6038116447684668,0.023819774718398024,-0.02432750707389357,-0.005920965538628753,-0.00034618966187955616,,,,0.6507523721543009,-0.5918108840984218,,,0.0006616808333170035,-0.211137993237959
PREPROJECTOR_MINUS_PROJECTED,Z2,Z1,2026,LOCAL3,dynamic,adjacent_percent_change_new_extension,raw,FTV,,T2->T3,difference,natural_target,375,0.21397178291045627,0.08614514567792476,3.0379210616660046e-05,0.0013266185522881433,,,,220.14964188311146,79.83114352054076,,,0.02220061456874585,0.5781603588590828,375,0.2024796905222437,0.11273773937486553,0.009935716359540714,0.013378615413303182,,,,219.0565669076837,79.08262030814224,,,0.012333370816282802,1.0151458124150803,0.011492092388212555,-0.026592593696940767,-0.009905337148924054,-0.012051996861015038,,,,1.0930749754277542,0.7485232123985242,,,0.009867243752463048,-0.4369854535559975
PREPROJECTOR_MINUS_PROJECTED,Z2,Z1,3026,LOCAL0,dynamic,adjacent_percent_change_new_extension,raw,FTV,,T2->T3,difference,natural_target,375,0.09775469336670839,0.017836264819928577,-0.028598235938956273,-0.05786660274705932,,,,223.27878888483434,84.30883540499055,,,0.030917879813238066,0.10143762200106461,375,0.1352461030833997,0.13289156945965294,0.014285639886727264,0.01139806765326424,,,,218.574816241268,79.94390048110013,,,0.013052814423585482,1.1631757750097897,-0.03749140971669132,-0.11505530463972437,-0.04288387582568354,-0.06926467040032355,,,,4.703972643566345,4.3649349238904165,,,0.017865065389652584,-1.061738153008725
PREPROJECTOR_MINUS_PROJECTED,Z2,Z1,3026,LOCAL3,dynamic,adjacent_percent_change_new_extension,raw,FTV,,T2->T3,difference,natural_target,375,0.08324883376948458,0.025087639481470633,-0.02847509244093005,-0.0668766720285079,,,,223.26542304717285,84.9867148900392,,,0.033646607694438495,0.1367694680653952,375,0.12800386847195358,0.12960536667624856,0.01357179058762914,0.0006845729473490394,,,,218.6539472993987,80.55411432124153,,,0.016900570752900416,0.9969475245543651,-0.044755034702469,-0.10451772719477792,-0.04204688302855919,-0.06756124497585694,,,,4.611475747774136,4.4326005687976675,,,0.01674603694153808,-0.8601780564889698
PREPROJECTOR_MINUS_PROJECTED,Z2,Z1,2026,LOCAL0,dynamic,adjacent_percent_change_new_extension,raw,FTV,,T2->T3,prefix,natural_target,375,0.08172511093412221,0.001918384483048126,-0.031649890759077204,-0.07241622559698142,,,,223.60975638179661,84.07669685832069,,,0.029696417791566142,0.01113226716977871,375,0.10534235976789169,0.08843645069910006,0.0004927379523969044,-0.03877297076900731,,,,220.09874039668517,83.30380380308804,,,0.02555219882439779,0.5532445765918093,-0.023617248833769477,-0.08651806621605193,-0.03214262871147411,-0.03364325482797411,,,,3.5110159851114418,0.7728930552326432,,,0.0041442189671683505,-0.5421123094220306
PREPROJECTOR_MINUS_PROJECTED,Z2,Z1,2026,LOCAL3,dynamic,adjacent_percent_change_new_extension,raw,FTV,,T2->T3,prefix,natural_target,375,0.13342610080782796,0.0569956596615271,-0.010947741337707484,-0.0396387973054691,,,,221.35479459891405,82.86213157943725,,,0.027487193877654595,0.34377681342162625,375,0.13504334964159748,0.10939675434737134,0.007097091709437842,-0.022253429147222132,,,,219.37037193645833,82.6309714017934,,,0.02555853828444264,0.6842840718684431,-0.0016172488337695134,-0.05240109468584424,-0.018044833047145326,-0.017385368158246966,,,,1.984422662455728,0.23116017764384367,,,0.0019286555932119566,-0.34050725844681684
PREPROJECTOR_MINUS_PROJECTED,Z2,Z1,3026,LOCAL0,dynamic,adjacent_percent_change_new_extension,raw,FTV,,T2->T3,prefix,natural_target,375,0.05108135168961201,0.08583387910609205,-0.005158631137842651,-0.054488638235239514,,,,220.72009952802836,84.5881132627972,,,0.032699943232868296,0.47466284806862985,375,0.09549209238821255,0.1107306854173155,0.0065144603908536824,-0.030593766533395822,,,,219.43472531058805,83.13402299275067,,,0.02813223361581205,0.6601853466328579,-0.044410740698600536,-0.024896806311223443,-0.011673091528696333,-0.023894871701843692,,,,1.2853742174403067,1.454090270046521,,,0.004567709617056246,-0.18552249856422803
PREPROJECTOR_MINUS_PROJECTED,Z2,Z1,3026,LOCAL3,dynamic,adjacent_percent_change_new_extension,raw,FTV,,T2->T3,prefix,natural_target,375,0.057818181818181824,0.08871053335968979,-0.005339150217505306,-0.057278670561875855,,,,220.73991848954623,84.52468044849235,,,0.034207444017108866,0.47963942972724927,375,0.102608032768233,0.126708562042429,0.010701726382111088,-0.02543379201661184,,,,218.97180877752768,83.04355375348284,,,0.029751338456341522,0.7346030176572659,-0.04478985095005118,-0.037998028682739216,-0.016040876599616394,-0.031844878545264015,,,,1.7681097120185427,1.4811266950095074,,,0.004456105560767344,-0.2549635879300166
PREPROJECTOR_MINUS_PROJECTED,Z2,Z1,2026,LOCAL0,dynamic,adjacent_percent_change_new_extension,raw,LD,,T0->T1,difference,natural_target,375,0.1551475913076533,0.10720862174921866,0.009224543131127305,0.00197703090364647,,,,35.775635641881,19.17269521467301,,,0.02003609542874765,0.7573962789158081,375,0.14420385247408593,0.06983645274922402,0.001815219343480834,-0.008615664571476443,,,,35.90915708505488,19.194234299323206,,,0.013061843271624863,0.6110544872261666,0.010943738833567362,0.03737216899999464,0.007409323787646471,0.010592695475122912,,,,-0.13352144317387626,-0.021539084650196827,,,0.0069742521571227855,0.14634179168964145
PREPROJECTOR_MINUS_PROJECTED,Z2,Z1,2026,LOCAL3,dynamic,adjacent_percent_change_new_extension,raw,LD,,T0->T1,difference,natural_target,375,0.11627886229973154,0.03397098907018044,-0.011700072270842243,-0.018620977082415953,,,,36.15144236420815,19.308818337919035,,,0.020242025438289145,0.2387707966590414,375,0.099392027171966,0.004511751323721079,-0.016418945580908284,-0.029802733172917574,,,,36.23565487848172,19.372603016977664,,,0.016788455303881466,0.03482088341047927,0.016886835127765537,0.02945923774645936,0.004718873310066041,0.011181756090501621,,,,-0.0842125142735668,-0.06378467905862806,,,0.003453570134407679,0.20394991324856215
PREPROJECTOR_MINUS_PROJECTED,Z2,Z1,3026,LOCAL0,dynamic,adjacent_percent_change_new_extension,raw,LD,,T0->T1,difference,natural_target,375,0.07499426271205946,0.09663233017839148,0.007846138833947136,-0.015666898858722224,,,,35.80051320109656,19.369268242991797,,,0.015813084258951726,0.7684474250089376,375,0.07100896461067234,0.07040921798178172,0.0028079603327464397,-0.01685979975657295,,,,35.89129598320846,19.319964889249754,,,0.011110370737769241,0.66798274669972,0.003985298101387119,0.026223112196609763,0.005038178501200696,0.0011929008978507245,,,,-0.09078278211190138,0.049303353742043754,,,0.004702713521182485,0.10046467830921757
PREPROJECTOR_MINUS_PROJECTED,Z2,Z1,3026,LOCAL3,dynamic,adjacent_percent_change_new_extension,raw,LD,,T0->T1,difference,natural_target,375,0.08248070533032878,0.09777673387618832,0.007826814257805403,-0.013493598670182762,,,,35.80086184983019,19.36258973809306,,,0.017301667994612146,0.7433469075810193,375,0.10949137299788349,0.11290204269599137,0.011737288726382689,-0.01055865342465811,,,,35.73024082549139,19.345302030604966,,,0.0155366210633509,0.9057816387821301,-0.027010667667554708,-0.015125308819803049,-0.003910474468577285,-0.0029349452455246523,,,,0.07062102433879858,0.017287707488094384,,,0.0017650469312612462,-0.16243473120111085
PREPROJECTOR_MINUS_PROJECTED,Z2,Z1,2026,LOCAL0,dynamic,adjacent_percent_change_new_extension,raw,LD,,T0->T1,prefix,natural_target,375,0.12512209664987745,0.09019055698086542,0.00035768281426495907,-0.020533107875181693,,,,35.93536456536603,19.416784512240902,,,0.029067556709503114,0.5290013797243837,375,0.08758692546857727,0.03763028295665199,-0.013480711829690684,-0.03889868312495054,,,,36.18324249465609,19.464518979499974,,,0.024158214859848846,0.2421057277965901,0.037535171181300175,0.052560274024213434,0.013838394643955643,0.018365575249768847,,,,-0.24787792929006258,-0.04773446725907249,,,0.004909341849654268,0.28689565192779354
PREPROJECTOR_MINUS_PROJECTED,Z2,Z1,2026,LOCAL3,dynamic,adjacent_percent_change_new_extension,raw,LD,,T0->T1,prefix,natural_target,375,0.10272222025851607,0.051570182658351796,-0.012622462502362763,-0.033432652082044295,,,,36.167918660469134,19.54115239775063,,,0.028731695675530876,0.3042412107907205,375,0.08200031017167393,-8.401993415377436e-05,-0.02600477531481804,-0.0503430581893581,,,,36.40612282305353,19.545358846916947,,,0.025070576563018126,-0.0005306402341723656,0.02072191008684214,0.05165420259250557,0.013382312812455277,0.016910406107313807,,,,-0.23820416258439536,-0.0042064491663182935,,,0.00366111911251275,0.30477185102489285
PREPROJECTOR_MINUS_PROJECTED,Z2,Z1,3026,LOCAL0,dynamic,adjacent_percent_change_new_extension,raw,LD,,T0->T1,prefix,natural_target,375,0.1112867616372944,0.07811728266773046,0.0004081738417033298,-0.027697412458968458,,,,35.93445702255858,19.41312421339495,,,0.022722787266853305,0.5182225732959063,375,0.08350538888708976,0.025491505446756626,-0.014172860434493284,-0.03979650682938166,,,,36.19559591492646,19.539222459080307,,,0.021118653301737504,0.17541324147109472,0.027781372750204633,0.052625777220973835,0.014581034276196614,0.012099094370413205,,,,-0.2611388923678746,-0.12609824568535544,,,0.0016041339651158004,0.34280933182481155
PREPROJECTOR_MINUS_PROJECTED,Z2,Z1,3026,LOCAL3,dynamic,adjacent_percent_change_new_extension,raw,LD,,T0->T1,prefix,natural_target,375,0.12139032145583163,0.08643923249810527,0.0021990850065863876,-0.024134484529761826,,,,35.90225174139869,19.38184144291544,,,0.02462323290334912,0.5508563569473377,375,0.11463346901924629,0.04299673542689646,-0.010754783122447042,-0.037254429905417503,,,,36.134549238758915,19.467401314562363,,,0.023532020157872292,0.2802888854896401,0.006756852436585345,0.04344249707120881,0.01295386812903343,0.013119945375655678,,,,-0.23229749736022143,-0.08555987164692169,,,0.0010912127454768272,0.2705674714576976
PREPROJECTOR_MINUS_PROJECTED,Z2,Z1,2026,LOCAL0,dynamic,adjacent_percent_change_new_extension,raw,LD,,T1->T2,difference,natural_target,370,-0.0032058274759299466,-0.007585427773358843,-0.017830981306530713,-0.04415394644772524,,,,52.97594702398884,33.544322605920044,,,0.01582177304182205,-0.06030488620039827,370,-0.0595059172375138,-0.04840360978760599,-0.017759357933427422,-0.04013754515882635,,,,52.97408306875391,33.43519444503712,,,0.008567735687107924,-0.5229314009382475,0.05630008976158385,0.04081818201424715,-7.162337310329114e-05,-0.004016401288898887,,,,0.0018639552349242194,0.10912816088292487,,,0.007254037354714126,0.46262651473784927
PREPROJECTOR_MINUS_PROJECTED,Z2,Z1,2026,LOCAL3,dynamic,adjacent_percent_change_new_extension,raw,LD,,T1->T2,difference,natural_target,370,-0.017192745449352828,-0.01967002943697417,-0.01376611494516733,-0.03704441299399738,,,,52.870057353719474,33.43887150585082,,,0.009782585965229393,-0.1988740753160302,370,-0.06606238518998962,-0.05244793355418364,-0.018350685084945972,-0.04115878503617309,,,,52.989470038520054,33.50042395662626,,,0.008417236230180352,-0.5716676593050876,0.048869639740636794,0.03277790411720947,0.004584570139778643,0.0041143720421757055,,,,-0.11941268480057943,-0.06155245077543725,,,0.0013653497350490408,0.3727935839890574
PREPROJECTOR_MINUS_PROJECTED,Z2,Z1,3026,LOCAL0,dynamic,adjacent_percent_change_new_extension,raw,LD,,T1->T2,difference,natural_target,370,-0.01197164328124506,-0.030257862173273944,-0.01735032775150902,-0.03743775290013013,,,,52.96343704710029,33.0772017461647,,,0.011001237450859777,-0.28848117016252806,370,-0.07987220398561008,-0.07047464909823335,-0.029821218896948665,-0.056640426973337744,,,,53.287066681721306,33.548075632623075,,,0.01343344120002381,-0.608049985978861,0.06790056070436502,0.040216786924959405,0.012470891145439644,0.019202674073207616,,,,-0.3236296346210139,-0.4708738864583779,,,-0.0024322037491640337,0.3195688158163329
PREPROJECTOR_MINUS_PROJECTED,Z2,Z1,3026,LOCAL3,dynamic,adjacent_percent_change_new_extension,raw,LD,,T1->T2,difference,natural_target,370,0.006023746028898582,-0.03308069874720354,-0.013822863237118233,-0.03352457449253326,,,,52.87153710502495,33.209694631507986,,,0.00791390573881641,-0.3718598054874693,370,-0.08334688510612613,-0.05064837646136997,-0.0354121130311158,-0.0710322964137161,,,,53.431518496396095,33.82966819855448,,,0.02076578979560833,-0.35147246059693554,0.08937063113502472,0.01756767771416643,0.021589249793997567,0.03750772192118284,,,,-0.5599813913711458,-0.6199735670464932,,,-0.01285188405679192,-0.020387344890533732
PREPROJECTOR_MINUS_PROJECTED,Z2,Z1,2026,LOCAL0,dynamic,adjacent_percent_change_new_extension,raw,LD,,T1->T2,prefix,natural_target,370,0.123315035877756,0.08051644305594213,-0.02416827267152044,-0.04602282063176901,,,,53.1406124061482,33.326504988222176,,,0.06503725785900373,0.3157210002106463,370,0.10941654879405349,0.07415335051222693,-0.012645912074830346,-0.02782532538349285,,,,52.84083879975196,33.18878212262103,,,0.043041708861460776,0.35742590542693403,0.013898487083702504,0.006363092543715199,-0.011522360596690095,-0.01819749524827616,,,,0.2997736063962435,0.13772286560114821,,,0.021995548997542955,-0.041704905216287724
PREPROJECTOR_MINUS_PROJECTED,Z2,Z1,2026,LOCAL3,dynamic,adjacent_percent_change_new_extension,raw,LD,,T1->T2,prefix,natural_target,370,0.14388548521688455,0.08721213007023672,-0.015915953620974088,-0.03174618935353371,,,,52.926086992593014,33.236618912606765,,,0.05763242059164362,0.36328165177491467,370,0.1183365548352703,0.08586927436293763,-0.006877715683945906,-0.01815137826892263,,,,52.69012885511987,33.07578459871782,,,0.04150847174611807,0.421472672449429,0.02554893038161425,0.0013428557072990843,-0.009038237937028182,-0.01359481108461108,,,,0.23595813747314054,0.1608343138889481,,,0.01612394884552555,-0.058191020674514315
PREPROJECTOR_MINUS_PROJECTED,Z2,Z1,3026,LOCAL0,dynamic,adjacent_percent_change_new_extension,raw,LD,,T1->T2,prefix,natural_target,370,0.1552595968218177,0.10332297737636603,0.002780868773342271,0.00509207294746596,,,,52.436801966824305,32.47442998802676,,,0.03682735697251192,0.5384081641002179,370,0.10372468567476319,0.08874503434657131,-0.003142877146748768,-0.017330038565561496,,,,52.59231561089641,32.90273315146798,,,0.037272064379649465,0.4596765382194732,0.05153491114705451,0.014577943029794718,0.005923745920091039,0.022422111513027455,,,,-0.15551364407210144,-0.428303163441214,,,-0.0004447074071375484,0.07873162588074467
PREPROJECTOR_MINUS_PROJECTED,Z2,Z1,3026,LOCAL3,dynamic,adjacent_percent_change_new_extension,raw,LD,,T1->T2,prefix,natural_target,370,0.19832425312383062,0.16128869787607586,0.02436882807304619,0.0311598561735181,,,,51.86611635535205,32.18615076348959,,,0.04032405916614842,0.8031965125420102,370,0.15647697562043802,0.136201138407549,0.01448692386410766,0.011344157586316257,,,,52.12812350775248,32.42549499671755,,,0.039700281056416466,0.683571499050694,0.041847277503392594,0.025087559468526865,0.00988190420893853,0.019815698587201842,,,,-0.2620071524004288,-0.2393442332279605,,,0.0006237781097319511,0.11962501349131616
PREPROJECTOR_MINUS_PROJECTED,Z2,Z1,2026,LOCAL0,dynamic,adjacent_percent_change_new_extension,raw,LD,,T2->T3,difference,natural_target,313,0.00549318956784386,0.11478186638293278,0.006046693102656153,-0.02199503191526359,,,,72.27366231862231,41.302417744169034,,,0.015323424983364304,0.9272468335290818,313,-0.054608917205064444,0.05765423759973507,-0.015819325898976055,-0.08166749589057773,,,,73.06431319441128,42.53369143039539,,,0.030621441171465428,0.329471930254368,0.0601021067729083,0.05712762878319771,0.02186601900163221,0.059672463975314144,,,,-0.7906508757889696,-1.2312736862263591,,,-0.015298016188101124,0.5977749032747137
PREPROJECTOR_MINUS_PROJECTED,Z2,Z1,2026,LOCAL3,dynamic,adjacent_percent_change_new_extension,raw,LD,,T2->T3,difference,natural_target,313,0.01978012169680736,0.14523196280560566,0.01290171251409078,8.285785247498898e-05,,,,72.02400545017659,41.10132898398021,,,0.01113434904593502,1.376352864387922,313,-0.07297603265317221,0.06422088140772131,-0.004550736637328079,-0.036115071981818174,,,,72.65792802669003,41.84427577233397,,,0.014158396663971673,0.5397208853345925,0.09275615434997957,0.08101108139788435,0.01745244915141886,0.036197929834293166,,,,-0.6339225765134415,-0.7429467883537626,,,-0.0030240476180366533,0.8366319790533294
PREPROJECTOR_MINUS_PROJECTED,Z2,Z1,3026,LOCAL0,dynamic,adjacent_percent_change_new_extension,raw,LD,,T2->T3,difference,natural_target,313,0.06381527803496824,0.07112307628029682,-0.016578752270746344,-0.057051594613954225,,,,73.09161952646441,41.74562936197724,,,0.03553747494349714,0.3772830111760301,313,0.04205049981522387,0.07302876175038367,-0.0031255452861462807,-0.016921504911554284,,,,72.60636855789686,41.17120000134701,,,0.012420814609353384,0.6552679055967318,0.021764778219744367,-0.0019056854700868486,-0.013453206984600063,-0.04013008970239994,,,,0.4852509685675557,0.5744293606302264,,,0.02311666033414376,-0.2779848944207017
PREPROJECTOR_MINUS_PROJECTED,Z2,Z1,3026,LOCAL3,dynamic,adjacent_percent_change_new_extension,raw,LD,,T2->T3,difference,natural_target,313,0.053763236503630706,0.06630391426818681,-0.0192334511217771,-0.0647558886578771,,,,73.18699321309471,41.93900921958057,,,0.0366310028789195,0.34642941735303756,313,0.008630189250196148,0.05695633713312377,-0.005430814183151389,-0.024194614129234283,,,,72.68974852587577,41.294273155342864,,,0.011068682295052664,0.5413698819518196,0.04513304725343456,0.00934757713506304,-0.013802636938625712,-0.04056127452864282,,,,0.497244687218938,0.6447360642377049,,,0.025562320583866836,-0.194940464598782
PREPROJECTOR_MINUS_PROJECTED,Z2,Z1,2026,LOCAL0,dynamic,adjacent_percent_change_new_extension,raw,LD,,T2->T3,prefix,natural_target,313,-0.012514973541626522,0.03433068955450715,-0.024945056685122147,-0.08451334375867722,,,,73.39177026944499,42.200829938276534,,,0.028450339916651222,0.20353485719456108,313,-0.07198842227567265,0.00417329354161066,-0.023356881538857177,-0.05965369227353046,,,,73.33488713584532,42.037776005974465,,,0.01869811729374482,0.03051968123915057,0.05947344873404613,0.030157396012896492,-0.0015881751462649696,-0.02485965148514676,,,,0.05688313359966912,0.16305393230206988,,,0.009752222622906401,0.1730151759554105
PREPROJECTOR_MINUS_PROJECTED,Z2,Z1,2026,LOCAL3,dynamic,adjacent_percent_change_new_extension,raw,LD,,T2->T3,prefix,natural_target,313,0.002950250108581472,0.08204390504301946,-0.0046059762808845495,-0.02924830069988344,,,,72.65992570720758,41.58656216907839,,,0.019981063226508534,0.5804128598544863,313,-0.07434874030963705,0.018488678762198108,-0.019877871107293332,-0.05160891512278984,,,,73.21012614136133,41.8516127174087,,,0.018483679848499746,0.1359914667464593,0.07729899041821853,0.06355522628082136,0.015271894826408783,0.0223606144229064,,,,-0.5502004341537514,-0.26505054833030783,,,0.001497383378008789,0.44442139310802703
PREPROJECTOR_MINUS_PROJECTED,Z2,Z1,3026,LOCAL0,dynamic,adjacent_percent_change_new_extension,raw,LD,,T2->T3,prefix,natural_target,313,0.04139451736504155,0.0599433288728789,-0.01128067550325973,-0.0168236256295878,,,,72.90090588122199,41.30102035937394,,,0.021053366579908975,0.4131236722365742,313,0.04084331125466958,0.05599938986918461,-0.010595147520160664,-0.0281616690668754,,,,72.87619262186824,41.408665839081166,,,0.019300128737424024,0.40309108422795087,0.000551206110371974,0.003943939003694288,-0.0006855279830990657,0.011338043437287601,,,,0.024713259353745798,-0.10764547970722305,,,0.001753237842484951,0.010032588008623333
PREPROJECTOR_MINUS_PROJECTED,Z2,Z1,3026,LOCAL3,dynamic,adjacent_percent_change_new_extension,raw,LD,,T2->T3,prefix,natural_target,313,0.05817858616306891,0.05867286376340332,-0.01631871523452766,-0.0375055260994602,,,,73.08227064735554,41.351756407190905,,,0.02889309160578553,0.34517575142293094,313,0.033829783577832576,0.05419661751261953,-0.010086435449603082,-0.03131863669340305,,,,72.85784815150932,41.38463876133057,,,0.018112464202712814,0.4027016530812732,0.024348802585236334,0.004476246250783786,-0.006232279784924577,-0.006186889406057154,,,,0.22442249584622687,-0.03288235413966589,,,0.010780627403072715,-0.05752590165834226
PREPROJECTOR_MINUS_PROJECTED,Z2,Z1,2026,LOCAL0,dynamic,adjacent_percent_change_new_extension,raw,SPH,,T0->T1,difference,natural_target,375,-0.13247536693594267,-0.09033505829451431,-0.06704294515637566,-0.13356857191590402,,,,38.02819538641789,26.795017459706656,,,0.033094594709908894,-0.4965669326764797,375,-0.0805543292752304,-0.0821972259442076,-0.05016645112767426,-0.10094878181369767,,,,37.72626728054839,26.382289441029062,,,0.02387196301093198,-0.5320017911045238,-0.051921037660712266,-0.008137832350306712,-0.016876494028701394,-0.03261979010220635,,,,0.30192810586950003,0.4127280186775941,,,0.009222631698976913,0.035434858428044114
PREPROJECTOR_MINUS_PROJECTED,Z2,Z1,2026,LOCAL3,dynamic,adjacent_percent_change_new_extension,raw,SPH,,T0->T1,difference,natural_target,375,-0.06112185686653772,-0.008127037062829006,-0.06719053094689187,-0.14185308822748144,,,,38.03082519023664,26.833866219477855,,,0.06277703982651621,-0.03243633847931341,375,-0.14849789509614292,-0.11408947492171219,-0.07023518399875539,-0.13801811360221022,,,,38.08503678397558,26.903303071273438,,,0.030135320686201193,-0.6572153111926098,0.0873760382296052,0.10596243785888318,0.0030446530518635218,-0.0038349746252712147,,,,-0.05421159373894113,-0.06943685179558301,,,0.032641719140315016,0.6247789727132964
PREPROJECTOR_MINUS_PROJECTED,Z2,Z1,3026,LOCAL0,dynamic,adjacent_percent_change_new_extension,raw,SPH,,T0->T1,difference,natural_target,375,-0.029478438957788147,-0.03470483438669956,-0.03671616818183021,-0.08398964428452348,,,,37.483894171432944,26.098371321836943,,,0.025256684054552787,-0.21837444312827167,375,-0.02496984867447946,-0.025896559519716568,-0.04342351772087083,-0.10482131722652697,,,,37.604955385016616,26.279439078514553,,,0.03327206789963154,-0.14197182759578267,-0.004508590283308685,-0.00880827486698299,0.006707349539040619,0.0208316729420035,,,,-0.12106121358367261,-0.18106775667761,,,-0.008015383845078751,-0.076402615532489
PREPROJECTOR_MINUS_PROJECTED,Z2,Z1,3026,LOCAL3,dynamic,adjacent_percent_change_new_extension,raw,SPH,,T0->T1,difference,natural_target,375,-0.004378655137103197,-0.024820811052863784,-0.0469571679455596,-0.08779896870876552,,,,37.668577893976305,26.152201293943396,,,0.036837191646649954,-0.12932208912617912,375,-0.002932756855159859,0.0005674045303356276,-0.0390267875855439,-0.10140977341960743,,,,37.52564272816836,26.189995250279733,,,0.0384278511996505,0.0028944746399924524,-0.0014458982819433382,-0.02538821558319941,-0.007930380360015699,0.013610804710841903,,,,0.1429351658079483,-0.037793956336336976,,,-0.0015906595530005493,-0.13221656376617158
PREPROJECTOR_MINUS_PROJECTED,Z2,Z1,2026,LOCAL0,dynamic,adjacent_percent_change_new_extension,raw,SPH,,T0->T1,prefix,natural_target,375,-0.07470747525315735,-0.05390182536298238,-0.11237764021463592,-0.22328790384781033,,,,38.82763090007693,27.707687469905228,,,0.08030175316154081,-0.19021333458547285,375,-0.08980134258732506,-0.08536329009856745,-0.11841086523848432,-0.22768422028074856,,,,38.93278361524076,27.731255221983766,,,0.07166693595389677,-0.31886857938994956,0.015093867334167704,0.031461464735585074,0.006033225023848399,0.004396316432938224,,,,-0.1051527151638254,-0.023567752078538007,,,0.008634817207644044,0.1286552448044767
PREPROJECTOR_MINUS_PROJECTED,Z2,Z1,2026,LOCAL3,dynamic,adjacent_percent_change_new_extension,raw,SPH,,T0->T1,prefix,natural_target,375,-0.05395107520764592,-0.04003907774539412,-0.1058300356261177,-0.20913376537147416,,,,38.713189915673475,27.503554560619893,,,0.08167900340011373,-0.14009700479811044,375,-0.10461440436909776,-0.10012844490619509,-0.0842572944114468,-0.15249817328296594,,,,38.3337179873727,27.11588891270592,,,0.04218595721691573,-0.48749876212144844,0.05066332916145184,0.06008936716080097,-0.0215727412146709,-0.05663559208850821,,,,0.3794719283007737,0.3876656479139733,,,0.039493046183198,0.347401757323338
PREPROJECTOR_MINUS_PROJECTED,Z2,Z1,3026,LOCAL0,dynamic,adjacent_percent_change_new_extension,raw,SPH,,T0->T1,prefix,natural_target,375,-0.05763636363636363,-0.04376411119414986,-0.06499224640765244,-0.12431693890948896,,,,37.991635528304776,26.725876589653804,,,0.04571921993941456,-0.20467684168686384,375,-0.03680964842416657,-0.02840204879451817,-0.05757416461147513,-0.11963303589078624,,,,37.859091121262985,26.687361378871145,,,0.04444056877628805,-0.13472862107549308,-0.02082671521219706,-0.015362062399631688,-0.0074180817961773116,-0.004683903018702723,,,,0.1325444070417916,0.03851521078265918,,,0.001278651163126511,-0.06994822061137076
PREPROJECTOR_MINUS_PROJECTED,Z2,Z1,3026,LOCAL3,dynamic,adjacent_percent_change_new_extension,raw,SPH,,T0->T1,prefix,natural_target,375,-0.038261690749800896,-0.031459761363690296,-0.06625555588612442,-0.12724074300805405,,,,38.01416196862007,26.770010427574423,,,0.05131070472926484,-0.13888374994879707,375,-0.032338605074524976,-0.019894007446200006,-0.05822277311878721,-0.12192938213377665,,,,37.87069880115862,26.792609732338008,,,0.0483964155235785,-0.0904306552570383,-0.00592308567527592,-0.01156575391749029,-0.00803278276733721,-0.0053113608742774016,,,,0.14346316746145504,-0.022599304763584627,,,0.0029142892056863434,-0.048453094691758763
PREPROJECTOR_MINUS_PROJECTED,Z2,Z1,2026,LOCAL0,dynamic,adjacent_percent_change_new_extension,raw,SPH,,T1->T2,difference,natural_target,375,0.036753669359426554,0.09354445962911544,-0.06599406762988069,-0.11548558658069114,,,,60.49458855849147,42.436774288086546,,,0.1341264352070885,0.2554235164040788,375,0.02616270337922403,0.04528317935189158,-0.06852397808904298,-0.09230630713592651,,,,60.56633154425359,42.3906228158195,,,0.09653542359147198,0.14574496422645783,0.010590965980202524,0.04826128027722386,0.002529910459162288,-0.023179279444764625,,,,-0.07174298576212124,0.04615147226704863,,,0.037591011615616524,0.10967855217762096
PREPROJECTOR_MINUS_PROJECTED,Z2,Z1,2026,LOCAL3,dynamic,adjacent_percent_change_new_extension,raw,SPH,,T1->T2,difference,natural_target,375,0.056605757196495625,0.08378633242616353,-0.00821957225656278,-0.026852395151326435,,,,58.83241762692886,40.82261510172181,,,0.04291797231584742,0.4044395168000443,375,0.021931505290704287,0.07258824734643131,-0.026123009857870194,-0.04421652389472998,,,,59.35247675361603,41.29100721058913,,,0.06211968899769369,0.29124043701018804,0.034674251905791334,0.011198085079732217,0.017903437601307415,0.017364128743403543,,,,-0.5200591266871726,-0.4683921088673202,,,-0.019201716681846268,0.11319907978985627
PREPROJECTOR_MINUS_PROJECTED,Z2,Z1,3026,LOCAL0,dynamic,adjacent_percent_change_new_extension,raw,SPH,,T1->T2,difference,natural_target,375,0.09050039822505404,0.0953353611910148,0.0005659016408434692,-0.015217303052596418,,,,58.57552835415259,40.42976434657044,,,0.03499834269108812,0.50960100597713,375,0.09394993742177722,0.10278803072009882,0.003656262650049813,-0.01339756282559354,,,,58.48489722645142,40.37504825792482,,,0.03454900249790661,0.5529995643797025,-0.003449539196723181,-0.007452669529084022,-0.003090361009206344,-0.0018197402270028785,,,,0.09063112770116533,0.05471608864561972,,,0.0004493401931815119,-0.04339855840257256
PREPROJECTOR_MINUS_PROJECTED,Z2,Z1,3026,LOCAL3,dynamic,adjacent_percent_change_new_extension,raw,SPH,,T1->T2,difference,natural_target,375,0.10233632950278759,0.10115593319684865,0.0008604126564779602,-0.017580614336116518,,,,58.566897265097154,40.33470682622846,,,0.03898823376727411,0.5123002646954411,375,0.10195312322220958,0.10687170544757571,0.004012214221814525,-0.014449026863037062,,,,58.4744492003468,40.321779356000846,,,0.037228774575650055,0.5538898021446275,0.0003832062805780162,-0.005715772250727058,-0.003151801565336565,-0.0031315874730794557,,,,0.09244806475035716,0.012927470227616311,,,0.0017594591916240548,-0.041589537449186365
PREPROJECTOR_MINUS_PROJECTED,Z2,Z1,2026,LOCAL0,dynamic,adjacent_percent_change_new_extension,raw,SPH,,T1->T2,prefix,natural_target,375,0.07311685060871545,0.0616699419523371,-0.031618722340788,-0.06717850277953932,,,,59.51120458908209,41.5801481178458,,,0.06236252566322111,0.24695151328777512,375,0.02091500739560815,0.010651582746639387,-0.06649181849614139,-0.10420212599772072,,,,60.5087104568162,42.46319065051739,,,0.07221602196871828,0.03963668860274729,0.0522018432131073,0.05101835920569771,0.03487309615535339,0.037023623218181395,,,,-0.9975058677341124,-0.8830425326715883,,,-0.009853496305497166,0.20731482468502782
PREPROJECTOR_MINUS_PROJECTED,Z2,Z1,2026,LOCAL3,dynamic,adjacent_percent_change_new_extension,raw,SPH,,T1->T2,prefix,natural_target,375,0.10644692228922518,0.08863725327048581,-0.01766031093911824,-0.04776602647783784,,,,59.10722250975129,41.319804388497964,,,0.06166735189631516,0.35693459240702524,375,0.06272249402662419,0.045485954431807106,-0.0443489761076139,-0.07045216392831352,,,,59.87726515111822,41.905107707691755,,,0.06806320485112764,0.17434966395371246,0.04372442826260099,0.04315129883867871,0.026688665168495662,0.02268613745047568,,,,-0.7700426413669348,-0.5853033191937911,,,-0.0063958529548124796,0.18258492845331278
PREPROJECTOR_MINUS_PROJECTED,Z2,Z1,3026,LOCAL0,dynamic,adjacent_percent_change_new_extension,raw,SPH,,T1->T2,prefix,natural_target,375,0.06895710547275002,0.06906937923917408,-0.029077270270851274,-0.0693533066146667,,,,59.43785474778932,41.561703421884694,,,0.06395366090729449,0.27311958750611304,375,0.07659051086585504,0.06618919831267786,-0.0298278915677741,-0.06688301068614871,,,,59.459528138182016,41.34008472163809,,,0.06306801941584111,0.26356183622299056,-0.007633405393105017,0.002880180926496223,0.0007506212969228265,-0.002470295928517982,,,,-0.021673390392692227,0.22161870024660146,,,0.0008856414914533706,0.009557751283122473
PREPROJECTOR_MINUS_PROJECTED,Z2,Z1,3026,LOCAL3,dynamic,adjacent_percent_change_new_extension,raw,SPH,,T1->T2,prefix,natural_target,375,0.09079736033678462,0.08595959102832088,-0.02579537249153141,-0.07395807947521794,,,,59.34300048152352,41.35910925260961,,,0.07185290722591985,0.3206802165589019,375,0.08141677096370463,0.07299167903753816,-0.030381172628578312,-0.07270521140848189,,,,59.47549848314018,41.47565667443598,,,0.06858198727825714,0.2787201205810719,0.009380589373079992,0.012967911990782718,0.004585800137046903,-0.0012528680667360514,,,,-0.1324980016166606,-0.11654742182636824,,,0.0032709199476627093,0.041960095977830014
PREPROJECTOR_MINUS_PROJECTED,Z2,Z1,2026,LOCAL0,dynamic,adjacent_percent_change_new_extension,raw,SPH,,T2->T3,difference,natural_target,375,0.1365183752417795,0.1702477034405098,0.028561979062204257,-0.008356348275543865,,,,63.52595529006495,40.19342821372889,,,0.03337874895466681,0.931850482927593,375,0.11150711116167937,0.18128259171059788,0.029753549929973255,-0.02544369943173645,,,,63.48698270382546,41.22357256417045,,,0.05457472567635184,0.7759974976153756,0.02501126408010014,-0.011034888270088083,-0.0011915708677689985,0.017087351156192584,,,,0.038972586239488294,-1.0301443504415602,,,-0.02119597672168503,0.15585298531221736
PREPROJECTOR_MINUS_PROJECTED,Z2,Z1,2026,LOCAL3,dynamic,adjacent_percent_change_new_extension,raw,SPH,,T2->T3,difference,natural_target,375,0.14255228126066674,0.18045554911256556,0.03217589216961281,-0.00821252209954288,,,,63.40768155969933,40.18224375057975,,,0.03378752255936188,0.981730010330588,375,0.1369584708157925,0.17666476466079908,0.029113335758415126,-0.01403423151997445,,,,63.5079250960037,40.6240958479849,,,0.047033542890520016,0.8146031632476138,0.005593810444874253,0.003790784451766477,0.003062556411197681,0.005821709420431569,,,,-0.10024353630437588,-0.4418520974051461,,,-0.01324602033115814,0.1671268470829742
PREPROJECTOR_MINUS_PROJECTED,Z2,Z1,3026,LOCAL0,dynamic,adjacent_percent_change_new_extension,raw,SPH,,T2->T3,difference,natural_target,375,0.08844783251792014,0.10303191675592754,0.0006167454741889955,-0.048570947720340825,,,,64.4331984382239,41.378036555280346,,,0.04002998149332576,0.514966626574052,375,0.11824325861872796,0.10260877348952892,0.0003926135690041077,-0.05028452883727843,,,,64.44042325705436,41.442701610438554,,,0.040648674145630094,0.5089338109184287,-0.02979542610080782,0.0004231432663986262,0.0002241319051848878,0.0017135811169376042,,,,-0.007224818830465551,-0.06466505515820842,,,-0.0006186926523043326,0.006032815655623303
PREPROJECTOR_MINUS_PROJECTED,Z2,Z1,3026,LOCAL3,dynamic,adjacent_percent_change_new_extension,raw,SPH,,T2->T3,difference,natural_target,375,0.10120992149277508,0.10706889409236699,0.0015628976881035817,-0.04150857360929686,,,,64.40269059800163,41.27905737312551,,,0.04130978351182946,0.526789193599481,375,0.1423929912390488,0.11917281748707974,0.005666610815424522,-0.0389320269496824,,,,64.2702023857023,41.290062644937166,,,0.04421425867441208,0.5667558782260709,-0.041183069746273726,-0.012103923394712751,-0.00410371312732094,-0.0025765466596144662,,,,0.13248821229932162,-0.011005271811654893,,,-0.0029044751625826176,-0.03996668462658992
PREPROJECTOR_MINUS_PROJECTED,Z2,Z1,2026,LOCAL0,dynamic,adjacent_percent_change_new_extension,raw,SPH,,T2->T3,prefix,natural_target,375,0.09484992604391854,0.12541072549593835,0.005918586534119918,-0.045505653475386355,,,,64.26205845897013,40.82693398358863,,,0.04994764715660963,0.5611476683334892,375,0.07414722949140971,0.10973061154770017,-0.002404089596774295,-0.06713179491980957,,,,64.53050605292827,41.43771314574266,,,0.05241020701498329,0.47931372167198716,0.020702696552508823,0.015680113948238178,0.008322676130894213,0.021626141444423215,,,,-0.2684475939581432,-0.6107791621540315,,,-0.00246255985837366,0.08183394666150201
PREPROJECTOR_MINUS_PROJECTED,Z2,Z1,2026,LOCAL3,dynamic,adjacent_percent_change_new_extension,raw,SPH,,T2->T3,prefix,natural_target,375,0.08990920468767777,0.13459336449269382,0.008987945734065916,-0.04773791167989258,,,,64.1627729140622,40.95343653798704,,,0.052036514038980686,0.5900238294038189,375,0.07410126294231426,0.1245703006613235,0.004095694351199053,-0.0614768169397317,,,,64.32095159845586,41.34858694996654,,,0.053147169967966285,0.5403491103751252,0.015807941745363513,0.010023063831370319,0.0048922513828668635,0.013738905259839118,,,,-0.15817868439366123,-0.3951504119795004,,,-0.0011106559289855988,0.04967471902869369
PREPROJECTOR_MINUS_PROJECTED,Z2,Z1,3026,LOCAL0,dynamic,adjacent_percent_change_new_extension,raw,SPH,,T2->T3,prefix,natural_target,375,0.06991830697462738,0.13137081383705368,0.005485996833330842,-0.0711145533813035,,,,64.27603924596656,41.79467781717855,,,0.055086398388245264,0.5597275725177662,375,0.08035225850494937,0.11332083261217417,-0.0033992084102743014,-0.07555392416771647,,,,64.56252886288401,41.72871571494901,,,0.05585255986276577,0.4794995627008544,-0.010433951530321992,0.01804998122487951,0.008885205243605143,0.0044393707864129744,,,,-0.28648961691745,0.06596210222954113,,,-0.0007661614745205075,0.08022800981691175
PREPROJECTOR_MINUS_PROJECTED,Z2,Z1,3026,LOCAL3,dynamic,adjacent_percent_change_new_extension,raw,SPH,,T2->T3,prefix,natural_target,375,0.07169734895892593,0.12857758701663385,0.0029011133076524143,-0.06924487721150117,,,,64.35951632882305,41.85133086933388,,,0.057713510380417464,0.535212842497899,375,0.08092729548299012,0.11787470042167382,-0.004127754909076353,-0.07506453921388871,,,,64.58596333889264,41.91748040891076,,,0.06209880853122882,0.47301941668265823,-0.009229946524064184,0.010702886594960034,0.0070288682167287675,0.005819662002387538,,,,-0.22644701006959167,-0.06614953957688385,,,-0.004385298150811359,0.06219342581524079
PREPROJECTOR_MINUS_PROJECTED,Z2,Z1,2026,LOCAL0,dynamic,adjacent_percent_change_new_extension,residual_ftv,BPE,,T0->T1,difference,goal6_transformed_standardized_residual,375,0.019237225931325038,-0.02434117182412418,,-0.0524685463291471,0.019237225931325038,-0.0524685463291471,0.058877852627964966,,,34.98805191399369,24.377451324701582,0.027371754785095313,-0.047173571692150064,375,-0.0460374115446925,-0.035933778695855664,,-0.06561405057118964,-0.0460374115446925,-0.06561405057118964,0.04689894713675036,,,35.21001742619199,24.863633031372622,0.030065941575573567,-0.03296687131800502,0.06527463747601754,0.011592606871731484,,0.013145504242042541,0.06527463747601754,0.013145504242042541,0.011978905491214609,,,-0.2219655121983024,-0.4861817066710401,-0.0026941867904782535,-0.014206700374145044
PREPROJECTOR_MINUS_PROJECTED,Z2,Z1,2026,LOCAL3,dynamic,adjacent_percent_change_new_extension,residual_ftv,BPE,,T0->T1,difference,goal6_transformed_standardized_residual,375,0.0032132067191888583,-0.04484770463919263,,-0.05536831867110643,0.0032132067191888583,-0.05536831867110643,0.05616244668776771,,,35.038490814273146,24.522788534727848,0.0282527721294768,-0.2904399676185468,375,-0.032279236232312554,-0.052721598620613784,,-0.0667492513730716,-0.032279236232312554,-0.0667492513730716,0.046220841061409224,,,35.22254069503136,24.883407245520974,0.03138873717261689,-0.23697764881346625,0.03549244295150141,0.007873893981421153,,0.01138093270196517,0.03549244295150141,0.01138093270196517,0.009941605626358485,,,-0.1840498807582165,-0.36061871079312624,-0.003135965043140093,-0.05346231880508054
PREPROJECTOR_MINUS_PROJECTED,Z2,Z1,3026,LOCAL0,dynamic,adjacent_percent_change_new_extension,residual_ftv,BPE,,T0->T1,difference,goal6_transformed_standardized_residual,375,-0.01605876467530084,-0.02236111883015207,,-0.043499947873508325,-0.01605876467530084,-0.043499947873508325,0.0704158269338615,,,34.77291715053439,24.593564724950266,0.03173079587044296,-0.23961147093352603,375,-0.06522562770713268,-0.036165016002597535,,-0.03516774000189376,-0.06522562770713268,-0.03516774000189376,0.07239632296998588,,,34.73585523261618,24.535569974236427,0.01484042960712575,-0.24736556238339416,0.04916686303183184,0.013803897172445463,,-0.008332207871614566,0.04916686303183184,-0.008332207871614566,-0.0019804960361243795,,,0.037061917918208565,0.05799475071383853,0.016890366263317212,0.0077540914498681335
PREPROJECTOR_MINUS_PROJECTED,Z2,Z1,3026,LOCAL3,dynamic,adjacent_percent_change_new_extension,residual_ftv,BPE,,T0->T1,difference,goal6_transformed_standardized_residual,375,-0.050377743764975995,-0.05393134466945818,,-0.05919297553756327,-0.050377743764975995,-0.05919297553756327,0.062304364516292066,,,34.92430020080338,24.81572379447488,0.03344539879542323,-0.4515983348293225,375,-0.10310218889910744,-0.08326637651878735,,-0.04610976202752028,-0.10310218889910744,-0.04610976202752028,0.06572973672345617,,,34.86045316306988,24.704311172959287,0.014821649417231368,-0.7058300147082592,0.052724445134131444,0.029335031849329167,,-0.013083213510042983,0.052724445134131444,-0.013083213510042983,-0.0034253722071641013,,,0.06384703773350253,0.11141262151559417,0.01862374937819186,0.25423167987893674
PREPROJECTOR_MINUS_PROJECTED,Z2,Z1,2026,LOCAL0,dynamic,adjacent_percent_change_new_extension,residual_ftv,BPE,,T0->T1,prefix,goal6_transformed_standardized_residual,375,0.008346493375092004,-0.010939249390783617,,-0.06812037866252514,0.008346493375092004,-0.06812037866252514,0.044523863197070246,,,35.25386100026299,24.943072401476254,0.05284008151343276,-0.0447203951287486,375,-0.026555766515092054,-0.03656160877754976,,-0.07186511342808473,-0.026555766515092054,-0.07186511342808473,0.0401814240399464,,,35.333880896495124,25.099280557749267,0.04299156546855394,-0.15772753321958966,0.034902259890184056,0.025622359386766144,,0.0037447347655595875,0.034902259890184056,0.0037447347655595875,0.004342439157123845,,,-0.08001989623213746,-0.15620815627301354,0.009848516044878818,0.11300713809084106
PREPROJECTOR_MINUS_PROJECTED,Z2,Z1,2026,LOCAL3,dynamic,adjacent_percent_change_new_extension,residual_ftv,BPE,,T0->T1,prefix,goal6_transformed_standardized_residual,375,-0.007196608018653064,-0.029370173412335287,,-0.07567922315808075,-0.007196608018653064,-0.07567922315808075,0.03792117590495203,,,35.37545978375947,25.032743119915306,0.05241358636613098,-0.12209745327094736,375,-0.013473584023999273,-0.04062040693700143,,-0.0735606050304778,-0.013473584023999273,-0.0735606050304778,0.038456540895757785,,,35.36561577843366,25.06772482249534,0.04311253964519957,-0.17399318942343656,0.00627697600534621,0.011250233524666146,,-0.0021186181276029448,0.00627697600534621,-0.0021186181276029448,-0.0005353649908057534,,,0.009844005325810201,-0.034981702580033414,0.009301046720931405,0.0518957361524892
PREPROJECTOR_MINUS_PROJECTED,Z2,Z1,3026,LOCAL0,dynamic,adjacent_percent_change_new_extension,residual_ftv,BPE,,T0->T1,prefix,goal6_transformed_standardized_residual,375,-0.018015143824047848,-0.017124838270992915,,-0.06902068788810593,-0.018015143824047848,-0.06902068788810593,0.051344726691014975,,,35.12780214364922,24.84684678399865,0.050853635401566344,-0.060178692665901486,375,-0.04506767656879792,-0.04187718958246296,,-0.09328480511986885,-0.04506767656879792,-0.09328480511986885,0.04406878273340453,,,35.26225547132282,25.16868075365719,0.07743218215959534,-0.2495564015380192,0.02705253274475007,0.024752351311470046,,0.024264117231762916,0.02705253274475007,0.024264117231762916,0.007275943957610442,,,-0.1344533276735973,-0.32183396965853817,-0.026578546758028995,0.18937770887211772
PREPROJECTOR_MINUS_PROJECTED,Z2,Z1,3026,LOCAL3,dynamic,adjacent_percent_change_new_extension,residual_ftv,BPE,,T0->T1,prefix,goal6_transformed_standardized_residual,375,-0.031241171441977206,-0.0372751799054472,,-0.0768553505246501,-0.031241171441977206,-0.0768553505246501,0.04873209335236339,,,35.176140548403254,24.94629882236925,0.04884292963482615,-0.16590979975135503,375,-0.043038708197746134,-0.04939850639630297,,-0.06888211018072077,-0.043038708197746134,-0.06888211018072077,0.04866941152656168,,,35.177299458726054,25.040195981381814,0.0405930434271344,-0.2677398469846643,0.011797536755768927,0.01212332649085577,,-0.007973240343929336,0.011797536755768927,-0.007973240343929336,6.268182580171366e-05,,,-0.001158910322800466,-0.09389715901256324,0.00824988620769175,0.10183004723330927
PREPROJECTOR_MINUS_PROJECTED,Z2,Z1,2026,LOCAL0,dynamic,adjacent_percent_change_new_extension,residual_ftv,BPE,,T1->T2,difference,goal6_transformed_standardized_residual,375,0.18903849383183635,0.18943924096425133,,0.005820139607419868,0.18903849383183635,0.005820139607419868,0.04622513861547506,,,35.467589811528825,25.166717428208187,0.055196094932572076,0.8192938139120414,375,0.1518327107299267,0.1562749367831333,,-0.020402330098129313,0.1518327107299267,-0.020402330098129313,0.0238760362895728,,,35.88072656957139,25.343471348058127,0.06169861718337099,0.6635653644410748,0.03720578310190964,0.033164304181118015,,0.02622246970554918,0.03720578310190964,0.02622246970554918,0.02234910232590226,,,-0.4131367580425618,-0.17675391984993993,-0.006502522250798913,0.15572844947096653
PREPROJECTOR_MINUS_PROJECTED,Z2,Z1,2026,LOCAL3,dynamic,adjacent_percent_change_new_extension,residual_ftv,BPE,,T1->T2,difference,goal6_transformed_standardized_residual,375,0.1688612868915694,0.16510205252409677,,-0.014583740820390732,0.1688612868915694,-0.014583740820390732,0.030712393028481833,,,35.75485913402472,25.39980393207511,0.06344614429563103,0.6963378495293943,375,0.1424443296485546,0.1429586020244231,,-0.0630654655072728,0.1424443296485546,-0.0630654655072728,-0.00421379716910808,,,36.39333317319686,25.831772892669424,0.09238363143649962,0.6465671991624683,0.026416957243014794,0.022143450499673673,,0.04848172468688206,0.026416957243014794,0.04848172468688206,0.03492619019758991,,,-0.638474039172138,-0.43196896059431467,-0.028937487140868592,0.04977065036692596
PREPROJECTOR_MINUS_PROJECTED,Z2,Z1,3026,LOCAL0,dynamic,adjacent_percent_change_new_extension,residual_ftv,BPE,,T1->T2,difference,goal6_transformed_standardized_residual,375,0.12666291565901835,0.1475563058788763,,-0.03288796037146756,0.12666291565901835,-0.03288796037146756,0.015857597396189194,,,36.02779753100923,25.521569164611012,0.06710375149574288,0.6918539511174414,375,0.09950338409276245,0.12903338359927943,,-0.021838836875261475,0.09950338409276245,-0.021838836875261475,0.024304525118203024,,,35.872850429514344,25.26727970817957,0.0535152773946204,0.5787319492223674,0.027159531566255904,0.01852292227959687,,-0.011049123496206084,0.027159531566255904,-0.011049123496206084,-0.00844692772201383,,,0.15494710149488355,0.25428945643144374,0.013588474101122482,0.11312200189507404
PREPROJECTOR_MINUS_PROJECTED,Z2,Z1,3026,LOCAL3,dynamic,adjacent_percent_change_new_extension,residual_ftv,BPE,,T1->T2,difference,goal6_transformed_standardized_residual,375,0.1440165336860234,0.16959585264642305,,-0.02179990665326811,0.1440165336860234,-0.02179990665326811,0.021274177457869303,,,35.92851479168781,25.39100058137211,0.07016826171468114,0.7700089289597649,375,0.11833505504706346,0.13438916822171762,,-0.03409377947921866,0.11833505504706346,-0.03409377947921866,0.015278797417086265,,,36.038390420448515,25.723026449636414,0.08166368704881398,0.5017023492876942,0.025681478638959948,0.035206684424705426,,0.012293872825950552,0.025681478638959948,0.012293872825950552,0.005995380040783038,,,-0.10987562876070456,-0.3320258682643029,-0.011495425334132836,0.2683065796720707
PREPROJECTOR_MINUS_PROJECTED,Z2,Z1,2026,LOCAL0,dynamic,adjacent_percent_change_new_extension,residual_ftv,BPE,,T1->T2,prefix,goal6_transformed_standardized_residual,375,0.19937978698316355,0.1935193658231704,,-0.0027117532213571127,0.19937978698316355,-0.0027117532213571127,0.04163785980907786,,,35.552780021710205,25.267691516000458,0.10000935930805127,0.63463418891823,375,0.1708129847626079,0.14883142613857986,,-0.03613854488509299,0.1708129847626079,-0.03613854488509299,0.014785766002791134,,,36.04741116412428,25.385533224015468,0.09847691502316912,0.4927955852042046,0.02856680222055566,0.04468793968459053,,0.033426791663735876,0.02856680222055566,0.033426791663735876,0.026852093806286725,,,-0.4946311424140717,-0.11784170801501048,0.0015324442848821535,0.1418386037140254
PREPROJECTOR_MINUS_PROJECTED,Z2,Z1,2026,LOCAL3,dynamic,adjacent_percent_change_new_extension,residual_ftv,BPE,,T1->T2,prefix,goal6_transformed_standardized_residual,375,0.18121004814475797,0.18266447137917627,,-0.010854909257386683,0.18121004814475797,-0.010854909257386683,0.0358387392839441,,,35.66018404622647,25.38458192467188,0.09998226803171274,0.5931629255429183,375,0.1759971008526423,0.16523851858626645,,-0.020590108307535136,0.1759971008526423,-0.020590108307535136,0.027050274543811703,,,35.82233915037393,25.248661369718302,0.09922528809404489,0.5284541140396988,0.0052129472921156605,0.017425952792909816,,0.009735199050148453,0.0052129472921156605,0.009735199050148453,0.008788464740132396,,,-0.16215510414745893,0.1359205549535787,0.000756979937667851,0.0647088115032195
PREPROJECTOR_MINUS_PROJECTED,Z2,Z1,3026,LOCAL0,dynamic,adjacent_percent_change_new_extension,residual_ftv,BPE,,T1->T2,prefix,goal6_transformed_standardized_residual,375,0.16858441423135834,0.168828179646096,,-0.017435622362668664,0.16858441423135834,-0.017435622362668664,0.029939344593002182,,,35.769114309084934,24.969921301733145,0.06748959654106766,0.7300596666188601,375,0.12056158676328244,0.12700933665247383,,-0.040666637895678814,0.12056158676328244,-0.040666637895678814,0.008475822402946864,,,36.162662289122125,25.34022840177613,0.0881551301513479,0.4289115341503997,0.0480228274680759,0.04181884299362218,,0.02323101553301015,0.0480228274680759,0.02323101553301015,0.021463522190055317,,,-0.3935479800371908,-0.37030710004298584,-0.020665533610280243,0.30114813246846045
PREPROJECTOR_MINUS_PROJECTED,Z2,Z1,3026,LOCAL3,dynamic,adjacent_percent_change_new_extension,residual_ftv,BPE,,T1->T2,prefix,goal6_transformed_standardized_residual,375,0.17292051692991678,0.18282432102754242,,-0.009220910244115865,0.17292051692991678,-0.009220910244115865,0.035976055561110276,,,35.65764458613996,24.93850250336504,0.07704342431593506,0.711508079094055,375,0.12666080853362985,0.1364196508228715,,-0.03337434914591177,0.12666080853362985,-0.03337434914591177,0.014437693408590135,,,36.05377831122201,25.300165005066685,0.07108535459378253,0.5189772654131632,0.04625970839628693,0.04640467020467093,,0.024153438901795908,0.04625970839628693,0.024153438901795908,0.02153836215252014,,,-0.396133725082052,-0.3616625017016446,0.005958069722152529,0.19253081368089175
PREPROJECTOR_MINUS_PROJECTED,Z2,Z1,2026,LOCAL0,dynamic,adjacent_percent_change_new_extension,residual_ftv,BPE,,T2->T3,difference,goal6_transformed_standardized_residual,375,0.15159299931241446,0.1483134118741255,,-0.021175243858869305,0.15159299931241446,-0.021175243858869305,0.034874555004702934,,,45.07533480504004,28.657585445815876,0.05639016578365066,0.9294698177092751,375,0.026211125934308296,0.04269743859989778,,-0.05091277802732284,0.026211125934308296,-0.05091277802732284,0.017700181312649166,,,45.474623313423024,29.30490553118511,0.033083385100669,0.3995062702862718,0.12538187337810616,0.10561597327422773,,0.029737534168453532,0.12538187337810616,0.029737534168453532,0.017174373692053768,,,-0.39928850838298047,-0.647320085369234,0.023306780682981657,0.5299635474230033
PREPROJECTOR_MINUS_PROJECTED,Z2,Z1,2026,LOCAL3,dynamic,adjacent_percent_change_new_extension,residual_ftv,BPE,,T2->T3,difference,goal6_transformed_standardized_residual,375,0.16340823383668993,0.14983067248891244,,-0.021734104494390692,0.16340823383668993,-0.021734104494390692,0.035155660032753944,,,45.068769945469086,28.77803610115689,0.05207728151046958,0.9963426808622773,375,0.06229360756216505,0.06144139542160327,,-0.04299263377836751,0.06229360756216505,-0.04299263377836751,0.02161532890455531,,,45.38390884104876,29.192156025394958,0.03384473414814889,0.4929338304154184,0.10111462627452487,0.08838927706730917,,0.02125852928397682,0.10111462627452487,0.02125852928397682,0.013540331128198635,,,-0.3151388955796719,-0.41411992423806865,0.01823254736232069,0.5034088504468589
PREPROJECTOR_MINUS_PROJECTED,Z2,Z1,3026,LOCAL0,dynamic,adjacent_percent_change_new_extension,residual_ftv,BPE,,T2->T3,difference,goal6_transformed_standardized_residual,375,0.12269723009339407,0.1139235980679069,,-0.04885523849972304,0.12269723009339407,-0.04885523849972304,0.015381632204313211,,,45.52825918064088,29.025885609261906,0.09068159420442762,0.5104948289834095,375,0.07643455873049966,0.10043652701304584,,-0.04758100001702703,0.07643455873049966,-0.04758100001702703,0.03000663776072765,,,45.188867721336294,29.249946195385423,0.056722152953305446,0.6032480171077758,0.046262671362894414,0.013487071054861063,,-0.001274238482696012,0.046262671362894414,-0.001274238482696012,-0.014625005556414439,,,0.33939145930458636,-0.22406058612351742,0.03395944125112217,-0.09275318812436628
PREPROJECTOR_MINUS_PROJECTED,Z2,Z1,3026,LOCAL3,dynamic,adjacent_percent_change_new_extension,residual_ftv,BPE,,T2->T3,difference,goal6_transformed_standardized_residual,375,0.12610315282835335,0.1143256743448937,,-0.06911345632308141,0.12610315282835335,-0.06911345632308141,0.010301169408647892,,,45.64556707813433,29.568426334162854,0.11797474162874433,0.3874508906887698,375,0.06224113972343436,0.07915998248145094,,-0.08919168694509771,0.06224113972343436,-0.08919168694509771,0.0067465218248876635,,,45.72746496015846,29.845880144214053,0.09979621999205733,0.4440166401807454,0.06386201310491899,0.03516569186344276,,0.020078230622016302,0.06386201310491899,0.020078230622016302,0.0035546475837602287,,,-0.08189788202412984,-0.27745381005119896,0.018178521636686998,-0.05656574949197557
PREPROJECTOR_MINUS_PROJECTED,Z2,Z1,2026,LOCAL0,dynamic,adjacent_percent_change_new_extension,residual_ftv,BPE,,T2->T3,prefix,goal6_transformed_standardized_residual,375,0.1256857220408041,0.14286856563459382,,-0.03332559440201871,0.1256857220408041,-0.03332559440201871,0.03735544390258816,,,45.017363660189055,29.399224375520667,0.09068950723977938,0.5372615968358403,375,0.053056559123028424,0.07115531622044104,,-0.08607141169616087,0.053056559123028424,-0.08607141169616087,0.009502227312109146,,,45.6639872313661,30.06094546918306,0.09590523681498087,0.29402454694782193,0.07262916291777569,0.07171324941415279,,0.052745817294142155,0.07262916291777569,0.052745817294142155,0.027853216590479013,,,-0.6466235711770452,-0.6617210936623934,-0.005215729575201486,0.24323704988801836
PREPROJECTOR_MINUS_PROJECTED,Z2,Z1,2026,LOCAL3,dynamic,adjacent_percent_change_new_extension,residual_ftv,BPE,,T2->T3,prefix,goal6_transformed_standardized_residual,375,0.13261216491568814,0.14990741191844273,,-0.030738552648401432,0.13261216491568814,-0.030738552648401432,0.03781715522771989,,,45.00656657035663,29.36660722413415,0.0930491535301444,0.56265296465292,375,0.07181603100571704,0.08847233655713192,,-0.07448097882297534,0.07181603100571704,-0.07448097882297534,0.014415830151076836,,,45.550582808847516,30.000844423742198,0.09994087398314912,0.3344528494362302,0.0607961339099711,0.061435075361310806,,0.04374242617457391,0.0607961339099711,0.04374242617457391,0.023401325076643054,,,-0.5440162384908831,-0.634237199608048,-0.006891720453004721,0.22820011521668981
PREPROJECTOR_MINUS_PROJECTED,Z2,Z1,3026,LOCAL0,dynamic,adjacent_percent_change_new_extension,residual_ftv,BPE,,T2->T3,prefix,goal6_transformed_standardized_residual,375,0.12193484074551086,0.11598663742130887,,-0.08485594557995978,0.12193484074551086,-0.08485594557995978,0.003870208342585446,,,45.793627044763696,30.191402447938792,0.15866616219309196,0.28741788858950734,375,0.08424602271723922,0.09718985757004492,,-0.0617505726685214,0.08424602271723922,-0.0617505726685214,0.027118655127092217,,,45.25608863027382,29.67137935918372,0.09235451181297114,0.36768566670968666,0.03768881802827165,0.018796779851263948,,-0.023105372911438375,0.03768881802827165,-0.023105372911438375,-0.02324844678450677,,,0.5375384144898732,0.520023088755071,0.06631165038012082,-0.08026777812017932
PREPROJECTOR_MINUS_PROJECTED,Z2,Z1,3026,LOCAL3,dynamic,adjacent_percent_change_new_extension,residual_ftv,BPE,,T2->T3,prefix,goal6_transformed_standardized_residual,375,0.12963509829939523,0.11592348069885774,,-0.08453852769085572,0.12963509829939523,-0.08453852769085572,0.005037214273499457,,,45.76679464994062,30.194994681855526,0.1524209440119935,0.2946339884399829,375,0.06621657077422732,0.07259098948526294,,-0.07303387245748079,0.06621657077422732,-0.07303387245748079,0.01860287443321995,,,45.45372385690762,29.82328539340966,0.0901483690514666,0.27002759614960803,0.06341852752516791,0.04333249121359481,,-0.011504655233374933,0.06341852752516791,-0.011504655233374933,-0.013565660159720494,,,0.313070793032999,0.37170928844586726,0.06227257496052689,0.024606392290374868
PREPROJECTOR_MINUS_PROJECTED,Z2,Z1,2026,LOCAL0,dynamic,adjacent_percent_change_new_extension,residual_ftv,LD,,T0->T1,difference,goal6_transformed_standardized_residual,375,0.09477151654634539,0.08596723568390295,,-0.021660206354034216,0.09477151654634539,-0.021660206354034216,0.057507269205924416,,,34.89303479492424,17.954069012408237,0.04263065839481744,0.4485369089726104,375,0.08463604030628798,0.09196481170450302,,-0.011400375859352541,0.08463604030628798,-0.011400375859352541,0.05682653855113107,,,34.90563355045954,17.766421358140374,0.02059044975964368,0.6277827284970482,0.010135476240057409,-0.005997576020600068,,-0.010259830494681675,0.010135476240057409,-0.010259830494681675,0.0006807306547933489,,,-0.012598755535300654,0.18764765426786312,0.022040208635173756,-0.1792458195244378
PREPROJECTOR_MINUS_PROJECTED,Z2,Z1,2026,LOCAL3,dynamic,adjacent_percent_change_new_extension,residual_ftv,LD,,T0->T1,difference,goal6_transformed_standardized_residual,375,0.06953280511834967,0.0662593400192641,,-0.02091793766761679,0.06953280511834967,-0.02091793766761679,0.04677365847660386,,,35.091162556335895,17.888340480281688,0.028050462596108272,0.379220326089721,375,0.07760714184158474,0.06217084402048214,,-0.02034357356681581,0.07760714184158474,-0.02034357356681581,0.047790077880020765,,,35.072448820680876,17.917381810488752,0.02541870001042974,0.2642199294443808,-0.00807433672323507,0.004088495998781964,,-0.0005743641008009795,-0.00807433672323507,-0.0005743641008009795,-0.0010164194034169016,,,0.018713735655019548,-0.029041330207064675,0.0026317625856785327,0.11500039664534023
PREPROJECTOR_MINUS_PROJECTED,Z2,Z1,3026,LOCAL0,dynamic,adjacent_percent_change_new_extension,residual_ftv,LD,,T0->T1,difference,goal6_transformed_standardized_residual,375,0.08069292980584539,0.0918320802310698,,-0.02435612248434448,0.08069292980584539,-0.02435612248434448,0.06123971602343914,,,34.82387479588103,18.047272510760507,0.03520440489677167,0.5662638249662391,375,0.0414667477502105,0.06737347544938742,,-0.021871055744162562,0.0414667477502105,-0.021871055744162562,0.06021192097740402,,,34.84293291719678,17.961654102544372,0.024369084594899428,0.4536442047501163,0.039226182055634884,0.02445860478168238,,-0.002485066740181917,0.039226182055634884,-0.002485066740181917,0.0010277950460351182,,,-0.01905812131574436,0.08561840821613487,0.010835320301872245,0.11261962021612276
PREPROJECTOR_MINUS_PROJECTED,Z2,Z1,3026,LOCAL3,dynamic,adjacent_percent_change_new_extension,residual_ftv,LD,,T0->T1,difference,goal6_transformed_standardized_residual,375,0.07314602962079031,0.10439140936546312,,-0.019008946671418853,0.07314602962079031,-0.019008946671418853,0.06094292413727265,,,34.829379197214585,18.08178504460468,0.033799791476031,0.6041099573429045,375,0.091577141924048,0.11806615216592199,,-0.024918061572755036,0.091577141924048,-0.024918061572755036,0.06629401322102835,,,34.730002182170466,17.990305198711535,0.06479251598915224,0.5832910590055237,-0.018431112303257696,-0.01367474280045887,,0.005909114901336183,-0.018431112303257696,0.005909114901336183,-0.0053510890837557,,,0.09937701504411933,0.09147984589314362,-0.03099272451312124,0.02081889833738082
PREPROJECTOR_MINUS_PROJECTED,Z2,Z1,2026,LOCAL0,dynamic,adjacent_percent_change_new_extension,residual_ftv,LD,,T0->T1,prefix,goal6_transformed_standardized_residual,375,0.05224443424443615,0.06854782375315294,,-0.026043988044823416,0.05224443424443615,-0.026043988044823416,0.05507123534345726,,,34.9380992064337,18.054527149200105,0.04146771615245286,0.3509690245897591,375,0.029860080732403628,0.038223385092154186,,-0.032819780439743915,0.029860080732403628,-0.032819780439743915,0.04759013014452984,,,35.076130933448866,17.93664008937063,0.031290812932075314,0.22372161278210512,0.022384353512032523,0.03032443866099875,,0.006775792394920498,0.022384353512032523,0.006775792394920498,0.007481105198927418,,,-0.13803172701516786,0.11788705982947434,0.010176903220377544,0.12724741180765398
PREPROJECTOR_MINUS_PROJECTED,Z2,Z1,2026,LOCAL3,dynamic,adjacent_percent_change_new_extension,residual_ftv,LD,,T0->T1,prefix,goal6_transformed_standardized_residual,375,0.03455485238645356,0.049460652392426294,,-0.0363282034834023,0.03455485238645356,-0.0363282034834023,0.04248757326689678,,,35.16996599292231,18.134497187333263,0.04182327641031322,0.2783398093099003,375,0.020844136119790527,0.017058178884570226,,-0.04189557666875714,0.020844136119790527,-0.04189557666875714,0.03682132118293868,,,35.27387479611166,18.04717897211595,0.033613585536089015,0.09679201391418886,0.013710716266663033,0.032402473507856064,,0.005567373185354836,0.013710716266663033,0.005567373185354836,0.005666252083958101,,,-0.10390880318935558,0.0873182152173122,0.008209690874224206,0.18154779539571148
PREPROJECTOR_MINUS_PROJECTED,Z2,Z1,3026,LOCAL0,dynamic,adjacent_percent_change_new_extension,residual_ftv,LD,,T0->T1,prefix,goal6_transformed_standardized_residual,375,0.02808546372381729,0.036713652797771036,,-0.045267280376533554,0.02808546372381729,-0.045267280376533554,0.047425951711173364,,,35.07915405209367,18.145767031928568,0.04214249745489784,0.18857922434651395,375,-0.02138102009592839,-0.005737927405340439,,-0.05526118033358621,-0.02138102009592839,-0.05526118033358621,0.03837720872379902,,,35.245373145709976,18.182496218164232,0.03511713005889048,-0.02045128835900033,0.04946648381974568,0.042451580203111475,,0.009993899957052653,0.04946648381974568,0.009993899957052653,0.009048742987374347,,,-0.1662190936163057,-0.03672918623566446,0.007025367396007363,0.2090305127055143
PREPROJECTOR_MINUS_PROJECTED,Z2,Z1,3026,LOCAL3,dynamic,adjacent_percent_change_new_extension,residual_ftv,LD,,T0->T1,prefix,goal6_transformed_standardized_residual,375,0.03916013150384788,0.048136294193322944,,-0.04146467446187285,0.03916013150384788,-0.04146467446187285,0.047988070865484844,,,35.06880232441082,18.158764602687537,0.04145201069887136,0.2196187735039858,375,0.0012453827687354461,0.011598052850149325,,-0.0774835738334876,0.0012453827687354461,-0.0774835738334876,0.021221192453427573,,,35.55838416184094,18.44174074216789,0.07083733123222288,0.0027787356636264347,0.037914748735112434,0.03653824134317362,,0.036018899371614746,0.037914748735112434,0.036018899371614746,0.02676687841205727,,,-0.48958183743012285,-0.28297613948035405,-0.029385320533351522,0.21684003784035935
PREPROJECTOR_MINUS_PROJECTED,Z2,Z1,2026,LOCAL0,dynamic,adjacent_percent_change_new_extension,residual_ftv,LD,,T1->T2,difference,goal6_transformed_standardized_residual,370,-0.0033368573601642074,-0.020374600569707715,,-0.04978806213903392,-0.0033368573601642074,-0.04978806213903392,0.02894852606539433,,,51.74424112220085,31.776942290421793,0.02594027350539555,-0.17276136291045102,370,-0.03442089271044525,-0.01973751634948929,,-0.04336150277520985,-0.03442089271044525,-0.04336150277520985,0.031017500099172257,,,51.68908720884715,31.667661144734367,0.022318266114846573,-0.21249314918693932,0.031084035350281047,-0.0006370842202184264,,-0.0064265593638240665,0.031084035350281047,-0.0064265593638240665,-0.002068974033777926,,,0.055153913353699124,0.10928114568742586,0.0036220073905489786,0.039731786276488296
PREPROJECTOR_MINUS_PROJECTED,Z2,Z1,2026,LOCAL3,dynamic,adjacent_percent_change_new_extension,residual_ftv,LD,,T1->T2,difference,goal6_transformed_standardized_residual,370,-0.04135187554125858,-0.0402715403709253,,-0.057049413573496195,-0.04135187554125858,-0.057049413573496195,0.02605937186247187,,,51.8211608642306,31.89217940692755,0.02598363961791936,-0.2645043673705124,370,-0.05616611281103405,-0.049907503054451116,,-0.044097544801765635,-0.05616611281103405,-0.044097544801765635,0.03093098411282147,,,51.69139469765567,31.584850078165715,0.013353758304675353,-0.4208233703642275,0.014814237269775467,0.009635962683525817,,-0.01295186877173056,0.014814237269775467,-0.01295186877173056,-0.0048716122503495995,,,0.12976616657493167,0.30732932876183483,0.012629881313244008,0.1563190029937151
PREPROJECTOR_MINUS_PROJECTED,Z2,Z1,3026,LOCAL0,dynamic,adjacent_percent_change_new_extension,residual_ftv,LD,,T1->T2,difference,goal6_transformed_standardized_residual,370,0.01255347701316229,-0.003635536436146141,,-0.03928250242680819,0.01255347701316229,-0.03928250242680819,0.03306661298288971,,,51.634404678694516,31.355992211710003,0.01935286031662686,-0.05625598468139284,370,-0.06022267244896778,-0.04015305353462477,,-0.06664325243143361,-0.06022267244896778,-0.06664325243143361,0.018474382817828094,,,52.02255949380459,31.856692829053646,0.026616958750879743,-0.21967551401187277,0.07277614946213007,0.03651751709847863,,0.02736075000462542,0.07277614946213007,0.02736075000462542,0.014592230165061615,,,-0.3881548151100773,-0.500700617343643,-0.007264098434252884,0.16341952933047993
PREPROJECTOR_MINUS_PROJECTED,Z2,Z1,3026,LOCAL3,dynamic,adjacent_percent_change_new_extension,residual_ftv,LD,,T1->T2,difference,goal6_transformed_standardized_residual,370,-0.0002612293716677753,0.001175928834330029,,-0.03937267994074489,-0.0002612293716677753,-0.03937267994074489,0.034075576834471155,,,51.60745822816145,31.54971296924183,0.024276347661265477,-0.06434520771988755,370,-0.042579211452291196,-0.029387808328957193,,-0.05671671258414125,-0.042579211452291196,-0.05671671258414125,0.02422369414924852,,,51.86997398786172,31.775608218105273,0.03158469432795435,-0.32568479570756736,0.04231798208062342,0.03056373716328722,,0.01734403264339636,0.04231798208062342,0.01734403264339636,0.009851882685222635,,,-0.2625157597002712,-0.22589524886344137,-0.007308346666688871,0.2613395879876798
PREPROJECTOR_MINUS_PROJECTED,Z2,Z1,2026,LOCAL0,dynamic,adjacent_percent_change_new_extension,residual_ftv,LD,,T1->T2,prefix,goal6_transformed_standardized_residual,370,0.09809430989976313,0.08743944498961823,,-0.05922715965284956,0.09809430989976313,-0.05922715965284956,0.019263445203495655,,,52.001644452220674,31.612336226885084,0.09129893190868714,0.3120821289007799,370,0.08679865267354132,0.07514125549221304,,-0.04904576962599307,0.08679865267354132,-0.04904576962599307,0.02578575619165968,,,51.82843958613944,31.42322874454512,0.06928022029735192,0.300142188846771,0.011295657226221806,0.012298189497405188,,-0.010181390026856488,0.011295657226221806,-0.010181390026856488,-0.006522310988164026,,,0.1732048660812353,0.18910748233996344,0.022018711611335215,0.01193994005400889
PREPROJECTOR_MINUS_PROJECTED,Z2,Z1,2026,LOCAL3,dynamic,adjacent_percent_change_new_extension,residual_ftv,LD,,T1->T2,prefix,goal6_transformed_standardized_residual,370,0.08812957541045748,0.08503133217081438,,-0.06042105497282976,0.08812957541045748,-0.06042105497282976,0.019738832603342527,,,51.989039679378656,31.65226749178448,0.0927602242828897,0.2949787249623601,370,0.06488261321518617,0.08163004401365695,,-0.04364901018519531,0.06488261321518617,-0.04364901018519531,0.02888189940983521,,,51.7460162529166,31.439817023167873,0.06711823140921006,0.3331398410350254,0.02324696219527131,0.0034012881571574283,,-0.01677204478763445,0.02324696219527131,-0.01677204478763445,-0.009143066806492683,,,0.24302342646205943,0.2124504686166091,0.025641992873679645,-0.03816111607266531
PREPROJECTOR_MINUS_PROJECTED,Z2,Z1,3026,LOCAL0,dynamic,adjacent_percent_change_new_extension,residual_ftv,LD,,T1->T2,prefix,goal6_transformed_standardized_residual,370,0.10143756519102443,0.10999468363048394,,-0.01807036577011404,0.10143756519102443,-0.01807036577011404,0.04191438907123035,,,51.39762541893617,30.890007596435897,0.057062602949347764,0.464149125631491,370,0.06399529153768502,0.06527648290638706,,-0.04742896038602781,0.06399529153768502,-0.04742896038602781,0.032859759101392716,,,51.639927399288524,31.35868070815072,0.06021284262470802,0.2736487401765209,0.03744227365333941,0.04471820072409688,,0.029358594615913773,0.03744227365333941,0.029358594615913773,0.009054629969837635,,,-0.24230198035235162,-0.46867311171482484,-0.003150239675360253,0.1905003854549701
PREPROJECTOR_MINUS_PROJECTED,Z2,Z1,3026,LOCAL3,dynamic,adjacent_percent_change_new_extension,residual_ftv,LD,,T1->T2,prefix,goal6_transformed_standardized_residual,370,0.1358714829387486,0.14983528579374333,,-0.00020170059570672193,0.1358714829387486,-0.00020170059570672193,0.05688501672929591,,,50.99448596553016,30.7062322915345,0.06106630388276969,0.6082349258000684,370,0.10413573373673883,0.11001109997905612,,-0.026862205495391308,0.10413573373673883,-0.026862205495391308,0.041652501342350656,,,51.404649576031225,30.976062733022108,0.06376309054941993,0.4449510037215598,0.031735749202009764,0.03982418581468722,,0.026660504899684585,0.031735749202009764,0.026660504899684585,0.015232515386945256,,,-0.41016361050106553,-0.26983044148760627,-0.0026967866666502416,0.16328392207850861
PREPROJECTOR_MINUS_PROJECTED,Z2,Z1,2026,LOCAL0,dynamic,adjacent_percent_change_new_extension,residual_ftv,LD,,T2->T3,difference,goal6_transformed_standardized_residual,313,0.013940550789646237,0.08029651433014383,,-0.018549015906459448,0.013940550789646237,-0.018549015906459448,0.006318069329202203,,,72.26379530950337,41.21408343992005,0.03989480914724816,0.4972787391586935,313,-0.0711666582713846,-0.015497427837496247,,-0.0801288783127476,-0.0711666582713846,-0.0801288783127476,-0.015075378701800313,,,73.03755354073259,42.38287313738237,0.07078331889145077,-0.04964890691452184,0.08510720906103084,0.09579394216764008,,0.061579862406288155,0.08510720906103084,0.061579862406288155,0.021393448031002515,,,-0.7737582312292233,-1.1687896974623158,-0.03088850974420261,0.5469276460732153
PREPROJECTOR_MINUS_PROJECTED,Z2,Z1,2026,LOCAL3,dynamic,adjacent_percent_change_new_extension,residual_ftv,LD,,T2->T3,difference,goal6_transformed_standardized_residual,313,0.020508414396131446,0.10454114344734232,,-0.005288330527081956,0.020508414396131446,-0.005288330527081956,0.011618009740526847,,,72.07082316654723,41.06277826056755,0.04264558605716403,0.5853309818295344,313,-0.06458394621989275,0.01651646860786174,,-0.03865532704139876,-0.06458394621989275,-0.03865532704139876,-0.004779930950501665,,,72.66621622635652,41.7683252463183,0.04204099310520086,0.06723380663330092,0.0850923606160242,0.08802467483948058,,0.03336699651431681,0.0850923606160242,0.03336699651431681,0.016397940691028512,,,-0.5953930598092967,-0.7055469857507504,0.000604592951963169,0.5180971751962334
PREPROJECTOR_MINUS_PROJECTED,Z2,Z1,3026,LOCAL0,dynamic,adjacent_percent_change_new_extension,residual_ftv,LD,,T2->T3,difference,goal6_transformed_standardized_residual,313,0.05731526835516619,0.08505236755824307,,-0.055430928622815956,0.05731526835516619,-0.055430928622815956,-0.015953242238666343,,,73.0691291014736,41.48007966324678,0.0822445015981439,0.3806541754723197,313,0.06840885522520626,0.08874160069677606,,-0.013525284593635958,0.06840885522520626,-0.013525284593635958,-0.002242395974418887,,,72.57440028423055,40.921237194844856,0.03517502626610516,0.6497701903792152,-0.01109358687004007,-0.0036892331385329907,,-0.04190564402918,-0.01109358687004007,-0.04190564402918,-0.013710846264247456,,,0.4947288172430575,0.5588424684019202,0.047069475332038736,-0.2691160149068955
PREPROJECTOR_MINUS_PROJECTED,Z2,Z1,3026,LOCAL3,dynamic,adjacent_percent_change_new_extension,residual_ftv,LD,,T2->T3,difference,goal6_transformed_standardized_residual,313,0.04688965558289483,0.06887871304064158,,-0.07823684298191289,0.04688965558289483,-0.07823684298191289,-0.03492028742565467,,,73.74804652632837,41.905617990801574,0.10424191856864168,0.26454392244328123,313,0.04382017559832696,0.06332081921072795,,-0.0181291185843685,0.04382017559832696,-0.0181291185843685,-0.0037232710425092463,,,72.62799707377359,41.041033918443475,0.030809594692312956,0.47719499462872006,0.0030694799845678716,0.005557893829913632,,-0.06010772439754439,0.0030694799845678716,-0.06010772439754439,-0.031197016383145426,,,1.120049452554781,0.8645840723580989,0.07343232387632873,-0.21265107218543883
PREPROJECTOR_MINUS_PROJECTED,Z2,Z1,2026,LOCAL0,dynamic,adjacent_percent_change_new_extension,residual_ftv,LD,,T2->T3,prefix,goal6_transformed_standardized_residual,313,-0.014154506295177132,0.03857368205426478,,-0.07154602804845576,-0.014154506295177132,-0.07154602804845576,-0.023796679042215718,,,73.35064363115588,42.07069231078951,0.07852456013004165,0.19659724282639932,313,-0.05586269426981009,-0.01194093595610242,,-0.0627652036846731,-0.05586269426981009,-0.0627652036846731,-0.024683574594725588,,,73.38240788581834,41.86884755460865,0.0457247214260322,-0.03443321430342087,0.04170818797463296,0.0505146180103672,,-0.008780824363782663,0.04170818797463296,-0.008780824363782663,0.0008868955525098698,,,-0.03176425466246258,0.2018447561808614,0.03279983870400945,0.23103045712982018
PREPROJECTOR_MINUS_PROJECTED,Z2,Z1,2026,LOCAL3,dynamic,adjacent_percent_change_new_extension,residual_ftv,LD,,T2->T3,prefix,goal6_transformed_standardized_residual,313,0.00886456716174571,0.07560164264178341,,-0.027320507257584246,0.00886456716174571,-0.027320507257584246,-0.004796179999428052,,,72.66680379388883,41.46696017855925,0.0471794911486984,0.395043499890257,313,-0.07289112238272333,0.0036506918639984875,,-0.05445481404935477,-0.07289112238272333,-0.05445481404935477,-0.02105533147623162,,,73.25237490399797,41.74943152956051,0.04339910603779099,0.05768092993620953,0.08175568954446905,0.07195095077778493,,0.02713430679177052,0.08175568954446905,0.02713430679177052,0.01625915147680357,,,-0.585571110109143,-0.28247135100126286,0.0037803851109074055,0.33736256995404745
PREPROJECTOR_MINUS_PROJECTED,Z2,Z1,3026,LOCAL0,dynamic,adjacent_percent_change_new_extension,residual_ftv,LD,,T2->T3,prefix,goal6_transformed_standardized_residual,313,0.06376446413949223,0.10375595193594656,,-0.016679842517071768,0.06376446413949223,-0.016679842517071768,-0.011608321435912838,,,72.91271454695806,41.145536370718716,0.05060730904318242,0.47362732371596694,313,0.03808314084037481,0.078383895325154,,-0.02691645648775049,0.03808314084037481,-0.02691645648775049,-0.010365646280519725,,,72.86791723768128,41.1640962296245,0.048446398625385564,0.40752156845094184,0.025681323299117417,0.02537205661079256,,0.010236613970678723,0.025681323299117417,0.010236613970678723,-0.0012426751553931137,,,0.044797309276773944,-0.018559858905781823,0.0021609104177968547,0.0661057552650251
PREPROJECTOR_MINUS_PROJECTED,Z2,Z1,3026,LOCAL3,dynamic,adjacent_percent_change_new_extension,residual_ftv,LD,,T2->T3,prefix,goal6_transformed_standardized_residual,313,0.06944106655559659,0.10643186846799442,,-0.0321640058132395,0.06944106655559659,-0.0321640058132395,-0.015831378828587983,,,73.06474665555412,41.19595571875722,0.07668149439649855,0.4230960075113329,313,0.04370526129057513,0.0636637327581708,,-0.028346491858125888,0.04370526129057513,-0.028346491858125888,-0.00928348617662933,,,72.82888390405844,41.15029534368615,0.044490268280872186,0.3231484684929902,0.025735805265021464,0.042768135709823615,,-0.0038175139551136113,0.025735805265021464,-0.0038175139551136113,-0.006547892651958653,,,0.2358627514956737,0.04566037507106557,0.03219122611562636,0.09994753901834269
PREPROJECTOR_MINUS_PROJECTED,Z2,Z1,2026,LOCAL0,dynamic,adjacent_percent_change_new_extension,residual_ftv,SPH,,T0->T1,difference,goal6_transformed_standardized_residual,375,-0.12475433349011181,-0.10824463430280387,,-0.14298514432180137,-0.12475433349011181,-0.14298514432180137,-0.05880355284361283,,,37.88108957974723,27.05938618985694,0.03507954084380775,-0.6607177073451242,375,-0.1012810628793692,-0.09825516417210065,,-0.15440179256684933,-0.1012810628793692,-0.15440179256684933,-0.06303715181418479,,,37.95674731103456,26.973436808645214,0.04176326018510791,-0.5398378363206372,-0.023473270610742614,-0.009989470130703226,,0.011416648245047956,-0.023473270610742614,0.011416648245047956,0.004233598970571961,,,-0.075657731287329,0.08594938121172646,-0.006683719341300159,-0.12087987102448705
PREPROJECTOR_MINUS_PROJECTED,Z2,Z1,2026,LOCAL3,dynamic,adjacent_percent_change_new_extension,residual_ftv,SPH,,T0->T1,difference,goal6_transformed_standardized_residual,375,-0.04229899493430624,-0.029369953268540867,,-0.1678825016248947,-0.04229899493430624,-0.1678825016248947,-0.06768032796360779,,,38.039551489509726,27.226708206776024,0.10395203994931893,-0.20015243971804117,375,-0.14708648203878794,-0.1193152385758059,,-0.14766971091238967,-0.14708648203878794,-0.14766971091238967,-0.0616613266064876,,,37.932176788024854,27.004310364514886,0.03344478105688912,-0.6953833288263924,0.10478748710448169,0.08994528530726503,,-0.020212790712505035,0.10478748710448169,-0.020212790712505035,-0.006019001357120191,,,0.10737470148487205,0.22239784226113812,0.07050725889242981,0.4952308891083512
PREPROJECTOR_MINUS_PROJECTED,Z2,Z1,3026,LOCAL0,dynamic,adjacent_percent_change_new_extension,residual_ftv,SPH,,T0->T1,difference,goal6_transformed_standardized_residual,375,-0.04490541361616968,-0.04105112828997323,,-0.10023576936611506,-0.04490541361616968,-0.10023576936611506,-0.03188338292726334,,,37.39642412636551,26.458444636063724,0.023208119433779657,-0.29189024609256803,375,-0.025515159877248433,-0.02131886994801878,,-0.1246872235174193,-0.025515159877248433,-0.1246872235174193,-0.03849196352025697,,,37.51598359313083,26.602145737883742,0.04127942391260852,-0.09741359371260651,-0.01939025373892125,-0.019732258341954453,,0.024451454151304244,-0.01939025373892125,0.024451454151304244,0.006608580592993629,,,-0.11955946676531681,-0.14370110182001739,-0.018071304478828862,-0.19447665237996153
PREPROJECTOR_MINUS_PROJECTED,Z2,Z1,3026,LOCAL3,dynamic,adjacent_percent_change_new_extension,residual_ftv,SPH,,T0->T1,difference,goal6_transformed_standardized_residual,375,-0.0031188873008877347,-0.0185061631716559,,-0.12970258297296275,-0.0031188873008877347,-0.12970258297296275,-0.05492213551998737,,,37.81159259223874,26.697220188335507,0.05865348981150737,-0.09213659348661224,375,0.002750326254399789,-0.0001266710413368486,,-0.1201948434702302,0.002750326254399789,-0.1201948434702302,-0.03389488991833822,,,37.43285583286382,26.496819729677167,0.04375762184845388,0.03864563295204325,-0.005869213555287524,-0.01837949213031905,,-0.009507739502732551,-0.005869213555287524,-0.009507739502732551,-0.021027245601649147,,,0.3787367593749167,0.2004004586583399,0.014895867963053491,-0.1307822264386555
PREPROJECTOR_MINUS_PROJECTED,Z2,Z1,2026,LOCAL0,dynamic,adjacent_percent_change_new_extension,residual_ftv,SPH,,T0->T1,prefix,goal6_transformed_standardized_residual,375,-0.0595068580500663,-0.04690501710343558,,-0.21958091522130613,-0.0595068580500663,-0.21958091522130613,-0.09564193723906733,,,38.534443442312536,27.875864978783525,0.11626089413900947,-0.11644792048144825,375,-0.06783361678290512,-0.07715687510288834,,-0.22098747371806052,-0.06783361678290512,-0.22098747371806052,-0.09962562300815803,,,38.60443429628412,27.728825036135497,0.09862069399139133,-0.27377386963973177,0.008326758732838814,0.030251857999452757,,0.0014065584967543898,0.008326758732838814,0.0014065584967543898,0.003983685769090695,,,-0.06999085397158211,0.14703994264802844,0.01764020014761815,0.15732594915828352
PREPROJECTOR_MINUS_PROJECTED,Z2,Z1,2026,LOCAL3,dynamic,adjacent_percent_change_new_extension,residual_ftv,SPH,,T0->T1,prefix,goal6_transformed_standardized_residual,375,-0.03926948978372363,-0.028771412328653392,,-0.2104578872082646,-0.03926948978372363,-0.2104578872082646,-0.09183767343094584,,,38.46748604678342,27.73913052332293,0.12084919906655665,-0.07120063129633195,375,-0.10867528823482464,-0.11136427738327984,,-0.2403861877401479,-0.10867528823482464,-0.2403861877401479,-0.11316531788159012,,,38.84137544349378,27.90665246057784,0.09471117911474226,-0.40751849034415644,0.06940579845110101,0.08259286505462644,,0.02992830053188328,0.06940579845110101,0.02992830053188328,0.02132764445064428,,,-0.3738893967103607,-0.16752193725490727,0.02613801995181439,0.3363178590478245
PREPROJECTOR_MINUS_PROJECTED,Z2,Z1,3026,LOCAL0,dynamic,adjacent_percent_change_new_extension,residual_ftv,SPH,,T0->T1,prefix,goal6_transformed_standardized_residual,375,-0.04627777397832217,-0.031519971689043476,,-0.13351655453505487,-0.04627777397832217,-0.13351655453505487,-0.05340908073492501,,,37.78446663759862,26.912280665150877,0.05401339645013201,-0.0962919786699061,375,-0.034205556358696675,-0.01495614487080518,,-0.1311471113214477,-0.034205556358696675,-0.1311471113214477,-0.0467996539327582,,,37.66574418108651,26.910862366532257,0.05337503840709481,-0.05389722918962917,-0.012072217619625493,-0.016563826818238293,,-0.0023694432136071586,-0.012072217619625493,-0.0023694432136071586,-0.006609426802166807,,,0.11872245651210989,0.0014182986186206392,0.0006383580430372043,-0.04239474948027693
PREPROJECTOR_MINUS_PROJECTED,Z2,Z1,3026,LOCAL3,dynamic,adjacent_percent_change_new_extension,residual_ftv,SPH,,T0->T1,prefix,goal6_transformed_standardized_residual,375,-0.01335265868067614,-0.013152002612402085,,-0.14565472250843622,-0.01335265868067614,-0.14565472250843622,-0.0718529472373719,,,38.113810509425115,26.97947394727409,0.07227675813258312,0.004620642301387079,375,-0.016777050660137776,-0.008965757888147616,,-0.13269066112336275,-0.016777050660137776,-0.13269066112336275,-0.04709957607348292,,,37.6711396650885,26.957072550249986,0.056216557426467195,-0.017379047096854568,0.0034243919794616356,-0.004186244724254469,,-0.012964061385073472,0.0034243919794616356,-0.012964061385073472,-0.024753371163888982,,,0.44267084433661097,0.022401397024104597,0.016060200706115926,0.021999689398241647
PREPROJECTOR_MINUS_PROJECTED,Z2,Z1,2026,LOCAL0,dynamic,adjacent_percent_change_new_extension,residual_ftv,SPH,,T1->T2,difference,goal6_transformed_standardized_residual,375,0.02312955728362831,0.07139451675500619,,-0.048337407511967245,0.02312955728362831,-0.048337407511967245,0.11446499418882894,,,55.136856263597906,38.20666506573514,0.07993154510377667,0.14843391170669137,375,-0.035294070692740875,0.031021582855367758,,-0.057475089314493154,-0.035294070692740875,-0.057475089314493154,0.10361247919304462,,,55.47368732574498,38.48267279312444,0.049988057658431596,-0.020172300492389116,0.058423627976369186,0.04037293389963843,,0.009137681802525909,0.058423627976369186,0.009137681802525909,0.010852514995784324,,,-0.3368310621470769,-0.276007727389306,0.029943487445345078,0.16860621219908048
PREPROJECTOR_MINUS_PROJECTED,Z2,Z1,2026,LOCAL3,dynamic,adjacent_percent_change_new_extension,residual_ftv,SPH,,T1->T2,difference,goal6_transformed_standardized_residual,375,0.04759968413018616,0.09353702035190978,,-0.03365567899777296,0.04759968413018616,-0.03365567899777296,0.12377814240107388,,,54.846153486192925,38.05027424889562,0.08217373289090663,0.17746043793249142,375,-0.027254224963069777,0.03702614104324181,,-0.05328578118973511,-0.027254224963069777,-0.05328578118973511,0.10577026711237025,,,55.406878846004524,38.203799477552884,0.028324385155680754,0.20178064002807194,0.07485390909325593,0.056510879308667966,,0.019630102191962144,0.07485390909325593,0.019630102191962144,0.018007875288703623,,,-0.5607253598115989,-0.1535252286572657,0.05384934773522587,-0.02432020209558053
PREPROJECTOR_MINUS_PROJECTED,Z2,Z1,3026,LOCAL0,dynamic,adjacent_percent_change_new_extension,residual_ftv,SPH,,T1->T2,difference,goal6_transformed_standardized_residual,375,0.05984032686762849,0.08259805391928483,,-0.03149005569179324,0.05984032686762849,-0.03149005569179324,0.12150010681123813,,,54.917402786231605,37.937702423100205,0.025100876227911267,0.5776965968163068,375,0.04146557642955387,0.07679660000707766,,-0.03433577964862454,0.04146557642955387,-0.03433577964862454,0.12248537090913969,,,54.886598385897,37.91601951042618,0.025141519710388215,0.5396592029801373,0.01837475043807462,0.005801453912207169,,0.002845723956831303,0.01837475043807462,0.002845723956831303,-0.0009852640979015614,,,0.030804400334602633,0.02168291267402367,-4.064348247694721e-05,0.03803739383616955
PREPROJECTOR_MINUS_PROJECTED,Z2,Z1,3026,LOCAL3,dynamic,adjacent_percent_change_new_extension,residual_ftv,SPH,,T1->T2,difference,goal6_transformed_standardized_residual,375,0.06716972896513625,0.07637603519375202,,-0.03470740561149702,0.06716972896513625,-0.03470740561149702,0.12020600605813447,,,54.95783676901242,37.93776167639807,0.02585693410623408,0.5485060701012637,375,0.03824281435099918,0.06425795485637009,,-0.03737346156857436,0.03824281435099918,-0.03737346156857436,0.12061751054549175,,,54.94498259991993,37.97532837466138,0.025700657020913967,0.4280564708192494,0.028926914614137066,0.012118080337381931,,0.0026660559570773346,0.028926914614137066,0.0026660559570773346,-0.00041150448735727263,,,0.012854169092484824,-0.03756669826331205,0.0001562770853201119,0.12044959928201432
PREPROJECTOR_MINUS_PROJECTED,Z2,Z1,2026,LOCAL0,dynamic,adjacent_percent_change_new_extension,residual_ftv,SPH,,T1->T2,prefix,goal6_transformed_standardized_residual,375,0.01353973544204366,0.04878972708709184,,-0.0733373692631077,0.01353973544204366,-0.0733373692631077,0.10253178724882817,,,55.50711701294057,38.892104207708186,0.054857007358662696,0.26736274570372603,375,-0.03131373888123465,-0.004358785540281412,,-0.10927744709398626,-0.03131373888123465,-0.10927744709398626,0.07360171785450387,,,56.39466276197985,39.34809710908754,0.0655195771999764,0.009083890211126648,0.04485347432327831,0.05314851262737325,,0.03594007783087856,0.04485347432327831,0.03594007783087856,0.028930069394324298,,,-0.8875457490392833,-0.45599290137935355,-0.01066256984131371,0.2582788554925994
PREPROJECTOR_MINUS_PROJECTED,Z2,Z1,2026,LOCAL3,dynamic,adjacent_percent_change_new_extension,residual_ftv,SPH,,T1->T2,prefix,goal6_transformed_standardized_residual,375,0.01726696529839654,0.06334595735806553,,-0.06734286283366718,0.01726696529839654,-0.06734286283366718,0.1072398448143489,,,55.36133227583037,38.88419578240663,0.05265445478418324,0.3246135380358326,375,-0.019555504689636724,0.016164843911006272,,-0.08317066520682959,-0.019555504689636724,-0.08317066520682959,0.08998389088267666,,,55.89380475537079,38.99320336466936,0.047955238591668545,0.10929163107805076,0.03682246998803326,0.04718111344705926,,0.015827802373162406,0.03682246998803326,0.015827802373162406,0.01725595393167223,,,-0.5324724795404165,-0.1090075822627341,0.004699216192514698,0.21532190695778183
PREPROJECTOR_MINUS_PROJECTED,Z2,Z1,3026,LOCAL0,dynamic,adjacent_percent_change_new_extension,residual_ftv,SPH,,T1->T2,prefix,goal6_transformed_standardized_residual,375,-0.014541260456656123,0.028457787741860058,,-0.08925418917484845,-0.014541260456656123,-0.08925418917484845,0.09265334695139538,,,55.81176464835291,39.27791799271112,0.05989271206166717,0.1922860951102322,375,-0.022553170279745363,0.0020407156258448514,,-0.09432373747588046,-0.022553170279745363,-0.09432373747588046,0.088342621012239,,,55.94418600180402,39.14451202192064,0.05830842638737908,0.00636754141818966,0.00801190982308924,0.026417072116015208,,0.005069548301032012,0.00801190982308924,0.005069548301032012,0.004310725939156379,,,-0.1324213534511074,0.1334059707904771,0.0015842856742880954,0.18591855369204255
PREPROJECTOR_MINUS_PROJECTED,Z2,Z1,3026,LOCAL3,dynamic,adjacent_percent_change_new_extension,residual_ftv,SPH,,T1->T2,prefix,goal6_transformed_standardized_residual,375,-0.020377910028267956,0.018102443639706454,,-0.10039662839476857,-0.020377910028267956,-0.10039662839476857,0.08875583592441916,,,55.93150602327611,39.40642613958026,0.06398805857820428,0.13867865235564755,375,-0.033242515305740926,-0.007499148225994743,,-0.1005280900087294,-0.033242515305740926,-0.1005280900087294,0.08588549022875713,,,56.019526632035046,39.22359890818303,0.061637727066517455,-0.06366054764178179,0.01286460527747297,0.025601591865701198,,0.00013146161396083988,0.01286460527747297,0.00013146161396083988,0.0028703456956620244,,,-0.08802060875893858,0.18282723139723345,0.002350331511686822,0.20233919999742933
PREPROJECTOR_MINUS_PROJECTED,Z2,Z1,2026,LOCAL0,dynamic,adjacent_percent_change_new_extension,residual_ftv,SPH,,T2->T3,difference,goal6_transformed_standardized_residual,375,0.10662955281876058,0.13714285846733587,,-0.015017606986668515,0.10662955281876058,-0.015017606986668515,0.12631523525732147,,,60.245003960970976,37.18005601489752,0.03953591327049048,0.793138294294341,375,0.11080532620038912,0.13893865276017,,-0.026948991909918427,0.11080532620038912,-0.026948991909918427,0.12014867596240864,,,60.45723792570125,37.555788524802296,0.06334843725943558,0.8904920446405871,-0.004175773381628542,-0.0017957942928341353,,0.011931384923249912,-0.004175773381628542,0.011931384923249912,0.006166559294912832,,,-0.21223396473027378,-0.375732509904779,-0.023812523988945095,-0.09735375034624605
PREPROJECTOR_MINUS_PROJECTED,Z2,Z1,2026,LOCAL3,dynamic,adjacent_percent_change_new_extension,residual_ftv,SPH,,T2->T3,difference,goal6_transformed_standardized_residual,375,0.10995565819050747,0.14329587647433648,,-0.015752390444956434,0.10995565819050747,-0.015752390444956434,0.12854457094852745,,,60.16809285523512,37.18344458953979,0.040834603056931915,0.8444599551829416,375,0.11975789511071067,0.1440278307421908,,-0.024496381547391317,0.11975789511071067,-0.024496381547391317,0.12434758335498297,,,60.31280560632857,37.540929960816165,0.06638729848104015,0.7815189448903674,-0.009802236920203197,-0.0007319542678543289,,0.008743991102434883,-0.009802236920203197,0.008743991102434883,0.004196987593544477,,,-0.14471275109344361,-0.3574853712763755,-0.025552695424108235,0.06294101029257415
PREPROJECTOR_MINUS_PROJECTED,Z2,Z1,3026,LOCAL0,dynamic,adjacent_percent_change_new_extension,residual_ftv,SPH,,T2->T3,difference,goal6_transformed_standardized_residual,375,0.056580647276549524,0.08829408108183433,,-0.04608553088188459,0.056580647276549524,-0.04608553088188459,0.10692000718397143,,,60.910033181136235,37.87049967685177,0.052162252152734526,0.4967200104852695,375,0.07585130383781154,0.08180685033218658,,-0.052973633671263835,0.07585130383781154,-0.052973633671263835,0.1047097282312528,,,60.98535956327231,37.915288171474934,0.054356403446394135,0.6081250576579676,-0.019270656561262013,0.006487230749647743,,0.006888102789379243,-0.019270656561262013,0.006888102789379243,0.002210278952718636,,,-0.07532638213607612,-0.04478849462316248,-0.002194151293659609,-0.11140504717269817
PREPROJECTOR_MINUS_PROJECTED,Z2,Z1,3026,LOCAL3,dynamic,adjacent_percent_change_new_extension,residual_ftv,SPH,,T2->T3,difference,goal6_transformed_standardized_residual,375,0.061171854985843786,0.09569775388242809,,-0.04270950431425974,0.061171854985843786,-0.04270950431425974,0.10426066873889883,,,61.00065215733825,37.81183998966439,0.05049859897966572,0.47718713286647757,375,0.10101104914548616,0.09682134585979063,,-0.04389933261563321,0.10101104914548616,-0.04389933261563321,0.10551780798207011,,,60.957830972337554,37.852064241895334,0.05565932742743077,0.5320002441365559,-0.03983919415964237,-0.0011235919773625452,,0.0011898283013734717,-0.03983919415964237,0.0011898283013734717,-0.0012571392431712791,,,0.042821185000697426,-0.04022425223094217,-0.005160728447765051,-0.05481311127007832
PREPROJECTOR_MINUS_PROJECTED,Z2,Z1,2026,LOCAL0,dynamic,adjacent_percent_change_new_extension,residual_ftv,SPH,,T2->T3,prefix,goal6_transformed_standardized_residual,375,0.05234898683807905,0.09570392786463314,,-0.04964852702404672,0.05234898683807905,-0.04964852702404672,0.10803885097472565,,,60.87186741187374,37.92902428100963,0.0632902761556705,0.4814484291895265,375,0.07498168414844132,0.09723322645493294,,-0.07598462132506661,0.07498168414844132,-0.07598462132506661,0.0999972058961438,,,61.14565264444039,38.41517561551696,0.07675379869856302,0.5707924045937398,-0.02263269731036227,-0.0015292985902998074,,0.026336094301019894,-0.02263269731036227,0.026336094301019894,0.00804164507858185,,,-0.2737852325666523,-0.4861513345073263,-0.013463522542892528,-0.0893439754042133
PREPROJECTOR_MINUS_PROJECTED,Z2,Z1,2026,LOCAL3,dynamic,adjacent_percent_change_new_extension,residual_ftv,SPH,,T2->T3,prefix,goal6_transformed_standardized_residual,375,0.06129557656698439,0.09365426961741463,,-0.05449870752228463,0.06129557656698439,-0.05449870752228463,0.10884966602767943,,,60.844194094501795,38.03690264567392,0.06666440566893025,0.4671525661769712,375,0.08022396864859814,0.1030237803381732,,-0.07337784030985334,0.08022396864859814,-0.07337784030985334,0.10310745646390929,,,61.03990692216663,38.246896845695936,0.07583032842682647,0.6416680178087357,-0.018928392081613753,-0.009369510720758562,,0.018879132787568705,-0.018928392081613753,0.018879132787568705,0.00574220956377014,,,-0.19571282766483478,-0.20999420002201674,-0.009165922757896211,-0.17451545163176452
PREPROJECTOR_MINUS_PROJECTED,Z2,Z1,3026,LOCAL0,dynamic,adjacent_percent_change_new_extension,residual_ftv,SPH,,T2->T3,prefix,goal6_transformed_standardized_residual,375,0.051182951036736084,0.09950216492096264,,-0.0633211560584348,0.051182951036736084,-0.0633211560584348,0.11311371417914595,,,60.69845343850595,38.189819750372564,0.07783403377125325,0.5270667063898243,375,0.0642041423547497,0.09208242821339163,,-0.06817636335001614,0.0642041423547497,-0.06817636335001614,0.10516956405034006,,,60.96969600953695,37.98233011746433,0.08000248995656531,0.48883001610201754,-0.01302119131801361,0.007419736707571012,,0.004855207291581343,-0.01302119131801361,0.004855207291581343,0.007944150128805894,,,-0.2712425710310029,0.20748963290823497,-0.0021684561853120565,0.038236690287806796
PREPROJECTOR_MINUS_PROJECTED,Z2,Z1,3026,LOCAL3,dynamic,adjacent_percent_change_new_extension,residual_ftv,SPH,,T2->T3,prefix,goal6_transformed_standardized_residual,375,0.05017762248715093,0.09582793105402161,,-0.0666047544151034,0.05017762248715093,-0.0666047544151034,0.10762081049179195,,,60.8861303223099,38.294304728303295,0.07772543113956756,0.5127873000314725,375,0.055646648339310524,0.09784284020619223,,-0.07019075346935037,0.055646648339310524,-0.07019075346935037,0.10162348784297881,,,61.09038335321117,38.221999672852526,0.08560307743409953,0.4787924729245768,-0.005469025852159595,-0.0020149091521706186,,0.0035859990542469744,-0.005469025852159595,0.0035859990542469744,0.0059973226488131415,,,-0.20425303090127045,0.07230505545076937,-0.00787764629453197,0.033994827106895775
PREPROJECTOR_MINUS_PROJECTED,Z2,Z1,2026,LOCAL0,dynamic,adjacent_percent_change_new_extension,residual_ftv_ld,BPE,,T0->T1,difference,goal6_transformed_standardized_residual,375,0.025354666439703882,-0.014920667370615873,,-0.051060899674957985,0.025354666439703882,-0.051060899674957985,0.068802865565734,,,34.803072065403406,24.392648837814985,0.027249124364760825,-0.0009458580017608634,375,-0.03734812834691079,-0.02722005846783344,,-0.06483457261204523,-0.03734812834691079,-0.06483457261204523,0.05677249136314522,,,35.02716550743966,24.82474292839796,0.030118538111760847,0.003553893290785519,0.06270279478661467,0.012299391097217567,,0.013773672937087242,0.06270279478661467,0.013773672937087242,0.01203037420258879,,,-0.22409344203625636,-0.4320940905829751,-0.002869413747000022,-0.004499751292546383
PREPROJECTOR_MINUS_PROJECTED,Z2,Z1,2026,LOCAL3,dynamic,adjacent_percent_change_new_extension,residual_ftv_ld,BPE,,T0->T1,difference,goal6_transformed_standardized_residual,375,0.009679521145757628,-0.03507428968563591,,-0.05424785897901429,0.009679521145757628,-0.05424785897901429,0.06585316357881876,,,34.85815037211239,24.539414470551293,0.028181234085828157,-0.2274293145374661,375,-0.02312650799518675,-0.045127784229985216,,-0.06599322995220229,-0.02312650799518675,-0.06599322995220229,0.0559682733603164,,,35.04209481924391,24.84636880059016,0.03128217807580236,-0.2088449224003162,0.03280602914094438,0.010053494544349305,,0.011745370973188,0.03280602914094438,0.011745370973188,0.009884890218502362,,,-0.18394444713151614,-0.30695433003886663,-0.0031009439899742017,-0.01858439213714988
PREPROJECTOR_MINUS_PROJECTED,Z2,Z1,3026,LOCAL0,dynamic,adjacent_percent_change_new_extension,residual_ftv_ld,BPE,,T0->T1,difference,goal6_transformed_standardized_residual,375,-0.00037690654157315133,-0.009914008976225932,,-0.04459320524697761,-0.00037690654157315133,-0.04459320524697761,0.080222673992697,,,34.58900865550734,24.600022612500606,0.03405309065368577,-0.140558166757739,375,-0.052865100299964496,-0.023715906402894015,,-0.03555284040845831,-0.052865100299964496,-0.03555284040845831,0.08239960748841835,,,34.548051689021435,24.515640994570898,0.016005838765448154,-0.13813737152722155,0.052488193758391345,0.013801897426668083,,-0.009040364838519298,0.052488193758391345,-0.009040364838519298,-0.002176933495721345,,,0.04095696648590774,0.08438161792970789,0.01804725188823762,-0.002420795230517442
PREPROJECTOR_MINUS_PROJECTED,Z2,Z1,3026,LOCAL3,dynamic,adjacent_percent_change_new_extension,residual_ftv_ld,BPE,,T0->T1,difference,goal6_transformed_standardized_residual,375,-0.044323188266912686,-0.04486640624199754,,-0.06162246333219279,-0.044323188266912686,-0.06162246333219279,0.07147398990148046,,,34.75312018568647,24.850158672167783,0.035387331579420964,-0.3700488852704305,375,-0.08943268498130101,-0.071622714764412,,-0.04727400136141343,-0.08943268498130101,-0.04727400136141343,0.0752868990895259,,,34.6816914882235,24.738494855186644,0.015913089245858294,-0.5971892200587472,0.045109496714388325,0.02675630852241446,,-0.01434846197077936,0.045109496714388325,-0.01434846197077936,-0.0038129091880454435,,,0.07142869746297009,0.11166381698113881,0.01947424233356267,0.2271403347883167
PREPROJECTOR_MINUS_PROJECTED,Z2,Z1,2026,LOCAL0,dynamic,adjacent_percent_change_new_extension,residual_ftv_ld,BPE,,T0->T1,prefix,goal6_transformed_standardized_residual,375,0.016895359910642595,-0.006847888699882138,,-0.06715927677952588,0.016895359910642595,-0.06715927677952588,0.05365910673437779,,,35.084926331804354,24.92429645526675,0.052511921114107914,-0.02701854742350032,375,-0.0168264698380827,-0.02806976459292797,,-0.06909923358218642,-0.0168264698380827,-0.06909923358218642,0.0510701290411103,,,35.13288582064652,25.054841394646306,0.042300722691413356,-0.12165955347389021,0.0337218297487253,0.021221875893045833,,0.0019399568026605418,0.0337218297487253,0.0019399568026605418,0.0025889776932674913,,,-0.047959488842167275,-0.1305449393795577,0.010211198422694558,0.09464100605038989
PREPROJECTOR_MINUS_PROJECTED,Z2,Z1,2026,LOCAL3,dynamic,adjacent_percent_change_new_extension,residual_ftv_ld,BPE,,T0->T1,prefix,goal6_transformed_standardized_residual,375,0.0052552904674925405,-0.024672433104390715,,-0.07465068814763189,0.0052552904674925405,-0.07465068814763189,0.047392818279979876,,,35.20089380559292,25.00663755662224,0.05210254119146378,-0.10106200139461788,375,-0.002641151286111518,-0.032153066587158746,,-0.07078551393204456,-0.002641151286111518,-0.07078551393204456,0.049351784410396116,,,35.16468116308218,25.02579452297053,0.042526139021382005,-0.14072694110728406,0.007896441753604058,0.007480633482768031,,-0.0038651742155873248,0.007896441753604058,-0.0038651742155873248,-0.00195896613041624,,,0.03621264251074052,-0.01915696634828734,0.009576402170081773,0.039664939712666186
PREPROJECTOR_MINUS_PROJECTED,Z2,Z1,3026,LOCAL0,dynamic,adjacent_percent_change_new_extension,residual_ftv_ld,BPE,,T0->T1,prefix,goal6_transformed_standardized_residual,375,-0.011012932617825842,-0.013916457339439078,,-0.07126222102013031,-0.011012932617825842,-0.07126222102013031,0.06077968782934284,,,34.952681818837156,24.917473075968893,0.052159049971477016,-0.04220446910500607,375,-0.04719582629214704,-0.04083779098387522,,-0.09584887469380893,-0.04719582629214704,-0.09584887469380893,0.05271357075286898,,,35.10244949822749,25.20130496363917,0.07715351167683324,-0.22588986251016605,0.0361828936743212,0.026921333644436145,,0.024586653673678613,0.0361828936743212,0.024586653673678613,0.008066117076473867,,,-0.14976767939033664,-0.2838318876702779,-0.02499446170535622,0.18368539340516
PREPROJECTOR_MINUS_PROJECTED,Z2,Z1,3026,LOCAL3,dynamic,adjacent_percent_change_new_extension,residual_ftv_ld,BPE,,T0->T1,prefix,goal6_transformed_standardized_residual,375,-0.028058501834449814,-0.03755348033933077,,-0.08099257430706862,-0.028058501834449814,-0.08099257430706862,0.05707286577030635,,,35.021587795941066,25.01820167317378,0.04974750381585939,-0.16354610966980984,375,-0.039896645717737725,-0.04697860291394179,,-0.07122675113770108,-0.039896645717737725,-0.07122675113770108,0.058221837618137595,,,35.000244108625175,25.1154762439877,0.04107927311992162,-0.2495393928568733,0.01183814388328791,0.00942512257461102,,-0.00976582316936754,0.01183814388328791,-0.00976582316936754,-0.0011489718478312483,,,0.021343687315891202,-0.09727457081391933,0.008668230695937772,0.08599328318706345
PREPROJECTOR_MINUS_PROJECTED,Z2,Z1,2026,LOCAL0,dynamic,adjacent_percent_change_new_extension,residual_ftv_ld,BPE,,T1->T2,difference,goal6_transformed_standardized_residual,370,0.18487556076915845,0.18596724510862006,,-0.0003074853515357133,0.18487556076915845,-0.0003074853515357133,0.04014809643304784,,,35.63290774464579,25.270029662615595,0.05395710519802401,0.8139391598348503,370,0.15328242421809213,0.15561605622605004,,-0.025248587707696286,0.15328242421809213,-0.025248587707696286,0.018100956606154295,,,36.039816133099556,25.447344309755007,0.06085111849017752,0.6602056025661054,0.031593136551066325,0.030351188882570018,,0.024941102356160573,0.031593136551066325,0.024941102356160573,0.022047139826893547,,,-0.40690838845376476,-0.17731464713941136,-0.006894013292153507,0.15373355726874494
PREPROJECTOR_MINUS_PROJECTED,Z2,Z1,2026,LOCAL3,dynamic,adjacent_percent_change_new_extension,residual_ftv_ld,BPE,,T1->T2,difference,goal6_transformed_standardized_residual,370,0.19836471489522434,0.1864383757979638,,-0.007521104796929693,0.19836471489522434,-0.007521104796929693,0.034552171193843684,,,35.73662650978327,25.3666850199595,0.05352514474243504,0.8781888789384776,370,0.14000846552822185,0.14362365367680613,,-0.06918892482968661,0.14000846552822185,-0.06918892482968661,-0.01092046806505853,,,36.568541819155456,25.924721517839863,0.09308671174598772,0.6549361755381861,0.05835624936700248,0.04281472212115767,,0.06166782003275692,0.05835624936700248,0.06166782003275692,0.045472639258902214,,,-0.8319153093721852,-0.5580364978803622,-0.03956156700355268,0.22325270340029157
PREPROJECTOR_MINUS_PROJECTED,Z2,Z1,3026,LOCAL0,dynamic,adjacent_percent_change_new_extension,residual_ftv_ld,BPE,,T1->T2,difference,goal6_transformed_standardized_residual,370,0.1270474021091663,0.14683824276164498,,-0.037445922609727365,0.1270474021091663,-0.037445922609727365,0.011559875008294251,,,36.15965944989647,25.68491970523153,0.06826187282905978,0.6781841426915586,370,0.08825210040296862,0.11598089992182856,,-0.03169883164433322,0.08825210040296862,-0.03169883164433322,0.01456412020646336,,,36.10466615791472,25.43439010117546,0.0523188794027196,0.5089925993627761,0.038795301706197674,0.03085734283981642,,-0.005747090965394143,0.038795301706197674,-0.005747090965394143,-0.0030042451981691087,,,0.05499329198175218,0.2505296040560694,0.01594299342634018,0.1691915433287825
PREPROJECTOR_MINUS_PROJECTED,Z2,Z1,3026,LOCAL3,dynamic,adjacent_percent_change_new_extension,residual_ftv_ld,BPE,,T1->T2,difference,goal6_transformed_standardized_residual,370,0.1501400573554761,0.16689077199222874,,-0.026857497768552147,0.1501400573554761,-0.026857497768552147,0.01597536852746062,,,36.078804046533556,25.533182587217798,0.07001616775676821,0.7626337678334061,370,0.11403658239619102,0.1253802209080945,,-0.042368963397683285,0.11403658239619102,-0.042368963397683285,0.006927344301093985,,,36.24429529106904,25.852274907960123,0.07918395948675191,0.47207787862109346,0.036103474959285065,0.041510551084134234,,0.015511465629131138,0.036103474959285065,0.015511465629131138,0.009048024226366636,,,-0.16549124453548103,-0.31909232074232463,-0.009167791729983707,0.2905558892123126
PREPROJECTOR_MINUS_PROJECTED,Z2,Z1,2026,LOCAL0,dynamic,adjacent_percent_change_new_extension,residual_ftv_ld,BPE,,T1->T2,prefix,goal6_transformed_standardized_residual,370,0.1940785780662428,0.19173223768270078,,-0.007734290308529635,0.1940785780662428,-0.007734290308529635,0.03602858451618329,,,35.709290895702026,25.313571463478354,0.09923326853709367,0.6314627034404068,370,0.17600953735814956,0.15438754160953205,,-0.03803763809326438,0.17600953735814956,-0.03803763809326438,0.011600888271516063,,,36.158909257255765,25.457673642868777,0.09842394873828668,0.5148176504592938,0.01806904070809323,0.03734469607316873,,0.030303347784734747,0.01806904070809323,0.030303347784734747,0.02442769624466723,,,-0.449618361553739,-0.1441021793904227,0.0008093197988069956,0.11664505298111294
PREPROJECTOR_MINUS_PROJECTED,Z2,Z1,2026,LOCAL3,dynamic,adjacent_percent_change_new_extension,residual_ftv_ld,BPE,,T1->T2,prefix,goal6_transformed_standardized_residual,370,0.1732257638671202,0.18344003244352222,,-0.014637734533200187,0.1732257638671202,-0.014637734533200187,0.03135112815742647,,,35.795821740838534,25.426959671472233,0.09852535850172092,0.6006491738622816,370,0.17728329603462378,0.16927010624732183,,-0.023135764690797967,0.17728329603462378,-0.023135764690797967,0.023852005052218628,,,35.93411732638369,25.29966533357127,0.09897737659867253,0.5462916760427664,-0.004057532167503569,0.014169926196200389,,0.00849803015759778,-0.004057532167503569,0.00849803015759778,0.007499123105207839,,,-0.13829558554515842,0.12729433790096323,-0.0004520180969516119,0.054357497819515155
PREPROJECTOR_MINUS_PROJECTED,Z2,Z1,3026,LOCAL0,dynamic,adjacent_percent_change_new_extension,residual_ftv_ld,BPE,,T1->T2,prefix,goal6_transformed_standardized_residual,370,0.15978833963893718,0.16088153953224696,,-0.033246634998994024,0.15978833963893718,-0.033246634998994024,0.017093227180429826,,,36.05830534020763,25.22945312171821,0.09675142220841729,0.6658046014595658,370,0.11461833123110231,0.1187866376866094,,-0.048265962467291756,0.11461833123110231,-0.048265962467291756,0.0005302878327245741,,,36.36084497817323,25.48516217621686,0.08406031515685286,0.398458922798387,0.045170008407834875,0.042094901845637564,,0.015019327468297733,0.045170008407834875,0.015019327468297733,0.016562939347705252,,,-0.30253963796560157,-0.2557090544986522,0.012691107051564426,0.26734567866117875
PREPROJECTOR_MINUS_PROJECTED,Z2,Z1,3026,LOCAL3,dynamic,adjacent_percent_change_new_extension,residual_ftv_ld,BPE,,T1->T2,prefix,goal6_transformed_standardized_residual,370,0.16621577599726445,0.17480616147243624,,-0.017140434064640046,0.16621577599726445,-0.017140434064640046,0.02808164359109777,,,35.85618174341229,25.097543575340573,0.0762697120340111,0.6898594314392901,370,0.1250281072254809,0.12884445262808664,,-0.041749896537155634,0.1250281072254809,-0.041749896537155634,0.005937213577747014,,,36.26235925119063,25.447394347066144,0.07072603078460953,0.48498389162562017,0.04118766877178354,0.04596170884434961,,0.024609462472515588,0.04118766877178354,0.024609462472515588,0.022144430013350758,,,-0.40617750777833805,-0.34985077172557055,0.0055436812494015775,0.2048755398136699
PREPROJECTOR_MINUS_PROJECTED,Z2,Z1,2026,LOCAL0,dynamic,adjacent_percent_change_new_extension,residual_ftv_ld,BPE,,T2->T3,difference,goal6_transformed_standardized_residual,313,0.06307407976386134,0.0527148331316783,,-0.03834621384037825,0.06307407976386134,-0.03834621384037825,-0.023128299065854563,,,45.248139999899806,28.90664360565416,0.04023679480538596,0.4684096879746691,313,-0.04601775989455155,-0.028887014844099772,,-0.12827070240919408,-0.04601775989455155,-0.12827070240919408,-0.06408129965017473,,,46.144834040420264,29.985800519611168,0.0734524642362808,0.032308659668581804,0.10909183965841289,0.08160184797577807,,0.08992448856881582,0.10909183965841289,0.08992448856881582,0.040953000584320165,,,-0.8966940405204582,-1.0791569139570072,-0.03321566943089484,0.43610102830608727
PREPROJECTOR_MINUS_PROJECTED,Z2,Z1,2026,LOCAL3,dynamic,adjacent_percent_change_new_extension,residual_ftv_ld,BPE,,T2->T3,difference,goal6_transformed_standardized_residual,313,0.10402944594576712,0.08334249726915093,,-0.029898822804556014,0.10402944594576712,-0.029898822804556014,-0.01756838130225935,,,45.12502804513018,28.853747415242236,0.04168004283280332,0.6924792248500067,313,-0.04553257802485523,-0.00944882188618848,,-0.14829268197245568,-0.04553257802485523,-0.14829268197245568,-0.08984516328820957,,,46.70012935421709,30.668074760815077,0.11373292189706985,0.048181997813078886,0.14956202397062235,0.0927913191553394,,0.11839385916789967,0.14956202397062235,0.11839385916789967,0.07227678198595022,,,-1.5751013090869108,-1.814327345572842,-0.07205287906426652,0.6442972270369278
PREPROJECTOR_MINUS_PROJECTED,Z2,Z1,3026,LOCAL0,dynamic,adjacent_percent_change_new_extension,residual_ftv_ld,BPE,,T2->T3,difference,goal6_transformed_standardized_residual,313,0.13944834864843308,0.1017671834053664,,-0.0919254122295921,0.13944834864843308,-0.0919254122295921,-0.05387030579299679,,,45.922895898549974,29.614929052839216,0.1502165512917189,0.29820390638883265,313,0.008237407716881686,0.026727408536518348,,-0.14780654963321813,0.008237407716881686,-0.14780654963321813,-0.08199986067047038,,,46.53173920656543,30.954979654658164,0.15056114788083638,0.05644428815002995,0.1312109409315514,0.07503977486884805,,0.05588113740362603,0.1312109409315514,0.05588113740362603,0.028129554877473595,,,-0.6088433080154587,-1.3400506018189482,-0.0003445965891174796,0.2417596182388027
PREPROJECTOR_MINUS_PROJECTED,Z2,Z1,3026,LOCAL3,dynamic,adjacent_percent_change_new_extension,residual_ftv_ld,BPE,,T2->T3,difference,goal6_transformed_standardized_residual,313,0.10490717214210767,0.08077418484693875,,-0.09036697603801523,0.10490717214210767,-0.09036697603801523,-0.04126757221102051,,,45.64748501364694,29.531335070802026,0.12668372752157545,0.2823359013677516,313,0.02852108952587641,0.06636263900329081,,-0.1060236147957695,0.02852108952587641,-0.1060236147957695,-0.04609195802861099,,,45.75310944348363,29.920456795514838,0.12520001778212456,0.3173355288274482,0.07638608261623125,0.014411545843647941,,0.015656638757754263,0.07638608261623125,0.015656638757754263,0.004824385817590482,,,-0.10562442983668774,-0.3891217247128118,0.0014837097394508891,-0.03499962745969659
PREPROJECTOR_MINUS_PROJECTED,Z2,Z1,2026,LOCAL0,dynamic,adjacent_percent_change_new_extension,residual_ftv_ld,BPE,,T2->T3,prefix,goal6_transformed_standardized_residual,313,0.09936373032191143,0.0953959472590447,,-0.05787161686339768,0.09936373032191143,-0.05787161686339768,-0.021740520777588923,,,45.217442141932196,29.534910003960203,0.09846892856121402,0.387967673892082,313,0.0011723504290898615,0.016589434039274275,,-0.11728584897108843,0.0011723504290898615,-0.11728584897108843,-0.05389456669857973,,,45.92342448571265,30.268940925355782,0.1035511961306674,0.12256872792502066,0.09819137989282156,0.07880651321977042,,0.05941423210769075,0.09819137989282156,0.05941423210769075,0.032154045920990804,,,-0.7059823437804553,-0.7340309213955791,-0.005082267569453389,0.2653989459670613
PREPROJECTOR_MINUS_PROJECTED,Z2,Z1,2026,LOCAL3,dynamic,adjacent_percent_change_new_extension,residual_ftv_ld,BPE,,T2->T3,prefix,goal6_transformed_standardized_residual,313,0.11443120261979055,0.11730381184141359,,-0.04422490074077447,0.11443120261979055,-0.04422490074077447,-0.016244199442767338,,,45.09565744115616,29.40075565647156,0.09910517900985168,0.4607895382707667,313,0.01757157794587053,0.03328103485797975,,-0.10455249921968583,0.01757157794587053,-0.10455249921968583,-0.04718058324539376,,,45.776909950101164,30.176045636122417,0.10669502442506527,0.1489529715440868,0.09685962467392002,0.08402277698343383,,0.060327598478911365,0.09685962467392002,0.060327598478911365,0.03093638380262642,,,-0.6812525089450006,-0.7752899796508572,-0.0075898454152135975,0.3118365667266799
PREPROJECTOR_MINUS_PROJECTED,Z2,Z1,3026,LOCAL0,dynamic,adjacent_percent_change_new_extension,residual_ftv_ld,BPE,,T2->T3,prefix,goal6_transformed_standardized_residual,313,0.1216617445257536,0.10324595726242636,,-0.19635660075416533,0.1216617445257536,-0.19635660075416533,-0.0943212525573236,,,46.79593184266088,30.781064330563353,0.26977358195220713,0.2946809551261085,313,0.060600524349039994,0.08319004768897234,,-0.07326579153453422,0.060600524349039994,-0.07326579153453422,-0.02530084185859982,,,45.296155185613884,29.79215597545462,0.10285623953933495,0.3140899911359452,0.0610612201767136,0.020055909573454017,,-0.12309080921963111,0.0610612201767136,-0.12309080921963111,-0.06902041069872378,,,1.4997766570469935,0.9889083551087339,0.16691734241287218,-0.019409036009836733
PREPROJECTOR_MINUS_PROJECTED,Z2,Z1,3026,LOCAL3,dynamic,adjacent_percent_change_new_extension,residual_ftv_ld,BPE,,T2->T3,prefix,goal6_transformed_standardized_residual,313,0.12523142652484578,0.10915233330379479,,-0.11027355481786333,0.12523142652484578,-0.11027355481786333,-0.0457015682053008,,,45.74457137237144,29.830902921593143,0.16614312010211388,0.35036368851400745,313,0.06261947428460225,0.0707416851571202,,-0.07863027144210903,0.06261947428460225,-0.07863027144210903,-0.02998331259477882,,,45.39946940574278,29.849655460333352,0.10113699489098758,0.27889639788439047,0.06261195224024353,0.03841064814667458,,-0.0316432833757543,0.06261195224024353,-0.0316432833757543,-0.01571825561052198,,,0.3451019666286612,-0.01875253874020899,0.0650061252111263,0.07146729062961699
PREPROJECTOR_MINUS_PROJECTED,Z2,Z1,2026,LOCAL0,dynamic,adjacent_percent_change_new_extension,residual_ftv_ld,SPH,,T0->T1,difference,goal6_transformed_standardized_residual,375,-0.12467878939108931,-0.10342152771149758,,-0.13802269004280424,-0.12467878939108931,-0.13802269004280424,-0.08592100697022675,,,38.36311684045052,27.672766573757734,0.033989657116055574,-0.6445618562451823,375,-0.07829710593962463,-0.07980360419361998,,-0.10905905647936803,-0.07829710593962463,-0.10905905647936803,-0.07012350806643664,,,38.0830497006637,27.268246739092728,0.018394905534950514,-0.5710616304742945,-0.04638168345146468,-0.0236179235178776,,-0.028963633563436203,-0.04638168345146468,-0.028963633563436203,-0.01579749890379012,,,0.28006713978682285,0.4045198346650061,0.01559475158110506,-0.07350022577088777
PREPROJECTOR_MINUS_PROJECTED,Z2,Z1,2026,LOCAL3,dynamic,adjacent_percent_change_new_extension,residual_ftv_ld,SPH,,T0->T1,difference,goal6_transformed_standardized_residual,375,-0.05062249293569211,-0.02949859935652216,,-0.16024286022371315,-0.05062249293569211,-0.16024286022371315,-0.0938583409221585,,,38.50306554264861,27.727026318892797,0.09957048184287903,-0.22320176843194284,375,-0.13725619570928402,-0.11573418584750798,,-0.14429308715764988,-0.13725619570928402,-0.14429308715764988,-0.08961372549752444,,,38.42828915134496,27.634256261077592,0.03374354366599325,-0.6858639238096251,0.0866337027735919,0.08623558649098582,,-0.015949773066063266,0.0866337027735919,-0.015949773066063266,-0.004244615424634057,,,0.07477639130365077,0.09277005781520486,0.06582693817688579,0.4626621553776823
PREPROJECTOR_MINUS_PROJECTED,Z2,Z1,3026,LOCAL0,dynamic,adjacent_percent_change_new_extension,residual_ftv_ld,SPH,,T0->T1,difference,goal6_transformed_standardized_residual,375,-0.023311978578341348,-0.03335780650580675,,-0.09526477691201073,-0.023311978578341348,-0.09526477691201073,-0.05815991146895216,,,37.86957396713382,27.06260438026417,0.02245550291795513,-0.24907780026890192,375,0.0017572192382650609,-0.007937961676435328,,-0.11469404380921164,0.0017572192382650609,-0.11469404380921164,-0.06294778295700931,,,37.955151777698546,27.151889366052675,0.039418354913245454,-0.029130912788466124,-0.02506919781660641,-0.02541984482937142,,0.01942926689720091,-0.02506919781660641,0.01942926689720091,0.004787871488057149,,,-0.0855778105647289,-0.08928498578850608,-0.016962851995290323,-0.21994688748043578
PREPROJECTOR_MINUS_PROJECTED,Z2,Z1,3026,LOCAL3,dynamic,adjacent_percent_change_new_extension,residual_ftv_ld,SPH,,T0->T1,difference,goal6_transformed_standardized_residual,375,0.012151833697889648,-0.006478390414560762,,-0.12111363151682598,0.012151833697889648,-0.12111363151682598,-0.07944436753960216,,,38.24854328754863,27.296350693373626,0.0565394261266848,-0.026853204114945222,375,0.01444801569694619,0.012807104036732846,,-0.11020861876028971,0.01444801569694619,-0.11020861876028971,-0.05833185622121939,,,37.87265063349875,27.079644201670217,0.042074677568857126,0.10006099724225692,-0.002296181999056542,-0.019285494451293607,,-0.01090501275653627,-0.002296181999056542,-0.01090501275653627,-0.021112511318382765,,,0.3758926540498777,0.21670649170340894,0.014464748557827672,-0.12691420135720213
PREPROJECTOR_MINUS_PROJECTED,Z2,Z1,2026,LOCAL0,dynamic,adjacent_percent_change_new_extension,residual_ftv_ld,SPH,,T0->T1,prefix,goal6_transformed_standardized_residual,375,-0.053547547504948396,-0.04389030934112063,,-0.20766543048465266,-0.053547547504948396,-0.20766543048465266,-0.12035643732047951,,,38.966632367047374,28.247400386936896,0.11059505965728801,-0.11932324118590491,375,-0.06489560371271655,-0.07270449486336729,,-0.21034316513715126,-0.06489560371271655,-0.21034316513715126,-0.12525003061363016,,,39.05164061674183,28.171867127718034,0.09516577362765885,-0.2691610933909825,0.011348056207768152,0.02881418552224666,,0.002677734652498598,0.011348056207768152,0.002677734652498598,0.004893593293150644,,,-0.08500824969445375,0.07553325921886156,0.01542928602962916,0.14983785220507756
PREPROJECTOR_MINUS_PROJECTED,Z2,Z1,2026,LOCAL3,dynamic,adjacent_percent_change_new_extension,residual_ftv_ld,SPH,,T0->T1,prefix,goal6_transformed_standardized_residual,375,-0.036570261497664645,-0.026567089312791205,,-0.20040814808979754,-0.036570261497664645,-0.20040814808979754,-0.11746283472332664,,,38.91627926383124,28.1316587971519,0.11558731697540105,-0.0701265700730559,375,-0.10430485676901888,-0.10735084762115964,,-0.23209592703172066,-0.10430485676901888,-0.23209592703172066,-0.1403803168119928,,,39.31331114244987,28.372744797744467,0.0928440733483942,-0.4038853890596473,0.06773459527135423,0.08078375830836843,,0.03168777894192312,0.06773459527135423,0.03168777894192312,0.022917482088666175,,,-0.3970318786186269,-0.24108600059256702,0.022743243627006846,0.33375881898659143
PREPROJECTOR_MINUS_PROJECTED,Z2,Z1,3026,LOCAL0,dynamic,adjacent_percent_change_new_extension,residual_ftv_ld,SPH,,T0->T1,prefix,goal6_transformed_standardized_residual,375,-0.0411053073360114,-0.025092980884801903,,-0.12627110046749263,-0.0411053073360114,-0.12627110046749263,-0.07880575962246139,,,38.23722754169171,27.446777574904853,0.05248066891565793,-0.07948724060490463,375,-0.0068492493348943214,0.0005132446536250513,,-0.1194425619209854,-0.0068492493348943214,-0.1194425619209854,-0.07006868894502172,,,38.08207424967759,27.40514166305188,0.05195532737098808,0.008114690961876022,-0.03425605800111708,-0.025606225538426956,,-0.0068285385465072235,-0.03425605800111708,-0.0068285385465072235,-0.008737070677439673,,,0.15515329201411987,0.04163591185297477,0.0005253415446698495,-0.08760193156678064
PREPROJECTOR_MINUS_PROJECTED,Z2,Z1,3026,LOCAL3,dynamic,adjacent_percent_change_new_extension,residual_ftv_ld,SPH,,T0->T1,prefix,goal6_transformed_standardized_residual,375,-0.0016571315814164897,-0.0030181038469589035,,-0.13666591254395774,-0.0016571315814164897,-0.13666591254395774,-0.09627640816698468,,,38.54559920623733,27.531957649649993,0.07017581411759616,0.04271831776157907,375,-0.004680675325293426,0.004869977147520099,,-0.12127894697292872,-0.004680675325293426,-0.12127894697292872,-0.07050116300834652,,,38.089769010694575,27.460380816020606,0.054582799742156456,0.03566862629178218,0.0030235437438769367,-0.007888080994479001,,-0.015386965571029018,0.0030235437438769367,-0.015386965571029018,-0.02577524515863816,,,0.4558301955427524,0.07157683362938627,0.015593014375439702,0.007049691469796893
PREPROJECTOR_MINUS_PROJECTED,Z2,Z1,2026,LOCAL0,dynamic,adjacent_percent_change_new_extension,residual_ftv_ld,SPH,,T1->T2,difference,goal6_transformed_standardized_residual,370,0.03649439015059109,0.08119592781429343,,-0.04084712504477508,0.03649439015059109,-0.04084712504477508,0.11323078221093341,,,55.42662487542272,37.96621669608268,0.03142656237128555,0.45319063288759237,370,-0.05175911021704206,0.02324840728860225,,-0.06463351869110145,-0.05175911021704206,-0.06463351869110145,0.09378722732450762,,,56.03098001843821,38.72387281698096,0.04875573427712834,-0.043877438366730255,0.08825350036763316,0.057947520525691174,,0.023786393646326377,0.08825350036763316,0.023786393646326377,0.019443554886425796,,,-0.6043551430154892,-0.7576561208982753,-0.017329171905842794,0.4970680712543226
PREPROJECTOR_MINUS_PROJECTED,Z2,Z1,2026,LOCAL3,dynamic,adjacent_percent_change_new_extension,residual_ftv_ld,SPH,,T1->T2,difference,goal6_transformed_standardized_residual,370,0.04157722513149848,0.08115258835320296,,-0.03982510057165536,0.04157722513149848,-0.03982510057165536,0.11378510546640586,,,55.40929845638743,37.93079695846701,0.02786321682778911,0.4590140733729932,370,-0.040039530695474196,0.031130860914100333,,-0.059200794321081836,-0.040039530695474196,-0.059200794321081836,0.09652729012422478,,,55.946207083139896,38.38987579481519,0.027487087777606684,0.17853912225292923,0.08161675582697267,0.05002172743910263,,0.01937569374942648,0.08161675582697267,0.01937569374942648,0.01725781534218107,,,-0.5369086267524636,-0.45907883634817637,0.000376129050182427,0.280474951120064
PREPROJECTOR_MINUS_PROJECTED,Z2,Z1,3026,LOCAL0,dynamic,adjacent_percent_change_new_extension,residual_ftv_ld,SPH,,T1->T2,difference,goal6_transformed_standardized_residual,370,0.04201766563123282,0.08114191573147182,,-0.0400499698502947,0.04201766563123282,-0.0400499698502947,0.11187124643477164,,,55.46909681623593,38.35261037377401,0.033151780854490595,0.4931274433859657,370,0.029141599240546243,0.07759875392682607,,-0.0399695396133121,0.029141599240546243,-0.0399695396133121,0.11393704858679121,,,55.40454824136933,38.13630236565273,0.024882376669332778,0.5671142222937748,0.012876066390686575,0.003543161804645756,,-8.04302369825996e-05,0.012876066390686575,-8.04302369825996e-05,-0.002065802152019569,,,0.06454857486659904,0.21630800812128115,0.008269404185157817,-0.07398677890780914
PREPROJECTOR_MINUS_PROJECTED,Z2,Z1,3026,LOCAL3,dynamic,adjacent_percent_change_new_extension,residual_ftv_ld,SPH,,T1->T2,difference,goal6_transformed_standardized_residual,370,0.05863670066253383,0.06904647842215289,,-0.04252506251462922,0.05863670066253383,-0.04252506251462922,0.10986328926618116,,,55.531766044712114,38.18089892385268,0.02565987786152123,0.5101724064722738,370,0.03123652634335325,0.06243888045559922,,-0.043435187198818934,0.03123652634335325,-0.043435187198818934,0.11147506670467222,,,55.481467365838135,38.19771021464091,0.025476307502373577,0.4273779673651705,0.027400174319180584,0.00660759796655367,,0.000910124684189717,0.027400174319180584,0.000910124684189717,-0.0016117774384910577,,,0.050298678873978986,-0.016811290788226074,0.00018357035914765354,0.08279443910710332
PREPROJECTOR_MINUS_PROJECTED,Z2,Z1,2026,LOCAL0,dynamic,adjacent_percent_change_new_extension,residual_ftv_ld,SPH,,T1->T2,prefix,goal6_transformed_standardized_residual,370,0.015457280107088588,0.04586036266048802,,-0.07891391366863675,0.015457280107088588,-0.07891391366863675,0.09285812290215256,,,56.05969584341376,39.12142352238852,0.05656669843839453,0.23862625473758714,370,-0.04419475652032208,-0.007093535106947234,,-0.10433609479895037,-0.04419475652032208,-0.10433609479895037,0.07307513998962878,,,56.66767495193545,39.54219136054561,0.05533426639086767,-0.007550071706328375,0.05965203662741067,0.052953897767435254,,0.025422181130313623,0.05965203662741067,0.025422181130313623,0.019782982912523783,,,-0.6079791085216897,-0.42076783815709007,0.001232432047526856,0.24617632644391552
PREPROJECTOR_MINUS_PROJECTED,Z2,Z1,2026,LOCAL3,dynamic,adjacent_percent_change_new_extension,residual_ftv_ld,SPH,,T1->T2,prefix,goal6_transformed_standardized_residual,370,0.019437551643397364,0.06039807459048096,,-0.07375296235097141,0.019437551643397364,-0.07375296235097141,0.09714701639977075,,,55.92701597653307,39.108976757389065,0.055034866849492485,0.2945489873840108,370,-0.016735014734226485,0.019042129384507313,,-0.08708098263738234,-0.016735014734226485,-0.08708098263738234,0.08201774936038997,,,56.393658641227155,39.19832405163177,0.050465960270512485,0.11179659071066109,0.03617256637762385,0.041355945205973646,,0.013328020286410933,0.03617256637762385,0.013328020286410933,0.015129267039380778,,,-0.4666426646940849,-0.08934729424270671,0.00456890657898,0.18275239667334972
PREPROJECTOR_MINUS_PROJECTED,Z2,Z1,3026,LOCAL0,dynamic,adjacent_percent_change_new_extension,residual_ftv_ld,SPH,,T1->T2,prefix,goal6_transformed_standardized_residual,370,-0.02081903067798201,0.026013188170573787,,-0.09544172145077522,-0.02081903067798201,-0.09544172145077522,0.08294804995375837,,,56.36507619719733,39.57797327259155,0.061503969482086314,0.17632823937382058,370,-0.029205391497112525,0.007787271301378293,,-0.0998977569137068,-0.029205391497112525,-0.0998977569137068,0.07914022872600168,,,56.481975680388494,39.32487037611533,0.061232090583506114,0.046707046474842584,0.008386360819130516,0.018225916869195495,,0.004456035462931579,0.008386360819130516,0.004456035462931579,0.0038078212277566914,,,-0.11689948319116183,0.2531028964762214,0.00027187889858019954,0.129621192898978
PREPROJECTOR_MINUS_PROJECTED,Z2,Z1,3026,LOCAL3,dynamic,adjacent_percent_change_new_extension,residual_ftv_ld,SPH,,T1->T2,prefix,goal6_transformed_standardized_residual,370,-0.034902130980143276,0.011006616074426882,,-0.10827938896994012,-0.034902130980143276,-0.10827938896994012,0.07745370969112009,,,56.5336742965488,39.722263813101556,0.0652458509092761,0.09909005036637644,370,-0.038496966939159764,-0.0075552581054019905,,-0.10783884839831424,-0.038496966939159764,-0.10783884839831424,0.07484253711483568,,,56.61362414504925,39.4653351592555,0.064276110752315,-0.05324255784904197,0.003594835959016489,0.018561874179828873,,-0.0004405405716258748,0.003594835959016489,-0.0004405405716258748,0.002611172576284404,,,-0.07994984850044773,0.2569286538460531,0.0009697401569611075,0.1523326082154184
PREPROJECTOR_MINUS_PROJECTED,Z2,Z1,2026,LOCAL0,dynamic,adjacent_percent_change_new_extension,residual_ftv_ld,SPH,,T2->T3,difference,goal6_transformed_standardized_residual,313,0.11610393386030446,0.13824370818085943,,-0.022558430578902482,0.11610393386030446,-0.022558430578902482,0.12626384686880188,,,63.15446148776089,38.180226929273374,0.03777917644453405,0.8182422663121388,313,0.11375834466566385,0.1294312507545163,,-0.040478099833977085,0.11375834466566385,-0.040478099833977085,0.14095074719124046,,,62.62142057721249,39.00001916657332,0.05228155590016301,0.8445163968562128,0.0023455891946406043,0.008812457426343123,,0.017919669255074603,0.0023455891946406043,0.017919669255074603,-0.014686900322438579,,,0.5330409105484009,-0.8197922372999429,-0.014502379455628954,-0.026274130544074015
PREPROJECTOR_MINUS_PROJECTED,Z2,Z1,2026,LOCAL3,dynamic,adjacent_percent_change_new_extension,residual_ftv_ld,SPH,,T2->T3,difference,goal6_transformed_standardized_residual,313,0.10034255329498755,0.13138439330235824,,-0.023782996420792533,0.10034255329498755,-0.023782996420792533,0.12821083369625608,,,63.08405723559005,38.177718375929196,0.04617049341428917,0.6306898182994051,313,0.14483083728146706,0.1444233087879657,,-0.036082815537703525,0.14483083728146706,-0.036082815537703525,0.14556164397037374,,,62.45313604707463,38.97866589603318,0.06935677454208995,0.7769015227259258,-0.04448828398647951,-0.013038915485607455,,0.012299819116910991,-0.04448828398647951,0.012299819116910991,-0.017350810274117667,,,0.6309211885154227,-0.800947520103982,-0.02318628112780078,-0.14621170442652076
PREPROJECTOR_MINUS_PROJECTED,Z2,Z1,3026,LOCAL0,dynamic,adjacent_percent_change_new_extension,residual_ftv_ld,SPH,,T2->T3,difference,goal6_transformed_standardized_residual,313,0.05023968294609832,0.08610898790868303,,-0.048058618346035496,0.05023968294609832,-0.048058618346035496,0.10821668300673892,,,63.80336072544124,38.82205108649567,0.07065648855560505,0.31288982317995984,313,0.06917257053831781,0.0813963234698645,,-0.05828225215245335,0.06917257053831781,-0.05828225215245335,0.10585515516221766,,,63.887783584950284,38.682505900616704,0.054163522464832865,0.5294599074372438,-0.01893288759221949,0.0047126644388185285,,0.010223633806417852,-0.01893288759221949,0.010223633806417852,0.0023615278445212606,,,-0.08442285950904704,0.13954518587896558,0.016492966090772186,-0.21657008425728397
PREPROJECTOR_MINUS_PROJECTED,Z2,Z1,3026,LOCAL3,dynamic,adjacent_percent_change_new_extension,residual_ftv_ld,SPH,,T2->T3,difference,goal6_transformed_standardized_residual,313,0.05359798357821186,0.08813083612620619,,-0.04653577223179297,0.05359798357821186,-0.04653577223179297,0.10658251600863922,,,63.86179287055441,38.738989416867334,0.06713750429234665,0.27698019788314715,313,0.08215724187364773,0.08407666863527373,,-0.05501137346040615,0.08215724187364773,-0.05501137346040615,0.10470645532955136,,,63.92880844332522,38.7751312173741,0.05505874043996362,0.4074136652605355,-0.028559258295435867,0.004054167490932459,,0.008475601228613183,-0.028559258295435867,0.008475601228613183,0.0018760606790878542,,,-0.06701557277080639,-0.03614180050676907,0.012078763852383025,-0.13043346737738837
PREPROJECTOR_MINUS_PROJECTED,Z2,Z1,2026,LOCAL0,dynamic,adjacent_percent_change_new_extension,residual_ftv_ld,SPH,,T2->T3,prefix,goal6_transformed_standardized_residual,313,0.05850309383280177,0.09294428515687704,,-0.05410148125216584,0.05850309383280177,-0.05410148125216584,0.10735987703598382,,,63.83400380596699,38.94158417157605,0.05845065962767002,0.4212570556484979,313,0.08053109147238864,0.10142096211885425,,-0.08977620037229107,0.08053109147238864,-0.08977620037229107,0.12031729943989555,,,63.36900805040765,40.16468019406021,0.09044938010482785,0.481859896776885,-0.02202799763958687,-0.008476676961977209,,0.03567471912012524,-0.02202799763958687,0.03567471912012524,-0.012957422403911734,,,0.46499575555933603,-1.2230960224841638,-0.03199872047715783,-0.0606028411283871
PREPROJECTOR_MINUS_PROJECTED,Z2,Z1,2026,LOCAL3,dynamic,adjacent_percent_change_new_extension,residual_ftv_ld,SPH,,T2->T3,prefix,goal6_transformed_standardized_residual,313,0.06572603133995729,0.09274553266150595,,-0.058485377287170265,0.06572603133995729,-0.058485377287170265,0.10845440766652559,,,63.79485605682681,39.04237162879645,0.05971226446983621,0.46305344987082614,313,0.08810099740112969,0.10777098328478668,,-0.08746780354542781,0.08810099740112969,-0.08746780354542781,0.12524208794857417,,,63.1913775407383,39.940317007301175,0.08582736736019832,0.6168616857866172,-0.022374966061172397,-0.015025450623280728,,0.028982426258257546,-0.022374966061172397,0.028982426258257546,-0.016787680282048578,,,0.6034785160885079,-0.8979453785047227,-0.026115102890362105,-0.15380823591579101
PREPROJECTOR_MINUS_PROJECTED,Z2,Z1,3026,LOCAL0,dynamic,adjacent_percent_change_new_extension,residual_ftv_ld,SPH,,T2->T3,prefix,goal6_transformed_standardized_residual,313,0.023374316811623764,0.06963265565920368,,-0.07145288861365444,0.023374316811623764,-0.07145288861365444,0.10863408820010545,,,63.788427181245176,39.35713144306543,0.0689947504928326,0.30605386606332413,313,0.05077904564722678,0.07777526931986918,,-0.06762537412953265,0.05077904564722678,-0.06762537412953265,0.10655601308855678,,,63.86274008250809,38.8883787063096,0.07088918836314051,0.31544626247973634,-0.027404728835603017,-0.008142613660665501,,-0.0038275144841217884,-0.027404728835603017,-0.0038275144841217884,0.0020780751115486717,,,-0.07431290126291401,0.46875273675582463,-0.0018944378703079079,-0.009392396416412208
PREPROJECTOR_MINUS_PROJECTED,Z2,Z1,3026,LOCAL3,dynamic,adjacent_percent_change_new_extension,residual_ftv_ld,SPH,,T2->T3,prefix,goal6_transformed_standardized_residual,313,0.0024997368878162994,0.04891280877269652,,-0.08300159673284908,0.0024997368878162994,-0.08300159673284908,0.10048387585439156,,,64.07938862543072,39.57516949460447,0.06759452221180742,0.22888148016236323,313,0.04084184695462273,0.06567595714723039,,-0.07779970289824104,0.04084184695462273,-0.07779970289824104,0.09961235230789023,,,64.11042374191754,39.35000922116374,0.07428649388390368,0.2505455426235976,-0.03834211006680643,-0.016763148374533868,,-0.0052018938346080484,-0.03834211006680643,-0.0052018938346080484,0.0008715235465013293,,,-0.031035116486819447,0.22516027344072853,-0.0066919716720962585,-0.02166406246123434
PREPROJECTOR_MINUS_PROJECTED,Z2,Z1,2026,LOCAL0,static,goal6_workbook_endpoint,raw,BPE,T0,,current,natural_target,375,0.25662874047104334,0.2515281514902639,0.025391208762637008,0.022982547014919474,,,,17.026355650850096,12.008984519343993,,,0.11935248689900818,0.7280661884940419,375,0.2464241665718512,0.20470700095226999,-0.012521589210700235,-0.016463214829243768,,,,17.354363290998016,12.100332360164781,,,0.12056679322205109,0.5895475525515504,0.010204573899192132,0.04682115053799393,0.03791279797333724,0.03944576184416324,,,,-0.32800764014791994,-0.09134784082078795,,,-0.0012143063230429102,0.13851863594249147
PREPROJECTOR_MINUS_PROJECTED,Z2,Z1,2026,LOCAL3,static,goal6_workbook_endpoint,raw,BPE,T0,,current,natural_target,375,0.27756650358402546,0.258599893142176,0.025875572197523344,0.028533745302736793,,,,17.0221242253376,12.054955940823561,,,0.133617509682003,0.7074514718269787,375,0.25253749004437365,0.1931850253497645,-0.03422235560371201,-0.031028572923808315,,,,17.539350184081666,12.179963659168804,,,0.15287358529074252,0.4940913305495775,0.025029013539651812,0.06541486779241151,0.06009792780123535,0.059562318226545105,,,,-0.5172259587440671,-0.12500771834524294,,,-0.019256075608739515,0.21336014127740116
PREPROJECTOR_MINUS_PROJECTED,Z2,Z1,3026,LOCAL0,static,goal6_workbook_endpoint,raw,BPE,T0,,current,natural_target,375,0.3016839230856753,0.2327650027922066,0.005664676912637279,0.02618292939444706,,,,17.19780310214319,12.164213174355556,,,0.13003865108842255,0.6454780152555305,375,0.27527750597337586,0.2596151353988923,0.03014018375794103,0.029722108375972955,,,,16.98482284428517,12.125807509708261,,,0.1114858348057263,0.777535385586747,0.026406417112299463,-0.0268501326066857,-0.02447550684530375,-0.0035391789815258957,,,,0.2129802578580211,0.03840566464729456,,,0.018552816282696255,-0.13205737033121645
PREPROJECTOR_MINUS_PROJECTED,Z2,Z1,3026,LOCAL3,static,goal6_workbook_endpoint,raw,BPE,T0,,current,natural_target,375,0.3143859369666629,0.2570675943748031,0.02291107806460857,0.05552240805902543,,,,17.048005751497335,12.017984058139579,,,0.13130629626202897,0.7094218455224388,375,0.28459005575150753,0.2916302356586298,0.041262440522056076,0.07067239193026022,,,,16.887151879579516,11.81768711709089,,,0.06894596161477357,1.1106523303485074,0.029795881215155362,-0.03456264128382669,-0.018351362457447506,-0.015149983871234785,,,,0.1608538719178192,0.20029694104868945,,,0.062360334647255405,-0.4012304848260686
PREPROJECTOR_MINUS_PROJECTED,Z2,Z1,2026,LOCAL0,static,goal6_workbook_endpoint,raw,BPE,T1,,current,natural_target,375,0.3020131983160769,0.2808588564182776,0.044013135005069315,0.08108264234575237,,,,12.357299252061402,8.873234104381329,,,0.09813192467260584,0.8965674439913455,375,0.326327227215838,0.27750762778469196,0.0396947368149595,0.09070278752127092,,,,12.385178092522436,8.797208145780187,,,0.08066336539135976,0.9770949220113763,-0.024314028899761086,0.003351228633585668,0.004318398190109818,-0.009620145175518555,,,,-0.027878840461033505,0.07602595860114114,,,0.017468559281246077,-0.0805274780200308
PREPROJECTOR_MINUS_PROJECTED,Z2,Z1,2026,LOCAL3,static,goal6_workbook_endpoint,raw,BPE,T1,,current,natural_target,375,0.3101344862896803,0.28827709401637497,0.05062754326438612,0.08346687624632629,,,,12.314475392074991,8.838067890571086,,,0.09781899946686604,0.9217189731143296,375,0.2882978723404256,0.27229881565432473,0.03614373782581015,0.0580515439030677,,,,12.40805580375024,8.91627944997548,,,0.12769905581127144,0.7619946275044421,0.021836613949254735,0.015978278362050236,0.01448380543857597,0.025415332343258587,,,,-0.09358041167524966,-0.07821155940439439,,,-0.02988005634440541,0.15972434560988746
PREPROJECTOR_MINUS_PROJECTED,Z2,Z1,3026,LOCAL0,static,goal6_workbook_endpoint,raw,BPE,T1,,current,natural_target,375,0.3331343725110934,0.29552152706664725,0.05297667122850391,0.09996839015307137,,,,12.29923048186378,8.733877894882022,,,0.09874953111123239,0.9404194466260146,375,0.28668858800773694,0.25577344491269677,0.028996688768776813,0.07341010023639954,,,,12.45397405943536,8.847471258378572,,,0.06891057597340672,0.9743444437708179,0.04644578450335646,0.03974808215395048,0.0239799824597271,0.02655828991667182,,,,-0.15474357757157975,-0.11359336349655003,,,0.029838955137825668,-0.03392499714480324
PREPROJECTOR_MINUS_PROJECTED,Z2,Z1,3026,LOCAL3,static,goal6_workbook_endpoint,raw,BPE,T1,,current,natural_target,375,0.33846671976334053,0.31396721910670916,0.06485257432253977,0.10828335278056189,,,,12.221869513127924,8.692018363706,,,0.10771575646903643,0.9566315247112405,375,0.3104512458755262,0.29811001192380543,0.05164066281802482,0.09164459813815869,,,,12.307902963129528,8.770773973997313,,,0.08019457992007001,1.0526986197752315,0.028015473887814335,0.015857207182903732,0.01321191150451495,0.016638754642403206,,,,-0.08603345000160445,-0.07875561029131362,,,0.027521176548966422,-0.09606709506399103
PREPROJECTOR_MINUS_PROJECTED,Z2,Z1,2026,LOCAL0,static,goal6_workbook_endpoint,raw,BPE,T2,,current,natural_target,375,0.4230403913983388,0.3859498096177943,0.12428747785684346,0.1526441228197192,,,,10.347951475171497,7.018207531798941,,,0.14213683353848128,1.0237113371660866,375,0.38767504835589944,0.35792506956811354,0.0976231531812971,0.12058129520295051,,,,10.50431109686913,7.169705527164008,,,0.1464669594290893,0.9352383027307059,0.03536534304243938,0.028024740049680752,0.026664324675546358,0.032062827616768694,,,,-0.15635962169763218,-0.1514979953650668,,,-0.004330125890608022,0.08847303443538079
PREPROJECTOR_MINUS_PROJECTED,Z2,Z1,2026,LOCAL3,static,goal6_workbook_endpoint,raw,BPE,T2,,current,natural_target,375,0.4213894641028558,0.39769841211017787,0.13315309302198886,0.15619622982422648,,,,10.295437476670948,7.017613271290459,,,0.1475150972266314,1.0354654727271333,375,0.3807347821140062,0.378794738569678,0.11300493187633542,0.1367094140464176,,,,10.414398846468341,7.109483107188358,,,0.11931383260614191,1.0966260037351439,0.04065468198884964,0.018903673540499877,0.02014816114565343,0.01948681577780889,,,,-0.11896136979739325,-0.09186983589789843,,,0.028201264620489483,-0.061160531008010555
PREPROJECTOR_MINUS_PROJECTED,Z2,Z1,3026,LOCAL0,static,goal6_workbook_endpoint,raw,BPE,T2,,current,natural_target,375,0.3807206735692343,0.35330381602303207,0.09190542230796916,0.13249430270835674,,,,10.537537782287723,7.1283035378411554,,,0.10852939775351328,1.0724440195573726,375,0.36287199908977136,0.3532739902017512,0.0958266019025753,0.11928386293729323,,,,10.514762467632929,7.160981472270907,,,0.10526768285777674,1.0888401632266016,0.017848674479462923,2.9825821280859977e-05,-0.003921179594606139,0.013210439771063509,,,,0.022775314654793988,-0.032677934429751865,,,0.0032617148957365394,-0.016396143669229035
PREPROJECTOR_MINUS_PROJECTED,Z2,Z1,3026,LOCAL3,static,goal6_workbook_endpoint,raw,BPE,T2,,current,natural_target,375,0.39924268972579363,0.3704687598449362,0.10416340258411838,0.1450645150953621,,,,10.466175283502901,7.0590948015703106,,,0.11178591971950648,1.1080466354893064,375,0.3717003072021846,0.36250158089605944,0.10129489070297903,0.1246986317245887,,,,10.482918489455617,7.115561744442778,,,0.10663757431409779,1.1100812727380716,0.02754238252360902,0.007967178948876774,0.002868511881139346,0.020365883370773413,,,,-0.016743205952716167,-0.05646694287246756,,,0.005148345405408691,-0.002034637248765181
PREPROJECTOR_MINUS_PROJECTED,Z2,Z1,2026,LOCAL0,static,goal6_workbook_endpoint,raw,BPE,T3,,current,natural_target,375,0.3596974398097293,0.30752507457808825,0.06119638831105645,0.10851746906902802,,,,10.041170658063336,6.74619428276274,,,0.0972665826382152,0.986049469248101,375,0.29043559587875667,0.25177718897155826,0.02890846097572264,0.07047926998139518,,,,10.212382143642477,6.886722986093576,,,0.08433865547075085,0.8669679520727184,0.06926184393097262,0.05574788560652999,0.03228792733533381,0.03803819908763284,,,,-0.1712114855791409,-0.140528703330836,,,0.01292792716746434,0.11908151717538262
PREPROJECTOR_MINUS_PROJECTED,Z2,Z1,2026,LOCAL3,static,goal6_workbook_endpoint,raw,BPE,T3,,current,natural_target,375,0.31786353274753854,0.24852179043334238,0.022908954337598986,0.05340343182213356,,,,10.243880159644528,7.006184267644045,,,0.10846528565329093,0.7546039801999277,375,0.2860671783293092,0.24415891170291668,0.02309065651432618,0.06299127501515218,,,,10.242927627189115,6.907934215170299,,,0.08574583656851713,0.833808003646399,0.03179635441822931,0.004362878730425707,-0.00018170217672719424,-0.009587843193018628,,,,0.0009525324554129355,0.09825005247374552,,,0.022719449084773802,-0.07920402344647126
PREPROJECTOR_MINUS_PROJECTED,Z2,Z1,3026,LOCAL0,static,goal6_workbook_endpoint,raw,BPE,T3,,current,natural_target,375,0.3111400108886673,0.27378722496396485,0.0384829265062433,0.07872871058403451,,,,10.161913005111755,6.898946691174948,,,0.06578013986894504,1.0674948379469913,375,0.2507881731643216,0.20297698510603598,-0.00351612323362982,0.01954048776456291,,,,10.381477087109483,7.117597214151962,,,0.10005668823160652,0.6416877305846316,0.06035183772434566,0.07081023985792886,0.04199904973987312,0.0591882228194716,,,,-0.2195640819977278,-0.21865052297701393,,,-0.034276548362661474,0.4258071073623597
PREPROJECTOR_MINUS_PROJECTED,Z2,Z1,3026,LOCAL3,static,goal6_workbook_endpoint,raw,BPE,T3,,current,natural_target,375,0.33103307033403373,0.29933035386824974,0.05129336461802736,0.09076245898006198,,,,10.093991659174977,6.849695684128798,,,0.06642176767711823,1.1614366983312563,375,0.2511256406449608,0.22695334627933295,0.01096245845889432,0.03818765486862541,,,,10.306313785522278,7.05146092579008,,,0.07978541777449842,0.8034795520870808,0.07990742968907294,0.0723770075889168,0.04033090615913304,0.05257480411143657,,,,-0.21232212634730097,-0.20176524166128207,,,-0.013363650097380192,0.3579571462441755
PREPROJECTOR_MINUS_PROJECTED,Z2,Z1,2026,LOCAL0,static,goal6_workbook_endpoint,raw,FTV,T0,,current,natural_target,375,0.7588164751393788,0.6119434989070546,0.29334577404735107,0.549964013342644,,,,35.86697878007118,15.533145998738032,,,0.1644987234103517,1.5087943856736123,375,0.7645654795767436,0.6168691895550781,0.298400406951816,0.5722985542899925,,,,35.73847196251336,14.993021572423046,,,0.15499532473248562,1.5668729393051293,-0.005749004437364813,-0.004925690648023506,-0.005054632904464951,-0.022334540947348547,,,,0.12850681755782034,0.5401244263149856,,,0.009503398677866093,-0.05807855363151693
PREPROJECTOR_MINUS_PROJECTED,Z2,Z1,2026,LOCAL3,static,goal6_workbook_endpoint,raw,FTV,T0,,current,natural_target,375,0.7644947092957105,0.5758667281959982,0.2815579329822465,0.562253551841069,,,,36.16489366218052,15.548351923996176,,,0.20056003114849585,1.2858780793219462,375,0.7648105586528615,0.6139197455835524,0.31481160660851704,0.579364280037852,,,,35.318017259803206,15.107244272221214,,,0.18852193996458824,1.413938929061102,-0.00031584935715101015,-0.03805301738755429,-0.03325367362627052,-0.017110728196783054,,,,0.8468764023773119,0.4411076517749617,,,0.012038091183907612,-0.12806084973915577
PREPROJECTOR_MINUS_PROJECTED,Z2,Z1,3026,LOCAL0,static,goal6_workbook_endpoint,raw,FTV,T0,,current,natural_target,375,0.7507468426442144,0.6521083116855665,0.37429636811776723,0.5291979895674778,,,,33.75014581615272,14.889046282242093,,,0.23933266748281404,1.3329649965779014,375,0.7299237683467973,0.5502572081184274,0.2547057821511768,0.5143062725929232,,,,36.83453498892511,16.119927837559423,,,0.18564442528369757,1.2770996449505547,0.020823074297417143,0.10185110356713911,0.11959058596659045,0.014891716974554603,,,,-3.08438917277239,-1.23088155531733,,,0.05368824219911647,0.05586535162734663
PREPROJECTOR_MINUS_PROJECTED,Z2,Z1,3026,LOCAL3,static,goal6_workbook_endpoint,raw,FTV,T0,,current,natural_target,375,0.7638634656957561,0.659738840796742,0.35784377410644497,0.5518938064613865,,,,34.190989086140526,14.825131230574792,,,0.18995248761430417,1.5137339811628716,375,0.7385147343269997,0.5982116131432718,0.27657239230415454,0.5236264788616178,,,,36.290157648121195,15.737242700410041,,,0.1447186248220986,1.572507140816695,0.025348731368756483,0.061527227653470296,0.08127138180229043,0.028267327599768688,,,,-2.099168561980669,-0.9121114698352493,,,0.045233862792205565,-0.05877315965382346
PREPROJECTOR_MINUS_PROJECTED,Z2,Z1,2026,LOCAL0,static,goal6_workbook_endpoint,raw,FTV,T1,,current,natural_target,375,0.5690488110137673,0.35972479791253964,0.07879926035550655,0.32839535451404367,,,,36.16423149909344,11.874393906149617,,,0.05514830402651631,1.5318078708292098,375,0.496484696780066,0.28157264231259543,0.045102460861310756,0.23727934066614811,,,,36.81972060797446,12.621955824810339,,,0.10224394693666415,0.8805857498953557,0.07256411423370124,0.0781521555999442,0.033696799494195795,0.09111601384789556,,,,-0.6554891088810209,-0.7475619186607219,,,-0.04709564291014784,0.6512221209338541
PREPROJECTOR_MINUS_PROJECTED,Z2,Z1,2026,LOCAL3,static,goal6_workbook_endpoint,raw,FTV,T1,,current,natural_target,375,0.5932827397883719,0.36751404805293963,0.09714016379072332,0.3640524430541046,,,,35.802410566701525,11.561016453051852,,,0.08305890307139459,1.2752074721128275,375,0.5342928660826033,0.33249299456988235,0.06822400005105245,0.2956957687725519,,,,36.371219397147,11.960032542048486,,,0.06580696813827595,1.2961240172558812,0.05898987370576858,0.035021053483057285,0.028916163739670875,0.06835667428155273,,,,-0.5688088304454766,-0.39901608899663366,,,0.017251934933118634,-0.020916545143053744
PREPROJECTOR_MINUS_PROJECTED,Z2,Z1,3026,LOCAL0,static,goal6_workbook_endpoint,raw,FTV,T1,,current,natural_target,375,0.5168911138923654,0.3226027018898559,0.04648359038214511,0.2673270309903365,,,,36.79308361174056,12.352875031568551,,,0.03411667212505301,1.746564664557534,375,0.47565547843895783,0.26780336101291236,0.013550820699060107,0.21903294541792645,,,,37.42307410185223,12.769120001733926,,,0.022744535937376072,1.7757322537122235,0.04123563545340758,0.05479934087694355,0.032932769683085006,0.04829408557241005,,,,-0.6299904901116662,-0.41624497016537454,,,0.011372136187676938,-0.029167589154689644
PREPROJECTOR_MINUS_PROJECTED,Z2,Z1,3026,LOCAL3,static,goal6_workbook_endpoint,raw,FTV,T1,,current,natural_target,375,0.5658489020366367,0.3407133982357161,0.08226878946127014,0.2912986548596131,,,,36.09606437012619,12.041008097686902,,,0.06842872265891993,1.3024767976909695,375,0.5228558425304358,0.32687942460259484,0.05224219055979995,0.2529825592387512,,,,36.68181257141582,12.415248167013871,,,0.0375053293991518,1.687878156180458,0.042993059506200915,0.013833973633121277,0.03002659890147019,0.03831609562086191,,,,-0.5857482012896256,-0.3742400693269694,,,0.03092339325976813,-0.3854013584894884
PREPROJECTOR_MINUS_PROJECTED,Z2,Z1,2026,LOCAL0,static,goal6_workbook_endpoint,raw,FTV,T2,,current,natural_target,375,0.39915098418477646,0.20578675099662397,-0.0017036305516262562,0.14384103362070735,,,,31.12942291418757,7.983354987898827,,,0.008833203815603024,2.1895672309606113,375,0.37819842985550123,0.18270833731846434,-0.00806333156817085,0.14187828478980719,,,,31.22808512416206,7.991976756674068,,,0.0077842854133818515,2.07085165735269,0.02095255432927523,0.02307841367815963,0.006359701016544594,0.0019627488309001684,,,,-0.09866220997449204,-0.008621768775240568,,,0.0010489184022211724,0.11871557360792151
PREPROJECTOR_MINUS_PROJECTED,Z2,Z1,2026,LOCAL3,static,goal6_workbook_endpoint,raw,FTV,T2,,current,natural_target,375,0.4553020821481397,0.2724271534095716,0.026552804226485427,0.2316111055375234,,,,30.687226933110402,7.574334631672474,,,0.01714786020417319,2.080393198817509,375,0.43227625440892026,0.22029219907287245,-0.002468121939333434,0.19743229455712352,,,,31.14129949928162,7.856984394589973,,,0.007412677760019665,2.558653978690483,0.023025827739219462,0.052134954336699124,0.02902092616581886,0.034178810980399876,,,,-0.4540725661712166,-0.2826497629174991,,,0.009735182444153525,-0.4782607798729739
PREPROJECTOR_MINUS_PROJECTED,Z2,Z1,3026,LOCAL0,static,goal6_workbook_endpoint,raw,FTV,T2,,current,natural_target,375,0.4035410171805666,0.30431468545292384,0.017393065757193016,0.1854568265760114,,,,30.831265992848643,7.839527915610503,,,0.00921791551438352,3.1696152603509886,375,0.41968665377176023,0.2642222332676347,0.0012716994994228514,0.18664721156373082,,,,31.08315714065934,7.9839304735218395,,,0.005849655608931845,3.454651236687375,-0.016145636591193613,0.04009245218528912,0.016121366257770164,-0.0011903849877194228,,,,-0.25189114781069577,-0.14440255791133616,,,0.0033682599054516756,-0.28503597633638655
PREPROJECTOR_MINUS_PROJECTED,Z2,Z1,3026,LOCAL3,static,goal6_workbook_endpoint,raw,FTV,T2,,current,natural_target,375,0.4539651837524178,0.22447040424581555,0.022819051411894442,0.21580008985579696,,,,30.746022552085947,7.891542572746798,,,0.035901107706151125,1.1846912050697855,375,0.46451860279895324,0.33748863147576746,0.024655672108352955,0.2306084471098001,,,,30.717115244898398,7.814356123400452,,,0.009134254373991716,3.531202286322053,-0.01055341904653545,-0.11301822722995192,-0.001836620696458513,-0.014808357254003146,,,,0.028907307187548525,0.07718644934634611,,,0.02676685333215941,-2.3465110812522676
PREPROJECTOR_MINUS_PROJECTED,Z2,Z1,2026,LOCAL0,static,goal6_workbook_endpoint,raw,FTV,T3,,current,natural_target,375,0.317412465434775,0.3771002955987066,0.04067226756179165,0.1313179478224101,,,,12.153653760627828,3.179637072253928,,,0.010420826842865829,3.69407563364957,375,0.27027774890646017,0.3105895744921615,0.020392091233338183,0.07116796683567157,,,,12.281445956069739,3.24279748311849,,,0.007863844932395373,3.5024295084673507,0.04713471652831486,0.0665107211065451,0.02028017632845347,0.06014998098673853,,,,-0.127792195441911,-0.06316041086456181,,,0.002556981910470456,0.19164612518221924
PREPROJECTOR_MINUS_PROJECTED,Z2,Z1,2026,LOCAL3,static,goal6_workbook_endpoint,raw,FTV,T3,,current,natural_target,375,0.36450212564012613,0.41764906451758865,0.04023849796644685,0.1500390106607691,,,,12.15640114793681,3.1912681200820328,,,0.008006147310188288,4.667665490152435,375,0.24842099490391414,0.35712246353733673,0.03511471203432315,0.04894230625266268,,,,12.188807056641336,3.2427787475386807,,,0.010382491502451081,3.5048253118618,0.11608113073621198,0.06052660098025192,0.005123785932123703,0.10109670440810642,,,,-0.03240590870452564,-0.05151062745664792,,,-0.002376344192262793,1.1628401782906348
PREPROJECTOR_MINUS_PROJECTED,Z2,Z1,3026,LOCAL0,static,goal6_workbook_endpoint,raw,FTV,T3,,current,natural_target,375,0.19845444296589196,0.17370835233979734,-0.0068028440393008704,0.02507938946281925,,,,12.4507518350044,3.294381729581527,,,0.0058670047863746255,2.2678403581822435,375,0.2302249533635772,0.17623858584379473,-0.014667115836692224,0.04910079749473647,,,,12.499284490285305,3.2646645418991467,,,0.0026653122050682,3.4137126015175423,-0.03177051039768525,-0.0025302335039973922,0.007864271797391353,-0.02402140803191722,,,,-0.04853265528090489,0.02971718768238052,,,0.0032016925813064256,-1.1458722433352988
PREPROJECTOR_MINUS_PROJECTED,Z2,Z1,3026,LOCAL3,static,goal6_workbook_endpoint,raw,FTV,T3,,current,natural_target,375,0.2692876475871917,0.2917267872924955,0.029236798356194527,0.0476840150979455,,,,12.225876735204183,3.264075128182626,,,0.013585035349399619,2.5029139730796306,375,0.2613221220458602,0.32860056387721,0.00765550769196921,0.09263640846068132,,,,12.36102804995671,3.233694408956218,,,0.003922725960391809,5.246556082244483,0.007965525541331508,-0.03687377658471447,0.021581290664225317,-0.044952393362735814,,,,-0.13515131475252673,0.030380719226407837,,,0.00966230938900781,-2.7436421091648526
PREPROJECTOR_MINUS_PROJECTED,Z2,Z1,2026,LOCAL0,static,goal6_workbook_endpoint,raw,LD,T0,,current,natural_target,375,0.4281742112096555,0.37290595661042314,0.11909480759117774,0.13124530347549299,,,,2.019345117989503,1.4282937984532666,,,0.1663307738047632,0.9143511525080158,375,0.3769325383324659,0.37153564419675894,0.11877457425871474,0.12508826644015533,,,,2.019712128459498,1.4503049117745113,,,0.1324614623788092,1.0208353780444053,0.05124167287718956,0.0013703124136641986,0.00032023333246300467,0.0061570370353376536,,,,-0.0003670104699948773,-0.022011113321244613,,,0.03386931142595398,-0.10648422553638948
PREPROJECTOR_MINUS_PROJECTED,Z2,Z1,2026,LOCAL3,static,goal6_workbook_endpoint,raw,LD,T0,,current,natural_target,375,0.4239569010470423,0.3836615544186291,0.12714400802106307,0.14555099926591514,,,,2.010098144246776,1.412450838172992,,,0.15025997566558932,0.9897525399602329,375,0.3768754030784682,0.3703692188141711,0.11582849878286627,0.12790251376841774,,,,2.0230854194231203,1.462206267701528,,,0.10866349354926165,1.1235516807598576,0.04708149796857414,0.013292335604457972,0.011315509238196797,0.017648485497497396,,,,-0.012987275176344237,-0.049755429528535844,,,0.041596482116327674,-0.13379914079962463
PREPROJECTOR_MINUS_PROJECTED,Z2,Z1,3026,LOCAL0,static,goal6_workbook_endpoint,raw,LD,T0,,current,natural_target,375,0.43647669203310624,0.4346765155600116,0.17708104466051033,0.17740695234598525,,,,1.951751387935518,1.4083067508880236,,,0.2011581123869328,0.9691642844728038,375,0.4120847188164507,0.387002965292151,0.1297034223429091,0.15022954424667972,,,,2.0071489459214327,1.4313690251807396,,,0.12686130489826264,1.0865499735302206,0.024391973216655538,0.047673550267860576,0.04737762231760123,0.027177408099305522,,,,-0.055397557985914725,-0.023062274292716012,,,0.07429680748867015,-0.11738568905741686
PREPROJECTOR_MINUS_PROJECTED,Z2,Z1,3026,LOCAL3,static,goal6_workbook_endpoint,raw,LD,T0,,current,natural_target,375,0.4531690637897094,0.44076268839038846,0.17947941791528765,0.17928560799295687,,,,1.9489051514029174,1.3820265778992125,,,0.21064602803108454,0.9603470046226995,375,0.4004201355964005,0.3796110266817538,0.12647305954233634,0.14455463326710144,,,,2.0108705587280773,1.4381578712597936,,,0.1481182171755582,0.9863580219827525,0.0527489281933089,0.061151661708634675,0.05300635837295131,0.03473097472585543,,,,-0.06196540732515987,-0.05613129336058109,,,0.06252781085552633,-0.026011017360052957
PREPROJECTOR_MINUS_PROJECTED,Z2,Z1,2026,LOCAL0,static,goal6_workbook_endpoint,raw,LD,T1,,current,natural_target,375,0.2573364372129953,0.249328959534948,0.02860824380228677,0.029212039369221118,,,,2.025417736897475,1.4222850849267894,,,0.09141416034167409,0.8246430201682843,375,0.22434756290050178,0.21216462790999865,0.0034985546743256934,0.003050842559278601,,,,2.051428423504751,1.4455849111653811,,,0.11098151197378076,0.6368654095323271,0.03298887431249353,0.03716433162494934,0.025109689127961077,0.026161196809942517,,,,-0.02601068660727579,-0.023299826238591725,,,-0.01956735163210667,0.18777761063595722
PREPROJECTOR_MINUS_PROJECTED,Z2,Z1,2026,LOCAL3,static,goal6_workbook_endpoint,raw,LD,T1,,current,natural_target,375,0.2827858591136584,0.2778205189011988,0.04349701158796948,0.05011876388326025,,,,2.0098357534442406,1.409066732951556,,,0.10780063398972853,0.8461622781934443,375,0.25566636513674507,0.23891974194605275,0.02278540021127462,0.02553883492394874,,,,2.0314791789294775,1.4233124693269075,,,0.09943775376175035,0.7576635322451278,0.027119493976913323,0.038900776955146044,0.02071161137669486,0.024579928959311513,,,,-0.0216434254852369,-0.014245736375351425,,,0.008362880227978181,0.08849874594831642
PREPROJECTOR_MINUS_PROJECTED,Z2,Z1,3026,LOCAL0,static,goal6_workbook_endpoint,raw,LD,T1,,current,natural_target,375,0.24073484639314016,0.2578492580131435,0.03570304623611609,0.0206195320486354,,,,2.0180076093836696,1.4238519112348118,,,0.09456761837635017,0.8384837690027237,375,0.22878655848384583,0.21436939214035802,0.009063230393448807,-0.0038363569449834075,,,,2.045692598767225,1.4492020349531625,,,0.10785987287876798,0.6527288738999846,0.011948287909294336,0.04347986587278549,0.02663981584266728,0.024455888993618807,,,,-0.027684989383555347,-0.02535012371835066,,,-0.013292254502417819,0.18575489510273913
PREPROJECTOR_MINUS_PROJECTED,Z2,Z1,3026,LOCAL3,static,goal6_workbook_endpoint,raw,LD,T1,,current,natural_target,375,0.266650440791031,0.2617282567875611,0.03382087503397957,0.016851015611221005,,,,2.0199760819559076,1.4263928030152015,,,0.1271486741394601,0.7339976926092386,375,0.2182148224187826,0.2097307216313225,-0.006138095396652554,-0.027281271110254777,,,,2.0613237096408494,1.4677642303561864,,,0.13478441974313712,0.571271034728172,0.04843561837224841,0.05199753515623862,0.039958970430632124,0.04413228672147578,,,,-0.04134762768494182,-0.04137142734098487,,,-0.007635745603677024,0.16272665788106666
PREPROJECTOR_MINUS_PROJECTED,Z2,Z1,2026,LOCAL0,static,goal6_workbook_endpoint,raw,LD,T2,,current,natural_target,375,0.25568244469590223,0.273684748028579,0.024103610049648228,0.04990301485152771,,,,2.1098805213179337,1.5040355096324323,,,0.08938049022861039,0.9154386183310608,375,0.22297945044602718,0.24032464499903625,0.0026896099605678847,0.03316044134761425,,,,2.1329033617580535,1.5167813282425329,,,0.06570849307804458,0.937535142435408,0.03270299424987505,0.03336010302954276,0.021414000089080343,0.016742573503913463,,,,-0.02302284044011982,-0.012745818610100601,,,0.02367199715056581,-0.02209652410434726
PREPROJECTOR_MINUS_PROJECTED,Z2,Z1,2026,LOCAL3,static,goal6_workbook_endpoint,raw,LD,T2,,current,natural_target,375,0.27177081506749007,0.29699195978977405,0.0402916110897612,0.06422894854517401,,,,2.092308177700087,1.4916827560218289,,,0.09229830035345363,0.9775699437702756,375,0.2558643637126308,0.26121317085741774,0.017980884084080828,0.04714641037926322,,,,2.116488815819654,1.5188739702458693,,,0.0893330962317755,0.8739546104463898,0.01590645135485924,0.03577878893235631,0.022310727005680375,0.017082538165910793,,,,-0.024180638119566833,-0.027191214224040472,,,0.002965204121678125,0.10361533332388584
PREPROJECTOR_MINUS_PROJECTED,Z2,Z1,3026,LOCAL0,static,goal6_workbook_endpoint,raw,LD,T2,,current,natural_target,375,0.2741830954460539,0.2967094859380291,0.03983410813283739,0.05798976766313225,,,,2.0928068307988363,1.4851388466982698,,,0.09044057225016094,0.9866196942730219,375,0.24594960621720874,0.2647801796678025,0.01152570436503042,0.04864740109189061,,,,2.1234336588825395,1.4944836098380119,,,0.047446646585270966,1.2155776629863344,0.028233489228845166,0.03192930627022661,0.028308403767806967,0.009342366571241635,,,,-0.030626828083703206,-0.009344763139742085,,,0.04299392566488998,-0.22895796871331253
PREPROJECTOR_MINUS_PROJECTED,Z2,Z1,3026,LOCAL3,static,goal6_workbook_endpoint,raw,LD,T2,,current,natural_target,375,0.26471498050204817,0.2848032839121624,0.018138084877960092,0.008151911921995587,,,,2.1163194061651525,1.50906147880977,,,0.19223089331391927,0.6495811302213451,375,0.2718750620777032,0.3006039770151374,0.029913845514543014,0.06532255115229013,,,,2.1035903024662748,1.4782843932801253,,,0.05296019998106725,1.3062307818289491,-0.0071600815756550085,-0.015800693102974994,-0.011775760636582921,-0.05717063923029454,,,,0.012729103698877697,0.030777085529644754,,,0.13927069333285202,-0.656649651607604
PREPROJECTOR_MINUS_PROJECTED,Z2,Z1,2026,LOCAL0,static,goal6_workbook_endpoint,raw,LD,T3,,current,natural_target,375,0.11547239183381847,0.1089011873343351,-0.06495790338246166,-0.0023906652290215692,,,,1.8376096362178573,1.3326746611492981,,,0.028792282682991794,0.6417923942365096,375,0.06707141872635262,0.10213513923914866,-0.07117712861787329,-0.028506152550049464,,,,1.8429675341464615,1.344283313046954,,,0.047497831085637494,0.46863885791519444,0.04840097310746584,0.006766048095186439,0.0062192252354116295,0.026115487321027895,,,,-0.005357897928604194,-0.01160865189765592,,,-0.0187055484026457,0.17315353632131514
PREPROJECTOR_MINUS_PROJECTED,Z2,Z1,2026,LOCAL3,static,goal6_workbook_endpoint,raw,LD,T3,,current,natural_target,375,0.12208660011379538,0.11541564782924717,-0.06216933031450056,0.002420476218922571,,,,1.8352021853687546,1.3299746287326148,,,0.029183660805201645,0.6756080398782732,375,0.021815943741984613,0.055960078753396474,-0.112235113154032,-0.07676207393403406,,,,1.8779556854956834,1.3699568881284643,,,0.07280598639382777,0.20739332380908843,0.10027065637181076,0.059455569075850694,0.05006578283953145,0.07918255015295662,,,,-0.0427535001269288,-0.03998225939584943,,,-0.043622325588626124,0.4682147160691848
PREPROJECTOR_MINUS_PROJECTED,Z2,Z1,3026,LOCAL0,static,goal6_workbook_endpoint,raw,LD,T3,,current,natural_target,375,0.16921336970721787,0.14949474280035627,-0.04462022514893871,0.022878954400077638,,,,1.8199784857467765,1.3179572124591423,,,0.028026165222929066,0.892984830357736,375,0.07652539966572888,0.05920783965552658,-0.07513734374796144,-0.009578753792198153,,,,1.8463711797021556,1.3395142240354583,,,0.021644506144452014,0.40244392363242115,0.09268797004148899,0.09028690314482968,0.03051711859902273,0.032457708192275794,,,,-0.026392693955379132,-0.021557011576315954,,,0.006381659078477053,0.49054090672531486
PREPROJECTOR_MINUS_PROJECTED,Z2,Z1,3026,LOCAL3,static,goal6_workbook_endpoint,raw,LD,T3,,current,natural_target,375,0.15759406501017711,0.16141152059752673,-0.042373194444607964,0.022992792656596463,,,,1.818019999296705,1.3179203816153233,,,0.0218867553963451,1.091047947654861,375,0.11152505919911142,0.12030421750508954,-0.05938751752745186,0.011703432149026317,,,,1.8327974200659962,1.3259080562870256,,,0.01581406456127024,0.9566632675519825,0.0460690058110657,0.04110730309243718,0.017014323082843896,0.011289360507570146,,,,-0.014777420769291227,-0.00798767467170225,,,0.006072690835074859,0.1343846801028784
PREPROJECTOR_MINUS_PROJECTED,Z2,Z1,2026,LOCAL0,static,goal6_workbook_endpoint,raw,SPH,T0,,current,natural_target,375,0.41842917282967346,0.3810738374163997,0.1433818270638786,0.12813260593493786,,,,0.08726250248221508,0.06993941485682836,,,0.17560647213907737,0.9093663387641403,375,0.3600625782227785,0.3319230032660612,0.06011791020367474,0.03410575994032859,,,,0.09140515900936103,0.07153497782983922,,,0.30230795663077076,0.6036880269115716,0.05836659460689497,0.049150834150338496,0.08326391686020385,0.09402684599460927,,,,-0.0041426565271459465,-0.0015955629730108611,,,-0.12670148449169338,0.30567831185256866
PREPROJECTOR_MINUS_PROJECTED,Z2,Z1,2026,LOCAL3,static,goal6_workbook_endpoint,raw,SPH,T0,,current,natural_target,375,0.432490840823757,0.39855228693946876,0.1553142592163278,0.143917529394934,,,,0.08665260095987032,0.0695282034619506,,,0.20343328952990336,0.8836378181570351,375,0.3672199340084197,0.3380946815541095,0.10946392642220693,0.09185050613513196,,,,0.08897331660007254,0.07076130817413906,,,0.16469074602441908,0.833112672658698,0.06527090681533732,0.06045760538535927,0.045850332794120874,0.05206702325980203,,,,-0.0023207156402022255,-0.0012331047121884597,,,0.038742543505484284,0.05052514549833709
PREPROJECTOR_MINUS_PROJECTED,Z2,Z1,3026,LOCAL0,static,goal6_workbook_endpoint,raw,SPH,T0,,current,natural_target,375,0.3499126180452839,0.2950220738506176,0.03753123977451178,0.03420382432719551,,,,0.09249693511055986,0.07376654711984541,,,0.2664691129924494,0.5715195269580322,375,0.4093409944248492,0.37138278069008585,0.11550055347978538,0.10022379744660323,,,,0.08867124459831661,0.07097176567091183,,,0.2715309937147762,0.7127086981905475,-0.05942837637956533,-0.07636070683946822,-0.0779693137052736,-0.06601997311940772,,,,0.0038256905122432405,0.002794781448933581,,,-0.0050618807223267726,-0.1411891712325153
PREPROJECTOR_MINUS_PROJECTED,Z2,Z1,3026,LOCAL3,static,goal6_workbook_endpoint,raw,SPH,T0,,current,natural_target,375,0.3650285584253044,0.31369054517700706,0.08555873978430062,0.07978851024579593,,,,0.09015959004578378,0.07190788342675289,,,0.17805064272465237,0.7434121523961089,375,0.4081003527136193,0.36174945172333545,0.10809283175711781,0.09374881155323275,,,,0.0890417831812219,0.07068667864772592,,,0.26276587057553014,0.7057053396994094,-0.04307179428831487,-0.048058906546328384,-0.022534091972817194,-0.01396030130743682,,,,0.0011178068645618794,0.0012212047790269714,,,-0.08471522785087776,0.03770681269669951
PREPROJECTOR_MINUS_PROJECTED,Z2,Z1,2026,LOCAL0,static,goal6_workbook_endpoint,raw,SPH,T1,,current,natural_target,375,0.19161520081920583,0.1626949258671611,0.01658034030276756,0.0017247261953655434,,,,0.09060072901435613,0.07270107106990575,,,0.06856901243756315,0.6213124569669173,375,0.12384162020707702,0.09321460240716165,-0.030955897418663447,-0.038618297866597505,,,,0.09276460354016547,0.07395808242562624,,,0.08545374778621985,0.31887347470767274,0.0677735806121288,0.06948032345999947,0.04753623772143101,0.04034302406196305,,,,-0.0021638745258093367,-0.0012570113557204832,,,-0.0168847353486567,0.30243898225924454
PREPROJECTOR_MINUS_PROJECTED,Z2,Z1,2026,LOCAL3,static,goal6_workbook_endpoint,raw,SPH,T1,,current,natural_target,375,0.1881640687222665,0.17093192910152472,0.017578853330992517,0.002069950733402564,,,,0.09055472170573808,0.07261580795913727,,,0.07760173401924116,0.6136030097054406,375,0.13664762771646377,0.13378907661490316,-0.005472004976972977,-0.015289172715743142,,,,0.091610919201416,0.07349726650122164,,,0.08200855330788602,0.46718735655258486,0.051516441005802716,0.03714285248662155,0.023050858307965494,0.017359123449145707,,,,-0.0010561974956779102,-0.0008814585420843651,,,-0.004406819288644864,0.1464156531528557
PREPROJECTOR_MINUS_PROJECTED,Z2,Z1,3026,LOCAL0,static,goal6_workbook_endpoint,raw,SPH,T1,,current,natural_target,375,0.12291022869495961,0.09492470056280404,-0.011203659671179311,-0.026947986269995738,,,,0.09187166041304046,0.07428386468008437,,,0.05603381426605004,0.4010090211955954,375,0.158777790419843,0.11701760895942989,-0.028551807111233618,-0.05022679738799614,,,,0.09265638133167421,0.07457761867494524,,,0.10353662667068747,0.36366726825756657,-0.03586756172488338,-0.02209290839662585,0.017348147440054307,0.0232788111180004,,,,-0.000784720918633755,-0.00029375399486086806,,,-0.04750281240463743,0.03734175293802883
PREPROJECTOR_MINUS_PROJECTED,Z2,Z1,3026,LOCAL3,static,goal6_workbook_endpoint,raw,SPH,T1,,current,natural_target,375,0.11698463989077257,0.07329398271672755,-0.08710489207692906,-0.12707073734692073,,,,0.0952572356568925,0.07711985308469785,,,0.14213615102516775,0.19440885661361318,375,0.17612561155990444,0.15841249425031304,0.007443270386675693,-0.012012854608853457,,,,0.09102064700803175,0.07345730543673298,,,0.08447849703714573,0.5450248985761279,-0.059140971669131875,-0.08511851153358549,-0.09454816246360476,-0.11505788273806727,,,,0.004236588648860742,0.0036625476479648644,,,0.057657653988022015,-0.3506160419625147
PREPROJECTOR_MINUS_PROJECTED,Z2,Z1,2026,LOCAL0,static,goal6_workbook_endpoint,raw,SPH,T2,,current,natural_target,375,0.19446057571964956,0.1445001685327116,-0.03319724322116868,-0.06897770248502359,,,,0.1234304453822884,0.09399541920858151,,,0.14163183131270732,0.3839617109919987,375,0.14840414154056208,0.10140075021099898,0.0005820025607731205,-0.028853062918871908,,,,0.1213959672182112,0.09252074929764612,,,0.039865205481188326,0.5078601827903054,0.046056434179087474,0.04309941832171263,-0.0337792457819418,-0.040124639566151685,,,,0.0020344781640771886,0.0014746699109353945,,,0.10176662583151899,-0.12389847179830671
PREPROJECTOR_MINUS_PROJECTED,Z2,Z1,2026,LOCAL3,static,goal6_workbook_endpoint,raw,SPH,T2,,current,natural_target,375,0.15756809648424167,0.11309518141602833,0.004669973029245322,-0.02820943001280375,,,,0.12114743675178559,0.0922282040609521,,,0.04129114838958743,0.556564652478643,375,0.1478327454773012,0.10810551580255956,0.006245618849683221,-0.022393570830370267,,,,0.12105150823972786,0.09205387454498547,,,0.0330588148307356,0.5945716715024665,0.00973535100694048,0.004989665613468766,-0.0015756458204378987,-0.005815859182433485,,,,9.592851205772468e-05,0.00017432951596663138,,,0.008232333558851834,-0.03800701902382353
PREPROJECTOR_MINUS_PROJECTED,Z2,Z1,3026,LOCAL0,static,goal6_workbook_endpoint,raw,SPH,T2,,current,natural_target,375,0.17300967117988397,0.11274954108780759,-0.003459437962352263,-0.03626539356786872,,,,0.12164116972444144,0.09296416509106867,,,0.0575170715683902,0.47012830527740523,375,0.14924359995448858,0.1295665754603983,0.014109572140720839,-0.017473511919496965,,,,0.12057159379351341,0.09239481717570698,,,0.03285529685923772,0.7148094451366552,0.023766071225395397,-0.016817034372590703,-0.0175690101030731,-0.018791881648371752,,,,0.0010695759309280323,0.000569347915361687,,,0.024661774709152477,-0.24468113985925
PREPROJECTOR_MINUS_PROJECTED,Z2,Z1,3026,LOCAL3,static,goal6_workbook_endpoint,raw,SPH,T2,,current,natural_target,375,0.19229445898281947,0.1440094098017884,0.014506029900189676,-0.019160276160982103,,,,0.1205473485279265,0.09232883870867341,,,0.049564318986969814,0.6468540458117543,375,0.18423370121743088,0.16109720676317507,0.013375468032577387,-0.03061310242736217,,,,0.1206164748620407,0.09283309412626792,,,0.07450811136611059,0.5901823710240749,0.008060757765388588,-0.01708779696138668,0.0011305618676122897,0.011452826266380067,,,,-6.912633411419733e-05,-0.0005042554175945096,,,-0.024943792379140774,0.05667167478767943
PREPROJECTOR_MINUS_PROJECTED,Z2,Z1,2026,LOCAL0,static,goal6_workbook_endpoint,raw,SPH,T3,,current,natural_target,375,0.11176129252474684,0.08413214834075519,-0.009230953464042013,-0.021002050855893812,,,,0.14199910946981456,0.11266353380427432,,,0.04427839720204175,0.39982139765881347,375,0.09892433723973149,0.11963094301345382,0.0021060601548503755,-0.009812110438374324,,,,0.1411992963135766,0.11219636085315071,,,0.052024552256451556,0.5244925823601514,0.012836955285015356,-0.03549879467269863,-0.011337013618892389,-0.011189940417519488,,,,0.0007998131562379496,0.00046717295112361223,,,-0.007746155054409808,-0.12467118470133792
PREPROJECTOR_MINUS_PROJECTED,Z2,Z1,2026,LOCAL3,static,goal6_workbook_endpoint,raw,SPH,T3,,current,natural_target,375,0.12104949368528843,0.08256934544091302,-0.013157443287084902,-0.023691399044413208,,,,0.1422750704890299,0.11286052010458317,,,0.04942593491935881,0.37139956889697034,375,0.08143497553760383,0.06743425454656811,-0.056751737452689355,-0.06911268489515843,,,,0.14530375077467494,0.11507761645375729,,,0.09894520537569887,0.21437946551037104,0.0396145181476846,0.015135090894344908,0.04359429416560445,0.045421285850745216,,,,-0.003028680285645041,-0.002217096349174122,,,-0.04951927045634006,0.1570201033865993
PREPROJECTOR_MINUS_PROJECTED,Z2,Z1,3026,LOCAL0,static,goal6_workbook_endpoint,raw,SPH,T3,,current,natural_target,375,0.017737626578677893,0.02021641527753227,-0.012957425139487722,-0.02401460244798105,,,,0.14226102578111968,0.11294985900856494,,,0.018406808343074888,0.14900982509085742,375,0.01861258391170782,0.008907619269288765,-0.01070333230523346,-0.01876839905480441,,,,0.142102653798829,0.11284108186341613,,,0.012690355370158963,0.07907236967905686,-0.0008749573330299257,0.011308796008243504,-0.002254092834254262,-0.005246203393176642,,,,0.00015837198229068372,0.00010877714514881398,,,0.005716452972915925,0.06993745541180056
PREPROJECTOR_MINUS_PROJECTED,Z2,Z1,3026,LOCAL3,static,goal6_workbook_endpoint,raw,SPH,T3,,current,natural_target,375,0.05189600637160087,0.05005319837273519,-0.02128209699619288,-0.03175393649157676,,,,0.1428443934156459,0.11379512243610862,,,0.04171086646659069,0.24507963681888584,375,0.036118329730344755,0.024475698623735918,-0.010924411321913352,-0.019361466189530507,,,,0.14211819455950095,0.11323025887751233,,,0.017376572828519676,0.185674829809818,0.015777676641256115,0.025577499748999272,-0.010357685674279526,-0.012392470302046255,,,,0.000726198856144944,0.000564863558596293,,,0.024334293638071013,0.059404807009067834
PREPROJECTOR_MINUS_PROJECTED,Z2,Z1,2026,LOCAL0,static,goal6_workbook_endpoint,residual_ftv,BPE,T0,,current,goal6_transformed_standardized_residual,375,0.1816617762888018,0.1912937401379665,,-0.01811910574795342,0.1816617762888018,-0.01811910574795342,-0.0005054234163466287,,,17.25107892555713,12.138105625323737,0.11999920994770553,0.633808436715962,375,0.1887156568942005,0.18179373491928016,,-0.05257504783256809,0.1887156568942005,-0.05257504783256809,-0.03119502155540954,,,17.513661131394624,12.219249327385027,0.17539335423604943,0.5921384440242304,-0.007053880605398688,0.009500005218686325,,0.034455942084614666,-0.007053880605398688,0.034455942084614666,0.030689598139062912,,,-0.2625822058374929,-0.08114370206128996,-0.0553941442883439,0.04166999269173155
PREPROJECTOR_MINUS_PROJECTED,Z2,Z1,2026,LOCAL3,static,goal6_workbook_endpoint,residual_ftv,BPE,T0,,current,goal6_transformed_standardized_residual,375,0.18410982402304776,0.2052903398012052,,-0.02701454434651157,0.18410982402304776,-0.02701454434651157,0.00467160508415998,,,17.206388933937586,12.33787863545789,0.18927967188299757,0.4748588181175904,375,0.19964379706205546,0.17379447834679482,,-0.07486459636274528,0.19964379706205546,-0.07486459636274528,-0.06008894124799746,,,17.757331018571122,12.311319197021575,0.2069168178404558,0.49669219998017616,-0.015533973039007692,0.031495861454410384,,0.04785005201623371,-0.015533973039007692,0.04785005201623371,0.06476054633215744,,,-0.5509420846335367,0.026559438436315475,-0.017637145957458217,-0.021833381862585766
PREPROJECTOR_MINUS_PROJECTED,Z2,Z1,3026,LOCAL0,static,goal6_workbook_endpoint,residual_ftv,BPE,T0,,current,goal6_transformed_standardized_residual,375,0.2513812943919829,0.2527124105589816,,-0.014689062082897147,0.2513812943919829,-0.014689062082897147,-0.002666996451018866,,,17.269704185891968,12.235020063748056,0.16856838858627612,0.7935540648966409,375,0.22213737277353865,0.2191998728697678,,-0.007816886813421225,0.22213737277353865,-0.007816886813421225,0.00856919396962108,,,17.172666791277564,12.158409803893283,0.13045879130432592,0.7054888470262977,0.029243921618444274,0.03351253768921378,,-0.006872175269475922,0.029243921618444274,-0.006872175269475922,-0.011236190420639947,,,0.09703739461440364,0.07661025985477288,0.03810959728195021,0.08806521787034327
PREPROJECTOR_MINUS_PROJECTED,Z2,Z1,3026,LOCAL3,static,goal6_workbook_endpoint,residual_ftv,BPE,T0,,current,goal6_transformed_standardized_residual,375,0.24532207220430538,0.26024934593530263,,0.005514575295655715,0.24532207220430538,0.005514575295655715,0.006356835486404533,,,17.191816349564647,12.177924730104738,0.1738706296115873,0.7601823938068123,375,0.21926696927892655,0.22558926013158953,,0.014871749632632622,0.21926696927892655,0.014871749632632622,0.01871881809403131,,,17.08453936335922,11.996950610121683,0.09990654097824067,0.7386139119619927,0.026055102925378826,0.0346600858037131,,-0.009357174336976908,0.026055102925378826,-0.009357174336976908,-0.012361982607626776,,,0.10727698620542725,0.18097411998305546,0.07396408863334664,0.02156848184481963
PREPROJECTOR_MINUS_PROJECTED,Z2,Z1,2026,LOCAL0,static,goal6_workbook_endpoint,residual_ftv,BPE,T1,,current,goal6_transformed_standardized_residual,375,0.25676009457435106,0.24535318083372537,,0.04051883784704361,0.25676009457435106,0.04051883784704361,0.0442570320673783,,,12.355722817618553,9.011672104792398,0.0797647004294852,0.9315389587607472,375,0.2802815514812585,0.247609925466087,,0.044547139211522306,0.2802815514812585,0.044547139211522306,0.03295104816886285,,,12.428589114491338,8.969509040050244,0.07609946918551701,0.9336731680728099,-0.023521456906907434,-0.0022567446323616402,,-0.004028301364478695,-0.023521456906907434,-0.004028301364478695,0.011305983898515448,,,-0.07286629687278534,0.04216306474215337,0.0036652312439681978,-0.0021342093120626515
PREPROJECTOR_MINUS_PROJECTED,Z2,Z1,2026,LOCAL3,static,goal6_workbook_endpoint,residual_ftv,BPE,T1,,current,goal6_transformed_standardized_residual,375,0.2644570042958593,0.24837610069465557,,0.042018848470720425,0.2644570042958593,0.042018848470720425,0.04413018009838565,,,12.356542753425991,8.982072323594288,0.0803827521103434,0.9523284117226609,375,0.2509134317488788,0.2251488775601975,,0.031591588404279905,0.2509134317488788,0.031591588404279905,0.025743719105632112,,,12.474817719689566,9.039777659771959,0.08093253045620603,0.8258724992480411,0.013543572546980465,0.023227223134458075,,0.01042726006644052,0.013543572546980465,0.01042726006644052,0.01838646099275354,,,-0.11827496626357537,-0.05770533617767093,-0.000549778345862631,0.12645591247461985
PREPROJECTOR_MINUS_PROJECTED,Z2,Z1,3026,LOCAL0,static,goal6_workbook_endpoint,residual_ftv,BPE,T1,,current,goal6_transformed_standardized_residual,375,0.28577849245757286,0.2839477055874796,,0.03246568673145149,0.28577849245757286,0.03246568673145149,0.04539796767317228,,,12.348345680539351,8.930516586783618,0.14824985109131755,0.9240874569562152,375,0.2504603402095032,0.24414444067890967,,0.037142599633026935,0.2504603402095032,0.037142599633026935,0.03270185391801772,,,12.430190343390825,8.972817283984817,0.06260928110263662,1.046536564657521,0.03531815224806967,0.039803264908569946,,-0.004676912901575445,0.03531815224806967,-0.004676912901575445,0.012696113755154559,,,-0.08184466285147352,-0.042300697201199,0.08564056998868093,-0.1224491077013059
PREPROJECTOR_MINUS_PROJECTED,Z2,Z1,3026,LOCAL3,static,goal6_workbook_endpoint,residual_ftv,BPE,T1,,current,goal6_transformed_standardized_residual,375,0.3084950593544083,0.30407618214145926,,0.06599387264042861,0.3084950593544083,0.06599387264042861,0.0620126152786854,,,12.240413806439117,8.841614896803538,0.11645248660263549,0.9966226058607223,375,0.2503847972389143,0.24999923505489635,,0.04082977408547103,0.2503847972389143,0.04082977408547103,0.04096207750961545,,,12.377002867978305,8.951786357399515,0.06447560470357178,1.0624783742332227,0.05811026211549397,0.05407694708656291,,0.025164098554957576,0.05811026211549397,0.025164098554957576,0.021050537769069955,,,-0.1365890615391887,-0.11017146059597671,0.051976881899063715,-0.0658557683725004
PREPROJECTOR_MINUS_PROJECTED,Z2,Z1,2026,LOCAL0,static,goal6_workbook_endpoint,residual_ftv,BPE,T2,,current,goal6_transformed_standardized_residual,375,0.36352062462149204,0.35305904147161954,,0.11126359760040755,0.36352062462149204,0.11126359760040755,0.11778956985659106,,,10.38627213578716,7.115859715689165,0.17405800397538404,0.8974686648586419,375,0.324939884931485,0.32509482834938136,,0.09781969865389605,0.324939884931485,0.09781969865389605,0.09099838752796385,,,10.542799088764186,7.250129884059314,0.12788957179209606,0.9376777116635664,0.038580739690007027,0.02796421312223818,,0.013443898946511504,0.038580739690007027,0.013443898946511504,0.026791182328627206,,,-0.15652695297702657,-0.13427016837014882,0.04616843218328798,-0.04020904680492454
PREPROJECTOR_MINUS_PROJECTED,Z2,Z1,2026,LOCAL3,static,goal6_workbook_endpoint,residual_ftv,BPE,T2,,current,goal6_transformed_standardized_residual,375,0.35874282406666014,0.3578957394088631,,0.11563599797330364,0.35874282406666014,0.11563599797330364,0.1256816058711685,,,10.339711262247032,7.110667932048421,0.17812617110403597,0.8895681849041387,375,0.31647453260801844,0.31824477937683543,,0.09259831741769385,0.31647453260801844,0.09259831741769385,0.10099814965552945,,,10.48464901009228,7.271214192080399,0.13877881111331666,0.8705634464597665,0.042268291458641694,0.03965096003202767,,0.023037680555609785,0.042268291458641694,0.023037680555609785,0.024683456215639055,,,-0.1449377478452476,-0.16054626003197825,0.03934735999071931,0.019004738444372227
PREPROJECTOR_MINUS_PROJECTED,Z2,Z1,3026,LOCAL0,static,goal6_workbook_endpoint,residual_ftv,BPE,T2,,current,goal6_transformed_standardized_residual,375,0.33449115564218235,0.32465980336997463,,0.11092801046933011,0.33449115564218235,0.11092801046933011,0.09791163046403617,,,10.50263192183586,7.217271814656257,0.12375220649467254,0.9583633774087764,375,0.31305900740096565,0.2822000693282286,,0.07924747424011656,0.31305900740096565,0.07924747424011656,0.06872728853254007,,,10.671170088069521,7.2840529774175415,0.10122980040060198,0.9273040590458174,0.021432148241216697,0.04245973404174602,,0.031680536229213546,0.021432148241216697,0.031680536229213546,0.029184341931496105,,,-0.16853816623366136,-0.06678116276128421,0.022522406094070566,0.031059318362959054
PREPROJECTOR_MINUS_PROJECTED,Z2,Z1,3026,LOCAL3,static,goal6_workbook_endpoint,residual_ftv,BPE,T2,,current,goal6_transformed_standardized_residual,375,0.34190761774695344,0.33302387969576047,,0.11078753131990893,0.34190761774695344,0.11078753131990893,0.10069346423108083,,,10.486425563227636,7.186034977495029,0.14016155733456304,0.9524238728419246,375,0.31910349010120165,0.28836856907110425,,0.08423173452560817,0.31910349010120165,0.08423173452560817,0.09313936797576361,,,10.530375990141584,7.280681212877732,0.12187222659332715,0.8695461319188537,0.022804127645751793,0.04465531062465622,,0.026555796794300757,0.022804127645751793,0.026555796794300757,0.007554096255317222,,,-0.04395042691394835,-0.09464623538270267,0.018289330741235885,0.08287774092307099
PREPROJECTOR_MINUS_PROJECTED,Z2,Z1,2026,LOCAL0,static,goal6_workbook_endpoint,residual_ftv,BPE,T3,,current,goal6_transformed_standardized_residual,375,0.28426598169747974,0.2838078199947913,,0.04844580043904551,0.28426598169747974,0.04844580043904551,0.09566160639957288,,,9.855132259867394,6.7273461767462495,0.12401612868221268,0.8691197697548965,375,0.22916183144073596,0.255565423511458,,0.027095594186438362,0.22916183144073596,0.027095594186438362,0.07015330130115793,,,9.99315558891763,6.844073755938456,0.1023603742378704,0.9265159446863163,0.055104150256743784,0.02824239648333332,,0.02135020625260715,0.055104150256743784,0.02135020625260715,0.025508305098414952,,,-0.13802332905023462,-0.11672757919220622,0.021655754444342284,-0.0573961749314198
PREPROJECTOR_MINUS_PROJECTED,Z2,Z1,2026,LOCAL3,static,goal6_workbook_endpoint,residual_ftv,BPE,T3,,current,goal6_transformed_standardized_residual,375,0.25761693383596496,0.24942934967310124,,-0.0040278362740478425,0.25761693383596496,-0.0040278362740478425,0.05672426837733813,,,10.065058491329314,6.953602577242426,0.13254673072285578,0.8543173725060861,375,0.21705709174046453,0.23324601181445004,,0.017160530733592833,0.21705709174046453,0.017160530733592833,0.06239521001809756,,,10.034757485727738,6.865920147422179,0.10212341704887877,0.8032912334334187,0.040559842095500426,0.016183337858651198,,-0.021188367007640676,0.040559842095500426,-0.021188367007640676,-0.00567094164075943,,,0.03030100560157578,0.08768242982024699,0.030423313673977007,0.0510261390726674
PREPROJECTOR_MINUS_PROJECTED,Z2,Z1,3026,LOCAL0,static,goal6_workbook_endpoint,residual_ftv,BPE,T3,,current,goal6_transformed_standardized_residual,375,0.276194672669488,0.27272651385035185,,0.04084997672227238,0.276194672669488,0.04084997672227238,0.08720273107867615,,,9.90111576777565,6.828554178396371,0.08261492195445694,1.1338574947171556,375,0.2100588746531761,0.21230798689460267,,-0.01655220434971286,0.2100588746531761,-0.01655220434971286,0.047243704175336854,,,10.11551238423197,7.068720379289509,0.12948137689604425,0.8402884468939786,0.06613579801631189,0.060418526955749174,,0.057402181071985234,0.06613579801631189,0.057402181071985234,0.0399590269033393,,,-0.21439661645631958,-0.240166200893138,-0.04686645494158731,0.29356904782317694
PREPROJECTOR_MINUS_PROJECTED,Z2,Z1,3026,LOCAL3,static,goal6_workbook_endpoint,residual_ftv,BPE,T3,,current,goal6_transformed_standardized_residual,375,0.2902492042238951,0.2829112994730761,,0.044506015902328555,0.2902492042238951,0.044506015902328555,0.09233520103919546,,,9.87324056692808,6.8037488727269935,0.08119574624357459,1.1785093474079429,375,0.2164134995502049,0.21727963326538546,,0.0010160140840850384,0.2164134995502049,0.0010160140840850384,0.06313161616040353,,,10.030816001703975,6.988948768038323,0.1056358226358993,0.8899933802580302,0.07383570467369022,0.06563166620769062,,0.043490001818243515,0.07383570467369022,0.043490001818243515,0.029203584878791933,,,-0.15757543477589486,-0.18519989531132985,-0.024440076392324706,0.2885159671499127
PREPROJECTOR_MINUS_PROJECTED,Z2,Z1,2026,LOCAL0,static,goal6_workbook_endpoint,residual_ftv,LD,T0,,current,goal6_transformed_standardized_residual,375,0.09099374550728957,0.12749455508351598,,-0.04478902846706118,0.09099374550728957,-0.04478902846706118,0.3268065510596979,,,1.7652893631756816,1.216827530139468,0.0784050917048867,0.6523820879448611,375,0.07741371144280694,0.09200746096621887,,-0.02459371280443944,0.07741371144280694,-0.02459371280443944,0.33364523898799847,,,1.7563000607282018,1.202662175073209,0.06836692338008302,0.2969891062462885,0.013580034064482632,0.03548709411729711,,-0.020195315662621744,0.013580034064482632,-0.020195315662621744,-0.0068386879283005575,,,0.008989302447479863,0.014165355066259044,0.010038168324803684,0.3553929816985726
PREPROJECTOR_MINUS_PROJECTED,Z2,Z1,2026,LOCAL3,static,goal6_workbook_endpoint,residual_ftv,LD,T0,,current,goal6_transformed_standardized_residual,375,0.12022176829961044,0.1449433250706024,,-0.021543415301408735,0.12022176829961044,-0.021543415301408735,0.33627330982326664,,,1.7528332580279067,1.2061449676908802,0.08006990277433264,0.6807100538762422,375,0.06566831812981183,0.08946334753812833,,-0.017568545441406513,0.06566831812981183,-0.017568545441406513,0.3369237782375728,,,1.751974137722384,1.1892275315981624,0.0528273114704934,0.328856646324402,0.05455345016979861,0.055479977532474065,,-0.003974869860002221,0.05455345016979861,-0.003974869860002221,-0.0006504684143061601,,,0.0008591203055225982,0.016917436092717786,0.027242591303839235,0.3518534075518402
PREPROJECTOR_MINUS_PROJECTED,Z2,Z1,3026,LOCAL0,static,goal6_workbook_endpoint,residual_ftv,LD,T0,,current,goal6_transformed_standardized_residual,375,0.135176619018096,0.13917545596677278,,-0.0025941233448913818,0.135176619018096,-0.0025941233448913818,0.3468723626808363,,,1.7387814349440438,1.1929162606825934,0.052294171409437706,0.6342380734842475,375,0.07148787316062583,0.08413941662667976,,-0.0346223459390019,0.07148787316062583,-0.0346223459390019,0.3286073721152686,,,1.7629266700465525,1.2050053056635734,0.039356087095488976,0.5495719335634109,0.06368874585747017,0.05503603934009302,,0.03202822259411052,0.06368874585747017,0.03202822259411052,0.01826499056556774,,,-0.024145235102508655,-0.012089044980980068,0.01293808431394873,0.0846661399208366
PREPROJECTOR_MINUS_PROJECTED,Z2,Z1,3026,LOCAL3,static,goal6_workbook_endpoint,residual_ftv,LD,T0,,current,goal6_transformed_standardized_residual,375,0.12966139194967174,0.16309890249866044,,-0.0004651454719504642,0.12966139194967174,-0.0004651454719504642,0.3482077127538099,,,1.7370030153846867,1.1990876980014489,0.07596231664921516,0.6356641241919843,375,0.07719051596641842,0.09725563779696292,,-0.021471786945282484,0.07719051596641842,-0.021471786945282484,0.3351615156731721,,,1.7543007102037427,1.1960390248369985,0.03686487846077896,0.5843053465427697,0.052470875983253326,0.06584326470169752,,0.02100664147333202,0.052470875983253326,0.02100664147333202,0.013046197080637811,,,-0.017297694819055964,0.003048673164450344,0.039097438188436195,0.05135877764921459
PREPROJECTOR_MINUS_PROJECTED,Z2,Z1,2026,LOCAL0,static,goal6_workbook_endpoint,residual_ftv,LD,T1,,current,goal6_transformed_standardized_residual,375,-0.031339906356447775,-0.052756955048274656,,-0.0703093893121947,-0.031339906356447775,-0.0703093893121947,0.2754394463113097,,,1.7492615309288728,1.1556625587417968,0.025106020278192715,-0.4290128181287714,375,-0.04874418492825121,-0.07664649249870799,,-0.0745907500045683,-0.04874418492825121,-0.0745907500045683,0.27215433270988576,,,1.7532225690687409,1.1525790714622228,0.02859702762991078,-0.7655534236131062,0.017404278571803433,0.023889537450433332,,0.004281360692373601,0.017404278571803433,0.004281360692373601,0.003285113601423917,,,-0.003961038139868034,0.003083487279573971,-0.0034910073517180652,0.3365406054843348
PREPROJECTOR_MINUS_PROJECTED,Z2,Z1,2026,LOCAL3,static,goal6_workbook_endpoint,residual_ftv,LD,T1,,current,goal6_transformed_standardized_residual,375,0.001016965599178448,-0.04131068622455747,,-0.0643817914041079,0.001016965599178448,-0.0643817914041079,0.2776061364085882,,,1.7466441200724578,1.1524708692691807,0.022747208749159583,-0.3101609079390154,375,-0.005365856100588783,-0.05161470933963649,,-0.06091634399492464,-0.005365856100588783,-0.06091634399492464,0.28179018122335997,,,1.7415785663047099,1.1421405571390757,0.01974010449803781,-0.5060649727585296,0.0063828216997672315,0.010304023115079018,,-0.0034654474091832532,0.0063828216997672315,-0.0034654474091832532,-0.004184044814771748,,,0.005065553767747977,0.010330312130105046,0.0030071042511217727,0.19590406481951417
PREPROJECTOR_MINUS_PROJECTED,Z2,Z1,3026,LOCAL0,static,goal6_workbook_endpoint,residual_ftv,LD,T1,,current,goal6_transformed_standardized_residual,375,-0.01484292659250733,-0.038440196374649745,,-0.06018996199846377,-0.01484292659250733,-0.06018996199846377,0.28170089134282683,,,1.7416868219322041,1.1533061594680591,0.022880074922141537,-0.29574494210319735,375,-0.053257974268230236,-0.09269650704440906,,-0.0715027076477014,-0.053257974268230236,-0.0715027076477014,0.2743339198276926,,,1.750595524228653,1.1580670473006598,0.01977746760123634,-0.7579984213605454,0.0384150476757229,0.05425631066975931,,0.011312745649237635,0.0384150476757229,0.011312745649237635,0.007366971515134213,,,-0.008908702296448912,-0.0047608878326006465,0.0031026073209051985,0.46225347925734805
PREPROJECTOR_MINUS_PROJECTED,Z2,Z1,3026,LOCAL3,static,goal6_workbook_endpoint,residual_ftv,LD,T1,,current,goal6_transformed_standardized_residual,375,-0.01674285810276328,-0.03954782067224914,,-0.0521378733703595,-0.01674285810276328,-0.0521378733703595,0.28484941247191675,,,1.7378654610830768,1.1469875234779925,0.016485405493918776,-0.3316497734543277,375,-0.05273695242726798,-0.08395097925540039,,-0.07188250005813056,-0.05273695242726798,-0.07188250005813056,0.27258373487432686,,,1.7527053243634927,1.1612561761921036,0.0231470494740546,-0.720041092441473,0.035994094324504705,0.04440315858315125,,0.019744626687771057,0.035994094324504705,0.019744626687771057,0.012265677597589897,,,-0.014839863280415866,-0.014268652714111152,-0.006661643980135825,0.38839131898714524
PREPROJECTOR_MINUS_PROJECTED,Z2,Z1,2026,LOCAL0,static,goal6_workbook_endpoint,residual_ftv,LD,T2,,current,goal6_transformed_standardized_residual,375,0.03289596913773703,0.024104612976857533,,-0.03760194654486126,0.03289596913773703,-0.03760194654486126,0.3166381053474099,,,1.765555548592443,1.2607072336673608,0.039876576989339406,0.051459120396528536,375,0.0423981790463925,0.0073431340410799305,,-0.057654400256905644,0.0423981790463925,-0.057654400256905644,0.32030420414881244,,,1.7608132548824023,1.2698871385885355,0.046354914081538655,0.06042478722228277,-0.009502209908655475,0.016761478935777605,,0.020052453712044387,-0.009502209908655475,0.020052453712044387,-0.003666098801402562,,,0.004742293710040757,-0.009179904921174709,-0.006478337092199249,-0.008965666825754233
PREPROJECTOR_MINUS_PROJECTED,Z2,Z1,2026,LOCAL3,static,goal6_workbook_endpoint,residual_ftv,LD,T2,,current,goal6_transformed_standardized_residual,375,0.012885595347007088,-0.00715425757392337,,-0.04867370425532051,0.012885595347007088,-0.04867370425532051,0.3121202676890855,,,1.7713821488702368,1.2657830398525285,0.040543338038843225,-0.15313049982428553,375,0.04574708400892804,0.007157203111974209,,-0.05554132874587798,0.04574708400892804,-0.05554132874587798,0.3175937166376014,,,1.764320642841724,1.27024404293448,0.04440450283159383,0.06740580185875669,-0.03286148866192095,-0.01431146068589758,,0.006867624490557465,-0.03286148866192095,0.006867624490557465,-0.005473448948515869,,,0.007061506028512854,-0.004461003081951409,-0.0038611647927506015,-0.22053630168304222
PREPROJECTOR_MINUS_PROJECTED,Z2,Z1,3026,LOCAL0,static,goal6_workbook_endpoint,residual_ftv,LD,T2,,current,goal6_transformed_standardized_residual,375,0.08070295241386362,0.0380554477575618,,-0.022184492213846975,0.08070295241386362,-0.022184492213846975,0.3396154347652892,,,1.7356192730243658,1.2522710542258482,0.02341312972892374,0.2523401939414915,375,0.03841911778467399,-0.007353085426887823,,-0.07436836804479245,0.03841911778467399,-0.07436836804479245,0.3201821729845812,,,1.7609713141562369,1.2791543827601521,0.04934538791972283,0.04151279413232936,0.04228383462918963,0.04540853318444962,,0.05218387583094548,0.04228383462918963,0.05218387583094548,0.019433261780708033,,,-0.02535204113187106,-0.026883328534303974,-0.02593225819079909,0.21082739980916212
PREPROJECTOR_MINUS_PROJECTED,Z2,Z1,3026,LOCAL3,static,goal6_workbook_endpoint,residual_ftv,LD,T2,,current,goal6_transformed_standardized_residual,375,0.08112850703489413,0.045641589657558664,,-0.020494425158134384,0.08112850703489413,-0.020494425158134384,0.33701296782637746,,,1.7390358053596544,1.250568985029112,0.022697579629464452,0.3330160659454177,375,0.019970665290257813,-0.011769690747231361,,-0.09311221215991744,0.019970665290257813,-0.09311221215991744,0.30612350137658095,,,1.7790866308015287,1.2895678019569932,0.06015358460598184,0.07482141189722731,0.061157841744636315,0.05741128040479002,,0.07261778700178306,0.061157841744636315,0.07261778700178306,0.03088946644979651,,,-0.04005082544187433,-0.03899881692788121,-0.03745600497651738,0.2581946540481904
PREPROJECTOR_MINUS_PROJECTED,Z2,Z1,2026,LOCAL0,static,goal6_workbook_endpoint,residual_ftv,LD,T3,,current,goal6_transformed_standardized_residual,375,0.08851808133385257,0.08397050769905577,,-0.05517379761060645,0.08851808133385257,-0.05517379761060645,0.15599805640493292,,,1.6359075715850386,1.224357456247334,0.08439917032804312,0.6592465791408392,375,0.05343405585393933,0.04695952160606467,,-0.04264126894098932,0.05343405585393933,-0.04264126894098932,0.18313417701893375,,,1.609394089586867,1.2099752407535604,0.06095441152117192,0.27001302804765626,0.03508402547991324,0.037010986092991104,,-0.012532528669617134,0.03508402547991324,-0.012532528669617134,-0.027136120614000836,,,0.026513481998171606,0.014382215493773609,0.023444758806871198,0.3892335510931829
PREPROJECTOR_MINUS_PROJECTED,Z2,Z1,2026,LOCAL3,static,goal6_workbook_endpoint,residual_ftv,LD,T3,,current,goal6_transformed_standardized_residual,375,0.09339684510789142,0.08476424585947814,,-0.02202560324933787,0.09339684510789142,-0.02202560324933787,0.17323261900820686,,,1.6191187645544693,1.2115313170808664,0.03662450574322751,0.8215472095045494,375,0.05364979894789835,0.037912241852226754,,-0.035309244745331474,0.05364979894789835,-0.035309244745331474,0.1740271610613101,,,1.618340572765368,1.209344474049779,0.04503620418911893,0.2943545575388363,0.039747046159993075,0.04685200400725139,,0.013283641495993603,0.039747046159993075,0.013283641495993603,-0.0007945420531032532,,,0.0007781917891014345,0.0021868430310874043,-0.008411698445891423,0.5271926519657131
PREPROJECTOR_MINUS_PROJECTED,Z2,Z1,3026,LOCAL0,static,goal6_workbook_endpoint,residual_ftv,LD,T3,,current,goal6_transformed_standardized_residual,375,0.11299989916117535,0.12171178450932875,,0.010949453822829724,0.11299989916117535,0.010949453822829724,0.2107065186455871,,,1.5819993369737047,1.191672724130899,0.024613049412122157,0.77144015660757,375,0.05008843886125643,0.06931677164308597,,-0.006393001177121819,0.05008843886125643,-0.006393001177121819,0.20007993924949485,,,1.5926132819385592,1.2039763464587339,0.019385914000369295,0.5075766429015538,0.06291146029991893,0.05239501286624278,,0.017342454999951542,0.06291146029991893,0.017342454999951542,0.01062657939609224,,,-0.010613944964854571,-0.012303622327834773,0.005227135411752862,0.26386351370601624
PREPROJECTOR_MINUS_PROJECTED,Z2,Z1,3026,LOCAL3,static,goal6_workbook_endpoint,residual_ftv,LD,T3,,current,goal6_transformed_standardized_residual,375,0.09062723950561137,0.10635571227095549,,-0.007448244236582551,0.09062723950561137,-0.007448244236582551,0.1940230111059107,,,1.5986314787310325,1.1975044002321775,0.037796637784315086,0.6832010397661819,375,0.08675325291029844,0.09852141237796151,,0.0012478913531816479,0.08675325291029844,0.0012478913531816479,0.20353682995515443,,,1.589168280827994,1.1995173135986232,0.020470156673038586,0.7111582166469277,0.0038739865953129338,0.007834299892993973,,-0.008696135589764198,0.0038739865953129338,-0.008696135589764198,-0.009513818849243738,,,0.0094631979030384,-0.002012913366445712,0.0173264811112765,-0.027957176880745838
PREPROJECTOR_MINUS_PROJECTED,Z2,Z1,2026,LOCAL0,static,goal6_workbook_endpoint,residual_ftv,SPH,T0,,current,goal6_transformed_standardized_residual,375,0.2097805529440305,0.20079238123432602,,0.02059984307876846,0.2097805529440305,0.02059984307876846,0.3361502298104053,,,0.07681904896125043,0.0609392673781313,0.06618180185087172,1.1035502109113882,375,0.16666545375362038,0.14417142059926047,,-0.06674161750581341,0.16666545375362038,-0.06674161750581341,0.2822473207644467,,,0.07987694249403375,0.0620197713014219,0.1472642535987595,0.6854610326807152,0.04311509919041012,0.056620960635065554,,0.08734146058458186,0.04311509919041012,0.08734146058458186,0.053902909045958625,,,-0.0030578935327833234,-0.0010805039232906002,-0.08108245174788778,0.41808917823067293
PREPROJECTOR_MINUS_PROJECTED,Z2,Z1,2026,LOCAL3,static,goal6_workbook_endpoint,residual_ftv,SPH,T0,,current,goal6_transformed_standardized_residual,375,0.23639655180061392,0.218569758157254,,0.026613908349624446,0.23639655180061392,0.026613908349624446,0.3370883368132339,,,0.07676475206444351,0.060596132521384655,0.07523345466521918,1.1458324979512362,375,0.14212128278895228,0.12864077428568205,,-0.04489381338553051,0.14212128278895228,-0.04489381338553051,0.2893355552618374,,,0.07948154773057703,0.06223175324277441,0.09494520027781071,0.589879698193751,0.09427526901166164,0.08992898387157194,,0.07150772173515496,0.09427526901166164,0.07150772173515496,0.047752781551396506,,,-0.0027167956661335174,-0.0016356207213897578,-0.019711745612591536,0.5559527997574852
PREPROJECTOR_MINUS_PROJECTED,Z2,Z1,3026,LOCAL0,static,goal6_workbook_endpoint,residual_ftv,SPH,T0,,current,goal6_transformed_standardized_residual,375,0.07157733949991105,0.053966945360077886,,-0.08156310267986927,0.07157733949991105,-0.08156310267986927,0.2705246938234904,,,0.0805265919123351,0.06390017618717286,0.10625714703711317,0.16152896369541286,375,0.16988877666173563,0.16573990133917485,,-0.012453511976496781,0.16988877666173563,-0.012453511976496781,0.3179525177797309,,,0.07786482764140691,0.06184715373869767,0.1352361720187961,0.4708563990419105,-0.09831143716182458,-0.11177295597909696,,-0.06910959070337248,-0.09831143716182458,-0.06910959070337248,-0.047427823956240456,,,0.0026617642709281936,0.002053022448475196,-0.02897902498168292,-0.30932743534649765
PREPROJECTOR_MINUS_PROJECTED,Z2,Z1,3026,LOCAL3,static,goal6_workbook_endpoint,residual_ftv,SPH,T0,,current,goal6_transformed_standardized_residual,375,0.0986519332546727,0.08294970498565649,,-0.07654120657430025,0.0986519332546727,-0.07654120657430025,0.27071775854241165,,,0.08051593502477211,0.06354319897280877,0.12746709376186124,0.23103617766747184,375,0.1374671574937154,0.13428368282690611,,-0.032811942898227205,0.1374671574937154,-0.032811942898227205,0.30493535238597635,,,0.07860435738450906,0.06263419776864416,0.12636166886610303,0.4515991016243814,-0.03881522423904271,-0.05133397784124963,,-0.04372926367607304,-0.03881522423904271,-0.04372926367607304,-0.03421759384356471,,,0.0019115776402630485,0.0009090012041646084,0.0011054248957582113,-0.22056292395690955
PREPROJECTOR_MINUS_PROJECTED,Z2,Z1,2026,LOCAL0,static,goal6_workbook_endpoint,residual_ftv,SPH,T1,,current,goal6_transformed_standardized_residual,375,0.0021691789725203324,-0.014840578506288959,,-0.08721496247397167,0.0021691789725203324,-0.08721496247397167,0.21048158288432806,,,0.08117894105038718,0.06396812366090042,0.07322998471606845,-0.11747252412452945,375,-0.004996712350113634,-0.0007593439034471666,,-0.04793160914368434,-0.004996712350113634,-0.04793160914368434,0.23511760888441413,,,0.07990235517069325,0.06291227778416396,0.0378557599683322,-0.014754335355543172,0.007165891322633966,-0.014081234602841792,,-0.03928335333028733,0.007165891322633966,-0.03928335333028733,-0.024636026000086075,,,0.0012765858796939394,0.001055845876736461,0.03537422474773625,-0.10271818876898628
PREPROJECTOR_MINUS_PROJECTED,Z2,Z1,2026,LOCAL3,static,goal6_workbook_endpoint,residual_ftv,SPH,T1,,current,goal6_transformed_standardized_residual,375,-0.03725502345467983,-0.04829404251536917,,-0.09272714577922833,-0.03725502345467983,-0.09272714577922833,0.2084923796952065,,,0.08128114248050555,0.06420781333215037,0.05785208727013817,-0.2058430522943165,375,-0.04060107451271294,-0.048969392039752216,,-0.08447872818473075,-0.04060107451271294,-0.08447872818473075,0.2152046641692713,,,0.08093576124018045,0.06420193604549289,0.04559292500739825,-0.19465831025374428,0.0033460510580331157,0.0006753495243830426,,-0.008248417594497584,0.0033460510580331157,-0.008248417594497584,-0.0067122844740648,,,0.00034538124032509887,5.877286657476888e-06,0.012259162262739924,-0.01118474204057221
PREPROJECTOR_MINUS_PROJECTED,Z2,Z1,3026,LOCAL0,static,goal6_workbook_endpoint,residual_ftv,SPH,T1,,current,goal6_transformed_standardized_residual,375,-0.04003288286603294,-0.06167242142181747,,-0.1446598454120068,-0.04003288286603294,-0.1446598454120068,0.18635070346619298,,,0.08241018248499196,0.0646695201012655,0.10222910284613906,-0.3447785695612721,375,-0.00642972286116151,-0.035545917461172666,,-0.2103148189607784,-0.00642972286116151,-0.2103148189607784,0.1475924543759769,,,0.08435015634884858,0.06623877320747117,0.1657609281300285,-0.14908338280881667,-0.03360316000487143,-0.026126503960644802,,0.06565497354877159,-0.03360316000487143,0.06565497354877159,0.03875824909021608,,,-0.0019399738638566227,-0.001569253106205662,-0.06353182528388943,-0.19569518675245545
PREPROJECTOR_MINUS_PROJECTED,Z2,Z1,3026,LOCAL3,static,goal6_workbook_endpoint,residual_ftv,SPH,T1,,current,goal6_transformed_standardized_residual,375,-0.02676945627934334,-0.04949553778516861,,-0.1646675596840502,-0.02676945627934334,-0.1646675596840502,0.17713507330224554,,,0.0828755693464317,0.0653676719064665,0.11209148709665351,-0.14937707843337758,375,-0.0037483616910365474,-0.03487851059620965,,-0.09918271464876578,-0.0037483616910365474,-0.09918271464876578,0.20445611192687096,,,0.08148812423371456,0.0638725370076306,0.07903766544080759,-0.24363105267397991,-0.023021094588306795,-0.014617027188958957,,-0.06548484503528441,-0.023021094588306795,-0.06548484503528441,-0.027321038624625427,,,0.0013874451127171422,0.0014951348988359037,0.033053821655845916,0.09425397424060233
PREPROJECTOR_MINUS_PROJECTED,Z2,Z1,2026,LOCAL0,static,goal6_workbook_endpoint,residual_ftv,SPH,T2,,current,goal6_transformed_standardized_residual,375,0.11760277258101773,0.09013180866289713,,-0.1288357535846863,0.11760277258101773,-0.1288357535846863,0.2899553929761256,,,0.1023230538652323,0.07498581827016887,0.06233394682473342,0.6859748113919063,375,0.1433343875828905,0.11165952740267142,,-0.1119279734630115,0.1433343875828905,-0.1119279734630115,0.2994643119670285,,,0.1016355891902591,0.07443376322334118,0.05454672582285276,0.8564382023172199,-0.025731615001872765,-0.021527718739774285,,-0.016907780121674792,-0.025731615001872765,-0.016907780121674792,-0.009508918990902893,,,0.0006874646749732011,0.0005520550468276902,0.007787221001880659,-0.1704633909253136
PREPROJECTOR_MINUS_PROJECTED,Z2,Z1,2026,LOCAL3,static,goal6_workbook_endpoint,residual_ftv,SPH,T2,,current,goal6_transformed_standardized_residual,375,0.11345183471327012,0.09683347852364617,,-0.1313071136261003,0.11345183471327012,-0.1313071136261003,0.28992371357126634,,,0.10232533646639738,0.07515572041114697,0.06071808574203898,0.7854218361201679,375,0.14868901984980898,0.10419453505815776,,-0.07736466491544387,0.14868901984980898,-0.07736466491544387,0.3198848338199177,,,0.10014330183498153,0.07279105578189086,0.019388704163814916,0.8580699580046314,-0.035237185136538854,-0.0073610565345115925,,-0.05394244871065644,-0.035237185136538854,-0.05394244871065644,-0.029961120248651385,,,0.0021820346314158495,0.002364664629256108,0.041329381578224064,-0.07264812188446346
PREPROJECTOR_MINUS_PROJECTED,Z2,Z1,3026,LOCAL0,static,goal6_workbook_endpoint,residual_ftv,SPH,T2,,current,goal6_transformed_standardized_residual,375,0.07170420801559169,0.04946259360062642,,-0.0986918689988782,0.07170420801559169,-0.0986918689988782,0.30575713186516007,,,0.10117806985200693,0.07414681506459736,0.03301718966939587,0.2332896695385016,375,0.09905747778869761,0.06838239995809511,,-0.10107225468869305,0.09905747778869761,-0.10107225468869305,0.3061613250701771,,,0.10114861226277287,0.07383105017675701,0.03401915480966572,0.5027396220544113,-0.027353269773105926,-0.01891980635746869,,0.002380385689814843,-0.027353269773105926,0.002380385689814843,-0.000404193205017056,,,2.9457589234060944e-05,0.00031576488784035295,-0.0010019651402698518,-0.26944995251590964
PREPROJECTOR_MINUS_PROJECTED,Z2,Z1,3026,LOCAL3,static,goal6_workbook_endpoint,residual_ftv,SPH,T2,,current,goal6_transformed_standardized_residual,375,0.10966635833786495,0.0682982330390191,,-0.10762261331117282,0.10966635833786495,-0.10762261331117282,0.29807499215282973,,,0.10173632238604638,0.07479262010447206,0.04340610035716645,0.42331431959372107,375,0.10573391744252895,0.06265550265181888,,-0.09070483663303643,0.10573391744252895,-0.09070483663303643,0.3127743513090522,,,0.1006654308534015,0.07356666088983885,0.02381108892857533,0.4519754607787892,0.003932440895335995,0.005642730387200215,,-0.01691777667813639,0.003932440895335995,-0.01691777667813639,-0.014699359156222447,,,0.001070891532644877,0.0012259592146332127,0.019595011428591123,-0.02866114118506813
PREPROJECTOR_MINUS_PROJECTED,Z2,Z1,2026,LOCAL0,static,goal6_workbook_endpoint,residual_ftv,SPH,T3,,current,goal6_transformed_standardized_residual,375,0.0675198152665878,0.02036114787640957,,-0.08207051922082656,0.0675198152665878,-0.08207051922082656,0.34475861871995916,,,0.11441711642379938,0.08910980320778049,0.08377322006988272,0.08897872330734954,375,0.08144491471121279,0.09491149291872364,,-0.05106758378127336,0.08144491471121279,-0.05106758378127336,0.36179923556144267,,,0.11291951386783906,0.08905383517672233,0.10582828492152932,0.3320819974322832,-0.013925099444624986,-0.07455034504231407,,-0.0310029354395532,-0.013925099444624986,-0.0310029354395532,-0.017040616841483502,,,0.00149760255596032,5.5968031058159506e-05,-0.0220550648516466,-0.24310327412493368
PREPROJECTOR_MINUS_PROJECTED,Z2,Z1,2026,LOCAL3,static,goal6_workbook_endpoint,residual_ftv,SPH,T3,,current,goal6_transformed_standardized_residual,375,0.06618510683643261,0.0515013307065585,,-0.12957997941763624,0.06618510683643261,-0.12957997941763624,0.3153252610238165,,,0.11695868916519139,0.08988380018344232,0.13217448989410763,0.4957259329020786,375,0.061823262419889176,0.0672043175175814,,-0.03697747960732389,0.061823262419889176,-0.03697747960732389,0.3727914001327196,,,0.1119428454635753,0.08827280458619124,0.05671174686632592,0.3269601926967976,0.004361844416543435,-0.015702986811022897,,-0.09260249981031235,0.004361844416543435,-0.09260249981031235,-0.05746613910890308,,,0.005015843701616091,0.001610995597251072,0.0754627430277817,0.168765740205281
PREPROJECTOR_MINUS_PROJECTED,Z2,Z1,3026,LOCAL0,static,goal6_workbook_endpoint,residual_ftv,SPH,T3,,current,goal6_transformed_standardized_residual,375,0.024705447048081742,0.02874055740533036,,-0.05127996044779739,0.024705447048081742,-0.05127996044779739,0.36719343297462037,,,0.1124412923337162,0.09016286487202943,0.07050048075885246,0.09356771505490087,375,0.0036269107986340644,-0.012629648302983815,,-0.04405242676160501,0.0036269107986340644,-0.04405242676160501,0.371150102571421,,,0.11208921740253669,0.08859083468916197,0.032807136425616834,-0.20151930805725585,0.021078536249447676,0.04137020570831418,,-0.007227533686192382,0.021078536249447676,-0.007227533686192382,-0.003956669596800633,,,0.00035207493117951627,0.0015720301828674593,0.03769334433323562,0.29508702311215673
PREPROJECTOR_MINUS_PROJECTED,Z2,Z1,3026,LOCAL3,static,goal6_workbook_endpoint,residual_ftv,SPH,T3,,current,goal6_transformed_standardized_residual,375,0.01301246548139405,0.018637182252879157,,-0.04417338284601759,0.01301246548139405,-0.04417338284601759,0.3717941594286591,,,0.1120318028086457,0.08931116095750413,0.04320812722813583,0.1169646698535107,375,-0.009174392568878679,-0.004899862966425083,,-0.04183965527694949,-0.009174392568878679,-0.04183965527694949,0.37191905161684136,,,0.11202066585990325,0.08858738281762552,0.031974682742191424,-0.07979975585783226,0.022186858050272727,0.02353704521930424,,-0.002333727569068106,0.022186858050272727,-0.002333727569068106,-0.00012489218818223513,,,1.1136948742454522e-05,0.0007237781398786169,0.011233444485944405,0.19676442571134295
PREPROJECTOR_MINUS_PROJECTED,Z2,Z1,2026,LOCAL0,static,goal6_workbook_endpoint,residual_ftv_ld,BPE,T0,,current,goal6_transformed_standardized_residual,375,0.16185792633958537,0.1833301101970759,,-0.021953751930152702,0.16185792633958537,-0.021953751930152702,0.055429356474994695,,,16.761919882557724,11.888216603141966,0.12227365540143992,0.5866001381914374,375,0.18827213359102152,0.17579704711442956,,-0.050867573920571584,0.18827213359102152,-0.050867573920571584,0.020892100796573998,,,17.065609970119343,11.868086062836197,0.16272758103181245,0.5855591029921227,-0.026414207251436145,0.007533063082646341,,0.02891382199041888,-0.026414207251436145,0.02891382199041888,0.0345372556784207,,,-0.30369008756161975,0.020130540305769884,-0.040453925630372534,0.0010410351993147549
PREPROJECTOR_MINUS_PROJECTED,Z2,Z1,2026,LOCAL3,static,goal6_workbook_endpoint,residual_ftv_ld,BPE,T0,,current,goal6_transformed_standardized_residual,375,0.1802849682020407,0.20122037519549113,,-0.025498880474507254,0.1802849682020407,-0.025498880474507254,0.056621887218328504,,,16.751335487406422,12.051464022817314,0.18085406714917698,0.4801470888525007,375,0.18466186981035618,0.1653680048566206,,-0.0746956810069716,0.18466186981035618,-0.0746956810069716,0.0008179893854645126,,,17.239665767357533,12.007902288867296,0.19583475619576646,0.4795169682141727,-0.00437690160831547,0.03585237033887054,,0.04919680053246435,-0.00437690160831547,0.04919680053246435,0.05580389783286399,,,-0.48833027995111067,0.04356173395001761,-0.014980689046589474,0.0006301206383279578
PREPROJECTOR_MINUS_PROJECTED,Z2,Z1,3026,LOCAL0,static,goal6_workbook_endpoint,residual_ftv_ld,BPE,T0,,current,goal6_transformed_standardized_residual,375,0.26148399204464395,0.2679119096485847,,0.05151148944739035,0.26148399204464395,0.05151148944739035,0.09174545479979601,,,16.436537256764257,11.53450911614457,0.09252163703119486,0.8859267667818728,375,0.20672835695968236,0.19834707452881195,,-0.019863042298208216,0.20672835695968236,-0.019863042298208216,0.048137778000132525,,,16.82649201976276,11.916643091738466,0.1254041186014711,0.6639019035662005,0.05475563508496159,0.06956483511977274,,0.07137453174559856,0.05475563508496159,0.07137453174559856,0.043607676799663486,,,-0.38995476299850296,-0.38213397559389684,-0.03288248157027625,0.22202486321567227
PREPROJECTOR_MINUS_PROJECTED,Z2,Z1,3026,LOCAL3,static,goal6_workbook_endpoint,residual_ftv_ld,BPE,T0,,current,goal6_transformed_standardized_residual,375,0.2488226640079655,0.26399026812484444,,0.05026604398249383,0.2488226640079655,0.05026604398249383,0.090377157178816,,,16.448913528878247,11.578619715685843,0.09736139197830403,0.8477240044188512,375,0.2057621146912778,0.20306394895210786,,0.0036170324085587164,0.2057621146912778,0.0036170324085587164,0.06243431146898937,,,16.699650852215015,11.837114449042218,0.09642466090460565,0.6883542864388581,0.04306054931668768,0.06092631917273658,,0.04664901157393512,0.04306054931668768,0.04664901157393512,0.027942845709826636,,,-0.250737323336768,-0.2584947333563754,0.0009367310736983769,0.1593697179799931
PREPROJECTOR_MINUS_PROJECTED,Z2,Z1,2026,LOCAL0,static,goal6_workbook_endpoint,residual_ftv_ld,BPE,T1,,current,goal6_transformed_standardized_residual,375,0.2851337801299645,0.26252610214801403,,0.03915317214202297,0.2851337801299645,0.03915317214202297,0.07049618686540082,,,12.184934225634684,8.959605461283095,0.10481048428611363,0.9264510800998856,375,0.29293009483024784,0.2613558322917858,,0.052707597418674285,0.29293009483024784,0.052707597418674285,0.06795026976011798,,,12.201610122400337,8.891663039239088,0.07786746119579067,0.9564138683945405,-0.007796314700283358,0.0011702698562282565,,-0.013554425276651315,-0.007796314700283358,-0.013554425276651315,0.0025459171052828466,,,-0.016675896765653064,0.06794242204400724,0.026943023090322954,-0.02996278829465482
PREPROJECTOR_MINUS_PROJECTED,Z2,Z1,2026,LOCAL3,static,goal6_workbook_endpoint,residual_ftv_ld,BPE,T1,,current,goal6_transformed_standardized_residual,375,0.28058649841476196,0.2583004056811558,,0.048459877250679385,0.28058649841476196,0.048459877250679385,0.07767473029469985,,,12.137790999269543,8.90474005563547,0.08114451691456727,0.9617120549770479,375,0.24799449771874135,0.2335775219422086,,0.01664324460156561,0.24799449771874135,0.01664324460156561,0.058919994309754364,,,12.260576022707653,8.960375407442262,0.15000285170237124,0.6958154894327591,0.03259200069602061,0.02472288373894721,,0.031816632649113774,0.03259200069602061,0.031816632649113774,0.01875473598494548,,,-0.12278502343811049,-0.055635351806792244,-0.06885833478780397,0.26589656554428887
PREPROJECTOR_MINUS_PROJECTED,Z2,Z1,3026,LOCAL0,static,goal6_workbook_endpoint,residual_ftv_ld,BPE,T1,,current,goal6_transformed_standardized_residual,375,0.29405652640295865,0.28861330966487714,,0.03245215907822823,0.29405652640295865,0.03245215907822823,0.07530830640346287,,,12.153352081290773,8.870999200255842,0.1477191899616929,0.9422233448326817,375,0.2623327359971513,0.25701955871459625,,0.04351660655900634,0.2623327359971513,0.04351660655900634,0.06750673293659559,,,12.204512982373313,8.88829634281238,0.063784927267054,1.080480310601681,0.03172379040580736,0.031593750950280886,,-0.01106444748077811,0.03172379040580736,-0.01106444748077811,0.007801573466867273,,,-0.05116090108253957,-0.017297142556538248,0.0839342626946389,-0.13825696576899926
PREPROJECTOR_MINUS_PROJECTED,Z2,Z1,3026,LOCAL3,static,goal6_workbook_endpoint,residual_ftv_ld,BPE,T1,,current,goal6_transformed_standardized_residual,375,0.31225974274074897,0.3090103092650714,,0.0676978153125919,0.31225974274074897,0.0676978153125919,0.09329842632436036,,,12.034548072894635,8.753889943955642,0.1175852646337937,1.009466896868065,375,0.2609921742011475,0.26190703841108365,,0.046967969293380964,0.2609921742011475,0.046967969293380964,0.07598142495090732,,,12.148927830456726,8.855714722006525,0.06506182232278473,1.0942654981813378,0.05126756853960146,0.047103270853987744,,0.02072984601921094,0.05126756853960146,0.02072984601921094,0.017317001373453045,,,-0.11437975756209084,-0.10182477805088297,0.05252344231100897,-0.08479860131327288
PREPROJECTOR_MINUS_PROJECTED,Z2,Z1,2026,LOCAL0,static,goal6_workbook_endpoint,residual_ftv_ld,BPE,T2,,current,goal6_transformed_standardized_residual,375,0.3747572319360953,0.3606761162354581,,0.11807428409938982,0.3747572319360953,0.11807428409938982,0.13443256108079116,,,10.287836626039125,7.018608380111051,0.17698297068522645,0.9034444304107973,375,0.33799657591632043,0.33004546445342653,,0.09480564574717228,0.33799657591632043,0.09480564574717228,0.09766625963279008,,,10.504060198928826,7.119937832067584,0.156808374540533,0.8929603121828065,0.03676065601977485,0.03063065178203156,,0.02326863835221754,0.03676065601977485,0.02326863835221754,0.03676630144800108,,,-0.2162235728897013,-0.10132945195653331,0.02017459614469344,0.01048411822799078
PREPROJECTOR_MINUS_PROJECTED,Z2,Z1,2026,LOCAL3,static,goal6_workbook_endpoint,residual_ftv_ld,BPE,T2,,current,goal6_transformed_standardized_residual,375,0.37370820019855,0.3664030642335599,,0.12309109956209655,0.37370820019855,0.12309109956209655,0.14306333923796233,,,10.236416896221177,7.013068448468124,0.1817839758575677,0.8967757329640378,375,0.330305390381791,0.3289301267881231,,0.10099382722118515,0.330305390381791,0.10099382722118515,0.1195277748931517,,,10.376035138293487,7.167313062169003,0.14291853653220016,0.8819429498326186,0.04340280981675898,0.03747293744543678,,0.022097272340911397,0.04340280981675898,0.022097272340911397,0.023535564344810633,,,-0.13961824207230933,-0.15424461370087972,0.03886543932536754,0.014832783131419225
PREPROJECTOR_MINUS_PROJECTED,Z2,Z1,3026,LOCAL0,static,goal6_workbook_endpoint,residual_ftv_ld,BPE,T2,,current,goal6_transformed_standardized_residual,375,0.34000144373438473,0.32508465006177867,,0.10549268395655687,0.34000144373438473,0.10549268395655687,0.10860271955079437,,,10.440210518201152,7.15407507376104,0.1389527981027814,0.9222432834390274,375,0.32454150726281417,0.2933838405004462,,0.08649749070210146,0.32454150726281417,0.08649749070210146,0.0883653657976391,,,10.558057227879681,7.203737937636009,0.10290245521701975,0.9471348071063836,0.015459936471570568,0.03170080956133248,,0.01899519325445541,0.015459936471570568,0.01899519325445541,0.020237353753155274,,,-0.1178467096785294,-0.04966286387496943,0.03605034288576166,-0.024891523667356252
PREPROJECTOR_MINUS_PROJECTED,Z2,Z1,3026,LOCAL3,static,goal6_workbook_endpoint,residual_ftv_ld,BPE,T2,,current,goal6_transformed_standardized_residual,375,0.3506349653652448,0.3413725066598451,,0.11596752231704689,0.3506349653652448,0.11596752231704689,0.1175548658474247,,,10.387653630222566,7.115310564878778,0.14245939546678002,0.9658819387482677,375,0.3307847020001742,0.2990014780972813,,0.09255400767037433,0.3307847020001742,0.09255400767037433,0.11461587780998639,,,10.404937318132351,7.191039060619978,0.12357339081607593,0.8824329619273975,0.01985026336507062,0.042371028562563806,,0.02341351464667256,0.01985026336507062,0.02341351464667256,0.002938988037438306,,,-0.017283687909785073,-0.07572849574119989,0.018886004650704086,0.08344897682087016
PREPROJECTOR_MINUS_PROJECTED,Z2,Z1,2026,LOCAL0,static,goal6_workbook_endpoint,residual_ftv_ld,BPE,T3,,current,goal6_transformed_standardized_residual,375,0.2814983781009321,0.2808801196203781,,0.04427540745275146,0.2814983781009321,0.04427540745275146,0.12064393993114864,,,9.718055005836575,6.6355623572627085,0.09955036016603057,1.013276282178949,375,0.23727395268570708,0.25797402594939284,,0.026806901358360002,0.23727395268570708,0.026806901358360002,0.09873052096320822,,,9.83839612334815,6.741168066887417,0.09672743752314612,0.9894196613972135,0.044224425415225005,0.022906093670985284,,0.017468506094391455,0.044224425415225005,0.017468506094391455,0.021913418967940412,,,-0.12034111751157539,-0.10560570962470894,0.0028229226428844456,0.02385662078173545
PREPROJECTOR_MINUS_PROJECTED,Z2,Z1,2026,LOCAL3,static,goal6_workbook_endpoint,residual_ftv_ld,BPE,T3,,current,goal6_transformed_standardized_residual,375,0.25835240897938905,0.24830195128801802,,-0.00855598233334887,0.25835240897938905,-0.00855598233334887,0.08237228634160842,,,9.92727912694995,6.850146058101828,0.12851031099875507,0.9007273342321308,375,0.2204023152017234,0.2362349279741258,,0.017945851211136534,0.2204023152017234,0.017945851211136534,0.09207739128798986,,,9.874642646734953,6.74857097583105,0.09661341967234892,0.8567184189747069,0.037950093777665644,0.012067023313892228,,-0.026501833544485404,0.037950093777665644,-0.026501833544485404,-0.009705104946381438,,,0.05263648021499634,0.10157508227077816,0.03189689132640615,0.0440089152574239
PREPROJECTOR_MINUS_PROJECTED,Z2,Z1,3026,LOCAL0,static,goal6_workbook_endpoint,residual_ftv_ld,BPE,T3,,current,goal6_transformed_standardized_residual,375,0.2994102359174898,0.28294640090523643,,0.04545358139222544,0.2994102359174898,0.04545358139222544,0.12277023048570113,,,9.706298724333454,6.69875872332321,0.08364231763016007,1.1711319513166047,375,0.22142099199058293,0.22264172882548014,,0.0028102275736598824,0.22142099199058293,0.0028102275736598824,0.09890316071233496,,,9.837453797205182,6.881140320901075,0.1129328104220617,0.8757433694028964,0.07798924392690684,0.06030467207975629,,0.04264335381856556,0.07798924392690684,0.04264335381856556,0.023867069773366167,,,-0.1311550728717279,-0.18238159757786487,-0.02929049279190163,0.2953885819137083
PREPROJECTOR_MINUS_PROJECTED,Z2,Z1,3026,LOCAL3,static,goal6_workbook_endpoint,residual_ftv_ld,BPE,T3,,current,goal6_transformed_standardized_residual,375,0.2998003461638476,0.2871964405694832,,0.051616877152469876,0.2998003461638476,0.051616877152469876,0.1266975120114664,,,9.684547223737479,6.670174117196521,0.07117439146368339,1.2201127888180374,375,0.23533174304611854,0.2262958647895159,,0.0047035319903328725,0.23533174304611854,0.0047035319903328725,0.0992980929771281,,,9.835297783819716,6.850139409819242,0.10825430045103983,0.9049032962558982,0.06446860311772906,0.06090057577996727,,0.046913345162137,0.06446860311772906,0.046913345162137,0.02739941903433829,,,-0.15075056008223697,-0.17996529262272087,-0.03707990898735644,0.31520949256213926
PREPROJECTOR_MINUS_PROJECTED,Z2,Z1,2026,LOCAL0,static,goal6_workbook_endpoint,residual_ftv_ld,SPH,T0,,current,goal6_transformed_standardized_residual,375,0.2392635824133058,0.2202713980687375,,0.014698242349466954,0.2392635824133058,0.014698242349466954,0.32872639622145483,,,0.07724738856530652,0.06108821186298354,0.07384606622783389,1.3924937076142403,375,0.16670206574569257,0.1426878426423333,,-0.14727569254226125,0.16670206574569257,-0.14727569254226125,0.2401320335795315,,,0.08218699275601454,0.06338354469622971,0.22844412544183137,0.9542854239563581,0.07256151666761324,0.07758355542640419,,0.1619739348917282,0.07256151666761324,0.1619739348917282,0.08859436264192333,,,-0.004939604190708019,-0.0022953328332461706,-0.1545980592139975,0.4382082836578822
PREPROJECTOR_MINUS_PROJECTED,Z2,Z1,2026,LOCAL3,static,goal6_workbook_endpoint,residual_ftv_ld,SPH,T0,,current,goal6_transformed_standardized_residual,375,0.2468028205640882,0.22998767264133774,,0.023368224321566492,0.2468028205640882,0.023368224321566492,0.33209451880806284,,,0.07705335005672623,0.0608686164706902,0.07439342839234729,1.4481045654090134,375,0.1397590289937467,0.12596787932914202,,-0.11772083856536458,0.1397590289937467,-0.11772083856536458,0.25113285746107417,,,0.08158990162074659,0.06360649511526262,0.19840522701137187,0.46638589824054727,0.1070437915703415,0.10401979331219571,,0.14108906288693107,0.1070437915703415,0.14108906288693107,0.08096166134698868,,,-0.004536551564020358,-0.0027378786445724154,-0.12401179861902457,0.9817186671684661
PREPROJECTOR_MINUS_PROJECTED,Z2,Z1,3026,LOCAL0,static,goal6_workbook_endpoint,residual_ftv_ld,SPH,T0,,current,goal6_transformed_standardized_residual,375,0.06430321479283821,0.04999297882108264,,-0.08347275825162204,0.06430321479283821,-0.08347275825162204,0.26768134156094103,,,0.08068337774420581,0.06426306709745959,0.10204808547922711,0.17171351950867908,375,0.1728293037627143,0.1627129540455406,,-0.036236659284100234,0.1728293037627143,-0.036236659284100234,0.30178946302976684,,,0.0787820397361521,0.06278947342326392,0.14984982820549334,0.4822469512752191,-0.10852608896987609,-0.11271997522445795,,-0.0472360989675218,-0.10852608896987609,-0.0472360989675218,-0.0341081214688258,,,0.0019013380080537129,0.0014735936741956668,-0.04780174272626622,-0.31053343176654
PREPROJECTOR_MINUS_PROJECTED,Z2,Z1,3026,LOCAL3,static,goal6_workbook_endpoint,residual_ftv_ld,SPH,T0,,current,goal6_transformed_standardized_residual,375,0.08760746568922925,0.06919536440436277,,-0.08162296743027637,0.08760746568922925,-0.08162296743027637,0.26545369996733525,,,0.08080600002793688,0.06400144612617516,0.12318546884316277,0.1833568834406588,375,0.12710332453915696,0.1187536004930456,,-0.04234233855708256,0.12710332453915696,-0.04234233855708256,0.2971187131889802,,,0.07904511071173416,0.06290829955689821,0.1252991551946459,0.41041033431785073,-0.039495858849927706,-0.04955823608868283,,-0.039280628873193814,-0.039495858849927706,-0.039280628873193814,-0.031665013221644944,,,0.0017608893162027184,0.0010931465692769482,-0.0021136863514831378,-0.22705345087719192
PREPROJECTOR_MINUS_PROJECTED,Z2,Z1,2026,LOCAL0,static,goal6_workbook_endpoint,residual_ftv_ld,SPH,T1,,current,goal6_transformed_standardized_residual,375,0.02314560272915933,0.01198792397103972,,-0.07211326409039909,0.02314560272915933,-0.07211326409039909,0.21946112134469975,,,0.08071597910814193,0.063587979377729,0.059494377292542124,0.17489963645380802,375,0.007946259490053339,0.02365696230414405,,-0.03681500921686988,0.007946259490053339,-0.03681500921686988,0.24020011368992478,,,0.0796364443708049,0.06230447042407197,0.03675629831332938,0.11447601281923249,0.015199343239105993,-0.01166903833310433,,-0.03529825487352921,0.015199343239105993,-0.03529825487352921,-0.020738992345225027,,,0.0010795347373370318,0.001283508953657031,0.02273807897921274,0.06042362363457553
PREPROJECTOR_MINUS_PROJECTED,Z2,Z1,2026,LOCAL3,static,goal6_workbook_endpoint,residual_ftv_ld,SPH,T1,,current,goal6_transformed_standardized_residual,375,-0.017105329662346874,-0.028774184963694792,,-0.08663284088876602,-0.017105329662346874,-0.08663284088876602,0.2090841560200376,,,0.0812507515856307,0.06398389157602348,0.058847636620258686,-0.06264548657009211,375,-0.022174515815051525,-0.012438843712059755,,-0.04562727433090176,-0.022174515815051525,-0.04562727433090176,0.23381402695925824,,,0.07997041460410964,0.06283582308855626,0.029680900774621054,-0.07417088724660957,0.005069186152704651,-0.016335341251635035,,-0.04100556655786426,0.005069186152704651,-0.04100556655786426,-0.024729870939220633,,,0.0012803369815210658,0.0011480684874672215,0.029166735845637632,0.011525400676517458
PREPROJECTOR_MINUS_PROJECTED,Z2,Z1,3026,LOCAL0,static,goal6_workbook_endpoint,residual_ftv_ld,SPH,T1,,current,goal6_transformed_standardized_residual,375,-0.022137030444169765,-0.0459337389947059,,-0.15088648279462447,-0.022137030444169765,-0.15088648279462447,0.17771093821742956,,,0.08284656489871048,0.06517439976424085,0.10897739647246077,-0.18031608058083232,375,0.021179564745473254,-0.008798118554724763,,-0.19575267404107216,0.021179564745473254,-0.19575267404107216,0.15556467078201885,,,0.08395478361634624,0.06570497427772896,0.16629407851826905,-0.004193362053734936,-0.04331659518964302,-0.03713562043998114,,0.044866191246447695,-0.04331659518964302,0.044866191246447695,0.022146267435410705,,,-0.0011082187176357644,-0.000530574513488119,-0.05731668204580828,-0.17612271852709738
PREPROJECTOR_MINUS_PROJECTED,Z2,Z1,3026,LOCAL3,static,goal6_workbook_endpoint,residual_ftv_ld,SPH,T1,,current,goal6_transformed_standardized_residual,375,-0.010156663107263004,-0.03656507383795075,,-0.15599443362168672,-0.010156663107263004,-0.15599443362168672,0.1796834545232755,,,0.08274713859801963,0.06512630769205124,0.10939169724825391,-0.06307922799478753,375,0.01688225003540888,-0.019456610664106103,,-0.08736442530902305,0.01688225003540888,-0.08736442530902305,0.20901394912698612,,,0.08125435768120129,0.06336049674159705,0.0775612018842634,-0.1834677862983311,-0.027038913142671882,-0.017108463173844644,,-0.06863000831266367,-0.027038913142671882,-0.06863000831266367,-0.029330494603710622,,,0.0014927809168183426,0.0017658109504541941,0.03183049536399052,0.12038855830354357
PREPROJECTOR_MINUS_PROJECTED,Z2,Z1,2026,LOCAL0,static,goal6_workbook_endpoint,residual_ftv_ld,SPH,T2,,current,goal6_transformed_standardized_residual,375,0.11120010969023725,0.08211139038658608,,-0.1280547846436354,0.11120010969023725,-0.1280547846436354,0.28275153613222337,,,0.10284081036188314,0.07518399532663678,0.061959159011650146,0.6479983892097849,375,0.12769115433544387,0.10234200811979512,,-0.11158826671596628,0.12769115433544387,-0.11158826671596628,0.2924357905964776,,,0.10214417503410164,0.07444837085647536,0.05473301215344586,0.8036082638443989,-0.01649104464520662,-0.02023061773320904,,-0.016466517927669122,-0.01649104464520662,-0.016466517927669122,-0.00968425446425425,,,0.0006966353277814974,0.000735624470161414,0.007226146858204288,-0.15560987463461395
PREPROJECTOR_MINUS_PROJECTED,Z2,Z1,2026,LOCAL3,static,goal6_workbook_endpoint,residual_ftv_ld,SPH,T2,,current,goal6_transformed_standardized_residual,375,0.10967215801000778,0.08907774790232682,,-0.13005639226683555,0.10967215801000778,-0.13005639226683555,0.28296832643767855,,,0.1028252672295222,0.07535456668732117,0.06025620863422822,0.7460461479533115,375,0.1420730467809743,0.09935460186335966,,-0.0744367557254459,0.1420730467809743,-0.0744367557254459,0.3140077587685878,,,0.10057505496758821,0.0728238792324441,0.01871805381199398,0.8233370860250758,-0.032400888770966516,-0.010276853961032839,,-0.05561963654138964,-0.032400888770966516,-0.05561963654138964,-0.031039432330909222,,,0.00225021226193399,0.0025306874548770703,0.04153815482223423,-0.07729093807176435
PREPROJECTOR_MINUS_PROJECTED,Z2,Z1,3026,LOCAL0,static,goal6_workbook_endpoint,residual_ftv_ld,SPH,T2,,current,goal6_transformed_standardized_residual,375,0.08223693555594509,0.06381349022091838,,-0.08955334478806778,0.08223693555594509,-0.08955334478806778,0.3045379984797225,,,0.10126686835727156,0.07395192426190123,0.026954670002343476,0.4528549672856913,375,0.08839466612013094,0.06504810025128195,,-0.09709936744412107,0.08839466612013094,-0.09709936744412107,0.30067951906879387,,,0.10154739818135297,0.0739118680664295,0.03303119454710425,0.47345703272970385,-0.006157730564185851,-0.0012346100303635699,,0.007546022656053281,-0.006157730564185851,0.007546022656053281,0.00385847941092865,,,-0.0002805298240814158,4.005619547171879e-05,-0.0060765245447607745,-0.02060206544401255
PREPROJECTOR_MINUS_PROJECTED,Z2,Z1,3026,LOCAL3,static,goal6_workbook_endpoint,residual_ftv_ld,SPH,T2,,current,goal6_transformed_standardized_residual,375,0.11826207897751179,0.080568663169967,,-0.09883126183181326,0.11826207897751179,-0.09883126183181326,0.29681289400262734,,,0.10182774494304823,0.07461476394833809,0.036605085979675454,0.6133755653978186,375,0.09733584528123526,0.06000159496401572,,-0.0874136270731952,0.09733584528123526,-0.0874136270731952,0.30683660799408774,,,0.10109937851398623,0.07363674980228874,0.023445796409803155,0.4314997102027636,0.020926233696276525,0.020567068205951278,,-0.011417634758618067,0.020926233696276525,-0.011417634758618067,-0.010023713991460403,,,0.0007283664290620023,0.0009780141460493524,0.0131592895698723,0.18187585519505495
PREPROJECTOR_MINUS_PROJECTED,Z2,Z1,2026,LOCAL0,static,goal6_workbook_endpoint,residual_ftv_ld,SPH,T3,,current,goal6_transformed_standardized_residual,375,0.046605200794786146,0.01756836651120394,,-0.08400995802868971,0.046605200794786146,-0.08400995802868971,0.3356433074735048,,,0.1152102176078524,0.08968980993714983,0.08394585810944297,0.08475899676418372,375,0.06938065673015689,0.09104935856006593,,-0.05293000291351153,0.06938065673015689,-0.05293000291351153,0.3540527288500497,,,0.11360275762632645,0.08921244110376472,0.10610199533424634,0.31458482661448234,-0.022775455935370746,-0.07348099204886199,,-0.031079955115178186,-0.022775455935370746,-0.031079955115178186,-0.018409421376544888,,,0.0016074599815259494,0.00047736883338510283,-0.022156137224803377,-0.22982582985029862
PREPROJECTOR_MINUS_PROJECTED,Z2,Z1,2026,LOCAL3,static,goal6_workbook_endpoint,residual_ftv_ld,SPH,T3,,current,goal6_transformed_standardized_residual,375,0.048384539146842674,0.043072766858097696,,-0.07257356082984039,0.048384539146842674,-0.07257356082984039,0.34425672862172296,,,0.11446092762631364,0.0893344062210147,0.06943195504300212,0.47589495933092835,375,0.04864800114895601,0.06533919025421318,,-0.03791196220960598,0.04864800114895601,-0.03791196220960598,0.3657479908332446,,,0.11256963698621954,0.08850830006609473,0.05695750936686742,0.32170427966032744,-0.0002634620021133363,-0.022266423396115488,,-0.03466159862023441,-0.0002634620021133363,-0.03466159862023441,-0.021491262211521645,,,0.0018912906400941065,0.0008261061549199727,0.012474445676134698,0.1541906796706009
PREPROJECTOR_MINUS_PROJECTED,Z2,Z1,3026,LOCAL0,static,goal6_workbook_endpoint,residual_ftv_ld,SPH,T3,,current,goal6_transformed_standardized_residual,375,0.02579805304445752,0.031112799525359683,,-0.04756079630047418,0.02579805304445752,-0.04756079630047418,0.3630822548967366,,,0.11280595179182613,0.0903617219377448,0.06596112854820033,0.11535945785974816,375,-0.0022383914503857957,-0.015181600494746665,,-0.044678737384925,-0.0022383914503857957,-0.044678737384925,0.3646017746845105,,,0.11267130863358267,0.08896543540451805,0.03222918206997077,-0.2074357164246667,0.028036444494843313,0.04629440002010635,,-0.002882058915549185,0.028036444494843313,-0.002882058915549185,-0.0015195197877738709,,,0.00013464315824346373,0.001396286533226751,0.03373194647822956,0.32279517428441484
PREPROJECTOR_MINUS_PROJECTED,Z2,Z1,3026,LOCAL3,static,goal6_workbook_endpoint,residual_ftv_ld,SPH,T3,,current,goal6_transformed_standardized_residual,375,0.013786833940926939,0.025098114564708795,,-0.0367628173641152,0.013786833940926939,-0.0367628173641152,0.37044559247216524,,,0.11215198745396102,0.08914250887698537,0.03333573627121345,0.21324485328120363,375,-0.01131660483089995,-0.006117912294031773,,-0.04217448649642277,-0.01131660483089995,-0.04217448649642277,0.3654479535317595,,,0.1125962597609068,0.08906593134046503,0.03176726164382625,-0.0824121804716655,0.02510343877182689,0.03121602685874057,,0.005411669132307569,0.02510343877182689,0.005411669132307569,0.004997638940405724,,,-0.0004442723069457838,7.657753652033639e-05,0.001568474627387205,0.2956570337528691
SPATIAL_MEAN_MINUS_PREPROJECTOR,Z3,Z2,2026,LOCAL0,dynamic,adjacent_percent_change_new_extension,raw,BPE,,T0->T1,difference,natural_target,375,0.1580705427238594,0.11334030957488381,-0.008978877876981928,-0.03116316523366359,,,,36.227453087242495,24.900924475132125,,,0.0679769317024427,0.4347139887149355,375,0.1178534531801115,0.06666036900450892,-0.004402242765673803,-0.017117581257320102,,,,36.14519751270199,24.8025943539721,,,0.024559796953903944,0.4253587072617465,0.04021708954374789,0.04667994057037489,-0.004576635111308125,-0.014045583976343489,,,,0.08225557454050403,0.09833012116002493,,,0.04341713474853876,0.00935528145318898
SPATIAL_MEAN_MINUS_PREPROJECTOR,Z3,Z2,2026,LOCAL3,dynamic,adjacent_percent_change_new_extension,raw,BPE,,T0->T1,difference,natural_target,375,0.18667766526339746,0.15550005405330178,0.023670992682367276,0.014253976984678162,,,,35.63648506476106,24.460995496633657,,,0.027280027990634094,0.9414735829262125,375,0.10500557515075663,0.06677391670352076,-0.004869705869941621,-0.018224502885150002,,,,36.15360777902677,24.818830554477707,,,0.025738158847242124,0.41621536885770805,0.08167209011264083,0.08872613734978102,0.028540698552308896,0.032478479869828165,,,,-0.5171227142657102,-0.35783505784404923,,,0.0015418691433919697,0.5252582140685045
SPATIAL_MEAN_MINUS_PREPROJECTOR,Z3,Z2,3026,LOCAL0,dynamic,adjacent_percent_change_new_extension,raw,BPE,,T0->T1,difference,natural_target,375,0.10810126294231426,0.10117799163744369,-0.009518909386550867,-0.03478403983904508,,,,36.23714672381061,25.022669703282194,,,0.05790704561989341,0.420455802621791,375,0.0857141881897827,0.06886531851946218,-0.00721420032005704,-0.028134333023437062,,,,36.19575879108091,25.060974336076757,,,0.03119564363987278,0.38990031428482547,0.022387074752531558,0.032312673117981514,-0.0023047090664938263,-0.006649706815608017,,,,0.04138793272969821,-0.03830463279456353,,,0.026711401980020633,0.03055548833696553
SPATIAL_MEAN_MINUS_PREPROJECTOR,Z3,Z2,3026,LOCAL3,dynamic,adjacent_percent_change_new_extension,raw,BPE,,T0->T1,difference,natural_target,375,0.13489065877801798,0.1342617522211663,0.012731674353825273,-0.0059884310621170864,,,,35.835574170530364,24.516608595472857,,,0.03888301493693048,0.6808827705556839,375,0.07365684378200023,0.07487184943069666,-0.01358090872976958,-0.041736474677905346,,,,36.309977205061585,25.311074387349276,,,0.04476018084598088,0.35389354778158627,0.06123381499601775,0.05938990279046963,0.026312583083594854,0.03574804361578826,,,,-0.4744030345312211,-0.7944657918764193,,,-0.005877165909050401,0.32698922277409764
SPATIAL_MEAN_MINUS_PREPROJECTOR,Z3,Z2,2026,LOCAL0,dynamic,adjacent_percent_change_new_extension,raw,BPE,,T0->T1,prefix,natural_target,375,0.13812333598816703,0.11259258700798708,-0.0470361255727485,-0.08935350184955147,,,,36.90435323230912,25.698661473946924,,,0.12606673283402023,0.3171097162623521,375,0.09219092046876778,0.05510503388982044,-0.027304634110326242,-0.0429898129023123,,,,36.55496639215697,25.35589707919642,,,0.05165069731076275,0.24246730160782956,0.04593241551939925,0.05748755311816664,-0.019731491462422257,-0.046363688947239176,,,,0.3493868401521496,0.34276439475050324,,,0.07441603552325748,0.07464241465452257
SPATIAL_MEAN_MINUS_PREPROJECTOR,Z3,Z2,2026,LOCAL3,dynamic,adjacent_percent_change_new_extension,raw,BPE,,T0->T1,prefix,natural_target,375,0.1358841733985664,0.07304737436085128,-0.08085374288404235,-0.13090245447517337,,,,37.49559337358671,26.222038566212568,,,0.1343267002389146,0.1993074060636863,375,0.08965889179656389,0.05123633894250104,-0.028733775775102943,-0.04498268761020438,,,,36.58038439726419,25.36540867930646,,,0.05155938083422544,0.2256442355753656,0.04622528160200251,0.021811035418350236,-0.0521199671089394,-0.085919766864969,,,,0.9152089763225177,0.8566298869061093,,,0.08276731940468916,-0.02633682951167929
SPATIAL_MEAN_MINUS_PREPROJECTOR,Z3,Z2,3026,LOCAL0,dynamic,adjacent_percent_change_new_extension,raw,BPE,,T0->T1,prefix,natural_target,375,0.11131346000682671,0.08506181095224341,-0.04470755684894612,-0.08319399730702395,,,,36.86329344818022,25.742970212343003,,,0.09727117811166423,0.272736043843447,375,0.055143474798043005,0.05338347952688654,-0.024176141840570375,-0.04884699572750628,,,,36.49926279336188,25.349821205794306,,,0.04704014041079099,0.24613454595180642,0.056169985208783704,0.03167833142535687,-0.020531415008375742,-0.03434700157951767,,,,0.3640306548183432,0.3931490065486969,,,0.05023103770087324,0.026601497891640596
SPATIAL_MEAN_MINUS_PREPROJECTOR,Z3,Z2,3026,LOCAL3,dynamic,adjacent_percent_change_new_extension,raw,BPE,,T0->T1,prefix,natural_target,375,0.10923472522471273,0.10643618533095342,-0.025384200495517595,-0.05940720518994425,,,,36.520782653920946,25.14666111856961,,,0.0856256911105291,0.36373681205952707,375,0.04867106610535898,0.05698018175920938,-0.02348257977521473,-0.05300477713861515,,,,36.48690222851959,25.43219876618927,,,0.04820470970072906,0.25952493703807866,0.06056365911935375,0.04945600357174404,-0.0019016207203028657,-0.006402428051329102,,,,0.03388042540135672,-0.28553764761965894,,,0.03742098140980004,0.10421187502144841
SPATIAL_MEAN_MINUS_PREPROJECTOR,Z3,Z2,2026,LOCAL0,dynamic,adjacent_percent_change_new_extension,raw,BPE,,T1->T2,difference,natural_target,375,0.20226328365001706,0.14260640601568186,0.008106896932602359,-0.014148655788819136,,,,36.16938934970156,25.836147591338843,,,0.06331446504330221,0.5667448259801207,375,0.18553100466492206,0.14981748653943372,0.015293705408751967,0.0049389508352785825,,,,36.038117621378035,25.741843982849847,,,0.05283607500099314,0.6517743012697058,0.016732278985094995,-0.007211080523751856,-0.007186808476149609,-0.019087606624097718,,,,0.13127172832352585,0.0943036084889961,,,0.01047839004230907,-0.08502947528958515
SPATIAL_MEAN_MINUS_PREPROJECTOR,Z3,Z2,2026,LOCAL3,dynamic,adjacent_percent_change_new_extension,raw,BPE,,T1->T2,difference,natural_target,375,0.2051252702241438,0.1393090868155563,0.006418552543799749,-0.01435065128824368,,,,36.200159006996756,25.85226480895796,,,0.06330529297345343,0.5536807619399269,375,0.21951689612015016,0.18087688410016825,0.030671825059856328,0.02072391160543318,,,,35.755607357161146,25.63251970529816,,,0.04661209932597853,0.8377872300590972,-0.014391625896006344,-0.04156779728461196,-0.02425327251605658,-0.03507456289367686,,,,0.4445516498356099,0.21974510365979683,,,0.016693193647474895,-0.2841064681191703
SPATIAL_MEAN_MINUS_PREPROJECTOR,Z3,Z2,3026,LOCAL0,dynamic,adjacent_percent_change_new_extension,raw,BPE,,T1->T2,difference,natural_target,375,0.1606910911366481,0.138022238108854,0.0015428877212527725,-0.02335896699825715,,,,36.288870326849995,26.02421724031471,,,0.072021717948299,0.5143009508127705,375,0.1169689384457845,0.11454980137466024,-0.010671233419205173,-0.026586631445668956,,,,36.51015642568817,26.259744533441392,,,0.07059047412190553,0.43114295207306574,0.04372215269086359,0.02347243673419376,0.012214121140457945,0.003227664447411807,,,,-0.22128609883817774,-0.2355272931266832,,,0.0014312438263934663,0.08315799873970475
SPATIAL_MEAN_MINUS_PREPROJECTOR,Z3,Z2,3026,LOCAL3,dynamic,adjacent_percent_change_new_extension,raw,BPE,,T1->T2,difference,natural_target,375,0.17957310274206398,0.17245647111649715,0.02461761272779317,0.008441135522596656,,,,35.86709440910585,25.743680577035335,,,0.05734453623447636,0.7201674241481434,375,0.15021162817157813,0.13355208620636846,-0.0029954476694442622,-0.009570738361806988,,,,36.37124960084145,26.082421792771218,,,0.07484359720299527,0.4881725441020014,0.02936147457048585,0.03890438491012868,0.027613060397237432,0.018011873884403645,,,,-0.5041551917355989,-0.3387412157358831,,,-0.017499060968518908,0.231994880046142
SPATIAL_MEAN_MINUS_PREPROJECTOR,Z3,Z2,2026,LOCAL0,dynamic,adjacent_percent_change_new_extension,raw,BPE,,T1->T2,prefix,natural_target,375,0.21640527932643078,0.17304195095901959,0.021036340526938924,0.005564353864241433,,,,35.93287996139438,25.58936357728958,,,0.07095145890159,0.64963697884735,375,0.20626464899305952,0.15780659126104948,0.006031524568647306,-0.007771197787920418,,,,36.207208811606925,25.949111790428315,,,0.08523086699253758,0.5405385667166063,0.010140630333371259,0.015235359697970102,0.015004815958291617,0.01333555165216185,,,,-0.27432885021254805,-0.3597482131387366,,,-0.014279408090947576,0.10909841213074378
SPATIAL_MEAN_MINUS_PREPROJECTOR,Z3,Z2,2026,LOCAL3,dynamic,adjacent_percent_change_new_extension,raw,BPE,,T1->T2,prefix,natural_target,375,0.19397792695414723,0.13199743967655353,-0.024428356784918615,-0.05223510217566244,,,,36.757802257498845,26.174506395706665,,,0.11241158854290889,0.39369505949740824,375,0.1921142337012174,0.15560700667224095,0.004747589649350514,-0.012307103361355758,,,,36.23058616119986,26.09047780122677,,,0.08473585209466146,0.5345588795344959,0.0018636932529298156,-0.02360956699568742,-0.02917594643426913,-0.039927998814306684,,,,0.5272160962989858,0.08402859447989641,,,0.02767573644824743,-0.14086382003708764
SPATIAL_MEAN_MINUS_PREPROJECTOR,Z3,Z2,3026,LOCAL0,dynamic,adjacent_percent_change_new_extension,raw,BPE,,T1->T2,prefix,natural_target,375,0.16423984526112187,0.13933562748462636,-0.02295002835073401,-0.054045255867208465,,,,36.73127052285655,26.43912888454347,,,0.11660098882515953,0.4080478191059939,375,0.16296848333143704,0.13791369593576383,-0.0008588195260568199,-0.021535676760239104,,,,36.33248907297396,25.738257367686728,,,0.07290382187593444,0.510778077506552,0.0012713619296848278,0.0014219315488625262,-0.02209120882467719,-0.03250957910696936,,,,0.39878144988259123,0.7008715168567434,,,0.04369716694922508,-0.1027302584005581
SPATIAL_MEAN_MINUS_PREPROJECTOR,Z3,Z2,3026,LOCAL3,dynamic,adjacent_percent_change_new_extension,raw,BPE,,T1->T2,prefix,natural_target,375,0.19319444760496074,0.15788400642327427,0.00944878263955562,-0.01104420725435609,,,,36.14491513327363,25.75910350210551,,,0.07775047275996909,0.5662218432232192,375,0.17479258163613606,0.1611948201301629,0.01564405435134153,0.002663837772901374,,,,36.031706044791505,25.65651971480137,,,0.06535109976626685,0.6305574071531402,0.018401865968824677,-0.0033108137068886268,-0.00619527171178591,-0.013708045027257464,,,,0.11320908848212241,0.10258378730414108,,,0.012399372993702237,-0.06433556392992101
SPATIAL_MEAN_MINUS_PREPROJECTOR,Z3,Z2,2026,LOCAL0,dynamic,adjacent_percent_change_new_extension,raw,BPE,,T2->T3,difference,natural_target,375,0.11516356534508937,0.11227283006306225,0.009251350830632,-0.02537345309858364,,,,45.669769826466286,29.814334585465346,,,0.028328659561909532,0.6670550208258991,375,0.13288459033145303,0.10811959257748845,0.004722267489150722,-0.015966655437046322,,,,45.77403761647537,29.359208709788916,,,0.0347200217290768,0.5802490075872243,-0.01772102498636366,0.0041532374855738075,0.004529083341481277,-0.009406797661537316,,,,-0.10426779000908226,0.4551258756764298,,,-0.006391362167167271,0.08680601323867476
SPATIAL_MEAN_MINUS_PREPROJECTOR,Z3,Z2,2026,LOCAL3,dynamic,adjacent_percent_change_new_extension,raw,BPE,,T2->T3,difference,natural_target,375,0.09718369392634062,0.11348987146817159,0.008295455411342245,-0.03460491500043946,,,,45.691796098692556,30.038822654149005,,,0.03216444919297847,0.6328037510368165,375,0.1344564424032772,0.10700375095442037,0.004817096605901128,-0.016788425296263208,,,,45.771856911122924,29.48927664791622,,,0.03330800931548688,0.586306438190848,-0.03727274847693658,0.00648612051375122,0.0034783588054411174,-0.017816489704176253,,,,-0.08006081243036789,0.5495460062327844,,,-0.001143560122508408,0.046497312845968475
SPATIAL_MEAN_MINUS_PREPROJECTOR,Z3,Z2,3026,LOCAL0,dynamic,adjacent_percent_change_new_extension,raw,BPE,,T2->T3,difference,natural_target,375,0.16120773763100665,0.10513403427665749,0.0014995246021747288,-0.03510682042648706,,,,45.84808666089844,30.031928179252127,,,0.041127863444760104,0.518412250054503,375,0.11739726783325818,0.0847543622602967,-0.02811429530003018,-0.07420310068665828,,,,46.52300697824307,30.213071702149886,,,0.07430994482517005,0.31091279212654593,0.04381046979774847,0.02037967201636079,0.029613819902204908,0.03909628026017122,,,,-0.674920317344629,-0.18114352289775937,,,-0.03318208138040994,0.20749945792795704
SPATIAL_MEAN_MINUS_PREPROJECTOR,Z3,Z2,3026,LOCAL3,dynamic,adjacent_percent_change_new_extension,raw,BPE,,T2->T3,difference,natural_target,375,0.15859287665998506,0.11563159095832291,0.0020710863701636217,-0.03778766707721941,,,,45.83496259873745,29.972418966491492,,,0.04921166871046492,0.521245663908072,375,0.12975237783161608,0.1119144741844975,-0.017011422719789504,-0.059222328233373984,,,,46.27111807742797,30.209145418377517,,,0.08041470391060328,0.3946558320262099,0.028840498828368977,0.003717116773825413,0.019082509089953126,0.021434661156154576,,,,-0.43615547869052307,-0.2367264518860246,,,-0.031203035200138354,0.12658983188186212
SPATIAL_MEAN_MINUS_PREPROJECTOR,Z3,Z2,2026,LOCAL0,dynamic,adjacent_percent_change_new_extension,raw,BPE,,T2->T3,prefix,natural_target,375,0.09892086637893648,0.13843773488401437,0.010849415135001594,-0.03916515186140532,,,,45.632922598356686,30.230311265369238,,,0.05209039263000693,0.6065626567447802,375,0.12483054092079669,0.1394856996370057,0.008201313199950655,-0.02333594922416492,,,,45.69396480139229,29.946857093280094,,,0.05771973700954233,0.5805872754509376,-0.025909674541860217,-0.0010479647529913205,0.0026481019350509394,-0.015829202637240396,,,,-0.061042203035604814,0.2834541720891437,,,-0.0056293443795354045,0.02597538129384258
SPATIAL_MEAN_MINUS_PREPROJECTOR,Z3,Z2,2026,LOCAL3,dynamic,adjacent_percent_change_new_extension,raw,BPE,,T2->T3,prefix,natural_target,375,0.10225139506850847,0.13491891563006844,0.009629117787628205,-0.04097385669321729,,,,45.66106218155777,30.223795135623543,,,0.05095312615835587,0.5977057374142107,375,0.13388424956439166,0.14171920831717835,0.00863177518351721,-0.020046806151131507,,,,45.6840476429514,29.934877379098896,,,0.059426128097952315,0.5813531101143506,-0.031632854495883184,-0.00680029268710991,0.0009973426041109956,-0.020927050542085785,,,,-0.022985461393631113,0.288917756524647,,,-0.008473001939596443,0.01635262729986009
SPATIAL_MEAN_MINUS_PREPROJECTOR,Z3,Z2,3026,LOCAL0,dynamic,adjacent_percent_change_new_extension,raw,BPE,,T2->T3,prefix,natural_target,375,0.14314264600221113,0.12813347288084848,0.008144548147261621,-0.028831731819742308,,,,45.695272417162066,29.955528391186974,,,0.04768120497492517,0.5867984880816719,375,0.11797765273505877,0.11085104811365751,-0.02187800671443063,-0.07467601341544901,,,,46.381693797484566,30.90755997359738,,,0.08734848884479518,0.37506980770929915,0.025164993267152366,0.017282424767190968,0.030022554861692252,0.0458442815957067,,,,-0.6864213803224999,-0.952031582410406,,,-0.03966728386987001,0.21172868037237275
SPATIAL_MEAN_MINUS_PREPROJECTOR,Z3,Z2,3026,LOCAL3,dynamic,adjacent_percent_change_new_extension,raw,BPE,,T2->T3,prefix,natural_target,375,0.13547567156429066,0.11676604114594677,0.002062110683000107,-0.03760004648877834,,,,45.835168725323605,29.98115521490905,,,0.05015073519495054,0.5214082566368513,375,0.14208746278729276,0.1317736210205382,-0.019717531317753112,-0.07325673490701717,,,,46.33263729153513,30.78811959220824,,,0.10456599990762812,0.4075052729992277,-0.006611791223002095,-0.01500757987459142,0.02177964200075322,0.03565668841823883,,,,-0.49746856621152347,-0.8069643772991881,,,-0.05441526471267758,0.11390298363762363
SPATIAL_MEAN_MINUS_PREPROJECTOR,Z3,Z2,2026,LOCAL0,dynamic,adjacent_percent_change_new_extension,raw,FTV,,T0->T1,difference,natural_target,375,0.3246253271134373,0.197389426306901,0.03757010567072294,0.09563963637875497,,,,88.23951765441458,32.91406284833619,,,0.03211096986025362,1.1015321400688842,375,0.3904992604391854,0.2028856680124101,0.03909562271179445,0.11509514950521063,,,,88.16955709269028,32.27964863921994,,,0.04200239007846925,0.9899525240372213,-0.06587393332574815,-0.005496241705509081,-0.0015255170410715113,-0.01945551312645566,,,,0.06996056172430087,0.6344142091162439,,,-0.009891420218215631,0.11157961603166289
SPATIAL_MEAN_MINUS_PREPROJECTOR,Z3,Z2,2026,LOCAL3,dynamic,adjacent_percent_change_new_extension,raw,FTV,,T0->T1,difference,natural_target,375,0.3243659119353738,0.17732516777286053,0.029347843588879208,0.049772356459904396,,,,88.61564137990736,33.513823683007864,,,0.044420384449466985,0.8413548894670038,375,0.3641624758220503,0.1951729081482541,0.03368068554302639,0.07417949845858773,,,,88.41763686967899,33.56204037441715,,,0.06264110056536383,0.7798118736809743,-0.03979656388667652,-0.017847740375393578,-0.004332841954147182,-0.024407141998683338,,,,0.1980045102283725,-0.04821669140928719,,,-0.018220716115896846,0.0615430157860295
SPATIAL_MEAN_MINUS_PREPROJECTOR,Z3,Z2,3026,LOCAL0,dynamic,adjacent_percent_change_new_extension,raw,FTV,,T0->T1,difference,natural_target,375,0.2957255660484697,0.13736374879895358,0.01456539778559418,0.027102513684782517,,,,89.28787296588881,33.90907864903375,,,0.034809306676366024,0.7362485425170698,375,0.37009147798384345,0.1703758074021803,0.026705201054969208,0.06898108387671817,,,,88.73618934717237,33.40488855605577,,,0.03775733135226704,0.8768136079106684,-0.07436591193537373,-0.03301205860322673,-0.012139803269375027,-0.04187857019193565,,,,0.5516836187164387,0.5041900929779857,,,-0.002948024675901016,-0.1405650653935986
SPATIAL_MEAN_MINUS_PREPROJECTOR,Z3,Z2,3026,LOCAL3,dynamic,adjacent_percent_change_new_extension,raw,FTV,,T0->T1,difference,natural_target,375,0.31620980771418816,0.15548202593255636,0.020884109867021605,0.0370695142329145,,,,89.00115090730681,33.69235845911441,,,0.0368633763089092,0.8098090688875252,375,0.39174741153714876,0.18427490952792688,0.030409867144456815,0.06628073554357929,,,,88.56714941769069,32.90951462704175,,,0.049361195208864596,0.8294178414822736,-0.0755376038229606,-0.028792883595370522,-0.00952575727743521,-0.029211221310664788,,,,0.43400148961612217,0.7828438320726576,,,-0.012497818899955396,-0.019608772594748358
SPATIAL_MEAN_MINUS_PREPROJECTOR,Z3,Z2,2026,LOCAL0,dynamic,adjacent_percent_change_new_extension,raw,FTV,,T0->T1,prefix,natural_target,375,0.37328751848902036,0.2430695787658528,0.05736134735458842,0.0958157989265048,,,,87.32753375002126,33.063231871076404,,,0.056810407045906224,1.019803875046967,375,0.39724678575492095,0.22821831893413003,0.049986804415721564,0.11893311414332679,,,,87.66846290475556,32.238123102330086,,,0.04161093418641036,1.1187853452472114,-0.023959267265900586,0.01485125983172278,0.007374542938866857,-0.02311731521682199,,,,-0.3409291547342974,0.8251087687463183,,,0.015199472859495862,-0.0989814702002445
SPATIAL_MEAN_MINUS_PREPROJECTOR,Z3,Z2,2026,LOCAL3,dynamic,adjacent_percent_change_new_extension,raw,FTV,,T0->T1,prefix,natural_target,375,0.37892911594038003,0.23833991514299604,0.05578432648146503,0.06672469749784686,,,,87.40055207548716,33.05929594320604,,,0.06353310684029076,0.945576637982665,375,0.446541586073501,0.23932805499328869,0.05611289506323225,0.11801565772662762,,,,87.38534391122636,31.69896705547693,,,0.061009060054776194,0.9689390170080082,-0.06761247013312094,-0.0009881398502926408,-0.00032856858176721904,-0.051290960228780755,,,,0.015208164260798185,1.360328887729107,,,0.002524046785514565,-0.023362379025343216
SPATIAL_MEAN_MINUS_PREPROJECTOR,Z3,Z2,3026,LOCAL0,dynamic,adjacent_percent_change_new_extension,raw,FTV,,T0->T1,prefix,natural_target,375,0.30903242689725796,0.15398047787060595,0.019057024789511767,0.001956548450913535,,,,89.08415276947186,34.33160444817287,,,0.042885238240183185,0.7435526907514094,375,0.32259073842302877,0.1608089645389999,0.023343892848771808,0.030018859632445136,,,,88.88928407461046,34.14629795258417,,,0.03939216280780729,0.8102244457464935,-0.013558311525770805,-0.006828486668393946,-0.0042868680592600406,-0.028062311181531602,,,,0.19486869486139824,0.18530649558869783,,,0.0034930754323758972,-0.06667175499508415
SPATIAL_MEAN_MINUS_PREPROJECTOR,Z3,Z2,3026,LOCAL3,dynamic,adjacent_percent_change_new_extension,raw,FTV,,T0->T1,prefix,natural_target,375,0.3736500170667881,0.19290600899057378,0.03155028381276326,0.020753494528112617,,,,88.51504844884616,33.798973853415674,,,0.06379658363737468,0.7637426518297483,375,0.3921736261235635,0.19832964351301138,0.0378301602341351,0.0784694647355622,,,,88.22759541483346,32.956998168095794,,,0.04553363187887246,0.9294402697915397,-0.018523609056775414,-0.005423634522437604,-0.006279876421371844,-0.05771597020744958,,,,0.2874530340126995,0.8419756853198805,,,0.018262951758502226,-0.1656976179617914
SPATIAL_MEAN_MINUS_PREPROJECTOR,Z3,Z2,2026,LOCAL0,dynamic,adjacent_percent_change_new_extension,raw,FTV,,T1->T2,difference,natural_target,375,0.21510023893503244,0.10932316024419822,0.00928883024904259,0.014421324179182633,,,,131.0387965233526,40.39620915555463,,,0.009241069714643791,1.1372371916950543,375,0.15813880987598133,0.025745666574889407,-0.008191606442144561,-0.05384664867075026,,,,132.189787614797,40.97091665791202,,,0.011353150205207399,0.24162727087201546,0.056961429059051105,0.0835774936693088,0.01748043669118715,0.06826797284993288,,,,-1.1509910914444106,-0.5747075023573913,,,-0.0021120804905636077,0.8956099208230388
SPATIAL_MEAN_MINUS_PREPROJECTOR,Z3,Z2,2026,LOCAL3,dynamic,adjacent_percent_change_new_extension,raw,FTV,,T1->T2,difference,natural_target,375,0.20795471612242578,0.11086949021700274,0.009600787860364002,0.010077435756315485,,,,131.01816398700203,40.37222574129926,,,0.0089899951881497,1.1693171543116374,375,0.20850221868244395,0.0675221323432016,0.0006477976260383933,-0.025085001985992398,,,,131.6090193299244,40.3589272969769,,,0.011291381615746283,0.6354371563755032,-0.000547502560018176,0.04334735787380113,0.008952990234325608,0.03516243774230789,,,,-0.5908553429223673,0.01329844432235916,,,-0.002301386427596584,0.5338799979361342
SPATIAL_MEAN_MINUS_PREPROJECTOR,Z3,Z2,3026,LOCAL0,dynamic,adjacent_percent_change_new_extension,raw,FTV,,T1->T2,difference,natural_target,375,0.22646967800659917,0.07469662447397295,0.002343139262518612,0.015134088232440286,,,,131.49733850386662,40.593238779407535,,,0.009769671264295956,0.755720148593978,375,0.1935551257253385,0.051273266644067894,-0.0016537907312645928,0.0008792209487999483,,,,131.76048523956285,40.483142502083474,,,0.008870597091087668,0.5443955425185576,0.03291455228126067,0.023423357829905053,0.003996929993783205,0.014254867283640338,,,,-0.2631467356962389,0.11009627732406102,,,0.0008990741732082877,0.21132460607542036
SPATIAL_MEAN_MINUS_PREPROJECTOR,Z3,Z2,3026,LOCAL3,dynamic,adjacent_percent_change_new_extension,raw,FTV,,T1->T2,difference,natural_target,375,0.25333621572420073,0.10438255069237075,0.00821058551053333,0.03037537689077887,,,,131.11008544902631,40.20374255396839,,,0.011190052364716435,0.9867607028511027,375,0.26416839230856753,0.1052504396208139,0.008826244109607972,0.03727346482094012,,,,131.0693854874527,39.68886369578749,,,0.011419594739876159,0.9849145937928868,-0.010832176584366804,-0.0008678889284431529,-0.0006156585990746422,-0.006898087930161251,,,,0.040699961573608334,0.5148788581809001,,,-0.0002295423751597237,0.0018461090582159168
SPATIAL_MEAN_MINUS_PREPROJECTOR,Z3,Z2,2026,LOCAL0,dynamic,adjacent_percent_change_new_extension,raw,FTV,,T1->T2,prefix,natural_target,375,0.27353760382296055,0.12430768881105754,0.012918331493190438,0.01691102007877669,,,,130.7985439208967,39.743326643409695,,,0.015756828803888963,0.990292713772536,375,0.20474024348617592,0.053791242815859945,-0.006354740363488487,-0.08460793723191859,,,,132.06931168800952,41.41481077320629,,,0.0190932226067313,0.3892888461248181,0.06879736033678463,0.0705164459951976,0.019273071856678925,0.10151895731069528,,,,-1.2707677671128295,-1.671484129796596,,,-0.0033363938028423377,0.6010038676477178
SPATIAL_MEAN_MINUS_PREPROJECTOR,Z3,Z2,2026,LOCAL3,dynamic,adjacent_percent_change_new_extension,raw,FTV,,T1->T2,prefix,natural_target,375,0.28310547275002845,0.12651418054961663,0.013688832450551969,0.021019901637543553,,,,130.7474842765323,39.591377388591965,,,0.016278657937841428,0.9915849079217101,375,0.2645347593582888,0.08080064882010034,0.0012470332966517672,-0.040431191412559145,,,,131.56955544290489,40.407027058632615,,,0.01902565951283345,0.5857940929256572,0.018570713391739657,0.045713531729516296,0.012441799153900202,0.0614510930501027,,,,-0.8220711663725808,-0.8156496700406493,,,-0.0027470015749920217,0.40579081499605285
SPATIAL_MEAN_MINUS_PREPROJECTOR,Z3,Z2,3026,LOCAL0,dynamic,adjacent_percent_change_new_extension,raw,FTV,,T1->T2,prefix,natural_target,375,0.3091184435089316,0.11718056325812332,0.011450043316476477,0.05169138206002114,,,,130.8957894660136,39.1963229452142,,,0.013598044781882748,1.0048872771761725,375,0.23986164523836614,0.07404230495292116,0.0018853409907662044,-0.010108857149762734,,,,131.52750536398642,40.306240835842246,,,0.012765281576023453,0.6553370631153239,0.06925679827056544,0.043138258305202154,0.009564702325710273,0.06180023920978388,,,,-0.6317158979728106,-1.1099178906280471,,,0.0008327632058592951,0.34955021406084863
SPATIAL_MEAN_MINUS_PREPROJECTOR,Z3,Z2,3026,LOCAL3,dynamic,adjacent_percent_change_new_extension,raw,FTV,,T1->T2,prefix,natural_target,375,0.33863056092843324,0.1496684992302178,0.01953679762358862,0.07218597487908625,,,,130.35929873482067,38.845484313644185,,,0.015054336083012904,1.219830815177389,375,0.2996129252474684,0.13773272234493267,0.016950477822455734,0.04156330288325958,,,,130.53111996624034,39.32021332795469,,,0.0163377407391754,1.07755918110222,0.039017635680964835,0.011935776885285132,0.002586319801132886,0.03062267199582667,,,,-0.17182123141967054,-0.47472901431050474,,,-0.0012834046561624977,0.14227163407516885
SPATIAL_MEAN_MINUS_PREPROJECTOR,Z3,Z2,2026,LOCAL0,dynamic,adjacent_percent_change_new_extension,raw,FTV,,T2->T3,difference,natural_target,375,0.21391239048811017,0.06703173838329884,-0.004193977951192807,-0.004809244807037558,,,,220.61416129606084,79.53582671253628,,,0.021313594531880226,0.4591474034416736,375,0.17153601092274434,0.04829850846864979,-0.006059169388922925,-0.002528414812489963,,,,220.81895078719577,79.45810549340355,,,0.015128780315259832,0.3926736515305078,0.04237637956536583,0.018733229914649055,0.0018651914377301182,-0.002280829994547595,,,,-0.20478949113493172,0.07772121913272656,,,0.006184814216620394,0.06647375191116578
SPATIAL_MEAN_MINUS_PREPROJECTOR,Z3,Z2,2026,LOCAL3,dynamic,adjacent_percent_change_new_extension,raw,FTV,,T2->T3,difference,natural_target,375,0.22928410513141428,0.06699302640974866,-0.006374265291648529,-0.007230548555049231,,,,220.85352812697437,79.65816266154197,,,0.024495375839790834,0.4280431425175746,375,0.21397178291045627,0.08614514567792476,3.0379210616660046e-05,0.0013266185522881433,,,,220.14964188311146,79.83114352054076,,,0.02220061456874585,0.5781603588590828,0.015312322220958019,-0.0191521192681761,-0.006404644502265189,-0.008557167107337374,,,,0.703886243862911,-0.17298085899879823,,,0.0022947612710449844,-0.1501172163415082
SPATIAL_MEAN_MINUS_PREPROJECTOR,Z3,Z2,3026,LOCAL0,dynamic,adjacent_percent_change_new_extension,raw,FTV,,T2->T3,difference,natural_target,375,0.16718011150301512,0.11328043481868208,0.00742770790481917,0.0002812686303427441,,,,219.33384599032564,81.2705493833511,,,0.027002681797713386,0.6893685367305706,375,0.09775469336670839,0.017836264819928577,-0.028598235938956273,-0.05786660274705932,,,,223.27878888483434,84.30883540499055,,,0.030917879813238066,0.10143762200106461,0.06942541813630673,0.0954441699987535,0.03602594384377544,0.058147871377402065,,,,-3.9449428945086993,-3.0382860216394505,,,-0.0039151980155246804,0.587930914729506
SPATIAL_MEAN_MINUS_PREPROJECTOR,Z3,Z2,3026,LOCAL3,dynamic,adjacent_percent_change_new_extension,raw,FTV,,T2->T3,difference,natural_target,375,0.18483991352827395,0.1091391645159301,0.004746631768193232,-0.00457217041425868,,,,219.62987187114626,81.61578016840429,,,0.0301592910826566,0.6284490302185509,375,0.08324883376948458,0.025087639481470633,-0.02847509244093005,-0.0668766720285079,,,,223.26542304717285,84.9867148900392,,,0.033646607694438495,0.1367694680653952,0.10159107975878937,0.08405152503445946,0.03322172420912328,0.06230450161424922,,,,-3.6355511760265813,-3.37093472163491,,,-0.0034873166117818932,0.4916795621531557
SPATIAL_MEAN_MINUS_PREPROJECTOR,Z3,Z2,2026,LOCAL0,dynamic,adjacent_percent_change_new_extension,raw,FTV,,T2->T3,prefix,natural_target,375,0.12532028672203893,0.017551110354036708,-0.01231494144664147,-0.026777592033606388,,,,221.50442352390013,81.8134693157023,,,0.014124175172718245,0.14768046437244384,375,0.08172511093412221,0.001918384483048126,-0.031649890759077204,-0.07241622559698142,,,,223.60975638179661,84.07669685832069,,,0.029696417791566142,0.01113226716977871,0.04359517578791672,0.015632725870988583,0.019334949312435734,0.04563863356337504,,,,-2.105332857896485,-2.263227542618381,,,-0.015572242618847897,0.13654819720266512
SPATIAL_MEAN_MINUS_PREPROJECTOR,Z3,Z2,2026,LOCAL3,dynamic,adjacent_percent_change_new_extension,raw,FTV,,T2->T3,prefix,natural_target,375,0.14448742746615087,0.02032139158402187,-0.012049327621984185,-0.02423294463093336,,,,221.47536216438425,81.33898749115738,,,0.014466202054138216,0.1689569967423573,375,0.13342610080782796,0.0569956596615271,-0.010947741337707484,-0.0396387973054691,,,,221.35479459891405,82.86213157943725,,,0.027487193877654595,0.34377681342162625,0.011061326658322906,-0.036674268077505234,-0.001101586284276701,0.015405852674535737,,,,0.12056756547019631,-1.5231440882798637,,,-0.01302099182351638,-0.17481981667926894
SPATIAL_MEAN_MINUS_PREPROJECTOR,Z3,Z2,3026,LOCAL0,dynamic,adjacent_percent_change_new_extension,raw,FTV,,T2->T3,prefix,natural_target,375,0.12174536352258505,0.07905099085863582,0.001192870332753393,-0.006674021473298983,,,,220.02163978124864,80.14569629946394,,,0.016654540391815367,0.6125492209474893,375,0.05108135168961201,0.08583387910609205,-0.005158631137842651,-0.054488638235239514,,,,220.72009952802836,84.5881132627972,,,0.032699943232868296,0.47466284806862985,0.07066401183297305,-0.006782888247456237,0.006351501470596044,0.04781461676194053,,,,-0.6984597467797187,-4.442416963333258,,,-0.01604540284105293,0.13788637287885946
SPATIAL_MEAN_MINUS_PREPROJECTOR,Z3,Z2,3026,LOCAL3,dynamic,adjacent_percent_change_new_extension,raw,FTV,,T2->T3,prefix,natural_target,375,0.1129027193082262,0.071811284762082,-0.0010442704564364025,-0.00981832805872764,,,,220.26790558106597,80.14367826471285,,,0.01680405099268991,0.5539693047668058,375,0.057818181818181824,0.08871053335968979,-0.005339150217505306,-0.057278670561875855,,,,220.73991848954623,84.52468044849235,,,0.034207444017108866,0.47963942972724927,0.05508453749004437,-0.01689924859760779,0.004294879761068904,0.04746034250314821,,,,-0.47201290848025224,-4.381002183779501,,,-0.017403393024418956,0.07432987503955657
SPATIAL_MEAN_MINUS_PREPROJECTOR,Z3,Z2,2026,LOCAL0,dynamic,adjacent_percent_change_new_extension,raw,LD,,T0->T1,difference,natural_target,375,0.11006276761878708,0.047458748638991,-0.00036311974822322846,-0.015333202695328509,,,,35.9483180162246,19.216642658958474,,,0.008447972026246555,0.5163450872382606,375,0.1551475913076533,0.10720862174921866,0.009224543131127305,0.00197703090364647,,,,35.775635641881,19.17269521467301,,,0.02003609542874765,0.7573962789158081,-0.04508482368886621,-0.05974987311022766,-0.009587662879350534,-0.01731023359897498,,,,0.17268237434359435,0.0439474442854646,,,-0.011588123402501094,-0.24105119167754752
SPATIAL_MEAN_MINUS_PREPROJECTOR,Z3,Z2,2026,LOCAL3,dynamic,adjacent_percent_change_new_extension,raw,LD,,T0->T1,difference,natural_target,375,0.09714551353885384,0.035503219501961336,-0.0022824093737319195,-0.018009821718384385,,,,35.9827865860508,19.247351269845414,,,0.007970350723298384,0.3976756699392631,375,0.11627886229973154,0.03397098907018044,-0.011700072270842243,-0.018620977082415953,,,,36.15144236420815,19.308818337919035,,,0.020242025438289145,0.2387707966590414,-0.019133348760877703,0.0015322304317808982,0.009417662897110324,0.0006111553640315674,,,,-0.16865577815735122,-0.06146706807362179,,,-0.01227167471499076,0.1589048732802217
SPATIAL_MEAN_MINUS_PREPROJECTOR,Z3,Z2,3026,LOCAL0,dynamic,adjacent_percent_change_new_extension,raw,LD,,T0->T1,difference,natural_target,375,0.06831770391863477,0.02715990408804463,-0.0032638195440914952,-0.019833777533543137,,,,36.00039900346681,19.321037197701923,,,0.006628550954989806,0.3335945388726209,375,0.07499426271205946,0.09663233017839148,0.007846138833947136,-0.015666898858722224,,,,35.80051320109656,19.369268242991797,,,0.015813084258951726,0.7684474250089376,-0.006676558793424686,-0.06947242609034686,-0.011109958378038631,-0.004166878674820913,,,,0.19988580237025388,-0.04823104528987443,,,-0.00918453330396192,-0.4348528861363167
SPATIAL_MEAN_MINUS_PREPROJECTOR,Z3,Z2,3026,LOCAL3,dynamic,adjacent_percent_change_new_extension,raw,LD,,T0->T1,difference,natural_target,375,0.10291777229441233,0.06214093050876527,0.0016053003239892005,-0.0070297388384116385,,,,35.91293274809905,19.198183335635626,,,0.00908294217904364,0.6520253446987122,375,0.08248070533032878,0.09777673387618832,0.007826814257805403,-0.013493598670182762,,,,35.80086184983019,19.36258973809306,,,0.017301667994612146,0.7433469075810193,0.020437066964083553,-0.03563580336742305,-0.006221513933816203,0.006463859831771124,,,,0.11207089826886119,-0.1644064024574341,,,-0.008218725815568506,-0.09132156288230708
SPATIAL_MEAN_MINUS_PREPROJECTOR,Z3,Z2,2026,LOCAL0,dynamic,adjacent_percent_change_new_extension,raw,LD,,T0->T1,prefix,natural_target,375,0.11487024984780093,0.056891289619473456,-0.0052787405206520255,-0.023389995750982176,,,,36.03653185981934,19.416074767941797,,,0.021153724176695296,0.3911581287749373,375,0.12512209664987745,0.09019055698086542,0.00035768281426495907,-0.020533107875181693,,,,35.93536456536603,19.416784512240902,,,0.029067556709503114,0.5290013797243837,-0.010251846802076511,-0.033299267361391965,-0.0056364233349169846,-0.002856887875800483,,,,0.10116729445331174,-0.0007097442991046421,,,-0.007913832532807818,-0.13784325094944638
SPATIAL_MEAN_MINUS_PREPROJECTOR,Z3,Z2,2026,LOCAL3,dynamic,adjacent_percent_change_new_extension,raw,LD,,T0->T1,prefix,natural_target,375,0.09874990581006556,0.04407545434947621,-0.008147721979065548,-0.02710451839247105,,,,36.08791784728823,19.474086029610977,,,0.01998952417154178,0.31174218117815766,375,0.10272222025851607,0.051570182658351796,-0.012622462502362763,-0.033432652082044295,,,,36.167918660469134,19.54115239775063,,,0.028731695675530876,0.3042412107907205,-0.003972314448450517,-0.007494728308875584,0.004474740523297216,0.006328133689573245,,,,-0.08000081318090224,-0.06706636813965261,,,-0.008742171503989097,0.007500970387437189
SPATIAL_MEAN_MINUS_PREPROJECTOR,Z3,Z2,3026,LOCAL0,dynamic,adjacent_percent_change_new_extension,raw,LD,,T0->T1,prefix,natural_target,375,0.10810565277613059,0.0480694976599158,-0.006417062036326637,-0.021041621094444844,,,,36.056928965599894,19.323129647654746,,,0.018993935662316462,0.348788455906231,375,0.1112867616372944,0.07811728266773046,0.0004081738417033298,-0.027697412458968458,,,,35.93445702255858,19.41312421339495,,,0.022722787266853305,0.5182225732959063,-0.003181108861163809,-0.030047785007814666,-0.006825235878029967,0.006655791364523614,,,,0.1224719430413117,-0.0899945657402057,,,-0.0037288516045368425,-0.1694341173896753
SPATIAL_MEAN_MINUS_PREPROJECTOR,Z3,Z2,3026,LOCAL3,dynamic,adjacent_percent_change_new_extension,raw,LD,,T0->T1,prefix,natural_target,375,0.12954883895110958,0.0616878725681271,-0.0030991442445527095,-0.014635850203043305,,,,35.99744433707489,19.25766519430872,,,0.01977526966240886,0.4386706576777495,375,0.12139032145583163,0.08643923249810527,0.0021990850065863876,-0.024134484529761826,,,,35.90225174139869,19.38184144291544,,,0.02462323290334912,0.5508563569473377,0.008158517495277948,-0.02475135992997817,-0.005298229251139097,0.009498634326718521,,,,0.09519259567619542,-0.1241762486067195,,,-0.004847963240940261,-0.11218569926958821
SPATIAL_MEAN_MINUS_PREPROJECTOR,Z3,Z2,2026,LOCAL0,dynamic,adjacent_percent_change_new_extension,raw,LD,,T1->T2,difference,natural_target,370,-0.05823856608376291,-0.030445644697002353,-0.01951368339266568,-0.05034862304324888,,,,53.01971948003305,33.5710874562627,,,0.012577557250618198,-0.27147323824600295,370,-0.0032058274759299466,-0.007585427773358843,-0.017830981306530713,-0.04415394644772524,,,,52.97594702398884,33.544322605920044,,,0.01582177304182205,-0.06030488620039827,-0.05503273860783296,-0.02286021692364351,-0.0016827020861349684,-0.0061946765955236405,,,,0.04377245604420921,0.02676485034265852,,,-0.0032442157912038524,-0.2111683520456047
SPATIAL_MEAN_MINUS_PREPROJECTOR,Z3,Z2,2026,LOCAL3,dynamic,adjacent_percent_change_new_extension,raw,LD,,T1->T2,difference,natural_target,370,-0.05187818917802276,-0.03661854345046023,-0.021027938854365935,-0.053156150797898656,,,,53.05907923155263,33.52598874305282,,,0.012726356835081654,-0.3246003752486589,370,-0.017192745449352828,-0.01967002943697417,-0.01376611494516733,-0.03704441299399738,,,,52.870057353719474,33.43887150585082,,,0.009782585965229393,-0.1988740753160302,-0.03468544372866993,-0.016948514013486057,-0.007261823909198606,-0.016111737803901273,,,,0.18902187783315583,0.08711723720200126,,,0.0029437708698522615,-0.1257262999326287
SPATIAL_MEAN_MINUS_PREPROJECTOR,Z3,Z2,3026,LOCAL0,dynamic,adjacent_percent_change_new_extension,raw,LD,,T1->T2,difference,natural_target,370,-0.03618829405719292,-0.050227059957122386,-0.013741344194379446,-0.032620619987715184,,,,52.869411426125495,33.37277544706983,,,0.005926875623915806,-0.652416371673627,370,-0.01197164328124506,-0.030257862173273944,-0.01735032775150902,-0.03743775290013013,,,,52.96343704710029,33.0772017461647,,,0.011001237450859777,-0.28848117016252806,-0.02421665077594786,-0.019969197783848442,0.0036089835571295747,0.004817132912414944,,,,-0.09402562097479716,0.29557370090513047,,,-0.005074361826943971,-0.3639352015110989
SPATIAL_MEAN_MINUS_PREPROJECTOR,Z3,Z2,3026,LOCAL3,dynamic,adjacent_percent_change_new_extension,raw,LD,,T1->T2,difference,natural_target,370,-0.057966863658836826,-0.04494086481080942,-0.01790431782711699,-0.039277057547464994,,,,52.97785549490484,33.34438410541727,,,0.009124793830741473,-0.47046778975649,370,0.006023746028898582,-0.03308069874720354,-0.013822863237118233,-0.03352457449253326,,,,52.87153710502495,33.209694631507986,,,0.00791390573881641,-0.3718598054874693,-0.06399060968773541,-0.011860166063605876,-0.004081454589998756,-0.0057524830549317355,,,,0.10631838987988829,0.1346894739092832,,,0.0012108880919250633,-0.09860798426902073
SPATIAL_MEAN_MINUS_PREPROJECTOR,Z3,Z2,2026,LOCAL0,dynamic,adjacent_percent_change_new_extension,raw,LD,,T1->T2,prefix,natural_target,370,0.11083393571237693,0.07163660219116515,-0.024084873561215803,-0.06182318007939168,,,,53.13844871384254,33.76476467057439,,,0.058767212631765584,0.29550676828002354,370,0.123315035877756,0.08051644305594213,-0.02416827267152044,-0.04602282063176901,,,,53.1406124061482,33.326504988222176,,,0.06503725785900373,0.3157210002106463,-0.012481100165379067,-0.008879840864776986,8.339911030463831e-05,-0.015800359447622668,,,,-0.002163692305657605,0.4382596823522107,,,-0.006270045227238147,-0.020214231930622772
SPATIAL_MEAN_MINUS_PREPROJECTOR,Z3,Z2,2026,LOCAL3,dynamic,adjacent_percent_change_new_extension,raw,LD,,T1->T2,prefix,natural_target,370,0.119543725504339,0.07194043243999582,-0.03213682424070208,-0.07330150161434512,,,,53.346942380910505,33.74863596757008,,,0.07025109514395167,0.27142290517106116,370,0.14388548521688455,0.08721213007023672,-0.015915953620974088,-0.03174618935353371,,,,52.926086992593014,33.236618912606765,,,0.05763242059164362,0.36328165177491467,-0.02434175971254554,-0.015271697630240902,-0.01622087061972799,-0.04155531226081141,,,,0.4208553883174915,0.5120170549633158,,,0.01261867455230805,-0.09185874660385351
SPATIAL_MEAN_MINUS_PREPROJECTOR,Z3,Z2,3026,LOCAL0,dynamic,adjacent_percent_change_new_extension,raw,LD,,T1->T2,prefix,natural_target,370,0.11791410445068667,0.07496645079341467,-0.0037600767025627313,-0.010384402936139613,,,,52.60849225095126,32.813476383614564,,,0.029425970105122833,0.43702024424397085,370,0.1552595968218177,0.10332297737636603,0.002780868773342271,0.00509207294746596,,,,52.436801966824305,32.47442998802676,,,0.03682735697251192,0.5384081641002179,-0.03734549237113102,-0.02835652658295136,-0.006540945475905002,-0.015476475883605574,,,,0.17169028412695297,0.3390463955878005,,,-0.0074013868673890836,-0.10138791985624701
SPATIAL_MEAN_MINUS_PREPROJECTOR,Z3,Z2,3026,LOCAL3,dynamic,adjacent_percent_change_new_extension,raw,LD,,T1->T2,prefix,natural_target,370,0.09488492027978929,0.06626335232060772,-0.01458549348130389,-0.031311100404126636,,,,52.891419204154325,33.24285844084891,,,0.04160204009161171,0.32487484801900746,370,0.19832425312383062,0.16128869787607586,0.02436882807304619,0.0311598561735181,,,,51.86611635535205,32.18615076348959,,,0.04032405916614842,0.8031965125420102,-0.10343933284404133,-0.09502534555546814,-0.03895432155435008,-0.06247095657764473,,,,1.0253028488022764,1.05670767735932,,,0.0012779809254632943,-0.47832166452300273
SPATIAL_MEAN_MINUS_PREPROJECTOR,Z3,Z2,2026,LOCAL0,dynamic,adjacent_percent_change_new_extension,raw,LD,,T2->T3,difference,natural_target,313,0.010417480960432204,0.029350457991428176,-0.014412059921002252,-0.019884250379179028,,,,73.0136858067517,41.28597038326065,,,0.014301063054747628,0.2454317373879002,313,0.00549318956784386,0.11478186638293278,0.006046693102656153,-0.02199503191526359,,,,72.27366231862231,41.302417744169034,,,0.015323424983364304,0.9272468335290818,0.004924291392588344,-0.0854314083915046,-0.020458753023658405,0.0021107815360845612,,,,0.7400234881293812,-0.016447360908387054,,,-0.001022361928616676,-0.6818150961411815
SPATIAL_MEAN_MINUS_PREPROJECTOR,Z3,Z2,2026,LOCAL3,dynamic,adjacent_percent_change_new_extension,raw,LD,,T2->T3,difference,natural_target,313,0.0029496603730853536,0.014398582849940212,-0.01736715326045446,-0.02144295372263744,,,,73.1199568965919,41.46019639574643,,,0.013788411873078579,0.12262037100789366,313,0.01978012169680736,0.14523196280560566,0.01290171251409078,8.285785247498898e-05,,,,72.02400545017659,41.10132898398021,,,0.01113434904593502,1.376352864387922,-0.016830461323722005,-0.13083337995566544,-0.03026886577454524,-0.02152581157511243,,,,1.095951446415313,0.3588674117662194,,,0.002654062827143559,-1.2537324933800282
SPATIAL_MEAN_MINUS_PREPROJECTOR,Z3,Z2,3026,LOCAL0,dynamic,adjacent_percent_change_new_extension,raw,LD,,T2->T3,difference,natural_target,313,0.07934163759827383,0.07670805492451074,-0.006930713267939703,-0.060101166429221906,,,,72.74394750923447,41.56755549312556,,,0.02342365875969153,0.5012029335588652,313,0.06381527803496824,0.07112307628029682,-0.016578752270746344,-0.057051594613954225,,,,73.09161952646441,41.74562936197724,,,0.03553747494349714,0.3772830111760301,0.015526359563305586,0.005584978644213923,0.009648039002806641,-0.0030495718152676807,,,,-0.34767201722993946,-0.1780738688516763,,,-0.012113816183805613,0.12391992238283517
SPATIAL_MEAN_MINUS_PREPROJECTOR,Z3,Z2,3026,LOCAL3,dynamic,adjacent_percent_change_new_extension,raw,LD,,T2->T3,difference,natural_target,313,0.09776635054650247,0.10502435089781939,0.0045607474650544155,0.0017362810140491623,,,,72.32766617578426,40.843584645593126,,,0.01281202757353183,0.9278570538473269,313,0.053763236503630706,0.06630391426818681,-0.0192334511217771,-0.0647558886578771,,,,73.18699321309471,41.93900921958057,,,0.0366310028789195,0.34642941735303756,0.044003114042871765,0.03872043662963258,0.023794198586831516,0.06649216967192625,,,,-0.8593270373104502,-1.0954245739874438,,,-0.023818975305387673,0.5814276364942893
SPATIAL_MEAN_MINUS_PREPROJECTOR,Z3,Z2,2026,LOCAL0,dynamic,adjacent_percent_change_new_extension,raw,LD,,T2->T3,prefix,natural_target,313,0.005524248970639427,0.002981575117681459,-0.02400613809153085,-0.046537209668748004,,,,73.35814666894001,41.78960690071596,,,0.017602308971052222,0.02247299398232736,313,-0.012514973541626522,0.03433068955450715,-0.024945056685122147,-0.08451334375867722,,,,73.39177026944499,42.200829938276534,,,0.028450339916651222,0.20353485719456108,0.01803922251226595,-0.03134911443682569,0.000938918593591298,0.03797613408992922,,,,-0.033623600504981255,-0.41122303756057477,,,-0.010848030945599,-0.18106186321223372
SPATIAL_MEAN_MINUS_PREPROJECTOR,Z3,Z2,2026,LOCAL3,dynamic,adjacent_percent_change_new_extension,raw,LD,,T2->T3,prefix,natural_target,313,0.01990219694450386,0.024756732599625235,-0.01873659706446773,-0.03400603018538076,,,,73.16915250784025,41.61785741334938,,,0.01827454389334128,0.18313445174378357,313,0.002950250108581472,0.08204390504301946,-0.0046059762808845495,-0.02924830069988344,,,,72.65992570720758,41.58656216907839,,,0.019981063226508534,0.5804128598544863,0.01695194683592239,-0.05728717244339423,-0.014130620783583181,-0.004757729485497318,,,,0.5092268006326748,0.031295244270985734,,,-0.0017065193331672543,-0.39727840811070275
SPATIAL_MEAN_MINUS_PREPROJECTOR,Z3,Z2,3026,LOCAL0,dynamic,adjacent_percent_change_new_extension,raw,LD,,T2->T3,prefix,natural_target,313,0.1410100818488725,0.10820509040949464,-0.010011541291751191,-0.05690062265919504,,,,72.8551470320112,41.64977177666292,,,0.046528773361627085,0.5016339144117452,313,0.04139451736504155,0.0599433288728789,-0.01128067550325973,-0.0168236256295878,,,,72.90090588122199,41.30102035937394,,,0.021053366579908975,0.4131236722365742,0.09961556448383097,0.04826176153661574,0.001269134211508538,-0.040076997029607236,,,,-0.04575884921078455,0.3487514172889732,,,0.02547540678171811,0.088510242175171
SPATIAL_MEAN_MINUS_PREPROJECTOR,Z3,Z2,3026,LOCAL3,dynamic,adjacent_percent_change_new_extension,raw,LD,,T2->T3,prefix,natural_target,313,0.13767335841183478,0.10881450519440887,0.0017483555064281564,0.0059114114664749135,,,,72.42976696885754,40.90517441252353,,,0.024729832833487987,0.691952370094324,313,0.05817858616306891,0.05867286376340332,-0.01631871523452766,-0.0375055260994602,,,,73.08227064735554,41.351756407190905,,,0.02889309160578553,0.34517575142293094,0.07949477224876587,0.05014164143100555,0.018067070740955815,0.043416937565935114,,,,-0.6525036784980074,-0.44658199466737614,,,-0.004163258772297541,0.34677661867139303
SPATIAL_MEAN_MINUS_PREPROJECTOR,Z3,Z2,2026,LOCAL0,dynamic,adjacent_percent_change_new_extension,raw,SPH,,T0->T1,difference,natural_target,375,-0.009955626351120718,-0.008867181346591563,-0.0726079548447689,-0.15454925578211043,,,,38.12723173072486,26.517127656793395,,,0.06798102736245833,-0.03400883293558098,375,-0.13247536693594267,-0.09033505829451431,-0.06704294515637566,-0.13356857191590402,,,,38.02819538641789,26.795017459706656,,,0.033094594709908894,-0.4965669326764797,0.12251974058482196,0.08146787694792275,-0.005565009688393241,-0.020980683866206412,,,,0.09903634430696684,-0.27788980291326126,,,0.03488643265254943,0.46255809974089873
SPATIAL_MEAN_MINUS_PREPROJECTOR,Z3,Z2,2026,LOCAL3,dynamic,adjacent_percent_change_new_extension,raw,SPH,,T0->T1,difference,natural_target,375,-0.022198657412674936,-0.07460403901452567,-0.06231099245695715,-0.10915049199887104,,,,37.94378099288017,26.422823369208647,,,0.03405455546583867,-0.40427299579634396,375,-0.06112185686653772,-0.008127037062829006,-0.06719053094689187,-0.14185308822748144,,,,38.03082519023664,26.833866219477855,,,0.06277703982651621,-0.03243633847931341,0.038923199453862786,-0.06647700195169666,0.0048795384899347205,0.032702596228610395,,,,-0.08704419735646951,-0.41104285026920806,,,-0.028722484360677536,-0.37183665731703053
SPATIAL_MEAN_MINUS_PREPROJECTOR,Z3,Z2,3026,LOCAL0,dynamic,adjacent_percent_change_new_extension,raw,SPH,,T0->T1,difference,natural_target,375,-0.020632153828649448,-0.08021133482588509,-0.04851429880269165,-0.09846758863513014,,,,37.69657957052096,26.2627191679552,,,0.023650602132590463,-0.5215724489682712,375,-0.029478438957788147,-0.03470483438669956,-0.03671616818183021,-0.08398964428452348,,,,37.483894171432944,26.098371321836943,,,0.025256684054552787,-0.21837444312827167,0.008846285129138699,-0.045506500439185534,-0.011798130620861436,-0.014477944350606661,,,,0.21268539908801642,0.16434784611825748,,,-0.0016060819219623247,-0.30319800583999945
SPATIAL_MEAN_MINUS_PREPROJECTOR,Z3,Z2,3026,LOCAL3,dynamic,adjacent_percent_change_new_extension,raw,SPH,,T0->T1,difference,natural_target,375,0.003009443622710206,-0.06478154245872361,-0.04627551182437473,-0.0973847665215123,,,,37.65631321003645,26.21063376649825,,,0.025324247991465827,-0.40708303669057666,375,-0.004378655137103197,-0.024820811052863784,-0.0469571679455596,-0.08779896870876552,,,,37.668577893976305,26.152201293943396,,,0.036837191646649954,-0.12932208912617912,0.007388098759813403,-0.03996073140585983,0.0006816561211848704,-0.00958579781274678,,,,-0.012264683939854137,0.05843247255485551,,,-0.011512943655184127,-0.2777609475643975
SPATIAL_MEAN_MINUS_PREPROJECTOR,Z3,Z2,2026,LOCAL0,dynamic,adjacent_percent_change_new_extension,raw,SPH,,T0->T1,prefix,natural_target,375,-0.01002321083172147,-0.02242233660005215,-0.08042980614844608,-0.1715776283104432,,,,38.26599809766243,26.93144576867393,,,0.06838767280872814,-0.08574167339002516,375,-0.07470747525315735,-0.05390182536298238,-0.11237764021463592,-0.22328790384781033,,,,38.82763090007693,27.707687469905228,,,0.08030175316154081,-0.19021333458547285,0.06468426442143588,0.03147948876293023,0.03194783406618984,0.05171027553736712,,,,-0.5616328024145005,-0.7762417012312959,,,-0.011914080352812675,0.1044716611954477
SPATIAL_MEAN_MINUS_PREPROJECTOR,Z3,Z2,2026,LOCAL3,dynamic,adjacent_percent_change_new_extension,raw,SPH,,T0->T1,prefix,natural_target,375,0.008540675844806007,-0.014417193909263205,-0.07109015213457859,-0.1498046595317881,,,,38.10024605431443,26.805022177271134,,,0.06362419452073417,-0.057157021739328746,375,-0.05395107520764592,-0.04003907774539412,-0.1058300356261177,-0.20913376537147416,,,,38.713189915673475,27.503554560619893,,,0.08167900340011373,-0.14009700479811044,0.06249175105245193,0.025621883836130916,0.034739883491539114,0.059329105839686064,,,,-0.6129438613590423,-0.6985323833487591,,,-0.01805480887937956,0.0829399830587817
SPATIAL_MEAN_MINUS_PREPROJECTOR,Z3,Z2,3026,LOCAL0,dynamic,adjacent_percent_change_new_extension,raw,SPH,,T0->T1,prefix,natural_target,375,-0.01574399817954261,-0.04618838156204201,-0.06695171293926205,-0.12979525106900913,,,,38.02656964550688,26.85025816366054,,,0.046869078239566535,-0.21334847290301906,375,-0.05763636363636363,-0.04376411119414986,-0.06499224640765244,-0.12431693890948896,,,,37.991635528304776,26.725876589653804,,,0.04571921993941456,-0.20467684168686384,0.041892365456821026,-0.0024242703678921534,-0.0019594665316096105,-0.005478312159520174,,,,0.0349341172021056,0.12438157400673688,,,0.0011498583001519763,-0.008671631216155218
SPATIAL_MEAN_MINUS_PREPROJECTOR,Z3,Z2,3026,LOCAL3,dynamic,adjacent_percent_change_new_extension,raw,SPH,,T0->T1,prefix,natural_target,375,0.003797701672545227,-0.035882912680143916,-0.06326677090049881,-0.12237835309151243,,,,37.960846473055675,26.78412198111697,,,0.04741891776460276,-0.16478279664645168,375,-0.038261690749800896,-0.031459761363690296,-0.06625555588612442,-0.12724074300805405,,,,38.01416196862007,26.770010427574423,,,0.05131070472926484,-0.13888374994879707,0.042059392422346124,-0.00442315131645362,0.0029887849856256032,0.004862389916541615,,,,-0.05331549556439796,0.01411155354254845,,,-0.0038917869646620806,-0.02589904669765461
SPATIAL_MEAN_MINUS_PREPROJECTOR,Z3,Z2,2026,LOCAL0,dynamic,adjacent_percent_change_new_extension,raw,SPH,,T1->T2,difference,natural_target,375,0.05352281260666743,0.07920814267124139,-0.02329970760774014,-0.05336908728158558,,,,59.27076851662486,40.94135797544791,,,0.06287403305158587,0.3158887579584323,375,0.036753669359426554,0.09354445962911544,-0.06599406762988069,-0.11548558658069114,,,,60.49458855849147,42.436774288086546,,,0.1341264352070885,0.2554235164040788,0.016769143247240874,-0.014336316957874046,0.042694360022140554,0.06211649929910556,,,,-1.2238200418666096,-1.495416312638639,,,-0.07125240215550263,0.06046524155435351
SPATIAL_MEAN_MINUS_PREPROJECTOR,Z3,Z2,2026,LOCAL3,dynamic,adjacent_percent_change_new_extension,raw,SPH,,T1->T2,difference,natural_target,375,0.03011468881556491,0.07373279408756371,-0.0036684018179529154,-0.022497384559457677,,,,58.69948070586322,40.652204123353584,,,0.028578403502316815,0.43615585795471956,375,0.056605757196495625,0.08378633242616353,-0.00821957225656278,-0.026852395151326435,,,,58.83241762692886,40.82261510172181,,,0.04291797231584742,0.4044395168000443,-0.026491068380930714,-0.010053538338599816,0.004551170438609864,0.004355010591868758,,,,-0.13293692106563526,-0.17041097836822416,,,-0.014339568813530608,0.031716341154675254
SPATIAL_MEAN_MINUS_PREPROJECTOR,Z3,Z2,3026,LOCAL0,dynamic,adjacent_percent_change_new_extension,raw,SPH,,T1->T2,difference,natural_target,375,0.06964819660939812,0.09264339647019035,0.0005202279553994105,-0.03071464657393535,,,,58.57686677641383,40.77946884880871,,,0.03327572729665275,0.5078678140494429,375,0.09050039822505404,0.0953353611910148,0.0005659016408434692,-0.015217303052596418,,,,58.57552835415259,40.42976434657044,,,0.03499834269108812,0.50960100597713,-0.020852201615655916,-0.002691964720824447,-4.56736854440587e-05,-0.01549734352133893,,,,0.0013384222612415897,0.349704502238275,,,-0.00172261539443537,-0.001733191927687061
SPATIAL_MEAN_MINUS_PREPROJECTOR,Z3,Z2,3026,LOCAL3,dynamic,adjacent_percent_change_new_extension,raw,SPH,,T1->T2,difference,natural_target,375,0.06874092615769713,0.08074648424912145,-0.0023403496201543916,-0.03657591759477688,,,,58.66063232770572,40.863593377372396,,,0.030581558269601575,0.4617360852258841,375,0.10233632950278759,0.10115593319684865,0.0008604126564779602,-0.017580614336116518,,,,58.566897265097154,40.33470682622846,,,0.03898823376727411,0.5123002646954411,-0.033595403345090466,-0.0204094489477272,-0.003200762276632352,-0.018995303258660362,,,,0.09373506260856601,0.528886551143934,,,-0.008406675497672534,-0.05056417946955699
SPATIAL_MEAN_MINUS_PREPROJECTOR,Z3,Z2,2026,LOCAL0,dynamic,adjacent_percent_change_new_extension,raw,SPH,,T1->T2,prefix,natural_target,375,0.06638161338036182,0.07037401363362152,-0.01142250232887565,-0.03981839249253949,,,,58.92579346749821,41.21831444058238,,,0.039285113040472205,0.3550571945669363,375,0.07311685060871545,0.0616699419523371,-0.031618722340788,-0.06717850277953932,,,,59.51120458908209,41.5801481178458,,,0.06236252566322111,0.24695151328777512,-0.006735237228353633,0.008704071681284418,0.020196220011912347,0.027360110286999834,,,,-0.5854111215838813,-0.3618336772634194,,,-0.023077412622748907,0.10810568127916118
SPATIAL_MEAN_MINUS_PREPROJECTOR,Z3,Z2,2026,LOCAL3,dynamic,adjacent_percent_change_new_extension,raw,SPH,,T1->T2,prefix,natural_target,375,0.07405029013539652,0.0828560439737569,-0.012838930983058106,-0.0451760596156047,,,,58.967039821572165,41.310830527398764,,,0.04972647514525659,0.37156119932293336,375,0.10644692228922518,0.08863725327048581,-0.01766031093911824,-0.04776602647783784,,,,59.10722250975129,41.319804388497964,,,0.06166735189631516,0.35693459240702524,-0.03239663215382867,-0.005781209296728915,0.0048213799560601345,0.002589966862233145,,,,-0.14018268817912372,-0.008973861099200064,,,-0.011940876751058573,0.014626606915908114
SPATIAL_MEAN_MINUS_PREPROJECTOR,Z3,Z2,3026,LOCAL0,dynamic,adjacent_percent_change_new_extension,raw,SPH,,T1->T2,prefix,natural_target,375,0.07555467061099101,0.08208361961816141,-0.009401802046927532,-0.05141393120945556,,,,58.866900720281166,41.35549197805819,,,0.043733115929237266,0.392510508555308,375,0.06895710547275002,0.06906937923917408,-0.029077270270851274,-0.0693533066146667,,,,59.43785474778932,41.561703421884694,,,0.06395366090729449,0.27311958750611304,0.006597565138240988,0.013014240378987324,0.019675468223923742,0.017939375405211136,,,,-0.5709540275081579,-0.20621144382650414,,,-0.02022054497805722,0.11939092104919496
SPATIAL_MEAN_MINUS_PREPROJECTOR,Z3,Z2,3026,LOCAL3,dynamic,adjacent_percent_change_new_extension,raw,SPH,,T1->T2,prefix,natural_target,375,0.08201228808738195,0.08115512690661371,-0.011848495400874848,-0.060540536296829685,,,,58.93820140639201,41.530532400614725,,,0.047053819889734165,0.3741265406956618,375,0.09079736033678462,0.08595959102832088,-0.02579537249153141,-0.07395807947521794,,,,59.34300048152352,41.35910925260961,,,0.07185290722591985,0.3206802165589019,-0.00878507224940267,-0.0048044641217071665,0.013946877090656562,0.01341754317838826,,,,-0.4047990751315069,0.17142314800511116,,,-0.02479908733618568,0.053446324136759926
SPATIAL_MEAN_MINUS_PREPROJECTOR,Z3,Z2,2026,LOCAL0,dynamic,adjacent_percent_change_new_extension,raw,SPH,,T2->T3,difference,natural_target,375,0.09828649448173854,0.10759343421729542,0.008854978216427667,-0.02113834599127638,,,,64.16707724035382,40.617002749785826,,,0.024582796472415246,0.6862306743029426,375,0.1365183752417795,0.1702477034405098,0.028561979062204257,-0.008356348275543865,,,,63.52595529006495,40.19342821372889,,,0.03337874895466681,0.931850482927593,-0.03823188076004097,-0.06265426922321438,-0.01970700084577659,-0.012781997715732515,,,,0.6411219502888699,0.4235745360569325,,,-0.008795952482251564,-0.24561980862465038
SPATIAL_MEAN_MINUS_PREPROJECTOR,Z3,Z2,2026,LOCAL3,dynamic,adjacent_percent_change_new_extension,raw,SPH,,T2->T3,difference,natural_target,375,0.10155649106838094,0.10788733271605695,0.008831902447685613,-0.021819573139857256,,,,64.16782420269756,40.53494836335604,,,0.024309573702255474,0.6919612662045787,375,0.14255228126066674,0.18045554911256556,0.03217589216961281,-0.00821252209954288,,,,63.40768155969933,40.18224375057975,,,0.03378752255936188,0.981730010330588,-0.0409957901922858,-0.07256821639650861,-0.023343989721927194,-0.013607051040314375,,,,0.7601426429982325,0.35270461277628584,,,-0.009477948857106403,-0.2897687441260094
SPATIAL_MEAN_MINUS_PREPROJECTOR,Z3,Z2,3026,LOCAL0,dynamic,adjacent_percent_change_new_extension,raw,SPH,,T2->T3,difference,natural_target,375,0.05591284560245762,0.11148195906296962,0.0023677478849770672,-0.05265667289197792,,,,64.37672753614169,41.72259652440061,,,0.04422295518043611,0.5301279614232195,375,0.08844783251792014,0.10303191675592754,0.0006167454741889955,-0.048570947720340825,,,,64.4331984382239,41.378036555280346,,,0.04002998149332576,0.514966626574052,-0.03253498691546252,0.008450042307042077,0.0017510024107880717,-0.004085725171637092,,,,-0.05647090208221073,0.34455996912026166,,,0.00419297368711035,0.015161334849167485
SPATIAL_MEAN_MINUS_PREPROJECTOR,Z3,Z2,3026,LOCAL3,dynamic,adjacent_percent_change_new_extension,raw,SPH,,T2->T3,difference,natural_target,375,0.052071452952554324,0.05204612545739758,-0.013088733399871044,-0.0530464583687852,,,,64.87351038438673,41.311215735810045,,,0.03074135334916051,0.2968430688706282,375,0.10120992149277508,0.10706889409236699,0.0015628976881035817,-0.04150857360929686,,,,64.40269059800163,41.27905737312551,,,0.04130978351182946,0.526789193599481,-0.049138468540220755,-0.05502276863496941,-0.014651631087974626,-0.011537884759488339,,,,0.4708197863851069,0.03215836268453387,,,-0.010568430162668955,-0.22994612472885273
SPATIAL_MEAN_MINUS_PREPROJECTOR,Z3,Z2,2026,LOCAL0,dynamic,adjacent_percent_change_new_extension,raw,SPH,,T2->T3,prefix,natural_target,375,0.061941745363522586,0.0607357070993945,-0.013417449224522704,-0.05450755909343505,,,,64.88403425027364,41.1932227865504,,,0.03558800803658346,0.3219528337711476,375,0.09484992604391854,0.12541072549593835,0.005918586534119918,-0.045505653475386355,,,,64.26205845897013,40.82693398358863,,,0.04994764715660963,0.5611476683334892,-0.03290818068039595,-0.06467501839654385,-0.019336035758642622,-0.009001905618048693,,,,0.6219757913035124,0.366288802961769,,,-0.01435963912002617,-0.23919483456234159
SPATIAL_MEAN_MINUS_PREPROJECTOR,Z3,Z2,2026,LOCAL3,dynamic,adjacent_percent_change_new_extension,raw,SPH,,T2->T3,prefix,natural_target,375,0.048564569348048696,0.060038667969189274,-0.013097862032560137,-0.05567936236333071,,,,64.87380266140747,41.18057284531083,,,0.03461030019158559,0.3227218461254218,375,0.08990920468767777,0.13459336449269382,0.008987945734065916,-0.04773791167989258,,,,64.1627729140622,40.95343653798704,,,0.052036514038980686,0.5900238294038189,-0.04134463533962907,-0.07455469652350455,-0.022085807766626053,-0.007941450683438128,,,,0.7110297473452647,0.2271363073237893,,,-0.017426213847395094,-0.2673019832783971
SPATIAL_MEAN_MINUS_PREPROJECTOR,Z3,Z2,3026,LOCAL0,dynamic,adjacent_percent_change_new_extension,raw,SPH,,T2->T3,prefix,natural_target,375,0.06425645693480488,0.08868770783094386,-0.0010010639393636112,-0.04289330807034414,,,,64.48532983137548,41.37592808612831,,,0.032593900865726146,0.49124173930875786,375,0.06991830697462738,0.13137081383705368,0.005485996833330842,-0.0711145533813035,,,,64.27603924596656,41.79467781717855,,,0.055086398388245264,0.5597275725177662,-0.0056618500398225025,-0.04268310600610982,-0.006487060772694453,0.02822124531095936,,,,0.20929058540892242,-0.4187497310502408,,,-0.02249249752251912,-0.0684858332090083
SPATIAL_MEAN_MINUS_PREPROJECTOR,Z3,Z2,3026,LOCAL3,dynamic,adjacent_percent_change_new_extension,raw,SPH,,T2->T3,prefix,natural_target,375,0.057726931391512123,0.08516966531866597,-0.0025832624240480495,-0.04714548578285803,,,,64.5362729870016,41.46849424414036,,,0.033313299628669114,0.4666337162085268,375,0.07169734895892593,0.12857758701663385,0.0029011133076524143,-0.06924487721150117,,,,64.35951632882305,41.85133086933388,,,0.057713510380417464,0.535212842497899,-0.01397041756741381,-0.04340792169796788,-0.005484375731700464,0.022099391428643145,,,,0.17675665817854735,-0.38283662519351935,,,-0.02440021075174835,-0.06857912628937224
SPATIAL_MEAN_MINUS_PREPROJECTOR,Z3,Z2,2026,LOCAL0,dynamic,adjacent_percent_change_new_extension,residual_ftv,BPE,,T0->T1,difference,goal6_transformed_standardized_residual,375,0.05555685201868023,0.042999449641078616,,-0.02520666817297076,0.05555685201868023,-0.02520666817297076,0.08203843890469242,,,34.55485009682289,24.199625778065634,0.027247980074057834,0.40107311854045935,375,0.019237225931325038,-0.02434117182412418,,-0.0524685463291471,0.019237225931325038,-0.0524685463291471,0.058877852627964966,,,34.98805191399369,24.377451324701582,0.027371754785095313,-0.047173571692150064,0.036319626087355186,0.0673406214652028,,0.027261878156176342,0.036319626087355186,0.027261878156176342,0.023160586276727457,,,-0.4332018171707972,-0.17782554663594752,-0.000123774711037479,0.44824669023260943
SPATIAL_MEAN_MINUS_PREPROJECTOR,Z3,Z2,2026,LOCAL3,dynamic,adjacent_percent_change_new_extension,residual_ftv,BPE,,T0->T1,difference,goal6_transformed_standardized_residual,375,0.05493528560959581,0.034308422076215074,,-0.022696243780977426,0.05493528560959581,-0.022696243780977426,0.0829799404991628,,,34.537125066682904,24.17386360750594,0.026229144804156078,0.23107712194165023,375,0.0032132067191888583,-0.04484770463919263,,-0.05536831867110643,0.0032132067191888583,-0.05536831867110643,0.05616244668776771,,,35.038490814273146,24.522788534727848,0.0282527721294768,-0.2904399676185468,0.051722078890406954,0.0791561267154077,,0.032672074890129,0.051722078890406954,0.032672074890129,0.026817493811395088,,,-0.501365747590242,-0.3489249272219084,-0.002023627325320722,0.521517089560197
SPATIAL_MEAN_MINUS_PREPROJECTOR,Z3,Z2,3026,LOCAL0,dynamic,adjacent_percent_change_new_extension,residual_ftv,BPE,,T0->T1,difference,goal6_transformed_standardized_residual,375,0.011786018940929234,0.0025437608014033087,,-0.029031371518940606,0.011786018940929234,-0.029031371518940606,0.08084121568985325,,,34.57737630620755,24.325027937034232,0.033265110762087345,-0.2266367438717269,375,-0.01605876467530084,-0.02236111883015207,,-0.043499947873508325,-0.01605876467530084,-0.043499947873508325,0.0704158269338615,,,34.77291715053439,24.593564724950266,0.03173079587044296,-0.23961147093352603,0.027844783616230072,0.02490487963155538,,0.01446857635456772,0.027844783616230072,0.01446857635456772,0.010425388755991749,,,-0.1955408443268425,-0.26853678791603386,0.0015343148916443852,0.01297472706179914
SPATIAL_MEAN_MINUS_PREPROJECTOR,Z3,Z2,3026,LOCAL3,dynamic,adjacent_percent_change_new_extension,residual_ftv,BPE,,T0->T1,difference,goal6_transformed_standardized_residual,375,0.012543291024166825,0.0013774144776977978,,-0.023562337169052015,0.012543291024166825,-0.023562337169052015,0.08579112195192251,,,34.48414659166302,24.14819477321965,0.015038685377926922,-0.0613166777506829,375,-0.050377743764975995,-0.05393134466945818,,-0.05919297553756327,-0.050377743764975995,-0.05919297553756327,0.062304364516292066,,,34.92430020080338,24.81572379447488,0.03344539879542323,-0.4515983348293225,0.06292103478914282,0.05530875914715598,,0.035630638368511255,0.06292103478914282,0.035630638368511255,0.023486757435630445,,,-0.44015360914035995,-0.6675290212552305,-0.018406713417496307,0.3902816570786396
SPATIAL_MEAN_MINUS_PREPROJECTOR,Z3,Z2,2026,LOCAL0,dynamic,adjacent_percent_change_new_extension,residual_ftv,BPE,,T0->T1,prefix,goal6_transformed_standardized_residual,375,0.042249041300414174,0.048896272976521216,,-0.10475615564920403,0.042249041300414174,-0.10475615564920403,0.02245340193974288,,,35.65869946901249,25.377738113474102,0.14646652026957482,0.1705963796976567,375,0.008346493375092004,-0.010939249390783617,,-0.06812037866252514,0.008346493375092004,-0.06812037866252514,0.044523863197070246,,,35.25386100026299,24.943072401476254,0.05284008151343276,-0.0447203951287486,0.03390254792532217,0.059835522367304834,,-0.036635776986678886,0.03390254792532217,-0.036635776986678886,-0.022070461257327367,,,0.404838468749503,0.4346657119978481,0.09362643875614207,0.2153167748264053
SPATIAL_MEAN_MINUS_PREPROJECTOR,Z3,Z2,2026,LOCAL3,dynamic,adjacent_percent_change_new_extension,residual_ftv,BPE,,T0->T1,prefix,goal6_transformed_standardized_residual,375,0.04579825870880167,0.012393372174745926,,-0.1425386884451477,0.04579825870880167,-0.1425386884451477,-0.007189521068927673,,,36.19531534534081,25.79669829514702,0.15031300567849024,0.0006199365053324755,375,-0.007196608018653064,-0.029370173412335287,,-0.07567922315808075,-0.007196608018653064,-0.07567922315808075,0.03792117590495203,,,35.37545978375947,25.032743119915306,0.05241358636613098,-0.12209745327094736,0.05299486672745474,0.041763545587081216,,-0.06685946528706695,0.05299486672745474,-0.06685946528706695,-0.045110696973879705,,,0.8198555615813419,0.7639551752317146,0.09789941931235926,0.12271738977627983
SPATIAL_MEAN_MINUS_PREPROJECTOR,Z3,Z2,3026,LOCAL0,dynamic,adjacent_percent_change_new_extension,residual_ftv,BPE,,T0->T1,prefix,goal6_transformed_standardized_residual,375,0.03495337385450766,0.043650086497497055,,-0.051009069569735034,0.03495337385450766,-0.051009069569735034,0.06478395646413337,,,34.87809366273056,24.553809761080934,0.057734412222016314,0.2563065824102529,375,-0.018015143824047848,-0.017124838270992915,,-0.06902068788810593,-0.018015143824047848,-0.06902068788810593,0.051344726691014975,,,35.12780214364922,24.84684678399865,0.050853635401566344,-0.060178692665901486,0.05296851767855551,0.060774924768489974,,0.0180116183183709,0.05296851767855551,0.0180116183183709,0.0134392297731184,,,-0.24970848091865605,-0.2930370229177157,0.00688077682044997,0.31648527507615437
SPATIAL_MEAN_MINUS_PREPROJECTOR,Z3,Z2,3026,LOCAL3,dynamic,adjacent_percent_change_new_extension,residual_ftv,BPE,,T0->T1,prefix,goal6_transformed_standardized_residual,375,0.04185833155017076,0.03897273018914307,,-0.025718189934585686,0.04185833155017076,-0.025718189934585686,0.08357029590133136,,,34.526006192717574,24.20741968440233,0.031507922430917136,0.1965500561651354,375,-0.031241171441977206,-0.0372751799054472,,-0.0768553505246501,-0.031241171441977206,-0.0768553505246501,0.04873209335236339,,,35.176140548403254,24.94629882236925,0.04884292963482615,-0.16590979975135503,0.07309950299214797,0.07624791009459028,,0.051137160590064415,0.07309950299214797,0.051137160590064415,0.03483820254896797,,,-0.6501343556856796,-0.7388791379669222,-0.017335007203909014,0.36245985591649044
SPATIAL_MEAN_MINUS_PREPROJECTOR,Z3,Z2,2026,LOCAL0,dynamic,adjacent_percent_change_new_extension,residual_ftv,BPE,,T1->T2,difference,goal6_transformed_standardized_residual,375,0.20186738201147436,0.18975053083749027,,0.0030661071315676624,0.20186738201147436,0.0030661071315676624,0.04947345665501168,,,35.40714144054843,25.028562778914576,0.04924818326435005,0.9514125137592988,375,0.18903849383183635,0.18943924096425133,,0.005820139607419868,0.18903849383183635,0.005820139607419868,0.04622513861547506,,,35.467589811528825,25.166717428208187,0.055196094932572076,0.8192938139120414,0.01282888817963801,0.00031128987323894575,,-0.0027540324758522057,0.01282888817963801,-0.0027540324758522057,0.003248318039536624,,,-0.060448370980395794,-0.138154649293611,-0.0059479116682220265,0.13211869984725744
SPATIAL_MEAN_MINUS_PREPROJECTOR,Z3,Z2,2026,LOCAL3,dynamic,adjacent_percent_change_new_extension,residual_ftv,BPE,,T1->T2,difference,goal6_transformed_standardized_residual,375,0.1965695131002221,0.1716177947634882,,-0.023110014344749647,0.1965695131002221,-0.023110014344749647,0.029556591093359175,,,35.77617026140739,25.307448386429314,0.06873122497484863,0.8492609763321549,375,0.1688612868915694,0.16510205252409677,,-0.014583740820390732,0.1688612868915694,-0.014583740820390732,0.030712393028481833,,,35.75485913402472,25.39980393207511,0.06344614429563103,0.6963378495293943,0.02770822620865271,0.006515742239391442,,-0.008526273524358915,0.02770822620865271,-0.008526273524358915,-0.0011558019351226578,,,0.02131112738266694,-0.09235554564579473,0.005285080679217596,0.15292312680276066
SPATIAL_MEAN_MINUS_PREPROJECTOR,Z3,Z2,3026,LOCAL0,dynamic,adjacent_percent_change_new_extension,residual_ftv,BPE,,T1->T2,difference,goal6_transformed_standardized_residual,375,0.1404771161194462,0.14231735294449668,,-0.04188245315444015,0.1404771161194462,-0.04188245315444015,0.015294364740309652,,,36.03810555632253,25.38914461744501,0.07434482882779479,0.7846761358896762,375,0.12666291565901835,0.1475563058788763,,-0.03288796037146756,0.12666291565901835,-0.03288796037146756,0.015857597396189194,,,36.02779753100923,25.521569164611012,0.06710375149574288,0.6918539511174414,0.013814200460427833,-0.00523895293437962,,-0.00899449278297259,0.013814200460427833,-0.00899449278297259,-0.000563232655879542,,,0.010308025313300107,-0.1324245471660035,0.007241077332051912,0.0928221847722348
SPATIAL_MEAN_MINUS_PREPROJECTOR,Z3,Z2,3026,LOCAL3,dynamic,adjacent_percent_change_new_extension,residual_ftv,BPE,,T1->T2,difference,goal6_transformed_standardized_residual,375,0.1535714116005043,0.17013622624515928,,-0.004518256987331618,0.1535714116005043,-0.004518256987331618,0.04359860552577077,,,35.51639207907573,25.192430198235417,0.053388082839085936,0.8166152448919508,375,0.1440165336860234,0.16959585264642305,,-0.02179990665326811,0.1440165336860234,-0.02179990665326811,0.021274177457869303,,,35.92851479168781,25.39100058137211,0.07016826171468114,0.7700089289597649,0.009554877914480897,0.0005403735987362379,,0.017281649665936493,0.009554877914480897,0.017281649665936493,0.02232442806790147,,,-0.41212271261208144,-0.19857038313669406,-0.016780178875595207,0.04660631593218589
SPATIAL_MEAN_MINUS_PREPROJECTOR,Z3,Z2,2026,LOCAL0,dynamic,adjacent_percent_change_new_extension,residual_ftv,BPE,,T1->T2,prefix,goal6_transformed_standardized_residual,375,0.20302485621150454,0.20058528153393237,,0.005690741101081501,0.20302485621150454,0.005690741101081501,0.050631663924613934,,,35.38556323806483,24.89258484648567,0.07987806503144357,0.7639246307064161,375,0.19937978698316355,0.1935193658231704,,-0.0027117532213571127,0.19937978698316355,-0.0027117532213571127,0.04163785980907786,,,35.552780021710205,25.267691516000458,0.10000935930805127,0.63463418891823,0.003645069228340986,0.007065915710761983,,0.008402494322438614,0.003645069228340986,0.008402494322438614,0.008993804115536075,,,-0.1672167836453724,-0.3751066695147891,-0.020131294276607703,0.12929044178818616
SPATIAL_MEAN_MINUS_PREPROJECTOR,Z3,Z2,2026,LOCAL3,dynamic,adjacent_percent_change_new_extension,residual_ftv,BPE,,T1->T2,prefix,goal6_transformed_standardized_residual,375,0.1938745935895662,0.18028508959277795,,-0.047844928942749776,0.1938745935895662,-0.047844928942749776,0.009725351546541972,,,36.139868823011575,25.410998737896527,0.13281437408623586,0.6431305750385456,375,0.18121004814475797,0.18266447137917627,,-0.010854909257386683,0.18121004814475797,-0.010854909257386683,0.0358387392839441,,,35.66018404622647,25.38458192467188,0.09998226803171274,0.5931629255429183,0.012664545444808245,-0.0023793817863983213,,-0.03699001968536309,0.012664545444808245,-0.03699001968536309,-0.026113387737402127,,,0.47968477678510624,0.026416813224646063,0.03283210605452312,0.049967649495627375
SPATIAL_MEAN_MINUS_PREPROJECTOR,Z3,Z2,3026,LOCAL0,dynamic,adjacent_percent_change_new_extension,residual_ftv,BPE,,T1->T2,prefix,goal6_transformed_standardized_residual,375,0.1438030923606278,0.15456828773433048,,-0.07487231901848475,0.1438030923606278,-0.07487231901848475,-0.008549584432660184,,,36.47181436677703,25.93794763146536,0.16231428511610446,0.5682493897259588,375,0.16858441423135834,0.168828179646096,,-0.017435622362668664,0.16858441423135834,-0.017435622362668664,0.029939344593002182,,,35.769114309084934,24.969921301733145,0.06748959654106766,0.7300596666188601,-0.02478132187073054,-0.014259891911765521,,-0.057436696655816084,-0.02478132187073054,-0.057436696655816084,-0.038488929025662366,,,0.7027000576920983,0.9680263297322149,0.0948246885750368,-0.16181027689290128
SPATIAL_MEAN_MINUS_PREPROJECTOR,Z3,Z2,3026,LOCAL3,dynamic,adjacent_percent_change_new_extension,residual_ftv,BPE,,T1->T2,prefix,goal6_transformed_standardized_residual,375,0.16413286200909866,0.16495226456755438,,-0.02504708544840847,0.16413286200909866,-0.02504708544840847,0.027839077029943926,,,35.80781502906815,25.205070174788094,0.10309278729158693,0.6188482481680238,375,0.17292051692991678,0.18282432102754242,,-0.009220910244115865,0.17292051692991678,-0.009220910244115865,0.035976055561110276,,,35.65764458613996,24.93850250336504,0.07704342431593506,0.711508079094055,-0.008787654920818122,-0.017872056459988045,,-0.015826175204292605,-0.008787654920818122,-0.015826175204292605,-0.00813697853116635,,,0.15017044292819293,0.26656767142305426,0.02604936297565187,-0.09265983092603125
SPATIAL_MEAN_MINUS_PREPROJECTOR,Z3,Z2,2026,LOCAL0,dynamic,adjacent_percent_change_new_extension,residual_ftv,BPE,,T2->T3,difference,goal6_transformed_standardized_residual,375,0.14597180256238945,0.11123715930772529,,-0.0335968893048326,0.14597180256238945,-0.0335968893048326,0.03757045174373952,,,45.012336037774894,29.160577719451616,0.0484193440719001,0.8263901361252309,375,0.15159299931241446,0.1483134118741255,,-0.021175243858869305,0.15159299931241446,-0.021175243858869305,0.034874555004702934,,,45.07533480504004,28.657585445815876,0.05639016578365066,0.9294698177092751,-0.005621196750025009,-0.03707625256640021,,-0.012421645445963296,-0.005621196750025009,-0.012421645445963296,0.002695896739036585,,,-0.06299876726514952,0.5029922736357406,-0.007970821711750557,-0.10307968158404412
SPATIAL_MEAN_MINUS_PREPROJECTOR,Z3,Z2,2026,LOCAL3,dynamic,adjacent_percent_change_new_extension,residual_ftv,BPE,,T2->T3,difference,goal6_transformed_standardized_residual,375,0.12350111347721021,0.11776173423935897,,-0.041545753512969553,0.12350111347721021,-0.041545753512969553,0.037887250247968685,,,45.00492717631113,29.3489840777665,0.05139902206467847,0.9103159001076151,375,0.16340823383668993,0.14983067248891244,,-0.021734104494390692,0.16340823383668993,-0.021734104494390692,0.035155660032753944,,,45.068769945469086,28.77803610115689,0.05207728151046958,0.9963426808622773,-0.039907120359479714,-0.032068938249553466,,-0.01981164901857886,-0.039907120359479714,-0.01981164901857886,0.002731590215214741,,,-0.06384276915795795,0.5709479766096095,-0.0006782594457911059,-0.08602678075466219
SPATIAL_MEAN_MINUS_PREPROJECTOR,Z3,Z2,3026,LOCAL0,dynamic,adjacent_percent_change_new_extension,residual_ftv,BPE,,T2->T3,difference,goal6_transformed_standardized_residual,375,0.1747074868350039,0.14232660382367704,,-0.039526213624248255,0.1747074868350039,-0.039526213624248255,0.03044843383375684,,,45.17857562097515,29.181912051166524,0.06030376203971586,0.935308033769278,375,0.12269723009339407,0.1139235980679069,,-0.04885523849972304,0.12269723009339407,-0.04885523849972304,0.015381632204313211,,,45.52825918064088,29.025885609261906,0.09068159420442762,0.5104948289834095,0.05201025674160982,0.028403005755770136,,0.009329024875474788,0.05201025674160982,0.009329024875474788,0.015066801629443627,,,-0.34968355966572773,0.15602644190461845,-0.03037783216471176,0.4248132047858685
SPATIAL_MEAN_MINUS_PREPROJECTOR,Z3,Z2,3026,LOCAL3,dynamic,adjacent_percent_change_new_extension,residual_ftv,BPE,,T2->T3,difference,goal6_transformed_standardized_residual,375,0.14316279705947058,0.1090234437493556,,-0.1443899532871579,0.14316279705947058,-0.1443899532871579,-0.017743010648726854,,,46.287757667269574,30.409099213854333,0.150244889718186,0.5822559460607251,375,0.12610315282835335,0.1143256743448937,,-0.06911345632308141,0.12610315282835335,-0.06911345632308141,0.010301169408647892,,,45.64556707813433,29.568426334162854,0.11797474162874433,0.3874508906887698,0.01705964423111722,-0.005302230595538096,,-0.07527649696407648,0.01705964423111722,-0.07527649696407648,-0.028044180057374746,,,0.6421905891352466,0.8406728796914784,0.032270148089441675,0.19480505537195525
SPATIAL_MEAN_MINUS_PREPROJECTOR,Z3,Z2,2026,LOCAL0,dynamic,adjacent_percent_change_new_extension,residual_ftv,BPE,,T2->T3,prefix,goal6_transformed_standardized_residual,375,0.091084684092636,0.09892469285213841,,-0.04306681194743791,0.091084684092636,-0.04306681194743791,0.04294316120681585,,,44.886520770736354,29.607647939361478,0.08277205172374962,0.3453333976220612,375,0.1256857220408041,0.14286856563459382,,-0.03332559440201871,0.1256857220408041,-0.03332559440201871,0.03735544390258816,,,45.017363660189055,29.399224375520667,0.09068950723977938,0.5372615968358403,-0.034601037948168115,-0.043943872782455415,,-0.0097412175454192,-0.034601037948168115,-0.0097412175454192,0.005587717304227691,,,-0.13084288945270117,0.2084235638408103,-0.007917455516029764,-0.19192819921377907
SPATIAL_MEAN_MINUS_PREPROJECTOR,Z3,Z2,2026,LOCAL3,dynamic,adjacent_percent_change_new_extension,residual_ftv,BPE,,T2->T3,prefix,goal6_transformed_standardized_residual,375,0.10653606413208544,0.10145472797610151,,-0.045178266596156334,0.10653606413208544,-0.045178266596156334,0.040814339183924186,,,44.936414534672004,29.60782950012895,0.08052708014383889,0.3965933684634619,375,0.13261216491568814,0.14990741191844273,,-0.030738552648401432,0.13261216491568814,-0.030738552648401432,0.03781715522771989,,,45.00656657035663,29.36660722413415,0.0930491535301444,0.56265296465292,-0.0260761007836027,-0.048452683942341215,,-0.014439713947754902,-0.0260761007836027,-0.014439713947754902,0.002997183956204297,,,-0.0701520356846288,0.24122227599480084,-0.01252207338630551,-0.16605959618945815
SPATIAL_MEAN_MINUS_PREPROJECTOR,Z3,Z2,3026,LOCAL0,dynamic,adjacent_percent_change_new_extension,residual_ftv,BPE,,T2->T3,prefix,goal6_transformed_standardized_residual,375,0.1595528920827325,0.1461769821409854,,-0.027963447448356705,0.1595528920827325,-0.027963447448356705,0.04042956219150495,,,44.94542674443982,29.274634802773004,0.06859361445445833,0.6677228710109702,375,0.12193484074551086,0.11598663742130887,,-0.08485594557995978,0.12193484074551086,-0.08485594557995978,0.003870208342585446,,,45.793627044763696,30.191402447938792,0.15866616219309196,0.28741788858950734,0.037618051337221625,0.030190344719676535,,0.056892498131603075,0.037618051337221625,0.056892498131603075,0.03655935384891951,,,-0.8482003003238745,-0.9167676451657876,-0.09007254773863363,0.3803049824214628
SPATIAL_MEAN_MINUS_PREPROJECTOR,Z3,Z2,3026,LOCAL3,dynamic,adjacent_percent_change_new_extension,residual_ftv,BPE,,T2->T3,prefix,goal6_transformed_standardized_residual,375,0.15779963455839213,0.1375030852790313,,-0.03704726836275549,0.15779963455839213,-0.03704726836275549,0.034437873536026675,,,45.08553106372276,29.27620480998209,0.07343299192532587,0.6243760430716188,375,0.12963509829939523,0.11592348069885774,,-0.08453852769085572,0.12963509829939523,-0.08453852769085572,0.005037214273499457,,,45.76679464994062,30.194994681855526,0.1524209440119935,0.2946339884399829,0.028164536258996897,0.02157960458017355,,0.047491259328100235,0.028164536258996897,0.047491259328100235,0.029400659262527218,,,-0.6812635862178595,-0.918789871873436,-0.07898795208666762,0.32974205463163586
SPATIAL_MEAN_MINUS_PREPROJECTOR,Z3,Z2,2026,LOCAL0,dynamic,adjacent_percent_change_new_extension,residual_ftv,LD,,T0->T1,difference,goal6_transformed_standardized_residual,375,0.09645868932544852,0.09502519896282421,,-0.012011308608077205,0.09645868932544852,-0.012011308608077205,0.061198518743834085,,,34.82463890637437,17.72062806995254,0.011284024509442707,1.2325431463896297,375,0.09477151654634539,0.08596723568390295,,-0.021660206354034216,0.09477151654634539,-0.021660206354034216,0.057507269205924416,,,34.89303479492424,17.954069012408237,0.04263065839481744,0.4485369089726104,0.00168717277910313,0.009057963278921263,,0.009648897745957011,0.00168717277910313,0.009648897745957011,0.003691249537909669,,,-0.06839588854987255,-0.23344094245569735,-0.03134663388537473,0.7840062374170194
SPATIAL_MEAN_MINUS_PREPROJECTOR,Z3,Z2,2026,LOCAL3,dynamic,adjacent_percent_change_new_extension,residual_ftv,LD,,T0->T1,difference,goal6_transformed_standardized_residual,375,0.11700606275423575,0.10742393499665942,,-0.01093851638153738,0.11700606275423575,-0.01093851638153738,0.06007187002066239,,,34.84552903669005,17.713897916544965,0.011735094251476653,1.3832692761785954,375,0.06953280511834967,0.0662593400192641,,-0.02091793766761679,0.06953280511834967,-0.02091793766761679,0.04677365847660386,,,35.091162556335895,17.888340480281688,0.028050462596108272,0.379220326089721,0.047473257635886085,0.041164594977395316,,0.009979421286079409,0.047473257635886085,0.009979421286079409,0.013298211544058525,,,-0.24563351964584257,-0.17444256373672218,-0.01631536834463162,1.0040489500888743
SPATIAL_MEAN_MINUS_PREPROJECTOR,Z3,Z2,3026,LOCAL0,dynamic,adjacent_percent_change_new_extension,residual_ftv,LD,,T0->T1,difference,goal6_transformed_standardized_residual,375,0.08245520039048262,0.08781639172128675,,-0.010203191956078645,0.08245520039048262,-0.010203191956078645,0.06029697236535603,,,34.841356228301485,17.740829844426663,0.01572721452614923,0.6833246264864836,375,0.08069292980584539,0.0918320802310698,,-0.02435612248434448,0.08069292980584539,-0.02435612248434448,0.06123971602343914,,,34.82387479588103,18.047272510760507,0.03520440489677167,0.5662638249662391,0.0017622705846372377,-0.0040156885097830525,,0.014152930528265833,0.0017622705846372377,0.014152930528265833,-0.0009427436580831117,,,0.017481432420453302,-0.30644266633384376,-0.01947719037062244,0.11706080152024456
SPATIAL_MEAN_MINUS_PREPROJECTOR,Z3,Z2,3026,LOCAL3,dynamic,adjacent_percent_change_new_extension,residual_ftv,LD,,T0->T1,difference,goal6_transformed_standardized_residual,375,0.09927684987141237,0.1153726072066404,,-0.0055478927713201315,0.09927684987141237,-0.0055478927713201315,0.06210475482355815,,,34.80782653192671,17.69206834043078,0.01671002098628829,0.9277908517652929,375,0.07314602962079031,0.10439140936546312,,-0.019008946671418853,0.07314602962079031,-0.019008946671418853,0.06094292413727265,,,34.829379197214585,18.08178504460468,0.033799791476031,0.6041099573429045,0.026130820250622064,0.010981197841177279,,0.013461053900098722,0.026130820250622064,0.013461053900098722,0.0011618306862855032,,,-0.021552665287877915,-0.3897167041738996,-0.017089770489742712,0.32368089442238834
SPATIAL_MEAN_MINUS_PREPROJECTOR,Z3,Z2,2026,LOCAL0,dynamic,adjacent_percent_change_new_extension,residual_ftv,LD,,T0->T1,prefix,goal6_transformed_standardized_residual,375,0.025916807150439987,0.06956468527164178,,-0.021469766230134343,0.025916807150439987,-0.021469766230134343,0.054468184297569056,,,34.949246129625145,17.853101054908187,0.02552796345390335,0.4928364017022662,375,0.05224443424443615,0.06854782375315294,,-0.026043988044823416,0.05224443424443615,-0.026043988044823416,0.05507123534345726,,,34.9380992064337,18.054527149200105,0.04146771615245286,0.3509690245897591,-0.026327627093996164,0.001016861518488843,,0.004574221814689073,-0.026327627093996164,0.004574221814689073,-0.0006030510458882032,,,0.011146923191446945,-0.20142609429191793,-0.015939752698549508,0.14186737711250713
SPATIAL_MEAN_MINUS_PREPROJECTOR,Z3,Z2,2026,LOCAL3,dynamic,adjacent_percent_change_new_extension,residual_ftv,LD,,T0->T1,prefix,goal6_transformed_standardized_residual,375,0.03619087449372927,0.07833384093866821,,-0.019674049146040675,0.03619087449372927,-0.019674049146040675,0.05292478069469697,,,34.97775854844881,17.83243350237602,0.024251848443078653,0.6001812219643023,375,0.03455485238645356,0.049460652392426294,,-0.0363282034834023,0.03455485238645356,-0.0363282034834023,0.04248757326689678,,,35.16996599292231,18.134497187333263,0.04182327641031322,0.2783398093099003,0.00163602210727571,0.02887318854624192,,0.016654154337361626,0.00163602210727571,0.016654154337361626,0.010437207427800188,,,-0.19220744447349603,-0.30206368495724334,-0.017571427967234567,0.321841412654402
SPATIAL_MEAN_MINUS_PREPROJECTOR,Z3,Z2,3026,LOCAL0,dynamic,adjacent_percent_change_new_extension,residual_ftv,LD,,T0->T1,prefix,goal6_transformed_standardized_residual,375,0.01460672295985916,0.02885221534764199,,-0.037818675888719365,0.01460672295985916,-0.037818675888719365,0.04416212165869893,,,35.13919898664579,18.00328384104969,0.030933658383262834,0.14690982376207104,375,0.02808546372381729,0.036713652797771036,,-0.045267280376533554,0.02808546372381729,-0.045267280376533554,0.047425951711173364,,,35.07915405209367,18.145767031928568,0.04214249745489784,0.18857922434651395,-0.013478740763958129,-0.007861437450129048,,0.007448604487814189,-0.013478740763958129,0.007448604487814189,-0.003263830052474437,,,0.06004493455211701,-0.1424831908788775,-0.011208839071635009,-0.041669400584442906
SPATIAL_MEAN_MINUS_PREPROJECTOR,Z3,Z2,3026,LOCAL3,dynamic,adjacent_percent_change_new_extension,residual_ftv,LD,,T0->T1,prefix,goal6_transformed_standardized_residual,375,0.02894848127999475,0.04772865234750086,,-0.032525350378851146,0.02894848127999475,-0.032525350378851146,0.04627485780390017,,,35.100342540949654,17.944364900745406,0.03076902676367728,0.25836741478230446,375,0.03916013150384788,0.048136294193322944,,-0.04146467446187285,0.03916013150384788,-0.04146467446187285,0.047988070865484844,,,35.06880232441082,18.158764602687537,0.04145201069887136,0.2196187735039858,-0.01021165022385313,-0.00040764184582208624,,0.008939324083021706,-0.01021165022385313,0.008939324083021706,-0.001713213061584673,,,0.03154021653883632,-0.21439970194213132,-0.010682983935194082,0.038748641278318674
SPATIAL_MEAN_MINUS_PREPROJECTOR,Z3,Z2,2026,LOCAL0,dynamic,adjacent_percent_change_new_extension,residual_ftv,LD,,T1->T2,difference,goal6_transformed_standardized_residual,370,-0.018520382650849963,-0.037613979680272476,,-0.05582733375811209,-0.018520382650849963,-0.05582733375811209,0.02915214049539827,,,51.73881585546414,31.856516897967158,0.026558003272014807,-0.3003921528827973,370,-0.0033368573601642074,-0.020374600569707715,,-0.04978806213903392,-0.0033368573601642074,-0.04978806213903392,0.02894852606539433,,,51.74424112220085,31.776942290421793,0.02594027350539555,-0.17276136291045102,-0.015183525290685755,-0.01723937911056476,,-0.0060392716190781695,-0.015183525290685755,-0.0060392716190781695,0.00020361443000393997,,,-0.005425266736708068,0.07957460754536427,0.0006177297666192551,-0.12763078997234628
SPATIAL_MEAN_MINUS_PREPROJECTOR,Z3,Z2,2026,LOCAL3,dynamic,adjacent_percent_change_new_extension,residual_ftv,LD,,T1->T2,difference,goal6_transformed_standardized_residual,370,-0.022842750755442613,-0.0456216308661647,,-0.059259263359465686,-0.022842750755442613,-0.059259263359465686,0.027785975973475097,,,51.77520615344335,31.82907368497675,0.02660828967259618,-0.362885325988866,370,-0.04135187554125858,-0.0402715403709253,,-0.057049413573496195,-0.04135187554125858,-0.057049413573496195,0.02605937186247187,,,51.8211608642306,31.89217940692755,0.02598363961791936,-0.2645043673705124,0.01850912478581597,-0.0053500904952394,,-0.0022098497859694907,0.01850912478581597,-0.0022098497859694907,0.001726604111003227,,,-0.04595471078724955,-0.06310572195080155,0.0006246500546768195,-0.09838095861835361
SPATIAL_MEAN_MINUS_PREPROJECTOR,Z3,Z2,3026,LOCAL0,dynamic,adjacent_percent_change_new_extension,residual_ftv,LD,,T1->T2,difference,goal6_transformed_standardized_residual,370,0.025126960270484017,-0.00820316313785927,,-0.033948566511991525,0.025126960270484017,-0.033948566511991525,0.03635508631842299,,,51.54652738570226,31.490901670899415,0.01782101808055691,-0.17391597059231825,370,0.01255347701316229,-0.003635536436146141,,-0.03928250242680819,0.01255347701316229,-0.03928250242680819,0.03306661298288971,,,51.634404678694516,31.355992211710003,0.01935286031662686,-0.05625598468139284,0.012573483257321728,-0.004567626701713129,,0.005333935914816665,0.012573483257321728,0.005333935914816665,0.003288473335533282,,,-0.08787729299225333,0.13490945918941222,-0.0015318422360699503,-0.11765998591092541
SPATIAL_MEAN_MINUS_PREPROJECTOR,Z3,Z2,3026,LOCAL3,dynamic,adjacent_percent_change_new_extension,residual_ftv,LD,,T1->T2,difference,goal6_transformed_standardized_residual,370,0.008663308967215939,-0.017061247565391333,,-0.03662229780136465,0.008663308967215939,-0.03662229780136465,0.0348065061098104,,,51.58792846996984,31.589430601528285,0.018874494760454694,-0.26709632542539824,370,-0.0002612293716677753,0.001175928834330029,,-0.03937267994074489,-0.0002612293716677753,-0.03937267994074489,0.034075576834471155,,,51.60745822816145,31.54971296924183,0.024276347661265477,-0.06434520771988755,0.008924538338883714,-0.01823717639972136,,0.002750382139380239,0.008924538338883714,0.002750382139380239,0.0007309292753392427,,,-0.019529758191609403,0.03971763228645386,-0.005401852900810782,-0.2027511177055107
SPATIAL_MEAN_MINUS_PREPROJECTOR,Z3,Z2,2026,LOCAL0,dynamic,adjacent_percent_change_new_extension,residual_ftv,LD,,T1->T2,prefix,goal6_transformed_standardized_residual,370,0.10234676554644787,0.05358205716388394,,-0.057350197610192846,0.10234676554644787,-0.057350197610192846,0.02406413212262737,,,51.87421478557291,31.788562276393606,0.06535537830087856,0.24321115415466252,370,0.09809430989976313,0.08743944498961823,,-0.05922715965284956,0.09809430989976313,-0.05922715965284956,0.019263445203495655,,,52.001644452220674,31.612336226885084,0.09129893190868714,0.3120821289007799,0.004252455646684736,-0.03385738782573429,,0.0018769620426567143,0.004252455646684736,0.0018769620426567143,0.004800686919131714,,,-0.1274296666477639,0.1762260495085215,-0.025943553607808575,-0.06887097474611739
SPATIAL_MEAN_MINUS_PREPROJECTOR,Z3,Z2,2026,LOCAL3,dynamic,adjacent_percent_change_new_extension,residual_ftv,LD,,T1->T2,prefix,goal6_transformed_standardized_residual,370,0.11273773426274919,0.05632206635565545,,-0.060944579037436906,0.11273773426274919,-0.060944579037436906,0.022765940807432994,,,51.90870489777747,31.70761657502296,0.07208707798138667,0.22570940599971479,370,0.08812957541045748,0.08503133217081438,,-0.06042105497282976,0.08812957541045748,-0.06042105497282976,0.019738832603342527,,,51.989039679378656,31.65226749178448,0.0927602242828897,0.2949787249623601,0.024608158852291714,-0.02870926581515893,,-0.0005235240646071435,0.024608158852291714,-0.0005235240646071435,0.0030271082040904673,,,-0.0803347816011879,0.05534908323847887,-0.020673146301503034,-0.06926931896264532
SPATIAL_MEAN_MINUS_PREPROJECTOR,Z3,Z2,3026,LOCAL0,dynamic,adjacent_percent_change_new_extension,residual_ftv,LD,,T1->T2,prefix,goal6_transformed_standardized_residual,370,0.08734749249971831,0.06855825681795485,,-0.032269981927923276,0.08734749249971831,-0.032269981927923276,0.037064418925223386,,,51.527552365359185,31.262639303984066,0.04134545662129469,0.37582282763448144,370,0.10143756519102443,0.10999468363048394,,-0.01807036577011404,0.10143756519102443,-0.01807036577011404,0.04191438907123035,,,51.39762541893617,30.890007596435897,0.057062602949347764,0.464149125631491,-0.014090072691306119,-0.041436426812529084,,-0.014199616157809236,-0.014090072691306119,-0.014199616157809236,-0.0048499701460069655,,,0.12992694642301217,0.37263170754816954,-0.015717146328053072,-0.08832629799700958
SPATIAL_MEAN_MINUS_PREPROJECTOR,Z3,Z2,3026,LOCAL3,dynamic,adjacent_percent_change_new_extension,residual_ftv,LD,,T1->T2,prefix,goal6_transformed_standardized_residual,370,0.09274142004555545,0.07096869651997849,,-0.031640404565255784,0.09274142004555545,-0.031640404565255784,0.0386532082879113,,,51.48502603996101,31.312758304405847,0.04514366141553216,0.3550223780963658,370,0.1358714829387486,0.14983528579374333,,-0.00020170059570672193,0.1358714829387486,-0.00020170059570672193,0.05688501672929591,,,50.99448596553016,30.7062322915345,0.06106630388276969,0.6082349258000684,-0.04313006289319314,-0.07886658927376484,,-0.031438703969549064,-0.04313006289319314,-0.031438703969549064,-0.01823180844138461,,,0.4905400744308466,0.6065260128713454,-0.015922642467237534,-0.25321254770370266
SPATIAL_MEAN_MINUS_PREPROJECTOR,Z3,Z2,2026,LOCAL0,dynamic,adjacent_percent_change_new_extension,residual_ftv,LD,,T2->T3,difference,goal6_transformed_standardized_residual,313,-0.011993043013080873,0.021393818354949426,,-0.023551812392713596,-0.011993043013080873,-0.023551812392713596,-0.016019852119347755,,,73.07152441160908,41.17847011015977,0.027279072199378997,0.08342490071253211,313,0.013940550789646237,0.08029651433014383,,-0.018549015906459448,0.013940550789646237,-0.018549015906459448,0.006318069329202203,,,72.26379530950337,41.21408343992005,0.03989480914724816,0.4972787391586935,-0.025933593802727112,-0.0589026959751944,,-0.005002796486254148,-0.025933593802727112,-0.005002796486254148,-0.022337921448549958,,,0.8077291021057107,-0.035613329760280976,-0.012615736947869164,-0.41385383844616136
SPATIAL_MEAN_MINUS_PREPROJECTOR,Z3,Z2,2026,LOCAL3,dynamic,adjacent_percent_change_new_extension,residual_ftv,LD,,T2->T3,difference,goal6_transformed_standardized_residual,313,-0.02032843558443194,0.02399698517224908,,-0.025171283339784495,-0.02032843558443194,-0.025171283339784495,-0.018909800123235954,,,73.1753722620147,41.32402855358198,0.0264981340874265,0.13793684114330335,313,0.020508414396131446,0.10454114344734232,,-0.005288330527081956,0.020508414396131446,-0.005288330527081956,0.011618009740526847,,,72.07082316654723,41.06277826056755,0.04264558605716403,0.5853309818295344,-0.04083684998056339,-0.08054415827509323,,-0.01988295281270254,-0.04083684998056339,-0.01988295281270254,-0.0305278098637628,,,1.1045490954674761,0.2612502930144345,-0.01614745196973753,-0.447394140686231
SPATIAL_MEAN_MINUS_PREPROJECTOR,Z3,Z2,3026,LOCAL0,dynamic,adjacent_percent_change_new_extension,residual_ftv,LD,,T2->T3,difference,goal6_transformed_standardized_residual,313,0.061759483717527805,0.08079225042220976,,-0.060027201209573666,0.061759483717527805,-0.060027201209573666,-0.00919675633906425,,,72.82575466779353,41.535687270758004,0.07336940660444795,0.6543103965849262,313,0.05731526835516619,0.08505236755824307,,-0.055430928622815956,0.05731526835516619,-0.055430928622815956,-0.015953242238666343,,,73.0691291014736,41.48007966324678,0.0822445015981439,0.3806541754723197,0.004444215362361614,-0.0042601171360333034,,-0.00459627258675771,0.004444215362361614,-0.00459627258675771,0.006756485899602094,,,-0.24337443368007428,0.055607607511227286,-0.008875094993695945,0.27365622111260646
SPATIAL_MEAN_MINUS_PREPROJECTOR,Z3,Z2,3026,LOCAL3,dynamic,adjacent_percent_change_new_extension,residual_ftv,LD,,T2->T3,difference,goal6_transformed_standardized_residual,313,0.09104492316815747,0.10889026314844377,,-0.001053867685452505,0.09104492316815747,-0.001053867685452505,0.004149895010070126,,,72.34259070963277,40.62025513086504,0.030995188906239875,0.7779404339460148,313,0.04688965558289483,0.06887871304064158,,-0.07823684298191289,0.04688965558289483,-0.07823684298191289,-0.03492028742565467,,,73.74804652632837,41.905617990801574,0.10424191856864168,0.26454392244328123,0.04415526758526264,0.04001155010780219,,0.07718297529646038,0.04415526758526264,0.07718297529646038,0.0390701824357248,,,-1.4054558166955928,-1.2853628599365337,-0.07324672966240181,0.5133965115027335
SPATIAL_MEAN_MINUS_PREPROJECTOR,Z3,Z2,2026,LOCAL0,dynamic,adjacent_percent_change_new_extension,residual_ftv,LD,,T2->T3,prefix,goal6_transformed_standardized_residual,313,-0.019575741751545837,0.008646615596127501,,-0.0453326628084313,-0.019575741751545837,-0.0453326628084313,-0.024971843886964162,,,73.39272931954523,41.66316009221451,0.04624696641677738,-0.02295946678472063,313,-0.014154506295177132,0.03857368205426478,,-0.07154602804845576,-0.014154506295177132,-0.07154602804845576,-0.023796679042215718,,,73.35064363115588,42.07069231078951,0.07852456013004165,0.19659724282639932,-0.005421235456368705,-0.029927066458137277,,0.026213365240024468,-0.005421235456368705,0.026213365240024468,-0.0011751648447484442,,,0.04208568838934923,-0.40753221857499966,-0.032277593713264274,-0.21955670961111995
SPATIAL_MEAN_MINUS_PREPROJECTOR,Z3,Z2,2026,LOCAL3,dynamic,adjacent_percent_change_new_extension,residual_ftv,LD,,T2->T3,prefix,goal6_transformed_standardized_residual,313,-0.006528484988360687,0.024843458180567626,,-0.03175566131642117,-0.006528484988360687,-0.03175566131642117,-0.01906212340545621,,,73.18084178263723,41.48097055214801,0.04758301211185167,-0.006146982744753698,313,0.00886456716174571,0.07560164264178341,,-0.027320507257584246,0.00886456716174571,-0.027320507257584246,-0.004796179999428052,,,72.66680379388883,41.46696017855925,0.0471794911486984,0.395043499890257,-0.015393052150106397,-0.050758184461215786,,-0.004435154058836925,-0.015393052150106397,-0.004435154058836925,-0.014265943406028159,,,0.5140379887483988,0.014010373588760672,0.0004035209631532699,-0.40119048263501067
SPATIAL_MEAN_MINUS_PREPROJECTOR,Z3,Z2,3026,LOCAL0,dynamic,adjacent_percent_change_new_extension,residual_ftv,LD,,T2->T3,prefix,goal6_transformed_standardized_residual,313,0.11159686977654487,0.12961743206034912,,0.0012638410131376122,0.11159686977654487,0.0012638410131376122,0.0034393145239056677,,,72.36839583148104,40.94079135719007,0.06233468204181437,0.5184988597103422,313,0.06376446413949223,0.10375595193594656,,-0.016679842517071768,0.06376446413949223,-0.016679842517071768,-0.011608321435912838,,,72.91271454695806,41.145536370718716,0.05060730904318242,0.47362732371596694,0.04783240563705264,0.025861480124402564,,0.01794368353020938,0.04783240563705264,0.01794368353020938,0.015047635959818506,,,-0.5443187154770186,-0.20474501352864394,0.011727372998631948,0.04487153599437521
SPATIAL_MEAN_MINUS_PREPROJECTOR,Z3,Z2,3026,LOCAL3,dynamic,adjacent_percent_change_new_extension,residual_ftv,LD,,T2->T3,prefix,goal6_transformed_standardized_residual,313,0.09927674298360253,0.12972171127983578,,0.001540091439502536,0.09927674298360253,0.001540091439502536,0.0005349776265303197,,,72.47377290051149,40.85168117236743,0.06337675826158477,0.519636323499693,313,0.06944106655559659,0.10643186846799442,,-0.0321640058132395,0.06944106655559659,-0.0321640058132395,-0.015831378828587983,,,73.06474665555412,41.19595571875722,0.07668149439649855,0.4230960075113329,0.02983567642800594,0.023289842811841363,,0.03370409725274204,0.02983567642800594,0.03370409725274204,0.016366356455118303,,,-0.5909737550426257,-0.3442745463897907,-0.013304736134913772,0.0965403159883601
SPATIAL_MEAN_MINUS_PREPROJECTOR,Z3,Z2,2026,LOCAL0,dynamic,adjacent_percent_change_new_extension,residual_ftv,SPH,,T0->T1,difference,goal6_transformed_standardized_residual,375,-0.0035265814069545816,-0.017639687736789006,,-0.16521908344655542,-0.0035265814069545816,-0.16521908344655542,-0.06427680841847283,,,37.978872418623226,26.79359804564012,0.12094697424647234,-0.1849878848249767,375,-0.12475433349011181,-0.10824463430280387,,-0.14298514432180137,-0.12475433349011181,-0.14298514432180137,-0.05880355284361283,,,37.88108957974723,27.05938618985694,0.03507954084380775,-0.6607177073451242,0.12122775208315723,0.09060494656601487,,-0.02223393912475405,0.12122775208315723,-0.02223393912475405,-0.005473255574860003,,,0.09778283887599315,-0.2657881442168204,0.08586743340266459,0.47572982252014756
SPATIAL_MEAN_MINUS_PREPROJECTOR,Z3,Z2,2026,LOCAL3,dynamic,adjacent_percent_change_new_extension,residual_ftv,SPH,,T0->T1,difference,goal6_transformed_standardized_residual,375,0.025892202210713464,-0.004140337634162923,,-0.11578928484919494,0.025892202210713464,-0.11578928484919494,-0.05135908928869726,,,37.74768341832143,26.61124136862484,0.05234416834881137,0.10169594360674258,375,-0.04229899493430624,-0.029369953268540867,,-0.1678825016248947,-0.04229899493430624,-0.1678825016248947,-0.06768032796360779,,,38.039551489509726,27.226708206776024,0.10395203994931893,-0.20015243971804117,0.0681911971450197,0.025229615634377943,,0.052093216775699766,0.0681911971450197,0.052093216775699766,0.016321238674910532,,,-0.29186807118829705,-0.6154668381511854,-0.05160787160050755,0.30184838332478375
SPATIAL_MEAN_MINUS_PREPROJECTOR,Z3,Z2,3026,LOCAL0,dynamic,adjacent_percent_change_new_extension,residual_ftv,SPH,,T0->T1,difference,goal6_transformed_standardized_residual,375,-0.011122630229491785,-0.05874295909333556,,-0.10465276016182234,-0.011122630229491785,-0.10465276016182234,-0.036059513059672144,,,37.472021158010044,26.45499584103441,0.03107774815119122,-0.5997606222381127,375,-0.04490541361616968,-0.04105112828997323,,-0.10023576936611506,-0.04490541361616968,-0.10023576936611506,-0.03188338292726334,,,37.39642412636551,26.458444636063724,0.023208119433779657,-0.29189024609256803,0.033782783386677895,-0.017691830803362327,,-0.004416990795707287,0.033782783386677895,-0.004416990795707287,-0.004176130132408806,,,0.07559703164453424,-0.0034487950293140557,0.007869628717411564,-0.30787037614554463
SPATIAL_MEAN_MINUS_PREPROJECTOR,Z3,Z2,3026,LOCAL3,dynamic,adjacent_percent_change_new_extension,residual_ftv,SPH,,T0->T1,difference,goal6_transformed_standardized_residual,375,0.006320863862273675,-0.0354164811061162,,-0.10198891370552506,0.006320863862273675,-0.10198891370552506,-0.0324129504610422,,,37.40601890820218,26.397925237161335,0.03345819473680839,-0.38155254551596074,375,-0.0031188873008877347,-0.0185061631716559,,-0.12970258297296275,-0.0031188873008877347,-0.12970258297296275,-0.05492213551998737,,,37.81159259223874,26.697220188335507,0.05865348981150737,-0.09213659348661224,0.00943975116316141,-0.0169103179344603,,0.027713669267437693,0.00943975116316141,0.027713669267437693,0.02250918505894517,,,-0.40557368403656113,-0.29929495117417204,-0.025195295074698983,-0.2894159520293485
SPATIAL_MEAN_MINUS_PREPROJECTOR,Z3,Z2,2026,LOCAL0,dynamic,adjacent_percent_change_new_extension,residual_ftv,SPH,,T0->T1,prefix,goal6_transformed_standardized_residual,375,-0.003988001148378937,-0.010692472129265902,,-0.17649211787759547,-0.003988001148378937,-0.17649211787759547,-0.06736987374266623,,,38.0340206215072,27.07055024410843,0.10757712918415059,-0.012793489652041634,375,-0.0595068580500663,-0.04690501710343558,,-0.21958091522130613,-0.0595068580500663,-0.21958091522130613,-0.09564193723906733,,,38.534443442312536,27.875864978783525,0.11626089413900947,-0.11644792048144825,0.05551885690168736,0.036212544974169675,,0.043088797343710655,0.05551885690168736,0.043088797343710655,0.0282720634964011,,,-0.5004228208053334,-0.8053147346750968,-0.008683764954858883,0.10365443082940662
SPATIAL_MEAN_MINUS_PREPROJECTOR,Z3,Z2,2026,LOCAL3,dynamic,adjacent_percent_change_new_extension,residual_ftv,SPH,,T0->T1,prefix,goal6_transformed_standardized_residual,375,0.026764420973406634,0.010368873048988212,,-0.15536698946283753,0.026764420973406634,-0.15536698946283753,-0.0580177851126058,,,37.8670306628339,26.96971298245812,0.09736270064482,0.060672616661219876,375,-0.03926948978372363,-0.028771412328653392,,-0.2104578872082646,-0.03926948978372363,-0.2104578872082646,-0.09183767343094584,,,38.46748604678342,27.73913052332293,0.12084919906655665,-0.07120063129633195,0.06603391075713026,0.0391402853776416,,0.05509089774542708,0.06603391075713026,0.05509089774542708,0.03381988831834004,,,-0.600455383949523,-0.7694175408648114,-0.023486498421736654,0.13187324795755181
SPATIAL_MEAN_MINUS_PREPROJECTOR,Z3,Z2,3026,LOCAL0,dynamic,adjacent_percent_change_new_extension,residual_ftv,SPH,,T0->T1,prefix,goal6_transformed_standardized_residual,375,0.030250020368639545,-0.0007843491629083133,,-0.13486491016485638,0.030250020368639545,-0.13486491016485638,-0.05153604666639788,,,37.75085999713847,26.901931013806593,0.07260219522880185,0.065762337120725,375,-0.04627777397832217,-0.031519971689043476,,-0.13351655453505487,-0.04627777397832217,-0.13351655453505487,-0.05340908073492501,,,37.78446663759862,26.912280665150877,0.05401339645013201,-0.0962919786699061,0.07652779434696172,0.030735622526135164,,-0.001348355629801512,0.07652779434696172,-0.001348355629801512,0.001873034068527124,,,-0.033606640460149606,-0.010349651344284894,0.018588798778669834,0.16205431579063112
SPATIAL_MEAN_MINUS_PREPROJECTOR,Z3,Z2,3026,LOCAL3,dynamic,adjacent_percent_change_new_extension,residual_ftv,SPH,,T0->T1,prefix,goal6_transformed_standardized_residual,375,0.03790887434391699,0.016599134083332228,,-0.12519394392734073,0.03790887434391699,-0.12519394392734073,-0.04595837826034321,,,37.65060582906881,26.795145098815556,0.07301181586191256,0.08671775243054304,375,-0.01335265868067614,-0.013152002612402085,,-0.14565472250843622,-0.01335265868067614,-0.14565472250843622,-0.0718529472373719,,,38.113810509425115,26.97947394727409,0.07227675813258312,0.004620642301387079,0.05126153302459313,0.029751136695734315,,0.02046077858109549,0.05126153302459313,0.02046077858109549,0.025894568977028687,,,-0.4632046803563057,-0.18432884845853437,0.0007350577293294414,0.08209711012915596
SPATIAL_MEAN_MINUS_PREPROJECTOR,Z3,Z2,2026,LOCAL0,dynamic,adjacent_percent_change_new_extension,residual_ftv,SPH,,T1->T2,difference,goal6_transformed_standardized_residual,375,-0.02240920810837327,0.033888519358408,,-0.20388919201941463,-0.02240920810837327,-0.20388919201941463,0.02372993807729007,,,57.892741925064186,40.50041605646652,0.17234000926890683,0.08659729367534388,375,0.02312955728362831,0.07139451675500619,,-0.048337407511967245,0.02312955728362831,-0.048337407511967245,0.11446499418882894,,,55.136856263597906,38.20666506573514,0.07993154510377667,0.14843391170669137,-0.04553876539200158,-0.03750599739659819,,-0.1555517845074474,-0.04553876539200158,-0.1555517845074474,-0.09073505611153887,,,2.75588566146628,2.2937509907313824,0.09240846416513016,-0.06183661803134749
SPATIAL_MEAN_MINUS_PREPROJECTOR,Z3,Z2,2026,LOCAL3,dynamic,adjacent_percent_change_new_extension,residual_ftv,SPH,,T1->T2,difference,goal6_transformed_standardized_residual,375,-0.006858900049281057,0.04106910761705911,,-0.0631507657925876,-0.006858900049281057,-0.0631507657925876,0.10613301823604193,,,55.39563959419168,38.61505412153198,0.05356059926528755,-0.04130429542015175,375,0.04759968413018616,0.09353702035190978,,-0.03365567899777296,0.04759968413018616,-0.03365567899777296,0.12377814240107388,,,54.846153486192925,38.05027424889562,0.08217373289090663,0.17746043793249142,-0.054458584179467216,-0.052467912734850665,,-0.02949508679481464,-0.054458584179467216,-0.02949508679481464,-0.017645124165031945,,,0.549486107998753,0.5647798726363646,-0.028613133625619076,-0.21876473335264318
SPATIAL_MEAN_MINUS_PREPROJECTOR,Z3,Z2,3026,LOCAL0,dynamic,adjacent_percent_change_new_extension,residual_ftv,SPH,,T1->T2,difference,goal6_transformed_standardized_residual,375,0.03443596048694643,0.09766849955422299,,-0.03241771842150469,0.03443596048694643,-0.03241771842150469,0.13081909244239442,,,54.62534871576104,37.786412866598916,0.0418604230866012,0.4366479851964449,375,0.05984032686762849,0.08259805391928483,,-0.03149005569179324,0.05984032686762849,-0.03149005569179324,0.12150010681123813,,,54.917402786231605,37.937702423100205,0.025100876227911267,0.5776965968163068,-0.02540436638068206,0.01507044563493816,,-0.0009276627297114537,-0.02540436638068206,-0.0009276627297114537,0.009318985631156296,,,-0.292054070470563,-0.15128955650128972,0.016759546858689932,-0.14104861161986193
SPATIAL_MEAN_MINUS_PREPROJECTOR,Z3,Z2,3026,LOCAL3,dynamic,adjacent_percent_change_new_extension,residual_ftv,SPH,,T1->T2,difference,goal6_transformed_standardized_residual,375,0.01027549216799247,0.0516881597686326,,-0.051516381971745726,0.01027549216799247,-0.051516381971745726,0.1176819427979644,,,55.03661527161942,38.1031325967779,0.040641864272066695,0.22469486309210526,375,0.06716972896513625,0.07637603519375202,,-0.03470740561149702,0.06716972896513625,-0.03470740561149702,0.12020600605813447,,,54.95783676901242,37.93776167639807,0.02585693410623408,0.5485060701012637,-0.056894236797143775,-0.024687875425119424,,-0.016808976360248702,-0.056894236797143775,-0.016808976360248702,-0.002524063260170073,,,0.07877850260700114,0.1653709203798286,0.014784930165832617,-0.32381120700915844
SPATIAL_MEAN_MINUS_PREPROJECTOR,Z3,Z2,2026,LOCAL0,dynamic,adjacent_percent_change_new_extension,residual_ftv,SPH,,T1->T2,prefix,goal6_transformed_standardized_residual,375,-0.007136587547319082,-0.0022161438707788144,,-0.20388117250576943,-0.007136587547319082,-0.20388117250576943,0.026509086614864397,,,57.81028154764453,40.949073169133314,0.1506165237733624,0.04235363187696953,375,0.01353973544204366,0.04878972708709184,,-0.0733373692631077,0.01353973544204366,-0.0733373692631077,0.10253178724882817,,,55.50711701294057,38.892104207708186,0.054857007358662696,0.26736274570372603,-0.02067632298936274,-0.05100587095787065,,-0.13054380324266174,-0.02067632298936274,-0.13054380324266174,-0.07602270063396377,,,2.30316453470396,2.0569689614251274,0.09575951641469971,-0.2250091138267565
SPATIAL_MEAN_MINUS_PREPROJECTOR,Z3,Z2,2026,LOCAL3,dynamic,adjacent_percent_change_new_extension,residual_ftv,SPH,,T1->T2,prefix,goal6_transformed_standardized_residual,375,-0.014755913252616968,0.006195839023040899,,-0.1960941847479875,-0.014755913252616968,-0.1960941847479875,0.03194639714753922,,,57.648609469080974,41.28237685920498,0.15829058190602882,0.035807197011896226,375,0.01726696529839654,0.06334595735806553,,-0.06734286283366718,0.01726696529839654,-0.06734286283366718,0.1072398448143489,,,55.36133227583037,38.88419578240663,0.05265445478418324,0.3246135380358326,-0.0320228785510135,-0.05715011833502463,,-0.12875132191432032,-0.0320228785510135,-0.12875132191432032,-0.07529344766680968,,,2.2872771932506026,2.398181076798352,0.10563612712184559,-0.2888063410239364
SPATIAL_MEAN_MINUS_PREPROJECTOR,Z3,Z2,3026,LOCAL0,dynamic,adjacent_percent_change_new_extension,residual_ftv,SPH,,T1->T2,prefix,goal6_transformed_standardized_residual,375,-0.029312973030087876,0.00989310718258924,,-0.07944575217753097,-0.029312973030087876,-0.07944575217753097,0.10342676752705882,,,55.47943348860167,38.787867424101805,0.037818598364826206,0.1635053115537445,375,-0.014541260456656123,0.028457787741860058,,-0.08925418917484845,-0.014541260456656123,-0.08925418917484845,0.09265334695139538,,,55.81176464835291,39.27791799271112,0.05989271206166717,0.1922860951102322,-0.014771712573431753,-0.018564680559270817,,0.009808436997317482,-0.014771712573431753,0.009808436997317482,0.01077342057566344,,,-0.3323311597512415,-0.4900505686093126,-0.022074113696840966,-0.028780783556487693
SPATIAL_MEAN_MINUS_PREPROJECTOR,Z3,Z2,3026,LOCAL3,dynamic,adjacent_percent_change_new_extension,residual_ftv,SPH,,T1->T2,prefix,goal6_transformed_standardized_residual,375,-0.036852840549746475,0.004136167307307333,,-0.08700211415803269,-0.036852840549746475,-0.08700211415803269,0.10113442208399515,,,55.55031271740385,38.9668029524585,0.04009336409745672,0.15702899811715484,375,-0.020377910028267956,0.018102443639706454,,-0.10039662839476857,-0.020377910028267956,-0.10039662839476857,0.08875583592441916,,,55.93150602327611,39.40642613958026,0.06398805857820428,0.13867865235564755,-0.01647493052147852,-0.013966276332399122,,0.013394514236735877,-0.01647493052147852,0.013394514236735877,0.012378586159575988,,,-0.38119330587225875,-0.43962318712176085,-0.023894694480747554,0.018350345761507292
SPATIAL_MEAN_MINUS_PREPROJECTOR,Z3,Z2,2026,LOCAL0,dynamic,adjacent_percent_change_new_extension,residual_ftv,SPH,,T2->T3,difference,goal6_transformed_standardized_residual,375,0.10481340278599607,0.08145015016214457,,-0.025128315096581914,0.10481340278599607,-0.025128315096581914,0.11258037078728134,,,60.71670169309828,37.55956835674638,0.03309323728379825,0.4044179565452656,375,0.10662955281876058,0.13714285846733587,,-0.015017606986668515,0.10662955281876058,-0.015017606986668515,0.12631523525732147,,,60.245003960970976,37.18005601489752,0.03953591327049048,0.793138294294341,-0.001816150032764502,-0.055692708305191296,,-0.010110708109913399,-0.001816150032764502,-0.010110708109913399,-0.013734864470040131,,,0.4716977321273035,0.37951234184886573,-0.00644267598669223,-0.38872033774907544
SPATIAL_MEAN_MINUS_PREPROJECTOR,Z3,Z2,2026,LOCAL3,dynamic,adjacent_percent_change_new_extension,residual_ftv,SPH,,T2->T3,difference,goal6_transformed_standardized_residual,375,0.10363364174280594,0.08130617426663961,,-0.02787020925148339,0.10363364174280594,-0.02787020925148339,0.11152065746356399,,,60.75294334163149,37.542247122354574,0.03123829002884486,0.43793059913645127,375,0.10995565819050747,0.14329587647433648,,-0.015752390444956434,0.10995565819050747,-0.015752390444956434,0.12854457094852745,,,60.16809285523512,37.18344458953979,0.040834603056931915,0.8444599551829416,-0.006322016447701528,-0.06198970220769687,,-0.012117818806526955,-0.006322016447701528,-0.012117818806526955,-0.01702391348496346,,,0.5848504863963697,0.358802532814785,-0.009596313028087056,-0.4065293560464903
SPATIAL_MEAN_MINUS_PREPROJECTOR,Z3,Z2,3026,LOCAL0,dynamic,adjacent_percent_change_new_extension,residual_ftv,SPH,,T2->T3,difference,goal6_transformed_standardized_residual,375,0.03509427513422594,0.06809215448927354,,-0.06093459285595903,0.03509427513422594,-0.06093459285595903,0.08956762789896378,,,61.49892178980009,38.40356182056288,0.046241471564713414,0.5236206880850228,375,0.056580647276549524,0.08829408108183433,,-0.04608553088188459,0.056580647276549524,-0.04608553088188459,0.10692000718397143,,,60.910033181136235,37.87049967685177,0.052162252152734526,0.4967200104852695,-0.021486372142323587,-0.020201926592560787,,-0.014849061974074436,-0.021486372142323587,-0.014849061974074436,-0.017352379285007657,,,0.5888886086638578,0.5330621437111063,-0.0059207805880211115,0.026900677599753342
SPATIAL_MEAN_MINUS_PREPROJECTOR,Z3,Z2,3026,LOCAL3,dynamic,adjacent_percent_change_new_extension,residual_ftv,SPH,,T2->T3,difference,goal6_transformed_standardized_residual,375,0.036518069149078694,0.062250867491712124,,-0.06485913375547211,0.036518069149078694,-0.06485913375547211,0.08751872134467198,,,61.56808383540087,38.42253384959435,0.04506883764318261,0.5339431979359393,375,0.061171854985843786,0.09569775388242809,,-0.04270950431425974,0.061171854985843786,-0.04270950431425974,0.10426066873889883,,,61.00065215733825,37.81183998966439,0.05049859897966572,0.47718713286647757,-0.024653785836765092,-0.03344688639071596,,-0.022149629441212376,-0.024653785836765092,-0.022149629441212376,-0.016741947394226853,,,0.5674316780626185,0.6106938599299596,-0.0054297613364831104,0.05675606506946168
SPATIAL_MEAN_MINUS_PREPROJECTOR,Z3,Z2,2026,LOCAL0,dynamic,adjacent_percent_change_new_extension,residual_ftv,SPH,,T2->T3,prefix,goal6_transformed_standardized_residual,375,0.046331713593810206,0.03237994223817217,,-0.06237886802886967,0.046331713593810206,-0.06237886802886967,0.09233386702874302,,,61.40542217981679,38.483503075068,0.047518785957636776,0.21974500986721243,375,0.05234898683807905,0.09570392786463314,,-0.04964852702404672,0.05234898683807905,-0.04964852702404672,0.10803885097472565,,,60.87186741187374,37.92902428100963,0.0632902761556705,0.4814484291895265,-0.006017273244268845,-0.06332398562646097,,-0.012730341004822947,-0.006017273244268845,-0.012730341004822947,-0.01570498394598263,,,0.5335547679430519,0.5544787940583689,-0.01577149019803372,-0.2617034193223141
SPATIAL_MEAN_MINUS_PREPROJECTOR,Z3,Z2,2026,LOCAL3,dynamic,adjacent_percent_change_new_extension,residual_ftv,SPH,,T2->T3,prefix,goal6_transformed_standardized_residual,375,0.02940820256497152,0.028921948212336616,,-0.06318698591099642,0.02940820256497152,-0.06318698591099642,0.09298832710625071,,,61.383280423804685,38.42703327440487,0.0459878390600486,0.1932722283419148,375,0.06129557656698439,0.09365426961741463,,-0.05449870752228463,0.06129557656698439,-0.05449870752228463,0.10884966602767943,,,60.844194094501795,38.03690264567392,0.06666440566893025,0.4671525661769712,-0.03188737400201287,-0.06473232140507801,,-0.008688278388711786,-0.03188737400201287,-0.008688278388711786,-0.015861338921428714,,,0.53908632930289,0.39013062873095095,-0.020676566608881654,-0.2738803378350564
SPATIAL_MEAN_MINUS_PREPROJECTOR,Z3,Z2,3026,LOCAL0,dynamic,adjacent_percent_change_new_extension,residual_ftv,SPH,,T2->T3,prefix,goal6_transformed_standardized_residual,375,0.05616643085870185,0.0971361175592401,,-0.05332222291367749,0.05616643085870185,-0.05332222291367749,0.12169861300030127,,,60.40396402959002,38.91411463662954,0.06870149076750157,0.46385428255030026,375,0.051182951036736084,0.09950216492096264,,-0.0633211560584348,0.051182951036736084,-0.0633211560584348,0.11311371417914595,,,60.69845343850595,38.189819750372564,0.07783403377125325,0.5270667063898243,0.004983479821965765,-0.002366047361722537,,0.009998933144757312,0.004983479821965765,0.009998933144757312,0.008584898821155318,,,-0.2944894089159291,0.7242948862569776,-0.009132543003751686,-0.06321242383952408
SPATIAL_MEAN_MINUS_PREPROJECTOR,Z3,Z2,3026,LOCAL3,dynamic,adjacent_percent_change_new_extension,residual_ftv,SPH,,T2->T3,prefix,goal6_transformed_standardized_residual,375,0.03931645975121051,0.06490808991300696,,-0.0544224519216641,0.03931645975121051,-0.0544224519216641,0.10048461253403895,,,61.12909334413845,38.513224847204874,0.047992909897914784,0.3535007678509957,375,0.05017762248715093,0.09582793105402161,,-0.0666047544151034,0.05017762248715093,-0.0666047544151034,0.10762081049179195,,,60.8861303223099,38.294304728303295,0.07772543113956756,0.5127873000314725,-0.01086116273594042,-0.030919841141014648,,0.012182302493439295,-0.01086116273594042,0.012182302493439295,-0.007136197957752999,,,0.2429630218285439,0.21892011890157903,-0.02973252124165278,-0.15928653218047684
SPATIAL_MEAN_MINUS_PREPROJECTOR,Z3,Z2,2026,LOCAL0,dynamic,adjacent_percent_change_new_extension,residual_ftv_ld,BPE,,T0->T1,difference,goal6_transformed_standardized_residual,375,0.05215105586527047,0.04478014123079104,,-0.026474997073321765,0.05215105586527047,-0.026474997073321765,0.08972210303744999,,,34.40992801628115,24.211195999356807,0.02821668440490827,0.4030720488823491,375,0.025354666439703882,-0.014920667370615873,,-0.051060899674957985,0.025354666439703882,-0.051060899674957985,0.068802865565734,,,34.803072065403406,24.392648837814985,0.027249124364760825,-0.0009458580017608634,0.026796389425566586,0.05970080860140692,,0.02458590260163622,0.026796389425566586,0.02458590260163622,0.02091923747171598,,,-0.393144049122256,-0.18145283845817772,0.0009675600401474437,0.40401790688411
SPATIAL_MEAN_MINUS_PREPROJECTOR,Z3,Z2,2026,LOCAL3,dynamic,adjacent_percent_change_new_extension,residual_ftv_ld,BPE,,T0->T1,difference,goal6_transformed_standardized_residual,375,0.05139193010655559,0.03589572298375481,,-0.03160321538288186,0.05139193010655559,-0.03160321538288186,0.08471217157782085,,,34.504489706015505,24.27146553382617,0.03379734400912571,0.2697402210775178,375,0.009679521145757628,-0.03507428968563591,,-0.05424785897901429,0.009679521145757628,-0.05424785897901429,0.06585316357881876,,,34.85815037211239,24.539414470551293,0.028181234085828157,-0.2274293145374661,0.04171240896079796,0.07097001266939072,,0.022644643596132427,0.04171240896079796,0.022644643596132427,0.018859007999002086,,,-0.35366066609688573,-0.2679489367251229,0.005616109923297551,0.4971695356149839
SPATIAL_MEAN_MINUS_PREPROJECTOR,Z3,Z2,3026,LOCAL0,dynamic,adjacent_percent_change_new_extension,residual_ftv_ld,BPE,,T0->T1,difference,goal6_transformed_standardized_residual,375,0.017535658171306284,0.0009086214082591321,,-0.031788329198563545,0.017535658171306284,-0.031788329198563545,0.0890081263920025,,,34.423420088037005,24.340908395335862,0.03291740906528488,-0.22276174943777097,375,-0.00037690654157315133,-0.009914008976225932,,-0.04459320524697761,-0.00037690654157315133,-0.04459320524697761,0.080222673992697,,,34.58900865550734,24.600022612500606,0.03405309065368577,-0.140558166757739,0.017912564712879435,0.010822630384485063,,0.012804876048414064,0.017912564712879435,0.012804876048414064,0.008785452399305504,,,-0.165588567470337,-0.25911421716474337,-0.00113568158840089,-0.08220358268003197
SPATIAL_MEAN_MINUS_PREPROJECTOR,Z3,Z2,3026,LOCAL3,dynamic,adjacent_percent_change_new_extension,residual_ftv_ld,BPE,,T0->T1,difference,goal6_transformed_standardized_residual,375,0.009879316388954711,-0.0013866310655259088,,-0.027452827396378818,0.009879316388954711,-0.027452827396378818,0.09308848888442356,,,34.346241755958424,24.179594069368466,0.01473156061559222,-0.05488131693108069,375,-0.044323188266912686,-0.04486640624199754,,-0.06162246333219279,-0.044323188266912686,-0.06162246333219279,0.07147398990148046,,,34.75312018568647,24.850158672167783,0.035387331579420964,-0.3700488852704305,0.0542025046558674,0.04347977517647163,,0.03416963593581397,0.0542025046558674,0.03416963593581397,0.021614498982943098,,,-0.4068784297280459,-0.6705646027993168,-0.020655770963828743,0.31516756833934984
SPATIAL_MEAN_MINUS_PREPROJECTOR,Z3,Z2,2026,LOCAL0,dynamic,adjacent_percent_change_new_extension,residual_ftv_ld,BPE,,T0->T1,prefix,goal6_transformed_standardized_residual,375,0.03752655791730417,0.04356383687542737,,-0.10748627117278574,0.03752655791730417,-0.10748627117278574,0.029119048924860613,,,35.53691761494599,25.341382668668583,0.1462960604219756,0.15011900910261478,375,0.016895359910642595,-0.006847888699882138,,-0.06715927677952588,0.016895359910642595,-0.06715927677952588,0.05365910673437779,,,35.084926331804354,24.92429645526675,0.052511921114107914,-0.02701854742350032,0.020631198006661577,0.05041172557530951,,-0.04032699439325986,0.020631198006661577,-0.04032699439325986,-0.02454005780951718,,,0.4519912831416377,0.41708621340183427,0.09378413930786769,0.1771375565261151
SPATIAL_MEAN_MINUS_PREPROJECTOR,Z3,Z2,2026,LOCAL3,dynamic,adjacent_percent_change_new_extension,residual_ftv_ld,BPE,,T0->T1,prefix,goal6_transformed_standardized_residual,375,0.03440142966820502,0.00748809393167713,,-0.14441491155716044,0.03440142966820502,-0.14441491155716044,0.0021803815017145123,,,36.0265591016805,25.804024980615765,0.1497052332248268,-0.030663245531195458,375,0.0052552904674925405,-0.024672433104390715,,-0.07465068814763189,0.0052552904674925405,-0.07465068814763189,0.047392818279979876,,,35.20089380559292,25.00663755662224,0.05210254119146378,-0.10106200139461788,0.029146139200712483,0.032160527036067844,,-0.06976422340952855,0.029146139200712483,-0.06976422340952855,-0.045212436778265364,,,0.8256652960875783,0.7973874239935235,0.09760269203336301,0.07039875586342242
SPATIAL_MEAN_MINUS_PREPROJECTOR,Z3,Z2,3026,LOCAL0,dynamic,adjacent_percent_change_new_extension,residual_ftv_ld,BPE,,T0->T1,prefix,goal6_transformed_standardized_residual,375,0.04513534254568477,0.04792085557376989,,-0.1025367040535141,0.04513534254568477,-0.1025367040535141,0.03959878167796582,,,35.344603700279656,25.19256967201047,0.12036736421168162,0.2429816576460618,375,-0.011012932617825842,-0.013916457339439078,,-0.07126222102013031,-0.011012932617825842,-0.07126222102013031,0.06077968782934284,,,34.952681818837156,24.917473075968893,0.052159049971477016,-0.04220446910500607,0.05614827516351061,0.06183731291320897,,-0.03127448303338379,0.05614827516351061,-0.03127448303338379,-0.02118090615137702,,,0.3919218814424994,0.2750965960415783,0.0682083142402046,0.28518612675106786
SPATIAL_MEAN_MINUS_PREPROJECTOR,Z3,Z2,3026,LOCAL3,dynamic,adjacent_percent_change_new_extension,residual_ftv_ld,BPE,,T0->T1,prefix,goal6_transformed_standardized_residual,375,0.03220567697875773,0.030199137856942775,,-0.03180549832440649,0.03220567697875773,-0.03180549832440649,0.08974463016780931,,,34.40950223326888,24.225651651528008,0.03072296392443666,0.1680578231171497,375,-0.028058501834449814,-0.03755348033933077,,-0.08099257430706862,-0.028058501834449814,-0.08099257430706862,0.05707286577030635,,,35.021587795941066,25.01820167317378,0.04974750381585939,-0.16354610966980984,0.060264178813207545,0.06775261819627354,,0.04918707598266213,0.060264178813207545,0.04918707598266213,0.03267176439750297,,,-0.6120855626721848,-0.7925500216457735,-0.01902453989142273,0.33160393278695954
SPATIAL_MEAN_MINUS_PREPROJECTOR,Z3,Z2,2026,LOCAL0,dynamic,adjacent_percent_change_new_extension,residual_ftv_ld,BPE,,T1->T2,difference,goal6_transformed_standardized_residual,370,0.19907885836441655,0.18567791378947787,,-0.003059338380112468,0.19907885836441655,-0.003059338380112468,0.042902238122529135,,,35.5817495527235,25.10029256526395,0.04808010217911154,0.9375001030407112,370,0.18487556076915845,0.18596724510862006,,-0.0003074853515357133,0.18487556076915845,-0.0003074853515357133,0.04014809643304784,,,35.63290774464579,25.270029662615595,0.05395710519802401,0.8139391598348503,0.014203297595258096,-0.0002893313191421887,,-0.0027518530285767545,0.014203297595258096,-0.0027518530285767545,0.002754141689481293,,,-0.05115819192229054,-0.16973709735164633,-0.0058770030189124745,0.12356094320586086
SPATIAL_MEAN_MINUS_PREPROJECTOR,Z3,Z2,2026,LOCAL3,dynamic,adjacent_percent_change_new_extension,residual_ftv_ld,BPE,,T1->T2,difference,goal6_transformed_standardized_residual,370,0.19336925599778196,0.16563891172853415,,-0.030450901905893064,0.19336925599778196,-0.030450901905893064,0.021878278906021786,,,35.9704275437671,25.36931310560994,0.06655894475940068,0.8371795163725886,370,0.19836471489522434,0.1864383757979638,,-0.007521104796929693,0.19836471489522434,-0.007521104796929693,0.034552171193843684,,,35.73662650978327,25.3666850199595,0.05352514474243504,0.8781888789384776,-0.004995458897442379,-0.020799464069429646,,-0.02292979710896337,-0.004995458897442379,-0.02292979710896337,-0.012673892287821897,,,0.23380103398383056,0.0026280856504392602,0.013033800016965635,-0.04100936256588905
SPATIAL_MEAN_MINUS_PREPROJECTOR,Z3,Z2,3026,LOCAL0,dynamic,adjacent_percent_change_new_extension,residual_ftv_ld,BPE,,T1->T2,difference,goal6_transformed_standardized_residual,370,0.1349326759420815,0.13588869894029096,,-0.052573839500355546,0.1349326759420815,-0.052573839500355546,0.004731971260750312,,,36.284335574565155,25.502499091249227,0.07626923212729653,0.7549324350128401,370,0.1270474021091663,0.14683824276164498,,-0.037445922609727365,0.1270474021091663,-0.037445922609727365,0.011559875008294251,,,36.15965944989647,25.68491970523153,0.06826187282905978,0.6781841426915586,0.007885273832915207,-0.010949543821354019,,-0.01512791689062818,0.007885273832915207,-0.01512791689062818,-0.00682790374754394,,,0.12467612466868161,-0.18242061398230192,0.008007359298236746,0.07674829232128155
SPATIAL_MEAN_MINUS_PREPROJECTOR,Z3,Z2,3026,LOCAL3,dynamic,adjacent_percent_change_new_extension,residual_ftv_ld,BPE,,T1->T2,difference,goal6_transformed_standardized_residual,370,0.13746705806072726,0.16215360967519288,,-0.012135411771767442,0.13746705806072726,-0.012135411771767442,0.03539511968479181,,,35.72102198262421,25.27848555517055,0.05257006354964911,0.7815248773718105,370,0.1501400573554761,0.16689077199222874,,-0.026857497768552147,0.1501400573554761,-0.026857497768552147,0.01597536852746062,,,36.078804046533556,25.533182587217798,0.07001616775676821,0.7626337678334061,-0.012672999294748827,-0.004737162317035859,,0.014722085996784704,-0.012672999294748827,0.014722085996784704,0.01941975115733119,,,-0.3577820639093474,-0.2546970320472468,-0.017446104207119097,0.01889110953840445
SPATIAL_MEAN_MINUS_PREPROJECTOR,Z3,Z2,2026,LOCAL0,dynamic,adjacent_percent_change_new_extension,residual_ftv_ld,BPE,,T1->T2,prefix,goal6_transformed_standardized_residual,370,0.19628082979814132,0.1951832952212524,,-3.370235718088909e-05,0.19628082979814132,-3.370235718088909e-05,0.0439328741169519,,,35.56258656280328,24.99497466612384,0.07826649958149469,0.7429725189253714,370,0.1940785780662428,0.19173223768270078,,-0.007734290308529635,0.1940785780662428,-0.007734290308529635,0.03602858451618329,,,35.709290895702026,25.313571463478354,0.09923326853709367,0.6314627034404068,0.00220225173189853,0.0034510575385516273,,0.0077005879513487455,0.00220225173189853,0.0077005879513487455,0.00790428960076861,,,-0.14670433289874296,-0.3185967973545125,-0.020966768955598986,0.11150981548496464
SPATIAL_MEAN_MINUS_PREPROJECTOR,Z3,Z2,2026,LOCAL3,dynamic,adjacent_percent_change_new_extension,residual_ftv_ld,BPE,,T1->T2,prefix,goal6_transformed_standardized_residual,370,0.1834458802802968,0.17411688452791027,,-0.05052606507202902,0.1834458802802968,-0.05052606507202902,0.0048629043940969785,,,36.28194879137177,25.452513742924506,0.12575988867702342,0.6267273748379274,370,0.1732257638671202,0.18344003244352222,,-0.014637734533200187,0.1732257638671202,-0.014637734533200187,0.03135112815742647,,,35.795821740838534,25.426959671472233,0.09852535850172092,0.6006491738622816,0.010220116413176578,-0.009323147915611951,,-0.03588833053882883,0.010220116413176578,-0.03588833053882883,-0.026488223763329488,,,0.48612705053323424,0.025554071452273064,0.0272345301753025,0.026078200975645838
SPATIAL_MEAN_MINUS_PREPROJECTOR,Z3,Z2,3026,LOCAL0,dynamic,adjacent_percent_change_new_extension,residual_ftv_ld,BPE,,T1->T2,prefix,goal6_transformed_standardized_residual,370,0.13732669238035855,0.14873617438939205,,-0.07555885284672485,0.13732669238035855,-0.07555885284672485,-0.012177039212060814,,,36.59126205562576,25.989171874525315,0.155926836311241,0.5354626427724316,370,0.15978833963893718,0.16088153953224696,,-0.033246634998994024,0.15978833963893718,-0.033246634998994024,0.017093227180429826,,,36.05830534020763,25.22945312171821,0.09675142220841729,0.6658046014595658,-0.022461647258578632,-0.012145365142854914,,-0.04231221784773083,-0.022461647258578632,-0.04231221784773083,-0.02927026639249064,,,0.5329567154181305,0.7597187528071068,0.059175414102823704,-0.13034195868713416
SPATIAL_MEAN_MINUS_PREPROJECTOR,Z3,Z2,3026,LOCAL3,dynamic,adjacent_percent_change_new_extension,residual_ftv_ld,BPE,,T1->T2,prefix,goal6_transformed_standardized_residual,370,0.15834684261518206,0.15692149639760697,,-0.03152714079860327,0.15834684261518206,-0.03152714079860327,0.020280201039217127,,,35.99980020902618,25.341485446038885,0.10011765067743407,0.5856459782359472,370,0.16621577599726445,0.17480616147243624,,-0.017140434064640046,0.16621577599726445,-0.017140434064640046,0.02808164359109777,,,35.85618174341229,25.097543575340573,0.0762697120340111,0.6898594314392901,-0.007868933382082388,-0.017884665074829276,,-0.014386706733963223,-0.007868933382082388,-0.014386706733963223,-0.007801442551880644,,,0.14361846561389058,0.2439418706983112,0.023847938643422967,-0.10421345320334285
SPATIAL_MEAN_MINUS_PREPROJECTOR,Z3,Z2,2026,LOCAL0,dynamic,adjacent_percent_change_new_extension,residual_ftv_ld,BPE,,T2->T3,difference,goal6_transformed_standardized_residual,313,0.16464985113967526,0.10466355724752385,,-0.026644205313466326,0.16464985113967526,-0.026644205313466326,-0.0025386539928256013,,,44.790534608374045,29.02667998978951,0.046087055931236715,0.7093351334251442,313,0.06307407976386134,0.0527148331316783,,-0.03834621384037825,0.06307407976386134,-0.03834621384037825,-0.023128299065854563,,,45.248139999899806,28.90664360565416,0.04023679480538596,0.4684096879746691,0.10157577137581392,0.05194872411584555,,0.011702008526911924,0.10157577137581392,0.011702008526911924,0.02058964507302896,,,-0.4576053915257603,0.12003638413535,0.005850261125850756,0.24092544545047512
SPATIAL_MEAN_MINUS_PREPROJECTOR,Z3,Z2,2026,LOCAL3,dynamic,adjacent_percent_change_new_extension,residual_ftv_ld,BPE,,T2->T3,difference,goal6_transformed_standardized_residual,313,0.14008778716645115,0.11185579880438738,,-0.07605888287763382,0.14008778716645115,-0.07605888287763382,-0.024629091209112275,,,45.28131431846514,29.62376207782347,0.10089310328528656,0.750586661860374,313,0.10402944594576712,0.08334249726915093,,-0.029898822804556014,0.10402944594576712,-0.029898822804556014,-0.01756838130225935,,,45.12502804513018,28.853747415242236,0.04168004283280332,0.6924792248500067,0.036058341220684034,0.028513301535236457,,-0.04616006007307781,0.036058341220684034,-0.04616006007307781,-0.007060709906852924,,,0.15628627333496325,0.7700146625812359,0.059213060452483236,0.05810743701036736
SPATIAL_MEAN_MINUS_PREPROJECTOR,Z3,Z2,3026,LOCAL0,dynamic,adjacent_percent_change_new_extension,residual_ftv_ld,BPE,,T2->T3,difference,goal6_transformed_standardized_residual,313,0.19183945052891513,0.16360072662183045,,-0.00906597933567599,0.19183945052891513,-0.00906597933567599,0.004445192282965249,,,44.634252910671805,28.827399223766534,0.06883041437075403,0.7556716296432976,313,0.13944834864843308,0.1017671834053664,,-0.0919254122295921,0.13944834864843308,-0.0919254122295921,-0.05387030579299679,,,45.922895898549974,29.614929052839216,0.1502165512917189,0.29820390638883265,0.052391101880482044,0.061833543216464046,,0.0828594328939161,0.052391101880482044,0.0828594328939161,0.058315498075962036,,,-1.2886429878781698,-0.7875298290726818,-0.08138613692096487,0.45746772325446494
SPATIAL_MEAN_MINUS_PREPROJECTOR,Z3,Z2,3026,LOCAL3,dynamic,adjacent_percent_change_new_extension,residual_ftv_ld,BPE,,T2->T3,difference,goal6_transformed_standardized_residual,313,0.14076697827194776,0.14078477357254324,,-0.12987324325554758,0.14076697827194776,-0.12987324325554758,-0.05493542566236753,,,45.94609658841392,29.872091111888288,0.21523595223612085,0.521069229292171,313,0.10490717214210767,0.08077418484693875,,-0.09036697603801523,0.10490717214210767,-0.09036697603801523,-0.04126757221102051,,,45.64748501364694,29.531335070802026,0.12668372752157545,0.2823359013677516,0.03585980612984009,0.06001058872560448,,-0.03950626721753235,0.03585980612984009,-0.03950626721753235,-0.013667853451347023,,,0.29861157476697997,0.34075604108626223,0.08855222471454541,0.23873332792441943
SPATIAL_MEAN_MINUS_PREPROJECTOR,Z3,Z2,2026,LOCAL0,dynamic,adjacent_percent_change_new_extension,residual_ftv_ld,BPE,,T2->T3,prefix,goal6_transformed_standardized_residual,313,0.1062778718826253,0.0801723530370041,,-0.057346997651963744,0.1062778718826253,-0.057346997651963744,-0.029719059008864068,,,45.393645164694384,29.779955602942092,0.07388653316329535,0.4335316634821487,313,0.09936373032191143,0.0953959472590447,,-0.05787161686339768,0.09936373032191143,-0.05787161686339768,-0.021740520777588923,,,45.217442141932196,29.534910003960203,0.09846892856121402,0.387967673892082,0.006914141560713877,-0.015223594222040601,,0.0005246192114339368,0.006914141560713877,0.0005246192114339368,-0.007978538231275145,,,0.1762030227621878,0.24504559898188916,-0.024582395397918663,0.045563989590066745
SPATIAL_MEAN_MINUS_PREPROJECTOR,Z3,Z2,2026,LOCAL3,dynamic,adjacent_percent_change_new_extension,residual_ftv_ld,BPE,,T2->T3,prefix,goal6_transformed_standardized_residual,313,0.12328802837643191,0.09898171069422339,,-0.04788002330929334,0.12328802837643191,-0.04788002330929334,-0.022106751722681395,,,45.225545247643716,29.68626885507096,0.07386887468990463,0.5089115015827526,313,0.11443120261979055,0.11730381184141359,,-0.04422490074077447,0.11443120261979055,-0.04422490074077447,-0.016244199442767338,,,45.09565744115616,29.40075565647156,0.09910517900985168,0.4607895382707667,0.00885682575664136,-0.018322101147190198,,-0.0036551225685188746,0.00885682575664136,-0.0036551225685188746,-0.005862552279914057,,,0.12988780648755238,0.28551319859939994,-0.025236304319947042,0.04812196331198587
SPATIAL_MEAN_MINUS_PREPROJECTOR,Z3,Z2,3026,LOCAL0,dynamic,adjacent_percent_change_new_extension,residual_ftv_ld,BPE,,T2->T3,prefix,goal6_transformed_standardized_residual,313,0.19046344024587603,0.17381589096812222,,-0.0019015569975127406,0.19046344024587603,-0.0019015569975127406,0.0136784005669629,,,44.42679203241964,28.927523324778246,0.07458092923141059,0.7390405467907667,313,0.1216617445257536,0.10324595726242636,,-0.19635660075416533,0.1216617445257536,-0.19635660075416533,-0.0943212525573236,,,46.79593184266088,30.781064330563353,0.26977358195220713,0.2946809551261085,0.06880169572012243,0.07056993370569586,,0.1944550437566526,0.06880169572012243,0.1944550437566526,0.1079996531242865,,,-2.3691398102412364,-1.8535410057851074,-0.19519265272079656,0.4443595916646582
SPATIAL_MEAN_MINUS_PREPROJECTOR,Z3,Z2,3026,LOCAL3,dynamic,adjacent_percent_change_new_extension,residual_ftv_ld,BPE,,T2->T3,prefix,goal6_transformed_standardized_residual,313,0.1686926186225794,0.16373815947023035,,-0.009868992562390997,0.1686926186225794,-0.009868992562390997,0.007710758558250319,,,44.560989323522456,28.96748552633445,0.07914216005840978,0.6898523288408999,313,0.12523142652484578,0.10915233330379479,,-0.11027355481786333,0.12523142652484578,-0.11027355481786333,-0.0457015682053008,,,45.74457137237144,29.830902921593143,0.16614312010211388,0.35036368851400745,0.04346119209773361,0.054585826166435564,,0.10040456225547233,0.04346119209773361,0.10040456225547233,0.05341232676355112,,,-1.183582048848983,-0.8634173952586934,-0.0870009600437041,0.3394886403268924
SPATIAL_MEAN_MINUS_PREPROJECTOR,Z3,Z2,2026,LOCAL0,dynamic,adjacent_percent_change_new_extension,residual_ftv_ld,SPH,,T0->T1,difference,goal6_transformed_standardized_residual,375,-0.010562614598112304,-0.016238363890283894,,-0.16181861253174645,-0.010562614598112304,-0.16181861253174645,-0.09216230387621716,,,38.473204291051125,27.431186115157374,0.11674684096199811,-0.17620039179890348,375,-0.12467878939108931,-0.10342152771149758,,-0.13802269004280424,-0.12467878939108931,-0.13802269004280424,-0.08592100697022675,,,38.36311684045052,27.672766573757734,0.033989657116055574,-0.6445618562451823,0.114116174792977,0.08718316382121369,,-0.023795922488942217,0.114116174792977,-0.023795922488942217,-0.006241296905990401,,,0.11008745060060221,-0.24158045860036026,0.08275718384594254,0.4683614644462788
SPATIAL_MEAN_MINUS_PREPROJECTOR,Z3,Z2,2026,LOCAL3,dynamic,adjacent_percent_change_new_extension,residual_ftv_ld,SPH,,T0->T1,difference,goal6_transformed_standardized_residual,375,0.02407558343371318,-0.0046683111061115974,,-0.115903032633909,0.02407558343371318,-0.115903032633909,-0.08005947552007053,,,38.25943946443344,27.24211723817068,0.052807699677321705,0.0978519135713796,375,-0.05062249293569211,-0.02949859935652216,,-0.16024286022371315,-0.05062249293569211,-0.16024286022371315,-0.0938583409221585,,,38.50306554264861,27.727026318892797,0.09957048184287903,-0.22320176843194284,0.07469807636940529,0.024830288250410563,,0.04433982758980415,0.07469807636940529,0.04433982758980415,0.013798865402087968,,,-0.24362607821517202,-0.48490908072211525,-0.04676278216555733,0.3210536820033224
SPATIAL_MEAN_MINUS_PREPROJECTOR,Z3,Z2,3026,LOCAL0,dynamic,adjacent_percent_change_new_extension,residual_ftv_ld,SPH,,T0->T1,difference,goal6_transformed_standardized_residual,375,-0.00019810431071879008,-0.04733029685384943,,-0.09825017288996304,-0.00019810431071879008,-0.09825017288996304,-0.061496650014597476,,,37.92923480281388,27.066744720157462,0.03082909424699129,-0.534990360493333,375,-0.023311978578341348,-0.03335780650580675,,-0.09526477691201073,-0.023311978578341348,-0.09526477691201073,-0.05815991146895216,,,37.86957396713382,27.06260438026417,0.02245550291795513,-0.24907780026890192,0.02311387426762256,-0.013972490348042682,,-0.002985395977952318,0.02311387426762256,-0.002985395977952318,-0.0033367385456453125,,,0.059660835680062974,0.004140339893293543,0.008373591329036159,-0.2859125602244311
SPATIAL_MEAN_MINUS_PREPROJECTOR,Z3,Z2,3026,LOCAL3,dynamic,adjacent_percent_change_new_extension,residual_ftv_ld,SPH,,T0->T1,difference,goal6_transformed_standardized_residual,375,0.018292933464756914,-0.02489149610185578,,-0.09549184341393126,0.018292933464756914,-0.09549184341393126,-0.05771658152192494,,,37.86164015917607,27.00747655520233,0.033103512495000695,-0.32810854363190134,375,0.012151833697889648,-0.006478390414560762,,-0.12111363151682598,0.012151833697889648,-0.12111363151682598,-0.07944436753960216,,,38.24854328754863,27.296350693373626,0.0565394261266848,-0.026853204114945222,0.006141099766867266,-0.01841310568729502,,0.025621788102894727,0.006141099766867266,0.025621788102894727,0.02172778601767722,,,-0.386903128372559,-0.2888741381712947,-0.023435913631684104,-0.3012553395169561
SPATIAL_MEAN_MINUS_PREPROJECTOR,Z3,Z2,2026,LOCAL0,dynamic,adjacent_percent_change_new_extension,residual_ftv_ld,SPH,,T0->T1,prefix,goal6_transformed_standardized_residual,375,0.010190539550857658,0.0032137987674036024,,-0.1648491264670655,0.010190539550857658,-0.1648491264670655,-0.09105621118711982,,,38.45371739348612,27.520637889615497,0.10406663692394272,0.04370067270770602,375,-0.053547547504948396,-0.04389030934112063,,-0.20766543048465266,-0.053547547504948396,-0.20766543048465266,-0.12035643732047951,,,38.966632367047374,28.247400386936896,0.11059505965728801,-0.11932324118590491,0.06373808705580605,0.04710410810852423,,0.04281630401758715,0.06373808705580605,0.04281630401758715,0.029300226133359697,,,-0.5129149735612515,-0.7267624973213991,-0.006528422733345293,0.16302391389361093
SPATIAL_MEAN_MINUS_PREPROJECTOR,Z3,Z2,2026,LOCAL3,dynamic,adjacent_percent_change_new_extension,residual_ftv_ld,SPH,,T0->T1,prefix,goal6_transformed_standardized_residual,375,0.03674014435376778,0.021308402995203028,,-0.14739638412901923,0.03674014435376778,-0.14739638412901923,-0.08318970071193865,,,38.31484104970094,27.472146067368598,0.09472722872820798,0.11379518535925305,375,-0.036570261497664645,-0.026567089312791205,,-0.20040814808979754,-0.036570261497664645,-0.20040814808979754,-0.11746283472332664,,,38.91627926383124,28.1316587971519,0.11558731697540105,-0.0701265700730559,0.07331040585143242,0.04787549230799423,,0.05301176396077831,0.07331040585143242,0.05301176396077831,0.034273134011387985,,,-0.6014382141303045,-0.6595127297833017,-0.02086008824719307,0.18392175543230893
SPATIAL_MEAN_MINUS_PREPROJECTOR,Z3,Z2,3026,LOCAL0,dynamic,adjacent_percent_change_new_extension,residual_ftv_ld,SPH,,T0->T1,prefix,goal6_transformed_standardized_residual,375,0.04514812085382357,0.01785264959419625,,-0.11625380326370115,0.04514812085382357,-0.11625380326370115,-0.07103584559489362,,,38.099280160478266,27.33228458735115,0.06860632151100246,0.13162157136487315,375,-0.0411053073360114,-0.025092980884801903,,-0.12627110046749263,-0.0411053073360114,-0.12627110046749263,-0.07880575962246139,,,38.23722754169171,27.446777574904853,0.05248066891565793,-0.07948724060490463,0.08625342818983497,0.04294563047899815,,0.010017297203791478,0.08625342818983497,0.010017297203791478,0.00776991402756777,,,-0.13794738121344352,-0.11449298755370307,0.016125652595344528,0.21110881196977777
SPATIAL_MEAN_MINUS_PREPROJECTOR,Z3,Z2,3026,LOCAL3,dynamic,adjacent_percent_change_new_extension,residual_ftv_ld,SPH,,T0->T1,prefix,goal6_transformed_standardized_residual,375,0.05228904037744935,0.03254712819862685,,-0.10827098437906889,0.05228904037744935,-0.10827098437906889,-0.06585065866940343,,,38.006943581910065,27.187544825887862,0.06914573135752992,0.13585317899323346,375,-0.0016571315814164897,-0.0030181038469589035,,-0.13666591254395774,-0.0016571315814164897,-0.13666591254395774,-0.09627640816698468,,,38.54559920623733,27.531957649649993,0.07017581411759616,0.04271831776157907,0.05394617195886584,0.03556523204558576,,0.028394928164888852,0.05394617195886584,0.028394928164888852,0.030425749497581256,,,-0.5386556243272622,-0.34441282376213067,-0.0010300827600662338,0.09313486123165439
SPATIAL_MEAN_MINUS_PREPROJECTOR,Z3,Z2,2026,LOCAL0,dynamic,adjacent_percent_change_new_extension,residual_ftv_ld,SPH,,T1->T2,difference,goal6_transformed_standardized_residual,370,-0.019112519439645155,0.03170092124292025,,-0.09996301560051289,-0.019112519439645155,-0.09996301560051289,0.07943269325531066,,,56.47300564675273,39.282413764893086,0.06848029559242855,0.11262006333089407,370,0.03649439015059109,0.08119592781429343,,-0.04084712504477508,0.03649439015059109,-0.04084712504477508,0.11323078221093341,,,55.42662487542272,37.96621669608268,0.03142656237128555,0.45319063288759237,-0.055606909590236245,-0.04949500657137317,,-0.059115890555737814,-0.055606909590236245,-0.059115890555737814,-0.03379808895562275,,,1.0463807713300142,1.3161970688104034,0.037053733221143,-0.3405705695566983
SPATIAL_MEAN_MINUS_PREPROJECTOR,Z3,Z2,2026,LOCAL3,dynamic,adjacent_percent_change_new_extension,residual_ftv_ld,SPH,,T1->T2,difference,goal6_transformed_standardized_residual,370,-0.018558485950011992,0.02753564467314462,,-0.0724347362822478,-0.018558485950011992,-0.0724347362822478,0.09525591902670871,,,55.985557129058414,38.924926707513976,0.05079647793316021,-0.01730444969815262,370,0.04157722513149848,0.08115258835320296,,-0.03982510057165536,0.04157722513149848,-0.03982510057165536,0.11378510546640586,,,55.40929845638743,37.93079695846701,0.02786321682778911,0.4590140733729932,-0.06013571108151047,-0.05361694368005834,,-0.03260963571059244,-0.06013571108151047,-0.03260963571059244,-0.018529186439697143,,,0.5762586726709813,0.9941297490469623,0.022933261105371097,-0.47631852307114586
SPATIAL_MEAN_MINUS_PREPROJECTOR,Z3,Z2,3026,LOCAL0,dynamic,adjacent_percent_change_new_extension,residual_ftv_ld,SPH,,T1->T2,difference,goal6_transformed_standardized_residual,370,0.04866112028970871,0.106971732657863,,-0.03330717703871833,0.04866112028970871,-0.03330717703871833,0.1255309282449929,,,55.04087838146127,37.788153528868044,0.04025846340052734,0.4976256682026818,370,0.04201766563123282,0.08114191573147182,,-0.0400499698502947,0.04201766563123282,-0.0400499698502947,0.11187124643477164,,,55.46909681623593,38.35261037377401,0.033151780854490595,0.4931274433859657,0.006643454658475892,0.025829816926391178,,0.006742792811576373,0.006643454658475892,0.006742792811576373,0.013659681810221258,,,-0.4282184347746636,-0.564456844905969,0.007106682546036747,0.004498224816716079
SPATIAL_MEAN_MINUS_PREPROJECTOR,Z3,Z2,3026,LOCAL3,dynamic,adjacent_percent_change_new_extension,residual_ftv_ld,SPH,,T1->T2,difference,goal6_transformed_standardized_residual,370,0.0199785511227769,0.058809961088367994,,-0.05315473737285227,0.0199785511227769,-0.05315473737285227,0.11151617234931366,,,55.48018398718796,38.16429210698705,0.03975008246431768,0.26165610874057854,370,0.05863670066253383,0.06904647842215289,,-0.04252506251462922,0.05863670066253383,-0.04252506251462922,0.10986328926618116,,,55.531766044712114,38.18089892385268,0.02565987786152123,0.5101724064722738,-0.038658149539756936,-0.010236517333784896,,-0.010629674858223054,-0.038658149539756936,-0.010629674858223054,0.0016528830831324948,,,-0.051582057524157676,-0.016606816865632368,0.01409020460279645,-0.24851629773169526
SPATIAL_MEAN_MINUS_PREPROJECTOR,Z3,Z2,2026,LOCAL0,dynamic,adjacent_percent_change_new_extension,residual_ftv_ld,SPH,,T1->T2,prefix,goal6_transformed_standardized_residual,370,-0.0062951273039938,-0.0025992932649207354,,-0.21258530636151676,-0.0062951273039938,-0.21258530636151676,0.014777523996273412,,,58.42251981354846,41.225751394142264,0.1546544066174978,0.022275522716227444,370,0.015457280107088588,0.04586036266048802,,-0.07891391366863675,0.015457280107088588,-0.07891391366863675,0.09285812290215256,,,56.05969584341376,39.12142352238852,0.05656669843839453,0.23862625473758714,-0.021752407411082388,-0.048459655925408754,,-0.13367139269288003,-0.021752407411082388,-0.13367139269288003,-0.07808059890587915,,,2.3628239701346985,2.104327871753746,0.09808770817910327,-0.21635073202135968
SPATIAL_MEAN_MINUS_PREPROJECTOR,Z3,Z2,2026,LOCAL3,dynamic,adjacent_percent_change_new_extension,residual_ftv_ld,SPH,,T1->T2,prefix,goal6_transformed_standardized_residual,370,-0.02193730956724249,0.004229307722736811,,-0.20022502711995338,-0.02193730956724249,-0.20022502711995338,0.022898312358916373,,,58.18124506174596,41.49361371704843,0.15819202657107123,-0.0023181613297549777,370,0.019437551643397364,0.06039807459048096,,-0.07375296235097141,0.019437551643397364,-0.07375296235097141,0.09714701639977075,,,55.92701597653307,39.108976757389065,0.055034866849492485,0.2945489873840108,-0.04137486121063985,-0.05616876686774415,,-0.12647206476898198,-0.04137486121063985,-0.12647206476898198,-0.07424870404085437,,,2.2542290852128914,2.3846369596593675,0.10315715972157874,-0.2968671487137658
SPATIAL_MEAN_MINUS_PREPROJECTOR,Z3,Z2,3026,LOCAL0,dynamic,adjacent_percent_change_new_extension,residual_ftv_ld,SPH,,T1->T2,prefix,goal6_transformed_standardized_residual,370,-0.016900630925712628,0.015417787487035029,,-0.08272310318042612,-0.016900630925712628,-0.08272310318042612,0.0959021935733736,,,55.96555782484105,38.98951874625419,0.040573405485947976,0.16050512319731372,370,-0.02081903067798201,0.026013188170573787,,-0.09544172145077522,-0.02081903067798201,-0.09544172145077522,0.08294804995375837,,,56.36507619719733,39.57797327259155,0.061503969482086314,0.17632823937382058,0.003918399752269382,-0.010595400683538758,,0.012718618270349091,0.003918399752269382,0.012718618270349091,0.012954143619615222,,,-0.3995183723562832,-0.5884545263373582,-0.020930563996138338,-0.015823116176506863
SPATIAL_MEAN_MINUS_PREPROJECTOR,Z3,Z2,3026,LOCAL3,dynamic,adjacent_percent_change_new_extension,residual_ftv_ld,SPH,,T1->T2,prefix,goal6_transformed_standardized_residual,370,-0.023871882992987425,0.00924937944345321,,-0.09076352955496664,-0.023871882992987425,-0.09076352955496664,0.09308029800952577,,,56.05283041697501,39.159367247928515,0.04295966392060921,0.1477089389623165,370,-0.034902130980143276,0.011006616074426882,,-0.10827938896994012,-0.034902130980143276,-0.10827938896994012,0.07745370969112009,,,56.5336742965488,39.722263813101556,0.0652458509092761,0.09909005036637644,0.01103024798715585,-0.0017572366309736714,,0.01751585941497348,0.01103024798715585,0.01751585941497348,0.015626588318405688,,,-0.48084387957378993,-0.5628965651730411,-0.022286186988666898,0.048618888595940046
SPATIAL_MEAN_MINUS_PREPROJECTOR,Z3,Z2,2026,LOCAL0,dynamic,adjacent_percent_change_new_extension,residual_ftv_ld,SPH,,T2->T3,difference,goal6_transformed_standardized_residual,313,0.08633427474734162,0.06668751403578442,,-0.03644227266430282,0.08633427474734162,-0.03644227266430282,0.11175638936701027,,,63.6766092421919,38.69532180817266,0.03552859698605427,0.2800258104091941,313,0.11610393386030446,0.13824370818085943,,-0.022558430578902482,0.11610393386030446,-0.022558430578902482,0.12626384686880188,,,63.15446148776089,38.180226929273374,0.03777917644453405,0.8182422663121388,-0.029769659112962837,-0.07155619414507501,,-0.013883842085400337,-0.029769659112962837,-0.013883842085400337,-0.01450745750179161,,,0.5221477544310105,0.5150948788992835,-0.0022505794584797845,-0.5382164559029448
SPATIAL_MEAN_MINUS_PREPROJECTOR,Z3,Z2,2026,LOCAL3,dynamic,adjacent_percent_change_new_extension,residual_ftv_ld,SPH,,T2->T3,difference,goal6_transformed_standardized_residual,313,0.08466691477276296,0.07033868076156222,,-0.037454682491322035,0.08466691477276296,-0.037454682491322035,0.11125509041134896,,,63.69457532423134,38.56454369501548,0.03363329925200326,0.3320979768829631,313,0.10034255329498755,0.13138439330235824,,-0.023782996420792533,0.10034255329498755,-0.023782996420792533,0.12821083369625608,,,63.08405723559005,38.177718375929196,0.04617049341428917,0.6306898182994051,-0.01567563852222459,-0.06104571254079602,,-0.013671686070529501,-0.01567563852222459,-0.013671686070529501,-0.01695574328490712,,,0.6105180886412853,0.3868253190862845,-0.012537194162285915,-0.29859184141644196
SPATIAL_MEAN_MINUS_PREPROJECTOR,Z3,Z2,3026,LOCAL0,dynamic,adjacent_percent_change_new_extension,residual_ftv_ld,SPH,,T2->T3,difference,goal6_transformed_standardized_residual,313,0.07802638393524713,0.06250943933007279,,-0.060126030320368035,0.07802638393524713,-0.060126030320368035,0.09692545431637956,,,64.20601026471725,39.2786401548597,0.07939725792770311,0.12570390623936498,313,0.05023968294609832,0.08610898790868303,,-0.048058618346035496,0.05023968294609832,-0.048058618346035496,0.10821668300673892,,,63.80336072544124,38.82205108649567,0.07065648855560505,0.31288982317995984,0.027786700989148816,-0.02359954857861024,,-0.012067411974332538,0.027786700989148816,-0.012067411974332538,-0.011291228690359367,,,0.40264953927601255,0.4565890683640319,0.008740769372098056,-0.18718591694059486
SPATIAL_MEAN_MINUS_PREPROJECTOR,Z3,Z2,3026,LOCAL3,dynamic,adjacent_percent_change_new_extension,residual_ftv_ld,SPH,,T2->T3,difference,goal6_transformed_standardized_residual,313,0.050900302354828134,0.07714412258430062,,-0.047548252711715956,0.050900302354828134,-0.047548252711715956,0.11250178217212803,,,63.64988569041111,39.27134469746057,0.049123603393201015,0.3704062086739059,313,0.05359798357821186,0.08813083612620619,,-0.04653577223179297,0.05359798357821186,-0.04653577223179297,0.10658251600863922,,,63.86179287055441,38.738989416867334,0.06713750429234665,0.27698019788314715,-0.0026976812233837286,-0.010986713541905571,,-0.0010124804799229864,-0.0026976812233837286,-0.0010124804799229864,0.005919266163488812,,,-0.21190718014329946,0.5323552805932366,-0.018013900899145632,0.09342601079075874
SPATIAL_MEAN_MINUS_PREPROJECTOR,Z3,Z2,2026,LOCAL0,dynamic,adjacent_percent_change_new_extension,residual_ftv_ld,SPH,,T2->T3,prefix,goal6_transformed_standardized_residual,313,0.03400463814237854,0.020539879465752288,,-0.07327286841284092,0.03400463814237854,-0.07327286841284092,0.09224572231168315,,,64.37215306710077,39.58579404413606,0.04459004689510777,0.15422664200316968,313,0.05850309383280177,0.09294428515687704,,-0.05410148125216584,0.05850309383280177,-0.05410148125216584,0.10735987703598382,,,63.83400380596699,38.94158417157605,0.05845065962767002,0.4212570556484979,-0.024498455690423228,-0.07240440569112475,,-0.019171387160675082,-0.024498455690423228,-0.019171387160675082,-0.015114154724300666,,,0.5381492611337819,0.6442098725600118,-0.013860612732562255,-0.2670304136453282
SPATIAL_MEAN_MINUS_PREPROJECTOR,Z3,Z2,2026,LOCAL3,dynamic,adjacent_percent_change_new_extension,residual_ftv_ld,SPH,,T2->T3,prefix,goal6_transformed_standardized_residual,313,-0.01180412155072449,0.0011902773832680816,,-0.09204221477724202,-0.01180412155072449,-0.09204221477724202,0.08200313426050565,,,64.73430391755194,40.094775315147544,0.05783051019888137,-0.05409820439998876,313,0.06572603133995729,0.09274553266150595,,-0.058485377287170265,0.06572603133995729,-0.058485377287170265,0.10845440766652559,,,63.79485605682681,39.04237162879645,0.05971226446983621,0.46305344987082614,-0.07753015289068178,-0.09155525527823787,,-0.03355683749007175,-0.07753015289068178,-0.03355683749007175,-0.026451273406019937,,,0.9394478607251315,1.0524036863510915,-0.0018817542709548413,-0.5171516542708149
SPATIAL_MEAN_MINUS_PREPROJECTOR,Z3,Z2,3026,LOCAL0,dynamic,adjacent_percent_change_new_extension,residual_ftv_ld,SPH,,T2->T3,prefix,goal6_transformed_standardized_residual,313,0.05407687986188365,0.07034906890402591,,-0.09913266770776773,0.05407687986188365,-0.09913266770776773,0.12947125293631156,,,63.03843776543437,41.06848763728398,0.10956949675201792,0.3124701279800872,313,0.023374316811623764,0.06963265565920368,,-0.07145288861365444,0.023374316811623764,-0.07145288861365444,0.10863408820010545,,,63.788427181245176,39.35713144306543,0.0689947504928326,0.30605386606332413,0.030702563050259885,0.000716413244822231,,-0.027679779094113288,0.030702563050259885,-0.027679779094113288,0.020837164736206115,,,-0.7499894158108091,1.7113561942185527,0.04057474625918532,0.0064162619167630885
SPATIAL_MEAN_MINUS_PREPROJECTOR,Z3,Z2,3026,LOCAL3,dynamic,adjacent_percent_change_new_extension,residual_ftv_ld,SPH,,T2->T3,prefix,goal6_transformed_standardized_residual,313,0.0109112970328523,0.01986342293737189,,-0.09356408632800262,0.0109112970328523,-0.09356408632800262,0.10075991996887323,,,64.0695555079879,40.48734363248131,0.06051272902314071,0.17707043697845845,313,0.0024997368878162994,0.04891280877269652,,-0.08300159673284908,0.0024997368878162994,-0.08300159673284908,0.10048387585439156,,,64.07938862543072,39.57516949460447,0.06759452221180742,0.22888148016236323,0.008411560145035999,-0.02904938583532463,,-0.010562489595153532,0.008411560145035999,-0.010562489595153532,0.0002760441144816772,,,-0.009833117442823891,0.9121741378768462,-0.00708179318866671,-0.05181104318390478
SPATIAL_MEAN_MINUS_PREPROJECTOR,Z3,Z2,2026,LOCAL0,static,goal6_workbook_endpoint,raw,BPE,T0,,current,natural_target,375,0.2916165661622483,0.23149083265307588,0.009309258712632662,0.03787795243200927,,,,17.166256229029152,11.853682878220866,,,0.10649969684221457,0.7093484290807726,375,0.25662874047104334,0.2515281514902639,0.025391208762637008,0.022982547014919474,,,,17.026355650850096,12.008984519343993,,,0.11935248689900818,0.7280661884940419,0.034987825691204955,-0.02003731883718804,-0.016081950050004346,0.014895405417089794,,,,0.13990057817905566,-0.1553016411231276,,,-0.012852790056793614,-0.018717759413269364
SPATIAL_MEAN_MINUS_PREPROJECTOR,Z3,Z2,2026,LOCAL3,static,goal6_workbook_endpoint,raw,BPE,T0,,current,natural_target,375,0.26683422459893047,0.21827207660489475,-0.007325979903577862,0.010994907390426939,,,,17.30978031161992,12.079060455474597,,,0.14881324081823175,0.5658188255200978,375,0.27756650358402546,0.258599893142176,0.025875572197523344,0.028533745302736793,,,,17.0221242253376,12.054955940823561,,,0.133617509682003,0.7074514718269787,-0.01073227898509499,-0.040327816537281264,-0.033201552101101206,-0.017538837912309854,,,,0.28765608628232187,0.024104514651035913,,,0.01519573113622874,-0.14163264630688088
SPATIAL_MEAN_MINUS_PREPROJECTOR,Z3,Z2,3026,LOCAL0,static,goal6_workbook_endpoint,raw,BPE,T0,,current,natural_target,375,0.3247038343383776,0.2705007234574615,0.03479622844435726,0.0784881439580883,,,,16.94400393701579,11.733613668179407,,,0.07723674731108768,0.9733217829433899,375,0.3016839230856753,0.2327650027922066,0.005664676912637279,0.02618292939444706,,,,17.19780310214319,12.164213174355556,,,0.13003865108842255,0.6454780152555305,0.023019911252702252,0.03773572066525491,0.02913155153171998,0.05230521456364124,,,,-0.25379916512740053,-0.43059950617614895,,,-0.052801903777334874,0.3278437676878594
SPATIAL_MEAN_MINUS_PREPROJECTOR,Z3,Z2,3026,LOCAL3,static,goal6_workbook_endpoint,raw,BPE,T0,,current,natural_target,375,0.3256768688132894,0.2708691002117879,0.03662663984277292,0.07679494399025404,,,,16.92793001730083,11.754642162454918,,,0.08755867039333294,0.9153978457776895,375,0.3143859369666629,0.2570675943748031,0.02291107806460857,0.05552240805902543,,,,17.048005751497335,12.017984058139579,,,0.13130629626202897,0.7094218455224388,0.011290931846626495,0.013801505836984806,0.013715561778164354,0.021272535931228603,,,,-0.12007573419650441,-0.26334189568466115,,,-0.04374762586869603,0.20597600025525065
SPATIAL_MEAN_MINUS_PREPROJECTOR,Z3,Z2,2026,LOCAL0,static,goal6_workbook_endpoint,raw,BPE,T1,,current,natural_target,375,0.30097508248947547,0.2762500216346166,0.03734534527528488,0.0736829642637801,,,,12.400319037076395,8.868169925853403,,,0.13666522363087563,0.747262713361077,375,0.3020131983160769,0.2808588564182776,0.044013135005069315,0.08108264234575237,,,,12.357299252061402,8.873234104381329,,,0.09813192467260584,0.8965674439913455,-0.00103811582660146,-0.004608834783661031,-0.006667789729784435,-0.007399678081972269,,,,0.043019785014992706,-0.005064178527925733,,,0.03853329895826979,-0.1493047306302685
SPATIAL_MEAN_MINUS_PREPROJECTOR,Z3,Z2,2026,LOCAL3,static,goal6_workbook_endpoint,raw,BPE,T1,,current,natural_target,375,0.31244123335988166,0.29849178535501936,0.05490935995104407,0.08370401753307863,,,,12.28667391462266,8.797173116306961,,,0.12914796675516857,0.8305936317574051,375,0.3101344862896803,0.28827709401637497,0.05062754326438612,0.08346687624632629,,,,12.314475392074991,8.838067890571086,,,0.09781899946686604,0.9217189731143296,0.0023067470702013426,0.010214691338644388,0.004281816686657947,0.00023714128675234036,,,,-0.027801477452330303,-0.04089477426412458,,,0.031328967288302534,-0.09112534135692452
SPATIAL_MEAN_MINUS_PREPROJECTOR,Z3,Z2,3026,LOCAL0,static,goal6_workbook_endpoint,raw,BPE,T1,,current,natural_target,375,0.3058987370576857,0.2884023873798297,0.04648518352119424,0.08646799753531718,,,,12.341311785032826,8.842301330237543,,,0.09092884430302632,0.9564186044014997,375,0.3331343725110934,0.29552152706664725,0.05297667122850391,0.09996839015307137,,,,12.29923048186378,8.733877894882022,,,0.09874953111123239,0.9404194466260146,-0.02723563545340768,-0.007119139686817544,-0.006491487707309673,-0.013500392617754181,,,,0.042081303169045015,0.10842343535552068,,,-0.007820686808206065,0.015999157775485107
SPATIAL_MEAN_MINUS_PREPROJECTOR,Z3,Z2,3026,LOCAL3,static,goal6_workbook_endpoint,raw,BPE,T1,,current,natural_target,375,0.3057863238138583,0.27360398021871346,0.03592322036606843,0.0679528789574221,,,,12.40947512142775,8.942451288060164,,,0.11372412802970912,0.8113273252723944,375,0.33846671976334053,0.31396721910670916,0.06485257432253977,0.10828335278056189,,,,12.221869513127924,8.692018363706,,,0.10771575646903643,0.9566315247112405,-0.032680395949482244,-0.0403632388879957,-0.028929353956471338,-0.0403304738231398,,,,0.1876056082998261,0.25043292435416475,,,0.006008371560672687,-0.1453041994388461
SPATIAL_MEAN_MINUS_PREPROJECTOR,Z3,Z2,2026,LOCAL0,static,goal6_workbook_endpoint,raw,BPE,T2,,current,natural_target,375,0.4280079645010809,0.3748846661533716,0.10978403841869111,0.16526059573265653,,,,10.433290311700112,7.003461439524459,,,0.11673243698690823,1.0972406804119401,375,0.4230403913983388,0.3859498096177943,0.12428747785684346,0.1526441228197192,,,,10.347951475171497,7.018207531798941,,,0.14213683353848128,1.0237113371660866,0.0049675731027420955,-0.011065143464422666,-0.014503439438152355,0.012616472912937327,,,,0.0853388365286154,-0.014746092274481981,,,-0.025404396551573047,0.07352934324585347
SPATIAL_MEAN_MINUS_PREPROJECTOR,Z3,Z2,2026,LOCAL3,static,goal6_workbook_endpoint,raw,BPE,T2,,current,natural_target,375,0.43594311070656505,0.3780385666723509,0.11218338846659714,0.16747964340460875,,,,10.419220688679294,6.989912629457444,,,0.12298194577179343,1.0779917269671788,375,0.4213894641028558,0.39769841211017787,0.13315309302198886,0.15619622982422648,,,,10.295437476670948,7.017613271290459,,,0.1475150972266314,1.0354654727271333,0.014553646603709225,-0.01965984543782695,-0.02096970455539171,0.011283413580382262,,,,0.12378321200834641,-0.02770064183301546,,,-0.024533151454837962,0.042526254240045525
SPATIAL_MEAN_MINUS_PREPROJECTOR,Z3,Z2,3026,LOCAL0,static,goal6_workbook_endpoint,raw,BPE,T2,,current,natural_target,375,0.3808481055865286,0.3222937673477666,0.07009625485435866,0.11799694651466672,,,,10.66332391968604,7.159021727701401,,,0.08853598704271905,1.08315844557891,375,0.3807206735692343,0.35330381602303207,0.09190542230796916,0.13249430270835674,,,,10.537537782287723,7.1283035378411554,,,0.10852939775351328,1.0724440195573726,0.00012743201729431552,-0.031010048675265467,-0.0218091674536105,-0.014497356193690025,,,,0.12578613739831646,0.030718189860245992,,,-0.019993410710794232,0.010714426021537493
SPATIAL_MEAN_MINUS_PREPROJECTOR,Z3,Z2,3026,LOCAL3,static,goal6_workbook_endpoint,raw,BPE,T2,,current,natural_target,375,0.4009848674479463,0.3518514472787347,0.09003090940488556,0.1295733401823363,,,,10.548408107909145,7.130294216309967,,,0.09952888516656067,1.1152822028835685,375,0.39924268972579363,0.3704687598449362,0.10416340258411838,0.1450645150953621,,,,10.466175283502901,7.0590948015703106,,,0.11178591971950648,1.1080466354893064,0.0017421777221526824,-0.018617312566201527,-0.014132493179232819,-0.015491174913025818,,,,0.08223282440624402,0.07119941473965685,,,-0.012257034552945814,0.007235567394262121
SPATIAL_MEAN_MINUS_PREPROJECTOR,Z3,Z2,2026,LOCAL0,static,goal6_workbook_endpoint,raw,BPE,T3,,current,natural_target,375,0.2991995102967319,0.2410888537968765,0.01989085365113441,0.061069470927160155,,,,10.259688934085915,6.876211795128541,,,0.06471414927901344,0.9477144643187257,375,0.3596974398097293,0.30752507457808825,0.06119638831105645,0.10851746906902802,,,,10.041170658063336,6.74619428276274,,,0.0972665826382152,0.986049469248101,-0.06049792951299737,-0.06643622078121175,-0.04130553465992204,-0.04744799814186787,,,,0.21851827602257856,0.13001751236580095,,,-0.03255243335920176,-0.03833500492937525
SPATIAL_MEAN_MINUS_PREPROJECTOR,Z3,Z2,2026,LOCAL3,static,goal6_workbook_endpoint,raw,BPE,T3,,current,natural_target,375,0.290988901461477,0.21973408636098404,0.005064267075666207,0.02539303106353986,,,,10.336999299778322,7.020744597264234,,,0.09713310885607351,0.7050400497713368,375,0.31786353274753854,0.24852179043334238,0.022908954337598986,0.05340343182213356,,,,10.243880159644528,7.006184267644045,,,0.10846528565329093,0.7546039801999277,-0.026874631286061545,-0.02878770407235834,-0.01784468726193278,-0.028010400758593696,,,,0.09311914013379408,0.014560329620189272,,,-0.011332176797217416,-0.04956393042859086
SPATIAL_MEAN_MINUS_PREPROJECTOR,Z3,Z2,3026,LOCAL0,static,goal6_workbook_endpoint,raw,BPE,T3,,current,natural_target,375,0.2635180700410428,0.12539653915476934,-0.10036867399681215,-0.011185374449733379,,,,10.870914538055935,7.2608620176349525,,,0.1748717317755178,0.29986497707225085,375,0.3111400108886673,0.27378722496396485,0.0384829265062433,0.07872871058403451,,,,10.161913005111755,6.898946691174948,,,0.06578013986894504,1.0674948379469913,-0.0476219408476245,-0.1483906858091955,-0.13885160050305545,-0.08991408503376788,,,,0.7090015329441801,0.36191532646000457,,,0.10909159190657275,-0.7676298608747405
SPATIAL_MEAN_MINUS_PREPROJECTOR,Z3,Z2,3026,LOCAL3,static,goal6_workbook_endpoint,raw,BPE,T3,,current,natural_target,375,0.2848711371437127,0.13891487366541208,-0.0831400923611596,0.009942541552830416,,,,10.785475291551549,7.188434658950505,,,0.16672572181225812,0.34021028999707065,375,0.33103307033403373,0.29933035386824974,0.05129336461802736,0.09076245898006198,,,,10.093991659174977,6.849695684128798,,,0.06642176767711823,1.1614366983312563,-0.046161933190321025,-0.16041548020283766,-0.13443345697918696,-0.08081991742723156,,,,0.6914836323765723,0.3387389748217071,,,0.10030395413513989,-0.8212264083341856
SPATIAL_MEAN_MINUS_PREPROJECTOR,Z3,Z2,2026,LOCAL0,static,goal6_workbook_endpoint,raw,FTV,T0,,current,natural_target,375,0.7711113892365457,0.6894564836166056,0.39498696734602057,0.5953762300212235,,,,33.1874344456083,14.744456960419114,,,0.2136273071197343,1.4916896521109284,375,0.7588164751393788,0.6119434989070546,0.29334577404735107,0.549964013342644,,,,35.86697878007118,15.533145998738032,,,0.1644987234103517,1.5087943856736123,0.012294914097166876,0.07751298470955104,0.1016411932986695,0.04541221667857953,,,,-2.679544334462882,-0.7886890383189176,,,0.049128583709382584,-0.017104733562683938
SPATIAL_MEAN_MINUS_PREPROJECTOR,Z3,Z2,2026,LOCAL3,static,goal6_workbook_endpoint,raw,FTV,T0,,current,natural_target,375,0.7733020821481398,0.7168609116749586,0.46749826695146657,0.6114933163920607,,,,31.13521208546628,13.901470522388918,,,0.31130755349972955,1.2848134401193478,375,0.7644947092957105,0.5758667281959982,0.2815579329822465,0.562253551841069,,,,36.16489366218052,15.548351923996176,,,0.20056003114849585,1.2858780793219462,0.008807372852429274,0.14099418347896042,0.18594033396922005,0.04923976455099177,,,,-5.029681576714239,-1.6468814016072582,,,0.1107475223512337,-0.0010646392025983609
SPATIAL_MEAN_MINUS_PREPROJECTOR,Z3,Z2,3026,LOCAL0,static,goal6_workbook_endpoint,raw,FTV,T0,,current,natural_target,375,0.7770811241324384,0.62671608781533,-0.02448137718143073,0.6012897210374969,,,,43.186036725725536,15.569546924572489,,,1.6122281712093542,0.4935800418102694,375,0.7507468426442144,0.6521083116855665,0.37429636811776723,0.5291979895674778,,,,33.75014581615272,14.889046282242093,,,0.23933266748281404,1.3329649965779014,0.02633428148822392,-0.02539222387023654,-0.39877774529919796,0.07209173147001913,,,,9.43589090957282,0.6805006423303954,,,1.3728955037265402,-0.839384954767632
SPATIAL_MEAN_MINUS_PREPROJECTOR,Z3,Z2,3026,LOCAL3,static,goal6_workbook_endpoint,raw,FTV,T0,,current,natural_target,375,0.7579608601661167,0.6397441618434212,-0.016613157410699353,0.5647340348108034,,,,43.01987842332078,16.05460978754592,,,1.668006104535857,0.4953446918742251,375,0.7638634656957561,0.659738840796742,0.35784377410644497,0.5518938064613865,,,,34.190989086140526,14.825131230574792,,,0.18995248761430417,1.5137339811628716,-0.005902605529639393,-0.019994678953320855,-0.3744569315171443,0.012840228349416893,,,,8.828889337180257,1.229478556971129,,,1.4780536169215528,-1.0183892892886466
SPATIAL_MEAN_MINUS_PREPROJECTOR,Z3,Z2,2026,LOCAL0,static,goal6_workbook_endpoint,raw,FTV,T1,,current,natural_target,375,0.5185793605643418,0.18378752255681063,-0.11076626127383382,0.25598566844884163,,,,39.7112393865694,13.28031501461361,,,0.27680541818849375,0.3493242458763491,375,0.5690488110137673,0.35972479791253964,0.07879926035550655,0.32839535451404367,,,,36.16423149909344,11.874393906149617,,,0.05514830402651631,1.5318078708292098,-0.05046945044942541,-0.175937275355729,-0.18956552162934037,-0.07240968606520204,,,,3.5470078874759636,1.4059211084639927,,,0.22165711416197742,-1.1824836249528607
SPATIAL_MEAN_MINUS_PREPROJECTOR,Z3,Z2,2026,LOCAL3,static,goal6_workbook_endpoint,raw,FTV,T1,,current,natural_target,375,0.5384476049607464,0.2642310539501135,0.004524130738596255,0.26033257119510494,,,,37.593907642745165,12.700029260097475,,,0.2216021786706236,0.5613023288903048,375,0.5932827397883719,0.36751404805293963,0.09714016379072332,0.3640524430541046,,,,35.802410566701525,11.561016453051852,,,0.08305890307139459,1.2752074721128275,-0.054835134827625476,-0.10328299410282615,-0.09261603305212707,-0.10371987185899967,,,,1.7914970760436404,1.1390128070456225,,,0.13854327559922902,-0.7139051432225226
SPATIAL_MEAN_MINUS_PREPROJECTOR,Z3,Z2,3026,LOCAL0,static,goal6_workbook_endpoint,raw,FTV,T1,,current,natural_target,375,0.5327782455341905,0.37886217011246154,0.12054085149725458,0.28990881707916505,,,,35.33539391416288,12.224489700163094,,,0.2015067374098238,0.8439883596598922,375,0.5168911138923654,0.3226027018898559,0.04648359038214511,0.2673270309903365,,,,36.79308361174056,12.352875031568551,,,0.03411667212505301,1.746564664557534,0.015887131641825092,0.056259468222605635,0.07405726111510946,0.022581786088828548,,,,-1.4576896975776847,-0.1283853314054575,,,0.1673900652847708,-0.9025763048976417
SPATIAL_MEAN_MINUS_PREPROJECTOR,Z3,Z2,3026,LOCAL3,static,goal6_workbook_endpoint,raw,FTV,T1,,current,natural_target,375,0.5361979747411537,0.36002860929239455,0.10479838438971756,0.25675942821287184,,,,35.650245943236435,12.700014804650479,,,0.2120823333973553,0.7817803790219617,375,0.5658489020366367,0.3407133982357161,0.08226878946127014,0.2912986548596131,,,,36.09606437012619,12.041008097686902,,,0.06842872265891993,1.3024767976909695,-0.02965092729548302,0.01931521105667844,0.022529594928447416,-0.03453922664674125,,,,-0.44581842688975826,0.6590067069635772,,,0.14365361073843536,-0.5206964186690077
SPATIAL_MEAN_MINUS_PREPROJECTOR,Z3,Z2,2026,LOCAL0,static,goal6_workbook_endpoint,raw,FTV,T2,,current,natural_target,375,0.4077765388553874,0.1320220081960492,-0.012482289273280767,0.17716082579434453,,,,31.29645616984391,8.008307776876585,,,0.03485677778326175,0.7071356224396622,375,0.39915098418477646,0.20578675099662397,-0.0017036305516262562,0.14384103362070735,,,,31.12942291418757,7.983354987898827,,,0.008833203815603024,2.1895672309606113,0.008625554670610935,-0.07376474280057477,-0.01077865872165451,0.033319792173637175,,,,0.1670332556563423,0.024952788977757656,,,0.02602357396765873,-1.4824316085209492
SPATIAL_MEAN_MINUS_PREPROJECTOR,Z3,Z2,2026,LOCAL3,static,goal6_workbook_endpoint,raw,FTV,T2,,current,natural_target,375,0.460922971896689,0.1583654008873134,-0.2116746241817422,0.21505499485555052,,,,34.236901400395325,8.669456411671934,,,0.39972623458200535,0.2504834164778073,375,0.4553020821481397,0.2724271534095716,0.026552804226485427,0.2316111055375234,,,,30.687226933110402,7.574334631672474,,,0.01714786020417319,2.080393198817509,0.005620889748549296,-0.11406175252225817,-0.23822742840822764,-0.01655611068197288,,,,3.549674467284923,1.0951217799994604,,,0.38257837437783215,-1.8299097823397017
SPATIAL_MEAN_MINUS_PREPROJECTOR,Z3,Z2,3026,LOCAL0,static,goal6_workbook_endpoint,raw,FTV,T2,,current,natural_target,375,0.36456843782000226,0.21059302172867003,0.01698926309802362,0.18337524818900633,,,,30.83760040184039,7.78698226494702,,,0.0362216272058067,1.1065218595973936,375,0.4035410171805666,0.30431468545292384,0.017393065757193016,0.1854568265760114,,,,30.831265992848643,7.839527915610503,,,0.00921791551438352,3.1696152603509886,-0.03897257936056436,-0.0937216637242538,-0.0004038026591693944,-0.0020815783870050675,,,,0.006334408991747864,-0.05254565066348338,,,0.027003711691423175,-2.063093400753595
SPATIAL_MEAN_MINUS_PREPROJECTOR,Z3,Z2,3026,LOCAL3,static,goal6_workbook_endpoint,raw,FTV,T2,,current,natural_target,375,0.3545909659802025,0.21697405378227652,0.017490188933343864,0.16612768971486003,,,,30.82974223783969,7.788467280884789,,,0.02709007898334458,1.3182648354144866,375,0.4539651837524178,0.22447040424581555,0.022819051411894442,0.21580008985579696,,,,30.746022552085947,7.891542572746798,,,0.035901107706151125,1.1846912050697855,-0.09937421777221528,-0.0074963504635390255,-0.005328862478550578,-0.049672400140936934,,,,0.08371968575374211,-0.10307529186200881,,,-0.008811028722806546,0.13357363034470104
SPATIAL_MEAN_MINUS_PREPROJECTOR,Z3,Z2,2026,LOCAL0,static,goal6_workbook_endpoint,raw,FTV,T3,,current,natural_target,375,0.2888013590170308,0.4742855623745935,0.07306163925513076,0.08410452901960654,,,,11.946722828133751,3.2273951251417037,,,0.013984777127861652,4.01062567595121,375,0.317412465434775,0.3771002955987066,0.04067226756179165,0.1313179478224101,,,,12.153653760627828,3.179637072253928,,,0.010420826842865829,3.69407563364957,-0.028611106417744225,0.0971852667758869,0.03238937169333911,-0.04721341880280357,,,,-0.20693093249407646,0.04775805288777546,,,0.0035639502849958236,0.31655004230163986
SPATIAL_MEAN_MINUS_PREPROJECTOR,Z3,Z2,2026,LOCAL3,static,goal6_workbook_endpoint,raw,FTV,T3,,current,natural_target,375,0.2886180617031557,0.5551486079779582,0.15587265651136006,0.11735596401613979,,,,11.400590444769055,3.11370220529032,,,0.038089088596566616,2.84451982350431,375,0.36450212564012613,0.41764906451758865,0.04023849796644685,0.1500390106607691,,,,12.15640114793681,3.1912681200820328,,,0.008006147310188288,4.667665490152435,-0.07588406393697045,0.13749954346036952,0.11563415854491321,-0.032683046644629316,,,,-0.7558107031677554,-0.07756591479171293,,,0.030082941286378326,-1.8231456666481245
SPATIAL_MEAN_MINUS_PREPROJECTOR,Z3,Z2,3026,LOCAL0,static,goal6_workbook_endpoint,raw,FTV,T3,,current,natural_target,375,0.20676517275942533,0.25694600052159056,0.005256717948903811,0.05609776246710495,,,,12.375959160091401,3.2460989472015402,,,0.006126070570844906,3.2828486768478604,375,0.19845444296589196,0.17370835233979734,-0.0068028440393008704,0.02507938946281925,,,,12.4507518350044,3.294381729581527,,,0.0058670047863746255,2.2678403581822435,0.008310729793533367,0.08323764818179322,0.012059561988204681,0.0310183730042857,,,,-0.07479267491299879,-0.048282782379986955,,,0.00025906578447028056,1.015008318665617
SPATIAL_MEAN_MINUS_PREPROJECTOR,Z3,Z2,3026,LOCAL3,static,goal6_workbook_endpoint,raw,FTV,T3,,current,natural_target,375,0.22966413867699087,0.31612096842185167,0.01591777570704489,0.09200002556247451,,,,12.309461481510407,3.220814961109587,,,0.00650686344922381,3.9189295587482236,375,0.2692876475871917,0.2917267872924955,0.029236798356194527,0.0476840150979455,,,,12.225876735204183,3.264075128182626,,,0.013585035349399619,2.5029139730796306,-0.03962350891020083,0.02439418112935615,-0.013319022649149637,0.04431601046452901,,,,0.08358474630622403,-0.043260167073039035,,,-0.007078171900175809,1.416015585668593
SPATIAL_MEAN_MINUS_PREPROJECTOR,Z3,Z2,2026,LOCAL0,static,goal6_workbook_endpoint,raw,LD,T0,,current,natural_target,375,0.40089770437284367,0.3845027653723094,0.12036191029881427,0.12712250689823779,,,,2.017892272398263,1.4348958991586394,,,0.14789971578834735,0.999806136314656,375,0.4281742112096555,0.37290595661042314,0.11909480759117774,0.13124530347549299,,,,2.019345117989503,1.4282937984532666,,,0.1663307738047632,0.9143511525080158,-0.02727650683681182,0.011596808761886235,0.0012671027076365249,-0.0041227965772552,,,,-0.0014528455912401483,0.006602100705372704,,,-0.01843105801641584,0.08545498380664018
SPATIAL_MEAN_MINUS_PREPROJECTOR,Z3,Z2,2026,LOCAL3,static,goal6_workbook_endpoint,raw,LD,T0,,current,natural_target,375,0.43101856804761807,0.4272744432997037,0.15040113988241854,0.17094131273917224,,,,1.983137945129035,1.4142119586482191,,,0.11804353771448067,1.243614590476917,375,0.4239569010470423,0.3836615544186291,0.12714400802106307,0.14555099926591514,,,,2.010098144246776,1.412450838172992,,,0.15025997566558932,0.9897525399602329,0.007061667000575755,0.04361288888107462,0.023257131861355473,0.025390313473257098,,,,-0.026960199117741057,0.0017611204752270293,,,-0.03221643795110865,0.253862050516684
SPATIAL_MEAN_MINUS_PREPROJECTOR,Z3,Z2,3026,LOCAL0,static,goal6_workbook_endpoint,raw,LD,T0,,current,natural_target,375,0.38045204721567666,0.412029577306704,0.13451108839179104,0.10873096275457228,,,,2.0015973525478867,1.4129162076736235,,,0.31178738176118787,0.7379027438005871,375,0.43647669203310624,0.4346765155600116,0.17708104466051033,0.17740695234598525,,,,1.951751387935518,1.4083067508880236,,,0.2011581123869328,0.9691642844728038,-0.05602464481742958,-0.022646938253307602,-0.04256995626871929,-0.06867598959141297,,,,0.04984596461236879,0.004609456785599875,,,0.11062926937425507,-0.23126154067221671
SPATIAL_MEAN_MINUS_PREPROJECTOR,Z3,Z2,3026,LOCAL3,static,goal6_workbook_endpoint,raw,LD,T0,,current,natural_target,375,0.36468203422082157,0.422777029806194,0.1476442549648742,0.10820637727868865,,,,1.9863529065047953,1.4151440560109476,,,0.3149056846848594,0.7533922233403012,375,0.4531690637897094,0.44076268839038846,0.17947941791528765,0.17928560799295687,,,,1.9489051514029174,1.3820265778992125,,,0.21064602803108454,0.9603470046226995,-0.08848702956888782,-0.01798565858419443,-0.03183516295041344,-0.07107923071426822,,,,0.03744775510187792,0.033117478111735155,,,0.10425965665377487,-0.2069547812823983
SPATIAL_MEAN_MINUS_PREPROJECTOR,Z3,Z2,2026,LOCAL0,static,goal6_workbook_endpoint,raw,LD,T1,,current,natural_target,375,0.2164640578863471,0.19973115614868245,-0.014830783930781077,-0.01296652235538442,,,,2.0702091245957486,1.4615588977945075,,,0.13820528442738259,0.5372587426962274,375,0.2573364372129953,0.249328959534948,0.02860824380228677,0.029212039369221118,,,,2.025417736897475,1.4222850849267894,,,0.09141416034167409,0.8246430201682843,-0.04087237932664822,-0.04959780338626554,-0.04343902773306785,-0.04217856172460554,,,,0.04479138769827351,0.03927381286771814,,,0.0467911240857085,-0.28738427747205686
SPATIAL_MEAN_MINUS_PREPROJECTOR,Z3,Z2,2026,LOCAL3,static,goal6_workbook_endpoint,raw,LD,T1,,current,natural_target,375,0.26278380396954215,0.21793787512298188,0.001636296308557883,0.01618661849354143,,,,2.0533443798694804,1.4362695817948137,,,0.13190691292223186,0.6000658809836033,375,0.2827858591136584,0.2778205189011988,0.04349701158796948,0.05011876388326025,,,,2.0098357534442406,1.409066732951556,,,0.10780063398972853,0.8461622781934443,-0.020002055144116238,-0.05988264377821692,-0.0418607152794116,-0.033932145389718824,,,,0.04350862642523978,0.027202848843257632,,,0.024106278932503333,-0.246096397209841
SPATIAL_MEAN_MINUS_PREPROJECTOR,Z3,Z2,3026,LOCAL0,static,goal6_workbook_endpoint,raw,LD,T1,,current,natural_target,375,0.23208390945788998,0.2006127345286776,0.000982606259674501,-0.004051844086823671,,,,2.0540164952225712,1.4356488170932025,,,0.10150325793112697,0.629677980910031,375,0.24073484639314016,0.2578492580131435,0.03570304623611609,0.0206195320486354,,,,2.0180076093836696,1.4238519112348118,,,0.09456761837635017,0.8384837690027237,-0.00865093693525018,-0.05723652348446592,-0.034720439976441586,-0.024671376135459073,,,,0.036008885838901605,0.01179690585839066,,,0.006935639554776801,-0.20880578809269268
SPATIAL_MEAN_MINUS_PREPROJECTOR,Z3,Z2,3026,LOCAL3,static,goal6_workbook_endpoint,raw,LD,T1,,current,natural_target,375,0.24268785421844036,0.2297605529418397,0.012493259031265191,0.0034905758422970313,,,,2.042149049411057,1.431530092438485,,,0.12921737416327386,0.6391679825544281,375,0.266650440791031,0.2617282567875611,0.03382087503397957,0.016851015611221005,,,,2.0199760819559076,1.4263928030152015,,,0.1271486741394601,0.7339976926092386,-0.02396258657259065,-0.031967703845721424,-0.021327616002714378,-0.013360439768923973,,,,0.022172967455149184,0.005137289423283509,,,0.002068700023813763,-0.09482971005481056
SPATIAL_MEAN_MINUS_PREPROJECTOR,Z3,Z2,2026,LOCAL0,static,goal6_workbook_endpoint,raw,LD,T2,,current,natural_target,375,0.188995723507221,0.1852559404089594,-0.028080811032710207,0.01463474395013336,,,,2.165557070802504,1.53707712164019,,,0.08100273355768095,0.6509120409121921,375,0.25568244469590223,0.273684748028579,0.024103610049648228,0.04990301485152771,,,,2.1098805213179337,1.5040355096324323,,,0.08938049022861039,0.9154386183310608,-0.06668672118868124,-0.0884288076196196,-0.052184421082358434,-0.03526827090139435,,,,0.05567654948457035,0.03304161200775768,,,-0.008377756670929437,-0.26452657741886865
SPATIAL_MEAN_MINUS_PREPROJECTOR,Z3,Z2,2026,LOCAL3,static,goal6_workbook_endpoint,raw,LD,T2,,current,natural_target,375,0.22668386909450833,0.26103430429956453,0.007316588333876162,0.031078647628729396,,,,2.127949853283149,1.4995581983725823,,,0.1689862590000394,0.6349973148571484,375,0.27177081506749007,0.29699195978977405,0.0402916110897612,0.06422894854517401,,,,2.092308177700087,1.4916827560218289,,,0.09229830035345363,0.9775699437702756,-0.04508694597298174,-0.03595765549020952,-0.03297502275588504,-0.033150300916444615,,,,0.03564167558306197,0.007875442350753437,,,0.07668795864658579,-0.34257262891312723
SPATIAL_MEAN_MINUS_PREPROJECTOR,Z3,Z2,3026,LOCAL0,static,goal6_workbook_endpoint,raw,LD,T2,,current,natural_target,375,0.23052812016587923,0.2802900464042496,0.03137720583729009,0.04654848397697243,,,,2.1020030865564334,1.481875505266129,,,0.12609195433009657,0.7893397748414402,375,0.2741830954460539,0.2967094859380291,0.03983410813283739,0.05798976766313225,,,,2.0928068307988363,1.4851388466982698,,,0.09044057225016094,0.9866196942730219,-0.043654975280174674,-0.0164194395337795,-0.008456902295547297,-0.01144128368615982,,,,0.009196255757597083,-0.0032633414321407983,,,0.03565138207993562,-0.19727991943158163
SPATIAL_MEAN_MINUS_PREPROJECTOR,Z3,Z2,3026,LOCAL3,static,goal6_workbook_endpoint,raw,LD,T2,,current,natural_target,375,0.22272020159021275,0.27391334274079654,0.02473591899729033,0.03868486645004221,,,,2.109196887012647,1.4936685658642166,,,0.13391503239253208,0.7485115782782603,375,0.26471498050204817,0.2848032839121624,0.018138084877960092,0.008151911921995587,,,,2.1163194061651525,1.50906147880977,,,0.19223089331391927,0.6495811302213451,-0.04199477891183542,-0.01088994117136588,0.006597834119330237,0.03053295452804662,,,,-0.00712251915250528,-0.01539291294555345,,,-0.058315860921387186,0.0989304480569152
SPATIAL_MEAN_MINUS_PREPROJECTOR,Z3,Z2,2026,LOCAL0,static,goal6_workbook_endpoint,raw,LD,T3,,current,natural_target,375,0.043235949847459716,0.08773353559532837,-0.07924332370283205,-0.053552685938332484,,,,1.8498934918590864,1.3534558629224513,,,0.06456729004757049,0.3452704031965938,375,0.11547239183381847,0.1089011873343351,-0.06495790338246166,-0.0023906652290215692,,,,1.8376096362178573,1.3326746611492981,,,0.028792282682991794,0.6417923942365096,-0.07223644198635876,-0.021167651739006726,-0.01428542032037039,-0.05116202070931092,,,,0.012283855641229025,0.020781201773153235,,,0.0357750073645787,-0.2965219910399158
SPATIAL_MEAN_MINUS_PREPROJECTOR,Z3,Z2,2026,LOCAL3,static,goal6_workbook_endpoint,raw,LD,T3,,current,natural_target,375,0.08804928096046376,0.10020435901201658,-0.07159888458950703,-0.033163342971074546,,,,1.8433303154490248,1.3551449608715724,,,0.0504847786504816,0.4459707608848004,375,0.12208660011379538,0.11541564782924717,-0.06216933031450056,0.002420476218922571,,,,1.8352021853687546,1.3299746287326148,,,0.029183660805201645,0.6756080398782732,-0.03403731915333162,-0.015211288817230592,-0.009429554275006469,-0.03558381918999712,,,,0.008128130080270246,0.025170332138957585,,,0.021301117845279955,-0.2296372789934728
SPATIAL_MEAN_MINUS_PREPROJECTOR,Z3,Z2,3026,LOCAL0,static,goal6_workbook_endpoint,raw,LD,T3,,current,natural_target,375,0.14091118232063016,0.18855298447398525,-0.034787839453845004,-0.0002795460227971714,,,,1.8113930508492524,1.3333252512672713,,,0.08784990535978064,0.6361547319344737,375,0.16921336970721787,0.14949474280035627,-0.04462022514893871,0.022878954400077638,,,,1.8199784857467765,1.3179572124591423,,,0.028026165222929066,0.892984830357736,-0.028302187386587713,0.03905824167362898,0.009832385695093704,-0.02315850042287481,,,,-0.008585434897524058,0.015368038808128981,,,0.05982374013685157,-0.2568300984232623
SPATIAL_MEAN_MINUS_PREPROJECTOR,Z3,Z2,3026,LOCAL3,static,goal6_workbook_endpoint,raw,LD,T3,,current,natural_target,375,0.13342322456201494,0.1560269410308152,-0.0408402276643951,-0.004967975369414233,,,,1.81668267131457,1.3397885543960508,,,0.03705068302573416,0.8105904537365853,375,0.15759406501017711,0.16141152059752673,-0.042373194444607964,0.022992792656596463,,,,1.818019999296705,1.3179203816153233,,,0.0218867553963451,1.091047947654861,-0.024170840448162173,-0.0053845795667115115,0.0015329667802128633,-0.027960768026010697,,,,-0.0013373279821349282,0.0218681727807275,,,0.015163927629389059,-0.28045749391827557
SPATIAL_MEAN_MINUS_PREPROJECTOR,Z3,Z2,2026,LOCAL0,static,goal6_workbook_endpoint,raw,SPH,T0,,current,natural_target,375,0.44483263169871434,0.4642148478615745,0.212562400085196,0.20231410881302508,,,,0.083664668720565,0.06753801379576038,,,0.1682364707937554,1.1317720189056022,375,0.41842917282967346,0.3810738374163997,0.1433818270638786,0.12813260593493786,,,,0.08726250248221508,0.06993941485682836,,,0.17560647213907737,0.9093663387641403,0.026403458869040886,0.0831410104451748,0.06918057302131742,0.07418150287808722,,,,-0.003597833761650085,-0.0024014010610679815,,,-0.00737000134532198,0.2224056801414619
SPATIAL_MEAN_MINUS_PREPROJECTOR,Z3,Z2,2026,LOCAL3,static,goal6_workbook_endpoint,raw,SPH,T0,,current,natural_target,375,0.46499465240641713,0.4668965592655528,0.21596800782854586,0.2077351493519687,,,,0.08348355101308745,0.06668943012053395,,,0.17800267245496823,1.1066426709572692,375,0.432490840823757,0.39855228693946876,0.1553142592163278,0.143917529394934,,,,0.08665260095987032,0.0695282034619506,,,0.20343328952990336,0.8836378181570351,0.032503811582660136,0.06834427232608403,0.06065374861221806,0.06381761995703472,,,,-0.0031690499467828676,-0.0028387733414166477,,,-0.02543061707493513,0.22300485280023408
SPATIAL_MEAN_MINUS_PREPROJECTOR,Z3,Z2,3026,LOCAL0,static,goal6_workbook_endpoint,raw,SPH,T0,,current,natural_target,375,0.43875799294572765,0.42250058282566083,0.1670721536245996,0.16442814510683668,,,,0.08604739209787993,0.06852091473679829,,,0.27541354291869863,0.8050718962071451,375,0.3499126180452839,0.2950220738506176,0.03753123977451178,0.03420382432719551,,,,0.09249693511055986,0.07376654711984541,,,0.2664691129924494,0.5715195269580322,0.08884537490044375,0.1274785089750432,0.1295409138500878,0.13022432077964116,,,,-0.006449543012679929,-0.005245632383047122,,,0.00894442992624922,0.23355236924911293
SPATIAL_MEAN_MINUS_PREPROJECTOR,Z3,Z2,3026,LOCAL3,static,goal6_workbook_endpoint,raw,SPH,T0,,current,natural_target,375,0.44665786778928207,0.41145928251649794,0.15488760572972793,0.15462744560031855,,,,0.08667448245095022,0.06845677148535906,,,0.2732213413359684,0.7871718499498941,375,0.3650285584253044,0.31369054517700706,0.08555873978430062,0.07978851024579593,,,,0.09015959004578378,0.07190788342675289,,,0.17805064272465237,0.7434121523961089,0.08162930936397766,0.09776873733949087,0.06932886594542731,0.07483893535452261,,,,-0.0034851075948335586,-0.0034511119413938307,,,0.09517069861131605,0.04375969755378517
SPATIAL_MEAN_MINUS_PREPROJECTOR,Z3,Z2,2026,LOCAL0,static,goal6_workbook_endpoint,raw,SPH,T1,,current,natural_target,375,0.25781704403231315,0.20906262449541965,0.038012705529217095,0.028003641957284497,,,,0.08960802744151142,0.07128419479921141,,,0.08051085505696945,0.7367992558214613,375,0.19161520081920583,0.1626949258671611,0.01658034030276756,0.0017247261953655434,,,,0.09060072901435613,0.07270107106990575,,,0.06856901243756315,0.6213124569669173,0.06620184321310732,0.04636769862825854,0.021432365226449535,0.026278915761918955,,,,-0.0009927015728447147,-0.0014168762706943394,,,0.011941842619406298,0.11548679885454405
SPATIAL_MEAN_MINUS_PREPROJECTOR,Z3,Z2,2026,LOCAL3,static,goal6_workbook_endpoint,raw,SPH,T1,,current,natural_target,375,0.26323768346797133,0.21325683029500384,0.04054814501363235,0.03203818984489699,,,,0.08948986287187809,0.07129802208385884,,,0.08014521400105866,0.7532933844834571,375,0.1881640687222665,0.17093192910152472,0.017578853330992517,0.002069950733402564,,,,0.09055472170573808,0.07261580795913727,,,0.07760173401924116,0.6136030097054406,0.07507361474570484,0.04232490119347912,0.022969291682639836,0.029968239111494422,,,,-0.0010648588338599968,-0.001317785875278435,,,0.0025434799818175036,0.1396903747780165
SPATIAL_MEAN_MINUS_PREPROJECTOR,Z3,Z2,3026,LOCAL0,static,goal6_workbook_endpoint,raw,SPH,T1,,current,natural_target,375,0.1886835817499147,0.16442914948343135,-0.0055089809743336104,-0.02267406661338607,,,,0.0916126036709724,0.07387532716400365,,,0.11835676113382085,0.4779497891607325,375,0.12291022869495961,0.09492470056280404,-0.011203659671179311,-0.026947986269995738,,,,0.09187166041304046,0.07428386468008437,,,0.05603381426605004,0.4010090211955954,0.06577335305495509,0.06950444892062731,0.005694678696845701,0.004273919656609667,,,,-0.0002590567420680534,-0.0004085375160807203,,,0.06232294686777081,0.0769407679651371
SPATIAL_MEAN_MINUS_PREPROJECTOR,Z3,Z2,3026,LOCAL3,static,goal6_workbook_endpoint,raw,SPH,T1,,current,natural_target,375,0.1915903970872682,0.1679313261919022,-0.0077001491564570035,-0.021958624309017384,,,,0.09171236875735225,0.07360650267466232,,,0.12723026543319732,0.470800050879807,375,0.11698463989077257,0.07329398271672755,-0.08710489207692906,-0.12707073734692073,,,,0.0952572356568925,0.07711985308469785,,,0.14213615102516775,0.19440885661361318,0.07460575719649562,0.09463734347517466,0.07940474292047206,0.10511211303790335,,,,-0.0035448668995402416,-0.0035133504100355317,,,-0.014905885591970425,0.2763911942661938
SPATIAL_MEAN_MINUS_PREPROJECTOR,Z3,Z2,2026,LOCAL0,static,goal6_workbook_endpoint,raw,SPH,T2,,current,natural_target,375,0.17419979519854362,0.10459733216316736,-0.028893917776395828,-0.06396884513748513,,,,0.12317312974680397,0.09345658459109746,,,0.0921159950584827,0.3446300029401365,375,0.19446057571964956,0.1445001685327116,-0.03319724322116868,-0.06897770248502359,,,,0.1234304453822884,0.09399541920858151,,,0.14163183131270732,0.3839617109919987,-0.020260780521105942,-0.03990283636954425,0.004303325444772854,0.005008857347538462,,,,-0.00025731563548442304,-0.0005388346174840519,,,-0.04951583625422462,-0.0393317080518622
SPATIAL_MEAN_MINUS_PREPROJECTOR,Z3,Z2,2026,LOCAL3,static,goal6_workbook_endpoint,raw,SPH,T2,,current,natural_target,375,0.17589077255660485,0.1135666721851589,-0.006985587692087902,-0.03966956763920736,,,,0.1218547054251713,0.09233644134881874,,,0.0646396913431194,0.4466848911329858,375,0.15756809648424167,0.11309518141602833,0.004669973029245322,-0.02820943001280375,,,,0.12114743675178559,0.0922282040609521,,,0.04129114838958743,0.556564652478643,0.01832267607236318,0.00047149076913056975,-0.011655560721333225,-0.011460137626403612,,,,0.0007072686733857053,0.00010823728786664433,,,0.02334854295353196,-0.10987976134565713
SPATIAL_MEAN_MINUS_PREPROJECTOR,Z3,Z2,3026,LOCAL0,static,goal6_workbook_endpoint,raw,SPH,T2,,current,natural_target,375,0.14866219137558315,0.10216584282959294,0.0056722661976496,-0.028863236540084845,,,,0.12108642390729435,0.09274071978254712,,,0.02925825735989361,0.5972848433465369,375,0.17300967117988397,0.11274954108780759,-0.003459437962352263,-0.03626539356786872,,,,0.12164116972444144,0.09296416509106867,,,0.0575170715683902,0.47012830527740523,-0.024347479804300826,-0.010583698258214647,0.009131704160001863,0.007402157027783872,,,,-0.0005547458171470954,-0.00022344530852154432,,,-0.028258814208496588,0.12715653806913163
SPATIAL_MEAN_MINUS_PREPROJECTOR,Z3,Z2,3026,LOCAL3,static,goal6_workbook_endpoint,raw,SPH,T2,,current,natural_target,375,0.15085993855956312,0.10458428455002158,0.00417411694510339,-0.03154920665897608,,,,0.1211776097658408,0.09276332519883372,,,0.03488733515972126,0.5599284454347061,375,0.19229445898281947,0.1440094098017884,0.014506029900189676,-0.019160276160982103,,,,0.1205473485279265,0.09232883870867341,,,0.049564318986969814,0.6468540458117543,-0.04143452042325635,-0.03942512525176681,-0.010331912955086286,-0.012388930497993975,,,,0.0006302612379142924,0.00043448649016031293,,,-0.014676983827248552,-0.08692560037704822
SPATIAL_MEAN_MINUS_PREPROJECTOR,Z3,Z2,2026,LOCAL0,static,goal6_workbook_endpoint,raw,SPH,T3,,current,natural_target,375,0.07560450563204005,0.08965941896515368,-0.003636601807717632,-0.012733785826268005,,,,0.14160499904413365,0.1122478054881794,,,0.03865491866224305,0.45603013072679033,375,0.11176129252474684,0.08413214834075519,-0.009230953464042013,-0.021002050855893812,,,,0.14199910946981456,0.11266353380427432,,,0.04427839720204175,0.39982139765881347,-0.036156786892706794,0.005527270624398492,0.005594351656324381,0.008268265029625807,,,,-0.00039411042568091026,-0.0004157283160949182,,,-0.0056234785397987,0.05620873306797686
SPATIAL_MEAN_MINUS_PREPROJECTOR,Z3,Z2,2026,LOCAL3,static,goal6_workbook_endpoint,raw,SPH,T3,,current,natural_target,375,0.09832813744453295,0.11069302515510311,0.0017461771552066407,-0.006966334517850879,,,,0.14122475525443648,0.11209730468040296,,,0.0450392599228997,0.5215844481055829,375,0.12104949368528843,0.08256934544091302,-0.013157443287084902,-0.023691399044413208,,,,0.1422750704890299,0.11286052010458317,,,0.04942593491935881,0.37139956889697034,-0.022721356240755483,0.028123679714190095,0.014903620442291543,0.01672506452656233,,,,-0.0010503152345934241,-0.0007632154241802025,,,-0.00438667499645911,0.15018487920861257
SPATIAL_MEAN_MINUS_PREPROJECTOR,Z3,Z2,3026,LOCAL0,static,goal6_workbook_endpoint,raw,SPH,T3,,current,natural_target,375,0.10321219706451247,0.10951287689198128,0.005276305078005694,-0.0032248786036555353,,,,0.1409748273453559,0.11258200850059177,,,0.03651943805960372,0.5730640237776928,375,0.017737626578677893,0.02021641527753227,-0.012957425139487722,-0.02401460244798105,,,,0.14226102578111968,0.11294985900856494,,,0.018406808343074888,0.14900982509085742,0.08547457048583458,0.08929646161444901,0.018233730217493416,0.020789723844325515,,,,-0.0012861984357637746,-0.00036785050797316643,,,0.01811262971652883,0.4240541986868354
SPATIAL_MEAN_MINUS_PREPROJECTOR,Z3,Z2,3026,LOCAL3,static,goal6_workbook_endpoint,raw,SPH,T3,,current,natural_target,375,0.06397542382523609,0.06651879408892296,-0.005855765232462451,-0.013583737869792466,,,,0.14176146559662509,0.11303983564357281,,,0.02819330443790426,0.39616068765905743,375,0.05189600637160087,0.05005319837273519,-0.02128209699619288,-0.03175393649157676,,,,0.1428443934156459,0.11379512243610862,,,0.04171086646659069,0.24507963681888584,0.012079417453635222,0.01646559571618777,0.015426331763730428,0.018170198621784296,,,,-0.001082927819020807,-0.0007552867925358087,,,-0.013517562028686429,0.1510810508401716
SPATIAL_MEAN_MINUS_PREPROJECTOR,Z3,Z2,2026,LOCAL0,static,goal6_workbook_endpoint,residual_ftv,BPE,T0,,current,goal6_transformed_standardized_residual,375,0.21098805690255726,0.208237459335845,,-0.017076685204586738,0.21098805690255726,-0.017076685204586738,0.01062561892467373,,,17.154847780833794,12.170165034627527,0.1687345463424267,0.527282820551277,375,0.1816617762888018,0.1912937401379665,,-0.01811910574795342,0.1816617762888018,-0.01811910574795342,-0.0005054234163466287,,,17.25107892555713,12.138105625323737,0.11999920994770553,0.633808436715962,0.029326280613755445,0.016943719197878515,,0.0010424205433666837,0.029326280613755445,0.0010424205433666837,0.011131042341020358,,,-0.09623114472333683,0.032059409303789366,0.048735336394721177,-0.10652561616468503
SPATIAL_MEAN_MINUS_PREPROJECTOR,Z3,Z2,2026,LOCAL3,static,goal6_workbook_endpoint,residual_ftv,BPE,T0,,current,goal6_transformed_standardized_residual,375,0.17763150901688138,0.16964768275072586,,-0.04082601281528668,0.17763150901688138,-0.04082601281528668,-0.03884534037186582,,,17.57850701457877,12.246477222821918,0.14080930300044572,0.5327450515944397,375,0.18410982402304776,0.2052903398012052,,-0.02701454434651157,0.18410982402304776,-0.02701454434651157,0.00467160508415998,,,17.206388933937586,12.33787863545789,0.18927967188299757,0.4748588181175904,-0.006478315006166385,-0.03564265705047934,,-0.01381146846877511,-0.006478315006166385,-0.01381146846877511,-0.0435169454560258,,,0.372118080641183,-0.09140141263597279,-0.04847036888255185,0.05788623347684935
SPATIAL_MEAN_MINUS_PREPROJECTOR,Z3,Z2,3026,LOCAL0,static,goal6_workbook_endpoint,residual_ftv,BPE,T0,,current,goal6_transformed_standardized_residual,375,0.28093742860783716,0.2692442924867587,,0.03525578235326854,0.28093742860783716,0.03525578235326854,0.019145570899284703,,,17.08082398182782,11.916824385579833,0.09020920338090821,0.9937330946954276,375,0.2513812943919829,0.2527124105589816,,-0.014689062082897147,0.2513812943919829,-0.014689062082897147,-0.002666996451018866,,,17.269704185891968,12.235020063748056,0.16856838858627612,0.7935540648966409,0.029556134215854235,0.016531881927777103,,0.04994484443616569,0.029556134215854235,0.04994484443616569,0.02181256735030357,,,-0.18888020406414796,-0.31819567816822314,-0.07835918520536791,0.20017902979878666
SPATIAL_MEAN_MINUS_PREPROJECTOR,Z3,Z2,3026,LOCAL3,static,goal6_workbook_endpoint,residual_ftv,BPE,T0,,current,goal6_transformed_standardized_residual,375,0.28407588619121854,0.2746730303635821,,0.02476966098586298,0.28407588619121854,0.02476966098586298,0.013526179950475892,,,17.12968278418448,12.045948083346643,0.12196491651583714,0.9567176744602116,375,0.24532207220430538,0.26024934593530263,,0.005514575295655715,0.24532207220430538,0.005514575295655715,0.006356835486404533,,,17.191816349564647,12.177924730104738,0.1738706296115873,0.7601823938068123,0.03875381398691316,0.01442368442827946,,0.019255085690207265,0.03875381398691316,0.019255085690207265,0.007169344464071359,,,-0.06213356538016512,-0.13197664675809584,-0.051905713095750164,0.1965352806533993
SPATIAL_MEAN_MINUS_PREPROJECTOR,Z3,Z2,2026,LOCAL0,static,goal6_workbook_endpoint,residual_ftv,BPE,T1,,current,goal6_transformed_standardized_residual,375,0.2645938786072447,0.2532569537345279,,0.0323213016630131,0.2645938786072447,0.0323213016630131,0.035683574494596026,,,12.411017371359174,8.949277766949319,0.12130980951082991,0.806852042850408,375,0.25676009457435106,0.24535318083372537,,0.04051883784704361,0.25676009457435106,0.04051883784704361,0.0442570320673783,,,12.355722817618553,9.011672104792398,0.0797647004294852,0.9315389587607472,0.007833784032893643,0.00790377290080252,,-0.008197536184030511,0.007833784032893643,-0.008197536184030511,-0.008573457572782273,,,0.05529455374062131,-0.06239433784307913,0.041545109081344705,-0.1246869159103392
SPATIAL_MEAN_MINUS_PREPROJECTOR,Z3,Z2,2026,LOCAL3,static,goal6_workbook_endpoint,residual_ftv,BPE,T1,,current,goal6_transformed_standardized_residual,375,0.2612868571456275,0.2537938980923889,,0.036579669203667446,0.2612868571456275,0.036579669203667446,0.04710008380552133,,,12.337331825922202,8.948050092546522,0.1127563759670431,0.8103865767612972,375,0.2644570042958593,0.24837610069465557,,0.042018848470720425,0.2644570042958593,0.042018848470720425,0.04413018009838565,,,12.356542753425991,8.982072323594288,0.0803827521103434,0.9523284117226609,-0.0031701471502317835,0.0054177973977333205,,-0.005439179267052979,-0.0031701471502317835,-0.005439179267052979,0.0029699037071356793,,,-0.01921092750378861,-0.03402223104776603,0.0323736238566997,-0.1419418349613637
SPATIAL_MEAN_MINUS_PREPROJECTOR,Z3,Z2,3026,LOCAL0,static,goal6_workbook_endpoint,residual_ftv,BPE,T1,,current,goal6_transformed_standardized_residual,375,0.28793218142593413,0.2629408971814278,,0.049473559667534764,0.28793218142593413,0.049473559667534764,0.04952904730775409,,,12.321597723534621,8.964015595989133,0.08962303919411216,0.9553007995304339,375,0.28577849245757286,0.2839477055874796,,0.03246568673145149,0.28577849245757286,0.03246568673145149,0.04539796767317228,,,12.348345680539351,8.930516586783618,0.14824985109131755,0.9240874569562152,0.002153688968361267,-0.02100680840605179,,0.017007872936083274,0.002153688968361267,0.017007872936083274,0.0041310796345818135,,,-0.026747957004729983,0.033499009205515407,-0.058626811897205394,0.031213342574218705
SPATIAL_MEAN_MINUS_PREPROJECTOR,Z3,Z2,3026,LOCAL3,static,goal6_workbook_endpoint,residual_ftv,BPE,T1,,current,goal6_transformed_standardized_residual,375,0.2683309139433028,0.2358808705705547,,0.006583935040035702,0.2683309139433028,0.006583935040035702,0.03751898491415029,,,12.399200627679354,9.098900856190738,0.14640752756524872,0.7578813802328671,375,0.3084950593544083,0.30407618214145926,,0.06599387264042861,0.3084950593544083,0.06599387264042861,0.0620126152786854,,,12.240413806439117,8.841614896803538,0.11645248660263549,0.9966226058607223,-0.04016414541110552,-0.06819531157090455,,-0.059409937600392905,-0.04016414541110552,-0.059409937600392905,-0.024493630364535113,,,0.15878682124023769,0.25728595938720034,0.029955040962613227,-0.23874122562785516
SPATIAL_MEAN_MINUS_PREPROJECTOR,Z3,Z2,2026,LOCAL0,static,goal6_workbook_endpoint,residual_ftv,BPE,T2,,current,goal6_transformed_standardized_residual,375,0.3722447960722155,0.3552977510460892,,0.11679317483621693,0.3722447960722155,0.11679317483621693,0.09385152825585319,,,10.526240410683922,7.215441029684152,0.13674339513611813,1.059777008855001,375,0.36352062462149204,0.35305904147161954,,0.11126359760040755,0.36352062462149204,0.11126359760040755,0.11778956985659106,,,10.38627213578716,7.115859715689165,0.17405800397538404,0.8974686648586419,0.008724171450723461,0.002238709574469644,,0.00552957723580938,0.008724171450723461,0.00552957723580938,-0.02393804160073787,,,0.13996827489676278,0.09958131399498704,-0.037314608839265906,0.16230834399635907
SPATIAL_MEAN_MINUS_PREPROJECTOR,Z3,Z2,2026,LOCAL3,static,goal6_workbook_endpoint,residual_ftv,BPE,T2,,current,goal6_transformed_standardized_residual,375,0.36076685959561217,0.3405869156359711,,0.1066084152387672,0.36076685959561217,0.1066084152387672,0.08018462206069599,,,10.60532389090684,7.263452001138292,0.13730552652554381,1.021124042930929,375,0.35874282406666014,0.3578957394088631,,0.11563599797330364,0.35874282406666014,0.11563599797330364,0.1256816058711685,,,10.339711262247032,7.110667932048421,0.17812617110403597,0.8895681849041387,0.0020240355289520284,-0.017308823772892,,-0.009027582734536438,0.0020240355289520284,-0.009027582734536438,-0.04549698381047251,,,0.2656126286598077,0.1527840690898712,-0.04082064457849216,0.13155585802679026
SPATIAL_MEAN_MINUS_PREPROJECTOR,Z3,Z2,3026,LOCAL0,static,goal6_workbook_endpoint,residual_ftv,BPE,T2,,current,goal6_transformed_standardized_residual,375,0.32845531387803056,0.2882575324372743,,0.08243267595866927,0.32845531387803056,0.08243267595866927,0.06665687054841529,,,10.683025646609503,7.314415740311697,0.0922840575079584,0.9805871488325149,375,0.33449115564218235,0.32465980336997463,,0.11092801046933011,0.33449115564218235,0.11092801046933011,0.09791163046403617,,,10.50263192183586,7.217271814656257,0.12375220649467254,0.9583633774087764,-0.006035841764151784,-0.03640227093270032,,-0.028495334510660844,-0.006035841764151784,-0.028495334510660844,-0.03125475991562088,,,0.18039372477364246,0.09714392565543939,-0.03146814898671414,0.022223771423738437
SPATIAL_MEAN_MINUS_PREPROJECTOR,Z3,Z2,3026,LOCAL3,static,goal6_workbook_endpoint,residual_ftv,BPE,T2,,current,goal6_transformed_standardized_residual,375,0.3351844587907419,0.29029891490612125,,0.08094221397999163,0.3351844587907419,0.08094221397999163,0.059432167662497815,,,10.724292839537888,7.327338139480809,0.08710255972489568,1.0258068750345837,375,0.34190761774695344,0.33302387969576047,,0.11078753131990893,0.34190761774695344,0.11078753131990893,0.10069346423108083,,,10.486425563227636,7.186034977495029,0.14016155733456304,0.9524238728419246,-0.006723158956211561,-0.04272496478963922,,-0.0298453173399173,-0.006723158956211561,-0.0298453173399173,-0.04126129656858302,,,0.2378672763102525,0.14130316198578008,-0.053058997609667355,0.07338300219265903
SPATIAL_MEAN_MINUS_PREPROJECTOR,Z3,Z2,2026,LOCAL0,static,goal6_workbook_endpoint,residual_ftv,BPE,T3,,current,goal6_transformed_standardized_residual,375,0.227546706467262,0.20475280383861832,,-0.02447650181973938,0.227546706467262,-0.02447650181973938,0.04007050502914378,,,10.153520278611195,6.939112596034414,0.11064143873388405,0.8513952343254159,375,0.28426598169747974,0.2838078199947913,,0.04844580043904551,0.28426598169747974,0.04844580043904551,0.09566160639957288,,,9.855132259867394,6.7273461767462495,0.12401612868221268,0.8691197697548965,-0.05671927523021775,-0.079055016156173,,-0.07292230225878489,-0.05671927523021775,-0.07292230225878489,-0.05559110137042911,,,0.2983880187438004,0.21176641928816498,-0.013374689948328633,-0.017724535429480603
SPATIAL_MEAN_MINUS_PREPROJECTOR,Z3,Z2,2026,LOCAL3,static,goal6_workbook_endpoint,residual_ftv,BPE,T3,,current,goal6_transformed_standardized_residual,375,0.22942276313738455,0.21028419371530246,,-0.03342739901046265,0.22942276313738455,-0.03342739901046265,0.03362347326538162,,,10.187559510505825,6.9918581694788084,0.13324278612619928,0.7701063731888439,375,0.25761693383596496,0.24942934967310124,,-0.0040278362740478425,0.25761693383596496,-0.0040278362740478425,0.05672426837733813,,,10.065058491329314,6.953602577242426,0.13254673072285578,0.8543173725060861,-0.028194170698580406,-0.03914515595779877,,-0.029399562736414805,-0.028194170698580406,-0.029399562736414805,-0.023100795111956507,,,0.1225010191765108,0.038255592236382086,0.0006960554033434985,-0.08421099931724219
SPATIAL_MEAN_MINUS_PREPROJECTOR,Z3,Z2,3026,LOCAL0,static,goal6_workbook_endpoint,residual_ftv,BPE,T3,,current,goal6_transformed_standardized_residual,375,0.2249471517843825,0.21846190255976006,,-0.06612911896252834,0.2249471517843825,-0.06612911896252834,-0.060719273365283266,,,10.673262791443218,7.212348244206524,0.14890688427526338,1.2374190951496702,375,0.276194672669488,0.27272651385035185,,0.04084997672227238,0.276194672669488,0.04084997672227238,0.08720273107867615,,,9.90111576777565,6.828554178396371,0.08261492195445694,1.1338574947171556,-0.05124752088510551,-0.05426461129059179,,-0.10697909568480071,-0.05124752088510551,-0.10697909568480071,-0.14792200444395942,,,0.7721470236675678,0.38379406581015285,0.06629196232080645,0.10356160043251461
SPATIAL_MEAN_MINUS_PREPROJECTOR,Z3,Z2,3026,LOCAL3,static,goal6_workbook_endpoint,residual_ftv,BPE,T3,,current,goal6_transformed_standardized_residual,375,0.2512973058344282,0.22323151504956848,,-0.0007182547879126796,0.2512973058344282,-0.0007182547879126796,0.04045095888280237,,,10.151507980432175,6.953287341451234,0.07876612687280614,1.2459427224646025,375,0.2902492042238951,0.2829112994730761,,0.044506015902328555,0.2902492042238951,0.044506015902328555,0.09233520103919546,,,9.87324056692808,6.8037488727269935,0.08119574624357459,1.1785093474079429,-0.03895189838946689,-0.059679784423507604,,-0.045224270690241236,-0.03895189838946689,-0.045224270690241236,-0.05188424215639309,,,0.27826741350409456,0.14953846872424048,-0.0024296193707684516,0.06743337505665958
SPATIAL_MEAN_MINUS_PREPROJECTOR,Z3,Z2,2026,LOCAL0,static,goal6_workbook_endpoint,residual_ftv,LD,T0,,current,goal6_transformed_standardized_residual,375,0.03821815753142402,0.09129069426364263,,-0.09038613001262152,0.03821815753142402,-0.09038613001262152,0.30125730310132537,,,1.798475826142488,1.236711546148315,0.09122349657933243,0.5690513511697112,375,0.09099374550728957,0.12749455508351598,,-0.04478902846706118,0.09099374550728957,-0.04478902846706118,0.3268065510596979,,,1.7652893631756816,1.216827530139468,0.0784050917048867,0.6523820879448611,-0.052775587975865554,-0.036203860819873354,,-0.04559710154556034,-0.052775587975865554,-0.04559710154556034,-0.025549247958372545,,,0.033186462966806385,0.019884016008846928,0.01281840487444573,-0.0833307367751499
SPATIAL_MEAN_MINUS_PREPROJECTOR,Z3,Z2,2026,LOCAL3,static,goal6_workbook_endpoint,residual_ftv,LD,T0,,current,goal6_transformed_standardized_residual,375,0.08622941807932004,0.11482258891719571,,-0.05978533268183719,0.08622941807932004,-0.05978533268183719,0.32440963466121575,,,1.7684292417349061,1.213648827215377,0.06492573008961063,1.0374399702069252,375,0.12022176829961044,0.1449433250706024,,-0.021543415301408735,0.12022176829961044,-0.021543415301408735,0.33627330982326664,,,1.7528332580279067,1.2061449676908802,0.08006990277433264,0.6807100538762422,-0.0339923502202904,-0.030120736153406685,,-0.03824191738042845,-0.0339923502202904,-0.03824191738042845,-0.01186367516205089,,,0.015595983706999439,0.0075038595244967254,-0.015144172684722013,0.3567299163306831
SPATIAL_MEAN_MINUS_PREPROJECTOR,Z3,Z2,3026,LOCAL0,static,goal6_workbook_endpoint,residual_ftv,LD,T0,,current,goal6_transformed_standardized_residual,375,0.10879990635098735,0.14140696693308605,,-0.03410339602491824,0.10879990635098735,-0.03410339602491824,0.3412962060927396,,,1.7461881884496606,1.2031486868347472,0.0929164634334229,0.5770449667343805,375,0.135176619018096,0.13917545596677278,,-0.0025941233448913818,0.135176619018096,-0.0025941233448913818,0.3468723626808363,,,1.7387814349440438,1.1929162606825934,0.052294171409437706,0.6342380734842475,-0.026376712667108643,0.0022315109663132715,,-0.03150927268002686,-0.026376712667108643,-0.03150927268002686,-0.005576156588096737,,,0.007406753505616814,0.010232426152153806,0.04062229202398519,-0.057193106749866995
SPATIAL_MEAN_MINUS_PREPROJECTOR,Z3,Z2,3026,LOCAL3,static,goal6_workbook_endpoint,residual_ftv,LD,T0,,current,goal6_transformed_standardized_residual,375,0.11617844194136422,0.15333117861009105,,-0.03208034672291331,0.11617844194136422,-0.03208034672291331,0.34133469984762543,,,1.7461371652714253,1.2011313116508613,0.09230408090132304,0.6470634287541429,375,0.12966139194967174,0.16309890249866044,,-0.0004651454719504642,0.12966139194967174,-0.0004651454719504642,0.3482077127538099,,,1.7370030153846867,1.1990876980014489,0.07596231664921516,0.6356641241919843,-0.013482950008307529,-0.00976772388856939,,-0.03161520125096284,-0.013482950008307529,-0.03161520125096284,-0.0068730129061844725,,,0.009134149886738552,0.0020436136494124124,0.016341764252107885,0.011399304562158652
SPATIAL_MEAN_MINUS_PREPROJECTOR,Z3,Z2,2026,LOCAL0,static,goal6_workbook_endpoint,residual_ftv,LD,T1,,current,goal6_transformed_standardized_residual,375,-0.11099599095121715,-0.14501969495079542,,-0.12041987971317152,-0.11099599095121715,-0.12041987971317152,0.23778385757477416,,,1.7941405963813912,1.1840442774107862,0.0460766540295553,-1.2777591882576809,375,-0.031339906356447775,-0.052756955048274656,,-0.0703093893121947,-0.031339906356447775,-0.0703093893121947,0.2754394463113097,,,1.7492615309288728,1.1556625587417968,0.025106020278192715,-0.4290128181287714,-0.07965608459476937,-0.09226273990252076,,-0.050110490400976815,-0.07965608459476937,-0.050110490400976815,-0.03765558873653552,,,0.04487906545251841,0.02838171866898942,0.020970633751362582,-0.8487463701289095
SPATIAL_MEAN_MINUS_PREPROJECTOR,Z3,Z2,2026,LOCAL3,static,goal6_workbook_endpoint,residual_ftv,LD,T1,,current,goal6_transformed_standardized_residual,375,-0.08727844832304874,-0.12796540270169388,,-0.1083540477129842,-0.08727844832304874,-0.1083540477129842,0.24434943775412532,,,1.786396696810469,1.1780136968675803,0.0419552174949877,-1.1526553263964219,375,0.001016965599178448,-0.04131068622455747,,-0.0643817914041079,0.001016965599178448,-0.0643817914041079,0.2776061364085882,,,1.7466441200724578,1.1524708692691807,0.022747208749159583,-0.3101609079390154,-0.08829541392222719,-0.0866547164771364,,-0.0439722563088763,-0.08829541392222719,-0.0439722563088763,-0.0332566986544629,,,0.039752576738011136,0.025542827598399542,0.019208008745828117,-0.8424944184574065
SPATIAL_MEAN_MINUS_PREPROJECTOR,Z3,Z2,3026,LOCAL0,static,goal6_workbook_endpoint,residual_ftv,LD,T1,,current,goal6_transformed_standardized_residual,375,-0.10150383315192504,-0.15358404075404208,,-0.0809235767314604,-0.10150383315192504,-0.0809235767314604,0.26768809706414365,,,1.7585934395983767,1.1604908926745023,0.01900477036810616,-1.3607103036360033,375,-0.01484292659250733,-0.038440196374649745,,-0.06018996199846377,-0.01484292659250733,-0.06018996199846377,0.28170089134282683,,,1.7416868219322041,1.1533061594680591,0.022880074922141537,-0.29574494210319735,-0.08666090655941772,-0.11514384437939235,,-0.020733614732996633,-0.08666090655941772,-0.020733614732996633,-0.014012794278683183,,,0.01690661766617252,0.007184733206443195,-0.003875304554035376,-1.0649653615328059
SPATIAL_MEAN_MINUS_PREPROJECTOR,Z3,Z2,3026,LOCAL3,static,goal6_workbook_endpoint,residual_ftv,LD,T1,,current,goal6_transformed_standardized_residual,375,-0.08733165779012125,-0.1390435648097306,,-0.08631099493935486,-0.08733165779012125,-0.08631099493935486,0.26412183625130503,,,1.762870296162741,1.165601834991349,0.02234085915235818,-1.1056659866083343,375,-0.01674285810276328,-0.03954782067224914,,-0.0521378733703595,-0.01674285810276328,-0.0521378733703595,0.28484941247191675,,,1.7378654610830768,1.1469875234779925,0.016485405493918776,-0.3316497734543277,-0.07058879968735797,-0.09949574413748145,,-0.03417312156899536,-0.07058879968735797,-0.03417312156899536,-0.02072757622061172,,,0.02500483507966411,0.018614311513356574,0.005855453658439404,-0.7740162131540065
SPATIAL_MEAN_MINUS_PREPROJECTOR,Z3,Z2,2026,LOCAL0,static,goal6_workbook_endpoint,residual_ftv,LD,T2,,current,goal6_transformed_standardized_residual,375,0.027190116273927287,-0.0009265373433271975,,-0.04427839738735139,0.027190116273927287,-0.04427839738735139,0.2974237495165215,,,1.7902048916524698,1.279943663205668,0.039279639568236595,-0.08676734316088466,375,0.03289596913773703,0.024104612976857533,,-0.03760194654486126,0.03289596913773703,-0.03760194654486126,0.3166381053474099,,,1.765555548592443,1.2607072336673608,0.039876576989339406,0.051459120396528536,-0.00570585286380974,-0.02503115032018473,,-0.006676450842490134,-0.00570585286380974,-0.006676450842490134,-0.019214355830888374,,,0.02464934306002675,0.019236429538307176,-0.0005969374211028111,-0.1382264635574132
SPATIAL_MEAN_MINUS_PREPROJECTOR,Z3,Z2,2026,LOCAL3,static,goal6_workbook_endpoint,residual_ftv,LD,T2,,current,goal6_transformed_standardized_residual,375,0.014241394925702944,-0.004764984872455723,,-0.051167212907400644,0.014241394925702944,-0.051167212907400644,0.2965769120804751,,,1.791283462106577,1.278355066982026,0.04520816907210887,-0.12433598393416893,375,0.012885595347007088,-0.00715425757392337,,-0.04867370425532051,0.012885595347007088,-0.04867370425532051,0.3121202676890855,,,1.7713821488702368,1.2657830398525285,0.040543338038843225,-0.15313049982428553,0.0013557995786958564,0.0023892727014676466,,-0.0024935086520801314,0.0013557995786958564,-0.0024935086520801314,-0.01554335560861042,,,0.019901313236340146,0.012572027129497565,0.0046648310332656415,0.028794515890116598
SPATIAL_MEAN_MINUS_PREPROJECTOR,Z3,Z2,3026,LOCAL0,static,goal6_workbook_endpoint,residual_ftv,LD,T2,,current,goal6_transformed_standardized_residual,375,0.047104048921571856,0.012883954723158743,,-0.027044013933366372,0.047104048921571856,-0.027044013933366372,0.33597393819361,,,1.740397975550028,1.2545644159772147,0.01841954119811611,0.17060622904826253,375,0.08070295241386362,0.0380554477575618,,-0.022184492213846975,0.08070295241386362,-0.022184492213846975,0.3396154347652892,,,1.7356192730243658,1.2522710542258482,0.02341312972892374,0.2523401939414915,-0.03359890349229176,-0.025171493034403053,,-0.0048595217195193975,-0.03359890349229176,-0.0048595217195193975,-0.003641496571679226,,,0.0047787025256622595,0.0022933617513665183,-0.004993588530807627,-0.08173396489322896
SPATIAL_MEAN_MINUS_PREPROJECTOR,Z3,Z2,3026,LOCAL3,static,goal6_workbook_endpoint,residual_ftv,LD,T2,,current,goal6_transformed_standardized_residual,375,0.03549413675772548,0.017122932315025943,,-0.03345385663556089,0.03549413675772548,-0.03345385663556089,0.32568043500257093,,,1.75383562421235,1.2694124184745348,0.025925200120028042,0.20284039532720058,375,0.08112850703489413,0.045641589657558664,,-0.020494425158134384,0.08112850703489413,-0.020494425158134384,0.33701296782637746,,,1.7390358053596544,1.250568985029112,0.022697579629464452,0.3330160659454177,-0.04563437027716865,-0.02851865734253272,,-0.012959431477426508,-0.04563437027716865,-0.012959431477426508,-0.01133253282380653,,,0.014799818852695656,0.01884343344542283,0.0032276204905635902,-0.13017567061821714
SPATIAL_MEAN_MINUS_PREPROJECTOR,Z3,Z2,2026,LOCAL0,static,goal6_workbook_endpoint,residual_ftv,LD,T3,,current,goal6_transformed_standardized_residual,375,0.02780117086575079,0.02883636972511627,,-0.059042964954117046,0.02780117086575079,-0.059042964954117046,0.16218800605274786,,,1.6298976207488771,1.227061726997994,0.05552337179795546,0.5435415418188326,375,0.08851808133385257,0.08397050769905577,,-0.05517379761060645,0.08851808133385257,-0.05517379761060645,0.15599805640493292,,,1.6359075715850386,1.224357456247334,0.08439917032804312,0.6592465791408392,-0.06071691046810178,-0.0551341379739395,,-0.0038691673435105947,-0.06071691046810178,-0.0038691673435105947,0.006189949647814941,,,-0.006009950836161515,0.0027042707506599317,-0.028875798530087655,-0.11570503732200654
SPATIAL_MEAN_MINUS_PREPROJECTOR,Z3,Z2,2026,LOCAL3,static,goal6_workbook_endpoint,residual_ftv,LD,T3,,current,goal6_transformed_standardized_residual,375,0.04926967051989617,0.051589773001051775,,-0.11099413904309381,0.04926967051989617,-0.11099413904309381,0.11777526300520869,,,1.6725405451729067,1.2567380326844693,0.11522652740645595,0.7610046657029055,375,0.09339684510789142,0.08476424585947814,,-0.02202560324933787,0.09339684510789142,-0.02202560324933787,0.17323261900820686,,,1.6191187645544693,1.2115313170808664,0.03662450574322751,0.8215472095045494,-0.044127174587995255,-0.03317447285842637,,-0.08896853579375594,-0.044127174587995255,-0.08896853579375594,-0.05545735600299817,,,0.05342178061843739,0.0452067156036029,0.07860202166322844,-0.06054254380164392
SPATIAL_MEAN_MINUS_PREPROJECTOR,Z3,Z2,3026,LOCAL0,static,goal6_workbook_endpoint,residual_ftv,LD,T3,,current,goal6_transformed_standardized_residual,375,0.06559679743882972,0.06643249360113403,,-0.0152611239987509,0.06559679743882972,-0.0152611239987509,0.2007678927341916,,,1.5919282887853365,1.200015005140545,0.03306754988672122,0.4570994414104321,375,0.11299989916117535,0.12171178450932875,,0.010949453822829724,0.11299989916117535,0.010949453822829724,0.2107065186455871,,,1.5819993369737047,1.191672724130899,0.024613049412122157,0.77144015660757,-0.04740310172234563,-0.05527929090819472,,-0.026210577821580622,-0.04740310172234563,-0.026210577821580622,-0.009938625911395493,,,0.009928951811631892,0.008342281009645847,0.008454500474599062,-0.31434071519713797
SPATIAL_MEAN_MINUS_PREPROJECTOR,Z3,Z2,3026,LOCAL3,static,goal6_workbook_endpoint,residual_ftv,LD,T3,,current,goal6_transformed_standardized_residual,375,0.0819241047026247,0.07274728048239729,,-0.02663359776946313,0.0819241047026247,-0.02663359776946313,0.1920059668609132,,,1.6006306025073531,1.2064233430165632,0.04111224797533658,0.562051062465902,375,0.09062723950561137,0.10635571227095549,,-0.007448244236582551,0.09062723950561137,-0.007448244236582551,0.1940230111059107,,,1.5986314787310325,1.1975044002321775,0.037796637784315086,0.6832010397661819,-0.008703134802986665,-0.0336084317885582,,-0.01918535353288058,-0.008703134802986665,-0.01918535353288058,-0.00201704424499749,,,0.0019991237763206104,0.008918942784385653,0.003315610191021494,-0.12114997730027988
SPATIAL_MEAN_MINUS_PREPROJECTOR,Z3,Z2,2026,LOCAL0,static,goal6_workbook_endpoint,residual_ftv,SPH,T0,,current,goal6_transformed_standardized_residual,375,0.280576521950723,0.2950655719307314,,0.08070959137219227,0.280576521950723,0.08070959137219227,0.37780498617700287,,,0.0743699149411653,0.05886545360873583,0.13452495182172267,0.8209448752654191,375,0.2097805529440305,0.20079238123432602,,0.02059984307876846,0.2097805529440305,0.02059984307876846,0.3361502298104053,,,0.07681904896125043,0.0609392673781313,0.06618180185087172,1.1035502109113882,0.07079596900669252,0.09427319069640538,,0.06010974829342382,0.07079596900669252,0.06010974829342382,0.041654756366597545,,,-0.0024491340200851336,-0.0020738137693954717,0.06834314997085095,-0.282605335645969
SPATIAL_MEAN_MINUS_PREPROJECTOR,Z3,Z2,2026,LOCAL3,static,goal6_workbook_endpoint,residual_ftv,SPH,T0,,current,goal6_transformed_standardized_residual,375,0.27753023328922927,0.28960363211521495,,0.0753655237464206,0.27753023328922927,0.0753655237464206,0.373244502715368,,,0.07464197075902042,0.05920217315222455,0.1311839585159455,0.8189750309998686,375,0.23639655180061392,0.218569758157254,,0.026613908349624446,0.23639655180061392,0.026613908349624446,0.3370883368132339,,,0.07676475206444351,0.060596132521384655,0.07523345466521918,1.1458324979512362,0.04113368148861535,0.07103387395796096,,0.04875161539679615,0.04113368148861535,0.04875161539679615,0.03615616590213411,,,-0.0021227813054230937,-0.0013939593691601054,0.05595050385072632,-0.32685746695136764
SPATIAL_MEAN_MINUS_PREPROJECTOR,Z3,Z2,3026,LOCAL0,static,goal6_workbook_endpoint,residual_ftv,SPH,T0,,current,goal6_transformed_standardized_residual,375,0.23129962670988072,0.2611201650317015,,0.03702911589440035,0.23129962670988072,0.03702911589440035,0.34613563562820593,,,0.07623911671370309,0.060170863774091365,0.17096332755005972,0.6641749219395278,375,0.07157733949991105,0.053966945360077886,,-0.08156310267986927,0.07157733949991105,-0.08156310267986927,0.2705246938234904,,,0.0805265919123351,0.06390017618717286,0.10625714703711317,0.16152896369541286,0.15972228720996967,0.2071532196716236,,0.11859221857426962,0.15972228720996967,0.11859221857426962,0.0756109418047155,,,-0.0042874751986320125,-0.003729312413081498,0.06470618051294655,0.502645958244115
SPATIAL_MEAN_MINUS_PREPROJECTOR,Z3,Z2,3026,LOCAL3,static,goal6_workbook_endpoint,residual_ftv,SPH,T0,,current,goal6_transformed_standardized_residual,375,0.26551650000479,0.2805868411525804,,0.062498619631593776,0.26551650000479,0.062498619631593776,0.3579688890005509,,,0.07554610156614176,0.05910503195809662,0.1401995293807428,0.7455105409877942,375,0.0986519332546727,0.08294970498565649,,-0.07654120657430025,0.0986519332546727,-0.07654120657430025,0.27071775854241165,,,0.08051593502477211,0.06354319897280877,0.12746709376186124,0.23103617766747184,0.1668645667501173,0.19763713616692394,,0.13903982620589403,0.1668645667501173,0.13903982620589403,0.08725113045813926,,,-0.004969833458630349,-0.004438167014712155,0.012732435618881544,0.5144743633203224
SPATIAL_MEAN_MINUS_PREPROJECTOR,Z3,Z2,2026,LOCAL0,static,goal6_workbook_endpoint,residual_ftv,SPH,T1,,current,goal6_transformed_standardized_residual,375,0.05998775387841033,0.022875950506145125,,-0.1064615746168514,0.05998775387841033,-0.1064615746168514,0.1941422078085513,,,0.08201465342396463,0.0635982102887658,0.10087799839706124,0.1700767264457101,375,0.0021691789725203324,-0.014840578506288959,,-0.08721496247397167,0.0021691789725203324,-0.08721496247397167,0.21048158288432806,,,0.08117894105038718,0.06396812366090042,0.07322998471606845,-0.11747252412452945,0.05781857490589,0.03771652901243408,,-0.019246612142879732,0.05781857490589,-0.019246612142879732,-0.016339375075776763,,,0.0008357123735774491,-0.0003699133721346143,0.02764801368099279,0.28754925057023956
SPATIAL_MEAN_MINUS_PREPROJECTOR,Z3,Z2,2026,LOCAL3,static,goal6_workbook_endpoint,residual_ftv,SPH,T1,,current,goal6_transformed_standardized_residual,375,0.03323980784418736,0.00023585281712393662,,-0.07732746465065472,0.03323980784418736,-0.07732746465065472,0.21751015761374703,,,0.08081679129890017,0.06327929036261451,0.058982804436836865,0.05450569359707649,375,-0.03725502345467983,-0.04829404251536917,,-0.09272714577922833,-0.03725502345467983,-0.09272714577922833,0.2084923796952065,,,0.08128114248050555,0.06420781333215037,0.05785208727013817,-0.2058430522943165,0.07049483129886719,0.04852989533249311,,0.015399681128573608,0.07049483129886719,0.015399681128573608,0.009017777918540526,,,-0.00046435118160538524,-0.0009285229695358554,0.0011307171666986929,0.260348745891393
SPATIAL_MEAN_MINUS_PREPROJECTOR,Z3,Z2,3026,LOCAL0,static,goal6_workbook_endpoint,residual_ftv,SPH,T1,,current,goal6_transformed_standardized_residual,375,-0.025606920809787923,0.0013054341328403798,,-0.111657228643741,-0.025606920809787923,-0.111657228643741,0.20064014485204995,,,0.08168332653901167,0.06468100041100239,0.10543717851986209,0.005692807142232141,375,-0.04003288286603294,-0.06167242142181747,,-0.1446598454120068,-0.04003288286603294,-0.1446598454120068,0.18635070346619298,,,0.08241018248499196,0.0646695201012655,0.10222910284613906,-0.3447785695612721,0.014425962056245016,0.06297785555465785,,0.0330026167682658,0.014425962056245016,0.0330026167682658,0.014289441385856971,,,-0.0007268559459802926,1.1480309736883187e-05,0.0032080756737230265,0.35047137670350426
SPATIAL_MEAN_MINUS_PREPROJECTOR,Z3,Z2,3026,LOCAL3,static,goal6_workbook_endpoint,residual_ftv,SPH,T1,,current,goal6_transformed_standardized_residual,375,-0.01647729317546369,-0.006174740363911834,,-0.1288526381422948,-0.01647729317546369,-0.1288526381422948,0.18623041454498612,,,0.08241627397037408,0.06519975815121906,0.1184400580200479,-0.016501880290894274,375,-0.02676945627934334,-0.04949553778516861,,-0.1646675596840502,-0.02676945627934334,-0.1646675596840502,0.17713507330224554,,,0.0828755693464317,0.0653676719064665,0.11209148709665351,-0.14937707843337758,0.010292163103879651,0.043320797421256774,,0.03581492154175539,0.010292163103879651,0.03581492154175539,0.009095341242740584,,,-0.00045929537605761406,-0.00016791375524743968,0.0063485709233943866,0.1328751981424833
SPATIAL_MEAN_MINUS_PREPROJECTOR,Z3,Z2,2026,LOCAL0,static,goal6_workbook_endpoint,residual_ftv,SPH,T2,,current,goal6_transformed_standardized_residual,375,0.11614966288590133,0.07620294300428841,,-0.1251610954741418,0.11614966288590133,-0.1251610954741418,0.2922686848191167,,,0.10215623604133789,0.07464304102514299,0.04812265742639448,0.6598877111799969,375,0.11760277258101773,0.09013180866289713,,-0.1288357535846863,0.11760277258101773,-0.1288357535846863,0.2899553929761256,,,0.1023230538652323,0.07498581827016887,0.06233394682473342,0.6859748113919063,-0.001453109695116403,-0.013928865658608722,,0.0036746581105444875,-0.001453109695116403,0.0036746581105444875,0.0023132918429911165,,,-0.0001668178238944107,-0.00034277724502587703,-0.01421128939833894,-0.02608710021190941
SPATIAL_MEAN_MINUS_PREPROJECTOR,Z3,Z2,2026,LOCAL3,static,goal6_workbook_endpoint,residual_ftv,SPH,T2,,current,goal6_transformed_standardized_residual,375,0.1467008526188725,0.08898340845080302,,-0.1260928841218831,0.1467008526188725,-0.1260928841218831,0.29338713608465117,,,0.10207548368117225,0.07470842965884232,0.05034275342662925,0.7157448324177935,375,0.11345183471327012,0.09683347852364617,,-0.1313071136261003,0.11345183471327012,-0.1313071136261003,0.28992371357126634,,,0.10232533646639738,0.07515572041114697,0.06071808574203898,0.7854218361201679,0.03324901790560238,-0.007850070072843149,,0.00521422950421721,0.03324901790560238,0.00521422950421721,0.0034634225133848284,,,-0.00024985278522512977,-0.0004472907523046521,-0.010375332315409727,-0.0696770037023744
SPATIAL_MEAN_MINUS_PREPROJECTOR,Z3,Z2,3026,LOCAL0,static,goal6_workbook_endpoint,residual_ftv,SPH,T2,,current,goal6_transformed_standardized_residual,375,0.09696070588009927,0.07389876127788167,,-0.08978049762324528,0.09696070588009927,-0.08978049762324528,0.31103413955633685,,,0.10079280416084814,0.0736945443192771,0.028111235212983293,0.49689412573176994,375,0.07170420801559169,0.04946259360062642,,-0.0986918689988782,0.07170420801559169,-0.0986918689988782,0.30575713186516007,,,0.10117806985200693,0.07414681506459736,0.03301718966939587,0.2332896695385016,0.02525649786450758,0.024436167677255247,,0.008911371375632929,0.02525649786450758,0.008911371375632929,0.005277007691176783,,,-0.0003852656911587926,-0.0004522707453202546,-0.004905954456412575,0.26360445619326833
SPATIAL_MEAN_MINUS_PREPROJECTOR,Z3,Z2,3026,LOCAL3,static,goal6_workbook_endpoint,residual_ftv,SPH,T2,,current,goal6_transformed_standardized_residual,375,0.09086590297517409,0.09562248443906361,,-0.08271551968834723,0.09086590297517409,-0.08271551968834723,0.3168646833963428,,,0.10036540599322664,0.07359593550674959,0.029019222637717255,0.6376340776719122,375,0.10966635833786495,0.0682982330390191,,-0.10762261331117282,0.10966635833786495,-0.10762261331117282,0.29807499215282973,,,0.10173632238604638,0.07479262010447206,0.04340610035716645,0.42331431959372107,-0.018800455362690857,0.02732425140004452,,0.024907093622825588,-0.018800455362690857,0.024907093622825588,0.01878969124351304,,,-0.0013709163928197349,-0.0011966845977224722,-0.014386877719449197,0.2143197580781911
SPATIAL_MEAN_MINUS_PREPROJECTOR,Z3,Z2,2026,LOCAL0,static,goal6_workbook_endpoint,residual_ftv,SPH,T3,,current,goal6_transformed_standardized_residual,375,0.054463703446252905,0.0320816480005437,,-0.0572913060876964,0.054463703446252905,-0.0572913060876964,0.3629743797648862,,,0.11281550439245189,0.08820002130338549,0.051752091440233204,0.2647333430073521,375,0.0675198152665878,0.02036114787640957,,-0.08207051922082656,0.0675198152665878,-0.08207051922082656,0.34475861871995916,,,0.11441711642379938,0.08910980320778049,0.08377322006988272,0.08897872330734954,-0.0130561118203349,0.011720500124134132,,0.02477921313313016,-0.0130561118203349,0.02477921313313016,0.01821576104492706,,,-0.0016016120313474963,-0.0009097819043950017,-0.032021128629649516,0.17575461970000253
SPATIAL_MEAN_MINUS_PREPROJECTOR,Z3,Z2,2026,LOCAL3,static,goal6_workbook_endpoint,residual_ftv,SPH,T3,,current,goal6_transformed_standardized_residual,375,0.07518157238449698,0.03595920918180823,,-0.05997780904374704,0.07518157238449698,-0.05997780904374704,0.3611042936591865,,,0.11298097662018144,0.08810653872301236,0.051820549991938684,0.30798113489268863,375,0.06618510683643261,0.0515013307065585,,-0.12957997941763624,0.06618510683643261,-0.12957997941763624,0.3153252610238165,,,0.11695868916519139,0.08988380018344232,0.13217448989410763,0.4957259329020786,0.008996465548064367,-0.01554212152475027,,0.0696021703738892,0.008996465548064367,0.0696021703738892,0.045779032635369976,,,-0.003977712545009948,-0.0017772614604299602,-0.08035393990216894,-0.18774479800938998
SPATIAL_MEAN_MINUS_PREPROJECTOR,Z3,Z2,3026,LOCAL0,static,goal6_workbook_endpoint,residual_ftv,SPH,T3,,current,goal6_transformed_standardized_residual,375,0.07870524541408204,0.08601336068298975,,-0.009124136695098931,0.07870524541408204,-0.009124136695098931,0.39229517006135406,,,0.11018860472299127,0.08789179003171019,0.031658785522920944,0.5017431991883775,375,0.024705447048081742,0.02874055740533036,,-0.05127996044779739,0.024705447048081742,-0.05127996044779739,0.36719343297462037,,,0.1124412923337162,0.09016286487202943,0.07050048075885246,0.09356771505490087,0.0539997983660003,0.057272803277659386,,0.042155823752698454,0.0539997983660003,0.042155823752698454,0.02510173708673369,,,-0.002252687610724932,-0.0022710748403192427,-0.03884169523593151,0.40817548413347665
SPATIAL_MEAN_MINUS_PREPROJECTOR,Z3,Z2,3026,LOCAL3,static,goal6_workbook_endpoint,residual_ftv,SPH,T3,,current,goal6_transformed_standardized_residual,375,0.07265811563260872,0.0888487738841502,,-0.009484806284002783,0.07265811563260872,-0.009484806284002783,0.3918712021564452,,,0.1102270347999373,0.0875931432868097,0.028051268070889316,0.5677848951988482,375,0.01301246548139405,0.018637182252879157,,-0.04417338284601759,0.01301246548139405,-0.04417338284601759,0.3717941594286591,,,0.1120318028086457,0.08931116095750413,0.04320812722813583,0.1169646698535107,0.059645650151214674,0.07021159163127105,,0.03468857656201481,0.059645650151214674,0.03468857656201481,0.0200770427277861,,,-0.0018047680087084073,-0.0017180176706944328,-0.015156859157246513,0.4508202253453375
SPATIAL_MEAN_MINUS_PREPROJECTOR,Z3,Z2,2026,LOCAL0,static,goal6_workbook_endpoint,residual_ftv_ld,BPE,T0,,current,goal6_transformed_standardized_residual,375,0.20736251814912324,0.20434680010145984,,-0.010914735624927861,0.20736251814912324,-0.010914735624927861,0.06878027605200787,,,16.643038644302642,11.80477400607861,0.1576989855744567,0.5288919557384351,375,0.16185792633958537,0.1833301101970759,,-0.021953751930152702,0.16185792633958537,-0.021953751930152702,0.055429356474994695,,,16.761919882557724,11.888216603141966,0.12227365540143992,0.5866001381914374,0.045504591809537864,0.021016689904383934,,0.01103901630522484,0.045504591809537864,0.01103901630522484,0.013350919577013176,,,-0.11888123825508146,-0.08344259706335677,0.03542533017301677,-0.057708182453002355
SPATIAL_MEAN_MINUS_PREPROJECTOR,Z3,Z2,2026,LOCAL3,static,goal6_workbook_endpoint,residual_ftv_ld,BPE,T0,,current,goal6_transformed_standardized_residual,375,0.17637002676214297,0.16314648478687535,,-0.033387858322245945,0.17637002676214297,-0.033387858322245945,0.0164494029080805,,,17.10428371526529,11.965490413669263,0.12828244180583617,0.5156178246278412,375,0.1802849682020407,0.20122037519549113,,-0.025498880474507254,0.1802849682020407,-0.025498880474507254,0.056621887218328504,,,16.751335487406422,12.051464022817314,0.18085406714917698,0.4801470888525007,-0.0039149414398977345,-0.03807389040861578,,-0.00788897784773869,-0.0039149414398977345,-0.00788897784773869,-0.040172484310248,,,0.35294822785886737,-0.0859736091480503,-0.05257162534334081,0.035470735775340545
SPATIAL_MEAN_MINUS_PREPROJECTOR,Z3,Z2,3026,LOCAL0,static,goal6_workbook_endpoint,residual_ftv_ld,BPE,T0,,current,goal6_transformed_standardized_residual,375,0.2613334473502399,0.25394675393978877,,0.0285167045237347,0.2613334473502399,0.0285167045237347,0.05784926685984593,,,16.74043479992753,11.70227723831826,0.08478440341290584,0.9817051186381949,375,0.26148399204464395,0.2679119096485847,,0.05151148944739035,0.26148399204464395,0.05151148944739035,0.09174545479979601,,,16.436537256764257,11.53450911614457,0.09252163703119486,0.8859267667818728,-0.00015054469440406448,-0.013965155708795918,,-0.02299478492365565,-0.00015054469440406448,-0.02299478492365565,-0.033896187939950084,,,0.30389754316327355,0.16776812217369041,-0.007737233618289013,0.09577835185632211
SPATIAL_MEAN_MINUS_PREPROJECTOR,Z3,Z2,3026,LOCAL3,static,goal6_workbook_endpoint,residual_ftv_ld,BPE,T0,,current,goal6_transformed_standardized_residual,375,0.2713696447941772,0.25511663133264106,,0.02748684730351507,0.2713696447941772,0.02748684730351507,0.05935797414628985,,,16.727025833491744,11.72284908307674,0.08780659229762648,0.9772543687240726,375,0.2488226640079655,0.26399026812484444,,0.05026604398249383,0.2488226640079655,0.05026604398249383,0.090377157178816,,,16.448913528878247,11.578619715685843,0.09736139197830403,0.8477240044188512,0.0225469807862117,-0.008873636792203377,,-0.022779196678978764,0.0225469807862117,-0.022779196678978764,-0.031019183032526154,,,0.27811230461349723,0.14422936739089742,-0.009554799680677545,0.12953036430522136
SPATIAL_MEAN_MINUS_PREPROJECTOR,Z3,Z2,2026,LOCAL0,static,goal6_workbook_endpoint,residual_ftv_ld,BPE,T1,,current,goal6_transformed_standardized_residual,375,0.27835386243084237,0.2653798659780793,,0.039846894762865875,0.27835386243084237,0.039846894762865875,0.06996210670158254,,,12.188434371105036,8.859182300920946,0.12273931059932382,0.8262401431605745,375,0.2851337801299645,0.26252610214801403,,0.03915317214202297,0.2851337801299645,0.03915317214202297,0.07049618686540082,,,12.184934225634684,8.959605461283095,0.10481048428611363,0.9264510800998856,-0.006779917699122118,0.002853763830065248,,0.0006937226208429056,-0.006779917699122118,0.0006937226208429056,-0.0005340801638182846,,,0.003500145470351157,-0.10042316036214949,0.01792882631321019,-0.10021093693931116
SPATIAL_MEAN_MINUS_PREPROJECTOR,Z3,Z2,2026,LOCAL3,static,goal6_workbook_endpoint,residual_ftv_ld,BPE,T1,,current,goal6_transformed_standardized_residual,375,0.2794392650068827,0.26751231011504817,,0.045997141163152774,0.2794392650068827,0.045997141163152774,0.08505095775712235,,,12.089158030933703,8.845472171934242,0.11318859976535461,0.8371242808623597,375,0.28058649841476196,0.2583004056811558,,0.048459877250679385,0.28058649841476196,0.048459877250679385,0.07767473029469985,,,12.137790999269543,8.90474005563547,0.08114451691456727,0.9617120549770479,-0.0011472334078792557,0.00921190443389236,,-0.002462736087526611,-0.0011472334078792557,-0.002462736087526611,0.007376227462422502,,,-0.04863296833583952,-0.05926788370122793,0.032044082850787345,-0.12458777411468824
SPATIAL_MEAN_MINUS_PREPROJECTOR,Z3,Z2,3026,LOCAL0,static,goal6_workbook_endpoint,residual_ftv_ld,BPE,T1,,current,goal6_transformed_standardized_residual,375,0.286484063600538,0.2580761965526884,,0.046295351543228926,0.286484063600538,0.046295351543228926,0.083750633526679,,,12.097745527671247,8.895303601638304,0.11300040399688456,0.8474598977005304,375,0.29405652640295865,0.28861330966487714,,0.03245215907822823,0.29405652640295865,0.03245215907822823,0.07530830640346287,,,12.153352081290773,8.870999200255842,0.1477191899616929,0.9422233448326817,-0.007572462802420632,-0.030537113112188763,,0.013843192465000695,-0.007572462802420632,0.013843192465000695,0.008442327123216131,,,-0.05560655361952627,0.02430440138246226,-0.03471878596480833,-0.09476344713215124
SPATIAL_MEAN_MINUS_PREPROJECTOR,Z3,Z2,3026,LOCAL3,static,goal6_workbook_endpoint,residual_ftv_ld,BPE,T1,,current,goal6_transformed_standardized_residual,375,0.27270087473471166,0.24642106677900671,,0.013291066590522264,0.27270087473471166,0.013291066590522264,0.0704349696737514,,,12.185335469374559,9.007570201944688,0.14949169065462073,0.7826847329855279,375,0.31225974274074897,0.3090103092650714,,0.0676978153125919,0.31225974274074897,0.0676978153125919,0.09329842632436036,,,12.034548072894635,8.753889943955642,0.1175852646337937,1.009466896868065,-0.03955886800603731,-0.06258924248606468,,-0.054406748722069645,-0.03955886800603731,-0.054406748722069645,-0.02286345665060896,,,0.15078739647992379,0.25368025798904625,0.03190642602082702,-0.22678216388253702
SPATIAL_MEAN_MINUS_PREPROJECTOR,Z3,Z2,2026,LOCAL0,static,goal6_workbook_endpoint,residual_ftv_ld,BPE,T2,,current,goal6_transformed_standardized_residual,375,0.38241730178571576,0.36310092857684867,,0.12202142934847965,0.38241730178571576,0.12202142934847965,0.11155793463336428,,,10.422890136908352,7.111610731056317,0.13879153251077864,1.0702649830498625,375,0.3747572319360953,0.3606761162354581,,0.11807428409938982,0.3747572319360953,0.11807428409938982,0.13443256108079116,,,10.287836626039125,7.018608380111051,0.17698297068522645,0.9034444304107973,0.007660069849620477,0.002424812341390581,,0.003947145249089831,0.007660069849620477,0.003947145249089831,-0.022874626447426882,,,0.135053510869227,0.09300235094526599,-0.03819143817444781,0.16682055263906526
SPATIAL_MEAN_MINUS_PREPROJECTOR,Z3,Z2,2026,LOCAL3,static,goal6_workbook_endpoint,residual_ftv_ld,BPE,T2,,current,goal6_transformed_standardized_residual,375,0.3732425797898956,0.3475603864584968,,0.11114011607385457,0.3732425797898956,0.11114011607385457,0.09769856356797013,,,10.503872172314258,7.168464551431394,0.13917159848925734,1.0300373716335736,375,0.37370820019855,0.3664030642335599,,0.12309109956209655,0.37370820019855,0.12309109956209655,0.14306333923796233,,,10.236416896221177,7.013068448468124,0.1817839758575677,0.8967757329640378,-0.00046562040865438803,-0.0188426777750631,,-0.011950983488241973,-0.00046562040865438803,-0.011950983488241973,-0.0453647756699922,,,0.26745527609308084,0.15539610296327044,-0.04261237736831036,0.13326163866953578
SPATIAL_MEAN_MINUS_PREPROJECTOR,Z3,Z2,3026,LOCAL0,static,goal6_workbook_endpoint,residual_ftv_ld,BPE,T2,,current,goal6_transformed_standardized_residual,375,0.3404872856288889,0.2982565727657091,,0.08811690911579988,0.3404872856288889,0.08811690911579988,0.08360831860334161,,,10.585568154069328,7.2346346049000765,0.09366835392690023,1.0120651010640747,375,0.34000144373438473,0.32508465006177867,,0.10549268395655687,0.34000144373438473,0.10549268395655687,0.10860271955079437,,,10.440210518201152,7.15407507376104,0.1389527981027814,0.9222432834390274,0.0004858418945041798,-0.026828077296069563,,-0.01737577484075699,0.0004858418945041798,-0.01737577484075699,-0.024994400947452755,,,0.14535763586817652,0.0805595311390368,-0.04528444417588118,0.08982181762504726
SPATIAL_MEAN_MINUS_PREPROJECTOR,Z3,Z2,3026,LOCAL3,static,goal6_workbook_endpoint,residual_ftv_ld,BPE,T2,,current,goal6_transformed_standardized_residual,375,0.34875300776674073,0.30083967226759845,,0.08660733671331611,0.34875300776674073,0.08660733671331611,0.07673637277887779,,,10.625184175802923,7.246007527003426,0.08865353398500597,1.0599756459571084,375,0.3506349653652448,0.3413725066598451,,0.11596752231704689,0.3506349653652448,0.11596752231704689,0.1175548658474247,,,10.387653630222566,7.115310564878778,0.14245939546678002,0.9658819387482677,-0.0018819575985040693,-0.04053283439224664,,-0.029360185603730785,-0.0018819575985040693,-0.029360185603730785,-0.0408184930685469,,,0.23753054558035736,0.13069696212464788,-0.05380586148177405,0.0940937072088407
SPATIAL_MEAN_MINUS_PREPROJECTOR,Z3,Z2,2026,LOCAL0,static,goal6_workbook_endpoint,residual_ftv_ld,BPE,T3,,current,goal6_transformed_standardized_residual,375,0.2207691632609348,0.20276951511943284,,0.0012995520731143414,0.2207691632609348,0.0012995520731143414,0.08675992598807214,,,9.903517030921682,6.724437187859037,0.0747182563704746,0.9079256280031033,375,0.2814983781009321,0.2808801196203781,,0.04427540745275146,0.2814983781009321,0.04427540745275146,0.12064393993114864,,,9.718055005836575,6.6355623572627085,0.09955036016603057,1.013276282178949,-0.0607292148399973,-0.07811060450094529,,-0.042975855379637114,-0.0607292148399973,-0.042975855379637114,-0.033884013943076496,,,0.18546202508510667,0.08887483059632828,-0.024832103795555963,-0.10535065417584566
SPATIAL_MEAN_MINUS_PREPROJECTOR,Z3,Z2,2026,LOCAL3,static,goal6_workbook_endpoint,residual_ftv_ld,BPE,T3,,current,goal6_transformed_standardized_residual,375,0.21387643384557728,0.19179050442130477,,-0.04925129734559543,0.21387643384557728,-0.04925129734559543,0.0587892170909986,,,10.054035618612353,6.8939980150723255,0.11621196117110892,0.857450684219703,375,0.25835240897938905,0.24830195128801802,,-0.00855598233334887,0.25835240897938905,-0.00855598233334887,0.08237228634160842,,,9.92727912694995,6.850146058101828,0.12851031099875507,0.9007273342321308,-0.04447597513381177,-0.05651144686671325,,-0.04069531501224656,-0.04447597513381177,-0.04069531501224656,-0.023583069250609823,,,0.12675649166240355,0.043851956970497596,-0.012298349827646146,-0.04327665001242775
SPATIAL_MEAN_MINUS_PREPROJECTOR,Z3,Z2,3026,LOCAL0,static,goal6_workbook_endpoint,residual_ftv_ld,BPE,T3,,current,goal6_transformed_standardized_residual,375,0.24806977118223214,0.2232636080747805,,-0.06582836224797747,0.24806977118223214,-0.06582836224797747,-0.04331082229968253,,,10.585316030669745,7.10447637103087,0.15359576710739006,1.27171066496274,375,0.2994102359174898,0.28294640090523643,,0.04545358139222544,0.2994102359174898,0.04545358139222544,0.12277023048570113,,,9.706298724333454,6.69875872332321,0.08364231763016007,1.1711319513166047,-0.051340464735257635,-0.05968279283045594,,-0.11128194364020291,-0.051340464735257635,-0.11128194364020291,-0.16608105278538365,,,0.8790173063362907,0.40571764770766006,0.06995344947722999,0.10057871364613535
SPATIAL_MEAN_MINUS_PREPROJECTOR,Z3,Z2,3026,LOCAL3,static,goal6_workbook_endpoint,residual_ftv_ld,BPE,T3,,current,goal6_transformed_standardized_residual,375,0.27559062264817674,0.2316056344777217,,0.001184545095230964,0.27559062264817674,0.001184545095230964,0.0725350647995382,,,9.98034885726468,6.841831281270406,0.07905849394004232,1.3151598939490026,375,0.2998003461638476,0.2871964405694832,,0.051616877152469876,0.2998003461638476,0.051616877152469876,0.1266975120114664,,,9.684547223737479,6.670174117196521,0.07117439146368339,1.2201127888180374,-0.024209723515670856,-0.05559080609176148,,-0.05043233205723891,-0.024209723515670856,-0.05043233205723891,-0.0541624472119282,,,0.29580163352720135,0.17165716407388487,0.007884102476358928,0.09504710513096515
SPATIAL_MEAN_MINUS_PREPROJECTOR,Z3,Z2,2026,LOCAL0,static,goal6_workbook_endpoint,residual_ftv_ld,SPH,T0,,current,goal6_transformed_standardized_residual,375,0.28163036514318945,0.3038401704252037,,0.06872975627819651,0.28163036514318945,0.06872975627819651,0.36593864860554814,,,0.07507574707917422,0.05910929637383856,0.14069689837751595,0.8613607972431453,375,0.2392635824133058,0.2202713980687375,,0.014698242349466954,0.2392635824133058,0.014698242349466954,0.32872639622145483,,,0.07724738856530652,0.06108821186298354,0.07384606622783389,1.3924937076142403,0.042366782729883645,0.08356877235646623,,0.054031513928729555,0.042366782729883645,0.054031513928729555,0.037212252384093314,,,-0.002171641486132303,-0.0019789154891449792,0.06685083214968206,-0.531132910371095
SPATIAL_MEAN_MINUS_PREPROJECTOR,Z3,Z2,2026,LOCAL3,static,goal6_workbook_endpoint,residual_ftv_ld,SPH,T0,,current,goal6_transformed_standardized_residual,375,0.2772794123373305,0.29316084638399625,,0.07091988857840127,0.2772794123373305,0.07091988857840127,0.3673121504673664,,,0.07499438856276927,0.059375032638596545,0.11690235783442383,0.8851659093353362,375,0.2468028205640882,0.22998767264133774,,0.023368224321566492,0.2468028205640882,0.023368224321566492,0.33209451880806284,,,0.07705335005672623,0.0608686164706902,0.07439342839234729,1.4481045654090134,0.0304765917732423,0.06317317374265852,,0.04755166425683478,0.0304765917732423,0.04755166425683478,0.03521763165930358,,,-0.0020589614939569567,-0.0014935838320936576,0.04250892944207654,-0.5629386560736772
SPATIAL_MEAN_MINUS_PREPROJECTOR,Z3,Z2,3026,LOCAL0,static,goal6_workbook_endpoint,residual_ftv_ld,SPH,T0,,current,goal6_transformed_standardized_residual,375,0.2114388440824027,0.2545189141993289,,0.018579261444885888,0.2114388440824027,0.018579261444885888,0.3304052924167238,,,0.07715072787549461,0.06055049687887297,0.18301012665973998,0.628712784325163,375,0.06430321479283821,0.04999297882108264,,-0.08347275825162204,0.06430321479283821,-0.08347275825162204,0.26768134156094103,,,0.08068337774420581,0.06426306709745959,0.10204808547922711,0.17171351950867908,0.1471356292895645,0.2045259353782463,,0.10205201969650793,0.1471356292895645,0.10205201969650793,0.06272395085578275,,,-0.003532649868711199,-0.0037125702185866194,0.08096204118051287,0.4569992648164839
SPATIAL_MEAN_MINUS_PREPROJECTOR,Z3,Z2,3026,LOCAL3,static,goal6_workbook_endpoint,residual_ftv_ld,SPH,T0,,current,goal6_transformed_standardized_residual,375,0.2515560714690259,0.2767765171193852,,0.058766287617596294,0.2515560714690259,0.058766287617596294,0.3525137445837242,,,0.07586636890410382,0.0594122523405927,0.13399932154282337,0.7572958947721375,375,0.08760746568922925,0.06919536440436277,,-0.08162296743027637,0.08760746568922925,-0.08162296743027637,0.26545369996733525,,,0.08080600002793688,0.06400144612617516,0.12318546884316277,0.1833568834406588,0.16394860577979667,0.20758115271502245,,0.14038925504787267,0.16394860577979667,0.14038925504787267,0.08706004461638894,,,-0.004939631123833055,-0.0045891937855824586,0.010813852699660606,0.5739390113314787
SPATIAL_MEAN_MINUS_PREPROJECTOR,Z3,Z2,2026,LOCAL0,static,goal6_workbook_endpoint,residual_ftv_ld,SPH,T1,,current,goal6_transformed_standardized_residual,375,0.06475699325437116,0.03482636302156879,,-0.14151883773913554,0.06475699325437116,-0.14151883773913554,0.17748723312371983,,,0.08285783340458033,0.06424014220440491,0.13644956535821134,0.2327832828579961,375,0.02314560272915933,0.01198792397103972,,-0.07211326409039909,0.02314560272915933,-0.07211326409039909,0.21946112134469975,,,0.08071597910814193,0.063587979377729,0.059494377292542124,0.17489963645380802,0.04161139052521183,0.02283843905052907,,-0.06940557364873645,0.04161139052521183,-0.06940557364873645,-0.041973888220979916,,,0.0021418542964384,0.0006521628266759061,0.07695518806566923,0.05788364640418808
SPATIAL_MEAN_MINUS_PREPROJECTOR,Z3,Z2,2026,LOCAL3,static,goal6_workbook_endpoint,residual_ftv_ld,SPH,T1,,current,goal6_transformed_standardized_residual,375,0.05528935579400735,0.016862881786630785,,-0.06548394577764213,0.05528935579400735,-0.06548394577764213,0.22143308055191036,,,0.08061395390420072,0.06294050124386576,0.05630019274910205,0.1179786553481208,375,-0.017105329662346874,-0.028774184963694792,,-0.08663284088876602,-0.017105329662346874,-0.08663284088876602,0.2090841560200376,,,0.0812507515856307,0.06398389157602348,0.058847636620258686,-0.06264548657009211,0.07239468545635422,0.045637066750325576,,0.02114889511112389,0.07239468545635422,0.02114889511112389,0.012348924531872751,,,-0.0006367976814299903,-0.0010433903321577231,-0.0025474438711566363,0.1806241419182129
SPATIAL_MEAN_MINUS_PREPROJECTOR,Z3,Z2,3026,LOCAL0,static,goal6_workbook_endpoint,residual_ftv_ld,SPH,T1,,current,goal6_transformed_standardized_residual,375,-0.004423692015487736,0.020986200420624126,,-0.09603917019532802,-0.004423692015487736,-0.09603917019532802,0.20682087046261088,,,0.08136692215189567,0.06436541360193933,0.09984208257192262,0.11609399999252529,375,-0.022137030444169765,-0.0459337389947059,,-0.15088648279462447,-0.022137030444169765,-0.15088648279462447,0.17771093821742956,,,0.08284656489871048,0.06517439976424085,0.10897739647246077,-0.18031608058083232,0.01771333842868203,0.06691993941533003,,0.05484731259929644,0.01771333842868203,0.05484731259929644,0.029109932245181325,,,-0.0014796427468148077,-0.0008089861623015171,-0.00913531390053815,0.2964100805733576
SPATIAL_MEAN_MINUS_PREPROJECTOR,Z3,Z2,3026,LOCAL3,static,goal6_workbook_endpoint,residual_ftv_ld,SPH,T1,,current,goal6_transformed_standardized_residual,375,-0.011418802016459008,0.0013813959516154118,,-0.08944817792473417,-0.011418802016459008,-0.08944817792473417,0.2098969807577007,,,0.0812089901276442,0.0639520593556753,0.08648368108304032,0.03216463411051728,375,-0.010156663107263004,-0.03656507383795075,,-0.15599443362168672,-0.010156663107263004,-0.15599443362168672,0.1796834545232755,,,0.08274713859801963,0.06512630769205124,0.10939169724825391,-0.06307922799478753,-0.0012621389091960044,0.03794646978956616,,0.06654625569695255,-0.0012621389091960044,0.06654625569695255,0.030213526234425192,,,-0.0015381484703754361,-0.0011742483363759437,-0.022908016165213596,0.0952438621053048
SPATIAL_MEAN_MINUS_PREPROJECTOR,Z3,Z2,2026,LOCAL0,static,goal6_workbook_endpoint,residual_ftv_ld,SPH,T2,,current,goal6_transformed_standardized_residual,375,0.11261498348735438,0.06882467780609211,,-0.12380341455291503,0.11261498348735438,-0.12380341455291503,0.28513259718492057,,,0.10266996732529272,0.0748260008191284,0.047948386913214854,0.6130228610030918,375,0.11120010969023725,0.08211139038658608,,-0.1280547846436354,0.11120010969023725,-0.1280547846436354,0.28275153613222337,,,0.10284081036188314,0.07518399532663678,0.061959159011650146,0.6479983892097849,0.0014148737971171332,-0.013286712580493965,,0.004251370090720366,0.0014148737971171332,0.004251370090720366,0.0023810610526971976,,,-0.0001708430365904151,-0.0003579945075083829,-0.014010772098435292,-0.03497552820669314
SPATIAL_MEAN_MINUS_PREPROJECTOR,Z3,Z2,2026,LOCAL3,static,goal6_workbook_endpoint,residual_ftv_ld,SPH,T2,,current,goal6_transformed_standardized_residual,375,0.1393378385635983,0.08215876789733999,,-0.12411649672643531,0.1393378385635983,-0.12411649672643531,0.2864631182645846,,,0.10257437744594691,0.07490792736976326,0.04999869673745301,0.6727947092703173,375,0.10967215801000778,0.08907774790232682,,-0.13005639226683555,0.10967215801000778,-0.13005639226683555,0.28296832643767855,,,0.1028252672295222,0.07535456668732117,0.06025620863422822,0.7460461479533115,0.02966568055359052,-0.0069189800049868355,,0.005939895540400239,0.02966568055359052,0.005939895540400239,0.0034947918269060407,,,-0.0002508897835752921,-0.0004466393175579092,-0.010257511896775207,-0.07325143868299422
SPATIAL_MEAN_MINUS_PREPROJECTOR,Z3,Z2,3026,LOCAL0,static,goal6_workbook_endpoint,residual_ftv_ld,SPH,T2,,current,goal6_transformed_standardized_residual,375,0.09623038477231834,0.07111661449678512,,-0.08674010840172851,0.09623038477231834,-0.08674010840172851,0.3046686235999656,,,0.1012573576880889,0.07383467346670322,0.027759863116098526,0.4808313998807856,375,0.08223693555594509,0.06381349022091838,,-0.08955334478806778,0.08223693555594509,-0.08955334478806778,0.3045379984797225,,,0.10126686835727156,0.07395192426190123,0.026954670002343476,0.4528549672856913,0.013993449216373244,0.00730312427586674,,0.0028132363863392768,0.013993449216373244,0.0028132363863392768,0.0001306251202430886,,,-9.510669182657971e-06,-0.00011725079519800397,0.0008051931137550497,0.027976432595094303
SPATIAL_MEAN_MINUS_PREPROJECTOR,Z3,Z2,3026,LOCAL3,static,goal6_workbook_endpoint,residual_ftv_ld,SPH,T2,,current,goal6_transformed_standardized_residual,375,0.09335531410713406,0.09294005135639562,,-0.07965767268539826,0.09335531410713406,-0.07965767268539826,0.31051484684151975,,,0.10083078217464803,0.07374031975690423,0.02852504456961618,0.6240009750791733,375,0.11826207897751179,0.080568663169967,,-0.09883126183181326,0.11826207897751179,-0.09883126183181326,0.29681289400262734,,,0.10182774494304823,0.07461476394833809,0.036605085979675454,0.6133755653978186,-0.024906764870377726,0.01237138818642862,,0.019173589146414996,-0.024906764870377726,0.019173589146414996,0.013701952838892417,,,-0.0009969627684002086,-0.0008744441914338569,-0.008080041410059274,0.010625409681354725
SPATIAL_MEAN_MINUS_PREPROJECTOR,Z3,Z2,2026,LOCAL0,static,goal6_workbook_endpoint,residual_ftv_ld,SPH,T3,,current,goal6_transformed_standardized_residual,375,0.041441370679643076,0.032922292264693315,,-0.05668230729965946,0.041441370679643076,-0.05668230729965946,0.3556205165621372,,,0.11346481044621855,0.08899558549927872,0.050639691623236616,0.2845867053852798,375,0.046605200794786146,0.01756836651120394,,-0.08400995802868971,0.046605200794786146,-0.08400995802868971,0.3356433074735048,,,0.1152102176078524,0.08968980993714983,0.08394585810944297,0.08475899676418372,-0.00516383011514307,0.015353925753489376,,0.027327650729030255,-0.00516383011514307,0.027327650729030255,0.01997720908863243,,,-0.0017454071616338496,-0.0006942244378711077,-0.03330616648620635,0.19982770862109608
SPATIAL_MEAN_MINUS_PREPROJECTOR,Z3,Z2,2026,LOCAL3,static,goal6_workbook_endpoint,residual_ftv_ld,SPH,T3,,current,goal6_transformed_standardized_residual,375,0.07643432319792898,0.08115406069690796,,-0.018385098903235086,0.07643432319792898,-0.018385098903235086,0.3812078944187377,,,0.11118922981518754,0.08757320901131649,0.03259320861988695,0.5552669881736667,375,0.048384539146842674,0.043072766858097696,,-0.07257356082984039,0.048384539146842674,-0.07257356082984039,0.34425672862172296,,,0.11446092762631364,0.0893344062210147,0.06943195504300212,0.47589495933092835,0.028049784051086303,0.038081293838810266,,0.0541884619266053,0.028049784051086303,0.0541884619266053,0.03695116579701474,,,-0.003271697811126101,-0.0017611972096982093,-0.036838746423115167,0.07937202884273836
SPATIAL_MEAN_MINUS_PREPROJECTOR,Z3,Z2,3026,LOCAL0,static,goal6_workbook_endpoint,residual_ftv_ld,SPH,T3,,current,goal6_transformed_standardized_residual,375,0.06944966723163604,0.08882482818291244,,-0.008742853975860403,0.06944966723163604,-0.008742853975860403,0.38643876133882604,,,0.11071827161057765,0.08803913460881867,0.031134825042674962,0.5369923007483263,375,0.02579805304445752,0.031112799525359683,,-0.04756079630047418,0.02579805304445752,-0.04756079630047418,0.3630822548967366,,,0.11280595179182613,0.0903617219377448,0.06596112854820033,0.11535945785974816,0.043651614187178514,0.05771202865755276,,0.03881794232461378,0.043651614187178514,0.03881794232461378,0.02335650644208942,,,-0.002087680181248483,-0.0023225873289261373,-0.03482630350552536,0.4216328428885781
SPATIAL_MEAN_MINUS_PREPROJECTOR,Z3,Z2,3026,LOCAL3,static,goal6_workbook_endpoint,residual_ftv_ld,SPH,T3,,current,goal6_transformed_standardized_residual,375,0.07272596386934159,0.0911146490067505,,-0.009122936540729619,0.07272596386934159,-0.009122936540729619,0.3859832493009594,,,0.11075936298441436,0.08789420445315682,0.02800480900836975,0.5965704857700213,375,0.013786833940926939,0.025098114564708795,,-0.0367628173641152,0.013786833940926939,-0.0367628173641152,0.37044559247216524,,,0.11215198745396102,0.08914250887698537,0.03333573627121345,0.21324485328120363,0.05893912992841465,0.0660165344420417,,0.02763988082338558,0.05893912992841465,0.02763988082338558,0.015537656828794155,,,-0.0013926244695466605,-0.0012483044238285473,-0.005330927262843701,0.3833256324888176
MEAN_STD_MINUS_MEAN,Z4,Z3,2026,LOCAL0,dynamic,adjacent_percent_change_new_extension,raw,BPE,,T0->T1,difference,natural_target,375,0.19079827056547957,0.13595763556799378,0.009904836483499602,-0.00843945565943335,,,,35.88684136168682,24.896636546887798,,,0.05224141637292563,0.5948344757466829,375,0.1580705427238594,0.11334030957488381,-0.008978877876981928,-0.03116316523366359,,,,36.227453087242495,24.900924475132125,,,0.0679769317024427,0.4347139887149355,0.032727727841620174,0.022617325993109977,0.01888371436048153,0.02272370957423024,,,,-0.3406117255556751,-0.0042879282443273325,,,-0.01573551532951708,0.16012048703174742
MEAN_STD_MINUS_MEAN,Z4,Z3,2026,LOCAL3,dynamic,adjacent_percent_change_new_extension,raw,BPE,,T0->T1,difference,natural_target,375,0.22239754238252363,0.18548310654919742,0.03425993275677908,0.025822914295567115,,,,35.442707481307,24.485814130993997,,,0.03668762449461201,0.9683772206245951,375,0.18667766526339746,0.15550005405330178,0.023670992682367276,0.014253976984678162,,,,35.63648506476106,24.460995496633657,,,0.027280027990634094,0.9414735829262125,0.035719877119126164,0.02998305249589564,0.010588940074411801,0.011568937310888953,,,,-0.19377758345405738,0.02481863436034004,,,0.00940759650397792,0.026903637698382554
MEAN_STD_MINUS_MEAN,Z4,Z3,3026,LOCAL0,dynamic,adjacent_percent_change_new_extension,raw,BPE,,T0->T1,difference,natural_target,375,0.13444623961770397,0.11711762351958593,-0.010470762517251764,-0.04606151577973624,,,,36.25422630227425,25.03784028245072,,,0.07318918741274928,0.43291116701818777,375,0.10810126294231426,0.10117799163744369,-0.009518909386550867,-0.03478403983904508,,,,36.23714672381061,25.022669703282194,,,0.05790704561989341,0.420455802621791,0.02634497667538971,0.015939631882142244,-0.0009518531307008971,-0.011277475940691159,,,,0.017079578463636835,0.015170579168525933,,,0.01528214179285587,0.012455364396396773
MEAN_STD_MINUS_MEAN,Z4,Z3,3026,LOCAL3,dynamic,adjacent_percent_change_new_extension,raw,BPE,,T0->T1,difference,natural_target,375,0.1362560018204574,0.1404093848067235,0.01551850884324446,-0.008228517116978534,,,,35.78496057990841,24.666720076629115,,,0.03883662634825853,0.7124844465468221,375,0.13489065877801798,0.1342617522211663,0.012731674353825273,-0.0059884310621170864,,,,35.835574170530364,24.516608595472857,,,0.03888301493693048,0.6808827705556839,0.001365343042439432,0.0061476325855572,0.0027868344894191877,-0.0022400860548614475,,,,-0.050613590621956916,0.15011148115625872,,,-4.6388588671945896e-05,0.03160167599113817
MEAN_STD_MINUS_MEAN,Z4,Z3,2026,LOCAL0,dynamic,adjacent_percent_change_new_extension,raw,BPE,,T0->T1,prefix,natural_target,375,0.16897417226078054,0.12023216285667858,-0.01187839911374211,-0.03748589676127199,,,,36.2794694944454,25.31705760686251,,,0.07965255376475489,0.4260109944715893,375,0.13812333598816703,0.11259258700798708,-0.0470361255727485,-0.08935350184955147,,,,36.90435323230912,25.698661473946924,,,0.12606673283402023,0.3171097162623521,0.030850836272613508,0.007639575848691502,0.03515772645900639,0.051867605088279485,,,,-0.6248837378637191,-0.38160386708441507,,,-0.04641417906926534,0.10890127820923717
MEAN_STD_MINUS_MEAN,Z4,Z3,2026,LOCAL3,dynamic,adjacent_percent_change_new_extension,raw,BPE,,T0->T1,prefix,natural_target,375,0.17890340197974744,0.1232269757952139,-0.016292245998549282,-0.044064489899909416,,,,36.3585095145144,25.353813510405786,,,0.09038726791220648,0.40987568979330413,375,0.1358841733985664,0.07304737436085128,-0.08085374288404235,-0.13090245447517337,,,,37.49559337358671,26.222038566212568,,,0.1343267002389146,0.1993074060636863,0.04301922858118104,0.05017960143436262,0.06456149688549306,0.08683796457526397,,,,-1.1370838590723054,-0.8682250558067821,,,-0.04393943232670812,0.21056828372961783
MEAN_STD_MINUS_MEAN,Z4,Z3,3026,LOCAL0,dynamic,adjacent_percent_change_new_extension,raw,BPE,,T0->T1,prefix,natural_target,375,0.10379224030037547,0.09885690653732947,-0.03358725530710149,-0.07565655692995195,,,,36.66657444779919,25.41671592675437,,,0.09215964234022378,0.32563916010547655,375,0.11131346000682671,0.08506181095224341,-0.04470755684894612,-0.08319399730702395,,,,36.86329344818022,25.742970212343003,,,0.09727117811166423,0.272736043843447,-0.00752121970645124,0.013795095585086056,0.011120301541844624,0.007537440377072005,,,,-0.19671900038103018,-0.32625428558863234,,,-0.005111535771440454,0.05290311626202954
MEAN_STD_MINUS_MEAN,Z4,Z3,3026,LOCAL3,dynamic,adjacent_percent_change_new_extension,raw,BPE,,T0->T1,prefix,natural_target,375,0.09832699965866425,0.08468523215565221,-0.0478820803876141,-0.09455529549503586,,,,36.91925869313507,25.647122634724802,,,0.0998413850845979,0.26801085473918895,375,0.10923472522471273,0.10643618533095342,-0.025384200495517595,-0.05940720518994425,,,,36.520782653920946,25.14666111856961,,,0.0856256911105291,0.36373681205952707,-0.010907725566048479,-0.021750953175301208,-0.022497879892096506,-0.035148090305091605,,,,0.398476039214124,0.5004615161551911,,,0.0142156939740688,-0.09572595732033812
MEAN_STD_MINUS_MEAN,Z4,Z3,2026,LOCAL0,dynamic,adjacent_percent_change_new_extension,raw,BPE,,T1->T2,difference,natural_target,375,0.2053612470133121,0.16446906381819912,0.020673028564861196,0.00366995831768115,,,,35.93954702916302,25.680305704143606,,,0.05896235607254792,0.6773245323116056,375,0.20226328365001706,0.14260640601568186,0.008106896932602359,-0.014148655788819136,,,,36.16938934970156,25.836147591338843,,,0.06331446504330221,0.5667448259801207,0.003097963363295042,0.021862657802517255,0.012566131632258837,0.017818614106500288,,,,-0.2298423205385376,-0.15584188719523695,,,-0.00435210897075429,0.11057970633148495
MEAN_STD_MINUS_MEAN,Z4,Z3,2026,LOCAL3,dynamic,adjacent_percent_change_new_extension,raw,BPE,,T1->T2,difference,natural_target,375,0.21145500056889294,0.1671752129245726,0.020718931361249804,0.005331603792578366,,,,35.93870474405828,25.66864111326059,,,0.0627805100802191,0.6672052655072086,375,0.2051252702241438,0.1393090868155563,0.006418552543799749,-0.01435065128824368,,,,36.200159006996756,25.85226480895796,,,0.06330529297345343,0.5536807619399269,0.006329730344749124,0.027866126109016315,0.014300378817450055,0.019682255080822046,,,,-0.2614542629384786,-0.18362369569736714,,,-0.0005247828932343213,0.11352450356728172
MEAN_STD_MINUS_MEAN,Z4,Z3,3026,LOCAL0,dynamic,adjacent_percent_change_new_extension,raw,BPE,,T1->T2,difference,natural_target,375,0.1523975423825236,0.13330272322772527,-0.022963210447967786,-0.042146972166633836,,,,36.73150718819027,26.41525903777766,,,0.11043963724995545,0.4011220497840812,375,0.1606910911366481,0.138022238108854,0.0015428877212527725,-0.02335896699825715,,,,36.288870326849995,26.02421724031471,,,0.072021717948299,0.5143009508127705,-0.008293548754124497,-0.0047195148811287335,-0.024506098169220558,-0.018788005168376688,,,,0.4426368613402758,0.3910417974629503,,,0.03841791930165646,-0.11317890102868927
MEAN_STD_MINUS_MEAN,Z4,Z3,3026,LOCAL3,dynamic,adjacent_percent_change_new_extension,raw,BPE,,T1->T2,difference,natural_target,375,0.1768167026965525,0.16961094425158532,0.019947605674533686,0.00500017076322782,,,,35.9528554259646,25.91033825193523,,,0.06703442173442357,0.6550959858659676,375,0.17957310274206398,0.17245647111649715,0.02461761272779317,0.008441135522596656,,,,35.86709440910585,25.743680577035335,,,0.05734453623447636,0.7201674241481434,-0.0027564000455114757,-0.0028455268649118237,-0.004670007053259484,-0.0034409647593688355,,,,0.08576101685874704,0.16665767489989491,,,0.009689885499947211,-0.06507143828217576
MEAN_STD_MINUS_MEAN,Z4,Z3,2026,LOCAL0,dynamic,adjacent_percent_change_new_extension,raw,BPE,,T1->T2,prefix,natural_target,375,0.1763112982136762,0.1494350743740111,-0.006858077209085822,-0.035373746515981234,,,,36.44121684969358,26.059641394380947,,,0.10209143851063208,0.46768978287308766,375,0.21640527932643078,0.17304195095901959,0.021036340526938924,0.005564353864241433,,,,35.93287996139438,25.58936357728958,,,0.07095145890159,0.64963697884735,-0.040093981112754584,-0.023606876585008485,-0.027894417736024746,-0.040938100380222664,,,,0.5083368882992048,0.4702778170913682,,,0.03113997960904208,-0.1819471959742624
MEAN_STD_MINUS_MEAN,Z4,Z3,2026,LOCAL3,dynamic,adjacent_percent_change_new_extension,raw,BPE,,T1->T2,prefix,natural_target,375,0.18390328820116053,0.1588936636970192,-0.0031408146774773993,-0.02858713137423488,,,,36.37388520012934,26.066135285898664,,,0.10662556149613735,0.48660426745554,375,0.19397792695414723,0.13199743967655353,-0.024428356784918615,-0.05223510217566244,,,,36.757802257498845,26.174506395706665,,,0.11241158854290889,0.39369505949740824,-0.010074638752986698,0.02689622402046568,0.021287542107441215,0.02364797080142756,,,,-0.38391705736950854,-0.10837110980800091,,,-0.005786027046771544,0.09290920795813173
MEAN_STD_MINUS_MEAN,Z4,Z3,3026,LOCAL0,dynamic,adjacent_percent_change_new_extension,raw,BPE,,T1->T2,prefix,natural_target,375,0.18122949140971673,0.15907333560193584,0.0022109733637999396,-0.023761919920669016,,,,36.27672752680112,25.94353951277149,,,0.0939513702474451,0.5189742723060091,375,0.16423984526112187,0.13933562748462636,-0.02295002835073401,-0.054045255867208465,,,,36.73127052285655,26.43912888454347,,,0.11660098882515953,0.4080478191059939,0.016989646148594856,0.019737708117309488,0.025161001714533948,0.03028333594653945,,,,-0.45454299605543014,-0.49558937177198104,,,-0.022649618577714428,0.11092645320001521
MEAN_STD_MINUS_MEAN,Z4,Z3,3026,LOCAL3,dynamic,adjacent_percent_change_new_extension,raw,BPE,,T1->T2,prefix,natural_target,375,0.19351575833428147,0.1748662098802036,0.010572598598487692,-0.011861388447126938,,,,36.124405461705095,25.915927133698403,,,0.0978374181418116,0.5590535445182285,375,0.19319444760496074,0.15788400642327427,0.00944878263955562,-0.01104420725435609,,,,36.14491513327363,25.75910350210551,,,0.07775047275996909,0.5662218432232192,0.000321310729320734,0.01698220345692933,0.0011238159589320729,-0.000817181192770848,,,,-0.020509671568532895,0.1568236315928928,,,0.02008694538184251,-0.007168298704990694
MEAN_STD_MINUS_MEAN,Z4,Z3,2026,LOCAL0,dynamic,adjacent_percent_change_new_extension,raw,BPE,,T2->T3,difference,natural_target,375,0.13359377266686237,0.05642714341080599,-0.009899169662407559,-0.050149040708681564,,,,46.109040605699256,30.073757686635737,,,0.02877312782287463,0.33265536144750185,375,0.11516356534508937,0.11227283006306225,0.009251350830632,-0.02537345309858364,,,,45.669769826466286,29.814334585465346,,,0.028328659561909532,0.6670550208258991,0.018430207321773,-0.05584568665225626,-0.019150520493039558,-0.024775587610097925,,,,0.4392707792329702,0.25942310117039113,,,0.0004444682609650967,-0.3343996593783972
MEAN_STD_MINUS_MEAN,Z4,Z3,2026,LOCAL3,dynamic,adjacent_percent_change_new_extension,raw,BPE,,T2->T3,difference,natural_target,375,0.13364520061738458,0.09827895588840775,-0.0024432638548919083,-0.05496157734502388,,,,45.9385178681926,30.136469444285517,,,0.042944215943428794,0.4742509340427736,375,0.09718369392634062,0.11348987146817159,0.008295455411342245,-0.03460491500043946,,,,45.691796098692556,30.038822654149005,,,0.03216444919297847,0.6328037510368165,0.03646150669104396,-0.01521091557976384,-0.010738719266234154,-0.02035666234458442,,,,0.24672176950004143,0.0976467901365119,,,0.010779766750450323,-0.15855281699404294
MEAN_STD_MINUS_MEAN,Z4,Z3,3026,LOCAL0,dynamic,adjacent_percent_change_new_extension,raw,BPE,,T2->T3,difference,natural_target,375,0.15395013878153518,0.12113376662411393,-0.0026592173346298154,-0.06903708398050613,,,,45.94346580335869,30.291389488826194,,,0.06387572178187889,0.4792888340701678,375,0.16120773763100665,0.10513403427665749,0.0014995246021747288,-0.03510682042648706,,,,45.84808666089844,30.031928179252127,,,0.041127863444760104,0.518412250054503,-0.007257598849471469,0.01599973234745644,-0.004158741936804544,-0.033930263554019076,,,,0.09537914246025281,0.25946130957406766,,,0.022747858337118787,-0.039123415984335164
MEAN_STD_MINUS_MEAN,Z4,Z3,3026,LOCAL3,dynamic,adjacent_percent_change_new_extension,raw,BPE,,T2->T3,difference,natural_target,375,0.14351515730754247,0.14191183870526583,0.01674837027609588,-0.01417808659825175,,,,45.49664956633091,29.809918182594895,,,0.04005207205940661,0.7090977913620349,375,0.15859287665998506,0.11563159095832291,0.0020710863701636217,-0.03778766707721941,,,,45.83496259873745,29.972418966491492,,,0.04921166871046492,0.521245663908072,-0.015077719352442592,0.026280247746942917,0.014677283905932259,0.02360958047896766,,,,-0.3383130324065391,-0.16250078389659706,,,-0.00915959665105831,0.18785212745396285
MEAN_STD_MINUS_MEAN,Z4,Z3,2026,LOCAL0,dynamic,adjacent_percent_change_new_extension,raw,BPE,,T2->T3,prefix,natural_target,375,0.1303292355952171,0.14507910588975867,0.0069954613055234205,-0.04557478258307146,,,,45.72173425547323,30.310297237551687,,,0.06935797116165741,0.5508795872905485,375,0.09892086637893648,0.13843773488401437,0.010849415135001594,-0.03916515186140532,,,,45.632922598356686,30.230311265369238,,,0.05209039263000693,0.6065626567447802,0.03140836921628064,0.006641371005744301,-0.003853953829478174,-0.006409630721666143,,,,0.08881165711654404,0.07998597218244896,,,0.017267578531650486,-0.055683069454231626
MEAN_STD_MINUS_MEAN,Z4,Z3,2026,LOCAL3,dynamic,adjacent_percent_change_new_extension,raw,BPE,,T2->T3,prefix,natural_target,375,0.13300872284034626,0.1550593369225146,0.01020454712980845,-0.04760898680277388,,,,45.64779516557611,30.388135965594085,,,0.07399709696703911,0.5700206401024498,375,0.10225139506850847,0.13491891563006844,0.009629117787628205,-0.04097385669321729,,,,45.66106218155777,30.223795135623543,,,0.05095312615835587,0.5977057374142107,0.03075732777183779,0.02014042129244617,0.0005754293421802448,-0.006635130109556589,,,,-0.01326701598165414,0.16434082997054134,,,0.023043970808683242,-0.027685097311760942
MEAN_STD_MINUS_MEAN,Z4,Z3,3026,LOCAL0,dynamic,adjacent_percent_change_new_extension,raw,BPE,,T2->T3,prefix,natural_target,375,0.11612249182075597,0.10864359584716511,-0.012606342729325037,-0.07344158929116819,,,,46.17080004457187,30.941793879333154,,,0.07015777725975467,0.41017219864612764,375,0.14314264600221113,0.12813347288084848,0.008144548147261621,-0.028831731819742308,,,,45.695272417162066,29.955528391186974,,,0.04768120497492517,0.5867984880816719,-0.02702015418145516,-0.019489877033683364,-0.02075089087658666,-0.04460985747142588,,,,0.4755276274098037,0.9862654881461808,,,0.022476572284829494,-0.17662628943554426
MEAN_STD_MINUS_MEAN,Z4,Z3,3026,LOCAL3,dynamic,adjacent_percent_change_new_extension,raw,BPE,,T2->T3,prefix,natural_target,375,0.13959980634875757,0.10806136033348386,-0.0053621868850435295,-0.05472445658958325,,,,46.00535134028492,30.401427057925897,,,0.056926331533440705,0.4529120040957862,375,0.13547567156429066,0.11676604114594677,0.002062110683000107,-0.03760004648877834,,,,45.835168725323605,29.98115521490905,,,0.05015073519495054,0.5214082566368513,0.00412413478446691,-0.008704680812462909,-0.007424297568043636,-0.017124410100804906,,,,0.1701826149613126,0.4202718430168453,,,0.006775596338490168,-0.06849625254106512
MEAN_STD_MINUS_MEAN,Z4,Z3,2026,LOCAL0,dynamic,adjacent_percent_change_new_extension,raw,FTV,,T0->T1,difference,natural_target,375,0.39976311298213674,0.23353423490077319,0.05237194398447964,0.11950062374079742,,,,87.55834183992945,32.71482548972215,,,0.042209417162270745,1.1367000450273914,375,0.3246253271134373,0.197389426306901,0.03757010567072294,0.09563963637875497,,,,88.23951765441458,32.91406284833619,,,0.03211096986025362,1.1015321400688842,0.07513778586869946,0.036144808593872174,0.014801838313756699,0.023860987362042452,,,,-0.6811758144851296,-0.19923735861403458,,,0.010098447302017123,0.03516790495850719
MEAN_STD_MINUS_MEAN,Z4,Z3,2026,LOCAL3,dynamic,adjacent_percent_change_new_extension,raw,FTV,,T0->T1,difference,natural_target,375,0.41390806690180915,0.2445089120802594,0.05779925309505096,0.12170639783448409,,,,87.30724725395793,32.420018997360245,,,0.046586140265262116,1.1328341387808967,375,0.3243659119353738,0.17732516777286053,0.029347843588879208,0.049772356459904396,,,,88.61564137990736,33.513823683007864,,,0.044420384449466985,0.8413548894670038,0.08954215496643536,0.06718374430739887,0.028451409506171754,0.07193404137457969,,,,-1.3083941259494338,-1.0938046856476191,,,0.002165755815795131,0.2914792493138929
MEAN_STD_MINUS_MEAN,Z4,Z3,3026,LOCAL0,dynamic,adjacent_percent_change_new_extension,raw,FTV,,T0->T1,difference,natural_target,375,0.36913414495391966,0.19133217813031486,0.03409692224629546,0.06555935848764219,,,,88.3985921144305,32.72777666393855,,,0.03886035056820822,0.9705874210047023,375,0.2957255660484697,0.13736374879895358,0.01456539778559418,0.027102513684782517,,,,89.28787296588881,33.90907864903375,,,0.034809306676366024,0.7362485425170698,0.07340857890544994,0.053968429331361284,0.019531524460701277,0.03845684480285967,,,,-0.8892808514583095,-1.1813019850952031,,,0.0040510438918421945,0.23433887848763246
MEAN_STD_MINUS_MEAN,Z4,Z3,3026,LOCAL3,dynamic,adjacent_percent_change_new_extension,raw,FTV,,T0->T1,difference,natural_target,375,0.38314119922630563,0.20367418176028868,0.038865153551384535,0.05869863008860739,,,,88.18013002064401,32.75071073544617,,,0.04756993045750073,0.933834085714581,375,0.31620980771418816,0.15548202593255636,0.020884109867021605,0.0370695142329145,,,,89.00115090730681,33.69235845911441,,,0.0368633763089092,0.8098090688875252,0.06693139151211747,0.048192155827732314,0.01798104368436293,0.02162911585569289,,,,-0.8210208866627937,-0.9416477236682397,,,0.010706554148591528,0.1240250168270558
MEAN_STD_MINUS_MEAN,Z4,Z3,2026,LOCAL0,dynamic,adjacent_percent_change_new_extension,raw,FTV,,T0->T1,prefix,natural_target,375,0.4294547730117192,0.272081486425892,0.07204811680640177,0.121035122230108,,,,86.6445602811636,32.1487404858401,,,0.059036505182314486,1.1197953799585108,375,0.37328751848902036,0.2430695787658528,0.05736134735458842,0.0958157989265048,,,,87.32753375002126,33.063231871076404,,,0.056810407045906224,1.019803875046967,0.05616725452269883,0.02901190766003922,0.014686769451813353,0.0252193233036032,,,,-0.6829734688576536,-0.9144913852363032,,,0.0022260981364082624,0.09999150491154385
MEAN_STD_MINUS_MEAN,Z4,Z3,2026,LOCAL3,dynamic,adjacent_percent_change_new_extension,raw,FTV,,T0->T1,prefix,natural_target,375,0.42328478780293555,0.2671189804900789,0.07025254340424547,0.09935939999999871,,,,86.72834775106175,32.30514787970815,,,0.07115225560545847,1.0014065146043243,375,0.37892911594038003,0.23833991514299604,0.05578432648146503,0.06672469749784686,,,,87.40055207548716,33.05929594320604,,,0.06353310684029076,0.945576637982665,0.04435567186255551,0.028779065347082883,0.014468216922780441,0.03263470250215185,,,,-0.6722043244254081,-0.7541480634978868,,,0.007619148765167713,0.05582987662165928
MEAN_STD_MINUS_MEAN,Z4,Z3,3026,LOCAL0,dynamic,adjacent_percent_change_new_extension,raw,FTV,,T0->T1,prefix,natural_target,375,0.38405029013539654,0.1832594032356196,0.027099195748854,0.006489501691458704,,,,88.71822709839134,33.696644697733085,,,0.06146717750798586,0.7391705107000281,375,0.30903242689725796,0.15398047787060595,0.019057024789511767,0.001956548450913535,,,,89.08415276947186,34.33160444817287,,,0.042885238240183185,0.7435526907514094,0.07501786323813858,0.02927892536501364,0.008042170959342232,0.004532953240545168,,,,-0.3659256710805181,-0.6349597504397835,,,0.018581939267802675,-0.004382180051381246
MEAN_STD_MINUS_MEAN,Z4,Z3,3026,LOCAL3,dynamic,adjacent_percent_change_new_extension,raw,FTV,,T0->T1,prefix,natural_target,375,0.38827466150870404,0.2007094169135485,0.03579661648579491,0.010363043465468158,,,,88.32078061436654,33.60380123138811,,,0.06286014476435173,0.8005345142508915,375,0.3736500170667881,0.19290600899057378,0.03155028381276326,0.020753494528112617,,,,88.51504844884616,33.798973853415674,,,0.06379658363737468,0.7637426518297483,0.014624644441915968,0.007803407922974709,0.00424633267303165,-0.01039045106264446,,,,-0.19426783447961782,-0.19517262202756314,,,-0.0009364388730229573,0.036791862421143184
MEAN_STD_MINUS_MEAN,Z4,Z3,2026,LOCAL0,dynamic,adjacent_percent_change_new_extension,raw,FTV,,T1->T2,difference,natural_target,375,0.2898332005916487,0.13109050911742806,0.01367598048921459,0.04268193156414186,,,,130.74833611527967,39.379804023464864,,,0.010211100882331747,1.2972837159947703,375,0.21510023893503244,0.10932316024419822,0.00928883024904259,0.014421324179182633,,,,131.0387965233526,40.39620915555463,,,0.009241069714643791,1.1372371916950543,0.07473296165661625,0.02176734887322984,0.004387150240172,0.028260607384959224,,,,-0.2904604080729314,-1.0164051320897656,,,0.0009700311676879552,0.160046524299716
MEAN_STD_MINUS_MEAN,Z4,Z3,2026,LOCAL3,dynamic,adjacent_percent_change_new_extension,raw,FTV,,T1->T2,difference,natural_target,375,0.28801388098759817,0.13937315536821832,0.01539059445655111,0.039811615608214085,,,,130.63464100450327,39.37868395081792,,,0.010360315623839971,1.369281180824772,375,0.20795471612242578,0.11086949021700274,0.009600787860364002,0.010077435756315485,,,,131.01816398700203,40.37222574129926,,,0.0089899951881497,1.1693171543116374,0.0800591648651724,0.02850366515121558,0.005789806596187108,0.0297341798518986,,,,-0.3835229824987607,-0.9935417904813377,,,0.0013703204356902716,0.1999640265131346
MEAN_STD_MINUS_MEAN,Z4,Z3,3026,LOCAL0,dynamic,adjacent_percent_change_new_extension,raw,FTV,,T1->T2,difference,natural_target,375,0.30679462965069976,0.12348111954266677,0.012648883582767723,0.051617721657514055,,,,130.81639502210916,39.58250151568143,,,0.013189554966741424,1.0751906704514769,375,0.22646967800659917,0.07469662447397295,0.002343139262518612,0.015134088232440286,,,,131.49733850386662,40.593238779407535,,,0.009769671264295956,0.755720148593978,0.08032495164410058,0.048784495068693826,0.01030574432024911,0.03648363342507377,,,,-0.6809434817574527,-1.0107372637261065,,,0.0034198837024454684,0.3194705218574989
MEAN_STD_MINUS_MEAN,Z4,Z3,3026,LOCAL3,dynamic,adjacent_percent_change_new_extension,raw,FTV,,T1->T2,difference,natural_target,375,0.32848924792354084,0.14588747666353183,0.01814032557787637,0.06622137021452996,,,,130.45210096408218,39.31549299880657,,,0.014627217469964838,1.2062495197473866,375,0.25333621572420073,0.10438255069237075,0.00821058551053333,0.03037537689077887,,,,131.11008544902631,40.20374255396839,,,0.011190052364716435,0.9867607028511027,0.07515303219934011,0.04150492597116108,0.00992974006734304,0.035845993323751095,,,,-0.6579844849441372,-0.8882495551618206,,,0.0034371651052484027,0.21948881689628386
MEAN_STD_MINUS_MEAN,Z4,Z3,2026,LOCAL0,dynamic,adjacent_percent_change_new_extension,raw,FTV,,T1->T2,prefix,natural_target,375,0.34667152121970646,0.14889591550802272,0.019388116222133434,0.060192945103898,,,,130.3691824655135,38.13154013971633,,,0.01673378741522399,1.1510273963822986,375,0.27353760382296055,0.12430768881105754,0.012918331493190438,0.01691102007877669,,,,130.7985439208967,39.743326643409695,,,0.015756828803888963,0.990292713772536,0.0731339173967459,0.024588226696965185,0.0064697847289429955,0.04328192502512131,,,,-0.4293614553832015,-1.6117865036933665,,,0.0009769586113350277,0.16073468260976254
MEAN_STD_MINUS_MEAN,Z4,Z3,2026,LOCAL3,dynamic,adjacent_percent_change_new_extension,raw,FTV,,T1->T2,prefix,natural_target,375,0.3546157697121402,0.1589318275967294,0.022383563454697275,0.06522124910368239,,,,130.16991265619401,38.14231651841765,,,0.01779540287936639,1.191398270031167,375,0.28310547275002845,0.12651418054961663,0.013688832450551969,0.021019901637543553,,,,130.7474842765323,39.591377388591965,,,0.016278657937841428,0.9915849079217101,0.07151029696211175,0.03241764704711278,0.008694731004145306,0.04420134746613884,,,,-0.5775716203382899,-1.4490608701743142,,,0.0015167449415249626,0.19981336210945688
MEAN_STD_MINUS_MEAN,Z4,Z3,3026,LOCAL0,dynamic,adjacent_percent_change_new_extension,raw,FTV,,T1->T2,prefix,natural_target,375,0.3746451245875526,0.15780995852319885,0.022395485446183083,0.08701740244306957,,,,130.16911894545854,38.18248882503934,,,0.019540522555582997,1.1289281930435104,375,0.3091184435089316,0.11718056325812332,0.011450043316476477,0.05169138206002114,,,,130.8957894660136,39.1963229452142,,,0.013598044781882748,1.0048872771761725,0.06552668107862103,0.04062939526507553,0.010945442129706606,0.03532602038304843,,,,-0.726670520555075,-1.013834120174856,,,0.0059424777737002495,0.1240409158673379
MEAN_STD_MINUS_MEAN,Z4,Z3,3026,LOCAL3,dynamic,adjacent_percent_change_new_extension,raw,FTV,,T1->T2,prefix,natural_target,375,0.39840163841165094,0.1829879469150436,0.03011691491690105,0.11122882156750025,,,,129.65404144444707,37.717793815594824,,,0.021444877978605684,1.2495703014022685,375,0.33863056092843324,0.1496684992302178,0.01953679762358862,0.07218597487908625,,,,130.35929873482067,38.845484313644185,,,0.015054336083012904,1.219830815177389,0.059771077483217694,0.03331944768482581,0.01058011729331243,0.039042846688414,,,,-0.705257290373595,-1.1276904980493612,,,0.00639054189559278,0.029739486224879652
MEAN_STD_MINUS_MEAN,Z4,Z3,2026,LOCAL0,dynamic,adjacent_percent_change_new_extension,raw,FTV,,T2->T3,difference,natural_target,375,0.21611605415860735,0.07690097231581206,-0.0021136250756637054,0.007784839581513528,,,,220.38552357178094,82.01660260770656,,,0.024973606891603026,0.4866213904526988,375,0.21391239048811017,0.06703173838329884,-0.004193977951192807,-0.004809244807037558,,,,220.61416129606084,79.53582671253628,,,0.021313594531880226,0.4591474034416736,0.00220366367049718,0.00986923393251321,0.002080352875529101,0.012594084388551086,,,,-0.22863772427990625,2.4807758951702823,,,0.003660012359722801,0.027473987011025214
MEAN_STD_MINUS_MEAN,Z4,Z3,2026,LOCAL3,dynamic,adjacent_percent_change_new_extension,raw,FTV,,T2->T3,difference,natural_target,375,0.21576493343952668,0.09404996897175441,-0.005159166099740098,-0.017035498913867908,,,,220.72015826344776,83.50097689876073,,,0.042131903355455504,0.4581979237842403,375,0.22928410513141428,0.06699302640974866,-0.006374265291648529,-0.007230548555049231,,,,220.85352812697437,79.65816266154197,,,0.024495375839790834,0.4280431425175746,-0.0135191716918876,0.027056942562005748,0.0012150991919084309,-0.009804950358818676,,,,-0.1333698635266103,3.842814237218761,,,0.01763652751566467,0.03015478126666571
MEAN_STD_MINUS_MEAN,Z4,Z3,3026,LOCAL0,dynamic,adjacent_percent_change_new_extension,raw,FTV,,T2->T3,difference,natural_target,375,0.16743793378086244,0.12244011297756457,0.011341822163043802,0.0050000091717066625,,,,218.90095774398551,81.56765782979672,,,0.02410886149623343,0.7885611386834698,375,0.16718011150301512,0.11328043481868208,0.00742770790481917,0.0002812686303427441,,,,219.33384599032564,81.2705493833511,,,0.027002681797713386,0.6893685367305706,0.00025782227784731937,0.009159678158882495,0.0039141142582246324,0.004718740541363918,,,,-0.4328882463401271,0.29710844644561973,,,-0.002893820301479954,0.09919260195289914
MEAN_STD_MINUS_MEAN,Z4,Z3,3026,LOCAL3,dynamic,adjacent_percent_change_new_extension,raw,FTV,,T2->T3,difference,natural_target,375,0.17985254295141653,0.1303914868658304,0.013198347032183477,0.00836198751562672,,,,218.69533256186085,81.85600673641879,,,0.0275015068884538,0.7862687086553287,375,0.18483991352827395,0.1091391645159301,0.004746631768193232,-0.00457217041425868,,,,219.62987187114626,81.61578016840429,,,0.0301592910826566,0.6284490302185509,-0.004987370576857414,0.021252322349900307,0.008451715263990245,0.0129341579298854,,,,-0.9345393092854124,0.24022656801450637,,,-0.002657784194202803,0.1578196784367778
MEAN_STD_MINUS_MEAN,Z4,Z3,2026,LOCAL0,dynamic,adjacent_percent_change_new_extension,raw,FTV,,T2->T3,prefix,natural_target,375,0.16204187051996816,0.07583732344110199,-0.0011924855390705869,-0.007647084249037671,,,,220.28421146205787,81.49039976634158,,,0.020611671563850825,0.528234047133132,375,0.12532028672203893,0.017551110354036708,-0.01231494144664147,-0.026777592033606388,,,,221.50442352390013,81.8134693157023,,,0.014124175172718245,0.14768046437244384,0.036721583797929225,0.058286213087065275,0.011122455907570883,0.019130507784568717,,,,-1.2202120618422612,-0.3230695493607243,,,0.00648749639113258,0.3805535827606882
MEAN_STD_MINUS_MEAN,Z4,Z3,2026,LOCAL3,dynamic,adjacent_percent_change_new_extension,raw,FTV,,T2->T3,prefix,natural_target,375,0.17553305267948574,0.08090405392743677,-0.000462651792887403,-0.006596782510293955,,,,220.20390714328687,80.84544570339435,,,0.0219191900616527,0.5464595655277668,375,0.14448742746615087,0.02032139158402187,-0.012049327621984185,-0.02423294463093336,,,,221.47536216438425,81.33898749115738,,,0.014466202054138216,0.1689569967423573,0.03104562521333487,0.0605826623434149,0.011586675829096782,0.017636162120639405,,,,-1.2714550210973812,-0.4935417877630357,,,0.007452988007514483,0.37750256878540944
MEAN_STD_MINUS_MEAN,Z4,Z3,3026,LOCAL0,dynamic,adjacent_percent_change_new_extension,raw,FTV,,T2->T3,prefix,natural_target,375,0.12708658550460805,0.09588210524934576,0.0022454987677700267,-0.02186129034860042,,,,219.90567040142798,82.00666006268115,,,0.025816016940763763,0.5967507072946154,375,0.12174536352258505,0.07905099085863582,0.001192870332753393,-0.006674021473298983,,,,220.02163978124864,80.14569629946394,,,0.016654540391815367,0.6125492209474893,0.005341221982022998,0.016831114390709945,0.0010526284350166337,-0.01518726887530144,,,,-0.1159693798206547,1.8609637632172138,,,0.009161476548948395,-0.01579851365287388
MEAN_STD_MINUS_MEAN,Z4,Z3,3026,LOCAL3,dynamic,adjacent_percent_change_new_extension,raw,FTV,,T2->T3,prefix,natural_target,375,0.14366640118329732,0.10751145953762839,0.005530703892127176,-0.013106556508916041,,,,219.54334134767117,81.70802152358952,,,0.026764691791625706,0.6571638033082975,375,0.1129027193082262,0.071811284762082,-0.0010442704564364025,-0.00981832805872764,,,,220.26790558106597,80.14367826471285,,,0.01680405099268991,0.5539693047668058,0.030763681875071128,0.03570017477554639,0.006574974348563578,-0.003288228450188401,,,,-0.7245642333948012,1.5643432588766757,,,0.009960640798935796,0.10319449854149165
MEAN_STD_MINUS_MEAN,Z4,Z3,2026,LOCAL0,dynamic,adjacent_percent_change_new_extension,raw,LD,,T0->T1,difference,natural_target,375,0.1538179057985742,0.06605707063018965,-0.0024388410635487467,-0.016862767999280687,,,,35.985594491508984,19.424212895680434,,,0.01947911607057433,0.47329802019711753,375,0.11006276761878708,0.047458748638991,-0.00036311974822322846,-0.015333202695328509,,,,35.9483180162246,19.216642658958474,,,0.008447972026246555,0.5163450872382606,0.04375513817978713,0.018598321991198645,-0.0020757213153255183,-0.0015295653039521778,,,,0.03727647528438638,0.20757023672195984,,,0.011031144044327774,-0.04304706704114303
MEAN_STD_MINUS_MEAN,Z4,Z3,2026,LOCAL3,dynamic,adjacent_percent_change_new_extension,raw,LD,,T0->T1,difference,natural_target,375,0.11660892042438346,0.03608135707721382,-0.011450519695985983,-0.029150552362332254,,,,36.146983413289945,19.551503766194752,,,0.020377561370652116,0.2527590758462274,375,0.09714551353885384,0.035503219501961336,-0.0022824093737319195,-0.018009821718384385,,,,35.9827865860508,19.247351269845414,,,0.007970350723298384,0.3976756699392631,0.019463406885529624,0.0005781375752524839,-0.009168110322254064,-0.011140730643947869,,,,0.1641968272391452,0.3041524963493387,,,0.012407210647353731,-0.1449165940930357
MEAN_STD_MINUS_MEAN,Z4,Z3,3026,LOCAL0,dynamic,adjacent_percent_change_new_extension,raw,LD,,T0->T1,difference,natural_target,375,0.0868323930062519,0.07819113624997441,0.003697935280153497,-0.012495147921692321,,,,35.87527625824461,19.3149223182164,,,0.012432477197951368,0.7012593882754853,375,0.06831770391863477,0.02715990408804463,-0.0032638195440914952,-0.019833777533543137,,,,36.00039900346681,19.321037197701923,,,0.006628550954989806,0.3335945388726209,0.018514689087617123,0.051031232161929785,0.006961754824244992,0.007338629611850816,,,,-0.12512274522219968,-0.006114879485522806,,,0.0058039262429615615,0.36766484940286437
MEAN_STD_MINUS_MEAN,Z4,Z3,3026,LOCAL3,dynamic,adjacent_percent_change_new_extension,raw,LD,,T0->T1,difference,natural_target,375,0.10883467349935244,0.0877902305942112,0.0036378970752239947,-0.013725842822693235,,,,35.87635718280367,19.418238189752596,,,0.017662546459815204,0.6605710418542301,375,0.10291777229441233,0.06214093050876527,0.0016053003239892005,-0.0070297388384116385,,,,35.91293274809905,19.198183335635626,,,0.00908294217904364,0.6520253446987122,0.005916901204940109,0.025649300085445935,0.0020325967512347942,-0.0066961039842815965,,,,-0.03657556529537942,0.22005485411697023,,,0.008579604280771565,0.008545697155517895
MEAN_STD_MINUS_MEAN,Z4,Z3,2026,LOCAL0,dynamic,adjacent_percent_change_new_extension,raw,LD,,T0->T1,prefix,natural_target,375,0.12060731607039965,0.0638456640029951,-0.00888928624514107,-0.032412524914645344,,,,36.101188021038794,19.63923464826999,,,0.029969616044496602,0.3687999203048587,375,0.11487024984780093,0.056891289619473456,-0.0052787405206520255,-0.023389995750982176,,,,36.03653185981934,19.416074767941797,,,0.021153724176695296,0.3911581287749373,0.005737066222598716,0.006954374383521644,-0.003610545724489045,-0.009022529163663168,,,,0.06465616121945317,0.22315988032819334,,,0.008815891867801306,-0.022358208470078578
MEAN_STD_MINUS_MEAN,Z4,Z3,2026,LOCAL3,dynamic,adjacent_percent_change_new_extension,raw,LD,,T0->T1,prefix,natural_target,375,0.1172109519105498,0.044667246122797585,-0.014562210471222192,-0.0352030068216012,,,,36.202543154802605,19.66887856024006,,,0.028870857499285207,0.2628810834985001,375,0.09874990581006556,0.04407545434947621,-0.008147721979065548,-0.02710451839247105,,,,36.08791784728823,19.474086029610977,,,0.01998952417154178,0.31174218117815766,0.01846104610048424,0.0005917917733213734,-0.006414488492156645,-0.008098488429130149,,,,0.11462530751437328,0.19479253062908342,,,0.008881333327743428,-0.04886109767965757
MEAN_STD_MINUS_MEAN,Z4,Z3,3026,LOCAL0,dynamic,adjacent_percent_change_new_extension,raw,LD,,T0->T1,prefix,natural_target,375,0.11130965386747212,0.07103130998302226,-0.004139500304484622,-0.025459131847745935,,,,36.01610672669194,19.366311911623963,,,0.02616189447156197,0.43915236849065026,375,0.10810565277613059,0.0480694976599158,-0.006417062036326637,-0.021041621094444844,,,,36.056928965599894,19.323129647654746,,,0.018993935662316462,0.348788455906231,0.0032040010913415296,0.022961812323106463,0.002277561731842015,-0.004417510753301091,,,,-0.04082223890795689,0.04318226396921787,,,0.0071679588092455095,0.09036391258441928
MEAN_STD_MINUS_MEAN,Z4,Z3,3026,LOCAL3,dynamic,adjacent_percent_change_new_extension,raw,LD,,T0->T1,prefix,natural_target,375,0.12977377504365187,0.08422630588025334,-0.0006057377641626172,-0.019605451707072525,,,,35.95267702380218,19.303696422539936,,,0.02771169325493799,0.5059600439703358,375,0.12954883895110958,0.0616878725681271,-0.0030991442445527095,-0.014635850203043305,,,,35.99744433707489,19.25766519430872,,,0.01977526966240886,0.4386706576777495,0.0002249360925422883,0.022538433312126245,0.0024934064803900924,-0.00496960150402922,,,,-0.044767313272707554,0.04603122823121453,,,0.007936423592529131,0.0672893862925863
MEAN_STD_MINUS_MEAN,Z4,Z3,2026,LOCAL0,dynamic,adjacent_percent_change_new_extension,raw,LD,,T1->T2,difference,natural_target,370,-0.016449569878159206,-0.019475732781238327,-0.03004072834560323,-0.07182202020958386,,,,53.292745527314196,33.86056386173816,,,0.023825293765185353,-0.12617539559513452,370,-0.05823856608376291,-0.030445644697002353,-0.01951368339266568,-0.05034862304324888,,,,53.01971948003305,33.5710874562627,,,0.012577557250618198,-0.27147323824600295,0.04178899620560371,0.010969911915764026,-0.010527044952937548,-0.021473397166334986,,,,0.27302604728114943,0.2894764054754546,,,0.011247736514567156,0.14529784265086843
MEAN_STD_MINUS_MEAN,Z4,Z3,2026,LOCAL3,dynamic,adjacent_percent_change_new_extension,raw,LD,,T1->T2,difference,natural_target,370,-0.012212246520792973,-0.008655916405681065,-0.013532341396657488,-0.03934367657912467,,,,52.86396110856647,33.39239752236572,,,0.011627754113387368,-0.0802721941160359,370,-0.05187818917802276,-0.03661854345046023,-0.021027938854365935,-0.053156150797898656,,,,53.05907923155263,33.52598874305282,,,0.012726356835081654,-0.3246003752486589,0.03966594265722979,0.027962627044779163,0.007495597457708447,0.013812474218773983,,,,-0.19511812298615894,-0.1335912206871015,,,-0.0010986027216942865,0.24432818113262303
MEAN_STD_MINUS_MEAN,Z4,Z3,3026,LOCAL0,dynamic,adjacent_percent_change_new_extension,raw,LD,,T1->T2,difference,natural_target,370,0.02526298405498824,-0.0009698405815022887,-0.01117128920200594,-0.02961570490953121,,,,52.80235116241623,33.08048181838391,,,0.010903094542956508,-0.009288069652407268,370,-0.03618829405719292,-0.050227059957122386,-0.013741344194379446,-0.032620619987715184,,,,52.869411426125495,33.37277544706983,,,0.005926875623915806,-0.652416371673627,0.06145127811218116,0.049257219375620095,0.002570054992373505,0.0030049150781839735,,,,-0.06706026370926566,-0.29229362868591835,,,0.004976218919040702,0.6431283020212197
MEAN_STD_MINUS_MEAN,Z4,Z3,3026,LOCAL3,dynamic,adjacent_percent_change_new_extension,raw,LD,,T1->T2,difference,natural_target,370,0.014743506552050605,-0.005017183801628017,-0.01888759453423372,-0.04128740487578862,,,,53.00343713185782,33.14139720320715,,,0.017351056317708696,-0.0380887790786431,370,-0.057966863658836826,-0.04494086481080942,-0.01790431782711699,-0.039277057547464994,,,,52.97785549490484,33.34438410541727,,,0.009124793830741473,-0.47046778975649,0.07271037021088743,0.0399236810091814,-0.0009832767071167314,-0.002010347328323628,,,,0.02558163695298532,-0.20298690221012095,,,0.008226262486967223,0.4323790106778469
MEAN_STD_MINUS_MEAN,Z4,Z3,2026,LOCAL0,dynamic,adjacent_percent_change_new_extension,raw,LD,,T1->T2,prefix,natural_target,370,0.17445052428130844,0.12486030400659262,0.007956753584124177,0.010626383300518431,,,,52.30054308087721,32.574261115124514,,,0.04477919265007201,0.5900465269475167,370,0.11083393571237693,0.07163660219116515,-0.024084873561215803,-0.06182318007939168,,,,53.13844871384254,33.76476467057439,,,0.058767212631765584,0.29550676828002354,0.06361658856893151,0.053223701815427474,0.03204162714533998,0.07244956337991011,,,,-0.8379056329653309,-1.1905035554498724,,,-0.013988019981693571,0.29453975866749316
MEAN_STD_MINUS_MEAN,Z4,Z3,2026,LOCAL3,dynamic,adjacent_percent_change_new_extension,raw,LD,,T1->T2,prefix,natural_target,370,0.16877741563258972,0.11996902878199418,0.0035685085512234815,0.004682249765392292,,,,52.41608963374704,32.605889816550416,,,0.0501673618253202,0.5356221290158426,370,0.119543725504339,0.07194043243999582,-0.03213682424070208,-0.07330150161434512,,,,53.346942380910505,33.74863596757008,,,0.07025109514395167,0.27142290517106116,0.04923369012825071,0.04802859634199837,0.03570533279192556,0.07798375137973741,,,,-0.9308527471634633,-1.142746151019665,,,-0.020083733318631468,0.26419922384478145
MEAN_STD_MINUS_MEAN,Z4,Z3,3026,LOCAL0,dynamic,adjacent_percent_change_new_extension,raw,LD,,T1->T2,prefix,natural_target,370,0.18672247649006032,0.1429826518708146,0.0127241422280725,0.019805336417960805,,,,52.17472331792747,32.43010648847643,,,0.053288443890066164,0.6193937637363545,370,0.11791410445068667,0.07496645079341467,-0.0037600767025627313,-0.010384402936139613,,,,52.60849225095126,32.813476383614564,,,0.029425970105122833,0.43702024424397085,0.06880837203937365,0.06801620107739993,0.01648421893063523,0.030189739354100416,,,,-0.43376893302378505,-0.3833698951381308,,,0.02386247378494333,0.18237351949238362
MEAN_STD_MINUS_MEAN,Z4,Z3,3026,LOCAL3,dynamic,adjacent_percent_change_new_extension,raw,LD,,T1->T2,prefix,natural_target,370,0.2053792576358038,0.1583058083680856,0.01893335669064622,0.029828434645497292,,,,52.010394866037196,32.33363309198694,,,0.05596242532889372,0.6691886799867518,370,0.09488492027978929,0.06626335232060772,-0.01458549348130389,-0.031311100404126636,,,,52.891419204154325,33.24285844084891,,,0.04160204009161171,0.32487484801900746,0.11049433735601452,0.09204245604747789,0.03351885017195011,0.061139535049623925,,,,-0.881024338117129,-0.9092253488619733,,,0.01436038523728201,0.34431383196774434
MEAN_STD_MINUS_MEAN,Z4,Z3,2026,LOCAL0,dynamic,adjacent_percent_change_new_extension,raw,LD,,T2->T3,difference,natural_target,313,0.019947213420707564,0.06653073183941095,-0.012011770076175932,-0.03142614595684938,,,,72.92725258630334,41.28158775539315,,,0.025767914850000462,0.4144600379014738,313,0.010417480960432204,0.029350457991428176,-0.014412059921002252,-0.019884250379179028,,,,73.0136858067517,41.28597038326065,,,0.014301063054747628,0.2454317373879002,0.00952973246027536,0.03718027384798278,0.00240028984482632,-0.011541895577670352,,,,-0.086433220448356,-0.0043826278674998775,,,0.011466851795252834,0.1690283005135736
MEAN_STD_MINUS_MEAN,Z4,Z3,2026,LOCAL3,dynamic,adjacent_percent_change_new_extension,raw,LD,,T2->T3,difference,natural_target,313,0.01835787625866857,0.03686678234121999,-0.015853924082804616,-0.024616328713143072,,,,73.06555744668653,41.290652478931754,,,0.019530477531842845,0.2638024373588392,313,0.0029496603730853536,0.014398582849940212,-0.01736715326045446,-0.02144295372263744,,,,73.1199568965919,41.46019639574643,,,0.013788411873078579,0.12262037100789366,0.015408215885583217,0.02246819949127978,0.001513229177649844,-0.003173374990505632,,,,-0.05439944990537526,-0.16954391681467484,,,0.005742065658764266,0.14118206635094552
MEAN_STD_MINUS_MEAN,Z4,Z3,3026,LOCAL0,dynamic,adjacent_percent_change_new_extension,raw,LD,,T2->T3,difference,natural_target,313,0.09369619273079223,0.04834423481065818,-0.033801596693710856,-0.16732551898002399,,,,73.7081770001363,41.98367609042028,,,0.04923336009298742,0.21787878878765587,313,0.07934163759827383,0.07670805492451074,-0.006930713267939703,-0.060101166429221906,,,,72.74394750923447,41.56755549312556,,,0.02342365875969153,0.5012029335588652,0.014354555132518404,-0.028363820113852564,-0.026870883425771153,-0.10722435255080208,,,,0.964229490901829,0.4161205972947215,,,0.025809701333295892,-0.2833241447712094
MEAN_STD_MINUS_MEAN,Z4,Z3,3026,LOCAL3,dynamic,adjacent_percent_change_new_extension,raw,LD,,T2->T3,difference,natural_target,313,0.12637343657071085,0.10087809539871845,0.0034690978058571353,-0.007287833060974664,,,,72.36731441994587,40.66871844108527,,,0.016005643690388843,0.7973707525464278,313,0.09776635054650247,0.10502435089781939,0.0045607474650544155,0.0017362810140491623,,,,72.32766617578426,40.843584645593126,,,0.01281202757353183,0.9278570538473269,0.028607086024208375,-0.004146255499100943,-0.0010916496591972802,-0.009024114075023827,,,,0.0396482441616115,-0.1748662045078575,,,0.0031936161168570135,-0.1304863013008991
MEAN_STD_MINUS_MEAN,Z4,Z3,2026,LOCAL0,dynamic,adjacent_percent_change_new_extension,raw,LD,,T2->T3,prefix,natural_target,313,0.04110692302143448,0.03866971459533682,-0.025532514075419677,-0.07207499414263412,,,,73.41279986583145,41.91116308729338,,,0.031558031106634896,0.21767874092817155,313,0.005524248970639427,0.002981575117681459,-0.02400613809153085,-0.046537209668748004,,,,73.35814666894001,41.78960690071596,,,0.017602308971052222,0.02247299398232736,0.03558267405079506,0.03568813947765536,-0.001526375983888828,-0.025537784473886112,,,,0.05465319689143655,0.12155618657742195,,,0.013955722135582674,0.1952057469458442
MEAN_STD_MINUS_MEAN,Z4,Z3,2026,LOCAL3,dynamic,adjacent_percent_change_new_extension,raw,LD,,T2->T3,prefix,natural_target,313,0.029558919114943377,0.039267659737165936,-0.025223807738041115,-0.06724843642418556,,,,73.40174965434825,42.07513504616534,,,0.0317099328230025,0.22051460468812734,313,0.01990219694450386,0.024756732599625235,-0.01873659706446773,-0.03400603018538076,,,,73.16915250784025,41.61785741334938,,,0.01827454389334128,0.18313445174378357,0.009656722170439516,0.014510927137540701,-0.006487210673573385,-0.0332424062388048,,,,0.2325971465079988,0.45727763281596623,,,0.013435388929661223,0.03738015294434377
MEAN_STD_MINUS_MEAN,Z4,Z3,3026,LOCAL0,dynamic,adjacent_percent_change_new_extension,raw,LD,,T2->T3,prefix,natural_target,313,0.13201740184706226,0.09167033146117708,-0.006704741263114489,-0.02757463810180674,,,,72.73578457518649,40.98556011221047,,,0.03174659911187171,0.5144938617868225,313,0.1410100818488725,0.10820509040949464,-0.010011541291751191,-0.05690062265919504,,,,72.8551470320112,41.64977177666292,,,0.046528773361627085,0.5016339144117452,-0.00899268000181025,-0.01653475894831756,0.0033068000286367027,0.029325984557388298,,,,-0.11936245682471736,-0.664211664452445,,,-0.014782174249755378,0.01285994737507734
MEAN_STD_MINUS_MEAN,Z4,Z3,3026,LOCAL3,dynamic,adjacent_percent_change_new_extension,raw,LD,,T2->T3,prefix,natural_target,313,0.1303738090193804,0.09573214781913565,-0.0034864742046933905,-0.00843471284277988,,,,72.61942942619784,40.57244076778048,,,0.02900917138209205,0.5620696570510127,313,0.13767335841183478,0.10881450519440887,0.0017483555064281564,0.0059114114664749135,,,,72.42976696885754,40.90517441252353,,,0.024729832833487987,0.691952370094324,-0.007299549392454391,-0.013082357375273218,-0.005234829711121547,-0.014346124309254794,,,,0.1896624573403045,-0.3327336447430511,,,0.004279338548604062,-0.12988271304331123
MEAN_STD_MINUS_MEAN,Z4,Z3,2026,LOCAL0,dynamic,adjacent_percent_change_new_extension,raw,SPH,,T0->T1,difference,natural_target,375,-0.00033746728865627487,-0.03509550828829343,-0.05484819324819501,-0.10572414454667692,,,,37.81026741194509,26.356446934258265,,,0.04060008202851155,-0.17417590716799847,375,-0.009955626351120718,-0.008867181346591563,-0.0726079548447689,-0.15454925578211043,,,,38.12723173072486,26.517127656793395,,,0.06798102736245833,-0.03400883293558098,0.009618159062464443,-0.026228326941701866,0.017759761596573886,0.04882511123543351,,,,-0.3169643187797675,-0.16068072253512966,,,-0.027380945333946777,-0.14016707423241748
MEAN_STD_MINUS_MEAN,Z4,Z3,2026,LOCAL3,dynamic,adjacent_percent_change_new_extension,raw,SPH,,T0->T1,difference,natural_target,375,-0.015434975537603823,-0.04422640421780961,-0.06043118774625711,-0.11814221694656775,,,,37.91019455693688,26.451375363724257,,,0.04210596056406669,-0.2155310483049677,375,-0.022198657412674936,-0.07460403901452567,-0.06231099245695715,-0.10915049199887104,,,,37.94378099288017,26.422823369208647,,,0.03405455546583867,-0.40427299579634396,0.006763681875071113,0.030377634796716062,0.0018798047107000393,-0.008991724947696705,,,,-0.033586435943291804,0.028551994515609636,,,0.008051405098228014,0.18874194749137627
MEAN_STD_MINUS_MEAN,Z4,Z3,3026,LOCAL0,dynamic,adjacent_percent_change_new_extension,raw,SPH,,T0->T1,difference,natural_target,375,-0.020809420866992834,-0.08497261907891598,-0.05137219721924202,-0.1016185751994532,,,,37.74791872920393,26.270040205762044,,,0.024283027526147288,-0.5452900692897983,375,-0.020632153828649448,-0.08021133482588509,-0.04851429880269165,-0.09846758863513014,,,,37.69657957052096,26.2627191679552,,,0.023650602132590463,-0.5215724489682712,-0.0001772670383433858,-0.004761284253030892,-0.002857898416550375,-0.003150986564323069,,,,0.05133915868297123,0.0073210378068431226,,,0.000632425393556825,-0.023717620321527133
MEAN_STD_MINUS_MEAN,Z4,Z3,3026,LOCAL3,dynamic,adjacent_percent_change_new_extension,raw,SPH,,T0->T1,difference,natural_target,375,-0.02118420753214245,-0.07754325749480923,-0.05064183823321655,-0.09733627622701158,,,,37.734805237459156,26.28617890958654,,,0.02527478596438492,-0.4877533916096652,375,0.003009443622710206,-0.06478154245872361,-0.04627551182437473,-0.0973847665215123,,,,37.65631321003645,26.21063376649825,,,0.025324247991465827,-0.40708303669057666,-0.02419365115485266,-0.012761715036085614,-0.004366326408841825,4.8490294500727615e-05,,,,0.07849202742270478,0.07554514308828786,,,-4.946202708090708e-05,-0.08067035491908853
MEAN_STD_MINUS_MEAN,Z4,Z3,2026,LOCAL0,dynamic,adjacent_percent_change_new_extension,raw,SPH,,T0->T1,prefix,natural_target,375,0.01516486517237456,-0.006524907020515649,-0.10014718834959613,-0.1980853105427161,,,,38.613588479109744,27.178689458852773,,,0.09598517604650343,-0.021060672972142615,375,-0.01002321083172147,-0.02242233660005215,-0.08042980614844608,-0.1715776283104432,,,,38.26599809766243,26.93144576867393,,,0.06838767280872814,-0.08574167339002516,0.025188076004096033,0.015897429579536503,-0.019717382201150047,-0.0265076822322729,,,,0.34759038144731136,0.2472436901788413,,,0.027597503237775295,0.06468100041788254
MEAN_STD_MINUS_MEAN,Z4,Z3,2026,LOCAL3,dynamic,adjacent_percent_change_new_extension,raw,SPH,,T0->T1,prefix,natural_target,375,0.012611218568665379,-0.020288422490444626,-0.06110131070875746,-0.11793026514598912,,,,37.92217104346114,26.5734184701375,,,0.051578938489714656,-0.08933303318756168,375,0.008540675844806007,-0.014417193909263205,-0.07109015213457859,-0.1498046595317881,,,,38.10024605431443,26.805022177271134,,,0.06362419452073417,-0.057157021739328746,0.004070542723859372,-0.005871228581181422,0.009988841425821127,0.031874394385798976,,,,-0.17807501085329136,-0.2316037071336332,,,-0.012045256031019518,-0.032176011448232934
MEAN_STD_MINUS_MEAN,Z4,Z3,3026,LOCAL0,dynamic,adjacent_percent_change_new_extension,raw,SPH,,T0->T1,prefix,natural_target,375,-0.03011787461599727,-0.05616768181891342,-0.06961592654950155,-0.1291953553230785,,,,38.074016843840006,26.895980314830105,,,0.045312642719145486,-0.2638619720407379,375,-0.01574399817954261,-0.04618838156204201,-0.06695171293926205,-0.12979525106900913,,,,38.02656964550688,26.85025816366054,,,0.046869078239566535,-0.21334847290301906,-0.014373876436454661,-0.00997930025687141,-0.0026642136102394964,0.0005998957459306398,,,,0.04744719833312416,0.045722151169563574,,,-0.0015564355204210484,-0.050513499137718854
MEAN_STD_MINUS_MEAN,Z4,Z3,3026,LOCAL3,dynamic,adjacent_percent_change_new_extension,raw,SPH,,T0->T1,prefix,natural_target,375,-0.03188781431334623,-0.05635879355137291,-0.07293496485814233,-0.1283800569161947,,,,38.13304328393785,26.952174886172017,,,0.04773014195616388,-0.2579676959525875,375,0.003797701672545227,-0.035882912680143916,-0.06326677090049881,-0.12237835309151243,,,,37.960846473055675,26.78412198111697,,,0.04741891776460276,-0.16478279664645168,-0.03568551598589146,-0.020475880871228994,-0.009668193957643512,-0.006001703824682264,,,,0.17219681088217698,0.16805290505504544,,,0.00031122419156111997,-0.09318489930613583
MEAN_STD_MINUS_MEAN,Z4,Z3,2026,LOCAL0,dynamic,adjacent_percent_change_new_extension,raw,SPH,,T1->T2,difference,natural_target,375,0.06861144612583912,0.08715534716528305,-0.020693204090892703,-0.045604830243131764,,,,59.19523445358282,41.0354093827865,,,0.06489885398635539,0.3421176838697849,375,0.05352281260666743,0.07920814267124139,-0.02329970760774014,-0.05336908728158558,,,,59.27076851662486,40.94135797544791,,,0.06287403305158587,0.3158887579584323,0.015088633519171696,0.007947204494041654,0.002606503516847436,0.007764257038453813,,,,-0.07553406304204202,0.09405140733858985,,,0.0020248209347695223,0.02622892591135262
MEAN_STD_MINUS_MEAN,Z4,Z3,2026,LOCAL3,dynamic,adjacent_percent_change_new_extension,raw,SPH,,T1->T2,difference,natural_target,375,0.050526339742860395,0.0840318165256114,-0.023481105330663388,-0.0482107782476882,,,,59.27602167263124,41.0221052303738,,,0.06659189307066898,0.325636494777908,375,0.03011468881556491,0.07373279408756371,-0.0036684018179529154,-0.022497384559457677,,,,58.69948070586322,40.652204123353584,,,0.028578403502316815,0.43615585795471956,0.020411650927295483,0.010299022438047686,-0.019812703512710472,-0.025713393688230522,,,,0.5765409667680146,0.36990110702021894,,,0.03801348956835217,-0.11051936317681155
MEAN_STD_MINUS_MEAN,Z4,Z3,3026,LOCAL0,dynamic,adjacent_percent_change_new_extension,raw,SPH,,T1->T2,difference,natural_target,375,0.10980316304471499,0.1617203910492503,0.025435700596175614,0.005101144871687968,,,,57.84214401879983,40.62801166188386,,,0.03544890548041173,0.858941067407061,375,0.06964819660939812,0.09264339647019035,0.0005202279553994105,-0.03071464657393535,,,,58.57686677641383,40.77946884880871,,,0.03327572729665275,0.5078678140494429,0.040154966435316866,0.06907699457905994,0.024915472640776204,0.035815791445623316,,,,-0.7347227576140014,-0.15145718692485133,,,0.002173178183758978,0.3510732533576181
MEAN_STD_MINUS_MEAN,Z4,Z3,3026,LOCAL3,dynamic,adjacent_percent_change_new_extension,raw,SPH,,T1->T2,difference,natural_target,375,0.10512777335305497,0.15745446785418546,0.02388984460048893,0.0015588617062667134,,,,57.888000508448016,40.631247672064475,,,0.03511573848240377,0.8402414181279309,375,0.06874092615769713,0.08074648424912145,-0.0023403496201543916,-0.03657591759477688,,,,58.66063232770572,40.863593377372396,,,0.030581558269601575,0.4617360852258841,0.03638684719535784,0.076707983605064,0.02623019422064332,0.03813477930104359,,,,-0.772631819257704,-0.23234570530792098,,,0.004534180212802195,0.37850533290204674
MEAN_STD_MINUS_MEAN,Z4,Z3,2026,LOCAL0,dynamic,adjacent_percent_change_new_extension,raw,SPH,,T1->T2,prefix,natural_target,375,0.12112140175219024,0.12129392602616389,-0.012793973380111456,-0.0491235345085827,,,,58.965731101053564,41.49343038618139,,,0.08243332327708293,0.4224619984578217,375,0.06638161338036182,0.07037401363362152,-0.01142250232887565,-0.03981839249253949,,,,58.92579346749821,41.21831444058238,,,0.039285113040472205,0.3550571945669363,0.05473978837182843,0.05091991239254237,-0.0013714710512358064,-0.00930514201604321,,,,0.03993763355535407,0.2751159455990049,,,0.04314821023661072,0.06740480389088538
MEAN_STD_MINUS_MEAN,Z4,Z3,2026,LOCAL3,dynamic,adjacent_percent_change_new_extension,raw,SPH,,T1->T2,prefix,natural_target,375,0.11767391057003072,0.13041567597313025,-0.01122491827127492,-0.04851790951327018,,,,58.920037531669124,41.26915131157642,,,0.08895367404581682,0.4372681565006258,375,0.07405029013539652,0.0828560439737569,-0.012838930983058106,-0.0451760596156047,,,,58.967039821572165,41.310830527398764,,,0.04972647514525659,0.37156119932293336,0.043623620434634205,0.04755963199937335,0.001614012711783186,-0.0033418498976654845,,,,-0.04700228990304112,-0.041679215822341575,,,0.03922719890056023,0.06570695717769243
MEAN_STD_MINUS_MEAN,Z4,Z3,3026,LOCAL0,dynamic,adjacent_percent_change_new_extension,raw,SPH,,T1->T2,prefix,natural_target,375,0.15036249857776768,0.1536468350475589,0.011262924321868595,-0.03253944998525597,,,,58.261215793089654,41.159576897534016,,,0.070063657255893,0.5804665752939531,375,0.07555467061099101,0.08208361961816141,-0.009401802046927532,-0.05141393120945556,,,,58.866900720281166,41.35549197805819,,,0.043733115929237266,0.392510508555308,0.07480782796677667,0.0715632154293975,0.020664726368796127,0.018874481224199588,,,,-0.6056849271915112,-0.1959150805241734,,,0.026330541326655736,0.18795606673864507
MEAN_STD_MINUS_MEAN,Z4,Z3,3026,LOCAL3,dynamic,adjacent_percent_change_new_extension,raw,SPH,,T1->T2,prefix,natural_target,375,0.15649561952440552,0.15498995656735332,0.01033626476279459,-0.04113013964700136,,,,58.288511051920956,41.24512441462202,,,0.07396845947870008,0.5698758718498517,375,0.08201228808738195,0.08115512690661371,-0.011848495400874848,-0.060540536296829685,,,,58.93820140639201,41.530532400614725,,,0.047053819889734165,0.3741265406956618,0.07448333143702357,0.0738348296607396,0.022184760163669437,0.019410396649828326,,,,-0.6496903544710548,-0.28540798599270545,,,0.026914639588965915,0.19574933115418985
MEAN_STD_MINUS_MEAN,Z4,Z3,2026,LOCAL0,dynamic,adjacent_percent_change_new_extension,raw,SPH,,T2->T3,difference,natural_target,375,0.12967868927067927,0.11042870031494063,0.008662204058565215,-0.01926997321765989,,,,64.17331707034636,40.55741940210065,,,0.02830090864516724,0.6564199490113822,375,0.09828649448173854,0.10759343421729542,0.008854978216427667,-0.02113834599127638,,,,64.16707724035382,40.617002749785826,,,0.024582796472415246,0.6862306743029426,0.03139219478894073,0.0028352660976452143,-0.000192774157862452,0.0018683727736164904,,,,0.006239829992537693,-0.05958334768517659,,,0.0037181121727519924,-0.02981072529156037
MEAN_STD_MINUS_MEAN,Z4,Z3,2026,LOCAL3,dynamic,adjacent_percent_change_new_extension,raw,SPH,,T2->T3,difference,natural_target,375,0.12261121856866539,0.10528360830796356,0.006515877954691995,-0.020020292640320538,,,,64.2427497066847,40.565890554053425,,,0.029244581800949312,0.6156559103984787,375,0.10155649106838094,0.10788733271605695,0.008831902447685613,-0.021819573139857256,,,,64.16782420269756,40.53494836335604,,,0.024309573702255474,0.6919612662045787,0.021054727500284448,-0.002603724408093394,-0.002316024492993618,0.0017992804995367179,,,,0.0749255039871457,0.030942190697388128,,,0.004935008098693839,-0.07630535580609998
MEAN_STD_MINUS_MEAN,Z4,Z3,3026,LOCAL0,dynamic,adjacent_percent_change_new_extension,raw,SPH,,T2->T3,difference,natural_target,375,0.08656957560587097,0.08156115354285007,-0.003724023120003972,-0.03242015665033413,,,,64.57297792544503,41.15499072576607,,,0.03319132386077246,0.44768348339830843,375,0.05591284560245762,0.11148195906296962,0.0023677478849770672,-0.05265667289197792,,,,64.37672753614169,41.72259652440061,,,0.04422295518043611,0.5301279614232195,0.030656730003413353,-0.029920805520119553,-0.006091771004981039,0.020236516241643784,,,,0.19625038930334426,-0.5676057986345384,,,-0.01103163131966365,-0.08244447802491106
MEAN_STD_MINUS_MEAN,Z4,Z3,3026,LOCAL3,dynamic,adjacent_percent_change_new_extension,raw,SPH,,T2->T3,difference,natural_target,375,0.03744271248151098,0.03865042793282094,-0.030915323750447588,-0.0761059058538453,,,,65.44178753653405,41.76274886510443,,,0.04738176570503334,0.17756145138795162,375,0.052071452952554324,0.05204612545739758,-0.013088733399871044,-0.0530464583687852,,,,64.87351038438673,41.311215735810045,,,0.03074135334916051,0.2968430688706282,-0.014628740471043344,-0.013395697524576637,-0.017826590350576543,-0.0230594474850601,,,,0.5682771521473171,0.4515331292943827,,,0.016640412355872828,-0.1192816174826766
MEAN_STD_MINUS_MEAN,Z4,Z3,2026,LOCAL0,dynamic,adjacent_percent_change_new_extension,raw,SPH,,T2->T3,prefix,natural_target,375,0.08251041074069859,0.07908036565016656,-0.014699411886951674,-0.05593367408876628,,,,64.9250600984414,41.284188487133804,,,0.049461284981857936,0.35557889112744717,375,0.061941745363522586,0.0607357070993945,-0.013417449224522704,-0.05450755909343505,,,,64.88403425027364,41.1932227865504,,,0.03558800803658346,0.3219528337711476,0.020568665377176006,0.01834465855077206,-0.0012819626624289704,-0.0014261149953312333,,,,0.041025848167763,0.09096570058340347,,,0.013873276945274474,0.03362605735629959
MEAN_STD_MINUS_MEAN,Z4,Z3,2026,LOCAL3,dynamic,adjacent_percent_change_new_extension,raw,SPH,,T2->T3,prefix,natural_target,375,0.06716987143019684,0.06957717949394805,-0.019805079124541658,-0.05990201132297007,,,,65.08819698882995,41.40603487938524,,,0.0505609904539649,0.3094275887054837,375,0.048564569348048696,0.060038667969189274,-0.013097862032560137,-0.05567936236333071,,,,64.87380266140747,41.18057284531083,,,0.03461030019158559,0.3227218461254218,0.018605302082148147,0.009538511524758778,-0.006707217091981521,-0.0042226489596393635,,,,0.21439432742248243,0.22546203407441112,,,0.01595069026237931,-0.013294257419938116
MEAN_STD_MINUS_MEAN,Z4,Z3,3026,LOCAL0,dynamic,adjacent_percent_change_new_extension,raw,SPH,,T2->T3,prefix,natural_target,375,0.0703404255319149,0.09610343590285722,-0.006409610591784798,-0.04684245964043153,,,,64.65930670319443,41.53698830557365,,,0.04826357115212774,0.43745077291724527,375,0.06425645693480488,0.08868770783094386,-0.0010010639393636112,-0.04289330807034414,,,,64.48532983137548,41.37592808612831,,,0.032593900865726146,0.49124173930875786,0.006083968597110023,0.007415728071913361,-0.005408546652421187,-0.003949151570087392,,,,0.17397687181895094,0.16106021944533921,,,0.015669670286401594,-0.053790966391512596
MEAN_STD_MINUS_MEAN,Z4,Z3,3026,LOCAL3,dynamic,adjacent_percent_change_new_extension,raw,SPH,,T2->T3,prefix,natural_target,375,0.054937763112982145,0.0849099857464918,-0.012342569932509928,-0.056284843736193614,,,,64.8496155574986,41.66442635556511,,,0.04987098173704658,0.3802198701276962,375,0.057726931391512123,0.08516966531866597,-0.0025832624240480495,-0.04714548578285803,,,,64.5362729870016,41.46849424414036,,,0.033313299628669114,0.4666337162085268,-0.0027891682785299785,-0.00025967957217416793,-0.009759307508461879,-0.009139357953335585,,,,0.31334257049699943,0.19593211142475297,,,0.016557682108377464,-0.08641384608083058
MEAN_STD_MINUS_MEAN,Z4,Z3,2026,LOCAL0,dynamic,adjacent_percent_change_new_extension,residual_ftv,BPE,,T0->T1,difference,goal6_transformed_standardized_residual,375,0.11721393623204246,0.11097578637810375,,-0.0011607494701850812,0.11721393623204246,-0.0011607494701850812,0.09861372714630834,,,34.24145695086261,24.159610777413523,0.024182312390821935,0.7872447118751827,375,0.05555685201868023,0.042999449641078616,,-0.02520666817297076,0.05555685201868023,-0.02520666817297076,0.08203843890469242,,,34.55485009682289,24.199625778065634,0.027247980074057834,0.40107311854045935,0.06165708421336223,0.06797633673702513,,0.02404591870278568,0.06165708421336223,0.02404591870278568,0.016575288241615915,,,-0.31339314596027634,-0.04001500065211161,-0.0030656676832358995,0.3861715933347234
MEAN_STD_MINUS_MEAN,Z4,Z3,2026,LOCAL3,dynamic,adjacent_percent_change_new_extension,residual_ftv,BPE,,T0->T1,difference,goal6_transformed_standardized_residual,375,0.11452180360436989,0.1179342137614575,,-0.0027349028585208664,0.11452180360436989,-0.0027349028585208664,0.09745661618569501,,,34.26342780789423,24.164799857800148,0.03549133162497289,0.7095086626239405,375,0.05493528560959581,0.034308422076215074,,-0.022696243780977426,0.05493528560959581,-0.022696243780977426,0.0829799404991628,,,34.537125066682904,24.17386360750594,0.026229144804156078,0.23107712194165023,0.05958651799477408,0.08362579168524242,,0.01996134092245656,0.05958651799477408,0.01996134092245656,0.014476675686532214,,,-0.27369725878867257,-0.009063749705791935,0.009262186820816809,0.4784315406822903
MEAN_STD_MINUS_MEAN,Z4,Z3,3026,LOCAL0,dynamic,adjacent_percent_change_new_extension,residual_ftv,BPE,,T0->T1,difference,goal6_transformed_standardized_residual,375,0.06850706990011783,0.05594915510888829,,-0.06138417124251001,0.06850706990011783,-0.06138417124251001,0.06629695135715563,,,34.84986930844923,24.810999810465795,0.07778601362947597,0.2582441382158008,375,0.011786018940929234,0.0025437608014033087,,-0.029031371518940606,0.011786018940929234,-0.029031371518940606,0.08084121568985325,,,34.57737630620755,24.325027937034232,0.033265110762087345,-0.2266367438717269,0.0567210509591886,0.05340539430748498,,-0.03235279972356941,0.0567210509591886,-0.03235279972356941,-0.01454426433269762,,,0.2724930022416814,0.4859718734315628,0.04452090286738863,0.48488088208752766
MEAN_STD_MINUS_MEAN,Z4,Z3,3026,LOCAL3,dynamic,adjacent_percent_change_new_extension,residual_ftv,BPE,,T0->T1,difference,goal6_transformed_standardized_residual,375,0.053011989713458184,0.05927812936361638,,-0.0722716918989757,0.053011989713458184,-0.0722716918989757,0.05898354421163543,,,34.986087213420156,24.9485399572179,0.07571796598512051,0.4172743648287975,375,0.012543291024166825,0.0013774144776977978,,-0.023562337169052015,0.012543291024166825,-0.023562337169052015,0.08579112195192251,,,34.48414659166302,24.14819477321965,0.015038685377926922,-0.0613166777506829,0.04046869868929136,0.05790071488591858,,-0.04870935472992369,0.04046869868929136,-0.04870935472992369,-0.02680757774028708,,,0.5019406217571358,0.8003451839982496,0.06067928060719359,0.4785910425794804
MEAN_STD_MINUS_MEAN,Z4,Z3,2026,LOCAL0,dynamic,adjacent_percent_change_new_extension,residual_ftv,BPE,,T0->T1,prefix,goal6_transformed_standardized_residual,375,0.08342593329381018,0.08010597389893512,,-0.05613502167994523,0.08342593329381018,-0.05613502167994523,0.05671761749644888,,,35.02818437512482,25.019524820961024,0.09632058705652444,0.31087066912594974,375,0.042249041300414174,0.048896272976521216,,-0.10475615564920403,0.042249041300414174,-0.10475615564920403,0.02245340193974288,,,35.65869946901249,25.377738113474102,0.14646652026957482,0.1705963796976567,0.041176891993396005,0.031209700922413902,,0.048621133969258795,0.041176891993396005,0.048621133969258795,0.034264215556706,,,-0.6305150938876665,-0.3582132925130779,-0.05014593321305039,0.14027428942829304
MEAN_STD_MINUS_MEAN,Z4,Z3,2026,LOCAL3,dynamic,adjacent_percent_change_new_extension,residual_ftv,BPE,,T0->T1,prefix,goal6_transformed_standardized_residual,375,0.10678801261864372,0.09293568796879771,,-0.060440632831722726,0.10678801261864372,-0.060440632831722726,0.05293195241688109,,,35.09840311217711,24.99992115427092,0.10680935499482379,0.37141087460230016,375,0.04579825870880167,0.012393372174745926,,-0.1425386884451477,0.04579825870880167,-0.1425386884451477,-0.007189521068927673,,,36.19531534534081,25.79669829514702,0.15031300567849024,0.0006199365053324755,0.06098975390984205,0.08054231579405179,,0.08209805561342497,0.06098975390984205,0.08209805561342497,0.06012147348580876,,,-1.0969122331636996,-0.7967771408761024,-0.04350365068366645,0.37079093809696767
MEAN_STD_MINUS_MEAN,Z4,Z3,3026,LOCAL0,dynamic,adjacent_percent_change_new_extension,residual_ftv,BPE,,T0->T1,prefix,goal6_transformed_standardized_residual,375,0.04985199365052914,0.054695642344105816,,-0.0913351170423323,0.04985199365052914,-0.0913351170423323,0.04341424068369215,,,35.274325732752715,25.007295136685794,0.11617651698769346,0.18179029781339506,375,0.03495337385450766,0.043650086497497055,,-0.051009069569735034,0.03495337385450766,-0.051009069569735034,0.06478395646413337,,,34.87809366273056,24.553809761080934,0.057734412222016314,0.2563065824102529,0.01489861979602148,0.01104555584660876,,-0.040326047472597264,0.01489861979602148,-0.040326047472597264,-0.021369715780441223,,,0.3962320700221511,0.4534853756048598,0.05844210476567715,-0.07451628459685783
MEAN_STD_MINUS_MEAN,Z4,Z3,3026,LOCAL3,dynamic,adjacent_percent_change_new_extension,residual_ftv,BPE,,T0->T1,prefix,goal6_transformed_standardized_residual,375,0.04434882188615714,0.05553078709132044,,-0.10310206166703824,0.04434882188615714,-0.10310206166703824,0.03443828502243651,,,35.43943456177382,25.190749609912213,0.12026341417198648,0.21139742282880317,375,0.04185833155017076,0.03897273018914307,,-0.025718189934585686,0.04185833155017076,-0.025718189934585686,0.08357029590133136,,,34.526006192717574,24.20741968440233,0.031507922430917136,0.1965500561651354,0.0024904903359863756,0.01655805690217737,,-0.07738387173245255,0.0024904903359863756,-0.07738387173245255,-0.04913201087889485,,,0.9134283690562484,0.9833299255098851,0.08875549174106934,0.01484736666366776
MEAN_STD_MINUS_MEAN,Z4,Z3,2026,LOCAL0,dynamic,adjacent_percent_change_new_extension,residual_ftv,BPE,,T1->T2,difference,goal6_transformed_standardized_residual,375,0.1934131313267773,0.18986745480765732,,-0.0003454327823630976,0.1934131313267773,-0.0003454327823630976,0.046582003937174044,,,35.460953896946066,25.09650795525296,0.06146784445186835,0.8417263489423408,375,0.20186738201147436,0.18975053083749027,,0.0030661071315676624,0.20186738201147436,0.0030661071315676624,0.04947345665501168,,,35.40714144054843,25.028562778914576,0.04924818326435005,0.9514125137592988,-0.008454250684697073,0.00011692397016704881,,-0.00341153991393076,-0.008454250684697073,-0.00341153991393076,-0.0028914527178376392,,,0.053812456397636765,0.06794517633838382,0.0122196611875183,-0.10968616481695803
MEAN_STD_MINUS_MEAN,Z4,Z3,2026,LOCAL3,dynamic,adjacent_percent_change_new_extension,residual_ftv,BPE,,T1->T2,difference,goal6_transformed_standardized_residual,375,0.19797576824766758,0.19544474654008953,,0.0022176496084385633,0.19797576824766758,0.0022176496084385633,0.04758315652625711,,,35.442330821510865,25.03247760544103,0.06622023056795663,0.819878232344259,375,0.1965695131002221,0.1716177947634882,,-0.023110014344749647,0.1965695131002221,-0.023110014344749647,0.029556591093359175,,,35.77617026140739,25.307448386429314,0.06873122497484863,0.8492609763321549,0.0014062551474454676,0.023826951776601324,,0.02532766395318821,0.0014062551474454676,0.02532766395318821,0.018026565432897934,,,-0.3338394398965221,-0.27497078098828354,-0.002510994406891995,-0.029382743987895865
MEAN_STD_MINUS_MEAN,Z4,Z3,3026,LOCAL0,dynamic,adjacent_percent_change_new_extension,residual_ftv,BPE,,T1->T2,difference,goal6_transformed_standardized_residual,375,0.14781569883912682,0.1638524628921151,,-0.055259217009862124,0.14781569883912682,-0.055259217009862124,0.002691609283450913,,,36.26798920734714,25.756822403683387,0.11850427233812127,0.6328515157486169,375,0.1404771161194462,0.14231735294449668,,-0.04188245315444015,0.1404771161194462,-0.04188245315444015,0.015294364740309652,,,36.03810555632253,25.38914461744501,0.07434482882779479,0.7846761358896762,0.007338582719680631,0.021535109947618425,,-0.013376763855421976,0.007338582719680631,-0.013376763855421976,-0.012602755456858739,,,0.22988365102461472,0.367677786238378,0.04415944351032648,-0.15182462014105935
MEAN_STD_MINUS_MEAN,Z4,Z3,3026,LOCAL3,dynamic,adjacent_percent_change_new_extension,residual_ftv,BPE,,T1->T2,difference,goal6_transformed_standardized_residual,375,0.15641224168537465,0.1772831864934349,,-0.008882750245474818,0.15641224168537465,-0.008882750245474818,0.04034338418017969,,,35.576782783868396,25.30624641169734,0.07320142952520092,0.7286422584383027,375,0.1535714116005043,0.17013622624515928,,-0.004518256987331618,0.1535714116005043,-0.004518256987331618,0.04359860552577077,,,35.51639207907573,25.192430198235417,0.053388082839085936,0.8166152448919508,0.0028408300848703494,0.00714696024827563,,-0.004364493258143199,0.0028408300848703494,-0.004364493258143199,-0.003255221345591086,,,0.06039070479266684,0.11381621346192361,0.019813346686114987,-0.08797298645364815
MEAN_STD_MINUS_MEAN,Z4,Z3,2026,LOCAL0,dynamic,adjacent_percent_change_new_extension,residual_ftv,BPE,,T1->T2,prefix,goal6_transformed_standardized_residual,375,0.14449342584222533,0.1701180095933844,,-0.03531013386035232,0.14449342584222533,-0.03531013386035232,0.023454956348737954,,,35.88846484142148,25.404980489420055,0.11857319312135435,0.584278604317358,375,0.20302485621150454,0.20058528153393237,,0.005690741101081501,0.20302485621150454,0.005690741101081501,0.050631663924613934,,,35.38556323806483,24.89258484648567,0.07987806503144357,0.7639246307064161,-0.058531430369279214,-0.030467271940547963,,-0.04100087496143382,-0.058531430369279214,-0.04100087496143382,-0.02717670757587598,,,0.5029016033566478,0.5123956429343863,0.03869512808991078,-0.17964602638905813
MEAN_STD_MINUS_MEAN,Z4,Z3,2026,LOCAL3,dynamic,adjacent_percent_change_new_extension,residual_ftv,BPE,,T1->T2,prefix,goal6_transformed_standardized_residual,375,0.15510645027577924,0.18025534172664825,,-0.028743180411008238,0.15510645027577924,-0.028743180411008238,0.026690456638881255,,,35.82896247694466,25.386946740487065,0.12424988682244135,0.5762145012519811,375,0.1938745935895662,0.18028508959277795,,-0.047844928942749776,0.1938745935895662,-0.047844928942749776,0.009725351546541972,,,36.139868823011575,25.410998737896527,0.13281437408623586,0.6431305750385456,-0.038768143313786974,-2.974786612969238e-05,,0.019101748531741538,-0.038768143313786974,0.019101748531741538,0.016965105092339283,,,-0.3109063460669148,-0.024051997409461734,-0.00856448726379451,-0.0669160737865645
MEAN_STD_MINUS_MEAN,Z4,Z3,3026,LOCAL0,dynamic,adjacent_percent_change_new_extension,residual_ftv,BPE,,T1->T2,prefix,goal6_transformed_standardized_residual,375,0.14451033615441514,0.16631867082908777,,-0.035999871781318894,0.14451033615441514,-0.035999871781318894,0.02356706590536184,,,35.886404744250825,25.29752202350143,0.10973930916669497,0.6301506536253079,375,0.1438030923606278,0.15456828773433048,,-0.07487231901848475,0.1438030923606278,-0.07487231901848475,-0.008549584432660184,,,36.47181436677703,25.93794763146536,0.16231428511610446,0.5682493897259588,0.0007072437937873377,0.011750383094757288,,0.038872447237165854,0.0007072437937873377,0.038872447237165854,0.032116650338022024,,,-0.5854096225262069,-0.6404256079639303,-0.05257497594940949,0.061901263899349024
MEAN_STD_MINUS_MEAN,Z4,Z3,3026,LOCAL3,dynamic,adjacent_percent_change_new_extension,residual_ftv,BPE,,T1->T2,prefix,goal6_transformed_standardized_residual,375,0.15173776252745033,0.18196056390936302,,-0.02551857884546976,0.15173776252745033,-0.02551857884546976,0.03041429842695087,,,35.76035673405089,25.358983384769925,0.11773516116551824,0.6529720002757476,375,0.16413286200909866,0.16495226456755438,,-0.02504708544840847,0.16413286200909866,-0.02504708544840847,0.027839077029943926,,,35.80781502906815,25.205070174788094,0.10309278729158693,0.6188482481680238,-0.012395099481648325,0.01700829934180864,,-0.00047149339706129,-0.012395099481648325,-0.00047149339706129,0.0025752213970069437,,,-0.04745829501726462,0.15391320998183033,0.014642373873931316,0.03412375210772389
MEAN_STD_MINUS_MEAN,Z4,Z3,2026,LOCAL0,dynamic,adjacent_percent_change_new_extension,residual_ftv,BPE,,T2->T3,difference,goal6_transformed_standardized_residual,375,0.1522261804153381,0.09173840242307248,,-0.05892289250481607,0.1522261804153381,-0.05892289250481607,0.018646135519592932,,,45.45272202029478,29.410624958153843,0.05089697305704567,0.8640057720214227,375,0.14597180256238945,0.11123715930772529,,-0.0335968893048326,0.14597180256238945,-0.0335968893048326,0.03757045174373952,,,45.012336037774894,29.160577719451616,0.0484193440719001,0.8263901361252309,0.0062543778529486616,-0.019498756884652815,,-0.025326003199983467,0.0062543778529486616,-0.025326003199983467,-0.018924316224146587,,,0.44038598251988503,0.25004723870222634,0.002477628985145572,0.03761563589619177
MEAN_STD_MINUS_MEAN,Z4,Z3,2026,LOCAL3,dynamic,adjacent_percent_change_new_extension,residual_ftv,BPE,,T2->T3,difference,goal6_transformed_standardized_residual,375,0.14186853400010838,0.11913508670431901,,-0.061921116947216887,0.14186853400010838,-0.061921116947216887,0.029432036907104386,,,45.20225014165573,29.553841827291492,0.06413658875835657,0.823354511383445,375,0.12350111347721021,0.11776173423935897,,-0.041545753512969553,0.12350111347721021,-0.041545753512969553,0.037887250247968685,,,45.00492717631113,29.3489840777665,0.05139902206467847,0.9103159001076151,0.018367420522898165,0.001373352464960037,,-0.020375363434247333,0.018367420522898165,-0.020375363434247333,-0.008455213340864298,,,0.19732296534460403,0.2048577495249937,0.012737566693678093,-0.08696138872417014
MEAN_STD_MINUS_MEAN,Z4,Z3,3026,LOCAL0,dynamic,adjacent_percent_change_new_extension,residual_ftv,BPE,,T2->T3,difference,goal6_transformed_standardized_residual,375,0.17621423045122223,0.1286434519166657,,-0.06785892630854366,0.17621423045122223,-0.06785892630854366,0.02371400405996893,,,45.33520753966096,29.415856713669143,0.09236294290432137,0.6860351485550733,375,0.1747074868350039,0.14232660382367704,,-0.039526213624248255,0.1747074868350039,-0.039526213624248255,0.03044843383375684,,,45.17857562097515,29.181912051166524,0.06030376203971586,0.935308033769278,0.0015067436162183312,-0.013683151907011332,,-0.028332712684295408,0.0015067436162183312,-0.028332712684295408,-0.006734429773787909,,,0.15663191868581094,0.23394466250261914,0.03205918086460551,-0.24927288521420465
MEAN_STD_MINUS_MEAN,Z4,Z3,3026,LOCAL3,dynamic,adjacent_percent_change_new_extension,residual_ftv,BPE,,T2->T3,difference,goal6_transformed_standardized_residual,375,0.1831588248328137,0.14018371910066094,,-0.016362410242866544,0.1831588248328137,-0.016362410242866544,0.04763224455503923,,,44.776425388351306,29.061270819887703,0.04952447468697096,0.6527411281107444,375,0.14316279705947058,0.1090234437493556,,-0.1443899532871579,0.14316279705947058,-0.1443899532871579,-0.017743010648726854,,,46.287757667269574,30.409099213854333,0.150244889718186,0.5822559460607251,0.03999602777334313,0.031160275351305333,,0.12802754304429134,0.03999602777334313,0.12802754304429134,0.06537525520376608,,,-1.5113322789182675,-1.3478283939666298,-0.10072041503121504,0.0704851820500193
MEAN_STD_MINUS_MEAN,Z4,Z3,2026,LOCAL0,dynamic,adjacent_percent_change_new_extension,residual_ftv,BPE,,T2->T3,prefix,goal6_transformed_standardized_residual,375,0.13244658413443736,0.13768246680816046,,-0.0458158443430317,0.13244658413443736,-0.0458158443430317,0.041356957845200104,,,44.92370229994552,29.694877398823355,0.1099935119902785,0.4803499924536831,375,0.091084684092636,0.09892469285213841,,-0.04306681194743791,0.091084684092636,-0.04306681194743791,0.04294316120681585,,,44.886520770736354,29.607647939361478,0.08277205172374962,0.3453333976220612,0.04136190004180136,0.03875777395602205,,-0.0027490323955937923,0.04136190004180136,-0.0027490323955937923,-0.0015862033616157456,,,0.037181529209163955,0.08722945946187721,0.027221460266528885,0.13501659483162187
MEAN_STD_MINUS_MEAN,Z4,Z3,2026,LOCAL3,dynamic,adjacent_percent_change_new_extension,residual_ftv,BPE,,T2->T3,prefix,goal6_transformed_standardized_residual,375,0.13837507625542209,0.13661271643924602,,-0.04941767028367171,0.13837507625542209,-0.04941767028367171,0.03493162123980542,,,45.07400217118845,29.67107285819335,0.09515867906296027,0.6039429496537497,375,0.10653606413208544,0.10145472797610151,,-0.045178266596156334,0.10653606413208544,-0.045178266596156334,0.040814339183924186,,,44.936414534672004,29.60782950012895,0.08052708014383889,0.3965933684634619,0.031839012123336646,0.03515798846314451,,-0.004239403687515374,0.031839012123336646,-0.004239403687515374,-0.005882717944118765,,,0.137587636516443,0.06324335806440118,0.014631598919121386,0.20734958119028785
MEAN_STD_MINUS_MEAN,Z4,Z3,3026,LOCAL0,dynamic,adjacent_percent_change_new_extension,residual_ftv,BPE,,T2->T3,prefix,goal6_transformed_standardized_residual,375,0.13697341627421314,0.12556411771764206,,-0.06343207912236733,0.13697341627421314,-0.06343207912236733,0.024290287936857946,,,45.32182529008158,30.113761742570894,0.10314059806578553,0.48364372674389483,375,0.1595528920827325,0.1461769821409854,,-0.027963447448356705,0.1595528920827325,-0.027963447448356705,0.04042956219150495,,,44.94542674443982,29.274634802773004,0.06859361445445833,0.6677228710109702,-0.02257947580851935,-0.02061286442334334,,-0.035468631674010626,-0.02257947580851935,-0.035468631674010626,-0.016139274254647007,,,0.3763985456417558,0.8391269397978895,0.0345469836113272,-0.18407914426707533
MEAN_STD_MINUS_MEAN,Z4,Z3,3026,LOCAL3,dynamic,adjacent_percent_change_new_extension,residual_ftv,BPE,,T2->T3,prefix,goal6_transformed_standardized_residual,375,0.14690379954425123,0.13704084612957165,,-0.04676781605621812,0.14690379954425123,-0.04676781605621812,0.03012393911313649,,,45.18613529255506,29.542574369926413,0.08559998714425056,0.5776099378002687,375,0.15779963455839213,0.1375030852790313,,-0.03704726836275549,0.15779963455839213,-0.03704726836275549,0.034437873536026675,,,45.08553106372276,29.27620480998209,0.07343299192532587,0.6243760430716188,-0.010895835014140903,-0.0004622391494596423,,-0.00972054769346263,-0.010895835014140903,-0.00972054769346263,-0.004313934422890187,,,0.10060422883229592,0.266369559944323,0.012166995218924684,-0.046766105271350056
MEAN_STD_MINUS_MEAN,Z4,Z3,2026,LOCAL0,dynamic,adjacent_percent_change_new_extension,residual_ftv,LD,,T0->T1,difference,goal6_transformed_standardized_residual,375,0.08560677641945898,0.09695713173952686,,-0.025415973266092635,0.08560677641945898,-0.025415973266092635,0.05433779449730969,,,34.95165581486926,17.991312674084487,0.025608078725444145,0.9223800740555274,375,0.09645868932544852,0.09502519896282421,,-0.012011308608077205,0.09645868932544852,-0.012011308608077205,0.061198518743834085,,,34.82463890637437,17.72062806995254,0.011284024509442707,1.2325431463896297,-0.010851912905989539,0.001931932776702644,,-0.01340466465801543,-0.010851912905989539,-0.01340466465801543,-0.006860724246524397,,,0.12701690849489466,0.2706846041319473,0.014324054216001438,-0.31016307233410234
MEAN_STD_MINUS_MEAN,Z4,Z3,2026,LOCAL3,dynamic,adjacent_percent_change_new_extension,residual_ftv,LD,,T0->T1,difference,goal6_transformed_standardized_residual,375,0.06731444739766657,0.08654558282282232,,-0.03177236892178815,0.06731444739766657,-0.03177236892178815,0.04818925588412726,,,35.065096651080395,18.053836751477522,0.02815143566284394,0.8231661921342815,375,0.11700606275423575,0.10742393499665942,,-0.01093851638153738,0.11700606275423575,-0.01093851638153738,0.06007187002066239,,,34.84552903669005,17.713897916544965,0.011735094251476653,1.3832692761785954,-0.049691615356569185,-0.0208783521738371,,-0.020833852540250768,-0.049691615356569185,-0.020833852540250768,-0.01188261413653513,,,0.21956761439034267,0.33993883493255694,0.016416341411367285,-0.5601030840443139
MEAN_STD_MINUS_MEAN,Z4,Z3,3026,LOCAL0,dynamic,adjacent_percent_change_new_extension,residual_ftv,LD,,T0->T1,difference,goal6_transformed_standardized_residual,375,0.03861065071279104,0.0666788824412522,,-0.022419447995159533,0.03861065071279104,-0.022419447995159533,0.057175591731118525,,,34.89917394871877,17.904591900488104,0.019188863495120535,0.5678630131092344,375,0.08245520039048262,0.08781639172128675,,-0.010203191956078645,0.08245520039048262,-0.010203191956078645,0.06029697236535603,,,34.841356228301485,17.740829844426663,0.01572721452614923,0.6833246264864836,-0.04384454967769159,-0.02113750928003455,,-0.012216256039080888,-0.04384454967769159,-0.012216256039080888,-0.0031213806342375028,,,0.05781772041728317,0.16376205606144012,0.0034616489689713037,-0.11546161337724925
MEAN_STD_MINUS_MEAN,Z4,Z3,3026,LOCAL3,dynamic,adjacent_percent_change_new_extension,residual_ftv,LD,,T0->T1,difference,goal6_transformed_standardized_residual,375,0.09190565064592915,0.11009153731803785,,-0.018135481109221634,0.09190565064592915,-0.018135481109221634,0.059605779161207795,,,34.854167553371056,17.88304709577112,0.026233851480631832,0.789034897719603,375,0.09927684987141237,0.1153726072066404,,-0.0055478927713201315,0.09927684987141237,-0.0055478927713201315,0.06210475482355815,,,34.80782653192671,17.69206834043078,0.01671002098628829,0.9277908517652929,-0.007371199225483224,-0.005281069888602552,,-0.012587588337901502,-0.007371199225483224,-0.012587588337901502,-0.0024989756623503556,,,0.046341021444348485,0.19097875534033903,0.009523830494343542,-0.13875595404568986
MEAN_STD_MINUS_MEAN,Z4,Z3,2026,LOCAL0,dynamic,adjacent_percent_change_new_extension,residual_ftv,LD,,T0->T1,prefix,goal6_transformed_standardized_residual,375,0.03564130048479053,0.07201650403041898,,-0.030457024584229553,0.03564130048479053,-0.030457024584229553,0.0504660574100283,,,35.02313239148211,18.132084656545157,0.04264318301855458,0.36166796390731204,375,0.025916807150439987,0.06956468527164178,,-0.021469766230134343,0.025916807150439987,-0.021469766230134343,0.054468184297569056,,,34.949246129625145,17.853101054908187,0.02552796345390335,0.4928364017022662,0.009724493334350541,0.0024518187587772022,,-0.00898725835409521,0.009724493334350541,-0.00898725835409521,-0.004002126887540758,,,0.07388626185696268,0.2789836016369698,0.017115219564651233,-0.13116843779495418
MEAN_STD_MINUS_MEAN,Z4,Z3,2026,LOCAL3,dynamic,adjacent_percent_change_new_extension,residual_ftv,LD,,T0->T1,prefix,goal6_transformed_standardized_residual,375,0.031336838872533634,0.0694079024684832,,-0.030393874322929268,0.031336838872533634,-0.030393874322929268,0.04558107390535837,,,35.11310702849329,18.124085306732002,0.041821210798852135,0.3503181377786214,375,0.03619087449372927,0.07833384093866821,,-0.019674049146040675,0.03619087449372927,-0.019674049146040675,0.05292478069469697,,,34.97775854844881,17.83243350237602,0.024251848443078653,0.6001812219643023,-0.004854035621195636,-0.00892593847018501,,-0.010719825176888593,-0.004854035621195636,-0.010719825176888593,-0.0073437067893386,,,0.13534848004447753,0.2916518043559826,0.01756936235577348,-0.24986308418568093
MEAN_STD_MINUS_MEAN,Z4,Z3,3026,LOCAL0,dynamic,adjacent_percent_change_new_extension,residual_ftv,LD,,T0->T1,prefix,goal6_transformed_standardized_residual,375,0.0073320706753655426,0.0277336167043363,,-0.05318635893970456,0.0073320706753655426,-0.05318635893970456,0.04007078846185874,,,35.21432294861564,18.283140704254503,0.046796919198505135,0.12667260076512854,375,0.01460672295985916,0.02885221534764199,,-0.037818675888719365,0.01460672295985916,-0.037818675888719365,0.04416212165869893,,,35.13919898664579,18.00328384104969,0.030933658383262834,0.14690982376207104,-0.007274652284493617,-0.0011185986433056884,,-0.015367683050985195,-0.007274652284493617,-0.015367683050985195,-0.004091333196840186,,,0.07512396196985094,0.27985686320481307,0.0158632608152423,-0.0202372229969425
MEAN_STD_MINUS_MEAN,Z4,Z3,3026,LOCAL3,dynamic,adjacent_percent_change_new_extension,residual_ftv,LD,,T0->T1,prefix,goal6_transformed_standardized_residual,375,0.009426809017131403,0.03596560821572142,,-0.04805314844619494,0.009426809017131403,-0.04805314844619494,0.04308824645420117,,,35.15893273152932,18.270664065076115,0.04733194415143113,0.11925729739245541,375,0.02894848127999475,0.04772865234750086,,-0.032525350378851146,0.02894848127999475,-0.032525350378851146,0.04627485780390017,,,35.100342540949654,17.944364900745406,0.03076902676367728,0.25836741478230446,-0.019521672262863346,-0.011763044131779435,,-0.015527798067343793,-0.019521672262863346,-0.015527798067343793,-0.003186611349698998,,,0.058590190579664636,0.3262991643307096,0.016562917387753853,-0.13911011738984905
MEAN_STD_MINUS_MEAN,Z4,Z3,2026,LOCAL0,dynamic,adjacent_percent_change_new_extension,residual_ftv,LD,,T1->T2,difference,goal6_transformed_standardized_residual,370,0.013497236960600036,-0.027381724895650595,,-0.07073310225507251,0.013497236960600036,-0.07073310225507251,0.02140380681589127,,,51.944869207132335,32.09181103578495,0.037311115862386314,-0.06476051856829422,370,-0.018520382650849963,-0.037613979680272476,,-0.05582733375811209,-0.018520382650849963,-0.05582733375811209,0.02915214049539827,,,51.73881585546414,31.856516897967158,0.026558003272014807,-0.3003921528827973,0.03201761961145,0.010232254784621881,,-0.014905768496960424,0.03201761961145,-0.014905768496960424,-0.007748333679507002,,,0.20605335166819572,0.2352941378177924,0.010753112590371507,0.23563163431450307
MEAN_STD_MINUS_MEAN,Z4,Z3,2026,LOCAL3,dynamic,adjacent_percent_change_new_extension,residual_ftv,LD,,T1->T2,difference,goal6_transformed_standardized_residual,370,0.011424713274988972,-0.025475292416512415,,-0.06555352883373075,0.011424713274988972,-0.06555352883373075,0.02470411902429459,,,51.8572032874045,31.956656382467017,0.03564208557915968,-0.094305298267125,370,-0.022842750755442613,-0.0456216308661647,,-0.059259263359465686,-0.022842750755442613,-0.059259263359465686,0.027785975973475097,,,51.77520615344335,31.82907368497675,0.02660828967259618,-0.362885325988866,0.034267464030431585,0.020146338449652284,,-0.006294265474265065,0.034267464030431585,-0.006294265474265065,-0.003081856949180506,,,0.08199713396115271,0.12758269749026852,0.009033795906563502,0.26858002772174105
MEAN_STD_MINUS_MEAN,Z4,Z3,3026,LOCAL0,dynamic,adjacent_percent_change_new_extension,residual_ftv,LD,,T1->T2,difference,goal6_transformed_standardized_residual,370,0.06460900588696426,0.01407126670857053,,-0.03634481910800021,0.06460900588696426,-0.03634481910800021,0.03604934745561961,,,51.55470390726096,31.491692362478283,0.01754503649080444,0.20805437098019086,370,0.025126960270484017,-0.00820316313785927,,-0.033948566511991525,0.025126960270484017,-0.033948566511991525,0.03635508631842299,,,51.54652738570226,31.490901670899415,0.01782101808055691,-0.17391597059231825,0.03948204561648025,0.0222744298464298,,-0.0023962525960086883,0.03948204561648025,-0.0023962525960086883,-0.00030573886280338414,,,0.008176521558695526,0.000790691578867353,-0.0002759815897524706,0.3819703415725091
MEAN_STD_MINUS_MEAN,Z4,Z3,3026,LOCAL3,dynamic,adjacent_percent_change_new_extension,residual_ftv,LD,,T1->T2,difference,goal6_transformed_standardized_residual,370,0.0471232527531494,0.0008197464382228362,,-0.04634436238240141,0.0471232527531494,-0.04634436238240141,0.029724365221602267,,,51.72356599254043,31.70467899446273,0.03153126455924678,-0.019655386012372725,370,0.008663308967215939,-0.017061247565391333,,-0.03662229780136465,0.008663308967215939,-0.03662229780136465,0.0348065061098104,,,51.58792846996984,31.589430601528285,0.018874494760454694,-0.26709632542539824,0.03845994378593346,0.01788099400361417,,-0.009722064581036756,0.03845994378593346,-0.009722064581036756,-0.005082140888208131,,,0.13563752257059036,0.11524839293444344,0.012656769798792083,0.24744093941302553
MEAN_STD_MINUS_MEAN,Z4,Z3,2026,LOCAL0,dynamic,adjacent_percent_change_new_extension,residual_ftv,LD,,T1->T2,prefix,goal6_transformed_standardized_residual,370,0.10384623397888464,0.0852787410622472,,-0.05602952032903556,0.10384623397888464,-0.05602952032903556,0.023619189654511263,,,51.886038518964156,31.752797825115778,0.09029116852040202,0.31369217604408006,370,0.10234676554644787,0.05358205716388394,,-0.057350197610192846,0.10234676554644787,-0.057350197610192846,0.02406413212262737,,,51.87421478557291,31.788562276393606,0.06535537830087856,0.24321115415466252,0.0014994684324367707,0.03169668389836326,,0.0013206772811572842,0.0014994684324367707,0.0013206772811572842,-0.00044494246811610516,,,0.011823733391246094,-0.0357644512778279,0.024935790219523454,0.07048102188941754
MEAN_STD_MINUS_MEAN,Z4,Z3,2026,LOCAL3,dynamic,adjacent_percent_change_new_extension,residual_ftv,LD,,T1->T2,prefix,goal6_transformed_standardized_residual,370,0.13063565585599113,0.10265666673042532,,-0.035653088204532,0.13063565585599113,-0.035653088204532,0.03411436816560376,,,51.606421945170446,31.254092430902656,0.07317612316039272,0.3869282994505294,370,0.11273773426274919,0.05632206635565545,,-0.060944579037436906,0.11273773426274919,-0.060944579037436906,0.022765940807432994,,,51.90870489777747,31.70761657502296,0.07208707798138667,0.22570940599971479,0.01789792159324194,0.04633460037476988,,0.025291490832904905,0.01789792159324194,0.025291490832904905,0.011348427358170765,,,-0.30228295260702254,-0.45352414412030484,0.0010890451790060568,0.16121889345081464
MEAN_STD_MINUS_MEAN,Z4,Z3,3026,LOCAL0,dynamic,adjacent_percent_change_new_extension,residual_ftv,LD,,T1->T2,prefix,goal6_transformed_standardized_residual,370,0.16071761039428717,0.14025665721313285,,-0.009900138662306827,0.16071761039428717,-0.009900138662306827,0.048775286862143497,,,51.21326431993743,31.061719672027234,0.06828906480827586,0.5445629212837223,370,0.08734749249971831,0.06855825681795485,,-0.032269981927923276,0.08734749249971831,-0.032269981927923276,0.037064418925223386,,,51.527552365359185,31.262639303984066,0.04134545662129469,0.37582282763448144,0.07337011789456886,0.071698400395178,,0.02236984326561645,0.07337011789456886,0.02236984326561645,0.01171086793692011,,,-0.3142880454217547,-0.2009196319568325,0.026943608186981167,0.16874009364924086
MEAN_STD_MINUS_MEAN,Z4,Z3,3026,LOCAL3,dynamic,adjacent_percent_change_new_extension,residual_ftv,LD,,T1->T2,prefix,goal6_transformed_standardized_residual,370,0.15417553079135793,0.1484310516400664,,-0.0067230113090569,0.15417553079135793,-0.0067230113090569,0.050981792448172025,,,51.15383148574587,31.040132450959376,0.07224591125664875,0.5541333333382621,370,0.09274142004555545,0.07096869651997849,,-0.031640404565255784,0.09274142004555545,-0.031640404565255784,0.0386532082879113,,,51.48502603996101,31.312758304405847,0.04514366141553216,0.3550223780963658,0.061434110745802475,0.07746235512008791,,0.024917393256198885,0.061434110745802475,0.024917393256198885,0.012328584160260725,,,-0.33119455421513777,-0.2726258534464705,0.027102249841116595,0.19911095524189631
MEAN_STD_MINUS_MEAN,Z4,Z3,2026,LOCAL0,dynamic,adjacent_percent_change_new_extension,residual_ftv,LD,,T2->T3,difference,goal6_transformed_standardized_residual,313,0.014472830590926068,0.06086426310137578,,-0.026997239776915455,0.014472830590926068,-0.026997239776915455,-0.01239091841086748,,,72.94091233705716,41.10419400516261,0.057081166327582394,0.24269644840825394,313,-0.011993043013080873,0.021393818354949426,,-0.023551812392713596,-0.011993043013080873,-0.023551812392713596,-0.016019852119347755,,,73.07152441160908,41.17847011015977,0.027279072199378997,0.08342490071253211,0.026465873604006943,0.03947044474642635,,-0.0034454273842018587,0.026465873604006943,-0.0034454273842018587,0.0036289337084802753,,,-0.13061207455191948,-0.07427610499716053,0.029802094128203397,0.15927154769572183
MEAN_STD_MINUS_MEAN,Z4,Z3,2026,LOCAL3,dynamic,adjacent_percent_change_new_extension,residual_ftv,LD,,T2->T3,difference,goal6_transformed_standardized_residual,313,0.012202125412104027,0.055235464546872545,,-0.03039637052259786,0.012202125412104027,-0.03039637052259786,-0.018413306918320993,,,73.15754168367957,41.193101005276986,0.057671107368456195,0.21762033601424088,313,-0.02032843558443194,0.02399698517224908,,-0.025171283339784495,-0.02032843558443194,-0.025171283339784495,-0.018909800123235954,,,73.1753722620147,41.32402855358198,0.0264981340874265,0.13793684114330335,0.032530560996535965,0.031238479374623464,,-0.005225087182813365,0.032530560996535965,-0.005225087182813365,0.0004964932049149606,,,-0.017830578335136238,-0.13092754830499587,0.031172973281029696,0.07968349487093754
MEAN_STD_MINUS_MEAN,Z4,Z3,3026,LOCAL0,dynamic,adjacent_percent_change_new_extension,residual_ftv,LD,,T2->T3,difference,goal6_transformed_standardized_residual,313,0.10747373767016338,0.12127849931991788,,-0.008573799921400968,0.10747373767016338,-0.008573799921400968,0.0030851890428733597,,,72.38125265851426,40.65532891042977,0.04379597114652651,0.8386542704655213,313,0.061759483717527805,0.08079225042220976,,-0.060027201209573666,0.061759483717527805,-0.060027201209573666,-0.00919675633906425,,,72.82575466779353,41.535687270758004,0.07336940660444795,0.6543103965849262,0.04571425395263558,0.04048624889770812,,0.0514534012881727,0.04571425395263558,0.0514534012881727,0.012281945381937609,,,-0.44450200927927597,-0.8803583603282306,-0.02957343545792144,0.18434387388059514
MEAN_STD_MINUS_MEAN,Z4,Z3,3026,LOCAL3,dynamic,adjacent_percent_change_new_extension,residual_ftv,LD,,T2->T3,difference,goal6_transformed_standardized_residual,313,0.10333899869682853,0.12798532063898438,,-0.002114154863264754,0.10333899869682853,-0.002114154863264754,0.00391598488738909,,,72.35108630080614,40.56009927843446,0.04572174475079395,0.8276159207912949,313,0.09104492316815747,0.10889026314844377,,-0.001053867685452505,0.09104492316815747,-0.001053867685452505,0.004149895010070126,,,72.34259070963277,40.62025513086504,0.030995188906239875,0.7779404339460148,0.012294075528671053,0.019095057490540607,,-0.001060287177812249,0.012294075528671053,-0.001060287177812249,-0.00023391012268103584,,,0.008495591173371508,-0.06015585243058297,0.014726555844554075,0.049675486845280115
MEAN_STD_MINUS_MEAN,Z4,Z3,2026,LOCAL0,dynamic,adjacent_percent_change_new_extension,residual_ftv,LD,,T2->T3,prefix,goal6_transformed_standardized_residual,313,0.03466422715157466,0.05681626606917301,,-0.05465694687058195,0.03466422715157466,-0.05465694687058195,-0.023586134413203785,,,73.34310093325239,41.74557537380882,0.08870689826106398,0.19448589291895405,313,-0.019575741751545837,0.008646615596127501,,-0.0453326628084313,-0.019575741751545837,-0.0453326628084313,-0.024971843886964162,,,73.39272931954523,41.66316009221451,0.04624696641677738,-0.02295946678472063,0.054239968903120495,0.048169650473045514,,-0.009324284062150655,0.054239968903120495,-0.009324284062150655,0.001385709473760377,,,-0.049628386292837945,0.082415281594308,0.042459931844286605,0.21744535970367468
MEAN_STD_MINUS_MEAN,Z4,Z3,2026,LOCAL3,dynamic,adjacent_percent_change_new_extension,residual_ftv,LD,,T2->T3,prefix,goal6_transformed_standardized_residual,313,0.0230959945856651,0.051184552088039965,,-0.05019574771313882,0.0230959945856651,-0.05019574771313882,-0.023149303893140516,,,73.32744913669003,41.84641784272347,0.08774563528168865,0.12819019137579082,313,-0.006528484988360687,0.024843458180567626,,-0.03175566131642117,-0.006528484988360687,-0.03175566131642117,-0.01906212340545621,,,73.18084178263723,41.48097055214801,0.04758301211185167,-0.006146982744753698,0.029624479574025787,0.02634109390747234,,-0.018440086396717646,0.029624479574025787,-0.018440086396717646,-0.004087180487684305,,,0.14660735405280434,0.3654472905754602,0.04016262316983698,0.13433717412054452
MEAN_STD_MINUS_MEAN,Z4,Z3,3026,LOCAL0,dynamic,adjacent_percent_change_new_extension,residual_ftv,LD,,T2->T3,prefix,goal6_transformed_standardized_residual,313,0.10187324962145074,0.14039963213337375,,-0.016878179490126804,0.10187324962145074,-0.016878179490126804,-0.006011495204375938,,,72.71073627764159,40.95433205890486,0.092490485057918,0.631953671664318,313,0.11159686977654487,0.12961743206034912,,0.0012638410131376122,0.11159686977654487,0.0012638410131376122,0.0034393145239056677,,,72.36839583148104,40.94079135719007,0.06233468204181437,0.5184988597103422,-0.009723620155094134,0.010782200073024634,,-0.018142020503264415,-0.009723620155094134,-0.018142020503264415,-0.009450809728281606,,,0.3423404461605486,0.013540701714788383,0.030155803016103634,0.11345481195397589
MEAN_STD_MINUS_MEAN,Z4,Z3,3026,LOCAL3,dynamic,adjacent_percent_change_new_extension,residual_ftv,LD,,T2->T3,prefix,goal6_transformed_standardized_residual,313,0.09320662842272047,0.15042488845746826,,0.00030336315469235855,0.09320662842272047,0.00030336315469235855,-0.0024862612330593947,,,72.58322913566782,40.52130963101953,0.086647323735027,0.6416929910612222,313,0.09927674298360253,0.12972171127983578,,0.001540091439502536,0.09927674298360253,0.001540091439502536,0.0005349776265303197,,,72.47377290051149,40.85168117236743,0.06337675826158477,0.519636323499693,-0.0060701145608820645,0.02070317717763248,,-0.0012367282848101775,-0.0060701145608820645,-0.0012367282848101775,-0.0030212388595897144,,,0.10945623515632974,-0.33037154134790114,0.023270565473442223,0.12205666756152922
MEAN_STD_MINUS_MEAN,Z4,Z3,2026,LOCAL0,dynamic,adjacent_percent_change_new_extension,residual_ftv,SPH,,T0->T1,difference,goal6_transformed_standardized_residual,375,0.04933289364374446,0.007296292253243934,,-0.10650126892935717,0.04933289364374446,-0.10650126892935717,-0.040719319019949296,,,37.55619414733005,26.567635354208324,0.06395183813335908,-0.029164263398976344,375,-0.0035265814069545816,-0.017639687736789006,,-0.16521908344655542,-0.0035265814069545816,-0.16521908344655542,-0.06427680841847283,,,37.978872418623226,26.79359804564012,0.12094697424647234,-0.1849878848249767,0.052859475050699045,0.02493597999003294,,0.05871781451719825,0.052859475050699045,0.05871781451719825,0.023557489398523535,,,-0.42267827129317936,-0.22596269143179626,-0.05699513611311326,0.15582362142600034
MEAN_STD_MINUS_MEAN,Z4,Z3,2026,LOCAL3,dynamic,adjacent_percent_change_new_extension,residual_ftv,SPH,,T0->T1,difference,goal6_transformed_standardized_residual,375,0.04931810036706025,0.014440386536010399,,-0.11897812798073513,0.04931810036706025,-0.11897812798073513,-0.045926441098446125,,,37.650031015243556,26.642664316403767,0.06528503318300731,0.07852533503775984,375,0.025892202210713464,-0.004140337634162923,,-0.11578928484919494,0.025892202210713464,-0.11578928484919494,-0.05135908928869726,,,37.74768341832143,26.61124136862484,0.05234416834881137,0.10169594360674258,0.023425898156346783,0.01858072417017332,,-0.003188843131540192,0.023425898156346783,-0.003188843131540192,0.0054326481902511325,,,-0.09765240307787337,0.03142294777892829,0.012940864834195938,-0.023170608568982745
MEAN_STD_MINUS_MEAN,Z4,Z3,3026,LOCAL0,dynamic,adjacent_percent_change_new_extension,residual_ftv,SPH,,T0->T1,difference,goal6_transformed_standardized_residual,375,0.02812240041371992,0.0020256880453267314,,-0.13925631826533377,0.02812240041371992,-0.13925631826533377,-0.055788226189859236,,,37.82711105925811,26.81685704428858,0.08598982159134236,-0.07258742135310614,375,-0.011122630229491785,-0.05874295909333556,,-0.10465276016182234,-0.011122630229491785,-0.10465276016182234,-0.036059513059672144,,,37.472021158010044,26.45499584103441,0.03107774815119122,-0.5997606222381127,0.039245030643211706,0.06076864713866229,,-0.03460355810351143,0.039245030643211706,-0.03460355810351143,-0.019728713130187092,,,0.35508990124806417,0.3618612032541684,0.054912073440151137,0.5271732008850065
MEAN_STD_MINUS_MEAN,Z4,Z3,3026,LOCAL3,dynamic,adjacent_percent_change_new_extension,residual_ftv,SPH,,T0->T1,difference,goal6_transformed_standardized_residual,375,0.019507443911995933,-0.0018549215454259404,,-0.09380153748724342,0.019507443911995933,-0.09380153748724342,-0.03227535138916049,,,37.40352610481779,26.32657047560082,0.0339418609471806,-0.07756563189923081,375,0.006320863862273675,-0.0354164811061162,,-0.10198891370552506,0.006320863862273675,-0.10198891370552506,-0.0324129504610422,,,37.40601890820218,26.397925237161335,0.03345819473680839,-0.38155254551596074,0.013186580049722257,0.033561559560690256,,0.008187376218281639,0.013186580049722257,0.008187376218281639,0.00013759907188171105,,,-0.002492803384384956,-0.07135476156051368,0.00048366621037221336,0.3039869136167299
MEAN_STD_MINUS_MEAN,Z4,Z3,2026,LOCAL0,dynamic,adjacent_percent_change_new_extension,residual_ftv,SPH,,T0->T1,prefix,goal6_transformed_standardized_residual,375,0.042751783876099354,0.009484714349933735,,-0.19364423204071565,0.042751783876099354,-0.19364423204071565,-0.08140668369108606,,,38.28329341299977,27.282251441788958,0.15563538862889995,0.026350723605257788,375,-0.003988001148378937,-0.010692472129265902,,-0.17649211787759547,-0.003988001148378937,-0.17649211787759547,-0.06736987374266623,,,38.0340206215072,27.07055024410843,0.10757712918415059,-0.012793489652041634,0.04673978502447829,0.020177186479199638,,-0.01715211416312018,0.04673978502447829,-0.01715211416312018,-0.014036809948419826,,,0.2492727914925652,0.21170119768052942,0.048058259444749354,0.03914421325729942
MEAN_STD_MINUS_MEAN,Z4,Z3,2026,LOCAL3,dynamic,adjacent_percent_change_new_extension,residual_ftv,SPH,,T0->T1,prefix,goal6_transformed_standardized_residual,375,0.044203138978462335,0.019251267232647536,,-0.11344806449140811,0.044203138978462335,-0.11344806449140811,-0.04247712192966446,,,37.587897476843324,26.657482738342626,0.06458683278980336,0.089554213649951,375,0.026764420973406634,0.010368873048988212,,-0.15536698946283753,0.026764420973406634,-0.15536698946283753,-0.0580177851126058,,,37.8670306628339,26.96971298245812,0.09736270064482,0.060672616661219876,0.0174387180050557,0.008882394183659324,,0.04191892497142942,0.0174387180050557,0.04191892497142942,0.015540663182941339,,,-0.2791331859905739,-0.3122302441154936,-0.03277586785501664,0.028881596988731127
MEAN_STD_MINUS_MEAN,Z4,Z3,3026,LOCAL0,dynamic,adjacent_percent_change_new_extension,residual_ftv,SPH,,T0->T1,prefix,goal6_transformed_standardized_residual,375,0.010172723759440918,-0.002365101903082755,,-0.12538911143313347,0.010172723759440918,-0.12538911143313347,-0.05048535069134674,,,37.731994933035395,26.86082606592749,0.06692695307989312,-0.008304234229864127,375,0.030250020368639545,-0.0007843491629083133,,-0.13486491016485638,0.030250020368639545,-0.13486491016485638,-0.05153604666639788,,,37.75085999713847,26.901931013806593,0.07260219522880185,0.065762337120725,-0.020077296609198627,-0.0015807527401744416,,0.009475798731722912,-0.020077296609198627,0.009475798731722912,0.0010506959750511413,,,-0.018865064103074758,-0.04110494787910213,-0.00567524214890873,-0.07406657135058912
MEAN_STD_MINUS_MEAN,Z4,Z3,3026,LOCAL3,dynamic,adjacent_percent_change_new_extension,residual_ftv,SPH,,T0->T1,prefix,goal6_transformed_standardized_residual,375,0.021398435507891396,0.006381796019343499,,-0.12294076614151599,0.021398435507891396,-0.12294076614151599,-0.051886594280338594,,,37.75715192180452,26.91009586332708,0.0709109098839941,-0.002096010924066661,375,0.03790887434391699,0.016599134083332228,,-0.12519394392734073,0.03790887434391699,-0.12519394392734073,-0.04595837826034321,,,37.65060582906881,26.795145098815556,0.07301181586191256,0.08671775243054304,-0.01651043883602559,-0.010217338063988729,,0.0022531777858247476,-0.01651043883602559,0.0022531777858247476,-0.00592821601999538,,,0.10654609273571225,0.11495076451152286,-0.0021009059779184686,-0.0888137633546097
MEAN_STD_MINUS_MEAN,Z4,Z3,2026,LOCAL0,dynamic,adjacent_percent_change_new_extension,residual_ftv,SPH,,T1->T2,difference,goal6_transformed_standardized_residual,375,-0.01312025160273528,0.03560494626878293,,-0.08370869603330763,-0.01312025160273528,-0.08370869603330763,0.09171179983251498,,,55.84071487402511,38.83677347757866,0.06586960807803491,0.07614962587340851,375,-0.02240920810837327,0.033888519358408,,-0.20388919201941463,-0.02240920810837327,-0.20388919201941463,0.02372993807729007,,,57.892741925064186,40.50041605646652,0.17234000926890683,0.08659729367534388,0.009288956505637989,0.0017164269103749352,,0.120180495986107,0.009288956505637989,0.120180495986107,0.06798186175522491,,,-2.052027051039076,-1.6636425788878597,-0.10647040119087192,-0.010447667801935373
MEAN_STD_MINUS_MEAN,Z4,Z3,2026,LOCAL3,dynamic,adjacent_percent_change_new_extension,residual_ftv,SPH,,T1->T2,difference,goal6_transformed_standardized_residual,375,-0.012379491005503404,0.03761188457276322,,-0.07714872061827374,-0.012379491005503404,-0.07714872061827374,0.09517050490862677,,,55.7342944791169,38.7708805505121,0.057699033349277,0.10900223164879157,375,-0.006858900049281057,0.04106910761705911,,-0.0631507657925876,-0.006858900049281057,-0.0631507657925876,0.10613301823604193,,,55.39563959419168,38.61505412153198,0.05356059926528755,-0.04130429542015175,-0.0055205909562223475,-0.0034572230442958957,,-0.013997954825686137,-0.0055205909562223475,-0.013997954825686137,-0.010962513327415158,,,0.33865488492521933,0.1558264289801201,0.004138434083989451,0.15030652706894332
MEAN_STD_MINUS_MEAN,Z4,Z3,3026,LOCAL0,dynamic,adjacent_percent_change_new_extension,residual_ftv,SPH,,T1->T2,difference,goal6_transformed_standardized_residual,375,0.02710028165239569,0.088738540358108,,-0.027873615912060785,0.02710028165239569,-0.027873615912060785,0.13259606385521094,,,54.56948155116298,37.97707456856308,0.018971846984261583,0.667704544262661,375,0.03443596048694643,0.09766849955422299,,-0.03241771842150469,0.03443596048694643,-0.03241771842150469,0.13081909244239442,,,54.62534871576104,37.786412866598916,0.0418604230866012,0.4366479851964449,-0.007335678834550739,-0.008929959196114987,,0.004544102509443905,-0.007335678834550739,0.004544102509443905,0.0017769714128165193,,,-0.0558671645980624,0.1906617019641672,-0.022888576102339617,0.23105655906621614
MEAN_STD_MINUS_MEAN,Z4,Z3,3026,LOCAL3,dynamic,adjacent_percent_change_new_extension,residual_ftv,SPH,,T1->T2,difference,goal6_transformed_standardized_residual,375,0.025789667420854888,0.0659433449702912,,-0.033211809510663715,0.025789667420854888,-0.033211809510663715,0.12988588952336633,,,54.654665316558614,38.06362505335531,0.018165477061818106,0.5118682524681092,375,0.01027549216799247,0.0516881597686326,,-0.051516381971745726,0.01027549216799247,-0.051516381971745726,0.1176819427979644,,,55.03661527161942,38.1031325967779,0.040641864272066695,0.22469486309210526,0.015514175252862418,0.014255185201658596,,0.01830457246108201,0.015514175252862418,0.01830457246108201,0.012203946725401926,,,-0.3819499550608043,-0.03950754342258733,-0.02247638721024859,0.2871733893760039
MEAN_STD_MINUS_MEAN,Z4,Z3,2026,LOCAL0,dynamic,adjacent_percent_change_new_extension,residual_ftv,SPH,,T1->T2,prefix,goal6_transformed_standardized_residual,375,-0.013957652478740274,0.01652738838795378,,-0.15966037997923266,-0.013957652478740274,-0.15966037997923266,0.053973824881522026,,,56.98895715075205,40.45488124064088,0.12194672793685656,0.07795067263481882,375,-0.007136587547319082,-0.0022161438707788144,,-0.20388117250576943,-0.007136587547319082,-0.20388117250576943,0.026509086614864397,,,57.81028154764453,40.949073169133314,0.1506165237733624,0.04235363187696953,-0.006821064931421192,0.018743532258732595,,0.04422079252653677,-0.006821064931421192,0.04422079252653677,0.02746473826665763,,,-0.8213243968924786,-0.4941919284924339,-0.02866979583650585,0.035597040757849294
MEAN_STD_MINUS_MEAN,Z4,Z3,2026,LOCAL3,dynamic,adjacent_percent_change_new_extension,residual_ftv,SPH,,T1->T2,prefix,goal6_transformed_standardized_residual,375,0.01200285979986955,0.04077053569204337,,-0.1452446161429732,0.01200285979986955,-0.1452446161429732,0.062249980157718654,,,56.73913027237504,40.275449390617155,0.12236811448881643,0.1412980330137643,375,-0.014755913252616968,0.006195839023040899,,-0.1960941847479875,-0.014755913252616968,-0.1960941847479875,0.03194639714753922,,,57.648609469080974,41.28237685920498,0.15829058190602882,0.035807197011896226,0.026758773052486518,0.03457469666900247,,0.0508495686050143,0.026758773052486518,0.0508495686050143,0.030303583010179436,,,-0.9094791967059308,-1.0069274685878256,-0.03592246741721239,0.1054908360018681
MEAN_STD_MINUS_MEAN,Z4,Z3,3026,LOCAL0,dynamic,adjacent_percent_change_new_extension,residual_ftv,SPH,,T1->T2,prefix,goal6_transformed_standardized_residual,375,0.03652086404749983,0.06781316613697011,,-0.07236461725570335,0.03652086404749983,-0.07236461725570335,0.11293698983392109,,,55.18440551002169,38.95037099884786,0.05446187983974012,0.3864738576821393,375,-0.029312973030087876,0.00989310718258924,,-0.07944575217753097,-0.029312973030087876,-0.07944575217753097,0.10342676752705882,,,55.47943348860167,38.787867424101805,0.037818598364826206,0.1635053115537445,0.0658338370775877,0.05792005895438087,,0.007081134921827617,0.0658338370775877,0.007081134921827617,0.00951022230686227,,,-0.29502797857998075,0.16250357474605437,0.016643281474913917,0.2229685461283948
MEAN_STD_MINUS_MEAN,Z4,Z3,3026,LOCAL3,dynamic,adjacent_percent_change_new_extension,residual_ftv,SPH,,T1->T2,prefix,goal6_transformed_standardized_residual,375,0.033152723649470354,0.057900833118523884,,-0.0827914534495603,0.033152723649470354,-0.0827914534495603,0.10927493692642065,,,55.29819679095776,39.19227601393759,0.056872689859161746,0.3784672664567529,375,-0.036852840549746475,0.004136167307307333,,-0.08700211415803269,-0.036852840549746475,-0.08700211415803269,0.10113442208399515,,,55.55031271740385,38.9668029524585,0.04009336409745672,0.15702899811715484,0.07000556419921683,0.05376466581121655,,0.004210660708472383,0.07000556419921683,0.004210660708472383,0.008140514842425506,,,-0.2521159264460877,0.22547306147908586,0.016779325761705023,0.22143826833959804
MEAN_STD_MINUS_MEAN,Z4,Z3,2026,LOCAL0,dynamic,adjacent_percent_change_new_extension,residual_ftv,SPH,,T2->T3,difference,goal6_transformed_standardized_residual,375,0.09349509541100884,0.08456060596187204,,-0.036002695283299954,0.09349509541100884,-0.036002695283299954,0.10733723103680803,,,60.89580372369346,37.76277270190384,0.050904416865327866,0.3495810431974043,375,0.10481340278599607,0.08145015016214457,,-0.025128315096581914,0.10481340278599607,-0.025128315096581914,0.11258037078728134,,,60.71670169309828,37.55956835674638,0.03309323728379825,0.4044179565452656,-0.011318307374987235,0.003110455799727463,,-0.01087438018671804,-0.011318307374987235,-0.01087438018671804,-0.005243139750473302,,,0.17910203059518182,0.20320434515745944,0.017811179581529613,-0.05483691334786128
MEAN_STD_MINUS_MEAN,Z4,Z3,2026,LOCAL3,dynamic,adjacent_percent_change_new_extension,residual_ftv,SPH,,T2->T3,difference,goal6_transformed_standardized_residual,375,0.08568465236730743,0.08307488382455597,,-0.038579242239152864,0.08568465236730743,-0.038579242239152864,0.10456426473717029,,,60.990313701310654,37.67885407879471,0.03701696388799278,0.6048075855446835,375,0.10363364174280594,0.08130617426663961,,-0.02787020925148339,0.10363364174280594,-0.02787020925148339,0.11152065746356399,,,60.75294334163149,37.542247122354574,0.03123829002884486,0.43793059913645127,-0.017948989375498506,0.0017687095579163592,,-0.010709032987669474,-0.017948989375498506,-0.010709032987669474,-0.006956392726393701,,,0.23737035967916142,0.13660695644013288,0.0057786738591479245,0.16687698640823223
MEAN_STD_MINUS_MEAN,Z4,Z3,3026,LOCAL0,dynamic,adjacent_percent_change_new_extension,residual_ftv,SPH,,T2->T3,difference,goal6_transformed_standardized_residual,375,0.03911829164774941,0.07768089065351713,,-0.04218684240176025,0.03911829164774941,-0.04218684240176025,0.09878887525871172,,,61.186685507672784,38.0821065832371,0.041977116777000625,0.4106552266193849,375,0.03509427513422594,0.06809215448927354,,-0.06093459285595903,0.03509427513422594,-0.06093459285595903,0.08956762789896378,,,61.49892178980009,38.40356182056288,0.046241471564713414,0.5236206880850228,0.004024016513523472,0.009588736164243591,,0.018747750454198776,0.004024016513523472,0.018747750454198776,0.009221247359747942,,,-0.3122362821273086,-0.32145523732577885,-0.004264354787712789,-0.1129654614656379
MEAN_STD_MINUS_MEAN,Z4,Z3,3026,LOCAL3,dynamic,adjacent_percent_change_new_extension,residual_ftv,SPH,,T2->T3,difference,goal6_transformed_standardized_residual,375,-0.005111479392328657,0.041791436265441184,,-0.09163562421227829,-0.005111479392328657,-0.09163562421227829,0.07124459505400405,,,62.1146915687194,38.86413783383006,0.06202233210207263,0.3506175545151877,375,0.036518069149078694,0.062250867491712124,,-0.06485913375547211,0.036518069149078694,-0.06485913375547211,0.08751872134467198,,,61.56808383540087,38.42253384959435,0.04506883764318261,0.5339431979359393,-0.04162954854140735,-0.02045943122627094,,-0.026776490456806176,-0.04162954854140735,-0.026776490456806176,-0.016274126290667934,,,0.5466077333185311,0.4416039842357051,0.016953494458890016,-0.18332564342075153
MEAN_STD_MINUS_MEAN,Z4,Z3,2026,LOCAL0,dynamic,adjacent_percent_change_new_extension,residual_ftv,SPH,,T2->T3,prefix,goal6_transformed_standardized_residual,375,0.0613571793335594,0.0529609474525105,,-0.07377598973960625,0.0613571793335594,-0.07377598973960625,0.08840796706536225,,,61.53807637025071,38.63859096630926,0.066577665376749,0.324248174007341,375,0.046331713593810206,0.03237994223817217,,-0.06237886802886967,0.046331713593810206,-0.06237886802886967,0.09233386702874302,,,61.40542217981679,38.483503075068,0.047518785957636776,0.21974500986721243,0.015025465739749194,0.02058100521433833,,-0.011397121710736584,0.015025465739749194,-0.011397121710736584,-0.0039258999633807745,,,0.13265419043391802,0.15508789124125855,0.019058879419112225,0.10450316414012858
MEAN_STD_MINUS_MEAN,Z4,Z3,2026,LOCAL3,dynamic,adjacent_percent_change_new_extension,residual_ftv,SPH,,T2->T3,prefix,goal6_transformed_standardized_residual,375,0.0460873218957562,0.04522376359833591,,-0.07740757536443381,0.0460873218957562,-0.07740757536443381,0.08437706980734061,,,61.6739814937519,38.68652751344235,0.06688918309199748,0.25959287919233276,375,0.02940820256497152,0.028921948212336616,,-0.06318698591099642,0.02940820256497152,-0.06318698591099642,0.09298832710625071,,,61.383280423804685,38.42703327440487,0.0459878390600486,0.1932722283419148,0.01667911933078468,0.016301815385999292,,-0.01422058945343739,0.01667911933078468,-0.01422058945343739,-0.008611257298910102,,,0.2907010699472181,0.2594942390374797,0.020901344031948883,0.06632065085041797
MEAN_STD_MINUS_MEAN,Z4,Z3,3026,LOCAL0,dynamic,adjacent_percent_change_new_extension,residual_ftv,SPH,,T2->T3,prefix,goal6_transformed_standardized_residual,375,0.05901938601523602,0.08819726671736222,,-0.04635703434925426,0.05901938601523602,-0.04635703434925426,0.10254985156140617,,,61.058878460676894,38.34924546405926,0.06458614442654154,0.35481209698149024,375,0.05616643085870185,0.0971361175592401,,-0.05332222291367749,0.05616643085870185,-0.05332222291367749,0.12169861300030127,,,60.40396402959002,38.91411463662954,0.06870149076750157,0.46385428255030026,0.002852955156534172,-0.008938850841877885,,0.0069651885644232275,0.002852955156534172,0.0069651885644232275,-0.0191487614388951,,,0.6549144310868726,-0.5648691725702832,-0.00411534634096003,-0.10904218556881001
MEAN_STD_MINUS_MEAN,Z4,Z3,3026,LOCAL3,dynamic,adjacent_percent_change_new_extension,residual_ftv,SPH,,T2->T3,prefix,goal6_transformed_standardized_residual,375,0.040809278823185836,0.07515675067638057,,-0.05646334394122135,0.040809278823185836,-0.05646334394122135,0.09720482814848375,,,61.24043542109259,38.511694624671314,0.06541335913895145,0.32501646680429663,375,0.03931645975121051,0.06490808991300696,,-0.0544224519216641,0.03931645975121051,-0.0544224519216641,0.10048461253403895,,,61.12909334413845,38.513224847204874,0.047992909897914784,0.3535007678509957,0.0014928190719753279,0.010248660763373607,,-0.002040892019557247,0.0014928190719753279,-0.002040892019557247,-0.0032797843855552067,,,0.11134207695414489,-0.001530222533560277,0.017420449241036667,-0.02848430104669908
MEAN_STD_MINUS_MEAN,Z4,Z3,2026,LOCAL0,dynamic,adjacent_percent_change_new_extension,residual_ftv_ld,BPE,,T0->T1,difference,goal6_transformed_standardized_residual,375,0.1078839614312411,0.1099974138437609,,-0.0034416783528591136,0.1078839614312411,-0.0034416783528591136,0.10611356727995902,,,34.09870912350024,24.161726567177634,0.024438801157643165,0.7722392374183532,375,0.05215105586527047,0.04478014123079104,,-0.026474997073321765,0.05215105586527047,-0.026474997073321765,0.08972210303744999,,,34.40992801628115,24.211195999356807,0.02821668440490827,0.4030720488823491,0.05573290556597063,0.06521727261296986,,0.023033318720462652,0.05573290556597063,0.023033318720462652,0.016391464242509035,,,-0.3112188927809072,-0.04946943217917266,-0.0037778832472651035,0.3691671885360041
MEAN_STD_MINUS_MEAN,Z4,Z3,2026,LOCAL3,dynamic,adjacent_percent_change_new_extension,residual_ftv_ld,BPE,,T0->T1,difference,goal6_transformed_standardized_residual,375,0.10760424921789372,0.11585579247219943,,-0.005707491855676135,0.10760424921789372,-0.005707491855676135,0.10459680322507281,,,34.127626541456955,24.191281047024113,0.03557862616480367,0.6982555595240416,375,0.05139193010655559,0.03589572298375481,,-0.03160321538288186,0.05139193010655559,-0.03160321538288186,0.08471217157782085,,,34.504489706015505,24.27146553382617,0.03379734400912571,0.2697402210775178,0.05621231911133812,0.07996006948844461,,0.025895723527205726,0.05621231911133812,0.025895723527205726,0.01988463164725196,,,-0.37686316455855007,-0.08018448680205736,0.0017812821556779657,0.4285153384465238
MEAN_STD_MINUS_MEAN,Z4,Z3,3026,LOCAL0,dynamic,adjacent_percent_change_new_extension,residual_ftv_ld,BPE,,T0->T1,difference,goal6_transformed_standardized_residual,375,0.06905406098696136,0.05624322063491621,,-0.06510746877501582,0.06905406098696136,-0.06510746877501582,0.07394416561222839,,,34.7068622009102,24.81839779318048,0.07897749490202563,0.26416368833803167,375,0.017535658171306284,0.0009086214082591321,,-0.031788329198563545,0.017535658171306284,-0.031788329198563545,0.0890081263920025,,,34.423420088037005,24.340908395335862,0.03291740906528488,-0.22276174943777097,0.051518402815655076,0.05533459922665708,,-0.03331913957645227,0.051518402815655076,-0.03331913957645227,-0.015063960779774122,,,0.2834421128731961,0.47748939784461797,0.04606008583674075,0.48692543777580266
MEAN_STD_MINUS_MEAN,Z4,Z3,3026,LOCAL3,dynamic,adjacent_percent_change_new_extension,residual_ftv_ld,BPE,,T0->T1,difference,goal6_transformed_standardized_residual,375,0.04875694507133211,0.05874262784906389,,-0.07547001464521505,0.04875694507133211,-0.07547001464521505,0.06702303715761737,,,34.83631632896635,24.939921779194254,0.07606920119886293,0.4125327798073089,375,0.009879316388954711,-0.0013866310655259088,,-0.027452827396378818,0.009879316388954711,-0.027452827396378818,0.09308848888442356,,,34.346241755958424,24.179594069368466,0.01473156061559222,-0.05488131693108069,0.0388776286823774,0.0601292589145898,,-0.04801718724883623,0.0388776286823774,-0.04801718724883623,-0.026065451726806188,,,0.4900745730079237,0.7603277098257877,0.06133764058327071,0.4674140967383896
MEAN_STD_MINUS_MEAN,Z4,Z3,2026,LOCAL0,dynamic,adjacent_percent_change_new_extension,residual_ftv_ld,BPE,,T0->T1,prefix,goal6_transformed_standardized_residual,375,0.07224954541433398,0.07218650727241796,,-0.062383531792854094,0.07224954541433398,-0.062383531792854094,0.062217050562045184,,,34.9259261589777,25.118055091996162,0.09628643246658151,0.2811214008631249,375,0.03752655791730417,0.04356383687542737,,-0.10748627117278574,0.03752655791730417,-0.10748627117278574,0.029119048924860613,,,35.53691761494599,25.341382668668583,0.1462960604219756,0.15011900910261478,0.03472298749702981,0.02862267039699059,,0.045102739379931645,0.03472298749702981,0.045102739379931645,0.03309800163718457,,,-0.6109914559682892,-0.2233275766724212,-0.050009627955394084,0.13100239176051015
MEAN_STD_MINUS_MEAN,Z4,Z3,2026,LOCAL3,dynamic,adjacent_percent_change_new_extension,residual_ftv_ld,BPE,,T0->T1,prefix,goal6_transformed_standardized_residual,375,0.08973640645942998,0.08436286074723227,,-0.06554879772815567,0.08973640645942998,-0.06554879772815567,0.05936775115113457,,,34.97894426191464,25.093620427508505,0.1057006522257361,0.33810149465112127,375,0.03440142966820502,0.00748809393167713,,-0.14441491155716044,0.03440142966820502,-0.14441491155716044,0.0021803815017145123,,,36.0265591016805,25.804024980615765,0.1497052332248268,-0.030663245531195458,0.05533497679122496,0.07687476681555515,,0.07886611382900477,0.05533497679122496,0.07886611382900477,0.05718736964942006,,,-1.0476148397658562,-0.71040455310726,-0.04400458099909069,0.36876474018231675
MEAN_STD_MINUS_MEAN,Z4,Z3,3026,LOCAL0,dynamic,adjacent_percent_change_new_extension,residual_ftv_ld,BPE,,T0->T1,prefix,goal6_transformed_standardized_residual,375,0.040946898053953885,0.046464590466658726,,-0.09961509339618675,0.040946898053953885,-0.09961509339618675,0.04843021466117681,,,35.181721565521194,25.07113670353952,0.11669870057706799,0.15715365754910154,375,0.04513534254568477,0.04792085557376989,,-0.1025367040535141,0.04513534254568477,-0.1025367040535141,0.03959878167796582,,,35.344603700279656,25.19256967201047,0.12036736421168162,0.2429816576460618,-0.004188444491730885,-0.0014562651071111654,,0.0029216106573273504,-0.004188444491730885,0.0029216106573273504,0.008831432983210985,,,-0.16288213475846192,-0.12143296847095186,-0.003668663634613628,-0.08582800009696026
MEAN_STD_MINUS_MEAN,Z4,Z3,3026,LOCAL3,dynamic,adjacent_percent_change_new_extension,residual_ftv_ld,BPE,,T0->T1,prefix,goal6_transformed_standardized_residual,375,0.035178215690122194,0.048965114383738025,,-0.10976114181448683,0.035178215690122194,-0.10976114181448683,0.04058108901154278,,,35.3265236806512,25.231258795714407,0.11983284717820647,0.19376103143247467,375,0.03220567697875773,0.030199137856942775,,-0.03180549832440649,0.03220567697875773,-0.03180549832440649,0.08974463016780931,,,34.40950223326888,24.225651651528008,0.03072296392443666,0.1680578231171497,0.002972538711364464,0.01876597652679525,,-0.07795564349008034,0.002972538711364464,-0.07795564349008034,-0.04916354115626653,,,0.917021447382318,1.0056071441863992,0.08910988325376981,0.025703208315324966
MEAN_STD_MINUS_MEAN,Z4,Z3,2026,LOCAL0,dynamic,adjacent_percent_change_new_extension,residual_ftv_ld,BPE,,T1->T2,difference,goal6_transformed_standardized_residual,370,0.19203806835546705,0.18502087649313662,,-0.006678666363444843,0.19203806835546705,-0.006678666363444843,0.03966975804621198,,,35.64178539782793,25.178205183805048,0.060390200667436986,0.8192509051518058,370,0.19907885836441655,0.18567791378947787,,-0.003059338380112468,0.19907885836441655,-0.003059338380112468,0.042902238122529135,,,35.5817495527235,25.10029256526395,0.04808010217911154,0.9375001030407112,-0.007040790008949499,-0.0006570372963412563,,-0.0036193279833323746,-0.007040790008949499,-0.0036193279833323746,-0.003232480076317157,,,0.06003584510443005,0.07791261854109877,0.012310098488325448,-0.11824919788890542
MEAN_STD_MINUS_MEAN,Z4,Z3,2026,LOCAL3,dynamic,adjacent_percent_change_new_extension,residual_ftv_ld,BPE,,T1->T2,difference,goal6_transformed_standardized_residual,370,0.19798627427225665,0.19149963504332876,,-0.0032002565589019745,0.19798627427225665,-0.0032002565589019745,0.041460360099597415,,,35.608541609173145,25.10403310673175,0.06414881265849635,0.8061215967427793,370,0.19336925599778196,0.16563891172853415,,-0.030450901905893064,0.19336925599778196,-0.030450901905893064,0.021878278906021786,,,35.9704275437671,25.36931310560994,0.06655894475940068,0.8371795163725886,0.0046170182744746935,0.02586072331479461,,0.02725064534699109,0.0046170182744746935,0.02725064534699109,0.01958208119357563,,,-0.3618859345939569,-0.26527999887818865,-0.002410132100904322,-0.031057919629809305
MEAN_STD_MINUS_MEAN,Z4,Z3,3026,LOCAL0,dynamic,adjacent_percent_change_new_extension,residual_ftv_ld,BPE,,T1->T2,difference,goal6_transformed_standardized_residual,370,0.13769470476439366,0.15562108970035365,,-0.0674151357741945,0.13769470476439366,-0.0674151357741945,-0.012967835341236578,,,36.605553319722645,25.965891718122144,0.11945412526833142,0.610203159112016,370,0.1349326759420815,0.13588869894029096,,-0.052573839500355546,0.1349326759420815,-0.052573839500355546,0.004731971260750312,,,36.284335574565155,25.502499091249227,0.07626923212729653,0.7549324350128401,0.0027620288223121625,0.019732390760062696,,-0.014841296273838955,0.0027620288223121625,-0.014841296273838955,-0.01769980660198689,,,0.32121774515749024,0.46339262687291694,0.043184893141034894,-0.14472927590082418
MEAN_STD_MINUS_MEAN,Z4,Z3,3026,LOCAL3,dynamic,adjacent_percent_change_new_extension,residual_ftv_ld,BPE,,T1->T2,difference,goal6_transformed_standardized_residual,370,0.1415212969567782,0.16608277944960384,,-0.018261280700578246,0.1415212969567782,-0.018261280700578246,0.028786975130769443,,,35.84316877489981,25.45219446866492,0.0720944964869241,0.6834926321407341,370,0.13746705806072726,0.16215360967519288,,-0.012135411771767442,0.13746705806072726,-0.012135411771767442,0.03539511968479181,,,35.72102198262421,25.27848555517055,0.05257006354964911,0.7815248773718105,0.0040542388960509435,0.003929169774410962,,-0.006125868928810804,0.0040542388960509435,-0.006125868928810804,-0.006608144554022366,,,0.12214679227560055,0.17370891349436945,0.019524432937274995,-0.09803224523107645
MEAN_STD_MINUS_MEAN,Z4,Z3,2026,LOCAL0,dynamic,adjacent_percent_change_new_extension,residual_ftv_ld,BPE,,T1->T2,prefix,goal6_transformed_standardized_residual,370,0.1391118303528472,0.16156825952161466,,-0.044400409775824774,0.1391118303528472,-0.044400409775824774,0.014052169294023975,,,36.11404343812134,25.52168596310351,0.11942230979591344,0.5503407010762899,370,0.19628082979814132,0.1951832952212524,,-3.370235718088909e-05,0.19628082979814132,-3.370235718088909e-05,0.0439328741169519,,,35.56258656280328,24.99497466612384,0.07826649958149469,0.7429725189253714,-0.05716899944529413,-0.03361503569963775,,-0.04436670741864388,-0.05716899944529413,-0.04436670741864388,-0.029880704822927928,,,0.5514568753180598,0.5267112969796699,0.04115581021441875,-0.19263181784908157
MEAN_STD_MINUS_MEAN,Z4,Z3,2026,LOCAL3,dynamic,adjacent_percent_change_new_extension,residual_ftv_ld,BPE,,T1->T2,prefix,goal6_transformed_standardized_residual,370,0.15107716387634662,0.17405871272686296,,-0.035408493786566735,0.15107716387634662,-0.035408493786566735,0.019104016260747758,,,36.021403179766786,25.492464091603402,0.12290372050729452,0.5541596502582385,370,0.1834458802802968,0.17411688452791027,,-0.05052606507202902,0.1834458802802968,-0.05052606507202902,0.0048629043940969785,,,36.28194879137177,25.452513742924506,0.12575988867702342,0.6267273748379274,-0.03236871640395017,-5.817180104730757e-05,,0.015117571285462282,-0.03236871640395017,0.015117571285462282,0.01424111186665078,,,-0.26054561160498224,0.039950348678896574,-0.0028561681697289037,-0.07256772457968885
MEAN_STD_MINUS_MEAN,Z4,Z3,3026,LOCAL0,dynamic,adjacent_percent_change_new_extension,residual_ftv_ld,BPE,,T1->T2,prefix,goal6_transformed_standardized_residual,370,0.1442462910723697,0.16045227937312578,,-0.04078138516014318,0.1442462910723697,-0.04078138516014318,0.016899875965607047,,,36.06185174689675,25.41546959036077,0.11003872037621171,0.5929988444368111,370,0.13732669238035855,0.14873617438939205,,-0.07555885284672485,0.13732669238035855,-0.07555885284672485,-0.012177039212060814,,,36.59126205562576,25.989171874525315,0.155926836311241,0.5354626427724316,0.006919598692011142,0.011716104983733738,,0.03477746768658167,0.006919598692011142,0.03477746768658167,0.02907691517766786,,,-0.5294103087290125,-0.5737022841645434,-0.04588811593502928,0.05753620166437945
MEAN_STD_MINUS_MEAN,Z4,Z3,3026,LOCAL3,dynamic,adjacent_percent_change_new_extension,residual_ftv_ld,BPE,,T1->T2,prefix,goal6_transformed_standardized_residual,370,0.1472148904702942,0.1737477458156126,,-0.032900969538211325,0.1472148904702942,-0.032900969538211325,0.021914732659418346,,,35.96975724410779,25.504525378569742,0.1172824720703525,0.6132684922328673,370,0.15834684261518206,0.15692149639760697,,-0.03152714079860327,0.15834684261518206,-0.03152714079860327,0.020280201039217127,,,35.99980020902618,25.341485446038885,0.10011765067743407,0.5856459782359472,-0.011131952144887852,0.016826249418005618,,-0.001373828739608056,-0.011131952144887852,-0.001373828739608056,0.0016345316202012183,,,-0.030042964918393977,0.16303993253085736,0.01716482139291843,0.02762251399692006
MEAN_STD_MINUS_MEAN,Z4,Z3,2026,LOCAL0,dynamic,adjacent_percent_change_new_extension,residual_ftv_ld,BPE,,T2->T3,difference,goal6_transformed_standardized_residual,313,0.10014659309471811,0.05905680607861541,,-0.06203805764507614,0.10014659309471811,-0.06203805764507614,-0.02654803769344416,,,45.32369637370642,29.4856379855496,0.060507854812703855,0.34319728666321714,313,0.16464985113967526,0.10466355724752385,,-0.026644205313466326,0.16464985113967526,-0.026644205313466326,-0.0025386539928256013,,,44.790534608374045,29.02667998978951,0.046087055931236715,0.7093351334251442,-0.06450325804495714,-0.045606751168908444,,-0.03539385233160981,-0.06450325804495714,-0.03539385233160981,-0.02400938370061856,,,0.5331617653323732,0.4589579957600911,0.014420798881467141,-0.36613784676192707
MEAN_STD_MINUS_MEAN,Z4,Z3,2026,LOCAL3,dynamic,adjacent_percent_change_new_extension,residual_ftv_ld,BPE,,T2->T3,difference,goal6_transformed_standardized_residual,313,0.09415091998605343,0.07702682158389854,,-0.22380310495921113,0.09415091998605343,-0.22380310495921113,-0.0942386318895323,,,46.794165275435496,30.99915510707807,0.22561402798573338,0.4150082612396511,313,0.14008778716645115,0.11185579880438738,,-0.07605888287763382,0.14008778716645115,-0.07605888287763382,-0.024629091209112275,,,45.28131431846514,29.62376207782347,0.10089310328528656,0.750586661860374,-0.04593686718039772,-0.034828977220488846,,-0.1477442220815773,-0.04593686718039772,-0.1477442220815773,-0.06960954068042002,,,1.5128509569703539,1.3753930292545995,0.12472092470044682,-0.3355784006207229
MEAN_STD_MINUS_MEAN,Z4,Z3,3026,LOCAL0,dynamic,adjacent_percent_change_new_extension,residual_ftv_ld,BPE,,T2->T3,difference,goal6_transformed_standardized_residual,313,0.1520240766617713,0.1318180245251233,,-0.0460104371444561,0.1520240766617713,-0.0460104371444561,-0.013782354037262134,,,45.04100234244271,29.1978670865931,0.10078599758927355,0.5937597257650277,313,0.19183945052891513,0.16360072662183045,,-0.00906597933567599,0.19183945052891513,-0.00906597933567599,0.004445192282965249,,,44.634252910671805,28.827399223766534,0.06883041437075403,0.7556716296432976,-0.039815373867143816,-0.03178270209670714,,-0.03694445780878011,-0.039815373867143816,-0.03694445780878011,-0.018227546320227384,,,0.40674943177090483,0.3704678628265654,0.03195558321851952,-0.16191190387826992
MEAN_STD_MINUS_MEAN,Z4,Z3,3026,LOCAL3,dynamic,adjacent_percent_change_new_extension,residual_ftv_ld,BPE,,T2->T3,difference,goal6_transformed_standardized_residual,313,0.15733163472018927,0.13842738371105345,,-0.03125890578923966,0.15733163472018927,-0.03125890578923966,-0.003484814126193392,,,44.811665476393436,29.201238052517063,0.09815380224660171,0.494893025555088,313,0.14076697827194776,0.14078477357254324,,-0.12987324325554758,0.14076697827194776,-0.12987324325554758,-0.05493542566236753,,,45.94609658841392,29.872091111888288,0.21523595223612085,0.521069229292171,0.01656465644824151,-0.0023573898614897837,,0.09861433746630792,0.01656465644824151,0.09861433746630792,0.05145061153617414,,,-1.1344311120204864,-0.6708530593712254,-0.11708214998951914,-0.026176203737083015
MEAN_STD_MINUS_MEAN,Z4,Z3,2026,LOCAL0,dynamic,adjacent_percent_change_new_extension,residual_ftv_ld,BPE,,T2->T3,prefix,goal6_transformed_standardized_residual,313,0.12097846354656787,0.10708798837709355,,-0.06469270471275794,0.12097846354656787,-0.06469270471275794,-0.023296614018401662,,,45.251861735162585,29.79270053537113,0.10768478942412842,0.40347005233504357,313,0.1062778718826253,0.0801723530370041,,-0.057346997651963744,0.1062778718826253,-0.057346997651963744,-0.029719059008864068,,,45.393645164694384,29.779955602942092,0.07388653316329535,0.4335316634821487,0.014700591663942567,0.02691563534008945,,-0.007345707060794196,0.014700591663942567,-0.007345707060794196,0.006422444990462406,,,-0.1417834295317988,0.012744932429036737,0.03379825626083306,-0.03006161114710515
MEAN_STD_MINUS_MEAN,Z4,Z3,2026,LOCAL3,dynamic,adjacent_percent_change_new_extension,residual_ftv_ld,BPE,,T2->T3,prefix,goal6_transformed_standardized_residual,313,0.12802290726973306,0.12721477427254957,,-0.05471768815223079,0.12802290726973306,-0.05471768815223079,-0.014441836808156694,,,45.05564993212461,29.659991637436324,0.10846166327107074,0.47907325703091463,313,0.12328802837643191,0.09898171069422339,,-0.04788002330929334,0.12328802837643191,-0.04788002330929334,-0.022106751722681395,,,45.225545247643716,29.68626885507096,0.07386887468990463,0.5089115015827526,0.004734878893301153,0.02823306357832618,,-0.006837664842937449,0.004734878893301153,-0.006837664842937449,0.007664914914524701,,,-0.1698953155191063,-0.026277217634635974,0.0345927885811661,-0.029838244551837922
MEAN_STD_MINUS_MEAN,Z4,Z3,3026,LOCAL0,dynamic,adjacent_percent_change_new_extension,residual_ftv_ld,BPE,,T2->T3,prefix,goal6_transformed_standardized_residual,313,0.1515463389448385,0.13814430590338406,,-0.04354881433652932,0.1515463389448385,-0.04354881433652932,-0.014232153832942185,,,45.05099323785927,29.583238561586594,0.09935348543148678,0.5762311455221572,313,0.19046344024587603,0.17381589096812222,,-0.0019015569975127406,0.19046344024587603,-0.0019015569975127406,0.0136784005669629,,,44.42679203241964,28.927523324778246,0.07458092923141059,0.7390405467907667,-0.03891710130103754,-0.035671585064738165,,-0.041647257339016586,-0.03891710130103754,-0.041647257339016586,-0.027910554399905085,,,0.6242012054396255,0.6557152368083479,0.024772556200076193,-0.16280940126860954
MEAN_STD_MINUS_MEAN,Z4,Z3,3026,LOCAL3,dynamic,adjacent_percent_change_new_extension,residual_ftv_ld,BPE,,T2->T3,prefix,goal6_transformed_standardized_residual,313,0.1425282196111774,0.13728373257997137,,-0.04150184977862013,0.1425282196111774,-0.04150184977862013,-0.013507720623002983,,,45.0349011304514,29.4914410309206,0.09803643571833805,0.5437227770013872,313,0.1686926186225794,0.16373815947023035,,-0.009868992562390997,0.1686926186225794,-0.009868992562390997,0.007710758558250319,,,44.560989323522456,28.96748552633445,0.07914216005840978,0.6898523288408999,-0.026164399011401995,-0.02645442689025898,,-0.03163285721622913,-0.026164399011401995,-0.03163285721622913,-0.021218479181253302,,,0.4739118069289461,0.5239555045861515,0.018894275659928267,-0.1461295518395127
MEAN_STD_MINUS_MEAN,Z4,Z3,2026,LOCAL0,dynamic,adjacent_percent_change_new_extension,residual_ftv_ld,SPH,,T0->T1,difference,goal6_transformed_standardized_residual,375,0.05749661490180382,0.01181352989349163,,-0.10413458132129265,0.05749661490180382,-0.10413458132129265,-0.06790290066395666,,,38.043516217657384,27.209693758584244,0.06291658148137595,0.0019737073755671493,375,-0.010562614598112304,-0.016238363890283894,,-0.16181861253174645,-0.010562614598112304,-0.16181861253174645,-0.09216230387621716,,,38.473204291051125,27.431186115157374,0.11674684096199811,-0.17620039179890348,0.06805922949991612,0.028051893783775525,,0.057684031210453804,0.06805922949991612,0.057684031210453804,0.0242594032122605,,,-0.4296880733937414,-0.2214923565731297,-0.05383025948062216,0.17817409917447063
MEAN_STD_MINUS_MEAN,Z4,Z3,2026,LOCAL3,dynamic,adjacent_percent_change_new_extension,residual_ftv_ld,SPH,,T0->T1,difference,goal6_transformed_standardized_residual,375,0.05137040086204441,0.014460368221192017,,-0.11819331176412845,0.05137040086204441,-0.11819331176412845,-0.07397834470591658,,,38.15158009282332,27.2754395604187,0.06360832246416669,0.08564713157192372,375,0.02407558343371318,-0.0046683111061115974,,-0.115903032633909,0.02407558343371318,-0.115903032633909,-0.08005947552007053,,,38.25943946443344,27.24211723817068,0.052807699677321705,0.0978519135713796,0.02729481742833123,0.019128679327303614,,-0.0022902791302194525,0.02729481742833123,-0.0022902791302194525,0.006081130814153957,,,-0.10785937161011816,0.033322322248018565,0.01080062278684498,-0.012204781999455877
MEAN_STD_MINUS_MEAN,Z4,Z3,3026,LOCAL0,dynamic,adjacent_percent_change_new_extension,residual_ftv_ld,SPH,,T0->T1,difference,goal6_transformed_standardized_residual,375,0.034215170108682164,0.010840304730949636,,-0.13009255230417544,0.034215170108682164,-0.13009255230417544,-0.08019230946263756,,,38.261792110768575,27.383007960086058,0.08233280569191513,-0.02956471597963041,375,-0.00019810431071879008,-0.04733029685384943,,-0.09825017288996304,-0.00019810431071879008,-0.09825017288996304,-0.061496650014597476,,,37.92923480281388,27.066744720157462,0.03082909424699129,-0.534990360493333,0.03441327441940095,0.058170601584799066,,-0.03184237941421239,0.03441327441940095,-0.03184237941421239,-0.01869565944804008,,,0.3325573079546942,0.3162632399285954,0.05150371144492384,0.5054256445137026
MEAN_STD_MINUS_MEAN,Z4,Z3,3026,LOCAL3,dynamic,adjacent_percent_change_new_extension,residual_ftv_ld,SPH,,T0->T1,difference,goal6_transformed_standardized_residual,375,0.027816712768398484,0.006180003753186108,,-0.08862364862268454,0.027816712768398484,-0.08862364862268454,-0.05792616931877115,,,37.865391137852384,26.923382834427034,0.033057338644970825,-0.03629541206574938,375,0.018292933464756914,-0.02489149610185578,,-0.09549184341393126,0.018292933464756914,-0.09549184341393126,-0.05771658152192494,,,37.86164015917607,27.00747655520233,0.033103512495000695,-0.32810854363190134,0.00952377930364157,0.031071499855041887,,0.006868194791246715,0.00952377930364157,0.006868194791246715,-0.0002095877968462112,,,0.003750978676315242,-0.08409372077529653,-4.6173850029869457e-05,0.29181313156615196
MEAN_STD_MINUS_MEAN,Z4,Z3,2026,LOCAL0,dynamic,adjacent_percent_change_new_extension,residual_ftv_ld,SPH,,T0->T1,prefix,goal6_transformed_standardized_residual,375,0.054900657803099134,0.02363919470535698,,-0.17706040486399802,0.054900657803099134,-0.17706040486399802,-0.10232279189883453,,,38.65174990399466,27.66604834477809,0.14782622685797048,0.07931518702713923,375,0.010190539550857658,0.0032137987674036024,,-0.1648491264670655,0.010190539550857658,-0.1648491264670655,-0.09105621118711982,,,38.45371739348612,27.520637889615497,0.10406663692394272,0.04370067270770602,0.04471011825224148,0.020425395937953377,,-0.012211278396932507,0.04471011825224148,-0.012211278396932507,-0.011266580711714713,,,0.19803251050853987,0.14541045516259388,0.04375958993402776,0.03561451431943321
MEAN_STD_MINUS_MEAN,Z4,Z3,2026,LOCAL3,dynamic,adjacent_percent_change_new_extension,residual_ftv_ld,SPH,,T0->T1,prefix,goal6_transformed_standardized_residual,375,0.052039448541522905,0.029947987569514684,,-0.10469327841566652,0.052039448541522905,-0.10469327841566652,-0.06645616869851678,,,38.01773792619731,27.069263812918866,0.06145662534285603,0.13725086017904517,375,0.03674014435376778,0.021308402995203028,,-0.14739638412901923,0.03674014435376778,-0.14739638412901923,-0.08318970071193865,,,38.31484104970094,27.472146067368598,0.09472722872820798,0.11379518535925305,0.015299304187755124,0.008639584574311656,,0.042703105713352715,0.015299304187755124,0.042703105713352715,0.01673353201342187,,,-0.297103123503625,-0.40288225444973236,-0.03327060338535195,0.02345567481979212
MEAN_STD_MINUS_MEAN,Z4,Z3,3026,LOCAL0,dynamic,adjacent_percent_change_new_extension,residual_ftv_ld,SPH,,T0->T1,prefix,goal6_transformed_standardized_residual,375,0.027518753909656263,0.013814620648983075,,-0.11229863262719876,0.027518753909656263,-0.11229863262719876,-0.07282659588107987,,,38.131117471386254,27.288771433242268,0.06407415603852025,0.0490654451633647,375,0.04514812085382357,0.01785264959419625,,-0.11625380326370115,0.04514812085382357,-0.11625380326370115,-0.07103584559489362,,,38.099280160478266,27.33228458735115,0.06860632151100246,0.13162157136487315,-0.017629366944167304,-0.004038028945213174,,0.003955170636502386,-0.017629366944167304,0.003955170636502386,-0.001790750286186249,,,0.03183731090798858,-0.0435131541088829,-0.004532165472482211,-0.08255612620150846
MEAN_STD_MINUS_MEAN,Z4,Z3,3026,LOCAL3,dynamic,adjacent_percent_change_new_extension,residual_ftv_ld,SPH,,T0->T1,prefix,goal6_transformed_standardized_residual,375,0.032387063172233124,0.019011716161816503,,-0.11139893953257617,0.032387063172233124,-0.11139893953257617,-0.0747069012860977,,,38.16451837622597,27.302509526097268,0.06736427427862715,0.04315324059129621,375,0.05228904037744935,0.03254712819862685,,-0.10827098437906889,0.05228904037744935,-0.10827098437906889,-0.06585065866940343,,,38.006943581910065,27.187544825887862,0.06914573135752992,0.13585317899323346,-0.019901977205216227,-0.01353541203681035,,-0.003127955153507278,-0.019901977205216227,-0.003127955153507278,-0.008856242616694265,,,0.15757479431590582,0.11496470020940563,-0.0017814570789027734,-0.09269993840193724
MEAN_STD_MINUS_MEAN,Z4,Z3,2026,LOCAL0,dynamic,adjacent_percent_change_new_extension,residual_ftv_ld,SPH,,T1->T2,difference,goal6_transformed_standardized_residual,370,-0.011289753049401864,0.0372536252381823,,-0.08623908074017977,-0.011289753049401864,-0.08623908074017977,0.08491481585370197,,,56.304601754466795,39.0819824773386,0.0645086456259385,0.09852960225150464,370,-0.019112519439645155,0.03170092124292025,,-0.09996301560051289,-0.019112519439645155,-0.09996301560051289,0.07943269325531066,,,56.47300564675273,39.282413764893086,0.06848029559242855,0.11262006333089407,0.007822766390243291,0.0055527039952620455,,0.013723934860333117,0.007822766390243291,0.013723934860333117,0.005482122598391315,,,-0.16840389228593722,-0.20043128755448691,-0.003971649966490048,-0.014090461079389424
MEAN_STD_MINUS_MEAN,Z4,Z3,2026,LOCAL3,dynamic,adjacent_percent_change_new_extension,residual_ftv_ld,SPH,,T1->T2,difference,goal6_transformed_standardized_residual,370,-0.008826163516084383,0.0409652681843692,,-0.07888570009305662,-0.008826163516084383,-0.07888570009305662,0.08871798313699442,,,56.1874767162968,38.9789314028556,0.05648065506303554,0.1295511789398889,370,-0.018558485950011992,0.02753564467314462,,-0.0724347362822478,-0.018558485950011992,-0.0724347362822478,0.09525591902670871,,,55.985557129058414,38.924926707513976,0.05079647793316021,-0.01730444969815262,0.009732322433927609,0.013429623511224578,,-0.006450963810808827,0.009732322433927609,-0.006450963810808827,-0.006537935889714297,,,0.2019195872383861,0.05400469534162511,0.005684177129875331,0.14685562863804152
MEAN_STD_MINUS_MEAN,Z4,Z3,3026,LOCAL0,dynamic,adjacent_percent_change_new_extension,residual_ftv_ld,SPH,,T1->T2,difference,goal6_transformed_standardized_residual,370,0.03287162703027764,0.09524394418797565,,-0.03081686756063401,0.03287162703027764,-0.03081686756063401,0.12628131924054675,,,55.01725773830752,38.08385090409795,0.019341356130636627,0.707070381027793,370,0.04866112028970871,0.106971732657863,,-0.03330717703871833,0.04866112028970871,-0.03330717703871833,0.1255309282449929,,,55.04087838146127,37.788153528868044,0.04025846340052734,0.4976256682026818,-0.01578949325943107,-0.011727788469887354,,0.0024903094780843182,-0.01578949325943107,0.0024903094780843182,0.0007503909955538512,,,-0.023620643153748233,0.29569737522990636,-0.020917107269890715,0.20944471282511118
MEAN_STD_MINUS_MEAN,Z4,Z3,3026,LOCAL3,dynamic,adjacent_percent_change_new_extension,residual_ftv_ld,SPH,,T1->T2,difference,goal6_transformed_standardized_residual,370,0.021379114815289976,0.07256705258990193,,-0.036571526787430614,0.021379114815289976,-0.036571526787430614,0.12324927020436083,,,55.1126377237679,38.206879430510774,0.018790280494581965,0.5548764541210504,370,0.0199785511227769,0.058809961088367994,,-0.05315473737285227,0.0199785511227769,-0.05315473737285227,0.11151617234931366,,,55.48018398718796,38.16429210698705,0.03975008246431768,0.26165610874057854,0.0014005636925130752,0.013757091501533932,,0.016583210585421657,0.0014005636925130752,0.016583210585421657,0.01173309785504717,,,-0.3675462634200599,0.042587323523726184,-0.020959801969735715,0.2932203453804718
MEAN_STD_MINUS_MEAN,Z4,Z3,2026,LOCAL0,dynamic,adjacent_percent_change_new_extension,residual_ftv_ld,SPH,,T1->T2,prefix,goal6_transformed_standardized_residual,370,-0.014763578957487339,0.02434997045356859,,-0.15897541969069073,-0.014763578957487339,-0.15897541969069073,0.048075963006607214,,,57.42675491333157,40.65385103633836,0.12352362853933965,0.0972415343899508,370,-0.0062951273039938,-0.0025992932649207354,,-0.21258530636151676,-0.0062951273039938,-0.21258530636151676,0.014777523996273412,,,58.42251981354846,41.225751394142264,0.1546544066174978,0.022275522716227444,-0.008468451653493539,0.026949263718489325,,0.05360988667082603,-0.008468451653493539,0.05360988667082603,0.0332984390103338,,,-0.9957649002168907,-0.571900357803905,-0.031130778078158144,0.07496601167372335
MEAN_STD_MINUS_MEAN,Z4,Z3,2026,LOCAL3,dynamic,adjacent_percent_change_new_extension,residual_ftv_ld,SPH,,T1->T2,prefix,goal6_transformed_standardized_residual,370,-0.007539687199019296,0.028979928112495612,,-0.14017796107075955,-0.007539687199019296,-0.14017796107075955,0.05987994425438237,,,57.06959465486822,40.40392448599657,0.10662799868538288,0.11535970258569742,370,-0.02193730956724249,0.004229307722736811,,-0.20022502711995338,-0.02193730956724249,-0.20022502711995338,0.022898312358916373,,,58.18124506174596,41.49361371704843,0.15819202657107123,-0.0023181613297549777,0.014397622368223196,0.024750620389758803,,0.060047066049193826,0.014397622368223196,0.060047066049193826,0.036981631895465994,,,-1.111650406877743,-1.0896892310518638,-0.051564027885688354,0.11767786391545239
MEAN_STD_MINUS_MEAN,Z4,Z3,3026,LOCAL0,dynamic,adjacent_percent_change_new_extension,residual_ftv_ld,SPH,,T1->T2,prefix,goal6_transformed_standardized_residual,370,0.027970969515371834,0.06852730655900835,,-0.07818692685178913,0.027970969515371834,-0.07818692685178913,0.1043387541786025,,,55.703825374221935,39.20821371422136,0.05712984401131348,0.37790984056726085,370,-0.016900630925712628,0.015417787487035029,,-0.08272310318042612,-0.016900630925712628,-0.08272310318042612,0.0959021935733736,,,55.96555782484105,38.98951874625419,0.040573405485947976,0.16050512319731372,0.04487160044108446,0.053109519071973324,,0.0045361763286369955,0.04487160044108446,0.0045361763286369955,0.008436560605228904,,,-0.2617324506191139,0.21869496796716703,0.0165564385253655,0.21740471736994713
MEAN_STD_MINUS_MEAN,Z4,Z3,3026,LOCAL3,dynamic,adjacent_percent_change_new_extension,residual_ftv_ld,SPH,,T1->T2,prefix,goal6_transformed_standardized_residual,370,0.018980741453989418,0.05652685077318694,,-0.08932048093637884,0.018980741453989418,-0.08932048093637884,0.10012583116437435,,,55.83467876033272,39.41340190672646,0.059916791080907805,0.34565784491393126,370,-0.023871882992987425,0.00924937944345321,,-0.09076352955496664,-0.023871882992987425,-0.09076352955496664,0.09308029800952577,,,56.05283041697501,39.159367247928515,0.04295966392060921,0.1477089389623165,0.04285262444697684,0.04727747132973373,,0.0014430486185877944,0.04285262444697684,0.0014430486185877944,0.007045533154848571,,,-0.2181516566422914,0.2540346587979485,0.016957127160298596,0.19794890595161477
MEAN_STD_MINUS_MEAN,Z4,Z3,2026,LOCAL0,dynamic,adjacent_percent_change_new_extension,residual_ftv_ld,SPH,,T2->T3,difference,goal6_transformed_standardized_residual,313,0.06216709495015647,0.03449717505171245,,-0.06571829748038348,0.06216709495015647,-0.06571829748038348,0.09744515315061997,,,64.18753305769833,39.43037952220417,0.05358971634277385,0.09439009950863363,313,0.08633427474734162,0.06668751403578442,,-0.03644227266430282,0.08633427474734162,-0.03644227266430282,0.11175638936701027,,,63.6766092421919,38.69532180817266,0.03552859698605427,0.2800258104091941,-0.024167179797185148,-0.03219033898407197,,-0.02927602481608066,-0.024167179797185148,-0.02927602481608066,-0.0143112362163903,,,0.5109238155064304,0.7350577140315124,0.018061119356719578,-0.18563571090056047
MEAN_STD_MINUS_MEAN,Z4,Z3,2026,LOCAL3,dynamic,adjacent_percent_change_new_extension,residual_ftv_ld,SPH,,T2->T3,difference,goal6_transformed_standardized_residual,313,0.06767466387694719,0.03486173583044069,,-0.06990084470898124,0.06767466387694719,-0.06990084470898124,0.09364029845085786,,,64.32268683137168,39.3454607721674,0.05397526913838174,0.09574966793098491,313,0.08466691477276296,0.07033868076156222,,-0.037454682491322035,0.08466691477276296,-0.037454682491322035,0.11125509041134896,,,63.69457532423134,38.56454369501548,0.03363329925200326,0.3320979768829631,-0.01699225089581577,-0.035476944931121523,,-0.032446162217659204,-0.01699225089581577,-0.032446162217659204,-0.017614791960491094,,,0.6281115071403462,0.7809170771519192,0.020341969886378486,-0.2363483089519782
MEAN_STD_MINUS_MEAN,Z4,Z3,3026,LOCAL0,dynamic,adjacent_percent_change_new_extension,residual_ftv_ld,SPH,,T2->T3,difference,goal6_transformed_standardized_residual,313,0.08081607601077587,0.06004363011093646,,-0.04644456032661947,0.08081607601077587,-0.04644456032661947,0.10089953595961365,,,64.064581596182,38.97955146646319,0.05264484072843934,0.1658187351259762,313,0.07802638393524713,0.06250943933007279,,-0.060126030320368035,0.07802638393524713,-0.060126030320368035,0.09692545431637956,,,64.20601026471725,39.2786401548597,0.07939725792770311,0.12570390623936498,0.0027896920755287324,-0.0024658092191363265,,0.013681469993748564,0.0027896920755287324,0.013681469993748564,0.003974081643234095,,,-0.14142866853525504,-0.29908868839650893,-0.026752417199263766,0.04011482888661122
MEAN_STD_MINUS_MEAN,Z4,Z3,3026,LOCAL3,dynamic,adjacent_percent_change_new_extension,residual_ftv_ld,SPH,,T2->T3,difference,goal6_transformed_standardized_residual,313,0.05924823343009799,0.05953920668916256,,-0.04766799545908487,0.05924823343009799,-0.04766799545908487,0.1003057161031724,,,64.08573414965137,39.000878853686295,0.04912528771000011,0.19055781866493196,313,0.050900302354828134,0.07714412258430062,,-0.047548252711715956,0.050900302354828134,-0.047548252711715956,0.11250178217212803,,,63.64988569041111,39.27134469746057,0.049123603393201015,0.3704062086739059,0.008347931075269856,-0.01760491589513806,,-0.00011974274736891583,0.008347931075269856,-0.00011974274736891583,-0.012196066068955624,,,0.43584845924026183,-0.27046584377427507,1.6843167990956975e-06,-0.17984839000897393
MEAN_STD_MINUS_MEAN,Z4,Z3,2026,LOCAL0,dynamic,adjacent_percent_change_new_extension,residual_ftv_ld,SPH,,T2->T3,prefix,goal6_transformed_standardized_residual,313,0.020194315260019285,-0.0056202093126124335,,-0.11913763906831602,0.020194315260019285,-0.11913763906831602,0.07002382469094626,,,65.15530686767914,40.73542954542858,0.08223854023929031,-0.046914172524915636,313,0.03400463814237854,0.020539879465752288,,-0.07327286841284092,0.03400463814237854,-0.07327286841284092,0.09224572231168315,,,64.37215306710077,39.58579404413606,0.04459004689510777,0.15422664200316968,-0.013810322882359258,-0.02616008877836472,,-0.045864770655475104,-0.013810322882359258,-0.045864770655475104,-0.022221897620736897,,,0.7831538005783756,1.1496355012925221,0.03764849334418254,-0.20114081452808533
MEAN_STD_MINUS_MEAN,Z4,Z3,2026,LOCAL3,dynamic,adjacent_percent_change_new_extension,residual_ftv_ld,SPH,,T2->T3,prefix,goal6_transformed_standardized_residual,313,-0.005972234405144313,-0.024161080502358396,,-0.14192946650676092,-0.005972234405144313,-0.14192946650676092,0.05488596743968466,,,65.6834549974983,41.0559787533845,0.08854757546931111,-0.11050466195556148,313,-0.01180412155072449,0.0011902773832680816,,-0.09204221477724202,-0.01180412155072449,-0.09204221477724202,0.08200313426050565,,,64.73430391755194,40.094775315147544,0.05783051019888137,-0.05409820439998876,0.005831887145580176,-0.025351357885626476,,-0.0498872517295189,0.005831887145580176,-0.0498872517295189,-0.027117166820820993,,,0.9491510799463612,0.9612034382369572,0.030717065270429736,-0.05640645755557272
MEAN_STD_MINUS_MEAN,Z4,Z3,3026,LOCAL0,dynamic,adjacent_percent_change_new_extension,residual_ftv_ld,SPH,,T2->T3,prefix,goal6_transformed_standardized_residual,313,0.04626518419221552,0.04282560163657923,,-0.07064652766459445,0.04626518419221552,-0.07064652766459445,0.0940330498325942,,,64.30874889842154,39.59955131450954,0.05846041473579394,0.18958301220935134,313,0.05407687986188365,0.07034906890402591,,-0.09913266770776773,0.05407687986188365,-0.09913266770776773,0.12947125293631156,,,63.03843776543437,41.06848763728398,0.10956949675201792,0.3124701279800872,-0.007811695669668127,-0.02752346726744668,,0.028486140043173278,-0.007811695669668127,0.028486140043173278,-0.03543820310371737,,,1.2703111329871746,-1.4689363227744394,-0.05110908201622398,-0.12288711577073588
MEAN_STD_MINUS_MEAN,Z4,Z3,3026,LOCAL3,dynamic,adjacent_percent_change_new_extension,residual_ftv_ld,SPH,,T2->T3,prefix,goal6_transformed_standardized_residual,313,0.025983595891263776,0.023575176469027497,,-0.0825516041065269,0.025983595891263776,-0.0825516041065269,0.08751124491236895,,,64.5398042460031,39.77716048109969,0.058993534917896474,0.13099933543573367,313,0.0109112970328523,0.01986342293737189,,-0.09356408632800262,0.0109112970328523,-0.09356408632800262,0.10075991996887323,,,64.0695555079879,40.48734363248131,0.06051272902314071,0.17707043697845845,0.015072298858411477,0.0037117535316556066,,0.011012482221475717,0.015072298858411477,0.011012482221475717,-0.013248675056504289,,,0.47024873801520073,-0.7101831513816208,-0.0015191941052442384,-0.046071101542724785
MEAN_STD_MINUS_MEAN,Z4,Z3,2026,LOCAL0,static,goal6_workbook_endpoint,raw,BPE,T0,,current,natural_target,375,0.270941404027762,0.20701122312611506,-0.011574817709798735,0.011229528166310824,,,,17.34624768167786,12.06290515990419,,,0.12835130223331534,0.5778215723604673,375,0.2916165661622483,0.23149083265307588,0.009309258712632662,0.03787795243200927,,,,17.166256229029152,11.853682878220866,,,0.10649969684221457,0.7093484290807726,-0.02067516213448628,-0.02447960952696082,-0.020884076422431397,-0.026648424265698446,,,,0.1799914526487072,0.20922228168332424,,,0.021851605391100773,-0.13152685672030529
MEAN_STD_MINUS_MEAN,Z4,Z3,2026,LOCAL3,static,goal6_workbook_endpoint,raw,BPE,T0,,current,natural_target,375,0.276568665377176,0.21553274170308728,-0.010713879675483984,0.0048912965457023365,,,,17.338864528689356,12.013529754745514,,,0.13831166056973956,0.5795405861341532,375,0.26683422459893047,0.21827207660489475,-0.007325979903577862,0.010994907390426939,,,,17.30978031161992,12.079060455474597,,,0.14881324081823175,0.5658188255200978,0.009734440778245534,-0.002739334901807472,-0.003387899771906122,-0.0061036108447246025,,,,0.029084217069435425,-0.06553070072908262,,,-0.010501580248492182,0.01372176061405539
MEAN_STD_MINUS_MEAN,Z4,Z3,3026,LOCAL0,static,goal6_workbook_endpoint,raw,BPE,T0,,current,natural_target,375,0.29483763795653656,0.1971040728693575,-0.055360222765915346,-0.05066682256319075,,,,17.717681860024722,12.433093576368956,,,0.21900812626835522,0.4211778115421454,375,0.3247038343383776,0.2705007234574615,0.03479622844435726,0.0784881439580883,,,,16.94400393701579,11.733613668179407,,,0.07723674731108768,0.9733217829433899,-0.029866196381841015,-0.07339665058810402,-0.0901564512102726,-0.12915496652127906,,,,0.7736779230089326,0.6994799081895486,,,0.14177137895726755,-0.5521439714012445
MEAN_STD_MINUS_MEAN,Z4,Z3,3026,LOCAL3,static,goal6_workbook_endpoint,raw,BPE,T0,,current,natural_target,375,0.32418181818181824,0.2642160267114527,0.032403091927682315,0.06843826500554008,,,,16.964996504733218,11.880837685157044,,,0.11981195000767991,0.7633243016018926,375,0.3256768688132894,0.2708691002117879,0.03662663984277292,0.07679494399025404,,,,16.92793001730083,11.754642162454918,,,0.08755867039333294,0.9153978457776895,-0.001495050631471151,-0.0066530735003351715,-0.0042235479150906086,-0.008356678984713956,,,,0.03706648743238716,0.12619552270212608,,,0.03225327961434697,-0.15207354417579688
MEAN_STD_MINUS_MEAN,Z4,Z3,2026,LOCAL0,static,goal6_workbook_endpoint,raw,BPE,T1,,current,natural_target,375,0.32713551029696214,0.3166694320988533,0.06751821209055742,0.09702221416533093,,,,12.204437862305607,8.71470938532316,,,0.11659973316884994,0.9273792298342498,375,0.30097508248947547,0.2762500216346166,0.03734534527528488,0.0736829642637801,,,,12.400319037076395,8.868169925853403,,,0.13666522363087563,0.747262713361077,0.026160427807486675,0.040419410464236694,0.030172866815272537,0.023339249901550826,,,,-0.19588117477078804,-0.1534605405302436,,,-0.020065490462025687,0.18011651647317284
MEAN_STD_MINUS_MEAN,Z4,Z3,2026,LOCAL3,static,goal6_workbook_endpoint,raw,BPE,T1,,current,natural_target,375,0.3458791671407442,0.3336498120298141,0.08129881959297991,0.10858672758552015,,,,12.113921039333919,8.62956253189497,,,0.12562880072035734,0.9413394888235357,375,0.31244123335988166,0.29849178535501936,0.05490935995104407,0.08370401753307863,,,,12.28667391462266,8.797173116306961,,,0.12914796675516857,0.8305936317574051,0.03343793378086252,0.03515802667479473,0.026389459641935842,0.024882710052441526,,,,-0.17275287528874195,-0.16761058441199062,,,-0.0035191660348112275,0.1107458570661306
MEAN_STD_MINUS_MEAN,Z4,Z3,3026,LOCAL0,static,goal6_workbook_endpoint,raw,BPE,T1,,current,natural_target,375,0.3445368073728524,0.305095218201315,0.05763645687410257,0.10266462383163844,,,,12.268934263230848,8.740960852411266,,,0.09753267015256517,0.9769230212709044,375,0.3058987370576857,0.2884023873798297,0.04648518352119424,0.08646799753531718,,,,12.341311785032826,8.842301330237543,,,0.09092884430302632,0.9564186044014997,0.038638070315166695,0.016692830821485316,0.01115127335290833,0.01619662629632125,,,,-0.0723775218019771,-0.10134047782627675,,,0.00660382584953885,0.02050441686940463
MEAN_STD_MINUS_MEAN,Z4,Z3,3026,LOCAL3,static,goal6_workbook_endpoint,raw,BPE,T1,,current,natural_target,375,0.3300889748549323,0.29404177342430676,0.05328223624026018,0.08745548578221081,,,,12.297246096898615,8.831887872244957,,,0.11437934305575191,0.8694312269618706,375,0.3057863238138583,0.27360398021871346,0.03592322036606843,0.0679528789574221,,,,12.40947512142775,8.942451288060164,,,0.11372412802970912,0.8113273252723944,0.02430265104107404,0.020437793205593302,0.017359015874191752,0.019502606824788715,,,,-0.1122290245291353,-0.11056341581520712,,,0.0006552150260427936,0.05810390168947621
MEAN_STD_MINUS_MEAN,Z4,Z3,2026,LOCAL0,static,goal6_workbook_endpoint,raw,BPE,T2,,current,natural_target,375,0.44728456024576174,0.4017331837319261,0.1322089768332263,0.18700550889704376,,,,10.301042528684038,6.888955276314959,,,0.13470478818606138,1.0945766765860785,375,0.4280079645010809,0.3748846661533716,0.10978403841869111,0.16526059573265653,,,,10.433290311700112,7.003461439524459,,,0.11673243698690823,1.0972406804119401,0.019276595744680824,0.0268485175785545,0.02242493841453519,0.02174491316438723,,,,-0.13224778301607465,-0.11450616320950058,,,0.01797235119915315,-0.002664003825861627
MEAN_STD_MINUS_MEAN,Z4,Z3,2026,LOCAL3,static,goal6_workbook_endpoint,raw,BPE,T2,,current,natural_target,375,0.4588501536010923,0.3924178925762945,0.12094002594628506,0.18172995691779226,,,,10.367710374138005,6.898420287482963,,,0.124903742420544,1.1103530135079196,375,0.43594311070656505,0.3780385666723509,0.11218338846659714,0.16747964340460875,,,,10.419220688679294,6.989912629457444,,,0.12298194577179343,1.0779917269671788,0.022907042894527274,0.014379325903943585,0.008756637479687912,0.01425031351318351,,,,-0.051510314541289404,-0.09149234197448042,,,0.0019217966487505705,0.032361286540740775
MEAN_STD_MINUS_MEAN,Z4,Z3,3026,LOCAL0,static,goal6_workbook_endpoint,raw,BPE,T2,,current,natural_target,375,0.39973785413585167,0.36284160372027935,0.10150157944988225,0.13999517825668925,,,,10.481712962828686,7.016580664524311,,,0.12527110855453144,1.0251599175951385,375,0.3808481055865286,0.3222937673477666,0.07009625485435866,0.11799694651466672,,,,10.66332391968604,7.159021727701401,,,0.08853598704271905,1.08315844557891,0.01888974854932307,0.04054783637251275,0.03140532459552359,0.021998231742022534,,,,-0.1816109568573534,-0.14244106317709004,,,0.036735121511812394,-0.057998527983771586
MEAN_STD_MINUS_MEAN,Z4,Z3,3026,LOCAL3,static,goal6_workbook_endpoint,raw,BPE,T2,,current,natural_target,375,0.40982000227557175,0.36588585924584177,0.10362595964578003,0.14343314596183987,,,,10.469314320584873,7.0117774032413,,,0.12339672865050427,1.0415828057408647,375,0.4009848674479463,0.3518514472787347,0.09003090940488556,0.1295733401823363,,,,10.548408107909145,7.130294216309967,,,0.09952888516656067,1.1152822028835685,0.008835134827625435,0.014034411967107085,0.013595050240894468,0.013859805779503576,,,,-0.07909378732427186,-0.11851681306866713,,,0.023867843483943607,-0.07369939714270379
MEAN_STD_MINUS_MEAN,Z4,Z3,2026,LOCAL0,static,goal6_workbook_endpoint,raw,BPE,T3,,current,natural_target,375,0.38876162746713966,0.3036650593461504,0.06256579415108376,0.10266375654408046,,,,10.033844602021832,6.710061342373933,,,0.13002873888296204,0.8421222618929031,375,0.2991995102967319,0.2410888537968765,0.01989085365113441,0.061069470927160155,,,,10.259688934085915,6.876211795128541,,,0.06471414927901344,0.9477144643187257,0.08956211717040774,0.0625762055492739,0.042674940499949354,0.0415942856169203,,,,-0.22584433206408328,-0.16615045275460805,,,0.0653145896039486,-0.10559220242582268
MEAN_STD_MINUS_MEAN,Z4,Z3,2026,LOCAL3,static,goal6_workbook_endpoint,raw,BPE,T3,,current,natural_target,375,0.398828648781865,0.3180941615559642,0.07339013996789179,0.11272703038644705,,,,9.975747111134726,6.7165548334350085,,,0.13318391058163623,0.8716252778137368,375,0.290988901461477,0.21973408636098404,0.005064267075666207,0.02539303106353986,,,,10.336999299778322,7.020744597264234,,,0.09713310885607351,0.7050400497713368,0.10783974732038804,0.09836007519498016,0.06832587289222558,0.08733399932290718,,,,-0.3612521886435953,-0.3041897638292257,,,0.036050801725562714,0.16658522804239995
MEAN_STD_MINUS_MEAN,Z4,Z3,3026,LOCAL0,static,goal6_workbook_endpoint,raw,BPE,T3,,current,natural_target,375,0.36324938175531063,0.2831230405956909,0.04452352583977137,0.09975776802669799,,,,10.129942299719207,6.850087510157464,,,0.07136086316989906,1.05985186037508,375,0.2635180700410428,0.12539653915476934,-0.10036867399681215,-0.011185374449733379,,,,10.870914538055935,7.2608620176349525,,,0.1748717317755178,0.29986497707225085,0.09973131171426786,0.15772650144092154,0.14489219983658352,0.11094314247643136,,,,-0.7409722383367274,-0.41077450747748845,,,-0.10351086860561873,0.7599868833028292
MEAN_STD_MINUS_MEAN,Z4,Z3,3026,LOCAL3,static,goal6_workbook_endpoint,raw,BPE,T3,,current,natural_target,375,0.36895014731496883,0.2917302663825182,0.048399790362150474,0.10527887341622785,,,,10.109373377920203,6.81397503043351,,,0.06830952645648677,1.116197000774978,375,0.2848711371437127,0.13891487366541208,-0.0831400923611596,0.009942541552830416,,,,10.785475291551549,7.188434658950505,,,0.16672572181225812,0.34021028999707065,0.08407901017125613,0.15281539271710612,0.13153988272331008,0.09533633186339743,,,,-0.6761019136313458,-0.37445962851699477,,,-0.09841619535577134,0.7759867107779073
MEAN_STD_MINUS_MEAN,Z4,Z3,2026,LOCAL0,static,goal6_workbook_endpoint,raw,FTV,T0,,current,natural_target,375,0.816139264990329,0.7059649661559755,0.4801811655375,0.6592867602708186,,,,30.762195025941104,13.3982720367437,,,0.41212874044328857,1.099680942095998,375,0.7711113892365457,0.6894564836166056,0.39498696734602057,0.5953762300212235,,,,33.1874344456083,14.744456960419114,,,0.2136273071197343,1.4916896521109284,0.04502787575378331,0.016508482539369873,0.08519419819147944,0.06391053024959503,,,,-2.425239419667193,-1.3461849236754144,,,0.19850143332355427,-0.3920087100149303
MEAN_STD_MINUS_MEAN,Z4,Z3,2026,LOCAL3,static,goal6_workbook_endpoint,raw,FTV,T0,,current,natural_target,375,0.8160964842416657,0.6666323496256944,0.42848896159952066,0.65453127084075,,,,32.25548876281551,13.79989717102775,,,0.4047149531589135,1.0478805019306425,375,0.7733020821481398,0.7168609116749586,0.46749826695146657,0.6114933163920607,,,,31.13521208546628,13.901470522388918,,,0.31130755349972955,1.2848134401193478,0.04279440209352592,-0.05022856204926418,-0.03900930535194591,0.0430379544486893,,,,1.1202766773492314,-0.10157335136116785,,,0.09340739965918393,-0.2369329381887053
MEAN_STD_MINUS_MEAN,Z4,Z3,3026,LOCAL0,static,goal6_workbook_endpoint,raw,FTV,T0,,current,natural_target,375,0.7867158948685857,0.6999120470132413,0.3537388509826246,0.6216497612191078,,,,34.300096336351224,14.051475888198667,,,1.1231833277939185,0.6604168487582676,375,0.7770811241324384,0.62671608781533,-0.02448137718143073,0.6012897210374969,,,,43.186036725725536,15.569546924572489,,,1.6122281712093542,0.4935800418102694,0.00963477073614738,0.07319595919791133,0.3782202281640553,0.02036004018161086,,,,-8.885940389374312,-1.5180710363738221,,,-0.48904484341543575,0.16683680694799818
MEAN_STD_MINUS_MEAN,Z4,Z3,3026,LOCAL3,static,goal6_workbook_endpoint,raw,FTV,T0,,current,natural_target,375,0.7840152463306407,0.7010480265500338,0.2893640273073128,0.6217055857860139,,,,35.96788570871714,13.807044111032987,,,1.3133518660213364,0.6117263997432317,375,0.7579608601661167,0.6397441618434212,-0.016613157410699353,0.5647340348108034,,,,43.01987842332078,16.05460978754592,,,1.668006104535857,0.4953446918742251,0.026054386164523935,0.06130386470661264,0.30597718471801216,0.05697155097521045,,,,-7.051992714603642,-2.2475656765129344,,,-0.3546542385145206,0.11638170786900665
MEAN_STD_MINUS_MEAN,Z4,Z3,2026,LOCAL0,static,goal6_workbook_endpoint,raw,FTV,T1,,current,natural_target,375,0.6126988280805552,0.3594184231840253,0.09241022815687905,0.3757348823647647,,,,35.896069559810805,11.651992628238164,,,0.08710567554257885,1.2178031916372567,375,0.5185793605643418,0.18378752255681063,-0.11076626127383382,0.25598566844884163,,,,39.7112393865694,13.28031501461361,,,0.27680541818849375,0.3493242458763491,0.09411946751621336,0.17563090062721465,0.20317648943071287,0.11974921391592308,,,,-3.8151698267585985,-1.6283223863754461,,,-0.18969974264591488,0.8684789457609077
MEAN_STD_MINUS_MEAN,Z4,Z3,2026,LOCAL3,static,goal6_workbook_endpoint,raw,FTV,T1,,current,natural_target,375,0.6228883832062807,0.38410022785810033,0.09752457891648136,0.3694901447913606,,,,35.79478786996369,12.17110619087035,,,0.32910413916854375,0.6695421037580439,375,0.5384476049607464,0.2642310539501135,0.004524130738596255,0.26033257119510494,,,,37.593907642745165,12.700029260097475,,,0.2216021786706236,0.5613023288903048,0.08444077824553431,0.11986917390798685,0.09300044817788511,0.10915757359625566,,,,-1.7991197727814736,-0.5289230692271243,,,0.10750196049792016,0.10823977486773906
MEAN_STD_MINUS_MEAN,Z4,Z3,3026,LOCAL0,static,goal6_workbook_endpoint,raw,FTV,T1,,current,natural_target,375,0.5440844237114575,0.3423485316502653,0.0856814309262095,0.28867799445172904,,,,36.028889115617815,11.909977389615591,,,0.09382802667166985,1.1176406215636552,375,0.5327782455341905,0.37886217011246154,0.12054085149725458,0.28990881707916505,,,,35.33539391416288,12.224489700163094,,,0.2015067374098238,0.8439883596598922,0.011306178177266979,-0.03651363846219624,-0.034859420571045074,-0.0012308226274360123,,,,0.6934952014549367,-0.31451231054750295,,,-0.10767871073815395,0.273652261903763
MEAN_STD_MINUS_MEAN,Z4,Z3,3026,LOCAL3,static,goal6_workbook_endpoint,raw,FTV,T1,,current,natural_target,375,0.5774210945500057,0.44020538216023153,0.1681616261481832,0.3233726741083022,,,,34.36541376038105,11.678855201045522,,,0.13802305655345515,1.18489407489023,375,0.5361979747411537,0.36002860929239455,0.10479838438971756,0.25675942821287184,,,,35.650245943236435,12.700014804650479,,,0.2120823333973553,0.7817803790219617,0.04122311980885196,0.08017677286783698,0.06336324175846564,0.06661324589543038,,,,-1.2848321828553821,-1.021159603604957,,,-0.07405927684390015,0.4031136958682682
MEAN_STD_MINUS_MEAN,Z4,Z3,2026,LOCAL0,static,goal6_workbook_endpoint,raw,FTV,T2,,current,natural_target,375,0.4814154056206622,0.24840758203469188,0.03858756946065345,0.3147190684973846,,,,30.496943297865123,7.196967757737276,,,0.05269974751723679,1.082083015167364,375,0.4077765388553874,0.1320220081960492,-0.012482289273280767,0.17716082579434453,,,,31.29645616984391,8.008307776876585,,,0.03485677778326175,0.7071356224396622,0.07363886676527481,0.11638557383864268,0.051069858733934215,0.1375582427030401,,,,-0.7995128719787878,-0.8113400191393083,,,0.01784296973397504,0.3749473927277017
MEAN_STD_MINUS_MEAN,Z4,Z3,2026,LOCAL3,static,goal6_workbook_endpoint,raw,FTV,T2,,current,natural_target,375,0.5109525543292752,0.20753931105634543,-0.04360188112076724,0.3316722313557375,,,,31.773779138017144,7.963669507383319,,,0.22752764123239316,0.4350941944555059,375,0.460922971896689,0.1583654008873134,-0.2116746241817422,0.21505499485555052,,,,34.236901400395325,8.669456411671934,,,0.39972623458200535,0.2504834164778073,0.050029582432586206,0.049173910169032026,0.16807274306097497,0.11661723650018696,,,,-2.4631222623781817,-0.7057869042886153,,,-0.17219859334961218,0.1846107779776986
MEAN_STD_MINUS_MEAN,Z4,Z3,3026,LOCAL0,static,goal6_workbook_endpoint,raw,FTV,T2,,current,natural_target,375,0.4317715325975652,0.20521683635486035,0.016574928835044522,0.23572795251792536,,,,30.844098666747307,7.723168754349255,,,0.05933154095989065,0.842500513415508,375,0.36456843782000226,0.21059302172867003,0.01698926309802362,0.18337524818900633,,,,30.83760040184039,7.78698226494702,,,0.0362216272058067,1.1065218595973936,0.06720309477756292,-0.005376185373809683,-0.00041433426297909914,0.05235270432891903,,,,0.006498264906916518,-0.06381351059776463,,,0.02310991375408395,-0.26402134618188555
MEAN_STD_MINUS_MEAN,Z4,Z3,3026,LOCAL3,static,goal6_workbook_endpoint,raw,FTV,T2,,current,natural_target,375,0.45853817271589487,0.21583530427646913,0.022740462163594377,0.27119238166489373,,,,30.747258893330365,7.620133942154158,,,0.06038152518816723,0.8783557416053187,375,0.3545909659802025,0.21697405378227652,0.017490188933343864,0.16612768971486003,,,,30.82974223783969,7.788467280884789,,,0.02709007898334458,1.3182648354144866,0.10394720673569235,-0.0011387495058073904,0.005250273230250513,0.1050646919500337,,,,-0.08248334450932404,-0.16833333873063072,,,0.03329144620482265,-0.4399090938091679
MEAN_STD_MINUS_MEAN,Z4,Z3,2026,LOCAL0,static,goal6_workbook_endpoint,raw,FTV,T3,,current,natural_target,375,0.30536092304931917,0.48627242981353797,0.05621055075432457,0.1266051501689572,,,,12.05482525043936,3.166694683993978,,,0.008861704885016341,5.165602761909056,375,0.2888013590170308,0.4742855623745935,0.07306163925513076,0.08410452901960654,,,,11.946722828133751,3.2273951251417037,,,0.013984777127861652,4.01062567595121,0.016559564032288365,0.011986867438944449,-0.01685108850080619,0.04250062114935067,,,,0.10810242230560796,-0.06070044114772566,,,-0.005123072242845311,1.1549770859578459
MEAN_STD_MINUS_MEAN,Z4,Z3,2026,LOCAL3,static,goal6_workbook_endpoint,raw,FTV,T3,,current,natural_target,375,0.301320758978312,0.5494304431774301,0.16520407988907404,0.14557526858284683,,,,11.337401295236482,3.0332000663123933,,,0.044766331357781575,2.596790818235741,375,0.2886180617031557,0.5551486079779582,0.15587265651136006,0.11735596401613979,,,,11.400590444769055,3.11370220529032,,,0.038089088596566616,2.84451982350431,0.012702697275156327,-0.005718164800528114,0.009331423377713977,0.028219304566707043,,,,-0.06318914953257249,-0.08050213897792657,,,0.006677242761214959,-0.24772900526856922
MEAN_STD_MINUS_MEAN,Z4,Z3,3026,LOCAL0,static,goal6_workbook_endpoint,raw,FTV,T3,,current,natural_target,375,0.25744079289115945,0.3235767705424136,0.04018013676199672,0.03261036111373889,,,,12.156770745709979,3.277249046674763,,,0.015316348350519161,2.6145666580536244,375,0.20676517275942533,0.25694600052159056,0.005256717948903811,0.05609776246710495,,,,12.375959160091401,3.2460989472015402,,,0.006126070570844906,3.2828486768478604,0.05067562013173413,0.06663077002082307,0.03492341881309291,-0.023487401353366057,,,,-0.21918841438142245,0.03115009947322278,,,0.009190277779674256,-0.668282018794236
MEAN_STD_MINUS_MEAN,Z4,Z3,3026,LOCAL3,static,goal6_workbook_endpoint,raw,FTV,T3,,current,natural_target,375,0.2815174810284156,0.3912170621907749,0.06312794939162292,0.11874661583486075,,,,12.010566761347567,3.207775105793891,,,0.018166397994526268,2.9025744974959085,375,0.22966413867699087,0.31612096842185167,0.01591777570704489,0.09200002556247451,,,,12.309461481510407,3.220814961109587,,,0.00650686344922381,3.9189295587482236,0.05185334235142475,0.07509609376892323,0.04721017368457803,0.02674659027238624,,,,-0.29889472016284024,-0.01303985531569607,,,0.011659534545302459,-1.0163550612523151
MEAN_STD_MINUS_MEAN,Z4,Z3,2026,LOCAL0,static,goal6_workbook_endpoint,raw,LD,T0,,current,natural_target,375,0.43338262454320936,0.423226381615126,0.1479929631393052,0.17290364246234544,,,,1.9859465454532061,1.4070014323448565,,,0.11674798958547604,1.2386483431424682,375,0.40089770437284367,0.3845027653723094,0.12036191029881427,0.12712250689823779,,,,2.017892272398263,1.4348958991586394,,,0.14789971578834735,0.999806136314656,0.032484920170365694,0.038723616242816616,0.027631052840490944,0.04578113556410765,,,,-0.03194572694505671,-0.027894466813782826,,,-0.031151726202871308,0.2388422068278122
MEAN_STD_MINUS_MEAN,Z4,Z3,2026,LOCAL3,static,goal6_workbook_endpoint,raw,LD,T0,,current,natural_target,375,0.4352432762012867,0.42886628223288636,0.15415650360949396,0.17696517656585425,,,,1.9787501966426349,1.4076457246791023,,,0.12109808484173681,1.2324044721504002,375,0.43101856804761807,0.4272744432997037,0.15040113988241854,0.17094131273917224,,,,1.983137945129035,1.4142119586482191,,,0.11804353771448067,1.243614590476917,0.004224708153668655,0.0015918389331826543,0.0037553637270754114,0.006023863826682019,,,,-0.0043877484864001115,-0.006566233969116819,,,0.003054547127256141,-0.01121011832651675
MEAN_STD_MINUS_MEAN,Z4,Z3,3026,LOCAL0,static,goal6_workbook_endpoint,raw,LD,T0,,current,natural_target,375,0.4216478173157556,0.4378148695241965,0.17930621319054074,0.18118293259409735,,,,1.9491108389722407,1.3940688809425956,,,0.18778219546562966,1.0103301220760448,375,0.38045204721567666,0.412029577306704,0.13451108839179104,0.10873096275457228,,,,2.0015973525478867,1.4129162076736235,,,0.31178738176118787,0.7379027438005871,0.041195770100078966,0.02578529221749254,0.0447951247987497,0.07245196983952507,,,,-0.05248651357564604,-0.018847326731027847,,,-0.1240051862955582,0.2724273782754577
MEAN_STD_MINUS_MEAN,Z4,Z3,3026,LOCAL3,static,goal6_workbook_endpoint,raw,LD,T0,,current,natural_target,375,0.427123924110271,0.45598095738281297,0.19434356027951594,0.19209809331167066,,,,1.9311717743642782,1.3711516861422284,,,0.2025991582068756,1.0130430182947383,375,0.36468203422082157,0.422777029806194,0.1476442549648742,0.10820637727868865,,,,1.9863529065047953,1.4151440560109476,,,0.3149056846848594,0.7533922233403012,0.06244188988944943,0.03320392757661894,0.046699305314641726,0.08389171603298201,,,,-0.05518113214051712,-0.04399236986871924,,,-0.11230652647798381,0.2596507949544371
MEAN_STD_MINUS_MEAN,Z4,Z3,2026,LOCAL0,static,goal6_workbook_endpoint,raw,LD,T1,,current,natural_target,375,0.2343079028095328,0.20393708882904824,-0.0035825688195294525,0.003128240094710929,,,,2.0587042298938565,1.4392053225340424,,,0.11827673541254353,0.5929888823225424,375,0.2164640578863471,0.19973115614868245,-0.014830783930781077,-0.01296652235538442,,,,2.0702091245957486,1.4615588977945075,,,0.13820528442738259,0.5372587426962274,0.017843844923185692,0.004205932680365787,0.011248215111251625,0.01609476245009535,,,,-0.011504894701892088,-0.02235357526046511,,,-0.01992854901483905,0.05573013962631501
MEAN_STD_MINUS_MEAN,Z4,Z3,2026,LOCAL3,static,goal6_workbook_endpoint,raw,LD,T1,,current,natural_target,375,0.2555572197693521,0.22590254403078455,0.011205990916955066,0.021730486848689935,,,,2.0434796414523615,1.427625610648081,,,0.119462470732453,0.6535899649071776,375,0.26278380396954215,0.21793787512298188,0.001636296308557883,0.01618661849354143,,,,2.0533443798694804,1.4362695817948137,,,0.13190691292223186,0.6000658809836033,-0.007226584200190067,0.007964668907802674,0.009569694608397183,0.005543868355148505,,,,-0.009864738417118879,-0.008643971146732765,,,-0.01244444218977886,0.05352408392357433
MEAN_STD_MINUS_MEAN,Z4,Z3,3026,LOCAL0,static,goal6_workbook_endpoint,raw,LD,T1,,current,natural_target,375,0.23949395802954762,0.20819859800722323,0.0022524062013116186,0.0009523575288274759,,,,2.052710702473872,1.4188606728676108,,,0.10981068975072865,0.6282832635141438,375,0.23208390945788998,0.2006127345286776,0.000982606259674501,-0.004051844086823671,,,,2.0540164952225712,1.4356488170932025,,,0.10150325793112697,0.629677980910031,0.00741004857165764,0.007585863478545646,0.0012697999416371175,0.005004201615651147,,,,-0.0013057927486990195,-0.016788144225591717,,,0.008307431819601682,-0.0013947173958872572
MEAN_STD_MINUS_MEAN,Z4,Z3,3026,LOCAL3,static,goal6_workbook_endpoint,raw,LD,T1,,current,natural_target,375,0.25835618955068124,0.23598539776452046,0.016396635593393105,0.0159409436053956,,,,2.038108991178354,1.4132555900424975,,,0.1242787276251816,0.6694015775731175,375,0.24268785421844036,0.2297605529418397,0.012493259031265191,0.0034905758422970313,,,,2.042149049411057,1.431530092438485,,,0.12921737416327386,0.6391679825544281,0.01566833533224088,0.006224844822680764,0.0039033765621279137,0.012450367763098569,,,,-0.0040400582327029255,-0.018274502395987602,,,-0.004938646538092256,0.030233595018689385
MEAN_STD_MINUS_MEAN,Z4,Z3,2026,LOCAL0,static,goal6_workbook_endpoint,raw,LD,T2,,current,natural_target,375,0.25249310208475423,0.23921877644652312,-0.01283839517243024,0.0266935933681635,,,,2.1494437543201257,1.519886725548454,,,0.16540728518849435,0.5881904215158693,375,0.188995723507221,0.1852559404089594,-0.028080811032710207,0.01463474395013336,,,,2.165557070802504,1.53707712164019,,,0.08100273355768095,0.6509120409121921,0.06349737857753324,0.053962836037563716,0.015242415860279968,0.012058849418030142,,,,-0.016113316482378348,-0.017190396091735893,,,0.0844045516308134,-0.06272161939632281
MEAN_STD_MINUS_MEAN,Z4,Z3,2026,LOCAL3,static,goal6_workbook_endpoint,raw,LD,T2,,current,natural_target,375,0.2637830304796725,0.23555402994355915,-0.05711102910555943,0.01096092750938341,,,,2.1959189621558437,1.5427050059602068,,,0.2721115841214969,0.451561621010887,375,0.22668386909450833,0.26103430429956453,0.007316588333876162,0.031078647628729396,,,,2.127949853283149,1.4995581983725823,,,0.1689862590000394,0.6349973148571484,0.03709916138516417,-0.02548027435600539,-0.06442761743943559,-0.020117720119345987,,,,0.06796910887269458,0.04314680758762446,,,0.10312532512145747,-0.1834356938462614
MEAN_STD_MINUS_MEAN,Z4,Z3,3026,LOCAL0,static,goal6_workbook_endpoint,raw,LD,T2,,current,natural_target,375,0.2932365747066027,0.2946110856784005,0.025959854689258988,0.058271754290819655,,,,2.107872972880599,1.4699755491438737,,,0.2099575443984448,0.6429590922231421,375,0.23052812016587923,0.2802900464042496,0.03137720583729009,0.04654848397697243,,,,2.1020030865564334,1.481875505266129,,,0.12609195433009657,0.7893397748414402,0.06270845454072346,0.014321039274150904,-0.005417351148031102,0.011723270313847227,,,,0.005869886324165741,-0.01189995612225525,,,0.08386559006834823,-0.14638068261829817
MEAN_STD_MINUS_MEAN,Z4,Z3,3026,LOCAL3,static,goal6_workbook_endpoint,raw,LD,T2,,current,natural_target,375,0.3142056212937699,0.31283220557974073,0.041600105146775146,0.09367367645031703,,,,2.0908813345704984,1.452767265312413,,,0.20929692738775332,0.6838014703154116,375,0.22272020159021275,0.27391334274079654,0.02473591899729033,0.03868486645004221,,,,2.109196887012647,1.4936685658642166,,,0.13391503239253208,0.7485115782782603,0.09148541970355714,0.03891886283894419,0.016864186149484817,0.05498881000027482,,,,-0.018315552442148775,-0.04090130055180352,,,0.07538189499522124,-0.0647101079628487
MEAN_STD_MINUS_MEAN,Z4,Z3,2026,LOCAL0,static,goal6_workbook_endpoint,raw,LD,T3,,current,natural_target,375,0.13187896355503792,0.13931931107152723,-0.05137199971384021,0.0025947482186275744,,,,1.825850616321736,1.329704093384155,,,0.04061942487441307,0.6912647849713465,375,0.043235949847459716,0.08773353559532837,-0.07924332370283205,-0.053552685938332484,,,,1.8498934918590864,1.3534558629224513,,,0.06456729004757049,0.3452704031965938,0.08864301370757821,0.05158577547619886,0.027871323988991836,0.05614743415696006,,,,-0.024042875537350294,-0.023751769538296275,,,-0.023947865173157418,0.34599438177475267
MEAN_STD_MINUS_MEAN,Z4,Z3,2026,LOCAL3,static,goal6_workbook_endpoint,raw,LD,T3,,current,natural_target,375,0.117703608693318,0.12787995507134792,-0.05764462540350923,-0.004409706829982706,,,,1.8312891508766616,1.3378505908324312,,,0.04197108173943754,0.6242052164295717,375,0.08804928096046376,0.10020435901201658,-0.07159888458950703,-0.033163342971074546,,,,1.8433303154490248,1.3551449608715724,,,0.0504847786504816,0.4459707608848004,0.029654327732854244,0.027675596059331342,0.013954259185997797,0.02875363614109184,,,,-0.012041164572363261,-0.01729437003914125,,,-0.00851369691104406,0.1782344555447713
MEAN_STD_MINUS_MEAN,Z4,Z3,3026,LOCAL0,static,goal6_workbook_endpoint,raw,LD,T3,,current,natural_target,375,0.10078899999889956,0.10830929179978539,-0.05701825854454623,-0.020242460425921725,,,,1.8307468001256832,1.3375792921866778,,,0.041573741988256786,0.5311976657153087,375,0.14091118232063016,0.18855298447398525,-0.034787839453845004,-0.0002795460227971714,,,,1.8113930508492524,1.3333252512672713,,,0.08784990535978064,0.6361547319344737,-0.04012218232173059,-0.08024369267419985,-0.022230419090701226,-0.019962914403124553,,,,0.019353749276430854,0.00425404091940651,,,-0.046276163371523855,-0.10495706621916501
MEAN_STD_MINUS_MEAN,Z4,Z3,3026,LOCAL3,static,goal6_workbook_endpoint,raw,LD,T3,,current,natural_target,375,0.1450964944356025,0.18293191906402054,-0.029357747479948237,-0.0009240352024866117,,,,1.8066341194992417,1.3321829250597683,,,0.06696297115239645,0.7069230342458884,375,0.13342322456201494,0.1560269410308152,-0.0408402276643951,-0.004967975369414233,,,,1.81668267131457,1.3397885543960508,,,0.03705068302573416,0.8105904537365853,0.01167326987358755,0.026904978033205323,0.011482480184446864,0.004043940166927621,,,,-0.010048551815328377,-0.0076056293362825045,,,0.029912288126662294,-0.10366741949069691
MEAN_STD_MINUS_MEAN,Z4,Z3,2026,LOCAL0,static,goal6_workbook_endpoint,raw,SPH,T0,,current,natural_target,375,0.44805506883604507,0.41777618250917314,0.15797618186647788,0.14948334001170804,,,,0.08651595574197744,0.06786808155830254,,,0.28891035465693865,0.7772524925539966,375,0.44483263169871434,0.4642148478615745,0.212562400085196,0.20231410881302508,,,,0.083664668720565,0.06753801379576038,,,0.1682364707937554,1.1317720189056022,0.003222437137330725,-0.046438665352401376,-0.05458621821871812,-0.05283076880131704,,,,0.002851287021412449,0.00033006776254215775,,,0.12067388386318326,-0.35451952635160555
MEAN_STD_MINUS_MEAN,Z4,Z3,2026,LOCAL3,static,goal6_workbook_endpoint,raw,SPH,T0,,current,natural_target,375,0.48488451473432703,0.45843921948378247,0.2096039209053311,0.20347189522899622,,,,0.08382168949715431,0.0659242295961327,,,0.20005666215795756,1.0249560780417564,375,0.46499465240641713,0.4668965592655528,0.21596800782854586,0.2077351493519687,,,,0.08348355101308745,0.06668943012053395,,,0.17800267245496823,1.1066426709572692,0.019889862327909902,-0.008457339781770323,-0.006364086923214773,-0.004263254122972487,,,,0.00033813848406685776,-0.0007652005244012522,,,0.02205398970298933,-0.08168659291551283
MEAN_STD_MINUS_MEAN,Z4,Z3,3026,LOCAL0,static,goal6_workbook_endpoint,raw,SPH,T0,,current,natural_target,375,0.46851496188417335,0.4454798805786456,0.1876914005319711,0.19247677764361046,,,,0.08497566011961603,0.06690210591749042,,,0.29767569125632537,0.8165004137797398,375,0.43875799294572765,0.42250058282566083,0.1670721536245996,0.16442814510683668,,,,0.08604739209787993,0.06852091473679829,,,0.27541354291869863,0.8050718962071451,0.029756968938445705,0.022979297752984795,0.02061924690737149,0.028048632536773782,,,,-0.0010717319782638929,-0.001618808819307871,,,0.02226214833762674,0.011428517572594665
MEAN_STD_MINUS_MEAN,Z4,Z3,3026,LOCAL3,static,goal6_workbook_endpoint,raw,SPH,T0,,current,natural_target,375,0.4759133007168051,0.45217560347219055,0.19300893134186914,0.19502948118012395,,,,0.0846970698070519,0.06604491128653732,,,0.2960041327018139,0.8311094866824958,375,0.44665786778928207,0.41145928251649794,0.15488760572972793,0.15462744560031855,,,,0.08667448245095022,0.06845677148535906,,,0.2732213413359684,0.7871718499498941,0.02925543292752303,0.04071632095569261,0.03812132561214121,0.0404020355798054,,,,-0.0019774126438983214,-0.0024118601988217386,,,0.02278279136584549,0.04393763673260176
MEAN_STD_MINUS_MEAN,Z4,Z3,2026,LOCAL0,static,goal6_workbook_endpoint,raw,SPH,T1,,current,natural_target,375,0.19897166913186942,0.16661196525958727,0.02185116006112897,0.015526137888478161,,,,0.0903576071209885,0.07225651300823009,,,0.059174654357958045,0.6849175936238029,375,0.25781704403231315,0.20906262449541965,0.038012705529217095,0.028003641957284497,,,,0.08960802744151142,0.07128419479921141,,,0.08051085505696945,0.7367992558214613,-0.058845374900443725,-0.04245065923583238,-0.016161545468088123,-0.012477504068806336,,,,0.0007495796794770859,0.0009723182090186772,,,-0.021336200699011404,-0.05188166219765844
MEAN_STD_MINUS_MEAN,Z4,Z3,2026,LOCAL3,static,goal6_workbook_endpoint,raw,SPH,T1,,current,natural_target,375,0.22720286722038913,0.17946472452263212,0.024605757390870342,0.017094745852465634,,,,0.0902302878964716,0.07204070329845319,,,0.07100881871300853,0.6734772853927522,375,0.26323768346797133,0.21325683029500384,0.04054814501363235,0.03203818984489699,,,,0.08948986287187809,0.07129802208385884,,,0.08014521400105866,0.7532933844834571,-0.0360348162475822,-0.03379210577237171,-0.01594238762276201,-0.014943443992431353,,,,0.0007404250245935107,0.0007426812145943512,,,-0.009136395288050131,-0.07981609909070486
MEAN_STD_MINUS_MEAN,Z4,Z3,3026,LOCAL0,static,goal6_workbook_endpoint,raw,SPH,T1,,current,natural_target,375,0.1887698259187621,0.16259178639895389,0.016065426009814865,0.00597568153835014,,,,0.09062444498587154,0.07264404199590653,,,0.0698836063700097,0.6150507441335614,375,0.1886835817499147,0.16442914948343135,-0.0055089809743336104,-0.02267406661338607,,,,0.0916126036709724,0.07387532716400365,,,0.11835676113382085,0.4779497891607325,8.624416884739361e-05,-0.0018373630844774613,0.021574406984148475,0.02864974815173621,,,,-0.0009881586851008678,-0.0012312851680971182,,,-0.048473154763811144,0.13710095497282893
MEAN_STD_MINUS_MEAN,Z4,Z3,3026,LOCAL3,static,goal6_workbook_endpoint,raw,SPH,T1,,current,natural_target,375,0.17919513027648198,0.14835338798135708,0.00563572830595227,-0.004390042392774461,,,,0.09110348802332074,0.072860379292822,,,0.07620499800577064,0.5374099967858408,375,0.1915903970872682,0.1679313261919022,-0.0077001491564570035,-0.021958624309017384,,,,0.09171236875735225,0.07360650267466232,,,0.12723026543319732,0.470800050879807,-0.012395266810786204,-0.019577938210545126,0.013335877462409274,0.01756858191624292,,,,-0.0006088807340315083,-0.0007461233818403107,,,-0.05102526742742668,0.06660994590603381
MEAN_STD_MINUS_MEAN,Z4,Z3,2026,LOCAL0,static,goal6_workbook_endpoint,raw,SPH,T2,,current,natural_target,375,0.13814791216293096,0.07330001798837078,-0.007482443875388878,-0.04040011585380348,,,,0.12188476384813135,0.09290928458737793,,,0.03480793325153587,0.39288456064081917,375,0.17419979519854362,0.10459733216316736,-0.028893917776395828,-0.06396884513748513,,,,0.12317312974680397,0.09345658459109746,,,0.0921159950584827,0.3446300029401365,-0.03605188303561266,-0.03129731417479657,0.02141147390100695,0.02356872928368165,,,,-0.001288365898672622,-0.0005473000037195253,,,-0.05730806180694683,0.048254557700682654
MEAN_STD_MINUS_MEAN,Z4,Z3,2026,LOCAL3,static,goal6_workbook_endpoint,raw,SPH,T2,,current,natural_target,375,0.15374513596541134,0.0995243367047366,-0.006246064267193319,-0.03933339959907749,,,,0.12180995257015095,0.09284681936990857,,,0.051324334641079966,0.43930649868959887,375,0.17589077255660485,0.1135666721851589,-0.006985587692087902,-0.03966956763920736,,,,0.1218547054251713,0.09233644134881874,,,0.0646396913431194,0.4466848911329858,-0.022145636591193507,-0.014042335480422302,0.0007395234248945837,0.0003361680401298764,,,,-4.475285502034132e-05,0.0005103780210898301,,,-0.013315356702039427,-0.00737839244338695
MEAN_STD_MINUS_MEAN,Z4,Z3,3026,LOCAL0,static,goal6_workbook_endpoint,raw,SPH,T2,,current,natural_target,375,0.17493321196950734,0.12110267596865533,0.005840222452697219,-0.03330868290925953,,,,0.1210761968561471,0.09288615932971778,,,0.046219593163392116,0.5633012053344166,375,0.14866219137558315,0.10216584282959294,0.0056722661976496,-0.028863236540084845,,,,0.12108642390729435,0.09274071978254712,,,0.02925825735989361,0.5972848433465369,0.026271020593924194,0.018936833139062387,0.0001679562550476188,-0.004445446369174683,,,,-1.022705114725464e-05,0.00014543954717065322,,,0.016961335803498505,-0.03398363801212023
MEAN_STD_MINUS_MEAN,Z4,Z3,3026,LOCAL3,static,goal6_workbook_endpoint,raw,SPH,T2,,current,natural_target,375,0.17416702696552508,0.12696881594427412,0.004720363549015283,-0.036336137186433644,,,,0.12114437005058667,0.09288012389853198,,,0.05462746223416602,0.5432397702120633,375,0.15085993855956312,0.10458428455002158,0.00417411694510339,-0.03154920665897608,,,,0.1211776097658408,0.09276332519883372,,,0.03488733515972126,0.5599284454347061,0.023307088405961962,0.022384531394252533,0.000546246603911893,-0.0047869305274575655,,,,-3.323971525412417e-05,0.00011679869969825896,,,0.01974012707444476,-0.016688675222642835
MEAN_STD_MINUS_MEAN,Z4,Z3,2026,LOCAL0,static,goal6_workbook_endpoint,raw,SPH,T3,,current,natural_target,375,0.09356058709750825,0.12331250995807001,0.006003728758369853,-0.006055747022258406,,,,0.14092327173092417,0.11185258231447405,,,0.04762842526168038,0.5650332776150876,375,0.07560450563204005,0.08965941896515368,-0.003636601807717632,-0.012733785826268005,,,,0.14160499904413365,0.1122478054881794,,,0.03865491866224305,0.45603013072679033,0.017956081465468204,0.03365309099291633,0.009640330566087485,0.006678038804009598,,,,-0.0006817273132094792,-0.00039522317370535576,,,0.008973506599437332,0.10900314688829726
MEAN_STD_MINUS_MEAN,Z4,Z3,2026,LOCAL3,static,goal6_workbook_endpoint,raw,SPH,T3,,current,natural_target,375,0.07543383775173512,0.08336892379840863,-0.0044179758020979065,-0.013531344388813463,,,,0.14166011109173976,0.11273531092240804,,,0.03592552436703683,0.43984801600967927,375,0.09832813744453295,0.11069302515510311,0.0017461771552066407,-0.006966334517850879,,,,0.14122475525443648,0.11209730468040296,,,0.0450392599228997,0.5215844481055829,-0.022894299692797826,-0.027324101356694483,-0.006164152957304547,-0.006565009870962584,,,,0.00043535583730328065,0.0006380062420050792,,,-0.009113735555862867,-0.08173643209590364
MEAN_STD_MINUS_MEAN,Z4,Z3,3026,LOCAL0,static,goal6_workbook_endpoint,raw,SPH,T3,,current,natural_target,375,0.08922061667994083,0.09375858585661008,0.004496247292715472,-0.005452774430585517,,,,0.1410300924211804,0.11163753125503502,,,0.025286877423296442,0.5896081074198658,375,0.10321219706451247,0.10951287689198128,0.005276305078005694,-0.0032248786036555353,,,,0.1409748273453559,0.11258200850059177,,,0.03651943805960372,0.5730640237776928,-0.013991580384571642,-0.015754291035371196,-0.0007800577852902224,-0.002227895826929982,,,,5.5265075824484367e-05,-0.0009444772455567546,,,-0.011232560636307277,0.01654408364217297
MEAN_STD_MINUS_MEAN,Z4,Z3,3026,LOCAL3,static,goal6_workbook_endpoint,raw,SPH,T3,,current,natural_target,375,0.09808738195471613,0.12057733272110358,-7.975963284612142e-05,-0.011739809959885638,,,,0.14135385551906415,0.1120044035089782,,,0.05828629317145034,0.4994390024015747,375,0.06397542382523609,0.06651879408892296,-0.005855765232462451,-0.013583737869792466,,,,0.14176146559662509,0.11303983564357281,,,0.02819330443790426,0.39616068765905743,0.034111958129480036,0.05405853863218062,0.0057760055996163295,0.0018439279099068274,,,,-0.0004076100775609326,-0.001035432134594616,,,0.030092988733546083,0.10327831474251725
MEAN_STD_MINUS_MEAN,Z4,Z3,2026,LOCAL0,static,goal6_workbook_endpoint,residual_ftv,BPE,T0,,current,goal6_transformed_standardized_residual,375,0.1995276201573901,0.1899440635041822,,-0.03283459832183919,0.1995276201573901,-0.03283459832183919,-0.027846211486874717,,,17.485200162591802,12.222492840455901,0.14872139513077454,0.550468425182604,375,0.21098805690255726,0.208237459335845,,-0.017076685204586738,0.21098805690255726,-0.017076685204586738,0.01062561892467373,,,17.154847780833794,12.170165034627527,0.1687345463424267,0.527282820551277,-0.011460436745167168,-0.018293395831662812,,-0.01575791311725245,-0.011460436745167168,-0.01575791311725245,-0.03847183041154845,,,0.33035238175800785,0.05232780582837471,-0.020013151211652175,0.023185604631327017
MEAN_STD_MINUS_MEAN,Z4,Z3,2026,LOCAL3,static,goal6_workbook_endpoint,residual_ftv,BPE,T0,,current,goal6_transformed_standardized_residual,375,0.2051283333118937,0.19759155029994932,,-0.043948481244285374,0.2051283333118937,-0.043948481244285374,-0.03472969602209952,,,17.543651643141313,12.222143167927833,0.18420208828824797,0.5466498228449191,375,0.17763150901688138,0.16964768275072586,,-0.04082601281528668,0.17763150901688138,-0.04082601281528668,-0.03884534037186582,,,17.57850701457877,12.246477222821918,0.14080930300044572,0.5327450515944397,0.027496824295012323,0.027943867549223456,,-0.003122468428998694,0.027496824295012323,-0.003122468428998694,0.004115644349766301,,,-0.03485537143745532,-0.024334054894085355,0.043392785287802244,0.013904771250479397
MEAN_STD_MINUS_MEAN,Z4,Z3,3026,LOCAL0,static,goal6_workbook_endpoint,residual_ftv,BPE,T0,,current,goal6_transformed_standardized_residual,375,0.2381169249432404,0.22476874133337654,,-0.13219500931910202,0.2381169249432404,-0.13219500931910202,-0.10578934385883798,,,18.136051433795906,12.839824314777236,0.3154887321002066,0.5933639154154238,375,0.28093742860783716,0.2692442924867587,,0.03525578235326854,0.28093742860783716,0.03525578235326854,0.019145570899284703,,,17.08082398182782,11.916824385579833,0.09020920338090821,0.9937330946954276,-0.04282050366459675,-0.04447555115338214,,-0.16745079167237056,-0.04282050366459675,-0.16745079167237056,-0.12493491475812268,,,1.0552274519680864,0.9229999291974025,0.2252795287192984,-0.4003691792800038
MEAN_STD_MINUS_MEAN,Z4,Z3,3026,LOCAL3,static,goal6_workbook_endpoint,residual_ftv,BPE,T0,,current,goal6_transformed_standardized_residual,375,0.30088800979266944,0.2762792406109047,,0.03229925525393773,0.30088800979266944,0.03229925525393773,0.018273671367618483,,,17.0884140246752,11.935386532491021,0.1263233213963702,0.8697943142601106,375,0.28407588619121854,0.2746730303635821,,0.02476966098586298,0.28407588619121854,0.02476966098586298,0.013526179950475892,,,17.12968278418448,12.045948083346643,0.12196491651583714,0.9567176744602116,0.0168121236014509,0.0016062102473226036,,0.0075295942680747505,0.0168121236014509,0.0075295942680747505,0.004747491417142591,,,-0.04126875950928266,-0.11056155085562125,0.004358404880533059,-0.08692336020010105
MEAN_STD_MINUS_MEAN,Z4,Z3,2026,LOCAL0,static,goal6_workbook_endpoint,residual_ftv,BPE,T1,,current,goal6_transformed_standardized_residual,375,0.27410457386133036,0.26613310736507423,,0.04844648099547328,0.27410457386133036,0.04844648099547328,0.057040618648175,,,12.272812355132647,8.891206144519296,0.11800957310214462,0.8166394786826839,375,0.2645938786072447,0.2532569537345279,,0.0323213016630131,0.2645938786072447,0.0323213016630131,0.035683574494596026,,,12.411017371359174,8.949277766949319,0.12130980951082991,0.806852042850408,0.009510695254085655,0.012876153630546339,,0.01612517933246018,0.009510695254085655,0.01612517933246018,0.021357044153578975,,,-0.13820501622652692,-0.058071622430022174,-0.003300236408685292,0.009787435832275926
MEAN_STD_MINUS_MEAN,Z4,Z3,2026,LOCAL3,static,goal6_workbook_endpoint,residual_ftv,BPE,T1,,current,goal6_transformed_standardized_residual,375,0.29564051808967207,0.28323585429554277,,0.05768862288926587,0.29564051808967207,0.05768862288926587,0.06923538133803409,,,12.193195421602537,8.820407079331405,0.1263801043617236,0.8435882278220675,375,0.2612868571456275,0.2537938980923889,,0.036579669203667446,0.2612868571456275,0.036579669203667446,0.04710008380552133,,,12.337331825922202,8.948050092546522,0.1127563759670431,0.8103865767612972,0.03435366094404457,0.029441956203153874,,0.021108953685598425,0.03435366094404457,0.021108953685598425,0.022135297532512754,,,-0.14413640431966535,-0.12764301321511695,0.013623728394680484,0.03320165106077033
MEAN_STD_MINUS_MEAN,Z4,Z3,3026,LOCAL0,static,goal6_workbook_endpoint,residual_ftv,BPE,T1,,current,goal6_transformed_standardized_residual,375,0.3182251309117145,0.2798532463681986,,0.06781024507987289,0.3182251309117145,0.06781024507987289,0.06357547122691987,,,12.230212188063776,8.812911070528138,0.08994017203733662,0.9749464690904169,375,0.28793218142593413,0.2629408971814278,,0.049473559667534764,0.28793218142593413,0.049473559667534764,0.04952904730775409,,,12.321597723534621,8.964015595989133,0.08962303919411216,0.9553007995304339,0.030292949485780374,0.01691234918677076,,0.018336685412338127,0.030292949485780374,0.018336685412338127,0.014046423919165774,,,-0.09138553547084527,-0.15110452546099573,0.0003171328432244602,0.019645669559983037
MEAN_STD_MINUS_MEAN,Z4,Z3,3026,LOCAL3,static,goal6_workbook_endpoint,residual_ftv,BPE,T1,,current,goal6_transformed_standardized_residual,375,0.3127903965801396,0.26713401955199373,,0.057247014985433824,0.3127903965801396,0.057247014985433824,0.055921952741254555,,,12.28009003198556,8.893212742742914,0.09196401635203384,0.9414015752810869,375,0.2683309139433028,0.2358808705705547,,0.006583935040035702,0.2683309139433028,0.006583935040035702,0.03751898491415029,,,12.399200627679354,9.098900856190738,0.14640752756524872,0.7578813802328671,0.0444594826368368,0.03125314898143902,,0.05066307994539812,0.0444594826368368,0.05066307994539812,0.018402967827104266,,,-0.1191105956937939,-0.2056881134478239,-0.054443511213214876,0.18352019504821981
MEAN_STD_MINUS_MEAN,Z4,Z3,2026,LOCAL0,static,goal6_workbook_endpoint,residual_ftv,BPE,T2,,current,goal6_transformed_standardized_residual,375,0.3898261029821183,0.371202253149784,,0.13388965717215945,0.3898261029821183,0.13388965717215945,0.10229403329200937,,,10.477089634723368,7.17223218923068,0.13151595065843388,1.0434666833289916,375,0.3722447960722155,0.3552977510460892,,0.11679317483621693,0.3722447960722155,0.11679317483621693,0.09385152825585319,,,10.526240410683922,7.215441029684152,0.13674339513611813,1.059777008855001,0.017581306909902783,0.015904502103694818,,0.01709648233594252,0.017581306909902783,0.01709648233594252,0.008442505036156178,,,-0.049150775960553617,-0.043208840453472064,-0.005227444477684251,-0.016310325526009306
MEAN_STD_MINUS_MEAN,Z4,Z3,2026,LOCAL3,static,goal6_workbook_endpoint,residual_ftv,BPE,T2,,current,goal6_transformed_standardized_residual,375,0.39461290484063793,0.376573529107654,,0.1378019251387656,0.39461290484063793,0.1378019251387656,0.10998184029199976,,,10.432131132856023,7.103016333058814,0.1405836558985901,1.028630653202587,375,0.36076685959561217,0.3405869156359711,,0.1066084152387672,0.36076685959561217,0.1066084152387672,0.08018462206069599,,,10.60532389090684,7.263452001138292,0.13730552652554381,1.021124042930929,0.03384604524502577,0.035986613471682916,,0.031193509899998403,0.03384604524502577,0.031193509899998403,0.029797218231303768,,,-0.17319275805081702,-0.1604356680794785,0.003278129373046279,0.00750661027165811
MEAN_STD_MINUS_MEAN,Z4,Z3,3026,LOCAL0,static,goal6_workbook_endpoint,residual_ftv,BPE,T2,,current,goal6_transformed_standardized_residual,375,0.3539145085576231,0.32691897266824577,,0.10626927593290031,0.3539145085576231,0.10626927593290031,0.1016115412056805,,,10.481071546660607,7.183493521479584,0.1423570358660382,0.9039082605752956,375,0.32845531387803056,0.2882575324372743,,0.08243267595866927,0.32845531387803056,0.08243267595866927,0.06665687054841529,,,10.683025646609503,7.314415740311697,0.0922840575079584,0.9805871488325149,0.02545919467959251,0.038661440230971456,,0.023836599974231043,0.02545919467959251,0.023836599974231043,0.03495467065726521,,,-0.20195409994889602,-0.1309222188321124,0.050072978358079806,-0.07667888825721925
MEAN_STD_MINUS_MEAN,Z4,Z3,3026,LOCAL3,static,goal6_workbook_endpoint,residual_ftv,BPE,T2,,current,goal6_transformed_standardized_residual,375,0.3522617219900523,0.32545626324112087,,0.10509928057862998,0.3522617219900523,0.10509928057862998,0.09894101718051396,,,10.496637855101072,7.19396880016164,0.13599834451432619,0.9180651929689755,375,0.3351844587907419,0.29029891490612125,,0.08094221397999163,0.3351844587907419,0.08094221397999163,0.059432167662497815,,,10.724292839537888,7.327338139480809,0.08710255972489568,1.0258068750345837,0.01707726319931041,0.035157348334999616,,0.024157066598638352,0.01707726319931041,0.024157066598638352,0.03950884951801614,,,-0.22765498443681587,-0.13336933931916928,0.048895784789430505,-0.10774168206560819
MEAN_STD_MINUS_MEAN,Z4,Z3,2026,LOCAL0,static,goal6_workbook_endpoint,residual_ftv,BPE,T3,,current,goal6_transformed_standardized_residual,375,0.29168580014333517,0.2714896927069474,,0.0452089454543104,0.29168580014333517,0.0452089454543104,0.08375459313920397,,,9.919799123353279,6.706316559879492,0.10771762511356578,0.9017107492649528,375,0.227546706467262,0.20475280383861832,,-0.02447650181973938,0.227546706467262,-0.02447650181973938,0.04007050502914378,,,10.153520278611195,6.939112596034414,0.11064143873388405,0.8513952343254159,0.06413909367607318,0.06673688886832907,,0.06968544727404978,0.06413909367607318,0.06968544727404978,0.04368408811006019,,,-0.23372115525791592,-0.23279603615492217,-0.0029238136203182663,0.0503155149395369
MEAN_STD_MINUS_MEAN,Z4,Z3,2026,LOCAL3,static,goal6_workbook_endpoint,residual_ftv,BPE,T3,,current,goal6_transformed_standardized_residual,375,0.3274179933446792,0.2949344112021324,,0.039517148048959824,0.3274179933446792,0.039517148048959824,0.09328403814071629,,,9.868078668772812,6.655321774460208,0.20399585118113575,0.7210299445762174,375,0.22942276313738455,0.21028419371530246,,-0.03342739901046265,0.22942276313738455,-0.03342739901046265,0.03362347326538162,,,10.187559510505825,6.9918581694788084,0.13324278612619928,0.7701063731888439,0.09799523020729464,0.08465021748682991,,0.07294454705942247,0.09799523020729464,0.07294454705942247,0.059660564875334665,,,-0.3194808417330126,-0.33653639501860066,0.07075306505493648,-0.04907642861262651
MEAN_STD_MINUS_MEAN,Z4,Z3,3026,LOCAL0,static,goal6_workbook_endpoint,residual_ftv,BPE,T3,,current,goal6_transformed_standardized_residual,375,0.3262556365522278,0.3052489935813201,,0.058493754478188116,0.3262556365522278,0.058493754478188116,0.08852571767037798,,,9.893937945463492,6.789229963039424,0.08421968619385865,1.3469511757179535,375,0.2249471517843825,0.21846190255976006,,-0.06612911896252834,0.2249471517843825,-0.06612911896252834,-0.060719273365283266,,,10.673262791443218,7.212348244206524,0.14890688427526338,1.2374190951496702,0.10130848476784529,0.08678709102156007,,0.12462287344071646,0.10130848476784529,0.12462287344071646,0.14924499103566125,,,-0.7793248459797262,-0.42311828116709993,-0.06468719808140473,0.10953208056828334
MEAN_STD_MINUS_MEAN,Z4,Z3,3026,LOCAL3,static,goal6_workbook_endpoint,residual_ftv,BPE,T3,,current,goal6_transformed_standardized_residual,375,0.33390247100335624,0.30628620480724483,,0.061832906663421186,0.33390247100335624,0.061832906663421186,0.091152509947249,,,9.879670910136047,6.76233887346233,0.07757639222224387,1.3462184011022282,375,0.2512973058344282,0.22323151504956848,,-0.0007182547879126796,0.2512973058344282,-0.0007182547879126796,0.04045095888280237,,,10.151507980432175,6.953287341451234,0.07876612687280614,1.2459427224646025,0.08260516516892802,0.08305468975767635,,0.06255116145133387,0.08260516516892802,0.06255116145133387,0.050701551064446626,,,-0.2718370702961277,-0.1909484679889042,-0.0011897346505622686,0.10027567863762576
MEAN_STD_MINUS_MEAN,Z4,Z3,2026,LOCAL0,static,goal6_workbook_endpoint,residual_ftv,LD,T0,,current,goal6_transformed_standardized_residual,375,0.07733596331411327,0.11308324303368594,,-0.04573659650841113,0.07733596331411327,-0.04573659650841113,0.3308782082774623,,,1.7599427912498786,1.2139400861630931,0.05426189058161452,0.8787633714341017,375,0.03821815753142402,0.09129069426364263,,-0.09038613001262152,0.03821815753142402,-0.09038613001262152,0.30125730310132537,,,1.798475826142488,1.236711546148315,0.09122349657933243,0.5690513511697112,0.03911780578268925,0.021792548770043316,,0.044649533504210394,0.03911780578268925,0.044649533504210394,0.029620905176136914,,,-0.0385330348926094,-0.022771459985221787,-0.03696160599771791,0.3097120202643905
MEAN_STD_MINUS_MEAN,Z4,Z3,2026,LOCAL3,static,goal6_workbook_endpoint,residual_ftv,LD,T0,,current,goal6_transformed_standardized_residual,375,0.07525660614984352,0.09436533851340044,,-0.04767451227716734,0.07525660614984352,-0.04767451227716734,0.3315420421240999,,,1.759069557467608,1.212804093974003,0.047839785785027684,0.8346156903100876,375,0.08622941807932004,0.11482258891719571,,-0.05978533268183719,0.08622941807932004,-0.05978533268183719,0.32440963466121575,,,1.7684292417349061,1.213648827215377,0.06492573008961063,1.0374399702069252,-0.010972811929476523,-0.02045725040379527,,0.012110820404669848,-0.010972811929476523,0.012110820404669848,0.007132407462884127,,,-0.009359684267298052,-0.0008447332413739073,-0.01708594430458294,-0.2028242798968376
MEAN_STD_MINUS_MEAN,Z4,Z3,3026,LOCAL0,static,goal6_workbook_endpoint,residual_ftv,LD,T0,,current,goal6_transformed_standardized_residual,375,0.08783413866024521,0.1268912561599762,,-0.026127326321421247,0.08783413866024521,-0.026127326321421247,0.336583566128435,,,1.7524235328009354,1.2098350546171457,0.045398776567700576,0.8810092436807802,375,0.10879990635098735,0.14140696693308605,,-0.03410339602491824,0.10879990635098735,-0.03410339602491824,0.3412962060927396,,,1.7461881884496606,1.2031486868347472,0.0929164634334229,0.5770449667343805,-0.02096576769074214,-0.014515710773109841,,0.007976069703496996,-0.02096576769074214,0.007976069703496996,-0.004712639964304599,,,0.0062353443512748186,0.006686367782398506,-0.047517686865722324,0.3039642769463996
MEAN_STD_MINUS_MEAN,Z4,Z3,3026,LOCAL3,static,goal6_workbook_endpoint,residual_ftv,LD,T0,,current,goal6_transformed_standardized_residual,375,0.08872119257932115,0.1327205107928351,,-0.025449265922686634,0.08872119257932115,-0.025449265922686634,0.33614592680295463,,,1.753001452621978,1.2058259784473924,0.046732901197398764,0.9297458924549448,375,0.11617844194136422,0.15333117861009105,,-0.03208034672291331,0.11617844194136422,-0.03208034672291331,0.34133469984762543,,,1.7461371652714253,1.2011313116508613,0.09230408090132304,0.6470634287541429,-0.027457249362043065,-0.020610667817255957,,0.006631080800226674,-0.027457249362043065,0.006631080800226674,-0.0051887730446708025,,,0.006864287350552667,0.004694666796531077,-0.045571179703924276,0.28268246370080186
MEAN_STD_MINUS_MEAN,Z4,Z3,2026,LOCAL0,static,goal6_workbook_endpoint,residual_ftv,LD,T1,,current,goal6_transformed_standardized_residual,375,-0.07844711514208491,-0.07772102341695626,,-0.11628454383446107,-0.07844711514208491,-0.11628454383446107,0.2409950040621116,,,1.7903573329009939,1.1871155025057918,0.055246008487272166,-0.5605723884006762,375,-0.11099599095121715,-0.14501969495079542,,-0.12041987971317152,-0.11099599095121715,-0.12041987971317152,0.23778385757477416,,,1.7941405963813912,1.1840442774107862,0.0460766540295553,-1.2777591882576809,0.03254887580913224,0.06729867153383916,,0.004135335878710442,0.03254887580913224,0.004135335878710442,0.0032111464873374462,,,-0.0037832634803973697,0.0030712250950055697,0.009169354457716869,0.7171867998570046
MEAN_STD_MINUS_MEAN,Z4,Z3,2026,LOCAL3,static,goal6_workbook_endpoint,residual_ftv,LD,T1,,current,goal6_transformed_standardized_residual,375,-0.0713935325041207,-0.06339005248778151,,-0.10652509011046224,-0.0713935325041207,-0.10652509011046224,0.24675412465890068,,,1.7835520302741572,1.184065034440249,0.0498285864209995,-0.3973073911025158,375,-0.08727844832304874,-0.12796540270169388,,-0.1083540477129842,-0.08727844832304874,-0.1083540477129842,0.24434943775412532,,,1.786396696810469,1.1780136968675803,0.0419552174949877,-1.1526553263964219,0.015884915818928036,0.06457535021391236,,0.001828957602521955,0.015884915818928036,0.001828957602521955,0.002404686904775355,,,-0.0028446665363117685,0.006051337572668736,0.0078733689260118,0.7553479352939061
MEAN_STD_MINUS_MEAN,Z4,Z3,3026,LOCAL0,static,goal6_workbook_endpoint,residual_ftv,LD,T1,,current,goal6_transformed_standardized_residual,375,-0.048216421174871925,-0.07207257032383374,,-0.07990414543190363,-0.048216421174871925,-0.07990414543190363,0.26542076205096077,,,1.761313755159002,1.166141000621312,0.03259672661954416,-0.46596490960043063,375,-0.10150383315192504,-0.15358404075404208,,-0.0809235767314604,-0.10150383315192504,-0.0809235767314604,0.26768809706414365,,,1.7585934395983767,1.1604908926745023,0.01900477036810616,-1.3607103036360033,0.05328741197705312,0.08151147043020834,,0.0010194312995567695,0.05328741197705312,0.0010194312995567695,-0.0022673350131828807,,,0.0027203155606252416,0.005650107946809646,0.013591956251437998,0.8947453940355727
MEAN_STD_MINUS_MEAN,Z4,Z3,3026,LOCAL3,static,goal6_workbook_endpoint,residual_ftv,LD,T1,,current,goal6_transformed_standardized_residual,375,-0.043757553545951705,-0.07333333351971832,,-0.07480566223114979,-0.043757553545951705,-0.07480566223114979,0.26602392301511424,,,1.7605905017564094,1.1616914596996148,0.029551638396348442,-0.4975834174618936,375,-0.08733165779012125,-0.1390435648097306,,-0.08631099493935486,-0.08733165779012125,-0.08631099493935486,0.26412183625130503,,,1.762870296162741,1.165601834991349,0.02234085915235818,-1.1056659866083343,0.04357410424416955,0.06571023129001227,,0.011505332708205071,0.04357410424416955,0.011505332708205071,0.0019020867638092076,,,-0.0022797944063315256,-0.003910375291734214,0.0072107792439902625,0.6080825691464407
MEAN_STD_MINUS_MEAN,Z4,Z3,2026,LOCAL0,static,goal6_workbook_endpoint,residual_ftv,LD,T2,,current,goal6_transformed_standardized_residual,375,0.07735345734730432,0.043566513520419334,,-0.0334328479703485,0.07735345734730432,-0.0334328479703485,0.29759771454760275,,,1.7899832414541539,1.2814537441196165,0.051504608172869885,0.12923475398891635,375,0.027190116273927287,-0.0009265373433271975,,-0.04427839738735139,0.027190116273927287,-0.04427839738735139,0.2974237495165215,,,1.7902048916524698,1.279943663205668,0.039279639568236595,-0.08676734316088466,0.05016334107337704,0.04449305086374653,,0.010845549417002893,0.05016334107337704,0.010845549417002893,0.00017396503108124683,,,-0.0002216501983158814,0.0015100809139485527,0.01222496860463329,0.216002097149801
MEAN_STD_MINUS_MEAN,Z4,Z3,2026,LOCAL3,static,goal6_workbook_endpoint,residual_ftv,LD,T2,,current,goal6_transformed_standardized_residual,375,0.04975441922670289,0.018309575236797205,,-0.025584873594863736,0.04975441922670289,-0.025584873594863736,0.31989259389606817,,,1.761346330929159,1.267628383382102,0.03498097479739591,-0.042653800487560185,375,0.014241394925702944,-0.004764984872455723,,-0.051167212907400644,0.014241394925702944,-0.051167212907400644,0.2965769120804751,,,1.791283462106577,1.278355066982026,0.04520816907210887,-0.12433598393416893,0.035513024300999944,0.023074560109252927,,0.02558233931253691,0.035513024300999944,0.02558233931253691,0.02331568181559307,,,-0.02993713117741792,-0.010726683599924014,-0.010227194274712956,0.08168218344660874
MEAN_STD_MINUS_MEAN,Z4,Z3,3026,LOCAL0,static,goal6_workbook_endpoint,residual_ftv,LD,T2,,current,goal6_transformed_standardized_residual,375,0.09055506433976529,0.07941333594961704,,-0.01830447482670682,0.09055506433976529,-0.01830447482670682,0.32968306074721465,,,1.7486226686129367,1.2658136736035717,0.03236150333510776,0.603764964812355,375,0.047104048921571856,0.012883954723158743,,-0.027044013933366372,0.047104048921571856,-0.027044013933366372,0.33597393819361,,,1.740397975550028,1.2545644159772147,0.01841954119811611,0.17060622904826253,0.043451015418193434,0.0665293812264583,,0.008739539106659554,0.043451015418193434,0.008739539106659554,-0.006290877446395338,,,0.008224693062908628,0.011249257626356979,0.01394196213699165,0.4331587357640925
MEAN_STD_MINUS_MEAN,Z4,Z3,3026,LOCAL3,static,goal6_workbook_endpoint,residual_ftv,LD,T2,,current,goal6_transformed_standardized_residual,375,0.07881006848098147,0.07698017235717787,,-0.017612401129392222,0.07881006848098147,-0.017612401129392222,0.3367552882160124,,,1.7393737233836344,1.2572152767757234,0.024074644951031607,0.6783669937428288,375,0.03549413675772548,0.017122932315025943,,-0.03345385663556089,0.03549413675772548,-0.03345385663556089,0.32568043500257093,,,1.75383562421235,1.2694124184745348,0.025925200120028042,0.20284039532720058,0.04331593172325599,0.05985724004215193,,0.01584145550616867,0.04331593172325599,0.01584145550616867,0.011074853213441482,,,-0.01446190082871568,-0.012197141698811365,-0.0018505551689964352,0.4755265984156283
MEAN_STD_MINUS_MEAN,Z4,Z3,2026,LOCAL0,static,goal6_workbook_endpoint,residual_ftv,LD,T3,,current,goal6_transformed_standardized_residual,375,0.09353211488273801,0.08370239765038193,,-0.025456485507185714,0.09353211488273801,-0.025456485507185714,0.17694062822119294,,,1.6154838521525159,1.2172896579553598,0.04152721603613208,0.7622944638754021,375,0.02780117086575079,0.02883636972511627,,-0.059042964954117046,0.02780117086575079,-0.059042964954117046,0.16218800605274786,,,1.6298976207488771,1.227061726997994,0.05552337179795546,0.5435415418188326,0.06573094401698722,0.054866027925265654,,0.03358647944693133,0.06573094401698722,0.03358647944693133,0.014752622168445084,,,-0.014413768596361232,-0.009772069042634168,-0.013996155761823378,0.2187529220565695
MEAN_STD_MINUS_MEAN,Z4,Z3,2026,LOCAL3,static,goal6_workbook_endpoint,residual_ftv,LD,T3,,current,goal6_transformed_standardized_residual,375,0.10389085252027601,0.09637949066846051,,-0.02500959121231343,0.10389085252027601,-0.02500959121231343,0.1702928340023928,,,1.6219948077154773,1.2189171156752912,0.041492621729707156,0.9368512052190157,375,0.04926967051989617,0.051589773001051775,,-0.11099413904309381,0.04926967051989617,-0.11099413904309381,0.11777526300520869,,,1.6725405451729067,1.2567380326844693,0.11522652740645595,0.7610046657029055,0.05462118200037984,0.04478971766740873,,0.08598454783078038,0.05462118200037984,0.08598454783078038,0.052517570997184126,,,-0.05054573745742941,-0.03782091700917811,-0.07373390567674878,0.17584653951611018
MEAN_STD_MINUS_MEAN,Z4,Z3,3026,LOCAL0,static,goal6_workbook_endpoint,residual_ftv,LD,T3,,current,goal6_transformed_standardized_residual,375,0.0701009627841429,0.0767468686539564,,-0.0458602775707948,0.0701009627841429,-0.0458602775707948,0.18429603270937667,,,1.6082491346864478,1.2041092552707278,0.06598430219616218,0.5088951920655557,375,0.06559679743882972,0.06643249360113403,,-0.0152611239987509,0.06559679743882972,-0.0152611239987509,0.2007678927341916,,,1.5919282887853365,1.200015005140545,0.03306754988672122,0.4570994414104321,0.004504165345313185,0.010314375052822372,,-0.0305991535720439,0.004504165345313185,-0.0305991535720439,-0.016471860024814933,,,0.01632084590111127,0.0040942501301828305,0.03291675230944096,0.051795750655123596
MEAN_STD_MINUS_MEAN,Z4,Z3,3026,LOCAL3,static,goal6_workbook_endpoint,residual_ftv,LD,T3,,current,goal6_transformed_standardized_residual,375,0.09092563995656286,0.09086367898421961,,-0.05020725030875059,0.09092563995656286,-0.05020725030875059,0.17126306390757406,,,1.6210461789331643,1.2108603745800766,0.07232786756819085,0.649363661951368,375,0.0819241047026247,0.07274728048239729,,-0.02663359776946313,0.0819241047026247,-0.02663359776946313,0.1920059668609132,,,1.6006306025073531,1.2064233430165632,0.04111224797533658,0.562051062465902,0.009001535253938153,0.018116398501822326,,-0.02357365253928746,0.009001535253938153,-0.02357365253928746,-0.020742902953339137,,,0.020415576425811155,0.004437031563513383,0.031215619592854266,0.08731259948546599
MEAN_STD_MINUS_MEAN,Z4,Z3,2026,LOCAL0,static,goal6_workbook_endpoint,residual_ftv,SPH,T0,,current,goal6_transformed_standardized_residual,375,0.3070317300270843,0.3100046490970282,,0.06001855176991157,0.3070317300270843,0.06001855176991157,0.3621314271144558,,,0.07530080591133276,0.0589032787389865,0.21989508429385252,0.6883515621195572,375,0.280576521950723,0.2950655719307314,,0.08070959137219227,0.280576521950723,0.08070959137219227,0.37780498617700287,,,0.0743699149411653,0.05886545360873583,0.13452495182172267,0.8209448752654191,0.02645520807636126,0.014939077166296777,,-0.020691039602280706,0.02645520807636126,-0.020691039602280706,-0.015673559062547082,,,0.0009308909701674639,3.7825130250669636e-05,0.08537013247212985,-0.13259331314586198
MEAN_STD_MINUS_MEAN,Z4,Z3,2026,LOCAL3,static,goal6_workbook_endpoint,residual_ftv,SPH,T0,,current,goal6_transformed_standardized_residual,375,0.3149695360126619,0.3060966702872761,,0.07276725237059188,0.3149695360126619,0.07276725237059188,0.36993554042512145,,,0.0748387479169843,0.058380269786310585,0.1693565702866573,0.7580200484446241,375,0.27753023328922927,0.28960363211521495,,0.0753655237464206,0.27753023328922927,0.0753655237464206,0.373244502715368,,,0.07464197075902042,0.05920217315222455,0.1311839585159455,0.8189750309998686,0.037439302723432655,0.01649303817206116,,-0.0025982713758287146,0.037439302723432655,-0.0025982713758287146,-0.0033089622902465754,,,0.00019677715796388717,-0.0008219033659139646,0.038172611770711795,-0.06095498255524445
MEAN_STD_MINUS_MEAN,Z4,Z3,3026,LOCAL0,static,goal6_workbook_endpoint,residual_ftv,SPH,T0,,current,goal6_transformed_standardized_residual,375,0.29120177641461975,0.31261906013495333,,0.06353444472721625,0.29120177641461975,0.06353444472721625,0.3558057234861771,,,0.07567326152808569,0.05866832837371536,0.1614404265444266,0.8938254009744918,375,0.23129962670988072,0.2611201650317015,,0.03702911589440035,0.23129962670988072,0.03702911589440035,0.34613563562820593,,,0.07623911671370309,0.060170863774091365,0.17096332755005972,0.6641749219395278,0.05990214970473903,0.05149889510325184,,0.026505328832815908,0.05990214970473903,0.026505328832815908,0.009670087857971188,,,-0.0005658551856174004,-0.0015025354003760025,-0.009522901005633105,0.22965047903496405
MEAN_STD_MINUS_MEAN,Z4,Z3,3026,LOCAL3,static,goal6_workbook_endpoint,residual_ftv,SPH,T0,,current,goal6_transformed_standardized_residual,375,0.3118793646551625,0.3187189449286305,,0.08371689197797902,0.3118793646551625,0.08371689197797902,0.3709127260953031,,,0.07478069057988722,0.057855615581325445,0.15688192765845121,0.8633499412536948,375,0.26551650000479,0.2805868411525804,,0.062498619631593776,0.26551650000479,0.062498619631593776,0.3579688890005509,,,0.07554610156614176,0.05910503195809662,0.1401995293807428,0.7455105409877942,0.04636286465037254,0.038132103776050086,,0.021218272346385243,0.04636286465037254,0.021218272346385243,0.01294383709475222,,,-0.0007654109862545444,-0.001249416376771173,0.016682398277708427,0.11783940026590056
MEAN_STD_MINUS_MEAN,Z4,Z3,2026,LOCAL0,static,goal6_workbook_endpoint,residual_ftv,SPH,T1,,current,goal6_transformed_standardized_residual,375,0.03414974217343781,0.006041557101438973,,-0.08958304004805112,0.03414974217343781,-0.08958304004805112,0.21292511610312237,,,0.08105322063978551,0.06325821310381144,0.0770393310337872,0.08484166252462687,375,0.05998775387841033,0.022875950506145125,,-0.1064615746168514,0.05998775387841033,-0.1064615746168514,0.1941422078085513,,,0.08201465342396463,0.0635982102887658,0.10087799839706124,0.1700767264457101,-0.02583801170497252,-0.016834393404706154,,0.016878534568800285,-0.02583801170497252,0.016878534568800285,0.018782908294571077,,,-0.0009614327841791226,-0.00033999718495436593,-0.023838667363274044,-0.08523506392108322
MEAN_STD_MINUS_MEAN,Z4,Z3,2026,LOCAL3,static,goal6_workbook_endpoint,residual_ftv,SPH,T1,,current,goal6_transformed_standardized_residual,375,0.02699252297769881,0.0046044496116223665,,-0.08933139273975868,0.02699252297769881,-0.08933139273975868,0.21051691103398107,,,0.08117712479518734,0.0635524336555539,0.07808990735470225,0.0526320121241809,375,0.03323980784418736,0.00023585281712393662,,-0.07732746465065472,0.03323980784418736,-0.07732746465065472,0.21751015761374703,,,0.08081679129890017,0.06327929036261451,0.058982804436836865,0.05450569359707649,-0.006247284866488553,0.0043685967944984295,,-0.012003928089103957,-0.006247284866488553,-0.012003928089103957,-0.006993246579765966,,,0.0003603334962871685,0.00027314329293938455,0.01910710291786539,-0.0018736814728955928
MEAN_STD_MINUS_MEAN,Z4,Z3,3026,LOCAL0,static,goal6_workbook_endpoint,residual_ftv,SPH,T1,,current,goal6_transformed_standardized_residual,375,0.0073835029394995096,0.03773706647192379,,-0.05233644503956939,0.0073835029394995096,-0.05233644503956939,0.2373193264024518,,,0.07978727264423917,0.06245162102181187,0.06320979807492622,0.2311423268132274,375,-0.025606920809787923,0.0013054341328403798,,-0.111657228643741,-0.025606920809787923,-0.111657228643741,0.20064014485204995,,,0.08168332653901167,0.06468100041100239,0.10543717851986209,0.005692807142232141,0.03299042374928743,0.03643163233908341,,0.05932078360417161,0.03299042374928743,0.05932078360417161,0.03667918155040184,,,-0.0018960538947725009,-0.0022293793891905167,-0.042227380444935875,0.22544951967099527
MEAN_STD_MINUS_MEAN,Z4,Z3,3026,LOCAL3,static,goal6_workbook_endpoint,residual_ftv,SPH,T1,,current,goal6_transformed_standardized_residual,375,-0.008817452238717107,0.012349161802512894,,-0.0724042612453895,-0.008817452238717107,-0.0724042612453895,0.22213683964988473,,,0.08057751154562749,0.06290436359581725,0.07465949906268766,0.0162307096668538,375,-0.01647729317546369,-0.006174740363911834,,-0.1288526381422948,-0.01647729317546369,-0.1288526381422948,0.18623041454498612,,,0.08241627397037408,0.06519975815121906,0.1184400580200479,-0.016501880290894274,0.0076598409367465824,0.018523902166424727,,0.05644837689690531,0.0076598409367465824,0.05644837689690531,0.03590642510489861,,,-0.0018387624247465928,-0.002295394555401814,-0.04378055895736023,0.032732589957748075
MEAN_STD_MINUS_MEAN,Z4,Z3,2026,LOCAL0,static,goal6_workbook_endpoint,residual_ftv,SPH,T2,,current,goal6_transformed_standardized_residual,375,0.10988207497006454,0.08998606526952938,,-0.11868537751224767,0.10988207497006454,-0.11868537751224767,0.29676087638719173,,,0.10183151117999885,0.07442586485964671,0.06406743223834238,0.49169335086784643,375,0.11614966288590133,0.07620294300428841,,-0.1251610954741418,0.11614966288590133,-0.1251610954741418,0.2922686848191167,,,0.10215623604133789,0.07464304102514299,0.04812265742639448,0.6598877111799969,-0.006267587915836786,0.013783122265240963,,0.00647571796189414,-0.006267587915836786,0.00647571796189414,0.00449219156807501,,,-0.0003247248613390402,-0.00021717616549628282,0.0159447748119479,-0.16819436031215046
MEAN_STD_MINUS_MEAN,Z4,Z3,2026,LOCAL3,static,goal6_workbook_endpoint,residual_ftv,SPH,T2,,current,goal6_transformed_standardized_residual,375,0.12609869777017405,0.09430211339468716,,-0.11780735358435705,0.12609869777017405,-0.11780735358435705,0.29868542815009824,,,0.10169207476640957,0.07447396089382811,0.0630135752322103,0.48350599544769923,375,0.1467008526188725,0.08898340845080302,,-0.1260928841218831,0.1467008526188725,-0.1260928841218831,0.29338713608465117,,,0.10207548368117225,0.07470842965884232,0.05034275342662925,0.7157448324177935,-0.020602154848698456,0.005318704943884145,,0.00828553053752605,-0.020602154848698456,0.00828553053752605,0.005298292065447074,,,-0.000383408914762684,-0.00023446876501420633,0.012670821805581045,-0.2322388369700943
MEAN_STD_MINUS_MEAN,Z4,Z3,3026,LOCAL0,static,goal6_workbook_endpoint,residual_ftv,SPH,T2,,current,goal6_transformed_standardized_residual,375,0.15181900526567982,0.12766747039974038,,-0.06220307399733046,0.15181900526567982,-0.06220307399733046,0.3266525359814385,,,0.09964380224126088,0.07227636086414757,0.03520885255903044,0.70105055084665,375,0.09696070588009927,0.07389876127788167,,-0.08978049762324528,0.09696070588009927,-0.08978049762324528,0.31103413955633685,,,0.10079280416084814,0.0736945443192771,0.028111235212983293,0.49689412573176994,0.05485829938558055,0.053768709121858715,,0.027577423625914817,0.05485829938558055,0.027577423625914817,0.015618396425101655,,,-0.0011490019195872642,-0.0014181834551295347,0.007097617346047146,0.20415642511488008
MEAN_STD_MINUS_MEAN,Z4,Z3,3026,LOCAL3,static,goal6_workbook_endpoint,residual_ftv,SPH,T2,,current,goal6_transformed_standardized_residual,375,0.1636211786858785,0.14402840093053962,,-0.05567113724549131,0.1636211786858785,-0.05567113724549131,0.331606952937725,,,0.09927654133111681,0.0720752343192636,0.035168016115549386,0.7517533170322316,375,0.09086590297517409,0.09562248443906361,,-0.08271551968834723,0.09086590297517409,-0.08271551968834723,0.3168646833963428,,,0.10036540599322664,0.07359593550674959,0.029019222637717255,0.6376340776719122,0.0727552757107044,0.048405916491476006,,0.027044382442855917,0.0727552757107044,0.027044382442855917,0.014742269541382247,,,-0.0010888646621098341,-0.0015207011874859844,0.006148793477832131,0.11411923936031942
MEAN_STD_MINUS_MEAN,Z4,Z3,2026,LOCAL0,static,goal6_workbook_endpoint,residual_ftv,SPH,T3,,current,goal6_transformed_standardized_residual,375,0.09373671925655042,0.07192235617325007,,-0.02804156919733911,0.09373671925655042,-0.02804156919733911,0.38186295662184133,,,0.11113036097404608,0.08727159471361073,0.04650320905513803,0.3887117034740874,375,0.054463703446252905,0.0320816480005437,,-0.0572913060876964,0.054463703446252905,-0.0572913060876964,0.3629743797648862,,,0.11281550439245189,0.08820002130338549,0.051752091440233204,0.2647333430073521,0.03927301581029751,0.03984070817270637,,0.02924973689035729,0.03927301581029751,0.02924973689035729,0.018888576856955108,,,-0.00168514341840581,-0.0009284265897747529,-0.005248882385095174,0.12397836046673533
MEAN_STD_MINUS_MEAN,Z4,Z3,2026,LOCAL3,static,goal6_workbook_endpoint,residual_ftv,SPH,T3,,current,goal6_transformed_standardized_residual,375,0.099813680019576,0.08253876277353998,,-0.024966824217218162,0.099813680019576,-0.024966824217218162,0.38363361179479094,,,0.11097108022278483,0.08732309898112262,0.04576346084552108,0.45755087206451905,375,0.07518157238449698,0.03595920918180823,,-0.05997780904374704,0.07518157238449698,-0.05997780904374704,0.3611042936591865,,,0.11298097662018144,0.08810653872301236,0.051820549991938684,0.30798113489268863,0.024632107635079017,0.04657955359173176,,0.03501098482652888,0.024632107635079017,0.03501098482652888,0.022529318135604437,,,-0.0020098963973966127,-0.000783439741889741,-0.006057089146417602,0.14956973717183042
MEAN_STD_MINUS_MEAN,Z4,Z3,3026,LOCAL0,static,goal6_workbook_endpoint,residual_ftv,SPH,T3,,current,goal6_transformed_standardized_residual,375,0.05346995780001112,0.06627085542744368,,-0.018300346558892205,0.05346995780001112,-0.018300346558892205,0.38694809737132685,,,0.1106723067501501,0.08776602814467016,0.030227877199048122,0.41066413654018585,375,0.07870524541408204,0.08601336068298975,,-0.009124136695098931,0.07870524541408204,-0.009124136695098931,0.39229517006135406,,,0.11018860472299127,0.08789179003171019,0.031658785522920944,0.5017431991883775,-0.02523528761407092,-0.019742505255546064,,-0.009176209863793274,-0.02523528761407092,-0.009176209863793274,-0.00534707269002721,,,0.00048370202715883326,-0.00012576188704002678,-0.0014309083238728225,-0.09107906264819166
MEAN_STD_MINUS_MEAN,Z4,Z3,3026,LOCAL3,static,goal6_workbook_endpoint,residual_ftv,SPH,T3,,current,goal6_transformed_standardized_residual,375,0.05142868788066617,0.06449155212838126,,-0.02726989842782298,0.05142868788066617,-0.02726989842782298,0.38020031816007127,,,0.11127971744352032,0.08776734665629944,0.048341952734139444,0.30523917963218433,375,0.07265811563260872,0.0888487738841502,,-0.009484806284002783,0.07265811563260872,-0.009484806284002783,0.3918712021564452,,,0.1102270347999373,0.0875931432868097,0.028051268070889316,0.5677848951988482,-0.021229427751942552,-0.024357221755768946,,-0.017785092143820194,-0.021229427751942552,-0.017785092143820194,-0.011670883996373949,,,0.0010526826435830194,0.00017420336948974213,0.020290684663250128,-0.2625457155666639
MEAN_STD_MINUS_MEAN,Z4,Z3,2026,LOCAL0,static,goal6_workbook_endpoint,residual_ftv_ld,BPE,T0,,current,goal6_transformed_standardized_residual,375,0.19845321856720385,0.18562176448836612,,-0.024578590018214996,0.19845321856720385,-0.024578590018214996,0.02773151781400962,,,17.00590083642618,11.903550968707343,0.1349599840575856,0.5427073571559073,375,0.20736251814912324,0.20434680010145984,,-0.010914735624927861,0.20736251814912324,-0.010914735624927861,0.06878027605200787,,,16.643038644302642,11.80477400607861,0.1576989855744567,0.5288919557384351,-0.008909299581919383,-0.018725035613093716,,-0.013663854393287135,-0.008909299581919383,-0.013663854393287135,-0.04104875823799825,,,0.36286219212353643,0.09877696262873314,-0.022739001516871082,0.013815401417472284
MEAN_STD_MINUS_MEAN,Z4,Z3,2026,LOCAL3,static,goal6_workbook_endpoint,residual_ftv_ld,BPE,T0,,current,goal6_transformed_standardized_residual,375,0.20270739282461156,0.193232698925263,,-0.03511248185080415,0.20270739282461156,-0.03511248185080415,0.007981652250403926,,,17.177754470477264,11.91505490593899,0.16893369285628254,0.5350329884366274,375,0.17637002676214297,0.16314648478687535,,-0.033387858322245945,0.17637002676214297,-0.033387858322245945,0.0164494029080805,,,17.10428371526529,11.965490413669263,0.12828244180583617,0.5156178246278412,0.026337366062468587,0.030086214138387662,,-0.0017246235285582057,0.026337366062468587,-0.0017246235285582057,-0.008467750657676576,,,0.0734707552119751,-0.050435507730274054,0.04065125105044637,0.019415163808786162
MEAN_STD_MINUS_MEAN,Z4,Z3,3026,LOCAL0,static,goal6_workbook_endpoint,residual_ftv_ld,BPE,T0,,current,goal6_transformed_standardized_residual,375,0.23977661686069526,0.21485128548026447,,-0.13869704489036433,0.23977661686069526,-0.13869704489036433,-0.05567410202110534,,,17.72031641040446,12.472272522513896,0.3147176021978248,0.5754837918545828,375,0.2613334473502399,0.25394675393978877,,0.0285167045237347,0.2613334473502399,0.0285167045237347,0.05784926685984593,,,16.74043479992753,11.70227723831826,0.08478440341290584,0.9817051186381949,-0.021556830489544626,-0.0390954684595243,,-0.16721374941409903,-0.021556830489544626,-0.16721374941409903,-0.11352336888095127,,,0.9798816104769301,0.7699952841956357,0.22993319878491897,-0.4062213267836121
MEAN_STD_MINUS_MEAN,Z4,Z3,3026,LOCAL3,static,goal6_workbook_endpoint,residual_ftv_ld,BPE,T0,,current,goal6_transformed_standardized_residual,375,0.28327259688894096,0.25864525501393626,,0.02272266894424492,0.28327259688894096,0.02272266894424492,0.0546204525905174,,,16.76909556634541,11.794130419594103,0.12057892963302297,0.8452833514357941,375,0.2713696447941772,0.25511663133264106,,0.02748684730351507,0.2713696447941772,0.02748684730351507,0.05935797414628985,,,16.727025833491744,11.72284908307674,0.08780659229762648,0.9772543687240726,0.011902952094763775,0.0035286236812951954,,-0.004764178359270149,0.011902952094763775,-0.004764178359270149,-0.00473752155577245,,,0.04206973285366544,0.07128133651736235,0.03277233733539649,-0.13197101728827842
MEAN_STD_MINUS_MEAN,Z4,Z3,2026,LOCAL0,static,goal6_workbook_endpoint,residual_ftv_ld,BPE,T1,,current,goal6_transformed_standardized_residual,375,0.2913350274707867,0.2839691373519203,,0.05357789776433458,0.2913350274707867,0.05357789776433458,0.08701481429016278,,,12.07617691162736,8.822403839968002,0.15795339323220473,0.7954597184198589,375,0.27835386243084237,0.2653798659780793,,0.039846894762865875,0.27835386243084237,0.039846894762865875,0.06996210670158254,,,12.188434371105036,8.859182300920946,0.12273931059932382,0.8262401431605745,0.012981165039944342,0.018589271373841032,,0.013731003001468706,0.012981165039944342,0.013731003001468706,0.01705270758858024,,,-0.11225745947767507,-0.03677846095294335,0.03521408263288091,-0.03078042474071563
MEAN_STD_MINUS_MEAN,Z4,Z3,2026,LOCAL3,static,goal6_workbook_endpoint,residual_ftv_ld,BPE,T1,,current,goal6_transformed_standardized_residual,375,0.3081368988178436,0.2967833425760076,,0.06767319397315341,0.3081368988178436,0.06767319397315341,0.10685894688516173,,,11.944215416822729,8.732312443099081,0.12573135500639246,0.8785722066552644,375,0.2794392650068827,0.26751231011504817,,0.045997141163152774,0.2794392650068827,0.045997141163152774,0.08505095775712235,,,12.089158030933703,8.845472171934242,0.11318859976535461,0.8371242808623597,0.02869763381096091,0.029271032460959412,,0.021676052810000637,0.02869763381096091,0.021676052810000637,0.021807989128039384,,,-0.14494261411097398,-0.11315972883516068,0.012542755241037845,0.04144792579290468
MEAN_STD_MINUS_MEAN,Z4,Z3,3026,LOCAL0,static,goal6_workbook_endpoint,residual_ftv_ld,BPE,T1,,current,goal6_transformed_standardized_residual,375,0.3250064304113299,0.2868421103492004,,0.07088172618557599,0.3250064304113299,0.07088172618557599,0.09545269816487034,,,12.02024286675259,8.751466273735092,0.08989696318547008,1.0009928110715152,375,0.286484063600538,0.2580761965526884,,0.046295351543228926,0.286484063600538,0.046295351543228926,0.083750633526679,,,12.097745527671247,8.895303601638304,0.11300040399688456,0.8474598977005304,0.03852236681079191,0.028765913796512,,0.024586374642347066,0.03852236681079191,0.024586374642347066,0.011702064638191345,,,-0.07750266091865754,-0.1438373279032117,-0.02310344081141448,0.15353291337098474
MEAN_STD_MINUS_MEAN,Z4,Z3,3026,LOCAL3,static,goal6_workbook_endpoint,residual_ftv_ld,BPE,T1,,current,goal6_transformed_standardized_residual,375,0.31715296200851123,0.2730645214030708,,0.06025963023540542,0.31715296200851123,0.06025963023540542,0.08757957323477894,,,12.072441262863238,8.833234529244551,0.09234916240133269,0.955443810344776,375,0.27270087473471166,0.24642106677900671,,0.013291066590522264,0.27270087473471166,0.013291066590522264,0.0704349696737514,,,12.185335469374559,9.007570201944688,0.14949169065462073,0.7826847329855279,0.04445208727379957,0.02664345462406409,,0.04696856364488315,0.04445208727379957,0.04696856364488315,0.017144603561027538,,,-0.11289420651132076,-0.1743356727001366,-0.05714252825328804,0.17275907735924811
MEAN_STD_MINUS_MEAN,Z4,Z3,2026,LOCAL0,static,goal6_workbook_endpoint,residual_ftv_ld,BPE,T2,,current,goal6_transformed_standardized_residual,375,0.4032511811757007,0.38193879795549585,,0.14191100742470036,0.4032511811757007,0.14191100742470036,0.12169477813427154,,,10.3632586116475,7.04612310653036,0.1338573130903633,1.0620632529054401,375,0.38241730178571576,0.36310092857684867,,0.12202142934847965,0.38241730178571576,0.12202142934847965,0.11155793463336428,,,10.422890136908352,7.111610731056317,0.13879153251077864,1.0702649830498625,0.020833879389984933,0.018837869378647176,,0.019889578076220715,0.020833879389984933,0.019889578076220715,0.010136843500907267,,,-0.05963152526085125,-0.06548762452595636,-0.004934219420415331,-0.008201730144422381
MEAN_STD_MINUS_MEAN,Z4,Z3,2026,LOCAL3,static,goal6_workbook_endpoint,residual_ftv_ld,BPE,T2,,current,goal6_transformed_standardized_residual,375,0.40720039625506144,0.3868333929524393,,0.14565732077331522,0.40720039625506144,0.14565732077331522,0.12901026058081422,,,10.320010116048389,6.983499503177447,0.14310485399241912,1.0448440588537244,375,0.3732425797898956,0.3475603864584968,,0.11114011607385457,0.3732425797898956,0.11114011607385457,0.09769856356797013,,,10.503872172314258,7.168464551431394,0.13917159848925734,1.0300373716335736,0.033957816465165824,0.0392730064939425,,0.03451720469946065,0.033957816465165824,0.03451720469946065,0.031311697012844086,,,-0.1838620562658697,-0.18496504825394666,0.003933255503161787,0.014806687220150883
MEAN_STD_MINUS_MEAN,Z4,Z3,3026,LOCAL0,static,goal6_workbook_endpoint,residual_ftv_ld,BPE,T2,,current,goal6_transformed_standardized_residual,375,0.3702318928929881,0.34502246411648485,,0.12390089014773702,0.3702318928929881,0.12390089014773702,0.12029536561306375,,,10.37151126765134,7.142277472128388,0.11887282264934997,1.012664142221193,375,0.3404872856288889,0.2982565727657091,,0.08811690911579988,0.3404872856288889,0.08811690911579988,0.08360831860334161,,,10.585568154069328,7.2346346049000765,0.09366835392690023,1.0120651010640747,0.029744607264099165,0.046765891350775746,,0.03578398103193714,0.029744607264099165,0.03578398103193714,0.03668704700972214,,,-0.21405688641798903,-0.09235713277168855,0.025204468722449733,0.0005990411571183962
MEAN_STD_MINUS_MEAN,Z4,Z3,3026,LOCAL3,static,goal6_workbook_endpoint,residual_ftv_ld,BPE,T2,,current,goal6_transformed_standardized_residual,375,0.36698256747429,0.33738549715379085,,0.11408280940674767,0.36698256747429,0.11408280940674767,0.11634587883972025,,,10.394766956199462,7.096157347529103,0.1383437659618607,0.942492862366896,375,0.34875300776674073,0.30083967226759845,,0.08660733671331611,0.34875300776674073,0.08660733671331611,0.07673637277887779,,,10.625184175802923,7.246007527003426,0.08865353398500597,1.0599756459571084,0.018229559707549248,0.0365458248861924,,0.027475472693431563,0.018229559707549248,0.027475472693431563,0.03960950606084246,,,-0.23041721960346173,-0.14985017947432322,0.04969023197685474,-0.11748278359021236
MEAN_STD_MINUS_MEAN,Z4,Z3,2026,LOCAL0,static,goal6_workbook_endpoint,residual_ftv_ld,BPE,T3,,current,goal6_transformed_standardized_residual,375,0.2855008107069478,0.2639656724182958,,0.034986039403844205,0.2855008107069478,0.034986039403844205,0.10923388720170635,,,9.780899937835203,6.629786018633502,0.10321719979549827,0.9469585223236642,375,0.2207691632609348,0.20276951511943284,,0.0012995520731143414,0.2207691632609348,0.0012995520731143414,0.08675992598807214,,,9.903517030921682,6.724437187859037,0.0747182563704746,0.9079256280031033,0.06473164744601304,0.06119615729886299,,0.03368648733072986,0.06473164744601304,0.03368648733072986,0.022473961213634208,,,-0.12261709308647895,-0.09465116922553474,0.028498943425023668,0.039032894320560896
MEAN_STD_MINUS_MEAN,Z4,Z3,2026,LOCAL3,static,goal6_workbook_endpoint,residual_ftv_ld,BPE,T3,,current,goal6_transformed_standardized_residual,375,0.3184989497893844,0.29204579013937865,,0.04527104744845016,0.3184989497893844,0.04527104744845016,0.11927965888441328,,,9.725590644973439,6.643012442055478,0.12988089543744483,0.9613834889789877,375,0.21387643384557728,0.19179050442130477,,-0.04925129734559543,0.21387643384557728,-0.04925129734559543,0.0587892170909986,,,10.054035618612353,6.8939980150723255,0.11621196117110892,0.857450684219703,0.10462251594380714,0.10025528571807388,,0.09452234479404559,0.10462251594380714,0.09452234479404559,0.06049044179341467,,,-0.32844497363891456,-0.2509855730168473,0.013668934266335905,0.10393280475928468
MEAN_STD_MINUS_MEAN,Z4,Z3,3026,LOCAL0,static,goal6_workbook_endpoint,residual_ftv_ld,BPE,T3,,current,goal6_transformed_standardized_residual,375,0.31153229655614956,0.2947439588846095,,0.0534316192233027,0.31153229655614956,0.0534316192233027,0.11912174802801367,,,9.726462492393127,6.676462073044694,0.061558581240630836,1.4275232645227185,375,0.24806977118223214,0.2232636080747805,,-0.06582836224797747,0.24806977118223214,-0.06582836224797747,-0.04331082229968253,,,10.585316030669745,7.10447637103087,0.15359576710739006,1.27171066496274,0.06346252537391742,0.07148035080982904,,0.11925998147128017,0.06346252537391742,0.11925998147128017,0.1624325703276962,,,-0.8588535382766178,-0.4280142979861763,-0.09203718586675923,0.1558125995599784
MEAN_STD_MINUS_MEAN,Z4,Z3,3026,LOCAL3,static,goal6_workbook_endpoint,residual_ftv_ld,BPE,T3,,current,goal6_transformed_standardized_residual,375,0.32882525972600607,0.29987133253018083,,0.05682526456467303,0.32882525972600607,0.05682526456467303,0.12075636066547357,,,9.717433786600331,6.653292496889798,0.05727791932748263,1.460983974010167,375,0.27559062264817674,0.2316056344777217,,0.001184545095230964,0.27559062264817674,0.001184545095230964,0.0725350647995382,,,9.98034885726468,6.841831281270406,0.07905849394004232,1.3151598939490026,0.05323463707782933,0.06826569805245913,,0.05564071946944207,0.05323463707782933,0.05564071946944207,0.048221295865935376,,,-0.2629150706643486,-0.1885387843806079,-0.021780574612559687,0.14582408006116454
MEAN_STD_MINUS_MEAN,Z4,Z3,2026,LOCAL0,static,goal6_workbook_endpoint,residual_ftv_ld,SPH,T0,,current,goal6_transformed_standardized_residual,375,0.32519044981334294,0.32172975974744666,,0.07956627158602504,0.32519044981334294,0.07956627158602504,0.3721008343764417,,,0.07471004096498823,0.05846450297666718,0.17421729604396072,0.794047829465016,375,0.28163036514318945,0.3038401704252037,,0.06872975627819651,0.28163036514318945,0.06872975627819651,0.36593864860554814,,,0.07507574707917422,0.05910929637383856,0.14069689837751595,0.8613607972431453,0.04356008467015349,0.017889589322242938,,0.010836515307828531,0.04356008467015349,0.010836515307828531,0.006162185770893558,,,-0.0003657061141859874,-0.0006447933971713837,0.03352039766644477,-0.06731296777812934
MEAN_STD_MINUS_MEAN,Z4,Z3,2026,LOCAL3,static,goal6_workbook_endpoint,residual_ftv_ld,SPH,T0,,current,goal6_transformed_standardized_residual,375,0.3095118904268408,0.3088306477769157,,0.0725080147377776,0.3095118904268408,0.0725080147377776,0.36717588180149585,,,0.07500246429480663,0.05891089979678355,0.16438970963485816,0.7808640578635377,375,0.2772794123373305,0.29316084638399625,,0.07091988857840127,0.2772794123373305,0.07091988857840127,0.3673121504673664,,,0.07499438856276927,0.059375032638596545,0.11690235783442383,0.8851659093353362,0.0322324780895103,0.015669801392919458,,0.0015881261593763268,0.0322324780895103,0.0015881261593763268,-0.00013626866587057584,,,8.075732037357564e-06,-0.00046413284181299336,0.04748735180043433,-0.10430185147179849
MEAN_STD_MINUS_MEAN,Z4,Z3,3026,LOCAL0,static,goal6_workbook_endpoint,residual_ftv_ld,SPH,T0,,current,goal6_transformed_standardized_residual,375,0.287231220415381,0.3168241445864487,,0.06022571823658088,0.287231220415381,0.06022571823658088,0.3506061726753943,,,0.07597804240961235,0.059341109732512554,0.18375357652924876,0.8282563944421963,375,0.2114388440824027,0.2545189141993289,,0.018579261444885888,0.2114388440824027,0.018579261444885888,0.3304052924167238,,,0.07715072787549461,0.06055049687887297,0.18301012665973998,0.628712784325163,0.0757923763329783,0.06230523038711977,,0.041646456791694986,0.0757923763329783,0.041646456791694986,0.020200880258670506,,,-0.001172685465882256,-0.0012093871463604161,0.0007434498695087777,0.19954361011703337
MEAN_STD_MINUS_MEAN,Z4,Z3,3026,LOCAL3,static,goal6_workbook_endpoint,residual_ftv_ld,SPH,T0,,current,goal6_transformed_standardized_residual,375,0.3073578853889701,0.3195191229361699,,0.08271325460734495,0.3073578853889701,0.08271325460734495,0.3679211172543174,,,0.07495828854411192,0.05823431404251164,0.15161643447803255,0.8770101409950248,375,0.2515560714690259,0.2767765171193852,,0.058766287617596294,0.2515560714690259,0.058766287617596294,0.3525137445837242,,,0.07586636890410382,0.0594122523405927,0.13399932154282337,0.7572958947721375,0.055801813919944154,0.042742605816784685,,0.023946966989748658,0.055801813919944154,0.023946966989748658,0.015407372670593222,,,-0.000908080359991903,-0.0011779382980810563,0.017617112935209178,0.11971424622288729
MEAN_STD_MINUS_MEAN,Z4,Z3,2026,LOCAL0,static,goal6_workbook_endpoint,residual_ftv_ld,SPH,T1,,current,goal6_transformed_standardized_residual,375,0.04480285127543808,0.019088642329549634,,-0.1120674285138011,0.04480285127543808,-0.1120674285138011,0.18406551903356294,,,0.08252582839253521,0.06385299292350695,0.10753443443781127,0.13366521941400758,375,0.06475699325437116,0.03482636302156879,,-0.14151883773913554,0.06475699325437116,-0.14151883773913554,0.17748723312371983,,,0.08285783340458033,0.06424014220440491,0.13644956535821134,0.2327832828579961,-0.019954141978933082,-0.015737720692019154,,0.029451409225334443,-0.019954141978933082,0.029451409225334443,0.006578285909843107,,,-0.0003320050120451251,-0.00038714928089796097,-0.028915130920400073,-0.09911806344398852
MEAN_STD_MINUS_MEAN,Z4,Z3,2026,LOCAL3,static,goal6_workbook_endpoint,residual_ftv_ld,SPH,T1,,current,goal6_transformed_standardized_residual,375,0.037900762893474875,0.02054054912421928,,-0.11090459221609486,0.037900762893474875,-0.11090459221609486,0.18209175182573134,,,0.08262558418775151,0.06366868651287812,0.10891060369517165,0.12092235191344412,375,0.05528935579400735,0.016862881786630785,,-0.06548394577764213,0.05528935579400735,-0.06548394577764213,0.22143308055191036,,,0.08061395390420072,0.06294050124386576,0.05630019274910205,0.1179786553481208,-0.017388592900532476,0.0036776673375884944,,-0.04542064643845273,-0.017388592900532476,-0.04542064643845273,-0.039341328726179015,,,0.0020116302835507943,0.0007281852690123602,0.0526104109460696,0.0029436965653233255
MEAN_STD_MINUS_MEAN,Z4,Z3,3026,LOCAL0,static,goal6_workbook_endpoint,residual_ftv_ld,SPH,T1,,current,goal6_transformed_standardized_residual,375,0.04090776145353962,0.07592769779973536,,-0.045985454749572566,0.04090776145353962,-0.045985454749572566,0.237189236954375,,,0.079794076959633,0.062316423840923806,0.07431152116338846,0.36997672787385627,375,-0.004423692015487736,0.020986200420624126,,-0.09603917019532802,-0.004423692015487736,-0.09603917019532802,0.20682087046261088,,,0.08136692215189567,0.06436541360193933,0.09984208257192262,0.11609399999252529,0.04533145346902736,0.054941497379111234,,0.05005371544575546,0.04533145346902736,0.05005371544575546,0.03036836649176411,,,-0.0015728451922626674,-0.0020489897610155225,-0.025530561408534158,0.253882727881331
MEAN_STD_MINUS_MEAN,Z4,Z3,3026,LOCAL3,static,goal6_workbook_endpoint,residual_ftv_ld,SPH,T1,,current,goal6_transformed_standardized_residual,375,0.007572221248876162,0.013541112635753466,,-0.09803534238535047,0.007572221248876162,-0.09803534238535047,0.18901134694231048,,,0.08227533098440762,0.06384257284221262,0.09598887581867982,0.05818392233298572,375,-0.011418802016459008,0.0013813959516154118,,-0.08944817792473417,-0.011418802016459008,-0.08944817792473417,0.2098969807577007,,,0.0812089901276442,0.0639520593556753,0.08648368108304032,0.03216463411051728,0.01899102326533517,0.012159716684138054,,-0.008587164460616303,0.01899102326533517,-0.008587164460616303,-0.020885633815390214,,,0.001066340856763423,-0.00010948651346268101,0.009505194735639502,0.02601928822246844
MEAN_STD_MINUS_MEAN,Z4,Z3,2026,LOCAL0,static,goal6_workbook_endpoint,residual_ftv_ld,SPH,T2,,current,goal6_transformed_standardized_residual,375,0.09912931183393192,0.0777446643207721,,-0.11938907468600624,0.09912931183393192,-0.11938907468600624,0.28862910901126193,,,0.10241857329516893,0.07454283152679972,0.06267611941079844,0.435705605009745,375,0.11261498348735438,0.06882467780609211,,-0.12380341455291503,0.11261498348735438,-0.12380341455291503,0.28513259718492057,,,0.10266996732529272,0.0748260008191284,0.047948386913214854,0.6130228610030918,-0.01348567165342246,0.008919986514679984,,0.004414339866908798,-0.01348567165342246,0.004414339866908798,0.003496511826341364,,,-0.00025139403012379435,-0.00028316929232867494,0.014727732497583586,-0.1773172559933468
MEAN_STD_MINUS_MEAN,Z4,Z3,2026,LOCAL3,static,goal6_workbook_endpoint,residual_ftv_ld,SPH,T2,,current,goal6_transformed_standardized_residual,375,0.11530512279582482,0.0837784664403725,,-0.11748557974247976,0.11530512279582482,-0.11748557974247976,0.2909883272022521,,,0.10224859977425142,0.0746037542303137,0.06161443877598272,0.4360578427494075,375,0.1393378385635983,0.08215876789733999,,-0.12411649672643531,0.1393378385635983,-0.12411649672643531,0.2864631182645846,,,0.10257437744594691,0.07490792736976326,0.04999869673745301,0.6727947092703173,-0.02403271576777348,0.0016196985430325106,,0.006630916983955543,-0.02403271576777348,0.006630916983955543,0.004525208937667502,,,-0.0003257776716954902,-0.00030417313944955393,0.011615742038529712,-0.23673686652090975
MEAN_STD_MINUS_MEAN,Z4,Z3,3026,LOCAL0,static,goal6_workbook_endpoint,residual_ftv_ld,SPH,T2,,current,goal6_transformed_standardized_residual,375,0.1440494461964007,0.12388773944087167,,-0.05948134911012189,0.1440494461964007,-0.05948134911012189,0.32038358801249334,,,0.1001065756638282,0.07241554159013315,0.03394168193031424,0.686335098902406,375,0.09623038477231834,0.07111661449678512,,-0.08674010840172851,0.09623038477231834,-0.08674010840172851,0.3046686235999656,,,0.1012573576880889,0.07383467346670322,0.027759863116098526,0.4808313998807856,0.04781906142408236,0.05277112494408655,,0.02725875929160662,0.04781906142408236,0.02725875929160662,0.015714964412527732,,,-0.0011507820242606936,-0.0014191318765700706,0.006181818814215711,0.20550369902162036
MEAN_STD_MINUS_MEAN,Z4,Z3,3026,LOCAL3,static,goal6_workbook_endpoint,residual_ftv_ld,SPH,T2,,current,goal6_transformed_standardized_residual,375,0.1594025285702383,0.13984704408529908,,-0.05309537291412703,0.1594025285702383,-0.05309537291412703,0.3253052630393628,,,0.09974343899669798,0.07222585913349178,0.03371322383462941,0.7377002714749273,375,0.09335531410713406,0.09294005135639562,,-0.07965767268539826,0.09335531410713406,-0.07965767268539826,0.31051484684151975,,,0.10083078217464803,0.07374031975690423,0.02852504456961618,0.6240009750791733,0.06604721446310423,0.04690699272890346,,0.026562299771271232,0.06604721446310423,0.026562299771271232,0.014790416197843048,,,-0.001087343177950048,-0.0015144606234124558,0.005188179265013228,0.11369929639575405
MEAN_STD_MINUS_MEAN,Z4,Z3,2026,LOCAL0,static,goal6_workbook_endpoint,residual_ftv_ld,SPH,T3,,current,goal6_transformed_standardized_residual,375,0.07631223452112511,0.06812682161852393,,-0.030492925817800862,0.07631223452112511,-0.030492925817800862,0.37394411806209027,,,0.1118399308446593,0.0876849923032291,0.04757289271571475,0.37352352838122577,375,0.041441370679643076,0.032922292264693315,,-0.05668230729965946,0.041441370679643076,-0.05668230729965946,0.3556205165621372,,,0.11346481044621855,0.08899558549927872,0.050639691623236616,0.2845867053852798,0.03487086384148203,0.035204529353830616,,0.026189381481858596,0.03487086384148203,0.026189381481858596,0.018323601499953046,,,-0.0016248796015592426,-0.0013105931960496198,-0.0030667989075218657,0.08893682299594596
MEAN_STD_MINUS_MEAN,Z4,Z3,2026,LOCAL3,static,goal6_workbook_endpoint,residual_ftv_ld,SPH,T3,,current,goal6_transformed_standardized_residual,375,0.08415149165506675,0.08019854269334242,,-0.026841830832828702,0.08415149165506675,-0.026841830832828702,0.37597114644034013,,,0.11165872775961187,0.08770418365089093,0.04725986623041864,0.4472513311198364,375,0.07643432319792898,0.08115406069690796,,-0.018385098903235086,0.07643432319792898,-0.018385098903235086,0.3812078944187377,,,0.11118922981518754,0.08757320901131649,0.03259320861988695,0.5552669881736667,0.0077171684571377686,-0.0009555180035655392,,-0.008456731929593616,0.0077171684571377686,-0.008456731929593616,-0.005236747978397571,,,0.0004694979444243297,0.000130974639574441,0.014666657610531687,-0.10801565705383032
MEAN_STD_MINUS_MEAN,Z4,Z3,3026,LOCAL0,static,goal6_workbook_endpoint,residual_ftv_ld,SPH,T3,,current,goal6_transformed_standardized_residual,375,0.05078411377266934,0.06750268877257365,,-0.018122216964215912,0.05078411377266934,-0.018122216964215912,0.3810448503590813,,,0.11120387734320064,0.08806224753759091,0.029921151340815983,0.4359907535125153,375,0.06944966723163604,0.08882482818291244,,-0.008742853975860403,0.06944966723163604,-0.008742853975860403,0.38643876133882604,,,0.11071827161057765,0.08803913460881867,0.031134825042674962,0.5369923007483263,-0.0186655534589667,-0.021322139410338795,,-0.009379362988355509,-0.0186655534589667,-0.009379362988355509,-0.0053939109797447315,,,0.0004856057326229901,2.3112928772245356e-05,-0.001213673701858979,-0.10100154723581095
MEAN_STD_MINUS_MEAN,Z4,Z3,3026,LOCAL3,static,goal6_workbook_endpoint,residual_ftv_ld,SPH,T3,,current,goal6_transformed_standardized_residual,375,0.049489282466311305,0.06687635217320301,,-0.026795527593895092,0.049489282466311305,-0.026795527593895092,0.37440942928974397,,,0.11179836103414302,0.08806025727155134,0.04830956700679509,0.33296827987697447,375,0.07272596386934159,0.0911146490067505,,-0.009122936540729619,0.07272596386934159,-0.009122936540729619,0.3859832493009594,,,0.11075936298441436,0.08789420445315682,0.02800480900836975,0.5965704857700213,-0.023236681403030285,-0.024238296833547487,,-0.017672591053165473,-0.023236681403030285,-0.017672591053165473,-0.01157382001121543,,,0.001038998049728665,0.00016605281839451869,0.02030475799842534,-0.2636022058930468
