model,task,target,timepoint,transition,representation,fold,n,n_patients,n_folds,spearman,pearson,r2,mae,rmse,b0_rmse,rmse_gain_over_b0,target_variance,prediction_variance,prediction_target_variance_ratio
G0,change,ftv,,T0→T1,response_state,4,84,84,1,0.36377442543282373,0.3847634644776397,0.11473098728693798,0.6307337211653415,0.9422970609807757,1.0105297814678649,0.06752173141099949,1.0150831156946283,0.07684985918979297,0.07570794745926207
G0,change,ftv,,T1→T2,response_state,4,84,84,1,0.17726030171104587,0.14411260992369074,0.014724374833118059,0.8370545822067724,1.0346282741424304,1.0423342566364653,0.0073930051180525315,1.0995428022327869,0.05321031002992686,0.04839312296153941
G0,change,ftv,,T2→T3,response_state,4,84,84,1,0.2701022577705781,0.31959910229392247,0.08811040195114905,0.847283479441405,1.2031398677732723,1.2608595990230793,0.04577807972793208,1.60653861200753,0.30391579946457314,0.18917428886741794
G0,change,ld,,T0→T1,response_state,4,84,84,1,-0.00832940973931095,-0.012295266655328879,-0.03626705783561501,0.33290940544079184,0.7231806945035407,0.720440158979099,-0.003803973848883212,0.5107673751239125,0.004127896474468303,0.008081754386655711
G0,change,ld,,T1→T2,response_state,4,84,84,1,-0.20487997928574336,-0.09010054241864117,-0.09413315447788895,1.1417004263755988,1.586119217659644,1.5274678485015414,-0.03839777656573264,2.327033683614645,0.09203719727194794,0.039551295677415395
G0,change,ld,,T2→T3,response_state,4,84,84,1,0.22149389605771344,0.1869003521264513,-0.02439916771165218,1.1828942561567966,1.6209106246256952,1.610234327974786,-0.0066302751502863725,2.595673806859932,0.3816085637419618,0.1470171493557604
G0,change,sphericity,,T0→T1,response_state,4,84,84,1,0.3295332590867672,0.15580625689913127,-0.03143404129154481,0.050879906402726285,0.07441755948203287,0.07532892815348403,0.012098521694006296,0.005433886708284002,0.0001966870235137618,0.03619637914311149
G0,change,sphericity,,T1→T2,response_state,4,84,84,1,-0.05922851068138099,-0.08106547327507968,-0.022055891106661063,0.07916825072642415,0.10123328775076415,0.10017593717946256,-0.010554935656926993,0.010147831121356376,7.87749246501373e-05,0.007762735081819939
G0,change,sphericity,,T2→T3,response_state,4,84,84,1,0.15184772704262428,0.01755296239325652,-0.00826945489953812,0.08966842191740157,0.1318912741397475,0.13142491867624256,-0.0035484554086258886,0.017460501391858944,0.00015672146650517612,0.008975771255815619
G0,static,ftv,T0,,response_state,4,84,84,1,0.7908069251797104,0.8740226223565546,0.7501932059825932,10.548957674008214,16.047199576510497,34.620895275648515,0.536488024103822,1043.2669651396625,795.1957330537313,0.7622169201411243
G0,static,ftv,T1,,response_state,4,84,84,1,0.6925584691708009,0.6289797654937462,0.2416879256721688,9.638216985244238,20.637262306932858,25.22803899630383,0.1819712063249771,568.4043474985558,563.2074937638267,0.9908571182511191
G0,static,ftv,T2,,response_state,4,84,84,1,0.33149741824440626,0.09019768421583889,-0.10764764571045982,5.364857851491027,12.265468685748957,12.384561106824318,0.009616200368193705,137.45731644820782,1.5103797043086729,0.010987990623822231
G0,static,ftv,T3,,response_state,4,84,84,1,0.47384833451452874,0.36821056775256544,0.03678842406145,1.9611491686585698,5.594394222696414,5.936618906484529,0.057646395899576104,32.884075287145116,1.2099308962421589,0.03679382453899013
G0,static,ld,T0,,response_state,4,84,84,1,0.5215943010356199,0.5096512803439646,0.21587986418286154,1.3667260302002862,2.031361883923276,2.3717631857691504,0.1435224662767013,5.3259021801491695,0.8433647058431382,0.15835152004603978
G0,static,ld,T1,,response_state,4,84,84,1,0.15513007734336187,0.05507909924984211,-0.04816416345431662,1.5917324990237374,2.261688687086765,2.2515995368981354,-0.004480881268313306,4.938983075157774,0.13296220001957065,0.026920966927047676
G0,static,ld,T2,,response_state,4,84,84,1,0.09371882151689753,0.08103046009466035,-0.3876591739989894,1.8472084940729179,2.551758741684091,2.568872558525448,0.00666199527281353,4.74895008605852,0.12358999077851686,0.02602469778348264
G0,static,ld,T3,,response_state,4,84,84,1,0.10542310249487077,0.019463535028023244,-0.34211846562923043,1.5407617410852106,2.133856209059768,2.156496963397,0.010498857508970292,3.4335283993115326,0.14424974131633586,0.0420121008305217
G0,static,sphericity,T0,,response_state,4,84,84,1,0.48405386250885896,0.43234810136987784,0.1843299445312937,0.06649312965662046,0.08821862690736233,0.09779696184489617,0.09794102758248119,0.009656222458719428,0.00225252695053768,0.23327206474035622
G0,static,sphericity,T1,,response_state,4,84,84,1,0.2580540649994938,0.23211550930867042,0.012625476916268252,0.07186015319860829,0.09336103495463424,0.09475668011490426,0.014728725812023247,0.008934095520560606,0.001112244440029636,0.12449435283851137
G0,static,sphericity,T2,,response_state,4,84,84,1,0.07085147311936822,0.03468289330240945,-0.01600025961018514,0.0955741785116881,0.127124909387386,0.12644241124287434,-0.005397699536120785,0.016097880068490673,0.00039606963474521687,0.024603838086759464
G0,static,sphericity,T3,,response_state,4,84,84,1,-0.10644932671863927,-0.07385513767890266,-0.08997778745425666,0.11972909847884036,0.15125239974561386,0.14560246348877412,-0.03880385071421093,0.021241642422780652,0.0011450583070345011,0.05390629802742939
G1,change,ftv,,T0→T1,response_state,4,84,84,1,0.45372076541459966,0.3370245651746838,0.07795081166610307,0.6433039247055093,0.9616726173095193,1.0105297814678649,0.04834806955157441,1.0150831156946283,0.04899688217620527,0.048268837712541764
G1,change,ftv,,T1→T2,response_state,4,84,84,1,0.12159562620228814,0.21198187491988651,0.044217614321927834,0.8448557298901873,1.019025341651078,1.0423342566364653,0.02236222673962906,1.0995428022327869,0.053089214923173596,0.04828299072611632
G1,change,ftv,,T2→T3,response_state,4,84,84,1,0.20988154297863723,0.31412760397737727,0.08043674463270067,0.8307578199994464,1.2081915435804658,1.2608595990230793,0.04177154655714327,1.60653861200753,0.05152919466916697,0.03207466928216317
G1,change,ld,,T0→T1,response_state,4,84,84,1,0.10974149328070268,0.11324768079950814,-0.018707945407415716,0.3321759818122657,0.7170275200052548,0.720440158979099,0.0047368805463038404,0.5107673751239125,0.01006401624604727,0.019703717849257178
G1,change,ld,,T1→T2,response_state,4,84,84,1,-0.08025275977854471,-0.0033565835517532596,-0.027041522941624985,1.09950390513594,1.5367199845758053,1.5274678485015414,-0.006057172387189895,2.327033683614645,0.021443929249661695,0.009215134873489348
G1,change,ld,,T2→T3,response_state,4,84,84,1,0.011986129455628908,-0.007354540920295512,-0.057259146008243,1.2251395484842984,1.6467026555456277,1.610234327974786,-0.022647838850081186,2.595673806859932,0.08495283284802516,0.032728624306917545
G1,change,sphericity,,T0→T1,response_state,4,84,84,1,0.0787688569403665,0.051973391103819905,-0.058046846781633965,0.05302956395459768,0.07537149706697954,0.07532892815348403,-0.0005651071180619118,0.005433886708284002,6.726734470594248e-05,0.012379232088772276
G1,change,sphericity,,T1→T2,response_state,4,84,84,1,0.07060848435759846,0.04906235643502687,-0.0198387711360295,0.07948759940442914,0.10112342673456882,0.10017593717946256,-0.009458254964052492,0.010147831121356376,0.0003844161088233618,0.03788160289880544
G1,change,sphericity,,T2→T3,response_state,4,84,84,1,0.20186291384023491,0.09885253291181227,0.005109581363748061,0.08785138614292151,0.13101329902349557,0.13142491867624256,0.00313197570820643,0.017460501391858944,0.0002556631991755975,0.014642374433462826
G1,static,ftv,T0,,response_state,4,84,84,1,0.5787587324086261,0.5675853248782863,0.19929896403101777,16.61124810122601,28.72978171102455,34.620895275648515,0.17016063616262483,1043.2669651396625,140.2513526447292,0.13443476821481998
G1,static,ftv,T1,,response_state,4,84,84,1,0.56069656778374,0.4183954604184392,0.12092060739767752,10.600900086185442,22.21990247122381,25.22803899630383,0.11923782603636938,568.4043474985558,138.41299279443362,0.24351149565193164
G1,static,ftv,T2,,response_state,4,84,84,1,0.43962741723195303,0.28400500390843275,-0.06627224680990706,5.130433688536442,12.034204474926353,12.384561106824318,0.028289789914711327,137.45731644820782,2.135392843420011,0.01553495222078339
G1,static,ftv,T3,,response_state,4,84,84,1,0.4989976713576997,0.057267961566322995,-0.14075805814290643,2.2315230116910305,6.0882011487054575,5.936618906484529,-0.025533429820694033,32.884075287145116,3.9093448118138037,0.11888261347406737
G1,static,ld,T0,,response_state,4,84,84,1,0.3053734011578683,0.278310929103472,0.025387198301038305,1.577268937149267,2.2647071527433336,2.3717631857691504,0.04513774126698871,5.3259021801491695,0.33602977360901165,0.06309349331676986
G1,static,ld,T1,,response_state,4,84,84,1,0.24499553247606737,0.1855367864525351,-0.005447693665886488,1.5166964623762242,2.215123340604674,2.2515995368981354,0.0162001260418236,4.938983075157774,0.4122436389056506,0.08346731151583904
G1,static,ld,T2,,response_state,4,84,84,1,0.15178451552374003,0.23504105943211195,-0.34537217665824116,1.8392369118616563,2.512577269771583,2.568872558525448,0.021914395312073683,4.74895008605852,0.132369895630286,0.027873507455655082
G1,static,ld,T3,,response_state,4,84,84,1,0.23405359133189235,0.023371061942386903,-5.931292907866525,2.118449353686777,4.849275420319717,2.156496963397,-1.2486817754108706,3.4335283993115326,20.602886960655656,6.000499941921786
G1,static,sphericity,T0,,response_state,4,84,84,1,0.49741824440619625,0.34428606323353034,0.1130900188450421,0.0690913155796696,0.09199046317986984,0.09779696184489617,0.05937299641511678,0.009656222458719428,0.0016857348136094896,0.1745749769970653
G1,static,sphericity,T1,,response_state,4,84,84,1,0.19052343829097904,0.17578235610185616,0.007812234230848647,0.07179987947804355,0.09358831598817419,0.09475668011490426,0.012330150500347723,0.008934095520560606,0.0006255305532992016,0.07001610312533911
G1,static,sphericity,T2,,response_state,4,84,84,1,0.24499341905436875,0.1863529183787408,0.029053644377284082,0.09410590531104779,0.12427431125660339,0.12644241124287434,0.017146936419192415,0.016097880068490673,0.0002622508006506697,0.016291014688573097
G1,static,sphericity,T3,,response_state,4,84,84,1,0.1205021767743242,-0.00707963492380576,-0.020357568807760185,0.11577212493687018,0.14634222210201075,0.14560246348877412,-0.005080673743502082,0.021241642422780652,0.00023142647081855698,0.010894942406636273
G2,change,ftv,,T0→T1,response_state,4,84,84,1,0.30239951402247645,0.23692878773439124,0.03317110645728327,0.6507988781052034,0.9847477916468261,1.0105297814678649,0.025513339927091122,1.0150831156946283,0.053696508012465664,0.05289863182850872
G2,change,ftv,,T1→T2,response_state,4,84,84,1,0.1938037865748709,0.2087199208067359,0.03546942079192594,0.8196983165762556,1.02367824441731,1.0423342566364653,0.01789830095324393,1.0995428022327869,0.07145322983622288,0.06498449145510876
G2,change,ftv,,T2→T3,response_state,4,84,84,1,0.1400020249063481,0.1666401874452417,0.02616353329633947,0.8650026244123962,1.2433345549265726,1.2608595990230793,0.013899282767157564,1.60653861200753,0.06844432255195387,0.04260359635329641
G2,change,ld,,T0→T1,response_state,4,84,84,1,0.21092051547902366,0.08909767968274085,-0.02428969767585132,0.33175461085009994,0.7189892218926406,0.720440158979099,0.0020139592003233613,0.5107673751239125,0.018648531583546665,0.036510811950396245
G2,change,ld,,T1→T2,response_state,4,84,84,1,0.10367542644955718,0.0904245333433914,-0.012591100921788279,1.0708576424816134,1.5258709018466552,1.5274678485015414,0.001045486264377222,2.327033683614645,0.09628666291213525,0.04137742551391459
G2,change,ld,,T2→T3,response_state,4,84,84,1,0.08636734402140082,0.0875522877300532,-0.008567904884316802,1.2049249356685163,1.6083369232550697,1.610234327974786,0.001178340746282943,2.595673806859932,0.03472611674707119,0.013378459440972849
G2,change,sphericity,,T0→T1,response_state,4,84,84,1,-0.13919206236711554,-0.1677243960883552,-0.16828582796778813,0.05605311948623474,0.07920074141832732,0.07532892815348403,-0.05139875688864707,0.005433886708284002,0.0002215490607275172,0.04077174822024978
G2,change,sphericity,,T1→T2,response_state,4,84,84,1,0.08166447301812292,0.08844731027624385,0.00507785311841813,0.07780638541982472,0.0998804678348601,0.10017593717946256,0.002949504171577039,0.010147831121356376,0.0002010284506874946,0.019809991739458983
G2,change,sphericity,,T2→T3,response_state,4,84,84,1,0.09879518072289156,0.0765194312063023,-0.006136652801387088,0.09024361053266208,0.1317517048507673,0.13142491867624256,-0.002486485651398741,0.017460501391858944,0.0005679850376208402,0.03252970947819782
G2,static,ftv,T0,,response_state,4,84,84,1,0.7603523337045662,0.7959187516670316,0.5105970380122984,13.276863615937941,22.461069298664803,34.620895275648515,0.35122794717375877,1043.2669651396625,310.85239737046703,0.2979605486969993
G2,static,ftv,T1,,response_state,4,84,84,1,0.6309405689986838,0.38678132348903366,0.03896990140239831,10.8621675331977,23.232534645341374,25.22803899630383,0.07909867077876398,568.4043474985558,274.6234809522282,0.4831481007504538
G2,static,ftv,T2,,response_state,4,84,84,1,0.5113091019540346,0.2824825512178712,0.021678359686491566,4.974931846965647,11.52720890202539,12.384561106824318,0.06922750006267869,137.45731644820782,18.46728421487066,0.13434922703317068
G2,static,ftv,T3,,response_state,4,84,84,1,0.47684519590968916,0.12535852920456322,-0.05843002683634313,2.0595677068328553,5.864396097231571,5.936618906484529,0.012165646875879045,32.884075287145116,0.2626657315246769,0.007987627118326084
G2,static,ld,T0,,response_state,4,84,84,1,0.3238096643472573,0.3918193445938647,0.09512964290943127,1.537223479961778,2.182172993091171,2.3717631857691504,0.07993639239176241,5.3259021801491695,0.5535919413686566,0.10394331751567233
G2,static,ld,T1,,response_state,4,84,84,1,0.28787734663496234,0.2069040199918208,-0.008874121123324086,1.541290609573895,2.21889454824383,2.2515995368981354,0.014525224454149896,4.938983075157774,0.15194084671173583,0.030763589265161057
G2,static,ld,T2,,response_state,4,84,84,1,0.3190620093365677,0.28388938745182074,-0.19974488101476906,1.6111698104549919,2.372699061204195,2.568872558525448,0.07636560119348935,4.74895008605852,1.5256045459255214,0.3212509119445653
G2,static,ld,T3,,response_state,4,84,84,1,0.26326235181075835,0.21628052041515602,-0.28321166154076627,1.4759660654047682,2.0865023296716556,2.156496963397,0.03245756192259422,3.4335283993115326,0.05355672753677882,0.015598160640674371
G2,static,sphericity,T0,,response_state,4,84,84,1,0.653903006985927,0.5328389206448686,0.28217151011497466,0.060289153534201494,0.08275864662058294,0.09779696184489617,0.1537707812249185,0.009656222458719428,0.003186484909121492,0.329992905895011
G2,static,sphericity,T1,,response_state,4,84,84,1,0.41063075832742735,0.3755887285797873,-0.062443458531733054,0.0732641124018034,0.09684509117587477,0.09475668011490426,-0.02203972383200896,0.008934095520560606,0.004691272511858695,0.5250976443068432
G2,static,sphericity,T2,,response_state,4,84,84,1,0.27607573149741826,0.23068801219420798,0.04172214050606349,0.09167513183679417,0.12346091007148867,0.12644241124287434,0.023579913907673836,0.016097880068490673,0.001007567581173823,0.06259007874869153
G2,static,sphericity,T3,,response_state,4,84,84,1,0.2615571529816746,0.17480915641124714,0.01848149569786728,0.11026768203933612,0.1435300036361013,0.14560246348877412,0.014233686731767458,0.021241642422780652,0.0009812637259929062,0.04619528501904106
G3,change,ftv,,T0→T1,response_state,4,84,84,1,0.6193176065606966,0.49074399665152074,0.1885114390234508,0.6013449300822773,0.9021762838284431,1.0105297814678649,0.10722444763778344,1.0150831156946283,0.11546955681356519,0.11375379516045697
G3,change,ftv,,T1→T2,response_state,4,84,84,1,0.1969221423509163,0.21069005187252865,-0.0072224392684105965,0.8817103739960492,1.0460878776799396,1.0423342566364653,-0.003601168262076481,1.0995428022327869,0.20760065774930497,0.18880634508064684
G3,change,ftv,,T2→T3,response_state,4,84,84,1,0.2193581046876582,0.2774480136185435,0.07274619651999814,0.8246474480107099,1.2132332352858464,1.2608595990230793,0.037772931874519654,1.60653861200753,0.18387942224253925,0.11445689563151153
G3,change,ld,,T0→T1,response_state,4,84,84,1,0.1462307931240831,0.12602046503535985,-0.014539571796591488,0.3253103734755625,0.71555904107182,0.720440158979099,0.006775188537790233,0.5107673751239125,0.010326059780648615,0.020216756753783476
G3,change,ld,,T1→T2,response_state,4,84,84,1,-0.15088531491486637,0.0844997180472551,-0.011909450018281476,1.093838080306037,1.5253572263950967,1.5274678485015414,0.001381778417473844,2.327033683614645,0.025209450107555615,0.010833298325272665
G3,change,ld,,T2→T3,response_state,4,84,84,1,0.11304844782237596,0.09580050288238176,-0.03202338968759655,1.2010960969082882,1.6269313603059605,1.610234327974786,-0.010369318329074922,2.595673806859932,0.14468729841729125,0.0557417107014398
G3,change,sphericity,,T0→T1,response_state,4,84,84,1,-0.0030171104586412876,0.05075151242030773,-0.055743752222331855,0.0533704561453379,0.0752894202420336,0.07532892815348403,0.0005244719713778353,0.005433886708284002,0.00011613117303825057,0.021371658864585398
G3,change,sphericity,,T1→T2,response_state,4,84,84,1,0.04582363065708211,-0.051404897380925726,-0.055406713960490794,0.08021309681696633,0.10287170668814055,0.10017593717946256,-0.026910349776399785,0.010147831121356376,0.00035720032347410737,0.035199671654208946
G3,change,sphericity,,T2→T3,response_state,4,84,84,1,0.12319530221727246,0.015538316925819083,-0.014525160475479693,0.08884040203628533,0.13229979448092216,0.13142491867624256,-0.0066568487429298105,0.017460501391858944,0.00025752564598362823,0.01474904071790865
G3,static,ftv,T0,,response_state,4,84,84,1,0.6808545104788903,0.7013525254659276,0.4534469738303568,14.06650278677802,23.736314227935313,34.620895275648515,0.31439340204957517,1043.2669651396625,397.5763742359981,0.38108785912029186
G3,static,ftv,T1,,response_state,4,84,84,1,0.6140123519287234,0.43403491651130593,0.13943407207159786,10.138785838650763,21.98468119908169,25.22803899630383,0.12856162929260273,568.4043474985558,162.95943273429498,0.2866963165420001
G3,static,ftv,T2,,response_state,4,84,84,1,0.5193277310924369,0.3312993778467767,0.031629356389590635,4.59533464572511,11.46843457258028,12.384561106824318,0.07397327417111459,137.45731644820782,18.340396299970983,0.13342611927740794
G3,static,ftv,T3,,response_state,4,84,84,1,0.5165941075225271,0.09402671110484673,-0.1707789790107861,2.223303431451018,6.167791415609341,5.936618906484529,-0.038940095830019235,32.884075287145116,7.332615506097973,0.22298378294263313
G3,static,ld,T0,,response_state,4,84,84,1,0.33980464213629313,0.30002638608210785,0.05194452881066758,1.5413936623526365,2.23363841601944,2.3717631857691504,0.05823716742821329,5.3259021801491695,0.6659794040070638,0.12504536911874164
G3,static,ld,T1,,response_state,4,84,84,1,0.2577567714558046,0.2287057338845023,0.02141535643131598,1.4970774093725527,2.185331723626404,2.2515995368981354,0.02943143848884599,4.938983075157774,0.37416193591122576,0.07575687752266155
G3,static,ld,T2,,response_state,4,84,84,1,0.23624001734323286,0.28817319211588216,-0.2761769093182611,1.7630506129247632,2.4471108737716136,2.568872558525448,0.04739888101873237,4.74895008605852,0.4257501334811762,0.08965142310740425
G3,static,ld,T3,,response_state,4,84,84,1,0.301675292312773,0.21659148544588855,-0.22591689710368135,1.488304257604148,2.0393897895609934,2.156496963397,0.054304353691987065,3.4335283993115326,0.4660255540242569,0.1357278868343425
G3,static,sphericity,T0,,response_state,4,84,84,1,0.5412777159056394,0.43822076112186964,0.19055787558856818,0.06641923751826143,0.08788119126224203,0.09779696184489617,0.10139139698818386,0.009656222458719428,0.002187656996110199,0.22655412149652548
G3,static,sphericity,T1,,response_state,4,84,84,1,0.11031689784347475,0.10597767945859804,-0.08299630107510869,0.07661692923996212,0.09777733264097,0.09475668011490426,-0.031877990263090836,0.008934095520560606,0.0014016705721977454,0.15689003648684874
G3,static,sphericity,T2,,response_state,4,84,84,1,0.31141034727143874,0.3029568278690718,0.07730452765743379,0.0909369313312407,0.12114707744845325,0.12644241124287434,0.0418794116813357,0.016097880068490673,0.000599519128969241,0.03724211675192655
G3,static,sphericity,T3,,response_state,4,84,84,1,0.28144173331983396,0.1297090199887257,0.0035765456323602063,0.11315558565939321,0.14461569226360207,0.14560246348877412,0.0067771602315514715,0.021241642422780652,0.0007963059118883071,0.03748796331465908
G4,change,ftv,,T0→T1,response_state,4,84,84,1,0.4482130201478182,0.3646758534001738,0.09631484562588366,0.6179875426581348,0.9520478554089145,1.0105297814678649,0.057872540850801395,1.0150831156946283,0.07887273078087303,0.07770076120998219
G4,change,ftv,,T1→T2,response_state,4,84,84,1,0.2518578515743647,0.2625078256005743,0.058276689539648485,0.8178962398954829,1.0115029028043432,1.0423342566364653,0.029579142809344646,1.0995428022327869,0.1176550908626785,0.10700364790143882
G4,change,ftv,,T2→T3,response_state,4,84,84,1,0.1998785056191151,0.23863719992520152,0.05666211283425915,0.8542689602172718,1.2237103289538147,1.2608595990230793,0.0294634470785233,1.60653861200753,0.10409840429849587,0.06479670237643062
G4,change,ld,,T0→T1,response_state,4,84,84,1,0.21815555021608937,0.08520603792729109,-0.029486278084539075,0.3335637995903311,0.7208107565741848,0.720440158979099,-0.0005144044102302653,0.5107673751239125,0.02064131131493155,0.0404123527073826
G4,change,ld,,T1→T2,response_state,4,84,84,1,0.1695383853895767,0.1132315608516197,-0.0050422124651827716,1.064818921446098,1.5201725614550528,1.5274678485015414,0.004776065861972392,2.327033683614645,0.10737551940748438,0.046142657995691345
G4,change,ld,,T2→T3,response_state,4,84,84,1,0.10419887560747236,0.11945921084631089,-0.0020383073319660827,1.200099058995484,1.603122179894979,1.610234327974786,0.004416840428903237,2.595673806859932,0.03726688178585528,0.014357305485521771
G4,change,sphericity,,T0→T1,response_state,4,84,84,1,-0.11744456818872127,-0.14945126038099144,-0.17247639661978553,0.056013555706837935,0.07934265833888633,0.07532892815348403,-0.05328271998274356,0.005433886708284002,0.0002627485188085099,0.04835369835884649
G4,change,sphericity,,T1→T2,response_state,4,84,84,1,0.129452262832844,0.0981266146729919,0.006861816246865771,0.07760906004539422,0.09979088141962554,0.10017593717946256,0.0038437949339790514,0.010147831121356376,0.00022856831821999285,0.022523859087383198
G4,change,sphericity,,T2→T3,response_state,4,84,84,1,0.13852384327224868,0.09999437618409472,-0.0017234452810255263,0.08975677180453527,0.1314624366809017,0.13142491867624256,-0.0002854710129330322,0.017460501391858944,0.0007127976325844763,0.04082343436694333
G4,static,ftv,T0,,response_state,4,84,84,1,0.7747291687759441,0.7944604332566149,0.5434049566616506,12.749516620274015,21.69515350432344,34.620895275648515,0.37335088155321977,1043.2669651396625,360.1137510632284,0.3451789073135464
G4,static,ftv,T1,,response_state,4,84,84,1,0.699848132023894,0.663445651537508,0.15298206601411268,10.43505493739377,21.810940929465804,25.22803899630383,0.1354484217873084,568.4043474985558,29.734728021336114,0.052312632991273283
G4,static,ftv,T2,,response_state,4,84,84,1,0.5237015288042928,0.3754725109810438,0.08451322157149044,4.714098099132057,11.150885899008646,12.384561106824318,0.0996139626729182,137.45731644820782,13.18899621378509,0.0959497577471952
G4,static,ftv,T3,,response_state,4,84,84,1,0.5068745570517365,0.1603875473070766,-0.0420671722045558,2.032086541636872,5.818889062721747,5.936618906484529,0.01983112704677515,32.884075287145116,0.38428056950862494,0.011685916850422917
G4,static,ld,T0,,response_state,4,84,84,1,0.37957429558768935,0.42399654727479164,0.11959241276518173,1.5196332285415044,2.1524738511954222,2.3717631857691504,0.0924583600460152,5.3259021801491695,0.5719221940572679,0.10738503538216491
G4,static,ld,T1,,response_state,4,84,84,1,0.323578431875894,0.2552037139805845,0.019282458576564188,1.5134425668897364,2.1877119736857105,2.2515995368981354,0.02837430109815984,4.938983075157774,0.21510859486482192,0.04355321562990988
G4,static,ld,T2,,response_state,4,84,84,1,0.3170936807261663,0.30187629036685254,-0.18347063756419635,1.61925633145768,2.3565515762468885,2.568872558525448,0.08265142681909969,4.74895008605852,1.6756025906870244,0.35283642917327906
G4,static,ld,T3,,response_state,4,84,84,1,0.3080705390180464,0.26988480536787973,-0.2547165398877109,1.449067115509055,2.0632057362316156,2.156496963397,0.04326054186435229,3.4335283993115326,0.07930206236600618,0.023096375839473843
G4,static,sphericity,T0,,response_state,4,84,84,1,0.6376835071377949,0.529423964049541,0.2776795943723508,0.060254825215514604,0.08301717990778444,0.09779696184489617,0.15112720945822566,0.009656222458719428,0.0032538013624157213,0.33696420896740903
G4,static,sphericity,T1,,response_state,4,84,84,1,0.3590158955148325,0.3431721117717645,-0.16636027200552927,0.07524914012966465,0.10147079387235435,0.09475668011490426,-0.07085636336465549,0.008934095520560606,0.005223419292229186,0.5846612318178372
G4,static,sphericity,T2,,response_state,4,84,84,1,0.35395362964462895,0.3026242244526971,0.07705786403715587,0.08996437791400488,0.1211632694536973,0.12644241124287434,0.04175135334169402,0.016097880068490673,0.0010920080061803603,0.06783551632477444
G4,static,sphericity,T3,,response_state,4,84,84,1,0.28296041308089503,0.2155274182563054,0.029945472321340927,0.10788543550688627,0.14268933815855425,0.14560246348877412,0.02000739039998776,0.021241642422780652,0.0011572475761913348,0.05448013638296829
G0,change,ftv,,T0→T1,response_state,1,67,67,1,0.5186367627105117,0.48666885533177145,0.23338001236741934,0.524468745232616,0.6633115606408263,0.7578399042023658,0.1247339220821732,0.5826206348075811,0.15391883227853348,0.2641836266739289
G0,change,ftv,,T1→T2,response_state,1,67,67,1,0.33510256205603006,0.31921052215802964,0.04234953773885586,0.8540912869118076,1.0902240795609806,1.1444860965527222,0.047411687354859844,1.2599560158241296,0.10229820114241954,0.08119188277815151
G0,change,ftv,,T2→T3,response_state,1,67,67,1,0.3816346077101126,0.3791207065839826,0.12407903129063547,0.8007565912472404,1.0481996727139968,1.1293918526804367,0.07189017680067625,1.2733681520874813,0.14972644328276902,0.11758299674553405
G0,change,ld,,T0→T1,response_state,1,67,67,1,0.1279530603056963,0.08329833791140662,-0.03405314760317113,0.2959988462998374,0.511969311847922,0.5060346300080394,-0.011727817599732999,0.2573213761416508,0.015288176461084133,0.05941277281475545
G0,change,ld,,T1→T2,response_state,1,67,67,1,0.034108032801287866,0.12195169927497242,0.0071103397655631895,0.8733879709113977,1.1881928913907165,1.19568394945279,0.006265082060775194,1.4434567598043486,0.02683695971242512,0.018592146616198395
G0,change,ld,,T2→T3,response_state,1,67,67,1,0.2345586318090858,-0.00407588147259219,-0.036647994054949784,0.9732408546990402,1.3163383589140503,1.2958063699665117,-0.015844951393524348,1.696815527294162,0.05307695805584711,0.031280334958088594
G0,change,sphericity,,T0→T1,response_state,1,67,67,1,0.12091946683693831,0.05972544259307195,-0.02715346266801988,0.06889167065329789,0.09171989770901078,0.09152515857095245,-0.0021277115614867976,0.008314241900448494,0.00011816294763794248,0.01421211326934912
G0,change,sphericity,,T1→T2,response_state,1,67,67,1,0.1457418788410887,0.09995070515809146,-0.012351682905763495,0.09882180549161954,0.1426577304298695,0.14340521037013212,0.005212362495988467,0.020407512863785303,0.00016680396149129677,0.008173654604785436
G0,change,sphericity,,T2→T3,response_state,1,67,67,1,0.23337856173677074,0.24853827048383056,0.0296136771985398,0.08094563700541645,0.11695071775767876,0.11997174629563961,0.025181166659992604,0.014308430011368943,0.00042243843876131886,0.02952374498289925
G0,static,ftv,T0,,response_state,1,67,67,1,0.7146220767818662,0.8487471793792468,0.644172825178215,9.359110055931072,16.353615973418137,28.118717433721507,0.41840818266461954,762.9908766796142,280.2857910537557,0.36735143187229735
G0,static,ftv,T1,,response_state,1,67,67,1,0.7418788410886744,0.5447698706112044,0.2515871460359076,6.192377415414247,12.244994322914664,14.697400535509962,0.16685986114824253,203.3793268194977,56.16717779005681,0.2761695530633064
G0,static,ftv,T2,,response_state,1,67,67,1,0.5890334424136006,0.5895615264277663,0.3301792267317507,3.2426231003937143,6.483028771060028,8.25213733479715,0.21438186156660813,63.698345602987196,22.402713511986857,0.3517000842002443
G0,static,ftv,T3,,response_state,1,67,67,1,0.2990661664937346,0.3768639176284505,0.01819029919033399,1.347493229728857,2.663803780065029,2.8105271318345517,0.05220492273766093,7.336822461933564,0.22876638267121038,0.031180580402230523
G0,static,ld,T0,,response_state,1,67,67,1,0.24126610894379608,0.2851940341493134,0.0727225022411433,1.3350521404839235,1.8151058664917503,1.88736829694617,0.03828740292572622,3.6068249660786975,0.32941159137442944,0.09133007408800385
G0,static,ld,T1,,response_state,1,67,67,1,0.2852808048544152,0.2409585344329756,-0.02917648993923505,1.2097662380230134,1.763655019552199,1.789213385009538,0.01428469386126506,3.0680913613749436,0.3717282707281328,0.12115945287937754
G0,static,ld,T2,,response_state,1,67,67,1,0.3646849922699493,0.38380495982248436,-0.03892260539755732,1.3997445537804079,1.8544423651604016,2.0047910509207147,0.07499469118802402,3.360271370420624,0.42435803566486113,0.12628683486707262
G0,static,ld,T3,,response_state,1,67,67,1,0.2140054997479552,0.3104207260234256,-0.23849846420597265,1.2209233497740684,1.6089700397628846,1.654550621658592,0.02754861730976562,2.121931252826776,0.0483315876376669,0.022777169417379072
G0,static,sphericity,T0,,response_state,1,67,67,1,0.48950434990821295,0.4695391183759412,0.20833736362446742,0.06735329706190017,0.09129142210000864,0.10486235447337436,0.12941662850810318,0.010686873375803587,0.002082956098024856,0.19490790475172357
G0,static,sphericity,T1,,response_state,1,67,67,1,0.2768377364514327,0.23340795252693078,0.04475849847401048,0.06595442268157062,0.082688981109291,0.08492563120782774,0.026336573149079934,0.007266293999681451,0.00034547811713836615,0.04754529849102054
G0,static,sphericity,T2,,response_state,1,67,67,1,0.2672998643147897,0.2528641589056426,0.024688678849591472,0.09405949403799997,0.12956041347517988,0.13445940170110218,0.03643470195421927,0.017471582867665193,0.0007736432196995125,0.04428008758904727
G0,static,sphericity,T3,,response_state,1,67,67,1,-0.010615372336180063,0.0010586466731904137,-0.07759792593321424,0.10329751894248436,0.13104351426086128,0.12682731234660283,-0.03324364315736747,0.016177268096886493,0.001187564928481006,0.07340948554283816
G1,change,ftv,,T0→T1,response_state,1,67,67,1,0.552278713384947,0.4598990098899162,0.2089042005303684,0.5202344129371667,0.6738171131707718,0.7578399042023658,0.11087142622824657,0.5826206348075811,0.11804334071170478,0.2026075522551485
G1,change,ftv,,T1→T2,response_state,1,67,67,1,0.40083007422779154,0.3730167085631862,0.05609089505712106,0.8429164328240186,1.0823739872938827,1.1444860965527222,0.05427074164196997,1.2599560158241296,0.09618692031783395,0.0763414905836365
G1,change,ftv,,T2→T3,response_state,1,67,67,1,0.36207997445925455,0.32120851482290375,0.0842901984998018,0.8038009916022432,1.0717425903206974,1.1293918526804367,0.051044517651617306,1.2733681520874813,0.12267251385204236,0.09633703626947211
G1,change,ld,,T0→T1,response_state,1,67,67,1,0.2281397076807805,0.12437524568745485,-0.010234805767445954,0.28871888804183266,0.5060386199858896,0.5060346300080394,-7.884792094493348e-06,0.2573213761416508,0.013543651125501124,0.05263321426528353
G1,change,ld,,T1→T2,response_state,1,67,67,1,0.17295506861086055,0.19820788630122865,0.030742966722016374,0.8577617403369687,1.1739671274887398,1.19568394945279,0.018162677498505374,1.4434567598043486,0.05724685516263703,0.03965955666756272
G1,change,ld,,T2→T3,response_state,1,67,67,1,0.3277592736045761,0.08815664137920914,-0.0066749691551653,0.9640321457289053,1.2971688656780294,1.2958063699665117,-0.0010514655145219798,1.696815527294162,0.05992124735101668,0.03531394331743916
G1,change,sphericity,,T0→T1,response_state,1,67,67,1,0.20296911166094664,0.16060973956012656,4.8059933824395884e-05,0.06792133353751048,0.09049726581366359,0.09152515857095245,0.011230712662377008,0.008314241900448494,6.443575201599647e-05,0.007750045378463264
G1,change,sphericity,,T1→T2,response_state,1,67,67,1,0.0035118525021949087,0.05114756961279472,-0.023265195976895026,0.10115512995988186,0.14342461980299784,0.14340521037013212,-0.00013534677586412178,0.020407512863785303,0.00016825639539873446,0.00824482613446337
G1,change,sphericity,,T2→T3,response_state,1,67,67,1,0.08177029292042463,0.06863081652265408,-0.035601964174962086,0.08602981185534786,0.12081670604471816,0.11997174629563961,-0.007042989496846656,0.014308430011368943,0.000606755481082281,0.042405454728448595
G1,static,ftv,T0,,response_state,1,67,67,1,0.722124670763828,0.7924956611406297,0.5069384354722035,11.032553326841507,19.250624093322603,28.118717433721507,0.31538043516038183,762.9908766796142,192.76285377714362,0.25264109921734523
G1,static,ftv,T1,,response_state,1,67,67,1,0.6670524383430442,0.5516879189156818,0.20979502327078148,6.371640486725017,12.582236655624806,14.697400535509962,0.1439141482723268,203.3793268194977,29.044148291440568,0.14280777080758902
G1,static,ftv,T2,,response_state,1,67,67,1,0.672519754170325,0.622855768932852,0.3681074100322351,3.231580009662074,6.2968054329662175,8.25213733479715,0.23694854102655297,63.698345602987196,16.954972656420242,0.26617602852820593
G1,static,ftv,T3,,response_state,1,67,67,1,0.3623194189480406,0.3075030135397359,0.001333857357548096,1.3476376387712523,2.6865735497557734,2.8105271318345517,0.04410332164196844,7.336822461933564,0.28302355771826304,0.03857576753243042
G1,static,ld,T0,,response_state,1,67,67,1,0.2310419533586923,0.24023315513619764,0.04610358492004285,1.3511485923137652,1.8409742258955353,1.88736829694617,0.024581355491507428,3.6068249660786975,0.2424023461317577,0.06720657320815182
G1,static,ld,T1,,response_state,1,67,67,1,0.32191669798254535,0.2874395496095703,-0.007837959012939377,1.186688975270518,1.7452757972064608,1.789213385009538,0.02455692997335977,3.0680913613749436,0.3539917712409582,0.11537849742594343
G1,static,ld,T2,,response_state,1,67,67,1,0.41025309780969155,0.44832786256260465,0.031156879027065987,1.3262281480013975,1.7908057176100505,2.0047910509207147,0.10673697551292938,3.360271370420624,0.3841522292210653,0.11432178740164632
G1,static,ld,T3,,response_state,1,67,67,1,0.20066071658583498,0.25119451378625446,-0.22520947988116324,1.2279010122526182,1.6003147028048008,1.654550621658592,0.032779848584761156,2.121931252826776,0.09902012855601174,0.04666509738432852
G1,static,sphericity,T0,,response_state,1,67,67,1,0.5836060340011175,0.5717443344446903,0.2988689803935536,0.06498123843463662,0.08591311961226167,0.10486235447337436,0.18070579242929452,0.010686873375803587,0.0018980252836466249,0.17760342215188873
G1,static,sphericity,T1,,response_state,1,67,67,1,0.2406816186447442,0.25728851953736503,-0.007211521385750652,0.06827208804721345,0.08490854362202127,0.08492563120782774,0.00020120646221227906,0.007266293999681451,0.0020258901295999777,0.27880651810796414
G1,static,sphericity,T2,,response_state,1,67,67,1,0.31905978130736695,0.2778402800336178,0.024226156500972484,0.09513772755138566,0.12959113058191135,0.13445940170110218,0.036206253022104035,0.017471582867665193,0.0005167296150994415,0.029575432232631732
G1,static,sphericity,T3,,response_state,1,67,67,1,0.1235533562135845,0.03316331620901066,-0.07211597997801222,0.1029508716197447,0.1307097675995952,0.12682731234660283,-0.030612138514629485,0.016177268096886493,0.0014581485975154315,0.09013565138331789
G2,change,ftv,,T0→T1,response_state,1,67,67,1,0.4427328597653445,0.4179799224290619,0.17137459537167354,0.5301383931525419,0.6896148731742279,0.7578399042023658,0.09002565139393849,0.5826206348075811,0.0964426225218047,0.1655324524399248
G2,change,ftv,,T1→T2,response_state,1,67,67,1,0.22423976374810445,0.18659221418491384,-0.03341671620009734,0.8729158693904373,1.1325307425984434,1.1444860965527222,0.010446045600981205,1.2599560158241296,0.08223257074576452,0.06526622335461187
G2,change,ftv,,T2→T3,response_state,1,67,67,1,0.353340250618565,0.368986903257975,0.12208867068659102,0.7896222383149986,1.0493899122318477,1.1293918526804367,0.07083630031394043,1.2733681520874813,0.13354851528409992,0.10487816509716276
G2,change,ld,,T0→T1,response_state,1,67,67,1,0.035491504091034014,-0.08890263625173958,-0.13597072849743252,0.3208230460544865,0.5366066734513227,0.5060346300080394,-0.06041492346639923,0.2573213761416508,0.018262307637193796,0.07097081443844262
G2,change,ld,,T1→T2,response_state,1,67,67,1,0.25374460446786073,0.21540435032709698,0.036590561721471904,0.849216599027974,1.1704204574616777,1.19568394945279,0.021128904509150833,1.4434567598043486,0.04967240659193284,0.03441211955574313
G2,change,ld,,T2→T3,response_state,1,67,67,1,0.21880754252957202,0.12538695730181565,0.007290767117258068,0.9828606259348268,1.2881395416048858,1.2958063699665117,0.005916646606563641,1.696815527294162,0.046902850370529645,0.027641690929905375
G2,change,sphericity,,T0→T1,response_state,1,67,67,1,-0.11433474339532287,-0.03785345449111239,-0.03173870890205421,0.06786663443709502,0.09192439004098626,0.09152515857095245,-0.0043619861059767924,0.008314241900448494,0.00011194194436057511,0.013463878691638337
G2,change,sphericity,,T1→T2,response_state,1,67,67,1,0.03384148774842367,-0.0778389397139871,-0.06386370745239489,0.10082169526434032,0.1462421632792493,0.14340521037013212,-0.019782774292474686,0.020407512863785303,0.0004083104742888795,0.02000785088385061
G2,change,sphericity,,T2→T3,response_state,1,67,67,1,-0.07793918109984838,-0.09598771097987106,-0.10529189591348431,0.08659437148115152,0.12481565239204977,0.11997174629563961,-0.04037539042295498,0.014308430011368943,0.0006531536949288223,0.04564817344808975
G2,static,ftv,T0,,response_state,1,67,67,1,0.7165376326921543,0.7654686030729491,0.5827580085606636,11.28976989778154,17.70876373276167,28.118717433721507,0.37021438568444975,762.9908766796142,419.6603135057188,0.5500200937290335
G2,static,ftv,T1,,response_state,1,67,67,1,0.5090190757442733,0.32730874697078555,0.04356525342495898,7.841920519924473,13.842535368530275,14.697400535509962,0.05816437845007165,203.3793268194977,19.380508736022716,0.09529242248511924
G2,static,ftv,T2,,response_state,1,67,67,1,0.4772527735653284,0.49425216549732026,0.17263447018074063,3.4592062574223985,7.205221800739536,8.25213733479715,0.12686598533001128,63.698345602987196,6.7991048320429694,0.10673911178823645
G2,static,ftv,T3,,response_state,1,67,67,1,0.32516561577141034,0.2823042038782246,0.013222090533765996,1.5810696427031838,2.6705350401738994,2.8105271318345517,0.049809905791328705,7.336822461933564,1.8871467335946541,0.25721581016658684
G2,static,ld,T0,,response_state,1,67,67,1,0.27255761636929915,0.22061051877960197,0.037818981319433176,1.315547000518589,1.8489513862510993,1.88736829694617,0.020354750451849087,3.6068249660786975,0.19881174162325288,0.0551209841045874
G2,static,ld,T1,,response_state,1,67,67,1,0.24443228314315946,0.18060694887398931,-0.044658725968473645,1.2280002117178421,1.7768711190553117,1.789213385009538,0.00689815203576765,3.0680913613749436,0.21045935519130712,0.06859618257814566
G2,static,ld,T2,,response_state,1,67,67,1,0.3582582076134215,0.38120882397100375,0.006595366859090901,1.3460897676727248,1.8133633456618077,2.0047910509207147,0.09548511560393913,3.360271370420624,0.781283510747481,0.2325060760344732
G2,static,ld,T3,,response_state,1,67,67,1,0.3999360205685797,0.4394370921583338,-0.06377760261869025,1.1017044777455596,1.4911647961899526,1.654550621658592,0.09874936634145073,2.121931252826776,0.1859000680347497,0.08760890240298735
G2,static,sphericity,T0,,response_state,1,67,67,1,0.616010854816825,0.534404890545923,0.2613818019951589,0.06494208553300483,0.08817996051489531,0.10486235447337436,0.1590884931228097,0.010686873375803587,0.0018952176412330094,0.17734070336456106
G2,static,sphericity,T1,,response_state,1,67,67,1,0.3001835741080693,0.23643925909273295,0.0352427032840219,0.06283986754190223,0.08309982042064669,0.08492563120782774,0.021498936907668995,0.007266293999681451,0.0008658425437969889,0.11915875463268438
G2,static,sphericity,T2,,response_state,1,67,67,1,0.19239364673956422,0.18037838105425885,-0.022885047019039817,0.096645317098449,0.13268264105852937,0.13445940170110218,0.013214104927541503,0.017471582867665193,0.000789340862941498,0.0451785547377243
G2,static,sphericity,T3,,response_state,1,67,67,1,0.12291483757682181,0.2219304996047594,0.036615802165321676,0.09918558503522872,0.12390445365687518,0.12682731234660283,0.023045972004357006,0.016177268096886493,0.0014739477806418031,0.09111228001008909
G3,change,ftv,,T0→T1,response_state,1,67,67,1,0.6201612259557827,0.5480644134908261,0.2947380728958158,0.49057609797887425,0.6362132610928158,0.7578399042023658,0.1604912098651802,0.5826206348075811,0.21263122240961987,0.36495655956271517
G3,change,ftv,,T1→T2,response_state,1,67,67,1,0.43914119243355415,0.4631810608639675,0.12654509083163445,0.8329902135698093,1.0411960304453465,1.1444860965527222,0.09025017116284163,1.2599560158241296,0.18006667532146406,0.1429150486683327
G3,change,ftv,,T2→T3,response_state,1,67,67,1,0.42425572671402356,0.41517103978943565,0.14967077026411924,0.7797598386248363,1.032773562875488,1.1293918526804367,0.08554895236373473,1.2733681520874813,0.2458774777296521,0.193092215575343
G3,change,ld,,T0→T1,response_state,1,67,67,1,0.26037749120553866,0.12744819387694553,-0.03173571388719387,0.2914351544860588,0.5113952985878274,0.5060346300080394,-0.01059348167476768,0.2573213761416508,0.02431848104746865,0.09450626066169397
G3,change,ld,,T1→T2,response_state,1,67,67,1,0.22290966551058172,0.2627972897716861,0.058054170255421034,0.8503675077859515,1.157309237501006,1.19568394945279,0.03209436069568924,1.4434567598043486,0.06487705688169239,0.044945618523748544
G3,change,ld,,T2→T3,response_state,1,67,67,1,0.3644046649895673,0.06348180497797408,-0.023275583871118943,0.9703327639330288,1.3078206399533308,1.2958063699665117,-0.009271655291468882,1.696815527294162,0.07780512171510175,0.04585361252508939
G3,change,sphericity,,T0→T1,response_state,1,67,67,1,0.1793040146859287,0.17912667329455684,0.002214532417087356,0.06804645340716271,0.0903991780265435,0.09152515857095245,0.012302415663514647,0.008314241900448494,0.0001004325751235881,0.012079583000606523
G3,change,sphericity,,T1→T2,response_state,1,67,67,1,0.10898714981243518,0.11773317305501546,-0.013182684032017056,0.10082211236842147,0.1427162695811331,0.14340521037013212,0.004804154515870517,0.020407512863785303,0.00031996806327237124,0.015678934782894543
G3,change,sphericity,,T2→T3,response_state,1,67,67,1,0.10108548168249663,0.06541390267539135,-0.06577570610802219,0.08855607995400841,0.1225641524685162,0.11997174629563961,-0.021608472435570448,0.014308430011368943,0.001135500508245471,0.07935884701139433
G3,static,ftv,T0,,response_state,1,67,67,1,0.7226434671561978,0.8351052642421255,0.5510749589530359,10.434693242384567,18.368815601245863,28.118717433721507,0.3467406312345892,762.9908766796142,203.8633565158286,0.26718976955923995
G3,static,ftv,T1,,response_state,1,67,67,1,0.7046452230824489,0.5740064285192314,0.28865158124224166,5.938119872478603,11.937933474327497,14.697400535509962,0.18775204870517043,203.3793268194977,65.04775367381012,0.31983463949382135
G3,static,ftv,T2,,response_state,1,67,67,1,0.6997366110623355,0.7202331580155685,0.5032290246124005,2.7813761775898174,5.58311726467028,8.25213733479715,0.32343379197923616,63.698345602987196,25.24290383497437,0.39628821747280324
G3,static,ftv,T3,,response_state,1,67,67,1,0.36068321494133615,0.3621800545181207,0.06470405470371343,1.369621328442395,2.599938632457008,2.8105271318345517,0.07492847053217508,7.336822461933564,0.7963855861223312,0.10854638915611022
G3,static,ld,T0,,response_state,1,67,67,1,0.2673856314151158,0.281293599607569,0.061266215177692485,1.3450738114830947,1.8262840414574752,1.88736829694617,0.03236477776358293,3.6068249660786975,0.3082660097085234,0.08546741597046972
G3,static,ld,T1,,response_state,1,67,67,1,0.42874975745318544,0.3687402598106727,0.042289869279969694,1.1593869735769002,1.7013189957644668,1.789213385009538,0.04912459854228212,3.0680913613749436,0.5151128539804408,0.16789358376524896
G3,static,ld,T2,,response_state,1,67,67,1,0.5290585188434482,0.5766681894223507,0.20194520337504185,1.2200902411974288,1.6253170768416476,2.0047910509207147,0.18928355346797412,3.360271370420624,0.8536119865905661,0.25403066969669025
G3,static,ld,T3,,response_state,1,67,67,1,0.28863441688207175,0.3685825040792046,-0.1783668758688024,1.1994690077037466,1.569424702464668,1.654550621658592,0.051449570704938684,2.121931252826776,0.11816155851849844,0.05568585615631373
G3,static,sphericity,T0,,response_state,1,67,67,1,0.609984835182377,0.5575987079762447,0.28909209084883447,0.06647687326301022,0.0865100516340017,0.10486235447337436,0.17501326316330706,0.010686873375803587,0.001924268690931921,0.18005908962004782
G3,static,sphericity,T1,,response_state,1,67,67,1,0.3063692234017081,0.27707341477851305,0.05513606490829648,0.06692562488679576,0.08223859566872302,0.08492563120782774,0.03163986538444538,0.007266293999681451,0.0013059480635399811,0.17972684061465624
G3,static,sphericity,T2,,response_state,1,67,67,1,0.33039348710990507,0.32779740060326634,0.05876170796601132,0.09288620538416284,0.12727716294872066,0.13445940170110218,0.05341566793780142,0.017471582867665193,0.0009263456550010486,0.05302013343710514
G3,static,sphericity,T3,,response_state,1,67,67,1,0.09817224040226676,0.06976106439702941,-0.07522257282061995,0.10314376416238537,0.13089900472847482,0.12682731234660283,-0.032104223503093554,0.016177268096886493,0.0020029393871378335,0.12381196720868605
G4,change,ftv,,T0→T1,response_state,1,67,67,1,0.4637241599489186,0.43263759732448875,0.18444564298957955,0.5277931038804945,0.6841541309202254,0.7578399042023658,0.0972313187436276,0.5826206348075811,0.10203222806827433,0.17512635490840786
G4,change,ftv,,T1→T2,response_state,1,67,67,1,0.20424614893447207,0.20444129220979546,-0.04217071612736123,0.8753390886713914,1.1373174209898358,1.1444860965527222,0.006263663302227043,1.2599560158241296,0.10139383536050801,0.08047410710141886
G4,change,ftv,,T2→T3,response_state,1,67,67,1,0.38793997924814433,0.4226775025106213,0.16316488890607805,0.774148098861928,1.024546101284441,1.1293918526804367,0.09283381241608975,1.2733681520874813,0.1746047632231192,0.1371204101004748
G4,change,ld,,T0→T1,response_state,1,67,67,1,0.02497180630927084,-0.09661152426316956,-0.15042393147159427,0.32026377720114424,0.5400095655137983,0.5060346300080394,-0.06713954636902845,0.2573213761416508,0.020027469924459706,0.07783057212252333
G4,change,ld,,T1→T2,response_state,1,67,67,1,0.24404507027159042,0.17232233190392757,0.01999590877630364,0.8602051627666241,1.1804576205194417,1.19568394945279,0.012734409406697058,1.4434567598043486,0.04841152267867815,0.033538602628623265
G4,change,ld,,T2→T3,response_state,1,67,67,1,0.1931919317752607,0.07985424605601184,-0.009136145519922367,0.9898018847807597,1.2987535938642822,1.2958063699665117,-0.002274432327298056,1.696815527294162,0.04777363301420537,0.02815487732504894
G4,change,sphericity,,T0→T1,response_state,1,67,67,1,-0.15332428765264586,-0.05276096589441445,-0.03892875099943205,0.06831846901446927,0.09224413801763025,0.09152515857095245,-0.007855538934908599,0.008314241900448494,0.00012537565155310606,0.015079625184629636
G4,change,sphericity,,T1→T2,response_state,1,67,67,1,0.08077260755048289,-0.03641088215067673,-0.054079563636559635,0.10003792721860694,0.14556812985565987,0.14340521037013212,-0.015082572522610563,0.020407512863785303,0.00039213146520643657,0.01921505417263776
G4,change,sphericity,,T2→T3,response_state,1,67,67,1,-0.055710751057546505,-0.06269033298917179,-0.09374930344575128,0.08569159049104545,0.12416221537216174,0.11997174629563961,-0.03492879953748266,0.014308430011368943,0.0006074092044840363,0.04245114271806283
G4,static,ftv,T0,,response_state,1,67,67,1,0.6870460531566767,0.8262441456959402,0.628020558582797,10.631507277316125,16.72067123889385,28.118717433721507,0.40535441282817886,762.9908766796142,307.187305530488,0.402609408473279
G4,static,ftv,T1,,response_state,1,67,67,1,0.48894564610104563,0.3477752036297127,0.05930555655781089,7.882871764393923,13.728157671673271,14.697400535509962,0.06594655030969124,203.3793268194977,22.11557266812336,0.10874051465295326
G4,static,ftv,T2,,response_state,1,67,67,1,0.4794476813792003,0.5598046600504796,0.27187424336087995,3.2414864886835852,6.759301829467129,8.25213733479715,0.1809028915496977,63.698345602987196,13.004771536879986,0.2041618414697118
G4,static,ftv,T3,,response_state,1,67,67,1,0.392688961609067,0.2554090572609462,-0.07351780408013142,1.4879764501213826,2.78543608291736,2.8105271318345517,0.00892752417615475,7.336822461933564,2.5901170617731,0.35302981300306596
G4,static,ld,T0,,response_state,1,67,67,1,0.2738755739251914,0.27359240128121076,0.06393161127388569,1.305004319321584,1.8236894663625318,1.88736829694617,0.03373948300746222,3.6068249660786975,0.26530464408892906,0.0735562847058158
G4,static,ld,T1,,response_state,1,67,67,1,0.25687051824878615,0.1833344354189245,-0.054814306125715584,1.2278921673851608,1.7854870968475738,1.789213385009538,0.0020826404458986997,3.0680913613749436,0.25542014260426077,0.08325050088788621
G4,static,ld,T2,,response_state,1,67,67,1,0.34708641372450405,0.4066768294990345,0.03998868884361362,1.353886635040789,1.7826246898862983,2.0047910509207147,0.11081771386219275,3.360271370420624,0.9469330043447364,0.2818025391283215
G4,static,ld,T3,,response_state,1,67,67,1,0.3959223987625679,0.4277085977485318,-0.08145426178039106,1.1181014284949213,1.5035030010736885,1.654550621658592,0.09129223283207065,2.121931252826776,0.16253964870915058,0.07659986556709597
G4,static,sphericity,T0,,response_state,1,67,67,1,0.596456221565967,0.5013773929191423,0.2302801906093035,0.06614934873851819,0.09001735132036665,0.10486235447337436,0.14156656340171167,0.010686873375803587,0.0019911965622718257,0.18632171377459592
G4,static,sphericity,T1,,response_state,1,67,67,1,0.2712107909649613,0.24920847248874933,0.044136887183270024,0.06327838674685542,0.08271588113660065,0.08492563120782774,0.026019825108151963,0.007266293999681451,0.0008885416878775789,0.1222826502638803
G4,static,sphericity,T2,,response_state,1,67,67,1,0.21294596536036398,0.1918942101157921,-0.02619577270190554,0.0960268398869919,0.13289719153843302,0.13445940170110218,0.011618452431774865,0.017471582867665193,0.0009635067886952663,0.055147080604725084
G4,static,sphericity,T3,,response_state,1,67,67,1,0.17659031047968715,0.2842835033063708,0.020524390797809988,0.09870213255081466,0.12493495672597081,0.12682731234660283,0.014920726345287917,0.016177268096886493,0.004326664890675612,0.26745337128389
G0,change,ftv,,T0→T1,response_state,2,83,83,1,0.5500818605432182,0.37433409681985863,0.08322487161510239,0.5196941952640692,0.7053833177757276,0.7601236907867567,0.07201508606365199,0.5493533614498459,0.18289661480242142,0.3329307284472114
G0,change,ftv,,T1→T2,response_state,2,83,83,1,0.34570337097518994,0.3595843628584826,0.09322123835811891,0.9000300494715004,1.1594326343152845,1.2184404171729222,0.04842894410425914,1.5005619879951004,0.04619532360436695,0.03078534840542541
G0,change,ftv,,T2→T3,response_state,2,83,83,1,0.3731791276604676,0.44716215432247386,0.08943944260705328,0.920856451207858,1.266419703187828,1.3446595880675725,0.0581856445854702,1.7828332427576514,0.03789428443112947,0.02125509190781934
G0,change,ld,,T0→T1,response_state,2,83,83,1,0.022060564886624962,-0.03052227373990652,-0.10004049734494891,0.25743956619788805,0.36570663237208545,0.3595757852842013,-0.01705022234197012,0.1230612266099327,0.005859805339469733,0.047616991158747055
G0,change,ld,,T1→T2,response_state,2,83,83,1,-0.06100901546878578,-0.02149278304763531,-0.04180374833638356,0.8373848009996885,1.1909269738413844,1.1824065273057922,-0.007206021227746991,1.377998002829351,0.019508381229821053,0.0141570460840769
G0,change,ld,,T2→T3,response_state,2,83,83,1,0.2659587972503539,0.21623473758921796,0.016337282238985562,0.8304186412347881,1.033501449986971,1.0515416062858507,0.017155912986267178,1.099107595776249,0.027327873990745818,0.02486369314138476
G0,change,sphericity,,T0→T1,response_state,2,83,83,1,-0.13567860291339573,-0.0774701885503141,-0.06347081470992588,0.04741132073017379,0.06314258440223879,0.06154377411795904,-0.025978424417315626,0.003794751759271841,0.00010781494781798169,0.028411594396011253
G0,change,sphericity,,T1→T2,response_state,2,83,83,1,-0.11120439947945089,-0.09299248299336067,-0.048269091488626126,0.07150502179648853,0.10775193042042117,0.10568482436889971,-0.019559156802930244,0.011210928382875112,0.00017680992405681164,0.015771211626584992
G0,change,sphericity,,T2→T3,response_state,2,83,83,1,0.05392300910960917,0.0897062530742978,0.0066399845644230515,0.09494574767814593,0.13697664694715955,0.13743371011027342,0.003325699078829547,0.01911835963896818,0.00030492085258008013,0.015949111656973557
G0,static,ftv,T0,,response_state,2,83,83,1,0.8096427521934427,0.7707658074788452,0.498902402020031,14.46355764523648,29.49832522762063,44.382000757426226,0.33535386588706645,1757.6671584101086,2001.4344710919609,1.1386879828273921
G0,static,ftv,T1,,response_state,2,83,83,1,0.6433399101633013,0.5829029731088796,0.3082338760214933,17.724246590730395,41.839206160128505,53.08702422778185,0.21187509059449344,2561.3670653618387,1397.2639041567718,0.5455149021990658
G0,static,ftv,T2,,response_state,2,83,83,1,0.6132194282355904,0.4896403996016933,0.029300853388543158,13.15819026460335,46.27966582484796,48.971605967989944,0.054969407066240754,2233.366620034884,26.541344538085564,0.011884006996429008
G0,static,ftv,T3,,response_state,2,83,83,1,0.4576634062381932,0.5816052828567515,-0.031952607126232824,6.039699396389737,21.51213449635175,21.92283072852445,0.018733722723057438,453.9118245194413,0.45644748662372586,0.0010055862437753612
G0,static,ld,T0,,response_state,2,83,83,1,0.42090072142607926,0.45619046624785103,0.12301814749235207,1.3972665594567275,1.989014790179149,2.219742300442864,0.10394337676841234,4.566144578313253,0.6247321447380153,0.13681830130941522
G0,static,ld,T1,,response_state,2,83,83,1,0.2116808552782109,0.24304225313966804,-0.11813322172095098,1.4566235983045874,2.2142536502456087,2.3004341817351612,0.03746272428648606,4.438389656185719,0.1492014565011076,0.03361612387798528
G0,static,ld,T2,,response_state,2,83,83,1,0.3948577501081673,0.43709375716577303,0.07907817037032394,1.6596995861446189,2.547556843343141,2.9173502943926564,0.12675661601566443,7.133279459300618,1.1178864355690215,0.1567142352892795
G0,static,ld,T3,,response_state,2,83,83,1,0.13231268758314388,0.36636021581735956,-0.05892584676220958,1.3679512941524232,1.99930062127749,2.224568865785433,0.10126377653334949,3.820805171907141,1.2024320605428325,0.3147064575246696
G0,static,sphericity,T0,,response_state,2,83,83,1,0.3683934343646362,0.32204653715566406,0.009838511913565218,0.0599857267012046,0.07507637664943455,0.07547010818517934,0.005217052753902244,0.005761888080833325,0.0022709139291801714,0.3941266989781127
G0,static,sphericity,T1,,response_state,2,83,83,1,0.3034297468620125,0.35066774867142253,0.10377353973892778,0.0603581648998439,0.07437936179086914,0.07906346411906039,0.05924484058954885,0.00624814893707224,0.0003823192968127654,0.06118920990252718
G0,static,sphericity,T2,,response_state,2,83,83,1,0.3387767096259603,0.2833058601567578,0.07088594311165186,0.08848113057949573,0.12239285403519991,0.12698440374655587,0.036158375169600264,0.016319518216320772,0.0006521984688383855,0.03996432126201722
G0,static,sphericity,T3,,response_state,2,83,83,1,0.15994290751857604,0.11922221691918683,-0.031112817963202755,0.10631490078897822,0.1360678767030883,0.1340032422687045,-0.015407346862874894,0.01817478449282748,0.0019841274683620935,0.10916924319763528
G1,change,ftv,,T0→T1,response_state,2,83,83,1,0.31730405944334833,0.3270572901719983,-0.02580805313976864,0.5811891136222949,0.7461511715751113,0.7601236907867567,0.018381902025949547,0.5493533614498459,0.2594050644765727,0.47220074123503014
G1,change,ftv,,T1→T2,response_state,2,83,83,1,0.34100163721086435,0.407765248513746,0.1332079576572377,0.876372888134679,1.1335803477529312,1.2184404171729222,0.06964646627275137,1.5005619879951004,0.07867986833981824,0.05243360085706446
G1,change,ftv,,T2→T3,response_state,2,83,83,1,0.29797237731413456,0.38608039065617383,0.10359322078727184,0.9320943505304169,1.2565385232355792,1.3446595880675725,0.0655341066348496,1.7828332427576514,0.09661646250418393,0.05419265256392655
G1,change,ld,,T0→T1,response_state,2,83,83,1,0.10117576517593203,0.029750697788399234,-0.06403962020584109,0.2507708115813314,0.3596726374293347,0.3595757852842013,-0.0002693511329102319,0.1230612266099327,0.005137037541336813,0.041743753762667146
G1,change,ld,,T1→T2,response_state,2,83,83,1,0.15121587732225453,0.08905216661622622,-0.01687341380932983,0.8349936814177737,1.1765912666942642,1.1824065273057922,0.004918156722949234,1.377998002829351,0.02121691849541642,0.015396915272629673
G1,change,ld,,T2→T3,response_state,2,83,83,1,0.2754497764242061,0.17387942158750014,0.008994379852821033,0.8222784362582596,1.0373517485833341,1.0515416062858507,0.013494337853769342,1.099107595776249,0.031412749709332256,0.028580231662530618
G1,change,sphericity,,T0→T1,response_state,2,83,83,1,-0.07667604214768481,-0.0651919867183211,-0.2143125204462324,0.051941428864388975,0.0674721892737923,0.06154377411795904,-0.0963284303050776,0.003794751759271841,0.0005548519242297953,0.14621560497972166
G1,change,sphericity,,T1→T2,response_state,2,83,83,1,-0.008500902564963688,0.07446554532465016,-0.005783159538476745,0.06942962313844346,0.10554577397688945,0.10568482436889971,0.0013157082186643456,0.011210928382875112,0.0001254313744784448,0.011188312884956378
G1,change,sphericity,,T2→T3,response_state,2,83,83,1,0.08194450274967464,0.04832947697242636,-0.0036062436416517407,0.09483992983584222,0.13768127233298746,0.13743371011027342,-0.0018013209605955522,0.01911835963896818,0.0003007040440656099,0.0157285483558274
G1,static,ftv,T0,,response_state,2,83,83,1,0.5922925150077663,0.4348269260238092,0.03678840578875353,19.08948501046123,40.89752719291245,44.382000757426226,0.07851096176484872,1757.6671584101086,93.47231866016851,0.053179760578059926
G1,static,ftv,T1,,response_state,2,83,83,1,0.643885647118089,0.25832522817768583,-0.06364490592561989,18.157512394099175,51.88025747081719,53.08702422778185,0.022731859141072903,2561.3670653618387,20.262405977219014,0.007910777901080175
G1,static,ftv,T2,,response_state,2,83,83,1,0.6333907056798622,0.1420411004271236,-0.06749779943742662,13.976336096619677,48.532357121199176,48.971605967989944,0.00896945971259103,2233.366620034884,5.584391869195211,0.002500436703539514
G1,static,ftv,T3,,response_state,2,83,83,1,0.48196969060912637,0.5064899709723188,-0.0400332287458538,6.013769367196853,21.596194777079134,21.92283072852445,0.014899351068761352,453.9118245194413,0.38075138474931625,0.0008388223531132277
G1,static,ld,T0,,response_state,2,83,83,1,0.3705867076943907,0.3226582329507969,-0.005763624123018785,1.4386975407752594,2.1300542834505722,2.219742300442864,0.040404697867134395,4.566144578313253,0.2856455851846115,0.06255728006101151
G1,static,ld,T1,,response_state,2,83,83,1,0.21762417409796722,0.12240539213395504,-0.1637939762734275,1.467972663752632,2.259012562806886,2.3004341817351612,0.01800600045728417,4.438389656185719,0.16827850792316126,0.037914315992656024
G1,static,ld,T2,,response_state,2,83,83,1,0.39265842516686184,0.31670279471162804,-0.08697301068012964,1.7394608397082665,2.767718264467358,2.9173502943926564,0.0512903884778256,7.133279459300618,0.3633618040497693,0.05093895537430621
G1,static,ld,T3,,response_state,2,83,83,1,0.3214524557717423,0.3614341530829211,-0.24894094436413616,1.4569759834170994,2.171282230715444,2.224568865785433,0.023953690932905766,3.820805171907141,0.046383550678189354,0.012139731965196533
G1,static,sphericity,T0,,response_state,2,83,83,1,0.3898241047814953,0.3650739117002747,0.12493698004792986,0.05757515669389074,0.07057809868323581,0.07547010818517934,0.06482049144464078,0.005761888080833325,0.0010193796187156214,0.17691763609684547
G1,static,sphericity,T1,,response_state,2,83,83,1,0.2954745812518366,0.30607444828810476,0.06666874732897721,0.06022337537865909,0.07590344209329503,0.07906346411906039,0.03996817064588436,0.00624814893707224,0.0003132004513289126,0.0501269183054513
G1,static,sphericity,T2,,response_state,2,83,83,1,0.2947819151169136,0.2988126005449823,0.08065373298527623,0.0896911092527643,0.1217477952317907,0.12698440374655587,0.041238202174943825,0.016319518216320772,0.0007108818160389886,0.04356022075014764
G1,static,sphericity,T3,,response_state,2,83,83,1,0.17236891818143654,0.17161315652831344,0.013114808639373643,0.1090055846940455,0.13311770790552246,0.1340032422687045,0.006608305502088912,0.01817478449282748,0.0016152482869875627,0.08887303657575728
G2,change,ftv,,T0→T1,response_state,2,83,83,1,0.26676042147684814,0.2562378953295935,0.006513499522750488,0.5757675322469172,0.7343020797957164,0.7601236907867567,0.0339702752381181,0.5493533614498459,0.06955398058907485,0.12661063983573145
G2,change,ftv,,T1→T2,response_state,2,83,83,1,0.4025649636875026,0.3264997128240387,0.10261643199436332,0.8704041322417821,1.1534105164013568,1.2184404171729222,0.05337142453173912,1.5005619879951004,0.12657885026003685,0.08435429610552693
G2,change,ftv,,T2→T3,response_state,2,83,83,1,0.22003694219386252,0.2565304956699147,0.04707309864343079,0.9812475804659474,1.2955465894345948,1.3446595880675725,0.03652448476090414,1.7828332427576514,0.1272769619670981,0.07139027863886394
G2,change,ld,,T0→T1,response_state,2,83,83,1,-0.0169923130871239,0.1104087052903734,-0.1095785569354275,0.27617573671275697,0.36728866647755326,0.3595757852842013,-0.02144994604477008,0.1230612266099327,0.01780363392406727,0.14467297632664972
G2,change,ld,,T1→T2,response_state,2,83,83,1,0.11660247064479787,0.053003655287269684,-0.1462803638970731,0.9172465849416005,1.2492161796713797,1.1824065273057922,-0.05650311531839949,1.377998002829351,0.25174591926651374,0.1826896111239789
G2,change,ld,,T2→T3,response_state,2,83,83,1,0.18006437882507867,0.21032838537236037,0.02209998184780193,0.7919064048287537,1.0304696654344376,1.0515416062858507,0.02003909376999475,1.099107595776249,0.07233268244450108,0.06581037445511952
G2,change,sphericity,,T0→T1,response_state,2,83,83,1,0.05220183871373997,-0.0015926680502922298,-0.05215496342372461,0.04654591954535604,0.0628057519500816,0.06154377411795904,-0.020505369555395954,0.003794751759271841,0.00018317715971574125,0.04827118381806623
G2,change,sphericity,,T1→T2,response_state,2,83,83,1,0.11928550438688551,0.16787989298996056,-0.08071128742126632,0.07711184342983186,0.10940659774819068,0.10568482436889971,-0.0352157786277799,0.011210928382875112,0.0026785986101223905,0.23892745708856694
G2,change,sphericity,,T2→T3,response_state,2,83,83,1,0.2011670374879308,0.15143127823895433,0.022721733367499386,0.09381714542325854,0.13586334843776385,0.13743371011027342,0.011426320887717785,0.01911835963896818,0.0005140233806093713,0.026886374684659573
G2,static,ftv,T0,,response_state,2,83,83,1,0.7162797531589773,0.6797454239688098,0.15063187950848478,18.701398078090968,38.40468234577864,44.382000757426226,0.134678885801412,1757.6671584101086,2691.5996219036747,1.5313477349934395
G2,static,ftv,T1,,response_state,2,83,83,1,0.45436799462658994,0.3863164894344639,0.06653918918625401,18.5533811123,48.601741969523964,53.08702422778185,0.0844892386322649,2561.3670653618387,142.30865396593845,0.0555596485526899
G2,static,ftv,T2,,response_state,2,83,83,1,0.6779102472608203,0.14728362999587633,-0.04931163961658602,14.041594316256377,48.11717655070447,48.971605967989944,0.017447445318496745,2233.366620034884,14.512284185108106,0.006497940846309162
G2,static,ftv,T3,,response_state,2,83,83,1,0.4748331304311321,0.45684770482440157,-0.03803024792032983,6.011773568132855,21.57538889810482,21.92283072852445,0.015848401820097207,453.9118245194413,0.46876058388420333,0.0010327128718897827
G2,static,ld,T0,,response_state,2,83,83,1,0.46034539593583135,0.48744538863688885,0.14171079445957024,1.3900578847062708,1.967702940055838,2.219742300442864,0.11354442375438868,4.566144578313253,0.753978448388563,0.1651236476325252
G2,static,ld,T1,,response_state,2,83,83,1,-0.0051242748834648,-0.029212185735907257,-0.24710146686831203,1.5568907255765907,2.3384683087169793,2.3004341817351612,-0.016533455850986294,4.438389656185719,0.16730139819854067,0.03769416638878814
G2,static,ld,T2,,response_state,2,83,83,1,0.46592014880977584,0.282763266217214,-0.06738742442350731,1.6279279486775522,2.742669899537898,2.9173502943926564,0.05987638686739321,7.133279459300618,0.7589490107197702,0.10639552467417017
G2,static,ld,T3,,response_state,2,83,83,1,0.31110671268342954,0.35250566239446773,-0.07741022967512934,1.3769440441135261,2.0166748111032713,2.224568865785433,0.09345363853627428,3.820805171907141,0.5095473248050487,0.13336124242909514
G2,static,sphericity,T0,,response_state,2,83,83,1,0.5844003190462197,0.5192775285130242,0.2606122344928876,0.05320351757079384,0.06487635165725496,0.07547010818517934,0.14037023111098124,0.005761888080833325,0.001960010713499994,0.3401681334317975
G2,static,sphericity,T1,,response_state,2,83,83,1,0.559149489945846,0.5412842556132086,0.27727584969469954,0.051262899373739554,0.06679283083103883,0.07906346411906039,0.15519979328939354,0.00624814893707224,0.001991709143715224,0.3187678724970503
G2,static,sphericity,T2,,response_state,2,83,83,1,0.5158683514545989,0.4421419653900546,0.19352736673952198,0.08266785004107864,0.11402927525265517,0.12698440374655587,0.1020214145333739,0.016319518216320772,0.0038322820289767483,0.23482813513110773
G2,static,sphericity,T3,,response_state,2,83,83,1,0.4391083497754082,0.43811523537153774,0.16946691022018956,0.09430108805100776,0.1221183661189005,0.1340032422687045,0.08869095962597928,0.01817478449282748,0.0015775026325714385,0.08679622216120286
G3,change,ftv,,T0→T1,response_state,2,83,83,1,0.5415389782125015,0.4582000988954127,0.15121103692690363,0.5131567203455092,0.6787246699625601,0.7601236907867567,0.1070865463224091,0.5493533614498459,0.2134420165661709,0.3885331947416461
G3,change,ftv,,T1→T2,response_state,2,83,83,1,0.3823307165946014,0.45253819390865746,0.18722417794491397,0.8496558820094523,1.0976913411362763,1.2184404171729222,0.09910133834595955,1.5005619879951004,0.15860045468423797,0.1056940372694259
G3,change,ftv,,T2→T3,response_state,2,83,83,1,0.2961042777381302,0.41615283391810004,0.15265209791459255,0.9289289502926731,1.2216705955644451,1.3446595880675725,0.09146477933487716,1.7828332427576514,0.20119270788036367,0.11284998678236599
G3,change,ld,,T0→T1,response_state,2,83,83,1,0.14527586485872762,0.16645521974030114,-0.01596228000523614,0.24185847311401915,0.3514530299571518,0.3595757852842013,0.022589828513144946,0.1230612266099327,0.011180636483006637,0.09085425841273233
G3,change,ld,,T1→T2,response_state,2,83,83,1,0.27730607375129157,0.12348286259216994,-0.007756829148568345,0.8337711466606381,1.1713051397734648,1.1824065273057922,0.009388807720490824,1.377998002829351,0.035778487161419084,0.025964106688077568
G3,change,ld,,T2→T3,response_state,2,83,83,1,0.2732302824080491,0.23919777852790436,0.02334486296283611,0.8252218056109014,1.0298135550335412,1.0515416062858507,0.020663044735866526,1.099107595776249,0.03212083652570592,0.029224469605289603
G3,change,sphericity,,T0→T1,response_state,2,83,83,1,0.09271231266529531,0.037150625569135017,-0.050780724060507154,0.045808031909989486,0.06276472266218654,0.06154377411795904,-0.01983870118019317,0.003794751759271841,0.0002087187004717398,0.05500193786372733
G3,change,sphericity,,T1→T2,response_state,2,83,83,1,0.05816296545065279,0.12966439311915004,0.005053376825906453,0.06933792436403147,0.10497564706970851,0.10568482436889971,0.006710303995167515,0.011210928382875112,0.0002707763475782038,0.02415289245731151
G3,change,sphericity,,T2→T3,response_state,2,83,83,1,0.09399269552075898,0.026884939433791135,-0.012372568344034995,0.09573347623642905,0.13828127584608846,0.13743371011027342,-0.006167087646364029,0.01911835963896818,0.0003772446379432236,0.019732060964806893
G3,static,ftv,T0,,response_state,2,83,83,1,0.7585533772721548,0.5855221615088302,0.19224987010378036,16.825218634206383,37.4519743544174,44.382000757426226,0.15614497509667263,1757.6671584101086,188.25456219586852,0.10710478448385728
G3,static,ftv,T1,,response_state,2,83,83,1,0.7475966584106459,0.37342533493486363,-0.015578854215239524,17.273891811991277,50.69447331110712,53.08702422778185,0.045068469206504334,2561.3670653618387,36.349294261140294,0.014191364741392624
G3,static,ftv,T2,,response_state,2,83,83,1,0.6966332227866168,0.24025059192820014,-0.03796714719422778,13.298850493094658,47.85636348986976,48.971605967989944,0.022773246988247845,2233.366620034884,15.085686535777507,0.006754684340872739
G3,static,ftv,T3,,response_state,2,83,83,1,0.41721590193526714,0.7069886075889029,0.0008335489811959196,5.958887113657164,21.167645314126226,21.92283072852445,0.03444744083233873,453.9118245194413,1.0568892975925055,0.002328402214926741
G3,static,ld,T0,,response_state,2,83,83,1,0.45126135880831914,0.45285677054022017,0.0816688558441856,1.3755080984540575,2.0353652984602664,2.219742300442864,0.08306234554606286,4.566144578313253,0.4824971919891153,0.10566840005038806
G3,static,ld,T1,,response_state,2,83,83,1,0.37419807325235993,0.2554322958233027,-0.10104594609875561,1.4060327311537304,2.197269436150172,2.3004341817351612,0.044845771465269524,4.438389656185719,0.3155385683272752,0.07109302985318419
G3,static,ld,T2,,response_state,2,83,83,1,0.4543973698110699,0.401618692256591,0.02564926685224822,1.636864431798739,2.6204154867262894,2.9173502943926564,0.10178236334426333,7.133279459300618,0.8872340817477817,0.12437954895920629
G3,static,ld,T3,,response_state,2,83,83,1,0.2964502433083198,0.3681099756055352,-0.2427569040752724,1.4614478840911673,2.1659000870673872,2.224568865785433,0.02637310070296756,3.820805171907141,0.05757996870005187,0.015070113787380329
G3,static,sphericity,T0,,response_state,2,83,83,1,0.4201334956550942,0.4211135077709322,0.1622081257323953,0.05606626839221854,0.06905869401607129,0.07547010818517934,0.08495302740757316,0.005761888080833325,0.0013739263618628695,0.23845072007441048
G3,static,sphericity,T1,,response_state,2,83,83,1,0.355841484404517,0.3999104555977444,0.13810820997214146,0.05906966102670918,0.07294070196673262,0.07906346411906039,0.07744110659137825,0.00624814893707224,0.001096095331874033,0.17542720938845638
G3,static,sphericity,T2,,response_state,2,83,83,1,0.31749296838923635,0.3206178092939821,0.09934997665402923,0.0891129420455553,0.1205034772245879,0.12698440374655587,0.051037185124742104,0.016319518216320772,0.0012688753549779629,0.0777520107002295
G3,static,sphericity,T3,,response_state,2,83,83,1,0.2272364720204861,0.20085331598854575,0.013035561958963271,0.10957201450832568,0.13312305246068593,0.1340032422687045,0.006568421727092302,0.01817478449282748,0.0024214032803847488,0.13322872033725267
G4,change,ftv,,T0→T1,response_state,2,83,83,1,0.3278199907644515,0.3681596556470863,0.09643891411469818,0.5423315882434018,0.7002813051301031,0.7601236907867567,0.0787271681990525,0.5493533614498459,0.10261022511100736,0.18678364839745376
G4,change,ftv,,T1→T2,response_state,2,83,83,1,0.34410813987657946,0.3492070216768863,0.11380929839632725,0.8620866663643261,1.1461948289841835,1.2184404171729222,0.059293492870472926,1.5005619879951004,0.10606091489217555,0.07068079542244265
G4,change,ftv,,T2→T3,response_state,2,83,83,1,0.2201418916082448,0.28093012945248913,0.049013940955604296,0.9816488702973396,1.294226586165411,1.3446595880675725,0.0375061482844438,1.7828332427576514,0.1477208280835605,0.0828573444452207
G4,change,ld,,T0→T1,response_state,2,83,83,1,0.005383703156316483,0.16489419938814606,-0.06883251176283744,0.2759248145233338,0.3604817872999971,0.3595757852842013,-0.002519641346481897,0.1230612266099327,0.019684716991729145,0.15995872570101885
G4,change,ld,,T1→T2,response_state,2,83,83,1,0.23309998857074354,0.18848151869918905,-0.031546940603332185,0.8812338194228624,1.185049992164134,1.1824065273057922,-0.002235664974182033,1.377998002829351,0.26393122678948283,0.1915323725053088
G4,change,ld,,T2→T3,response_state,2,83,83,1,0.15402231570217004,0.15650770861570226,-0.008183436900041752,0.807590065278111,1.046303706407411,1.0515416062858507,0.004981162749175929,1.099107595776249,0.07833843824266602,0.07127458543978053
G4,change,sphericity,,T0→T1,response_state,2,83,83,1,0.15933420091515887,0.08527587506539293,-0.015480915538379714,0.04554354947903816,0.061701461118118986,0.06154377411795904,-0.0025621925600095843,0.003794751759271841,0.00018292662294525216,0.048205161905071015
G4,change,sphericity,,T1→T2,response_state,2,83,83,1,0.1631123798329205,0.142658468675403,0.006761343688932331,0.0685448178998261,0.10488550558128874,0.10568482436889971,0.007563231451479692,0.011210928382875112,0.0006344761154258033,0.05659443123327561
G4,change,sphericity,,T2→T3,response_state,2,83,83,1,0.23995634104361693,0.13426037560993812,0.0148177504755157,0.0932413861590353,0.136411656464957,0.13743371011027342,0.0074367027165048215,0.01911835963896818,0.0006354960733461045,0.03324009409524856
G4,static,ftv,T0,,response_state,2,83,83,1,0.7467150833298349,0.6622343263092012,0.3894965576696159,17.348591538852023,32.559689719776834,44.382000757426226,0.2663762524421845,1757.6671584101086,1246.0203356372974,0.7089057388796981
G4,static,ftv,T1,,response_state,2,83,83,1,0.6535200033583811,0.49859844022024313,0.07785073625606964,17.545978110767877,48.3063698794379,53.08702422778185,0.09005316116103014,2561.3670653618387,94.06415510625666,0.03672419950202195
G4,static,ftv,T2,,response_state,2,83,83,1,0.7092691322782418,0.21780054655887252,-0.056495613283347845,13.851135897472728,48.281609538291285,48.971605967989944,0.014089724362923129,2233.366620034884,5.3627020902413145,0.002401174102869663
G4,static,ftv,T3,,response_state,2,83,83,1,0.5242643046051803,0.7581144412554386,0.014900449100490043,5.834791888214623,21.018111360228573,21.92283072852445,0.04126836445070564,453.9118245194413,1.2355931959265294,0.002722099599927052
G4,static,ld,T0,,response_state,2,83,83,1,0.4671925545568,0.507616518788588,0.17720834486757875,1.344277831345667,1.9265826656940197,2.219742300442864,0.13206922023802295,4.566144578313253,0.9534448768092806,0.20880742176619513
G4,static,ld,T1,,response_state,2,83,83,1,0.2203123182991291,0.15345178578749485,-0.1688122074532421,1.4931116694212583,2.2638777079393533,2.3004341817351612,0.01589111920091289,4.438389656185719,0.2259330721057366,0.05090428953006795
G4,static,ld,T2,,response_state,2,83,83,1,0.47510680275120987,0.32932160419876244,-0.014996491236126896,1.6327615411442127,2.67451334841408,2.9173502943926564,0.0832388713982429,7.133279459300618,0.965826692779454,0.13539728792206165
G4,static,ld,T3,,response_state,2,83,83,1,0.3121817333129765,0.26016736428590137,-0.13918956660113935,1.43385159390211,2.0736875768330916,2.224568865785433,0.06782495757849658,3.820805171907141,0.695063515823619,0.18191545618032143
G4,static,sphericity,T0,,response_state,2,83,83,1,0.5961546534570337,0.5476909649889629,0.2918380111894934,0.051585909874689743,0.06349164730715025,0.07547010818517934,0.15871795027294522,0.005761888080833325,0.0018319392149158146,0.3179407842039977
G4,static,sphericity,T1,,response_state,2,83,83,1,0.5504596784349942,0.5389051770821136,0.26563149260659413,0.0531223061327173,0.0673287557686955,0.07906346411906039,0.14842137871284997,0.00624814893707224,0.0018354450259639057,0.29375820654236184
G4,static,sphericity,T2,,response_state,2,83,83,1,0.48560094034675283,0.3751673994658044,0.1313050884772866,0.0798356598281785,0.11834643649139846,0.12698440374655587,0.06802384387611607,0.016319518216320772,0.003435063919030484,0.21048807161446445
G4,static,sphericity,T3,,response_state,2,83,83,1,0.42638848075227737,0.44593633109497505,0.16883636192528384,0.09218072766667973,0.12216471401217542,0.1340032422687045,0.08834508819413753,0.01817478449282748,0.0018378286419707159,0.10111969375460815
G0,change,ftv,,T0→T1,response_state,3,72,72,1,0.27297575406778574,0.27089228971983426,0.02539508917511979,0.6229476511888477,0.8080060615639203,0.836179605912315,0.033693173271854567,0.6793206085268344,0.07176859297955118,0.10564760155766155
G0,change,ftv,,T1→T2,response_state,3,72,72,1,0.31767316226123865,0.2623576200593693,0.04987494125338454,0.7722573399278924,0.9429553631954755,0.9799155510350991,0.0377177276149787,0.9490206123971355,0.08542618511179917,0.09001509977325022
G0,change,ftv,,T2→T3,response_state,3,72,72,1,0.15361116470512576,0.18966047059486688,-0.008430689533934999,0.9330245849220299,1.1961468983180203,1.1921362013885097,-0.003364294218092916,1.4387890719397851,0.22466275466382246,0.15614710943066215
G0,change,ld,,T0→T1,response_state,3,72,72,1,0.10228224174994985,0.12443208728536667,-0.00020197052878412336,0.2566386058570407,0.4033796854697854,0.4061883103711679,0.006914588208646459,0.1649736138085839,0.0036924209102812164,0.02238188777609897
G0,change,ld,,T1→T2,response_state,3,72,72,1,0.18046902022024683,0.10554511730087768,-0.036103391577671395,1.0119694977537685,1.4454032051295198,1.4350815280623321,-0.007192397689854005,2.044791726269533,0.06130816729076509,0.02998259749544966
G0,change,ld,,T2→T3,response_state,3,72,72,1,0.13954297087564627,0.16936357620474493,0.026936456185563395,1.0999503706472287,1.4641340370044982,1.4843826419435144,0.013641095204740869,2.2340589035559177,0.03815633079692113,0.017079375452539892
G0,change,sphericity,,T0→T1,response_state,3,72,72,1,-0.08923403434304458,-0.12406658672197729,-0.18291829931145576,0.048299730465958354,0.06571428928564249,0.064303586216369,-0.02193817098360189,0.0037020222789571114,7.152952630635313e-05,0.019321743878457573
G0,change,sphericity,,T1→T2,response_state,3,72,72,1,0.15373979034021482,0.21639733233133515,-0.12386941005515406,0.060261147530798226,0.07766639496449539,0.07937809120705401,0.02156383728217583,0.00544282776010223,0.00019584971504342456,0.035983081529617614
G0,change,sphericity,,T2→T3,response_state,3,72,72,1,-0.09357514952730081,-0.060990528898407066,-0.22890058077214936,0.10200713466598871,0.14128867691019326,0.13024272284855373,-0.0848105277596489,0.01647297785833953,0.0019542398442723478,0.118633064469458
G0,static,ftv,T0,,response_state,3,72,72,1,0.7113640748601198,0.5043606772238154,0.23002999052189443,15.696971500634216,44.3124114375046,52.16050104449419,0.15046039531512506,2586.134495325207,757.1674699351705,0.2927796181149336
G0,static,ftv,T1,,response_state,3,72,72,1,0.6721975689754969,0.6873738571593985,0.3859195675030217,7.690994453969801,15.115781152830449,19.8148258172942,0.23714791680694297,377.3202207782097,80.18121020273601,0.21250175788979736
G0,static,ftv,T2,,response_state,3,72,72,1,0.4576500096469227,0.5802288047324855,0.24270299618121394,3.740796531042003,10.62830526567168,12.59717156234494,0.1562943147141484,151.26412814443432,17.96849113824671,0.11878884543656988
G0,static,ftv,T3,,response_state,3,72,72,1,0.2144510901022574,0.8137415710992311,0.1524263663600114,3.203773601557095,12.217081855979364,13.553456916138419,0.09860031049110443,178.57953054517006,2.690231729458286,0.015064614187558391
G0,static,ld,T0,,response_state,3,72,72,1,0.521647569851823,0.5604625444824355,0.05587842776852148,1.5546104680797153,2.304915263679925,2.42717281676351,0.05037035362261849,5.706320422535211,0.06877718645611433,0.01205280835343591
G0,static,ld,T1,,response_state,3,72,72,1,0.12995393082989184,0.140745055336621,-0.09458437658195273,1.5774679186998197,2.418948430496825,2.4237834253569566,0.001994813071807078,5.420983959311425,0.24741179776703542,0.045639647640363386
G0,static,ld,T2,,response_state,3,72,72,1,0.2634215322530115,0.2880408843933054,-0.17336635740916573,1.5217594709694202,2.133026132253448,2.201434394698087,0.03107440431084067,3.932175273865415,0.15222968627954614,0.03871386082185014
G0,static,ld,T3,,response_state,3,72,72,1,0.34226064939206696,0.21792652629502773,-0.20041146047095437,1.3679172173830105,2.122755480952384,2.2015242300500115,0.03577918790193751,3.806658841940532,0.3708103756221513,0.09741098191849579
G0,static,sphericity,T0,,response_state,3,72,72,1,0.42700495208695105,0.4226061074928458,0.13446268793236116,0.06815469239671437,0.08944071186610682,0.0973750455921539,0.08148220807289053,0.009372573342770541,0.0032157386335989174,0.3431009303415429
G0,static,sphericity,T1,,response_state,3,72,72,1,0.2631680493922439,0.23769491886795976,0.04097395309165286,0.07657157415135436,0.08689743560426669,0.08900493346487436,0.023678438695079625,0.00798468275835647,0.00024513698453004946,0.030700904713277216
G0,static,sphericity,T2,,response_state,3,72,72,1,0.18763264518618564,0.16235763994000169,-0.15735471284515112,0.08129589582391822,0.09616649327014296,0.09703431778824961,0.008943480388046252,0.008103175082311488,0.0003930315398975788,0.048503399705077554
G0,static,sphericity,T3,,response_state,3,72,72,1,-0.04074216991446396,-0.02492937545244311,-0.05042671625317707,0.12458084003438769,0.15291113130041356,0.14951278465789525,-0.022729471933080326,0.022572860185008328,0.0008040765733638062,0.035621386336226475
G1,change,ftv,,T0→T1,response_state,3,72,72,1,0.31056659592256747,0.31200087330868154,0.03463603977100427,0.6202268229622345,0.8041662861553259,0.836179605912315,0.038285219503841984,0.6793206085268344,0.023621698735936534,0.03477253367472869
G1,change,ftv,,T1→T2,response_state,3,72,72,1,0.16753488970351793,0.08394392241006599,-0.055479539782595344,0.8112345483371306,0.9938610216419144,0.9799155510350991,-0.014231298393095686,0.9490206123971355,0.07447277083529048,0.07847329116190571
G1,change,ftv,,T2→T3,response_state,3,72,72,1,0.09306064698694451,0.11681212076283636,0.007753224617375376,0.8804190607203788,1.1865098270256573,1.1921362013885097,0.004719573448318431,1.4387890719397851,0.05389264765445756,0.03745694814167523
G1,change,ld,,T0→T1,response_state,3,72,72,1,0.18650047039688636,0.2763791138181957,0.0460193164196655,0.25093388738122674,0.3939489621138547,0.4061883103711679,0.03013220209643429,0.1649736138085839,0.0031538337373742615,0.01911720101514901
G1,change,ld,,T1→T2,response_state,3,72,72,1,0.08386728523421307,0.021216801535786804,-0.05354269451005922,1.0341490292853912,1.4575166872277876,1.4350815280623321,-0.015633369064228526,2.044791726269533,0.058623549607982606,0.02866969229914381
G1,change,ld,,T2→T3,response_state,3,72,72,1,0.19086483694964138,0.14305921567840232,0.019199197559002124,1.0845741978493324,1.4699435001277124,1.4843826419435144,0.009727371775849382,2.2340589035559177,0.04657874842798626,0.020849382419526885
G1,change,sphericity,,T0→T1,response_state,3,72,72,1,-0.05190044375844107,-0.14078341214559714,-0.21172702662146747,0.04899378731896261,0.06650967680724135,0.064303586216369,-0.03430742701424585,0.0037020222789571114,0.00012952967264239347,0.034988896036272095
G1,change,sphericity,,T1→T2,response_state,3,72,72,1,-0.06338028169014086,-0.10497680957686539,-0.27357250248415155,0.06604041052436324,0.08267744719210816,0.07937809120705401,-0.04156507085119921,0.00544282776010223,0.0002247101411284498,0.041285550642563264
G1,change,sphericity,,T2→T3,response_state,3,72,72,1,0.07132291465689114,0.15073321336283516,-0.04415389333266817,0.09264411082339011,0.13023605713149256,0.13024272284855373,5.117919001837932e-05,0.01647297785833953,0.0012372183441539126,0.07510593134972038
G1,static,ftv,T0,,response_state,3,72,72,1,0.5612579587111712,0.219639656744346,-0.0057126393236994755,20.05864986235972,50.64370074005996,52.16050104449419,0.029079481102766997,2586.134495325207,296.07985923712914,0.11448741732973831
G1,static,ftv,T1,,response_state,3,72,72,1,0.5397131648337514,0.6244726346142859,-0.0008484396968422292,9.16710678351559,19.29754775384819,19.8148258172942,0.02610560739799866,377.3202207782097,586.742530328451,1.555025408175356
G1,static,ftv,T2,,response_state,3,72,72,1,0.46839025017686037,0.8493414917770511,0.3414915735904449,3.802945060718999,9.910865188686534,12.59717156234494,0.21324678800820862,151.26412814443432,11.482802306057733,0.07591226318439093
G1,static,ftv,T3,,response_state,3,72,72,1,0.22821403305678828,0.5977962699414122,0.11439515206570039,3.1618355476839444,12.488168710533033,13.553456916138419,0.07859900335367002,178.57953054517006,3.2961485725258886,0.018457594565644567
G1,static,ld,T0,,response_state,3,72,72,1,0.3211215405023881,0.26661136508458694,0.029572329418228516,1.5738235273664094,2.3368056238449877,2.42717281676351,0.037231462174589364,5.706320422535211,0.4102836755792162,0.07189986632347835
G1,static,ld,T1,,response_state,3,72,72,1,0.21447707425403786,0.22445746079440926,-0.0792455357858528,1.5302139743800982,2.4019397958658204,2.4237834253569566,0.009012203509032247,5.420983959311425,0.15474460535023088,0.028545482980895334
G1,static,ld,T2,,response_state,3,72,72,1,0.192782905001591,0.2649244446519658,-0.2227027935378998,1.577886001138407,2.1774079905760173,2.201434394698087,0.010913976896124928,3.932175273865415,0.07060472538851055,0.017955640446084324
G1,static,ld,T3,,response_state,3,72,72,1,0.30905737139854206,0.2979111214728005,-0.1655884441652331,1.3963099878612473,2.0917391307176,2.2015242300500115,0.04986776790093184,3.806658841940532,1.6075708966335436,0.4223049564940911
G1,static,sphericity,T0,,response_state,3,72,72,1,0.26358608270628336,0.33212887016248277,0.08346012447601225,0.07335924427997918,0.09203818210919369,0.0973750455921539,0.054807301506313584,0.009372573342770541,0.0008736642932246859,0.09321498603140617
G1,static,sphericity,T1,,response_state,3,72,72,1,0.24046562479902248,0.22287819433556158,0.02973697829194888,0.07618804614081766,0.08740504465606931,0.08900493346487436,0.017975282341359627,0.00798468275835647,0.00043737113298716066,0.05477626929253068
G1,static,sphericity,T2,,response_state,3,72,72,1,0.14013762942954533,0.1403666675595467,-0.1850751053282682,0.08174166633217256,0.097311344944663,0.09703431778824961,-0.0028549400122327446,0.008103175082311488,0.0002679035610108515,0.03306155405621942
G1,static,sphericity,T3,,response_state,3,72,72,1,0.07698244260081036,0.08954798137347779,0.0036667243697560137,0.1203669213401136,0.14892189007447892,0.14951278465789525,0.003952134158750154,0.022572860185008328,0.0002804631888675006,0.012424796262804527
G2,change,ftv,,T0→T1,response_state,3,72,72,1,0.36536111647051267,0.45441551154001514,0.12428482320039291,0.5983900018960999,0.7659170886625087,0.836179605912315,0.08402802071828364,0.6793206085268344,0.029896562727008514,0.044009503541842784
G2,change,ftv,,T1→T2,response_state,3,72,72,1,0.16631294617017175,0.11160841829249282,-0.04076234429672776,0.7783109522201284,0.9869076924881851,0.9799155510350991,-0.007135453096647073,0.9490206123971355,0.10264339973065761,0.10815718688279086
G2,change,ftv,,T2→T3,response_state,3,72,72,1,0.1593671618753618,0.15007001615072377,-0.045626344249893425,0.900110008929263,1.218006903249547,1.1921362013885097,-0.021701129309641902,1.4387890719397851,0.24113868687511347,0.16759835863224112
G2,change,ld,,T0→T1,response_state,3,72,72,1,0.26910871570130834,0.21751234269056413,0.02848618743896003,0.25654585674518593,0.39755265656024263,0.4061883103711679,0.021260222390531575,0.1649736138085839,0.013679361909166753,0.08291848370999913
G2,change,ld,,T1→T2,response_state,3,72,72,1,0.2267278736747773,0.3129106272039777,0.06859255903207906,0.9988737627083157,1.3704314520560108,1.4350815280623321,0.04504975831833945,2.044791726269533,0.10686261215489966,0.052260878593174444
G2,change,ld,,T2→T3,response_state,3,72,72,1,0.30131947514362634,0.23299375105021106,0.04790926270922635,1.0813911303515802,1.448269570869489,1.4843826419435144,0.024328680525893414,2.2340589035559177,0.053864480037912096,0.024110590796051448
G2,change,sphericity,,T0→T1,response_state,3,72,72,1,0.053025918065470454,-0.00431888710686862,-0.20060752827532546,0.04871451344963698,0.06620380811838639,0.064303586216369,-0.02955079201373792,0.0037020222789571114,0.00027129186139739157,0.07328207151519807
G2,change,sphericity,,T1→T2,response_state,3,72,72,1,-0.11450897163804749,-0.13313137467935374,-0.3319048705468479,0.0652803294879542,0.08454965216345185,0.07937809120705401,-0.06515098659790229,0.00544282776010223,0.0006827732194869221,0.12544457579420037
G2,change,sphericity,,T2→T3,response_state,3,72,72,1,-0.12386648659077756,-0.1669417507954047,-0.13507617273006844,0.09272935768047941,0.13578802981345875,0.13024272284855373,-0.04257671249205302,0.01647297785833953,0.0006099956055418522,0.0370300749984338
G2,static,ftv,T0,,response_state,3,72,72,1,0.7533925011254745,0.6401765988000203,0.31133806245584283,15.871576890313268,41.9074774309979,52.16050104449419,0.1965668160424726,2586.134495325207,346.7385951985411,0.13407601028690452
G2,static,ftv,T1,,response_state,3,72,72,1,0.779471348639784,0.6930145631258949,0.4370093441335693,6.79174364203729,14.47333316938188,19.8148258172942,0.2695705073142916,377.3202207782097,108.15952775223401,0.28665181931983075
G2,static,ftv,T2,,response_state,3,72,72,1,0.2805325101292688,0.16286919033560288,-0.0231186369526164,4.287564194958539,12.35361033097777,12.59717156234494,0.019334596672098667,151.26412814443432,3.4193923300204396,0.02260544103857484
G2,static,ftv,T3,,response_state,3,72,72,1,0.5019936973438808,0.8943769026598695,0.3543344123352238,2.863676146563286,10.663077967231551,13.553456916138419,0.21325769261606062,178.57953054517006,10.601807834501159,0.05936743031038223
G2,static,ld,T0,,response_state,3,72,72,1,0.40145420459440456,0.3855573046538325,0.11572248144988806,1.5357787062869126,2.2306698398988676,2.42717281676351,0.08095961503337337,5.706320422535211,0.6789241318929753,0.11897756901484022
G2,static,ld,T1,,response_state,3,72,72,1,0.3021372585932407,0.1782021549053099,-0.08960166554265192,1.514594920416786,2.41343644380657,2.4237834253569566,0.0042689381576502304,5.420983959311425,0.17371059088494525,0.032044107156334406
G2,static,ld,T2,,response_state,3,72,72,1,0.18060884215643191,0.10483862367694147,-0.23881715804586356,1.5203005398501872,2.1917093786626403,2.201434394698087,0.0044175815817488655,3.932175273865415,0.37939343480435134,0.09648436511106974
G2,static,ld,T3,,response_state,3,72,72,1,0.34902397311715844,0.24140832648905655,-0.15718331455676893,1.3492433723024244,2.084183655879556,2.2015242300500115,0.053299696895813875,3.806658841940532,0.2705898922619407,0.07108330520210245
G2,static,sphericity,T0,,response_state,3,72,72,1,0.6908161296546403,0.6468833111888513,0.3822189296940631,0.057745959242224004,0.07556307940467641,0.0973750455921539,0.2239995478804173,0.009372573342770541,0.0031295944629630645,0.3339098397535669
G2,static,sphericity,T1,,response_state,3,72,72,1,0.536658306000386,0.5065228215682239,0.22954521352730317,0.06453302691799637,0.07788706483362133,0.08900493346487436,0.12491294806304948,0.00798468275835647,0.0029143671516979005,0.3649947330277879
G2,static,sphericity,T2,,response_state,3,72,72,1,0.24419576821660563,0.2743065555727931,-0.06155483708431375,0.07704933557806315,0.09210045044604136,0.09703431778824961,0.05084662266575675,0.008103175082311488,0.0007530812952507463,0.0929365696286948
G2,static,sphericity,T3,,response_state,3,72,72,1,0.3640427037108497,0.31747290885649976,0.09308273579967208,0.11396634771123543,0.1420823254556463,0.14951278465789525,0.04969781827855591,0.022572860185008328,0.0017363095889500282,0.07692022963501945
G3,change,ftv,,T0→T1,response_state,3,72,72,1,0.3682230368512445,0.41583892351612056,0.12702705853064633,0.5941489073084245,0.7647169428916163,0.836179605912315,0.08546329343051755,0.6793206085268344,0.07965525256635747,0.11725722960046331
G3,change,ftv,,T1→T2,response_state,3,72,72,1,0.24860119621840635,0.18451065340060596,-0.02932424654835386,0.7930204129850753,0.9814695954128647,0.9799155510350991,-0.0015858962296537381,0.9490206123971355,0.14051962987652583,0.14806804830254072
G3,change,ftv,,T2→T3,response_state,3,72,72,1,0.23065792012348063,0.2643200335411629,0.05753663321142988,0.8657512067346118,1.156361784335579,1.1921362013885097,0.030008665965569625,1.4387890719397851,0.1912427736467182,0.13291925646118746
G3,change,ld,,T0→T1,response_state,3,72,72,1,0.27099239621205035,0.31785976322585413,0.06435312646862645,0.2508250320903352,0.39014509879582937,0.4061883103711679,0.03949698001077023,0.1649736138085839,0.005002463019581622,0.03032280680585621
G3,change,ld,,T1→T2,response_state,3,72,72,1,0.08899643860647419,0.029724906142140878,-0.0490708485300031,1.0340218331104514,1.4544201249289197,1.4350815280623321,-0.013475608520094896,2.044791726269533,0.05774876471746064,0.028241881055933282
G3,change,ld,,T2→T3,response_state,3,72,72,1,0.23836227599696677,0.16267524791403304,0.02463334394166894,1.07949045420507,1.4658657184034156,1.4843826419435144,0.012474494794586425,2.2340589035559177,0.045953989952115935,0.02056973067226279
G3,change,sphericity,,T0→T1,response_state,3,72,72,1,-0.08823718567110427,-0.15389157204926343,-0.1971544934627234,0.0485605561782403,0.06610853607650283,0.064303586216369,-0.02806919436904377,0.0037020222789571114,0.00010493738706511167,0.028345963140630624
G3,change,sphericity,,T1→T2,response_state,3,72,72,1,-0.0493279310566596,-0.06162943148961827,-0.27220872439693133,0.06508463630847502,0.08263316864035142,0.07937809120705401,-0.04100725255293291,0.00544282776010223,0.00028601124435525806,0.05254828132755133
G3,change,sphericity,,T2→T3,response_state,3,72,72,1,0.014020194224708986,0.12115976692782861,-0.028022939558151272,0.09042973365336131,0.12922614424192277,0.13024272284855373,0.007805262239588125,0.01647297785833953,0.00029786686382622294,0.018082150439814152
G3,static,ftv,T0,,response_state,3,72,72,1,0.6174352048363241,0.39897645069804943,0.10814887727405809,17.556426069634206,47.69080590339499,52.16050104449419,0.0856911849310351,2586.134495325207,233.42224083559836,0.09025912660673337
G3,static,ftv,T1,,response_state,3,72,72,1,0.6687889896456365,0.7037115519131354,0.46617764562432573,7.142519089220751,14.093418367010052,19.8148258172942,0.288743767068119,377.3202207782097,137.6803193565736,0.36488985157650117
G3,static,ftv,T2,,response_state,3,72,72,1,0.5180719017300148,0.8953488546968269,0.7714422699967225,2.9773322690763067,5.838870691957469,12.59717156234494,0.5364935165755118,151.26412814443432,89.07278402131871,0.5888559641600399
G3,static,ftv,T3,,response_state,3,72,72,1,0.3175445366261497,0.8140833150619514,0.26121108165747964,2.911833908077735,11.406146645120943,13.553456916138419,0.15843266292163613,178.57953054517006,7.21673265720991,0.040411869351311254
G3,static,ld,T0,,response_state,3,72,72,1,0.32575426121894807,0.26689836519181864,0.02347974702327582,1.5797272657845425,2.3441296650806587,2.42717281676351,0.034213942702928025,5.706320422535211,0.3500215023526597,0.061339265311910356
G3,static,ld,T1,,response_state,3,72,72,1,0.2134635687276349,0.20223503689669098,-0.08906274639549316,1.5470628939643092,2.412839524759638,2.4237834253569566,0.004515213893628681,5.420983959311425,0.3120948736519363,0.057571628323279285
G3,static,ld,T2,,response_state,3,72,72,1,0.30914692479610245,0.37597796808382294,-0.07961230095166671,1.4840470829494343,2.0460360064462977,2.201434394698087,0.0705896067700447,3.932175273865415,0.5539370996492603,0.14087294209159906
G3,static,ld,T3,,response_state,3,72,72,1,0.2749755243917086,0.309601841666283,-0.41047860644265644,1.479143550519263,2.3010081454760267,2.2015242300500115,-0.045188653419342674,3.806658841940532,3.604798749543845,0.9469718457108217
G3,static,sphericity,T0,,response_state,3,72,72,1,0.33735288442986694,0.28934108033115774,-0.03383060056093434,0.07691364594515641,0.0977500619544283,0.0973750455921539,-0.0038512573729117122,0.009372573342770541,0.0032793581507727376,0.34988876916095235
G3,static,sphericity,T1,,response_state,3,72,72,1,0.258023023988681,0.26664094812945505,0.051452849901323816,0.07570663420450405,0.0864213847407441,0.08900493346487436,0.029027028318040975,0.00798468275835647,0.00040895631281784626,0.05121760315271736
G3,static,sphericity,T2,,response_state,3,72,72,1,0.31802688275773366,0.3025173298224973,-0.11970101979310077,0.07950007098937305,0.09458920478318202,0.09703431778824961,0.02519843557207643,0.008103175082311488,0.0005297061027131523,0.06537019098469854
G3,static,sphericity,T3,,response_state,3,72,72,1,0.16975368190880444,0.18499223261118344,0.02758255610646876,0.1187519249932123,0.14712368441663776,0.14951278465789525,0.01597923713830937,0.022572860185008328,0.00040549834970227816,0.017963977377203986
G4,change,ftv,,T0→T1,response_state,3,72,72,1,0.44906424850472704,0.5023964403455116,0.18084201126148824,0.5781516569250065,0.74077131480801,0.836179605912315,0.11410023687460026,0.6793206085268344,0.049585627103100514,0.07299296750415278
G4,change,ftv,,T1→T2,response_state,3,72,72,1,0.26024181619396747,0.22943530066794404,0.027794933368799568,0.7569380169717098,0.9538491319342626,0.9799155510350991,0.026600679082296606,0.9490206123971355,0.12650536579086225,0.1333009674798546
G4,change,ftv,,T2→T3,response_state,3,72,72,1,0.24426008103415012,0.27212880959995855,0.07337901631602728,0.853328799128522,1.1466016351833903,1.1921362013885097,0.03819577507342216,1.4387890719397851,0.10785209198169024,0.07496032190200286
G4,change,ld,,T0→T1,response_state,3,72,72,1,0.24766373757901441,0.2301200469475588,0.035805394873820284,0.2505875150039385,0.3960522808149978,0.4061883103711679,0.02495401590190513,0.1649736138085839,0.012764517003417674,0.07737308232956651
G4,change,ld,,T1→T2,response_state,3,72,72,1,0.29483788522618193,0.357024829843564,0.08866024495820901,0.9810535485869667,1.355587712621904,1.4350815280623321,0.05539323995603358,2.044791726269533,0.11413457176508776,0.055817211258631226
G4,change,ld,,T2→T3,response_state,3,72,72,1,0.3135868109876473,0.21493899244077241,0.044110682511297794,1.0944569809610893,1.4511557935689254,1.4843826419435144,0.02238428787545293,2.2340589035559177,0.06423302247279457,0.028751713918803053
G4,change,sphericity,,T0→T1,response_state,3,72,72,1,0.011158273843977107,-0.05172289003477177,-0.21675960989367216,0.048871003489711774,0.06664764875210749,0.064303586216369,-0.036453060764778764,0.0037020222789571114,0.00022295121224199716,0.06022416815514256
G4,change,sphericity,,T1→T2,response_state,3,72,72,1,-0.07492443243938518,-0.13198228941903842,-0.34852535535209506,0.06549240123672273,0.08507555285933593,0.07937809120705401,-0.07177624915948613,0.00544282776010223,0.0007437184301381297,0.13664191903881978
G4,change,sphericity,,T2→T3,response_state,3,72,72,1,-0.1236092353205994,-0.14924995351509537,-0.13365713650149336,0.0924720737953102,0.135703124324662,0.13024272284855373,-0.04192481051288849,0.01647297785833953,0.0006555654928758121,0.03979641680535184
G4,static,ftv,T0,,response_state,3,72,72,1,0.7624284519904818,0.6019977041586051,0.32277000329240657,16.156472089823513,41.55818507402341,52.16050104449419,0.20326330764013828,2586.134495325207,508.03158941511396,0.19644438072863216
G4,static,ftv,T1,,response_state,3,72,72,1,0.7756125795871118,0.8194752212497766,0.6286744542595767,6.346570075608674,11.754262359208118,19.8148258172942,0.4067945654637496,377.3202207782097,153.54738489392653,0.4069418399502694
G4,static,ftv,T2,,response_state,3,72,72,1,0.4004759148498296,0.24936110858658025,0.011882937878186506,4.0658097197415906,12.140458804803384,12.59717156234494,0.0362551827829945,151.26412814443432,5.490330133146178,0.036296312949384436
G4,static,ftv,T3,,response_state,3,72,72,1,0.545887195318027,0.8108625011609876,0.5899832052731591,2.909327773586828,8.497273318357596,13.553456916138419,0.37305490614429937,178.57953054517006,55.529021400511,0.310948411786005
G4,static,ld,T0,,response_state,3,72,72,1,0.4386929145209201,0.42149446001248114,0.1548622475283029,1.5294779061559534,2.1807443428274333,2.42717281676351,0.10152901854952139,5.706320422535211,0.856891597833473,0.15016534901360695
G4,static,ld,T1,,response_state,3,72,72,1,0.2914713194820476,0.1731562957298024,-0.09496481409211333,1.5260192665471617,2.419368762994536,2.4237834253569566,0.0018213930816737263,5.420983959311425,0.2183191727902356,0.0402729789331394
G4,static,ld,T2,,response_state,3,72,72,1,0.2820378379035001,0.19671549487752496,-0.1928480709891769,1.4873476257064755,2.1506608351521885,2.201434394698087,0.023063853126025925,3.932175273865415,0.424989189902049,0.10807992022295466
G4,static,ld,T3,,response_state,3,72,72,1,0.3479796363654899,0.28382138214978814,-0.14423252517225627,1.3524189456547917,2.0724881148365375,2.2015242300500115,0.05861217126397139,3.806658841940532,0.25510523719889605,0.06701552405701013
G4,static,sphericity,T0,,response_state,3,72,72,1,0.6696572126824878,0.6341645097165372,0.3628841445741561,0.058712718319239555,0.07673642396037218,0.0973750455921539,0.2119498019875094,0.009372573342770541,0.0031682760222979793,0.33803694102237175
G4,static,sphericity,T1,,response_state,3,72,72,1,0.5381696572126826,0.510393868981924,0.23259303201098136,0.06501969251451523,0.0777328566489513,0.08900493346487436,0.12664552825458336,0.00798468275835647,0.0028354455413131256,0.3551106070364104
G4,static,sphericity,T2,,response_state,3,72,72,1,0.2502733294745643,0.2631901874218597,-0.0761670186225516,0.07802695917016769,0.09273216013285902,0.09703431778824961,0.044336454910507556,0.008103175082311488,0.0008926032947569329,0.11015475855944501
G4,static,sphericity,T3,,response_state,3,72,72,1,0.41980191652196286,0.3792928958065123,0.12864635646044842,0.11263410121403172,0.13926867626997844,0.14951278465789525,0.06851660485995674,0.022572860185008328,0.0018657102512488677,0.08265280677580998
G0,change,ftv,,T0→T1,response_state,0,69,69,1,0.3230544391669712,0.3190226530051082,0.07164917060936205,0.5041988779811176,0.656070758286962,0.6885005845537826,0.04710210418751981,0.47046726510331355,0.03529410996826428,0.07501926825985177
G0,change,ftv,,T1→T2,response_state,0,69,69,1,0.14366094263792475,0.1972124052749099,0.034839072345072886,0.9531570201232207,1.185651041122198,1.2080237080390086,0.018520056161089895,1.4779312081749496,0.05579084149086802,0.03774928168663707
G0,change,ftv,,T2→T3,response_state,0,69,69,1,0.0997442455242967,0.18815250572374323,0.027476661861608687,0.9103983523302859,1.2241209051958064,1.2431813954936295,0.015332026659114172,1.5634672030081922,0.053977599796172476,0.03452429298952787
G0,change,ld,,T0→T1,response_state,0,69,69,1,0.08857730498922724,-0.012994267181097141,-0.026316260792641044,0.3480215281375673,0.8060988149012374,0.7964613784086559,-0.012100318676892017,0.6424443787943146,0.013899671023708806,0.02163560221321344
G0,change,ld,,T1→T2,response_state,0,69,69,1,-0.02002375088285166,0.021065694169186314,-0.019906616884667327,0.9798279075733335,1.3688233860441672,1.366154146827565,-0.0019538345821374023,1.864123156995471,0.019225336423668037,0.010313340270207666
G0,change,ld,,T2→T3,response_state,0,69,69,1,0.11435347704878211,0.04809965331908091,-0.02347598558940689,0.8791867011856613,1.0889006205986353,1.08411776481615,-0.004411749293026745,1.1755443315404943,0.019647540778923608,0.016713568558640788
G0,change,sphericity,,T0→T1,response_state,0,69,69,1,0.18469126781147246,0.2566231029456942,0.038781632233946595,0.04261650824507766,0.05644806904317641,0.05842875263730804,0.03389912508361371,0.0033636925829732996,0.00015436253754093942,0.045890798202638465
G0,change,sphericity,,T1→T2,response_state,0,69,69,1,0.1379978078187797,0.19381062159302975,0.03129791367206258,0.06929561571927467,0.09953037716314164,0.10112569482193531,0.015775591570497953,0.010376747344016429,0.0001411796784547511,0.013605388449219583
G0,change,sphericity,,T2→T3,response_state,0,69,69,1,0.07029594446474242,0.17682412889439458,-0.006137559205021903,0.08287245310317122,0.113562833357066,0.11447171465159371,0.007939789294621651,0.013006344573753076,0.00011326851601149947,0.008708712534040992
G0,static,ftv,T0,,response_state,0,69,69,1,0.7256485202776763,0.2521461679403035,0.01701600338563336,20.569681564169198,55.274537166653054,58.09880520752063,0.048611465085722345,3153.871249598549,469.24112122099683,0.14878258625196755
G0,static,ftv,T1,,response_state,0,69,69,1,0.7073072707343808,0.12662082146155965,-0.02898046978682456,15.272285058311054,58.019906437985014,59.15534805072164,0.019194234336396172,3319.610231168141,61.38917322535508,0.01849288589635199
G0,static,ftv,T2,,response_state,0,69,69,1,0.5459261965655827,0.15987722690934378,-0.042058489804166044,11.385587110114663,46.87616699421833,47.178623111415305,0.006410872069808095,2139.6969484848964,1.934689640564452,0.0009041886244378633
G0,static,ftv,T3,,response_state,0,69,69,1,0.2840336134453782,0.07288696257328466,-0.10043122577050378,2.782436235713323,7.543055901081369,7.58995725176126,0.0061793958943585645,52.46527156290582,0.4442193951215299,0.008466922630695073
G0,static,ld,T0,,response_state,0,69,69,1,0.44182269274687636,0.435122455271143,0.12314588794454262,1.3796397288875772,1.8330382095203497,1.962151925984238,0.06580209959997023,3.888265132139813,0.12537588660086627,0.03224468557057185
G0,static,ld,T1,,response_state,0,69,69,1,0.2321990134912909,0.17683148616276503,-0.008582228967044525,1.27532915219953,1.7546619785026334,1.7675612980017368,0.007297806030085818,3.0975319693094625,0.35110912239579817,0.11335125056806805
G0,static,ld,T2,,response_state,0,69,69,1,0.19538273157345026,0.33212211322775015,-0.17768507721715876,1.5068479882385628,1.9319685030878528,2.094077195045493,0.07741294940854292,3.2159633418584828,0.28085775959191317,0.08733238838151912
G0,static,ld,T3,,response_state,0,69,69,1,0.03937815167550528,-0.011986986097015751,-0.3950895278480213,1.306224415914518,1.888469726196298,1.87811320161276,-0.005514323936727931,2.5939294117647065,0.18293107264512423,0.0705227643495018
G0,static,sphericity,T0,,response_state,0,69,69,1,0.3479356960175375,0.30753528700309823,0.06933279657223135,0.07625760124722603,0.09359672118758834,0.09795292280995459,0.04447240059204789,0.009551400119362088,0.0013335560437519659,0.13961890687090497
G0,static,sphericity,T1,,response_state,0,69,69,1,0.1493971501644136,0.15803440446979883,-0.009030145029343517,0.0859147617707404,0.10882202789476947,0.10841036216592653,-0.0037972913346868502,0.0119088456481937,0.0013574625859149013,0.11398775549003756
G0,static,sphericity,T2,,response_state,0,69,69,1,0.22634271099744246,0.20283096910227263,0.038370758083547174,0.089967372949879,0.11901267827138684,0.12148220249290753,0.02032827995248826,0.014945793388103904,0.00041730387896289547,0.027921159360803707
G0,static,sphericity,T3,,response_state,0,69,69,1,0.2833759590792839,0.15878948979466465,-0.004026915881910176,0.12555806139363265,0.14917717397836963,0.15044979675797482,0.008458786964348156,0.022490523982604337,0.00025642460412652647,0.01140145086547838
G1,change,ftv,,T0→T1,response_state,0,69,69,1,0.3575812933869201,0.2224894138976342,-0.026930214722406642,0.518661720426692,0.6900254077544696,0.6885005845537826,-0.002214701388634651,0.47046726510331355,0.09341932439053674,0.19856710831947483
G1,change,ftv,,T1→T2,response_state,0,69,69,1,0.3091340884179759,0.29250525497797775,0.08457272904693458,0.9122986065642064,1.1546994101220929,1.2080237080390086,0.044141764405830536,1.4779312081749496,0.10245596630467568,0.06932390745790888
G1,change,ftv,,T2→T3,response_state,0,69,69,1,0.24033613445378155,0.3385845556381315,0.10178833243428231,0.9122482383219114,1.1764233739817036,1.2431813954936295,0.05369934086362217,1.5634672030081922,0.2534106638084439,0.16208249416480794
G1,change,ld,,T0→T1,response_state,0,69,69,1,0.04118981798570258,0.020983613427266602,-0.011847167246575419,0.3325413228986819,0.8003964206780567,0.7964613784086559,-0.004940656729976115,0.6424443787943146,0.01029003646646363,0.01601700755133869
G1,change,ld,,T1→T2,response_state,0,69,69,1,-0.08455284588123858,0.07589912008089042,-0.018994542242818158,0.9815825097553142,1.3682111984567258,1.366154146827565,-0.0015057243971608274,1.864123156995471,0.06752378167846962,0.036222811473090706
G1,change,ld,,T2→T3,response_state,0,69,69,1,0.17040585030883154,0.2356560865415243,0.026585859483611918,0.8516622503690068,1.0619357516833563,1.08411776481615,0.020460888892965795,1.1755443315404943,0.023088094070766695,0.019640343159590467
G1,change,sphericity,,T0→T1,response_state,0,69,69,1,0.09298502009499454,0.13398731634682792,-0.22380523688695542,0.051805572913873915,0.06369336787600693,0.05842875263730804,-0.09010315984971622,0.0033636925829732996,0.0013042444847878151,0.3877418796800219
G1,change,sphericity,,T1→T2,response_state,0,69,69,1,0.06678845451223969,0.04234042708928036,-0.0001077769966901787,0.06994351553421828,0.10113091450039008,0.10112569482193531,-5.161574873681989e-05,0.010376747344016429,7.58022793544982e-05,0.007305013492326019
G1,change,sphericity,,T2→T3,response_state,0,69,69,1,-0.0956887102667154,0.007037572870978516,-0.0678686298409672,0.08438823890888632,0.11699477137000718,0.11447171465159371,-0.022040874691993936,0.013006344573753076,0.0005505361319594924,0.04232827516122242
G1,static,ftv,T0,,response_state,0,69,69,1,0.7509316770186336,0.4263765937542918,0.16186542627976552,17.555093660616016,51.039777100146665,58.09880520752063,0.1215004006047994,3153.871249598549,626.152416964443,0.19853455243112567
G1,static,ftv,T1,,response_state,0,69,69,1,0.6512239678480088,0.10088735640397033,-0.05649022261068826,17.51563642616458,58.790370790880175,59.15534805072164,0.006169810031859236,3319.610231168141,267.5842672238668,0.08060713414830821
G1,static,ftv,T2,,response_state,0,69,69,1,0.49718670076726346,0.09188046312226306,-0.4722593290645667,15.338045340334736,55.718344229913384,47.178623111415305,-0.1810082735634524,2139.6969484848964,1312.9120406034544,0.613597192599222
G1,static,ftv,T3,,response_state,0,69,69,1,0.24833759590792842,0.41705497798680013,0.07503521214636044,2.6465708896239875,6.915577833380944,7.58995725176126,0.08885154369266382,52.46527156290582,3.0731785486280008,0.05857548159153741
G1,static,ld,T0,,response_state,0,69,69,1,0.5315653569336617,0.5422996090502689,0.27203096599387666,1.2885315724481123,1.6701839247404555,1.962151925984238,0.14879989534822993,3.888265132139813,0.6079435641596459,0.15635342331326024
G1,static,ld,T1,,response_state,0,69,69,1,0.35517950635102297,0.3617025162847129,0.07775138727858544,1.2551247209287857,1.677883545153999,1.7675612980017368,0.050735300070849136,3.0975319693094625,0.09372722973953083,0.030258680352030585
G1,static,ld,T2,,response_state,0,69,69,1,0.3655376741169578,0.32711542864193055,-0.21457202379015872,1.4970960319420954,1.9619913689989112,2.094077195045493,0.06307591064889673,3.2159633418584828,0.26769414541734526,0.0832391781128471
G1,static,ld,T3,,response_state,0,69,69,1,0.07524335287458761,0.0552358949559856,-0.372502148512049,1.2962465492782866,1.873119582562754,1.87811320161276,0.0026588488093890524,2.5939294117647065,0.04126337954366826,0.015907672489667284
G1,static,sphericity,T0,,response_state,0,69,69,1,0.5239313116550969,0.4716416700376281,0.1942519287418385,0.07133847841771036,0.08708895262902232,0.09795292280995459,0.11091011752666359,0.009551400119362088,0.0011225584601418305,0.11752815776885318
G1,static,sphericity,T1,,response_state,0,69,69,1,0.43474607234198026,0.38234412911038823,0.14557420944099708,0.08105258602794335,0.10013869297470014,0.10841036216592653,0.07629961772995704,0.0119088456481937,0.0019406477029129186,0.1629585066632609
G1,static,sphericity,T2,,response_state,0,69,69,1,0.16101571063207895,0.07827159997339944,0.0015123640679023387,0.0917780069294151,0.12127205693241988,0.12148220249290753,0.0017298464810095956,0.014945793388103904,0.0003012810435299319,0.020158250265237602
G1,static,sphericity,T3,,response_state,0,69,69,1,0.17698209718670077,0.2238104195307212,-0.006597822294918121,0.12667043978576772,0.1493680430431343,0.15044979675797482,0.007190130782168511,0.022490523982604337,5.7175928397362745e-05,0.00254222304654113
G2,change,ftv,,T0→T1,response_state,0,69,69,1,0.27343807088052613,0.20674443067970313,0.003553494248408673,0.525854674237576,0.6797067935858249,0.6885005845537826,0.012772379813819614,0.47046726510331355,0.04304673401728787,0.09149783037048263
G2,change,ftv,,T1→T2,response_state,0,69,69,1,0.1650347095359883,0.19504783573499077,-0.019195630975934685,0.9674793267797738,1.2183885178960996,1.2080237080390086,-0.008579972220840133,1.4779312081749496,0.2549155344130601,0.1724813259257494
G2,change,ftv,,T2→T3,response_state,0,69,69,1,0.12257946656923639,0.12162582637496688,0.005955146455138727,0.8886481423333467,1.2375914185227535,1.2431813954936295,0.004496509512721941,1.5634672030081922,0.04880212193972544,0.031214036243182856
G2,change,ld,,T0→T1,response_state,0,69,69,1,-0.010951043485768239,-0.02862186987983951,-0.022963132991220103,0.341820043434037,0.8047809152435237,0.7964613784086559,-0.010445624936001706,0.6424443787943146,0.009614730434894147,0.014965856581916495
G2,change,ld,,T1→T2,response_state,0,69,69,1,0.22853749981167099,0.3296605240083955,0.08770201195880123,0.9598897395287357,1.2945999033890034,1.366154146827565,0.052376405403974646,1.864123156995471,0.11342611518077947,0.06084689992457137
G2,change,ld,,T2→T3,response_state,0,69,69,1,0.08047506137894628,0.021918596587426252,-0.02909260603803543,0.8441244970976307,1.0918843611912048,1.08411776481615,-0.0071639785151679835,1.1755443315404943,0.03645312421198308,0.031009569978711918
G2,change,sphericity,,T0→T1,response_state,0,69,69,1,0.21088783339422726,0.1897411361116347,0.010862616587900886,0.042476960936747916,0.05726198089286869,0.05842875263730804,0.019969136628365025,0.0033636925829732996,9.071272517967104e-05,0.02696819728379771
G2,change,sphericity,,T1→T2,response_state,0,69,69,1,0.1564121300694191,0.07198275022983958,-0.004925965445020664,0.069829535470009,0.10137422944647581,0.10112569482193531,-0.0024576802659118774,0.010376747344016429,0.0002991340694728573,0.02882734440338357
G2,change,sphericity,,T2→T3,response_state,0,69,69,1,0.11150895140664963,-0.06990577396327421,-0.06731166110411091,0.08227107528722774,0.11696425688202437,0.11447171465159371,-0.02177430676230339,0.013006344573753076,0.0003214072632271103,0.024711575293469706
G2,static,ftv,T0,,response_state,0,69,69,1,0.7081841432225064,0.34945914373664705,-0.2745457098864912,23.300240630981474,62.94041451905382,58.09880520752063,-0.08333405986990015,3153.871249598549,3021.5640107821805,0.9580492580877518
G2,static,ftv,T1,,response_state,0,69,69,1,0.638290098648155,0.3706775686400886,0.05612883769573107,15.430380248027019,55.56864627578485,59.15534805072164,0.06063191060699096,3319.610231168141,95.68663633168896,0.028824660025830107
G2,static,ftv,T2,,response_state,0,69,69,1,0.5003288271830472,0.15573769399921614,-0.01943124632419657,10.995778563988653,46.364439620705724,47.178623111415305,0.017257466136449878,2139.6969484848964,15.792043190124382,0.007380504608985217
G2,static,ftv,T3,,response_state,0,69,69,1,0.44647424187066137,0.4120056537885398,0.14028539905814474,2.6139757401422687,6.667192965103271,7.58995725176126,0.12157700709629954,52.46527156290582,10.850282123906153,0.20680884327257648
G2,static,ld,T0,,response_state,0,69,69,1,0.3558086443430042,0.2534771027266754,0.0465994093575649,1.3681818051686083,1.9113734746111157,1.962151925984238,0.025878960084933865,3.888265132139813,0.5632494852440235,0.14485881649075014
G2,static,ld,T1,,response_state,0,69,69,1,0.1979128781658551,0.1766005071638369,-0.06852053905771638,1.3072249615685336,1.8060478271086355,1.7675612980017368,-0.021773801649995702,3.0975319693094625,0.7428044548815571,0.2398052585869361
G2,static,ld,T2,,response_state,0,69,69,1,0.3380596907065344,0.27850120327202904,-0.24079410200565388,1.4449574885772745,1.9830575411174747,2.094077195045493,0.053016027389385004,3.2159633418584828,0.7942512659201855,0.24697149236197238
G2,static,ld,T3,,response_state,0,69,69,1,0.30189303204191664,0.2820057411609683,-0.28124303821677543,1.2137725660341505,1.8097756768292457,1.87811320161276,0.03638626506902352,2.5939294117647065,0.07860474199155737,0.030303346588788187
G2,static,sphericity,T0,,response_state,0,69,69,1,0.7158933138472781,0.6579672805734801,0.42439115310238285,0.05667440667729495,0.07360836316393976,0.09795292280995459,0.2485332642217061,0.009551400119362088,0.003059351845597083,0.32030401903018685
G2,static,sphericity,T1,,response_state,0,69,69,1,0.6280233832663501,0.5261884986932998,0.25958021061112313,0.07175261793502416,0.09321885259777979,0.10841036216592653,0.1401296819292561,0.0119088456481937,0.0018704204088475433,0.1570614368598558
G2,static,sphericity,T2,,response_state,0,69,69,1,0.2306174643770552,0.20177102179471298,0.035338423448266876,0.09418329980706991,0.11920017372177334,0.12148220249290753,0.018784881441933198,0.014945793388103904,0.00038434621798495564,0.025716013061633503
G2,static,sphericity,T3,,response_state,0,69,69,1,0.3864815491413957,0.34235718701811957,0.06392861140626493,0.11265820770811574,0.14404035510385121,0.15044979675797482,0.04260186316126653,0.022490523982604337,0.006970362369950927,0.3099244097355076
G3,change,ftv,,T0→T1,response_state,0,69,69,1,0.4162586773839971,0.279045479288887,-0.06019166186726799,0.5313849802527716,0.7011110444805928,0.6885005845537826,-0.01831583038521753,0.47046726510331355,0.1547620540755611,0.3289539263514449
G3,change,ftv,,T1→T2,response_state,0,69,69,1,0.4230544391669712,0.41272642082892097,0.1691130317554369,0.8541837229869337,1.100089437054127,1.2080237080390086,0.08934780854598616,1.4779312081749496,0.2434385248283212,0.16471573472552603
G3,change,ftv,,T2→T3,response_state,0,69,69,1,0.20971867007672634,0.34429984528543806,0.10715080930187093,0.8846296335541183,1.172906392773687,1.2431813954936295,0.05652835778807526,1.5634672030081922,0.18435186359436,0.11791220387588396
G3,change,ld,,T0→T1,response_state,0,69,69,1,0.07033165991611087,-0.03143242201059953,-0.026256900099673297,0.3371204499281227,0.806075502751755,0.7964613784086559,-0.012071049022249192,0.6424443787943146,0.01118580373816493,0.01741131856295093
G3,change,ld,,T1→T2,response_state,0,69,69,1,-0.03456654805689356,0.06350905735677591,-0.02164249811092689,0.9900343534814499,1.3699877596255845,1.366154146827565,-0.0028061348764498464,1.864123156995471,0.05501080961571596,0.02951028713380744
G3,change,ld,,T2→T3,response_state,0,69,69,1,0.2316008122369354,0.2847354512785302,0.05139589477478035,0.8372578367273176,1.0483152816809536,1.08411776481615,0.03302453321689454,1.1755443315404943,0.05019044900510541,0.042695496595465045
G3,change,sphericity,,T0→T1,response_state,0,69,69,1,0.029813664596273295,0.049363998086395515,-0.10669872214175102,0.045785629863413176,0.06056932921428092,0.05842875263730804,-0.036635671315120154,0.0033636925829732996,0.00045072487558902804,0.13399704772979423
G3,change,sphericity,,T1→T2,response_state,0,69,69,1,0.1090610157106321,0.12896805340262188,0.014730389044427805,0.06897881011779093,0.10037789320582688,0.10112569482193531,0.007394773577824928,0.010376747344016429,7.708344298865988e-05,0.007428478350020608
G3,change,sphericity,,T2→T3,response_state,0,69,69,1,-0.046437705516989405,0.018802820083929448,-0.08048294729382288,0.08598083495125097,0.117683749586973,0.11447171465159371,-0.028059638533024903,0.013006344573753076,0.0007030072233248241,0.054051099395252
G3,static,ftv,T0,,response_state,0,69,69,1,0.7070515162586775,0.3041677102035732,-0.18016992678109545,21.14245691425976,60.56534046349424,58.09880520752063,-0.04245414767418193,3153.871249598549,2148.533025728164,0.6812367581592454
G3,static,ftv,T1,,response_state,0,69,69,1,0.6832663500182683,0.13905617167985201,-0.02351095135368686,16.05264780012873,57.86549933991617,59.15534805072164,0.021804431100625354,3319.610231168141,192.7726002500614,0.05807085375267881
G3,static,ftv,T2,,response_state,0,69,69,1,0.5709901351845086,0.06871002583843103,-1.5068644016753803,16.520630132739598,72.7062032634514,47.178623111415305,-0.5410836194127815,2139.6969484848964,3605.0223725846618,1.6848284871076493
G3,static,ftv,T3,,response_state,0,69,69,1,0.39159663865546224,0.45368030916094415,0.12482706258953324,2.8736253682111124,6.726866570496032,7.58995725176126,0.11371482771723734,52.46527156290582,25.31939058673332,0.4825933390314275
G3,static,ld,T0,,response_state,0,69,69,1,0.4403787680074149,0.47127290567175534,0.19412743012387945,1.3383307776466502,1.7572802708789663,1.962151925984238,0.10441171878294064,3.888265132139813,1.4406130874840872,0.37050279199743785
G3,static,ld,T1,,response_state,0,69,69,1,0.29605602672533815,0.33949174956280304,0.10116283038418039,1.2374908608042015,1.656449962629733,1.7675612980017368,0.06286137600863816,3.0975319693094625,0.38156420586648204,0.12318329871880054
G3,static,ld,T2,,response_state,0,69,69,1,0.29005554392294514,0.40462335235116104,-0.26113636590927203,1.466233902472716,1.9992471259970732,2.094077195045493,0.045284896503712556,3.2159633418584828,2.764360044122427,0.8595744883475328
G3,static,ld,T3,,response_state,0,69,69,1,0.048758281219880656,0.16193689150397894,-0.3159083590040763,1.2883952712162683,1.8340949310112646,1.87811320161276,0.023437495973989357,2.5939294117647065,0.14074535306628225,0.054259515477921245
G3,static,sphericity,T0,,response_state,0,69,69,1,0.5032151991231275,0.4840365267226424,0.2273974304748385,0.07025318656352449,0.08527888321837739,0.09795292280995459,0.12938909047325728,0.009551400119362088,0.0017560111759222419,0.18384856188388024
G3,static,sphericity,T1,,response_state,0,69,69,1,0.4244428206065035,0.3778935151584959,0.13897170906799639,0.08012022398458961,0.10052485488672008,0.10841036216592653,0.07273757896996373,0.0119088456481937,0.00228064888798934,0.1915088124712795
G3,static,sphericity,T2,,response_state,0,69,69,1,0.2758494702228718,0.21024606630502365,0.04295565136381052,0.08828430103236333,0.11872862264710883,0.12148220249290753,0.022666528835443716,0.014945793388103904,0.0008978627211291767,0.06007461081616651
G3,static,sphericity,T3,,response_state,0,69,69,1,0.2768359517720132,0.23528174203761246,0.01535340601464208,0.123449144666383,0.1477304053009479,0.15044979675797482,0.018075075644014033,0.022490523982604337,0.0002682505202243663,0.011927268587955044
G4,change,ftv,,T0→T1,response_state,0,69,69,1,0.3680672268907564,0.23580839801462297,0.023189878151195775,0.5115764112316928,0.6729761789773734,0.6885005845537826,0.02254813710357354,0.47046726510331355,0.04624220836321513,0.09828995935149802
G4,change,ftv,,T1→T2,response_state,0,69,69,1,0.2667519181585678,0.2672828607955143,0.040538658389136506,0.9333682052801814,1.182145031850441,1.2080237080390086,0.021422324757662783,1.4779312081749496,0.25484110982516966,0.1724309686510138
G4,change,ftv,,T2→T3,response_state,0,69,69,1,0.19313116550968215,0.21726986787899047,0.038528206704267154,0.8886311258363154,1.2171457098391159,1.2431813954936295,0.020942788999971852,1.5634672030081922,0.06812255370929374,0.04357146320576626
G4,change,ld,,T0→T1,response_state,0,69,69,1,0.09735276554543551,-0.003789459906919486,-0.01595903236595486,0.33750845435770804,0.8020210659089538,0.7964613784086559,-0.006980485998462661,0.6424443787943146,0.009142132783646326,0.014230232352259831
G4,change,ld,,T1→T2,response_state,0,69,69,1,0.2094272412136209,0.3160112868759104,0.0810869300274939,0.9617118916812384,1.2992850042921058,1.366154146827565,0.04894699671390702,1.864123156995471,0.11589625324338586,0.06217199373789413
G4,change,ld,,T2→T3,response_state,0,69,69,1,0.07833692415495229,0.01628714397739623,-0.03442006308628409,0.8532792557699432,1.094706973090094,1.08411776481615,-0.009767581177622175,1.1755443315404943,0.039062991179209056,0.0332297048534264
G4,change,sphericity,,T0→T1,response_state,0,69,69,1,0.2811472415052978,0.25527856123570636,0.03778808985371729,0.04224664234835957,0.056477234665608216,0.05842875263730804,0.0333999594996272,0.0033636925829732996,0.00010127397827659988,0.03010797680776162
G4,change,sphericity,,T1→T2,response_state,0,69,69,1,0.17113628059919622,0.09505075081484893,0.0021831357920669703,0.06964669986150723,0.10101501952414282,0.10112569482193531,0.0010944330022885826,0.010376747344016429,0.0003172977793443744,0.030577768622972075
G4,change,sphericity,,T2→T3,response_state,0,69,69,1,0.07731092436974792,-0.030194927589704067,-0.05621917672661625,0.08242444926371728,0.11635486935358678,0.11447171465159371,-0.016450829864169025,0.013006344573753076,0.0003063949838515598,0.023557347886189926
G4,static,ftv,T0,,response_state,0,69,69,1,0.7090610157106321,0.40934700734129337,-0.32897787724061756,25.903223778170425,64.27036507451118,58.09880520752063,-0.10622524585396582,3153.871249598549,3882.6274282254267,1.231067193602034
G4,static,ftv,T1,,response_state,0,69,69,1,0.6877237851662404,0.3306587990486985,0.05968001779844223,15.050864265315653,55.46401322873763,59.15534805072164,0.062400694841976904,3319.610231168141,139.42580845180748,0.04200065632486763
G4,static,ftv,T2,,response_state,0,69,69,1,0.5058823529411766,0.07514027025136813,-0.05667637715061824,11.427914931662087,47.203808944402674,47.178623111415305,-0.0005338399327146638,2139.6969484848964,161.2172470181276,0.07534583209658935
G4,static,ftv,T3,,response_state,0,69,69,1,0.4839240043843625,0.6656540175080183,0.32701445531760975,2.2555888897601863,5.898868862901212,7.58995725176126,0.22280604919976704,52.46527156290582,8.303688310806317,0.15827018641941462
G4,static,ld,T0,,response_state,0,69,69,1,0.36723209956026304,0.27841918809165656,0.06703050593149629,1.3387927191275106,1.8907824743766974,1.962151925984238,0.036373050762489124,3.888265132139813,0.5498220126354305,0.14140548392409888
G4,static,ld,T1,,response_state,0,69,69,1,0.2680203489059253,0.21700099547038498,-0.0697284037792325,1.2944403864546863,1.80706832472125,1.7675612980017368,-0.022351149441989203,3.0975319693094625,0.9629311632362101,0.31087045195239027
G4,static,ld,T2,,response_state,0,69,69,1,0.3462921091717079,0.33584985141376106,-0.15542668216926425,1.4356348214966113,1.9136241891594068,2.094077195045493,0.08617304381759718,3.2159633418584828,0.9083081738679339,0.28243735307723655
G4,static,ld,T3,,response_state,0,69,69,1,0.3451703748221427,0.32693435498594603,-0.2592083232246496,1.2072701729643167,1.7941459974453426,1.87811320161276,0.04470827642088539,2.5939294117647065,0.09344244781885977,0.036023512203167025
G4,static,sphericity,T0,,response_state,0,69,69,1,0.7236755571793936,0.6639476828456086,0.4298955053434961,0.05657448961957021,0.07325557182203381,0.09795292280995459,0.252134906028663,0.009551400119362088,0.002988894693563584,0.31292738825846655
G4,static,sphericity,T1,,response_state,0,69,69,1,0.6196200219218123,0.5421083105382059,0.273591738683749,0.07053751259774592,0.09233261412799867,0.10841036216592653,0.14830453211954223,0.0119088456481937,0.001908880072810928,0.16029094080167725
G4,static,sphericity,T2,,response_state,0,69,69,1,0.23511143587869934,0.18227626855302118,-0.014062200007301406,0.09472712718140718,0.12221420731659753,0.12148220249290753,-0.006025613700350354,0.014945793388103904,0.002383940314343036,0.15950577212184214
G4,static,sphericity,T3,,response_state,0,69,69,1,0.3266350018268177,0.2954397110283417,0.01951850685152612,0.11644223226210818,0.14741762093850144,0.15044979675797482,0.02015407055917243,0.022490523982604337,0.006325762243784954,0.2812634444923435
