comparison_id,family,estimand,analysis_population,timing,reference_model,reference_spatial,candidate_model,candidate_spatial,metric,higher_is_better,reference_value,candidate_value,delta_candidate_minus_reference,ci_level,ci_low,ci_high,bootstrap_seed,bootstrap_replicates,valid_bootstrap_replicates,n_paired,positive,inference_scope
beyond_ftv:211bc51d6581,beyond_ftv,clinical_FTV_foundation_minus_clinical_FTV,radiomics_complete_case_375,T0,clinical_ftv,TABULAR,dino_vitb16_imagenet1k_mri_clinical_ftv,GLOBAL,auprc,True,0.48453658821068,0.39608436523201923,-0.08845222297866079,0.95,-0.17615995884822935,-0.0024008992262588053,2026,5000,5000,375,110,descriptive paired outer-fold OOF patient bootstrap; not confirmatory and not used for model or checkpoint selection
beyond_ftv:211bc51d6581,beyond_ftv,clinical_FTV_foundation_minus_clinical_FTV,radiomics_complete_case_375,T0,clinical_ftv,TABULAR,dino_vitb16_imagenet1k_mri_clinical_ftv,GLOBAL,auroc,True,0.6796397941680961,0.5878216123499144,-0.09181818181818169,0.95,-0.15515955865171316,-0.029029345394136662,2026,5000,5000,375,110,descriptive paired outer-fold OOF patient bootstrap; not confirmatory and not used for model or checkpoint selection
beyond_ftv:211bc51d6581,beyond_ftv,clinical_FTV_foundation_minus_clinical_FTV,radiomics_complete_case_375,T0,clinical_ftv,TABULAR,dino_vitb16_imagenet1k_mri_clinical_ftv,GLOBAL,brier,False,0.23420306813845543,0.2683591178695939,0.03415604973113845,0.95,0.008440971229705323,0.06086268190036406,2026,5000,5000,375,110,descriptive paired outer-fold OOF patient bootstrap; not confirmatory and not used for model or checkpoint selection
beyond_ftv:b5f177f7d0ef,beyond_ftv,clinical_FTV_foundation_minus_clinical_FTV,radiomics_complete_case_375,T0,clinical_ftv,TABULAR,dino_vitb16_imagenet1k_mri_clinical_ftv,LOCAL,auprc,True,0.48453658821068,0.38791435318345635,-0.09662223502722367,0.95,-0.18658997942346342,0.0035938877320075154,2026,5000,5000,375,110,descriptive paired outer-fold OOF patient bootstrap; not confirmatory and not used for model or checkpoint selection
beyond_ftv:b5f177f7d0ef,beyond_ftv,clinical_FTV_foundation_minus_clinical_FTV,radiomics_complete_case_375,T0,clinical_ftv,TABULAR,dino_vitb16_imagenet1k_mri_clinical_ftv,LOCAL,auroc,True,0.6796397941680961,0.6054545454545455,-0.07418524871355059,0.95,-0.140999410780114,-0.00369766249954941,2026,5000,5000,375,110,descriptive paired outer-fold OOF patient bootstrap; not confirmatory and not used for model or checkpoint selection
beyond_ftv:b5f177f7d0ef,beyond_ftv,clinical_FTV_foundation_minus_clinical_FTV,radiomics_complete_case_375,T0,clinical_ftv,TABULAR,dino_vitb16_imagenet1k_mri_clinical_ftv,LOCAL,brier,False,0.23420306813845543,0.26092390576233804,0.02672083762388261,0.95,0.0025410066498138713,0.05103991598804694,2026,5000,5000,375,110,descriptive paired outer-fold OOF patient bootstrap; not confirmatory and not used for model or checkpoint selection
beyond_ftv:6ccbdddb9d6c,beyond_ftv,clinical_FTV_foundation_minus_clinical_FTV,radiomics_complete_case_375,T0,clinical_ftv,TABULAR,medicalnet_resnet50_3dseg8_mri_clinical_ftv,GLOBAL,auprc,True,0.48453658821068,0.4123215286585768,-0.07221505955210322,0.95,-0.16878283649843265,0.019225880470351567,2026,5000,5000,375,110,descriptive paired outer-fold OOF patient bootstrap; not confirmatory and not used for model or checkpoint selection
beyond_ftv:6ccbdddb9d6c,beyond_ftv,clinical_FTV_foundation_minus_clinical_FTV,radiomics_complete_case_375,T0,clinical_ftv,TABULAR,medicalnet_resnet50_3dseg8_mri_clinical_ftv,GLOBAL,auroc,True,0.6796397941680961,0.621663807890223,-0.05797598627787304,0.95,-0.12031836629147487,0.0072526470645595765,2026,5000,5000,375,110,descriptive paired outer-fold OOF patient bootstrap; not confirmatory and not used for model or checkpoint selection
beyond_ftv:6ccbdddb9d6c,beyond_ftv,clinical_FTV_foundation_minus_clinical_FTV,radiomics_complete_case_375,T0,clinical_ftv,TABULAR,medicalnet_resnet50_3dseg8_mri_clinical_ftv,GLOBAL,brier,False,0.23420306813845543,0.24432715445870834,0.010124086320252912,0.95,-0.009911067501620635,0.02977324851657077,2026,5000,5000,375,110,descriptive paired outer-fold OOF patient bootstrap; not confirmatory and not used for model or checkpoint selection
beyond_ftv:91ab093ef93f,beyond_ftv,clinical_FTV_foundation_minus_clinical_FTV,radiomics_complete_case_375,T0,clinical_ftv,TABULAR,medicalnet_resnet50_3dseg8_mri_clinical_ftv,LOCAL,auprc,True,0.48453658821068,0.4249297488297642,-0.05960683938091582,0.95,-0.14273450845846997,0.028366025330163906,2026,5000,5000,375,110,descriptive paired outer-fold OOF patient bootstrap; not confirmatory and not used for model or checkpoint selection
beyond_ftv:91ab093ef93f,beyond_ftv,clinical_FTV_foundation_minus_clinical_FTV,radiomics_complete_case_375,T0,clinical_ftv,TABULAR,medicalnet_resnet50_3dseg8_mri_clinical_ftv,LOCAL,auroc,True,0.6796397941680961,0.6479245283018867,-0.03171526586620932,0.95,-0.09100201765882598,0.02929175193179036,2026,5000,5000,375,110,descriptive paired outer-fold OOF patient bootstrap; not confirmatory and not used for model or checkpoint selection
beyond_ftv:91ab093ef93f,beyond_ftv,clinical_FTV_foundation_minus_clinical_FTV,radiomics_complete_case_375,T0,clinical_ftv,TABULAR,medicalnet_resnet50_3dseg8_mri_clinical_ftv,LOCAL,brier,False,0.23420306813845543,0.2451575280452957,0.01095445990684027,0.95,-0.0062747847717750035,0.028364219996270437,2026,5000,5000,375,110,descriptive paired outer-fold OOF patient bootstrap; not confirmatory and not used for model or checkpoint selection
beyond_ftv:196febb128cd,beyond_ftv,clinical_FTV_foundation_minus_clinical_FTV,radiomics_complete_case_375,T0-T1,clinical_ftv,TABULAR,dino_vitb16_imagenet1k_mri_clinical_ftv,GLOBAL,auprc,True,0.5506750319989909,0.33326686328381094,-0.21740816871517998,0.95,-0.3046784268450844,-0.1323445615816531,2026,5000,5000,375,110,descriptive paired outer-fold OOF patient bootstrap; not confirmatory and not used for model or checkpoint selection
beyond_ftv:196febb128cd,beyond_ftv,clinical_FTV_foundation_minus_clinical_FTV,radiomics_complete_case_375,T0-T1,clinical_ftv,TABULAR,dino_vitb16_imagenet1k_mri_clinical_ftv,GLOBAL,auroc,True,0.7247341337907376,0.5516295025728988,-0.1731046312178388,0.95,-0.24598726374718594,-0.10257467506678607,2026,5000,5000,375,110,descriptive paired outer-fold OOF patient bootstrap; not confirmatory and not used for model or checkpoint selection
beyond_ftv:196febb128cd,beyond_ftv,clinical_FTV_foundation_minus_clinical_FTV,radiomics_complete_case_375,T0-T1,clinical_ftv,TABULAR,dino_vitb16_imagenet1k_mri_clinical_ftv,GLOBAL,brier,False,0.21502450481039986,0.30303641946147186,0.088011914651072,0.95,0.05386393216575327,0.12261695080601813,2026,5000,5000,375,110,descriptive paired outer-fold OOF patient bootstrap; not confirmatory and not used for model or checkpoint selection
beyond_ftv:a35e8ae4e163,beyond_ftv,clinical_FTV_foundation_minus_clinical_FTV,radiomics_complete_case_375,T0-T1,clinical_ftv,TABULAR,dino_vitb16_imagenet1k_mri_clinical_ftv,LOCAL,auprc,True,0.5506750319989909,0.39762937828792877,-0.15304565371106216,0.95,-0.23989848014120177,-0.06571171735320007,2026,5000,5000,375,110,descriptive paired outer-fold OOF patient bootstrap; not confirmatory and not used for model or checkpoint selection
beyond_ftv:a35e8ae4e163,beyond_ftv,clinical_FTV_foundation_minus_clinical_FTV,radiomics_complete_case_375,T0-T1,clinical_ftv,TABULAR,dino_vitb16_imagenet1k_mri_clinical_ftv,LOCAL,auroc,True,0.7247341337907376,0.6219554030874785,-0.10277873070325905,0.95,-0.17140577135758459,-0.03352788682962019,2026,5000,5000,375,110,descriptive paired outer-fold OOF patient bootstrap; not confirmatory and not used for model or checkpoint selection
beyond_ftv:a35e8ae4e163,beyond_ftv,clinical_FTV_foundation_minus_clinical_FTV,radiomics_complete_case_375,T0-T1,clinical_ftv,TABULAR,dino_vitb16_imagenet1k_mri_clinical_ftv,LOCAL,brier,False,0.21502450481039986,0.2560864759044449,0.041061971094045024,0.95,0.013547952151076853,0.07027495991442823,2026,5000,5000,375,110,descriptive paired outer-fold OOF patient bootstrap; not confirmatory and not used for model or checkpoint selection
beyond_ftv:de876b68af6d,beyond_ftv,clinical_FTV_foundation_minus_clinical_FTV,radiomics_complete_case_375,T0-T1,clinical_ftv,TABULAR,medicalnet_resnet50_3dseg8_mri_clinical_ftv,GLOBAL,auprc,True,0.5506750319989909,0.3756081639652038,-0.17506686803378713,0.95,-0.27314426199186187,-0.07435348286348627,2026,5000,5000,375,110,descriptive paired outer-fold OOF patient bootstrap; not confirmatory and not used for model or checkpoint selection
beyond_ftv:de876b68af6d,beyond_ftv,clinical_FTV_foundation_minus_clinical_FTV,radiomics_complete_case_375,T0-T1,clinical_ftv,TABULAR,medicalnet_resnet50_3dseg8_mri_clinical_ftv,GLOBAL,auroc,True,0.7247341337907376,0.5542024013722127,-0.17053173241852493,0.95,-0.24736214349608995,-0.09322367753289629,2026,5000,5000,375,110,descriptive paired outer-fold OOF patient bootstrap; not confirmatory and not used for model or checkpoint selection
beyond_ftv:de876b68af6d,beyond_ftv,clinical_FTV_foundation_minus_clinical_FTV,radiomics_complete_case_375,T0-T1,clinical_ftv,TABULAR,medicalnet_resnet50_3dseg8_mri_clinical_ftv,GLOBAL,brier,False,0.21502450481039986,0.25943562407490856,0.04441111926450869,0.95,0.018857599066875664,0.07032332703884127,2026,5000,5000,375,110,descriptive paired outer-fold OOF patient bootstrap; not confirmatory and not used for model or checkpoint selection
beyond_ftv:941ac2a8ec5f,beyond_ftv,clinical_FTV_foundation_minus_clinical_FTV,radiomics_complete_case_375,T0-T1,clinical_ftv,TABULAR,medicalnet_resnet50_3dseg8_mri_clinical_ftv,LOCAL,auprc,True,0.5506750319989909,0.3666774131367827,-0.18399761886220822,0.95,-0.2799314108826916,-0.08351812968553811,2026,5000,5000,375,110,descriptive paired outer-fold OOF patient bootstrap; not confirmatory and not used for model or checkpoint selection
beyond_ftv:941ac2a8ec5f,beyond_ftv,clinical_FTV_foundation_minus_clinical_FTV,radiomics_complete_case_375,T0-T1,clinical_ftv,TABULAR,medicalnet_resnet50_3dseg8_mri_clinical_ftv,LOCAL,auroc,True,0.7247341337907376,0.579639794168096,-0.14509433962264162,0.95,-0.22168226593965698,-0.06618504942414045,2026,5000,5000,375,110,descriptive paired outer-fold OOF patient bootstrap; not confirmatory and not used for model or checkpoint selection
beyond_ftv:941ac2a8ec5f,beyond_ftv,clinical_FTV_foundation_minus_clinical_FTV,radiomics_complete_case_375,T0-T1,clinical_ftv,TABULAR,medicalnet_resnet50_3dseg8_mri_clinical_ftv,LOCAL,brier,False,0.21502450481039986,0.26238251756017666,0.0473580127497768,0.95,0.019930194344462294,0.07483647453444264,2026,5000,5000,375,110,descriptive paired outer-fold OOF patient bootstrap; not confirmatory and not used for model or checkpoint selection
beyond_ftv:0eb3b35803c0,beyond_ftv,clinical_FTV_foundation_minus_clinical_FTV,radiomics_complete_case_375,T0-T2,clinical_ftv,TABULAR,dino_vitb16_imagenet1k_mri_clinical_ftv,GLOBAL,auprc,True,0.5781705841259126,0.35942693365251,-0.2187436504734026,0.95,-0.32134467443916076,-0.12916005391161692,2026,5000,5000,375,110,descriptive paired outer-fold OOF patient bootstrap; not confirmatory and not used for model or checkpoint selection
beyond_ftv:0eb3b35803c0,beyond_ftv,clinical_FTV_foundation_minus_clinical_FTV,radiomics_complete_case_375,T0-T2,clinical_ftv,TABULAR,dino_vitb16_imagenet1k_mri_clinical_ftv,GLOBAL,auroc,True,0.772967409948542,0.5132418524871355,-0.25972555746140646,0.95,-0.33833711709216,-0.18251608889803608,2026,5000,5000,375,110,descriptive paired outer-fold OOF patient bootstrap; not confirmatory and not used for model or checkpoint selection
beyond_ftv:0eb3b35803c0,beyond_ftv,clinical_FTV_foundation_minus_clinical_FTV,radiomics_complete_case_375,T0-T2,clinical_ftv,TABULAR,dino_vitb16_imagenet1k_mri_clinical_ftv,GLOBAL,brier,False,0.194945476386185,0.3542834892960043,0.15933801290981928,0.95,0.1164749303501723,0.203329051601583,2026,5000,5000,375,110,descriptive paired outer-fold OOF patient bootstrap; not confirmatory and not used for model or checkpoint selection
beyond_ftv:c0ab4f365ff9,beyond_ftv,clinical_FTV_foundation_minus_clinical_FTV,radiomics_complete_case_375,T0-T2,clinical_ftv,TABULAR,dino_vitb16_imagenet1k_mri_clinical_ftv,LOCAL,auprc,True,0.5781705841259126,0.42438532110326693,-0.15378526302264567,0.95,-0.2552618602531858,-0.05444544060122693,2026,5000,5000,375,110,descriptive paired outer-fold OOF patient bootstrap; not confirmatory and not used for model or checkpoint selection
beyond_ftv:c0ab4f365ff9,beyond_ftv,clinical_FTV_foundation_minus_clinical_FTV,radiomics_complete_case_375,T0-T2,clinical_ftv,TABULAR,dino_vitb16_imagenet1k_mri_clinical_ftv,LOCAL,auroc,True,0.772967409948542,0.6232590051457976,-0.1497084048027444,0.95,-0.2245094673700946,-0.07640561497710316,2026,5000,5000,375,110,descriptive paired outer-fold OOF patient bootstrap; not confirmatory and not used for model or checkpoint selection
beyond_ftv:c0ab4f365ff9,beyond_ftv,clinical_FTV_foundation_minus_clinical_FTV,radiomics_complete_case_375,T0-T2,clinical_ftv,TABULAR,dino_vitb16_imagenet1k_mri_clinical_ftv,LOCAL,brier,False,0.194945476386185,0.24844645065680546,0.05350097427062045,0.95,0.022869371226828538,0.08413510929371026,2026,5000,5000,375,110,descriptive paired outer-fold OOF patient bootstrap; not confirmatory and not used for model or checkpoint selection
beyond_ftv:d7648cd5ecb1,beyond_ftv,clinical_FTV_foundation_minus_clinical_FTV,radiomics_complete_case_375,T0-T2,clinical_ftv,TABULAR,medicalnet_resnet50_3dseg8_mri_clinical_ftv,GLOBAL,auprc,True,0.5781705841259126,0.4089346112859673,-0.1692359728399453,0.95,-0.27166143857027686,-0.0713422528393918,2026,5000,5000,375,110,descriptive paired outer-fold OOF patient bootstrap; not confirmatory and not used for model or checkpoint selection
beyond_ftv:d7648cd5ecb1,beyond_ftv,clinical_FTV_foundation_minus_clinical_FTV,radiomics_complete_case_375,T0-T2,clinical_ftv,TABULAR,medicalnet_resnet50_3dseg8_mri_clinical_ftv,GLOBAL,auroc,True,0.772967409948542,0.571869639794168,-0.2010977701543739,0.95,-0.272809892367512,-0.12867629814126727,2026,5000,5000,375,110,descriptive paired outer-fold OOF patient bootstrap; not confirmatory and not used for model or checkpoint selection
beyond_ftv:d7648cd5ecb1,beyond_ftv,clinical_FTV_foundation_minus_clinical_FTV,radiomics_complete_case_375,T0-T2,clinical_ftv,TABULAR,medicalnet_resnet50_3dseg8_mri_clinical_ftv,GLOBAL,brier,False,0.194945476386185,0.25217463595551814,0.05722915956933314,0.95,0.029110469582624476,0.08522908655855752,2026,5000,5000,375,110,descriptive paired outer-fold OOF patient bootstrap; not confirmatory and not used for model or checkpoint selection
beyond_ftv:0dd3f92286b1,beyond_ftv,clinical_FTV_foundation_minus_clinical_FTV,radiomics_complete_case_375,T0-T2,clinical_ftv,TABULAR,medicalnet_resnet50_3dseg8_mri_clinical_ftv,LOCAL,auprc,True,0.5781705841259126,0.35116663976839324,-0.22700394435751936,0.95,-0.32605341222765644,-0.1324619882209532,2026,5000,5000,375,110,descriptive paired outer-fold OOF patient bootstrap; not confirmatory and not used for model or checkpoint selection
beyond_ftv:0dd3f92286b1,beyond_ftv,clinical_FTV_foundation_minus_clinical_FTV,radiomics_complete_case_375,T0-T2,clinical_ftv,TABULAR,medicalnet_resnet50_3dseg8_mri_clinical_ftv,LOCAL,auroc,True,0.772967409948542,0.5690051457975985,-0.20396226415094343,0.95,-0.2806923018628747,-0.12706846899487043,2026,5000,5000,375,110,descriptive paired outer-fold OOF patient bootstrap; not confirmatory and not used for model or checkpoint selection
beyond_ftv:0dd3f92286b1,beyond_ftv,clinical_FTV_foundation_minus_clinical_FTV,radiomics_complete_case_375,T0-T2,clinical_ftv,TABULAR,medicalnet_resnet50_3dseg8_mri_clinical_ftv,LOCAL,brier,False,0.194945476386185,0.28137176310047696,0.08642628671429195,0.95,0.05052278753015514,0.12161794615661642,2026,5000,5000,375,110,descriptive paired outer-fold OOF patient bootstrap; not confirmatory and not used for model or checkpoint selection
clinical_gain:b4bb38bc33db,clinical_gain,clinical_plus_MRI_minus_clinical,full_808,T0,clinical_only,NONE,GAP0_mri_clinical,GLOBAL,auprc,True,0.5575141168308745,0.5658561014786719,0.008341984647797451,0.95,-0.041419912005057,0.057319598717117594,2026,5000,5000,808,275,descriptive paired outer-fold OOF patient bootstrap; not confirmatory and not used for model or checkpoint selection
clinical_gain:b4bb38bc33db,clinical_gain,clinical_plus_MRI_minus_clinical,full_808,T0,clinical_only,NONE,GAP0_mri_clinical,GLOBAL,auroc,True,0.709155722326454,0.7201978509295582,0.011042128603104273,0.95,-0.013497275958753116,0.03565713648087647,2026,5000,5000,808,275,descriptive paired outer-fold OOF patient bootstrap; not confirmatory and not used for model or checkpoint selection
clinical_gain:b4bb38bc33db,clinical_gain,clinical_plus_MRI_minus_clinical,full_808,T0,clinical_only,NONE,GAP0_mri_clinical,GLOBAL,brier,False,0.22379953897415064,0.21827775992754025,-0.005521779046610387,0.95,-0.013112146647260185,0.0023892144118004633,2026,5000,5000,808,275,descriptive paired outer-fold OOF patient bootstrap; not confirmatory and not used for model or checkpoint selection
clinical_gain:fb1e2a2a0e01,clinical_gain,clinical_plus_MRI_minus_clinical,full_808,T0,clinical_only,NONE,LOCAL0_mri_clinical,LOCAL,auprc,True,0.5575141168308745,0.5286197850377259,-0.028894331793148598,0.95,-0.0811545359503124,0.024179570027272296,2026,5000,5000,808,275,descriptive paired outer-fold OOF patient bootstrap; not confirmatory and not used for model or checkpoint selection
clinical_gain:fb1e2a2a0e01,clinical_gain,clinical_plus_MRI_minus_clinical,full_808,T0,clinical_only,NONE,LOCAL0_mri_clinical,LOCAL,auroc,True,0.709155722326454,0.6879617943032577,-0.021193928023196307,0.95,-0.05023485018747464,0.007538343485250145,2026,5000,5000,808,275,descriptive paired outer-fold OOF patient bootstrap; not confirmatory and not used for model or checkpoint selection
clinical_gain:fb1e2a2a0e01,clinical_gain,clinical_plus_MRI_minus_clinical,full_808,T0,clinical_only,NONE,LOCAL0_mri_clinical,LOCAL,brier,False,0.22379953897415064,0.22546691552300624,0.001667376548855598,0.95,-0.0073774596339833695,0.010746990940066904,2026,5000,5000,808,275,descriptive paired outer-fold OOF patient bootstrap; not confirmatory and not used for model or checkpoint selection
clinical_gain:c75bab6e0258,clinical_gain,clinical_plus_MRI_minus_clinical,full_808,T0,clinical_only,NONE,dino_vitb16_imagenet1k_mri_clinical,GLOBAL,auprc,True,0.5575141168308745,0.5291140287552438,-0.02840008807563066,0.95,-0.07156084266568777,0.015468882940774581,2026,5000,5000,808,275,descriptive paired outer-fold OOF patient bootstrap; not confirmatory and not used for model or checkpoint selection
clinical_gain:c75bab6e0258,clinical_gain,clinical_plus_MRI_minus_clinical,full_808,T0,clinical_only,NONE,dino_vitb16_imagenet1k_mri_clinical,GLOBAL,auroc,True,0.709155722326454,0.7028006140201263,-0.006355108306327684,0.95,-0.03278710863812278,0.01956108922288014,2026,5000,5000,808,275,descriptive paired outer-fold OOF patient bootstrap; not confirmatory and not used for model or checkpoint selection
clinical_gain:c75bab6e0258,clinical_gain,clinical_plus_MRI_minus_clinical,full_808,T0,clinical_only,NONE,dino_vitb16_imagenet1k_mri_clinical,GLOBAL,brier,False,0.22379953897415064,0.22759577541108159,0.0037962364369309443,0.95,-0.0026207754650529407,0.010174721924969035,2026,5000,5000,808,275,descriptive paired outer-fold OOF patient bootstrap; not confirmatory and not used for model or checkpoint selection
clinical_gain:5c1db8347fb0,clinical_gain,clinical_plus_MRI_minus_clinical,full_808,T0,clinical_only,NONE,dino_vitb16_imagenet1k_mri_clinical,LOCAL,auprc,True,0.5575141168308745,0.4980088051221554,-0.05950531170871909,0.95,-0.11256439285696594,-0.009352632681706049,2026,5000,5000,808,275,descriptive paired outer-fold OOF patient bootstrap; not confirmatory and not used for model or checkpoint selection
clinical_gain:5c1db8347fb0,clinical_gain,clinical_plus_MRI_minus_clinical,full_808,T0,clinical_only,NONE,dino_vitb16_imagenet1k_mri_clinical,LOCAL,auroc,True,0.709155722326454,0.6685724032065496,-0.040583319119904315,0.95,-0.07451879967643583,-0.008869097872762991,2026,5000,5000,808,275,descriptive paired outer-fold OOF patient bootstrap; not confirmatory and not used for model or checkpoint selection
clinical_gain:5c1db8347fb0,clinical_gain,clinical_plus_MRI_minus_clinical,full_808,T0,clinical_only,NONE,dino_vitb16_imagenet1k_mri_clinical,LOCAL,brier,False,0.22379953897415064,0.23686096139464138,0.013061422420490743,0.95,0.0023169594112161045,0.024664907941709602,2026,5000,5000,808,275,descriptive paired outer-fold OOF patient bootstrap; not confirmatory and not used for model or checkpoint selection
clinical_gain:b11d88085537,clinical_gain,clinical_plus_MRI_minus_clinical,full_808,T0,clinical_only,NONE,medicalnet_resnet50_3dseg8_mri_clinical,GLOBAL,auprc,True,0.5575141168308745,0.4817645688492842,-0.07574954798159028,0.95,-0.13192168868697832,-0.015999358379207105,2026,5000,5000,808,275,descriptive paired outer-fold OOF patient bootstrap; not confirmatory and not used for model or checkpoint selection
clinical_gain:b11d88085537,clinical_gain,clinical_plus_MRI_minus_clinical,full_808,T0,clinical_only,NONE,medicalnet_resnet50_3dseg8_mri_clinical,GLOBAL,auroc,True,0.709155722326454,0.6631519699812382,-0.04600375234521581,0.95,-0.08457700136984915,-0.009930783116287048,2026,5000,5000,808,275,descriptive paired outer-fold OOF patient bootstrap; not confirmatory and not used for model or checkpoint selection
clinical_gain:b11d88085537,clinical_gain,clinical_plus_MRI_minus_clinical,full_808,T0,clinical_only,NONE,medicalnet_resnet50_3dseg8_mri_clinical,GLOBAL,brier,False,0.22379953897415064,0.24817296697414085,0.024373427999990205,0.95,0.009864906889226433,0.040155763619766534,2026,5000,5000,808,275,descriptive paired outer-fold OOF patient bootstrap; not confirmatory and not used for model or checkpoint selection
clinical_gain:7c525284cfd2,clinical_gain,clinical_plus_MRI_minus_clinical,full_808,T0,clinical_only,NONE,medicalnet_resnet50_3dseg8_mri_clinical,LOCAL,auprc,True,0.5575141168308745,0.5085759444736089,-0.04893817235726561,0.95,-0.09390237220124802,-0.0006214954659904836,2026,5000,5000,808,275,descriptive paired outer-fold OOF patient bootstrap; not confirmatory and not used for model or checkpoint selection
clinical_gain:7c525284cfd2,clinical_gain,clinical_plus_MRI_minus_clinical,full_808,T0,clinical_only,NONE,medicalnet_resnet50_3dseg8_mri_clinical,LOCAL,auroc,True,0.709155722326454,0.703141736312468,-0.00601398601398595,0.95,-0.03571634571113401,0.02403700642757091,2026,5000,5000,808,275,descriptive paired outer-fold OOF patient bootstrap; not confirmatory and not used for model or checkpoint selection
clinical_gain:7c525284cfd2,clinical_gain,clinical_plus_MRI_minus_clinical,full_808,T0,clinical_only,NONE,medicalnet_resnet50_3dseg8_mri_clinical,LOCAL,brier,False,0.22379953897415064,0.2313882031434349,0.007588664169284248,0.95,0.00037460179964352524,0.015386057513245713,2026,5000,5000,808,275,descriptive paired outer-fold OOF patient bootstrap; not confirmatory and not used for model or checkpoint selection
clinical_gain:de58d508b60e,clinical_gain,clinical_plus_MRI_minus_clinical,full_808,T0-T1,clinical_only,NONE,GAP0_mri_clinical,GLOBAL,auprc,True,0.5575141168308745,0.5608021496917153,0.003288032860840784,0.95,-0.04185441928231485,0.04905666590696908,2026,5000,5000,808,275,descriptive paired outer-fold OOF patient bootstrap; not confirmatory and not used for model or checkpoint selection
clinical_gain:de58d508b60e,clinical_gain,clinical_plus_MRI_minus_clinical,full_808,T0-T1,clinical_only,NONE,GAP0_mri_clinical,GLOBAL,auroc,True,0.709155722326454,0.7149718574108818,0.005816135084427798,0.95,-0.01667638940795413,0.028892183738450854,2026,5000,5000,808,275,descriptive paired outer-fold OOF patient bootstrap; not confirmatory and not used for model or checkpoint selection
clinical_gain:de58d508b60e,clinical_gain,clinical_plus_MRI_minus_clinical,full_808,T0-T1,clinical_only,NONE,GAP0_mri_clinical,GLOBAL,brier,False,0.22379953897415064,0.21766918245027336,-0.006130356523877278,0.95,-0.013657377722714572,0.0014243180636794733,2026,5000,5000,808,275,descriptive paired outer-fold OOF patient bootstrap; not confirmatory and not used for model or checkpoint selection
clinical_gain:6a828e900674,clinical_gain,clinical_plus_MRI_minus_clinical,full_808,T0-T1,clinical_only,NONE,LOCAL0_mri_clinical,LOCAL,auprc,True,0.5575141168308745,0.5223576094865131,-0.035156507344361376,0.95,-0.08092064372268996,0.013058716663663662,2026,5000,5000,808,275,descriptive paired outer-fold OOF patient bootstrap; not confirmatory and not used for model or checkpoint selection
clinical_gain:6a828e900674,clinical_gain,clinical_plus_MRI_minus_clinical,full_808,T0-T1,clinical_only,NONE,LOCAL0_mri_clinical,LOCAL,auroc,True,0.709155722326454,0.6838956165785434,-0.0252601057479106,0.95,-0.054807515462004935,0.00490189947377001,2026,5000,5000,808,275,descriptive paired outer-fold OOF patient bootstrap; not confirmatory and not used for model or checkpoint selection
clinical_gain:6a828e900674,clinical_gain,clinical_plus_MRI_minus_clinical,full_808,T0-T1,clinical_only,NONE,LOCAL0_mri_clinical,LOCAL,brier,False,0.22379953897415064,0.2283950833156223,0.0045955443414716635,0.95,-0.003768267580314092,0.013028144655610599,2026,5000,5000,808,275,descriptive paired outer-fold OOF patient bootstrap; not confirmatory and not used for model or checkpoint selection
clinical_gain:5714e6470833,clinical_gain,clinical_plus_MRI_minus_clinical,full_808,T0-T1,clinical_only,NONE,dino_vitb16_imagenet1k_mri_clinical,GLOBAL,auprc,True,0.5575141168308745,0.5441393846430364,-0.013374732187838134,0.95,-0.0594388086975354,0.03280953872665577,2026,5000,5000,808,275,descriptive paired outer-fold OOF patient bootstrap; not confirmatory and not used for model or checkpoint selection
clinical_gain:5714e6470833,clinical_gain,clinical_plus_MRI_minus_clinical,full_808,T0-T1,clinical_only,NONE,dino_vitb16_imagenet1k_mri_clinical,GLOBAL,auroc,True,0.709155722326454,0.7110830632781853,0.0019273409517313045,0.95,-0.02575339582556269,0.028660425548045168,2026,5000,5000,808,275,descriptive paired outer-fold OOF patient bootstrap; not confirmatory and not used for model or checkpoint selection
clinical_gain:5714e6470833,clinical_gain,clinical_plus_MRI_minus_clinical,full_808,T0-T1,clinical_only,NONE,dino_vitb16_imagenet1k_mri_clinical,GLOBAL,brier,False,0.22379953897415064,0.2284750185126035,0.004675479538452848,0.95,-0.0021351376987407203,0.011355302808947476,2026,5000,5000,808,275,descriptive paired outer-fold OOF patient bootstrap; not confirmatory and not used for model or checkpoint selection
clinical_gain:6f75582945cb,clinical_gain,clinical_plus_MRI_minus_clinical,full_808,T0-T1,clinical_only,NONE,dino_vitb16_imagenet1k_mri_clinical,LOCAL,auprc,True,0.5575141168308745,0.4878237394702088,-0.06969037736066569,0.95,-0.12354036831672506,-0.019142281190625852,2026,5000,5000,808,275,descriptive paired outer-fold OOF patient bootstrap; not confirmatory and not used for model or checkpoint selection
clinical_gain:6f75582945cb,clinical_gain,clinical_plus_MRI_minus_clinical,full_808,T0-T1,clinical_only,NONE,dino_vitb16_imagenet1k_mri_clinical,LOCAL,auroc,True,0.709155722326454,0.6798157939621354,-0.029339928364318535,0.95,-0.06268651867636138,0.004117597030247487,2026,5000,5000,808,275,descriptive paired outer-fold OOF patient bootstrap; not confirmatory and not used for model or checkpoint selection
clinical_gain:6f75582945cb,clinical_gain,clinical_plus_MRI_minus_clinical,full_808,T0-T1,clinical_only,NONE,dino_vitb16_imagenet1k_mri_clinical,LOCAL,brier,False,0.22379953897415064,0.23161781378338686,0.00781827480923622,0.95,-0.001922691032880268,0.017961292458798503,2026,5000,5000,808,275,descriptive paired outer-fold OOF patient bootstrap; not confirmatory and not used for model or checkpoint selection
clinical_gain:a41de5496e43,clinical_gain,clinical_plus_MRI_minus_clinical,full_808,T0-T1,clinical_only,NONE,medicalnet_resnet50_3dseg8_mri_clinical,GLOBAL,auprc,True,0.5575141168308745,0.5187369612301395,-0.038777155600735025,0.95,-0.08253159830061266,0.009264389366023997,2026,5000,5000,808,275,descriptive paired outer-fold OOF patient bootstrap; not confirmatory and not used for model or checkpoint selection
clinical_gain:a41de5496e43,clinical_gain,clinical_plus_MRI_minus_clinical,full_808,T0-T1,clinical_only,NONE,medicalnet_resnet50_3dseg8_mri_clinical,GLOBAL,auroc,True,0.709155722326454,0.7064949684461881,-0.002660753880265876,0.95,-0.028495753960154926,0.023064340586304403,2026,5000,5000,808,275,descriptive paired outer-fold OOF patient bootstrap; not confirmatory and not used for model or checkpoint selection
clinical_gain:a41de5496e43,clinical_gain,clinical_plus_MRI_minus_clinical,full_808,T0-T1,clinical_only,NONE,medicalnet_resnet50_3dseg8_mri_clinical,GLOBAL,brier,False,0.22379953897415064,0.22948559192453882,0.005686052950388182,0.95,-0.0008355737120251819,0.012284218897048808,2026,5000,5000,808,275,descriptive paired outer-fold OOF patient bootstrap; not confirmatory and not used for model or checkpoint selection
clinical_gain:3169367c3d31,clinical_gain,clinical_plus_MRI_minus_clinical,full_808,T0-T1,clinical_only,NONE,medicalnet_resnet50_3dseg8_mri_clinical,LOCAL,auprc,True,0.5575141168308745,0.5238668912654798,-0.03364722556539468,0.95,-0.07980818457659877,0.018693401976645246,2026,5000,5000,808,275,descriptive paired outer-fold OOF patient bootstrap; not confirmatory and not used for model or checkpoint selection
clinical_gain:3169367c3d31,clinical_gain,clinical_plus_MRI_minus_clinical,full_808,T0-T1,clinical_only,NONE,medicalnet_resnet50_3dseg8_mri_clinical,LOCAL,auroc,True,0.709155722326454,0.7104349309227358,0.0012792085962818334,0.95,-0.025540238484025594,0.027394809773086587,2026,5000,5000,808,275,descriptive paired outer-fold OOF patient bootstrap; not confirmatory and not used for model or checkpoint selection
clinical_gain:3169367c3d31,clinical_gain,clinical_plus_MRI_minus_clinical,full_808,T0-T1,clinical_only,NONE,medicalnet_resnet50_3dseg8_mri_clinical,LOCAL,brier,False,0.22379953897415064,0.22915739223186116,0.005357853257710515,0.95,-0.0014314667596995484,0.012325093085838092,2026,5000,5000,808,275,descriptive paired outer-fold OOF patient bootstrap; not confirmatory and not used for model or checkpoint selection
clinical_gain:f49644ff3702,clinical_gain,clinical_plus_MRI_minus_clinical,full_808,T0-T2,clinical_only,NONE,GAP0_mri_clinical,GLOBAL,auprc,True,0.5575141168308745,0.5414664455813767,-0.016047671249497797,0.95,-0.060553853604553946,0.03466490053279512,2026,5000,5000,808,275,descriptive paired outer-fold OOF patient bootstrap; not confirmatory and not used for model or checkpoint selection
clinical_gain:f49644ff3702,clinical_gain,clinical_plus_MRI_minus_clinical,full_808,T0-T2,clinical_only,NONE,GAP0_mri_clinical,GLOBAL,auroc,True,0.709155722326454,0.6964898516118028,-0.012665870714651195,0.95,-0.04243114268390098,0.018357761514167042,2026,5000,5000,808,275,descriptive paired outer-fold OOF patient bootstrap; not confirmatory and not used for model or checkpoint selection
clinical_gain:f49644ff3702,clinical_gain,clinical_plus_MRI_minus_clinical,full_808,T0-T2,clinical_only,NONE,GAP0_mri_clinical,GLOBAL,brier,False,0.22379953897415064,0.22271179322895543,-0.0010877457451952122,0.95,-0.011042132649996617,0.008530119476461203,2026,5000,5000,808,275,descriptive paired outer-fold OOF patient bootstrap; not confirmatory and not used for model or checkpoint selection
clinical_gain:cb614e7102ca,clinical_gain,clinical_plus_MRI_minus_clinical,full_808,T0-T2,clinical_only,NONE,LOCAL0_mri_clinical,LOCAL,auprc,True,0.5575141168308745,0.5076969907913054,-0.049817126039569115,0.95,-0.1022016005670961,0.0023038831899639383,2026,5000,5000,808,275,descriptive paired outer-fold OOF patient bootstrap; not confirmatory and not used for model or checkpoint selection
clinical_gain:cb614e7102ca,clinical_gain,clinical_plus_MRI_minus_clinical,full_808,T0-T2,clinical_only,NONE,LOCAL0_mri_clinical,LOCAL,auroc,True,0.709155722326454,0.6746580249019273,-0.034497697424526685,0.95,-0.06869511119256293,-0.0006280812221892572,2026,5000,5000,808,275,descriptive paired outer-fold OOF patient bootstrap; not confirmatory and not used for model or checkpoint selection
clinical_gain:cb614e7102ca,clinical_gain,clinical_plus_MRI_minus_clinical,full_808,T0-T2,clinical_only,NONE,LOCAL0_mri_clinical,LOCAL,brier,False,0.22379953897415064,0.2333417083176712,0.009542169343520562,0.95,-0.002536979575513009,0.022409320251800965,2026,5000,5000,808,275,descriptive paired outer-fold OOF patient bootstrap; not confirmatory and not used for model or checkpoint selection
clinical_gain:30ab59072156,clinical_gain,clinical_plus_MRI_minus_clinical,full_808,T0-T2,clinical_only,NONE,dino_vitb16_imagenet1k_mri_clinical,GLOBAL,auprc,True,0.5575141168308745,0.5419116629217062,-0.015602453909168257,0.95,-0.06398286352123504,0.031886117332321474,2026,5000,5000,808,275,descriptive paired outer-fold OOF patient bootstrap; not confirmatory and not used for model or checkpoint selection
clinical_gain:30ab59072156,clinical_gain,clinical_plus_MRI_minus_clinical,full_808,T0-T2,clinical_only,NONE,dino_vitb16_imagenet1k_mri_clinical,GLOBAL,auroc,True,0.709155722326454,0.707010063107624,-0.0021456592188299206,0.95,-0.031134354265491958,0.026099044034952727,2026,5000,5000,808,275,descriptive paired outer-fold OOF patient bootstrap; not confirmatory and not used for model or checkpoint selection
clinical_gain:30ab59072156,clinical_gain,clinical_plus_MRI_minus_clinical,full_808,T0-T2,clinical_only,NONE,dino_vitb16_imagenet1k_mri_clinical,GLOBAL,brier,False,0.22379953897415064,0.22875808879652854,0.0049585498223778945,0.95,-0.001993717344380256,0.011894622711497695,2026,5000,5000,808,275,descriptive paired outer-fold OOF patient bootstrap; not confirmatory and not used for model or checkpoint selection
clinical_gain:0b2f11870cff,clinical_gain,clinical_plus_MRI_minus_clinical,full_808,T0-T2,clinical_only,NONE,dino_vitb16_imagenet1k_mri_clinical,LOCAL,auprc,True,0.5575141168308745,0.4984631723732943,-0.05905094445758019,0.95,-0.11542144297407562,-0.004730670622538759,2026,5000,5000,808,275,descriptive paired outer-fold OOF patient bootstrap; not confirmatory and not used for model or checkpoint selection
clinical_gain:0b2f11870cff,clinical_gain,clinical_plus_MRI_minus_clinical,full_808,T0-T2,clinical_only,NONE,dino_vitb16_imagenet1k_mri_clinical,LOCAL,auroc,True,0.709155722326454,0.6721610097219852,-0.03699471260446874,0.95,-0.07277016617319419,-0.0032632747844000324,2026,5000,5000,808,275,descriptive paired outer-fold OOF patient bootstrap; not confirmatory and not used for model or checkpoint selection
clinical_gain:0b2f11870cff,clinical_gain,clinical_plus_MRI_minus_clinical,full_808,T0-T2,clinical_only,NONE,dino_vitb16_imagenet1k_mri_clinical,LOCAL,brier,False,0.22379953897415064,0.2312148123932091,0.007415273419058455,0.95,-0.0027375696705876627,0.018177597201538786,2026,5000,5000,808,275,descriptive paired outer-fold OOF patient bootstrap; not confirmatory and not used for model or checkpoint selection
clinical_gain:d33dfe3067b2,clinical_gain,clinical_plus_MRI_minus_clinical,full_808,T0-T2,clinical_only,NONE,medicalnet_resnet50_3dseg8_mri_clinical,GLOBAL,auprc,True,0.5575141168308745,0.4884712065340868,-0.06904291029678766,0.95,-0.12556693086874088,-0.00786748952413906,2026,5000,5000,808,275,descriptive paired outer-fold OOF patient bootstrap; not confirmatory and not used for model or checkpoint selection
clinical_gain:d33dfe3067b2,clinical_gain,clinical_plus_MRI_minus_clinical,full_808,T0-T2,clinical_only,NONE,medicalnet_resnet50_3dseg8_mri_clinical,GLOBAL,auroc,True,0.709155722326454,0.6741190516800273,-0.03503667064642668,0.95,-0.07061565664607858,-0.0010733197319982713,2026,5000,5000,808,275,descriptive paired outer-fold OOF patient bootstrap; not confirmatory and not used for model or checkpoint selection
clinical_gain:d33dfe3067b2,clinical_gain,clinical_plus_MRI_minus_clinical,full_808,T0-T2,clinical_only,NONE,medicalnet_resnet50_3dseg8_mri_clinical,GLOBAL,brier,False,0.22379953897415064,0.2331992519888285,0.009399713014677846,0.95,-0.002035253908503553,0.02132393297074408,2026,5000,5000,808,275,descriptive paired outer-fold OOF patient bootstrap; not confirmatory and not used for model or checkpoint selection
clinical_gain:cc941b657d2d,clinical_gain,clinical_plus_MRI_minus_clinical,full_808,T0-T2,clinical_only,NONE,medicalnet_resnet50_3dseg8_mri_clinical,LOCAL,auprc,True,0.5575141168308745,0.5182611415097298,-0.03925297532114469,0.95,-0.08650126871168448,0.012230606396085758,2026,5000,5000,808,275,descriptive paired outer-fold OOF patient bootstrap; not confirmatory and not used for model or checkpoint selection
clinical_gain:cc941b657d2d,clinical_gain,clinical_plus_MRI_minus_clinical,full_808,T0-T2,clinical_only,NONE,medicalnet_resnet50_3dseg8_mri_clinical,LOCAL,auroc,True,0.709155722326454,0.703394166808801,-0.005761555517653005,0.95,-0.03256877859875845,0.02067471885811849,2026,5000,5000,808,275,descriptive paired outer-fold OOF patient bootstrap; not confirmatory and not used for model or checkpoint selection
clinical_gain:cc941b657d2d,clinical_gain,clinical_plus_MRI_minus_clinical,full_808,T0-T2,clinical_only,NONE,medicalnet_resnet50_3dseg8_mri_clinical,LOCAL,brier,False,0.22379953897415064,0.22963977570779254,0.005840236733641896,0.95,-0.001039944306190114,0.013014342203172458,2026,5000,5000,808,275,descriptive paired outer-fold OOF patient bootstrap; not confirmatory and not used for model or checkpoint selection
clinical_gain:d696b4edba87,clinical_gain,clinical_plus_MRI_minus_clinical,radiomics_complete_case_375,T0,clinical_only_paired,NONE,GAP0_mri_clinical_paired,GLOBAL,auprc,True,0.48551519696875844,0.4644780097541826,-0.02103718721457587,0.95,-0.0832673680002484,0.036265764393409734,2026,5000,5000,375,110,descriptive paired outer-fold OOF patient bootstrap; not confirmatory and not used for model or checkpoint selection
clinical_gain:d696b4edba87,clinical_gain,clinical_plus_MRI_minus_clinical,radiomics_complete_case_375,T0,clinical_only_paired,NONE,GAP0_mri_clinical_paired,GLOBAL,auroc,True,0.689056603773585,0.6554373927958834,-0.0336192109777016,0.95,-0.08007153698146759,0.012764880005768446,2026,5000,5000,375,110,descriptive paired outer-fold OOF patient bootstrap; not confirmatory and not used for model or checkpoint selection
clinical_gain:d696b4edba87,clinical_gain,clinical_plus_MRI_minus_clinical,radiomics_complete_case_375,T0,clinical_only_paired,NONE,GAP0_mri_clinical_paired,GLOBAL,brier,False,0.2375168924334248,0.23162395129739863,-0.005892941136026175,0.95,-0.021699511641584488,0.010513557952947247,2026,5000,5000,375,110,descriptive paired outer-fold OOF patient bootstrap; not confirmatory and not used for model or checkpoint selection
clinical_gain:b1abf2471804,clinical_gain,clinical_plus_MRI_minus_clinical,radiomics_complete_case_375,T0,clinical_only_paired,NONE,LOCAL0_mri_clinical_paired,LOCAL,auprc,True,0.48551519696875844,0.4632352912412934,-0.02227990572746502,0.95,-0.07503018273087941,0.0305437671594205,2026,5000,5000,375,110,descriptive paired outer-fold OOF patient bootstrap; not confirmatory and not used for model or checkpoint selection
clinical_gain:b1abf2471804,clinical_gain,clinical_plus_MRI_minus_clinical,radiomics_complete_case_375,T0,clinical_only_paired,NONE,LOCAL0_mri_clinical_paired,LOCAL,auroc,True,0.689056603773585,0.6702572898799314,-0.018799313893653635,0.95,-0.058177966335990525,0.021268561285929105,2026,5000,5000,375,110,descriptive paired outer-fold OOF patient bootstrap; not confirmatory and not used for model or checkpoint selection
clinical_gain:b1abf2471804,clinical_gain,clinical_plus_MRI_minus_clinical,radiomics_complete_case_375,T0,clinical_only_paired,NONE,LOCAL0_mri_clinical_paired,LOCAL,brier,False,0.2375168924334248,0.23702598373576825,-0.0004909086976565558,0.95,-0.011114266946964435,0.0097136521874023,2026,5000,5000,375,110,descriptive paired outer-fold OOF patient bootstrap; not confirmatory and not used for model or checkpoint selection
clinical_gain:5acd57cd9797,clinical_gain,clinical_plus_MRI_minus_clinical,radiomics_complete_case_375,T0,clinical_only_paired,NONE,dino_vitb16_imagenet1k_mri_clinical_paired,GLOBAL,auprc,True,0.48551519696875844,0.3958333278207355,-0.08968186914802295,0.95,-0.17820002081474645,-0.005054216154570744,2026,5000,5000,375,110,descriptive paired outer-fold OOF patient bootstrap; not confirmatory and not used for model or checkpoint selection
clinical_gain:5acd57cd9797,clinical_gain,clinical_plus_MRI_minus_clinical,radiomics_complete_case_375,T0,clinical_only_paired,NONE,dino_vitb16_imagenet1k_mri_clinical_paired,GLOBAL,auroc,True,0.689056603773585,0.5872727272727273,-0.10178387650085774,0.95,-0.16454555078919872,-0.039153493567891724,2026,5000,5000,375,110,descriptive paired outer-fold OOF patient bootstrap; not confirmatory and not used for model or checkpoint selection
clinical_gain:5acd57cd9797,clinical_gain,clinical_plus_MRI_minus_clinical,radiomics_complete_case_375,T0,clinical_only_paired,NONE,dino_vitb16_imagenet1k_mri_clinical_paired,GLOBAL,brier,False,0.2375168924334248,0.26970619961272124,0.03218930717929644,0.95,0.0060743519758245075,0.059018996319562284,2026,5000,5000,375,110,descriptive paired outer-fold OOF patient bootstrap; not confirmatory and not used for model or checkpoint selection
clinical_gain:25f642eaeb52,clinical_gain,clinical_plus_MRI_minus_clinical,radiomics_complete_case_375,T0,clinical_only_paired,NONE,dino_vitb16_imagenet1k_mri_clinical_paired,LOCAL,auprc,True,0.48551519696875844,0.3879303977232129,-0.09758479924554553,0.95,-0.18805599913220147,-0.0020523118664583675,2026,5000,5000,375,110,descriptive paired outer-fold OOF patient bootstrap; not confirmatory and not used for model or checkpoint selection
clinical_gain:25f642eaeb52,clinical_gain,clinical_plus_MRI_minus_clinical,radiomics_complete_case_375,T0,clinical_only_paired,NONE,dino_vitb16_imagenet1k_mri_clinical_paired,LOCAL,auroc,True,0.689056603773585,0.6051114922813036,-0.08394511149228145,0.95,-0.15084416448042395,-0.014368286833749933,2026,5000,5000,375,110,descriptive paired outer-fold OOF patient bootstrap; not confirmatory and not used for model or checkpoint selection
clinical_gain:25f642eaeb52,clinical_gain,clinical_plus_MRI_minus_clinical,radiomics_complete_case_375,T0,clinical_only_paired,NONE,dino_vitb16_imagenet1k_mri_clinical_paired,LOCAL,brier,False,0.2375168924334248,0.2609388657660158,0.023421973332591023,0.95,-0.0008231577745265826,0.04835147461497612,2026,5000,5000,375,110,descriptive paired outer-fold OOF patient bootstrap; not confirmatory and not used for model or checkpoint selection
clinical_gain:2b74b8a243ad,clinical_gain,clinical_plus_MRI_minus_clinical,radiomics_complete_case_375,T0,clinical_only_paired,NONE,medicalnet_resnet50_3dseg8_mri_clinical_paired,GLOBAL,auprc,True,0.48551519696875844,0.40871576920467745,-0.076799427764081,0.95,-0.17043966935496635,0.013263383875136309,2026,5000,5000,375,110,descriptive paired outer-fold OOF patient bootstrap; not confirmatory and not used for model or checkpoint selection
clinical_gain:2b74b8a243ad,clinical_gain,clinical_plus_MRI_minus_clinical,radiomics_complete_case_375,T0,clinical_only_paired,NONE,medicalnet_resnet50_3dseg8_mri_clinical_paired,GLOBAL,auroc,True,0.689056603773585,0.6213207547169812,-0.06773584905660379,0.95,-0.1299486632002683,-0.003275347020729309,2026,5000,5000,375,110,descriptive paired outer-fold OOF patient bootstrap; not confirmatory and not used for model or checkpoint selection
clinical_gain:2b74b8a243ad,clinical_gain,clinical_plus_MRI_minus_clinical,radiomics_complete_case_375,T0,clinical_only_paired,NONE,medicalnet_resnet50_3dseg8_mri_clinical_paired,GLOBAL,brier,False,0.2375168924334248,0.24492299139978035,0.007406098966355551,0.95,-0.012993404041930551,0.027538986693646607,2026,5000,5000,375,110,descriptive paired outer-fold OOF patient bootstrap; not confirmatory and not used for model or checkpoint selection
clinical_gain:aae31817bb71,clinical_gain,clinical_plus_MRI_minus_clinical,radiomics_complete_case_375,T0,clinical_only_paired,NONE,medicalnet_resnet50_3dseg8_mri_clinical_paired,LOCAL,auprc,True,0.48551519696875844,0.42466519852913925,-0.06084999843961919,0.95,-0.14188888580987152,0.02412592211147301,2026,5000,5000,375,110,descriptive paired outer-fold OOF patient bootstrap; not confirmatory and not used for model or checkpoint selection
clinical_gain:aae31817bb71,clinical_gain,clinical_plus_MRI_minus_clinical,radiomics_complete_case_375,T0,clinical_only_paired,NONE,medicalnet_resnet50_3dseg8_mri_clinical_paired,LOCAL,auroc,True,0.689056603773585,0.6475128644939966,-0.04154373927958843,0.95,-0.09979790452024793,0.018050578890968852,2026,5000,5000,375,110,descriptive paired outer-fold OOF patient bootstrap; not confirmatory and not used for model or checkpoint selection
clinical_gain:aae31817bb71,clinical_gain,clinical_plus_MRI_minus_clinical,radiomics_complete_case_375,T0,clinical_only_paired,NONE,medicalnet_resnet50_3dseg8_mri_clinical_paired,LOCAL,brier,False,0.2375168924334248,0.2453193675792673,0.007802475145842508,0.95,-0.009799158514519775,0.02596919081844359,2026,5000,5000,375,110,descriptive paired outer-fold OOF patient bootstrap; not confirmatory and not used for model or checkpoint selection
clinical_gain:23f97c7aff3e,clinical_gain,clinical_plus_MRI_minus_clinical,radiomics_complete_case_375,T0-T1,clinical_only_paired,NONE,GAP0_mri_clinical_paired,GLOBAL,auprc,True,0.48551519696875844,0.46470542657589653,-0.020809770392861915,0.95,-0.08815787677443505,0.04514814160916549,2026,5000,5000,375,110,descriptive paired outer-fold OOF patient bootstrap; not confirmatory and not used for model or checkpoint selection
clinical_gain:23f97c7aff3e,clinical_gain,clinical_plus_MRI_minus_clinical,radiomics_complete_case_375,T0-T1,clinical_only_paired,NONE,GAP0_mri_clinical_paired,GLOBAL,auroc,True,0.689056603773585,0.6508747855917666,-0.03818181818181843,0.95,-0.09198193494695875,0.013932029623113747,2026,5000,5000,375,110,descriptive paired outer-fold OOF patient bootstrap; not confirmatory and not used for model or checkpoint selection
clinical_gain:23f97c7aff3e,clinical_gain,clinical_plus_MRI_minus_clinical,radiomics_complete_case_375,T0-T1,clinical_only_paired,NONE,GAP0_mri_clinical_paired,GLOBAL,brier,False,0.2375168924334248,0.2413231366770669,0.003806244243642093,0.95,-0.01598654128222225,0.02526949978812017,2026,5000,5000,375,110,descriptive paired outer-fold OOF patient bootstrap; not confirmatory and not used for model or checkpoint selection
clinical_gain:c0c410eac217,clinical_gain,clinical_plus_MRI_minus_clinical,radiomics_complete_case_375,T0-T1,clinical_only_paired,NONE,LOCAL0_mri_clinical_paired,LOCAL,auprc,True,0.48551519696875844,0.4432097004780435,-0.04230549649071497,0.95,-0.12691091283219688,0.03723060513053052,2026,5000,5000,375,110,descriptive paired outer-fold OOF patient bootstrap; not confirmatory and not used for model or checkpoint selection
clinical_gain:c0c410eac217,clinical_gain,clinical_plus_MRI_minus_clinical,radiomics_complete_case_375,T0-T1,clinical_only_paired,NONE,LOCAL0_mri_clinical_paired,LOCAL,auroc,True,0.689056603773585,0.6389365351629502,-0.05012006861063478,0.95,-0.11139548264404843,0.009299073515510459,2026,5000,5000,375,110,descriptive paired outer-fold OOF patient bootstrap; not confirmatory and not used for model or checkpoint selection
clinical_gain:c0c410eac217,clinical_gain,clinical_plus_MRI_minus_clinical,radiomics_complete_case_375,T0-T1,clinical_only_paired,NONE,LOCAL0_mri_clinical_paired,LOCAL,brier,False,0.2375168924334248,0.24739920025295598,0.009882307819531172,0.95,-0.011122691394813106,0.03142386137022452,2026,5000,5000,375,110,descriptive paired outer-fold OOF patient bootstrap; not confirmatory and not used for model or checkpoint selection
clinical_gain:07e110ab7fbc,clinical_gain,clinical_plus_MRI_minus_clinical,radiomics_complete_case_375,T0-T1,clinical_only_paired,NONE,dino_vitb16_imagenet1k_mri_clinical_paired,GLOBAL,auprc,True,0.48551519696875844,0.3276504375941919,-0.15786475937456657,0.95,-0.24104275938800068,-0.08034671290996158,2026,5000,5000,375,110,descriptive paired outer-fold OOF patient bootstrap; not confirmatory and not used for model or checkpoint selection
clinical_gain:07e110ab7fbc,clinical_gain,clinical_plus_MRI_minus_clinical,radiomics_complete_case_375,T0-T1,clinical_only_paired,NONE,dino_vitb16_imagenet1k_mri_clinical_paired,GLOBAL,auroc,True,0.689056603773585,0.5451457975986278,-0.14391080617495722,0.95,-0.21781904437634772,-0.07299226002718912,2026,5000,5000,375,110,descriptive paired outer-fold OOF patient bootstrap; not confirmatory and not used for model or checkpoint selection
clinical_gain:07e110ab7fbc,clinical_gain,clinical_plus_MRI_minus_clinical,radiomics_complete_case_375,T0-T1,clinical_only_paired,NONE,dino_vitb16_imagenet1k_mri_clinical_paired,GLOBAL,brier,False,0.2375168924334248,0.3073935909249885,0.06987669849156372,0.95,0.038146299667312054,0.10238542715059719,2026,5000,5000,375,110,descriptive paired outer-fold OOF patient bootstrap; not confirmatory and not used for model or checkpoint selection
clinical_gain:016fafd94e00,clinical_gain,clinical_plus_MRI_minus_clinical,radiomics_complete_case_375,T0-T1,clinical_only_paired,NONE,dino_vitb16_imagenet1k_mri_clinical_paired,LOCAL,auprc,True,0.48551519696875844,0.3977707551764841,-0.08774444179227436,0.95,-0.17636429208227383,-0.0005412114778441849,2026,5000,5000,375,110,descriptive paired outer-fold OOF patient bootstrap; not confirmatory and not used for model or checkpoint selection
clinical_gain:016fafd94e00,clinical_gain,clinical_plus_MRI_minus_clinical,radiomics_complete_case_375,T0-T1,clinical_only_paired,NONE,dino_vitb16_imagenet1k_mri_clinical_paired,LOCAL,auroc,True,0.689056603773585,0.6222641509433963,-0.06679245283018875,0.95,-0.13402214879009183,0.001996035635731373,2026,5000,5000,375,110,descriptive paired outer-fold OOF patient bootstrap; not confirmatory and not used for model or checkpoint selection
clinical_gain:016fafd94e00,clinical_gain,clinical_plus_MRI_minus_clinical,radiomics_complete_case_375,T0-T1,clinical_only_paired,NONE,dino_vitb16_imagenet1k_mri_clinical_paired,LOCAL,brier,False,0.2375168924334248,0.25565090321566347,0.01813401078223867,0.95,-0.00862227319477578,0.04567197880878068,2026,5000,5000,375,110,descriptive paired outer-fold OOF patient bootstrap; not confirmatory and not used for model or checkpoint selection
clinical_gain:70d046ba3dbb,clinical_gain,clinical_plus_MRI_minus_clinical,radiomics_complete_case_375,T0-T1,clinical_only_paired,NONE,medicalnet_resnet50_3dseg8_mri_clinical_paired,GLOBAL,auprc,True,0.48551519696875844,0.37310460270157797,-0.11241059426718047,0.95,-0.20460696545132365,-0.016448595716436306,2026,5000,5000,375,110,descriptive paired outer-fold OOF patient bootstrap; not confirmatory and not used for model or checkpoint selection
clinical_gain:70d046ba3dbb,clinical_gain,clinical_plus_MRI_minus_clinical,radiomics_complete_case_375,T0-T1,clinical_only_paired,NONE,medicalnet_resnet50_3dseg8_mri_clinical_paired,GLOBAL,auroc,True,0.689056603773585,0.5490909090909091,-0.13996569468267595,0.95,-0.2161752349582784,-0.06309675545780388,2026,5000,5000,375,110,descriptive paired outer-fold OOF patient bootstrap; not confirmatory and not used for model or checkpoint selection
clinical_gain:70d046ba3dbb,clinical_gain,clinical_plus_MRI_minus_clinical,radiomics_complete_case_375,T0-T1,clinical_only_paired,NONE,medicalnet_resnet50_3dseg8_mri_clinical_paired,GLOBAL,brier,False,0.2375168924334248,0.25967505284753845,0.022158160414113642,0.95,-0.0005307857779106679,0.045578493371417665,2026,5000,5000,375,110,descriptive paired outer-fold OOF patient bootstrap; not confirmatory and not used for model or checkpoint selection
clinical_gain:b89b0cf80d18,clinical_gain,clinical_plus_MRI_minus_clinical,radiomics_complete_case_375,T0-T1,clinical_only_paired,NONE,medicalnet_resnet50_3dseg8_mri_clinical_paired,LOCAL,auprc,True,0.48551519696875844,0.3382245018436268,-0.14729069512513165,0.95,-0.23814000404443075,-0.05605165270408086,2026,5000,5000,375,110,descriptive paired outer-fold OOF patient bootstrap; not confirmatory and not used for model or checkpoint selection
clinical_gain:b89b0cf80d18,clinical_gain,clinical_plus_MRI_minus_clinical,radiomics_complete_case_375,T0-T1,clinical_only_paired,NONE,medicalnet_resnet50_3dseg8_mri_clinical_paired,LOCAL,auroc,True,0.689056603773585,0.5446483704974272,-0.14440823327615782,0.95,-0.22328731488269787,-0.0648969716860631,2026,5000,5000,375,110,descriptive paired outer-fold OOF patient bootstrap; not confirmatory and not used for model or checkpoint selection
clinical_gain:b89b0cf80d18,clinical_gain,clinical_plus_MRI_minus_clinical,radiomics_complete_case_375,T0-T1,clinical_only_paired,NONE,medicalnet_resnet50_3dseg8_mri_clinical_paired,LOCAL,brier,False,0.2375168924334248,0.2729335771378933,0.03541668470446849,0.95,0.010908363619494207,0.06039435748179358,2026,5000,5000,375,110,descriptive paired outer-fold OOF patient bootstrap; not confirmatory and not used for model or checkpoint selection
clinical_gain:3cb73731e52e,clinical_gain,clinical_plus_MRI_minus_clinical,radiomics_complete_case_375,T0-T2,clinical_only_paired,NONE,GAP0_mri_clinical_paired,GLOBAL,auprc,True,0.48551519696875844,0.45789038400750925,-0.02762481296124919,0.95,-0.10845616306858111,0.04670720929443348,2026,5000,5000,375,110,descriptive paired outer-fold OOF patient bootstrap; not confirmatory and not used for model or checkpoint selection
clinical_gain:3cb73731e52e,clinical_gain,clinical_plus_MRI_minus_clinical,radiomics_complete_case_375,T0-T2,clinical_only_paired,NONE,GAP0_mri_clinical_paired,GLOBAL,auroc,True,0.689056603773585,0.6432590051457978,-0.045797598627787206,0.95,-0.11020490045793958,0.014547690725333389,2026,5000,5000,375,110,descriptive paired outer-fold OOF patient bootstrap; not confirmatory and not used for model or checkpoint selection
clinical_gain:3cb73731e52e,clinical_gain,clinical_plus_MRI_minus_clinical,radiomics_complete_case_375,T0-T2,clinical_only_paired,NONE,GAP0_mri_clinical_paired,GLOBAL,brier,False,0.2375168924334248,0.24820653118086564,0.010689638747440833,0.95,-0.014436095561454943,0.03685993676158033,2026,5000,5000,375,110,descriptive paired outer-fold OOF patient bootstrap; not confirmatory and not used for model or checkpoint selection
clinical_gain:0627b9aaafcf,clinical_gain,clinical_plus_MRI_minus_clinical,radiomics_complete_case_375,T0-T2,clinical_only_paired,NONE,LOCAL0_mri_clinical_paired,LOCAL,auprc,True,0.48551519696875844,0.40085243449341046,-0.08466276247534799,0.95,-0.17920332323846297,0.010013284883238563,2026,5000,5000,375,110,descriptive paired outer-fold OOF patient bootstrap; not confirmatory and not used for model or checkpoint selection
clinical_gain:0627b9aaafcf,clinical_gain,clinical_plus_MRI_minus_clinical,radiomics_complete_case_375,T0-T2,clinical_only_paired,NONE,LOCAL0_mri_clinical_paired,LOCAL,auroc,True,0.689056603773585,0.606861063464837,-0.08219554030874798,0.95,-0.15307514560455948,-0.010142291708572075,2026,5000,5000,375,110,descriptive paired outer-fold OOF patient bootstrap; not confirmatory and not used for model or checkpoint selection
clinical_gain:0627b9aaafcf,clinical_gain,clinical_plus_MRI_minus_clinical,radiomics_complete_case_375,T0-T2,clinical_only_paired,NONE,LOCAL0_mri_clinical_paired,LOCAL,brier,False,0.2375168924334248,0.2777260958408237,0.04020920340739889,0.95,0.010354101187624084,0.07147255453177795,2026,5000,5000,375,110,descriptive paired outer-fold OOF patient bootstrap; not confirmatory and not used for model or checkpoint selection
clinical_gain:03327f1708cf,clinical_gain,clinical_plus_MRI_minus_clinical,radiomics_complete_case_375,T0-T2,clinical_only_paired,NONE,dino_vitb16_imagenet1k_mri_clinical_paired,GLOBAL,auprc,True,0.48551519696875844,0.3657008616782032,-0.11981433529055524,0.95,-0.21433137109186937,-0.03914256264014104,2026,5000,5000,375,110,descriptive paired outer-fold OOF patient bootstrap; not confirmatory and not used for model or checkpoint selection
clinical_gain:03327f1708cf,clinical_gain,clinical_plus_MRI_minus_clinical,radiomics_complete_case_375,T0-T2,clinical_only_paired,NONE,dino_vitb16_imagenet1k_mri_clinical_paired,GLOBAL,auroc,True,0.689056603773585,0.5140308747855917,-0.1750257289879933,0.95,-0.2536216426166426,-0.09697529144534794,2026,5000,5000,375,110,descriptive paired outer-fold OOF patient bootstrap; not confirmatory and not used for model or checkpoint selection
clinical_gain:03327f1708cf,clinical_gain,clinical_plus_MRI_minus_clinical,radiomics_complete_case_375,T0-T2,clinical_only_paired,NONE,dino_vitb16_imagenet1k_mri_clinical_paired,GLOBAL,brier,False,0.2375168924334248,0.35727146176288077,0.11975456932945597,0.95,0.07972957773894719,0.1613517559827382,2026,5000,5000,375,110,descriptive paired outer-fold OOF patient bootstrap; not confirmatory and not used for model or checkpoint selection
clinical_gain:20c53598e7f9,clinical_gain,clinical_plus_MRI_minus_clinical,radiomics_complete_case_375,T0-T2,clinical_only_paired,NONE,dino_vitb16_imagenet1k_mri_clinical_paired,LOCAL,auprc,True,0.48551519696875844,0.42406751837361845,-0.06144767859514,0.95,-0.1544905994012007,0.02712424030273005,2026,5000,5000,375,110,descriptive paired outer-fold OOF patient bootstrap; not confirmatory and not used for model or checkpoint selection
clinical_gain:20c53598e7f9,clinical_gain,clinical_plus_MRI_minus_clinical,radiomics_complete_case_375,T0-T2,clinical_only_paired,NONE,dino_vitb16_imagenet1k_mri_clinical_paired,LOCAL,auroc,True,0.689056603773585,0.6229159519725558,-0.06614065180102924,0.95,-0.14150883025799912,0.010977831619692827,2026,5000,5000,375,110,descriptive paired outer-fold OOF patient bootstrap; not confirmatory and not used for model or checkpoint selection
clinical_gain:20c53598e7f9,clinical_gain,clinical_plus_MRI_minus_clinical,radiomics_complete_case_375,T0-T2,clinical_only_paired,NONE,dino_vitb16_imagenet1k_mri_clinical_paired,LOCAL,brier,False,0.2375168924334248,0.24841401977057886,0.010897127337154061,0.95,-0.014357700200114856,0.036968690770913554,2026,5000,5000,375,110,descriptive paired outer-fold OOF patient bootstrap; not confirmatory and not used for model or checkpoint selection
clinical_gain:c999a9515956,clinical_gain,clinical_plus_MRI_minus_clinical,radiomics_complete_case_375,T0-T2,clinical_only_paired,NONE,medicalnet_resnet50_3dseg8_mri_clinical_paired,GLOBAL,auprc,True,0.48551519696875844,0.41853218207095233,-0.06698301489780611,0.95,-0.1627275826665393,0.03227773162442196,2026,5000,5000,375,110,descriptive paired outer-fold OOF patient bootstrap; not confirmatory and not used for model or checkpoint selection
clinical_gain:c999a9515956,clinical_gain,clinical_plus_MRI_minus_clinical,radiomics_complete_case_375,T0-T2,clinical_only_paired,NONE,medicalnet_resnet50_3dseg8_mri_clinical_paired,GLOBAL,auroc,True,0.689056603773585,0.5798627787307032,-0.10919382504288178,0.95,-0.1852665519292878,-0.034178422654035485,2026,5000,5000,375,110,descriptive paired outer-fold OOF patient bootstrap; not confirmatory and not used for model or checkpoint selection
clinical_gain:c999a9515956,clinical_gain,clinical_plus_MRI_minus_clinical,radiomics_complete_case_375,T0-T2,clinical_only_paired,NONE,medicalnet_resnet50_3dseg8_mri_clinical_paired,GLOBAL,brier,False,0.2375168924334248,0.2491810440043496,0.011664151570924791,0.95,-0.012801016523542676,0.03744344748965574,2026,5000,5000,375,110,descriptive paired outer-fold OOF patient bootstrap; not confirmatory and not used for model or checkpoint selection
clinical_gain:efaa4d0806a7,clinical_gain,clinical_plus_MRI_minus_clinical,radiomics_complete_case_375,T0-T2,clinical_only_paired,NONE,medicalnet_resnet50_3dseg8_mri_clinical_paired,LOCAL,auprc,True,0.48551519696875844,0.33957528406316184,-0.1459399129055966,0.95,-0.236519075050627,-0.05469367404831677,2026,5000,5000,375,110,descriptive paired outer-fold OOF patient bootstrap; not confirmatory and not used for model or checkpoint selection
clinical_gain:efaa4d0806a7,clinical_gain,clinical_plus_MRI_minus_clinical,radiomics_complete_case_375,T0-T2,clinical_only_paired,NONE,medicalnet_resnet50_3dseg8_mri_clinical_paired,LOCAL,auroc,True,0.689056603773585,0.5515437392795883,-0.1375128644939967,0.95,-0.21222373130521852,-0.06012888848411646,2026,5000,5000,375,110,descriptive paired outer-fold OOF patient bootstrap; not confirmatory and not used for model or checkpoint selection
clinical_gain:efaa4d0806a7,clinical_gain,clinical_plus_MRI_minus_clinical,radiomics_complete_case_375,T0-T2,clinical_only_paired,NONE,medicalnet_resnet50_3dseg8_mri_clinical_paired,LOCAL,brier,False,0.2375168924334248,0.2883319829443568,0.050815090510932,0.95,0.02030333519649594,0.0805405005210386,2026,5000,5000,375,110,descriptive paired outer-fold OOF patient bootstrap; not confirmatory and not used for model or checkpoint selection
foundation_vs_current_cnn:528ddd2d991a,foundation_vs_current_cnn,foundation_minus_current_CNN_mri_clinical,full_808,T0,GAP0_mri_clinical,GLOBAL,dino_vitb16_imagenet1k_mri_clinical,GLOBAL,auprc,True,0.5658561014786719,0.5291140287552438,-0.03674207272342811,0.95,-0.09055321831607391,0.01795315018019327,2026,5000,5000,808,275,descriptive paired outer-fold OOF patient bootstrap; not confirmatory and not used for model or checkpoint selection
foundation_vs_current_cnn:528ddd2d991a,foundation_vs_current_cnn,foundation_minus_current_CNN_mri_clinical,full_808,T0,GAP0_mri_clinical,GLOBAL,dino_vitb16_imagenet1k_mri_clinical,GLOBAL,auroc,True,0.7201978509295582,0.7028006140201263,-0.017397236909431957,0.95,-0.045899705734822584,0.011584737083689328,2026,5000,5000,808,275,descriptive paired outer-fold OOF patient bootstrap; not confirmatory and not used for model or checkpoint selection
foundation_vs_current_cnn:528ddd2d991a,foundation_vs_current_cnn,foundation_minus_current_CNN_mri_clinical,full_808,T0,GAP0_mri_clinical,GLOBAL,dino_vitb16_imagenet1k_mri_clinical,GLOBAL,brier,False,0.21827775992754025,0.22759577541108159,0.009318015483541331,0.95,0.0015804758199725144,0.0169560874086756,2026,5000,5000,808,275,descriptive paired outer-fold OOF patient bootstrap; not confirmatory and not used for model or checkpoint selection
foundation_vs_current_cnn:9107d74ffd94,foundation_vs_current_cnn,foundation_minus_current_CNN_mri_clinical,full_808,T0,LOCAL0_mri_clinical,LOCAL,dino_vitb16_imagenet1k_mri_clinical,LOCAL,auprc,True,0.5286197850377259,0.4980088051221554,-0.03061097991557049,0.95,-0.08343054932436199,0.020937555538680392,2026,5000,5000,808,275,descriptive paired outer-fold OOF patient bootstrap; not confirmatory and not used for model or checkpoint selection
foundation_vs_current_cnn:9107d74ffd94,foundation_vs_current_cnn,foundation_minus_current_CNN_mri_clinical,full_808,T0,LOCAL0_mri_clinical,LOCAL,dino_vitb16_imagenet1k_mri_clinical,LOCAL,auroc,True,0.6879617943032577,0.6685724032065496,-0.01938939109670801,0.95,-0.053241433426089745,0.012467647861753408,2026,5000,5000,808,275,descriptive paired outer-fold OOF patient bootstrap; not confirmatory and not used for model or checkpoint selection
foundation_vs_current_cnn:9107d74ffd94,foundation_vs_current_cnn,foundation_minus_current_CNN_mri_clinical,full_808,T0,LOCAL0_mri_clinical,LOCAL,dino_vitb16_imagenet1k_mri_clinical,LOCAL,brier,False,0.22546691552300624,0.23686096139464138,0.011394045871635144,0.95,0.0003781446933103111,0.023578704404018037,2026,5000,5000,808,275,descriptive paired outer-fold OOF patient bootstrap; not confirmatory and not used for model or checkpoint selection
foundation_vs_current_cnn:c6608dbb3ec3,foundation_vs_current_cnn,foundation_minus_current_CNN_mri_only,full_808,T0,GAP0_mri_only,GLOBAL,dino_vitb16_imagenet1k_mri_only,GLOBAL,auprc,True,0.3333011547850203,0.38007135508895024,0.04677020030392992,0.95,0.0005775069257246022,0.09234894229539051,2026,5000,5000,808,275,descriptive paired outer-fold OOF patient bootstrap; not confirmatory and not used for model or checkpoint selection
foundation_vs_current_cnn:c6608dbb3ec3,foundation_vs_current_cnn,foundation_minus_current_CNN_mri_only,full_808,T0,GAP0_mri_only,GLOBAL,dino_vitb16_imagenet1k_mri_only,GLOBAL,auroc,True,0.4948968105065666,0.5356097560975609,0.04071294559099431,0.95,-0.014469046046336313,0.09673777240953801,2026,5000,5000,808,275,descriptive paired outer-fold OOF patient bootstrap; not confirmatory and not used for model or checkpoint selection
foundation_vs_current_cnn:c6608dbb3ec3,foundation_vs_current_cnn,foundation_minus_current_CNN_mri_only,full_808,T0,GAP0_mri_only,GLOBAL,dino_vitb16_imagenet1k_mri_only,GLOBAL,brier,False,0.25936392493068267,0.2800434273455948,0.02067950241491212,0.95,0.004679118387595235,0.03767311615338274,2026,5000,5000,808,275,descriptive paired outer-fold OOF patient bootstrap; not confirmatory and not used for model or checkpoint selection
foundation_vs_current_cnn:51df8154a41b,foundation_vs_current_cnn,foundation_minus_current_CNN_mri_only,full_808,T0,LOCAL0_mri_only,LOCAL,dino_vitb16_imagenet1k_mri_only,LOCAL,auprc,True,0.35796719812789596,0.3734633785332039,0.015496180405307924,0.95,-0.036855406054282634,0.06709854281539814,2026,5000,5000,808,275,descriptive paired outer-fold OOF patient bootstrap; not confirmatory and not used for model or checkpoint selection
foundation_vs_current_cnn:51df8154a41b,foundation_vs_current_cnn,foundation_minus_current_CNN_mri_only,full_808,T0,LOCAL0_mri_only,LOCAL,dino_vitb16_imagenet1k_mri_only,LOCAL,auroc,True,0.5096912843254306,0.5275797373358349,0.017888453010404204,0.95,-0.03807585294834215,0.07094887164651048,2026,5000,5000,808,275,descriptive paired outer-fold OOF patient bootstrap; not confirmatory and not used for model or checkpoint selection
foundation_vs_current_cnn:51df8154a41b,foundation_vs_current_cnn,foundation_minus_current_CNN_mri_only,full_808,T0,LOCAL0_mri_only,LOCAL,dino_vitb16_imagenet1k_mri_only,LOCAL,brier,False,0.2889923124528283,0.3039003406397735,0.0149080281869452,0.95,-0.009087151419742397,0.0398609358741385,2026,5000,5000,808,275,descriptive paired outer-fold OOF patient bootstrap; not confirmatory and not used for model or checkpoint selection
foundation_vs_current_cnn:062a5859f72d,foundation_vs_current_cnn,foundation_minus_current_CNN_mri_clinical,full_808,T0,GAP0_mri_clinical,GLOBAL,medicalnet_resnet50_3dseg8_mri_clinical,GLOBAL,auprc,True,0.5658561014786719,0.4817645688492842,-0.08409153262938773,0.95,-0.13860280114966142,-0.02917308822510348,2026,5000,5000,808,275,descriptive paired outer-fold OOF patient bootstrap; not confirmatory and not used for model or checkpoint selection
foundation_vs_current_cnn:062a5859f72d,foundation_vs_current_cnn,foundation_minus_current_CNN_mri_clinical,full_808,T0,GAP0_mri_clinical,GLOBAL,medicalnet_resnet50_3dseg8_mri_clinical,GLOBAL,auroc,True,0.7201978509295582,0.6631519699812382,-0.05704588094832008,0.95,-0.09523394987146473,-0.020484084566587395,2026,5000,5000,808,275,descriptive paired outer-fold OOF patient bootstrap; not confirmatory and not used for model or checkpoint selection
foundation_vs_current_cnn:062a5859f72d,foundation_vs_current_cnn,foundation_minus_current_CNN_mri_clinical,full_808,T0,GAP0_mri_clinical,GLOBAL,medicalnet_resnet50_3dseg8_mri_clinical,GLOBAL,brier,False,0.21827775992754025,0.24817296697414085,0.02989520704660059,0.95,0.01595768677822118,0.04501917913669085,2026,5000,5000,808,275,descriptive paired outer-fold OOF patient bootstrap; not confirmatory and not used for model or checkpoint selection
foundation_vs_current_cnn:616bf2496481,foundation_vs_current_cnn,foundation_minus_current_CNN_mri_clinical,full_808,T0,LOCAL0_mri_clinical,LOCAL,medicalnet_resnet50_3dseg8_mri_clinical,LOCAL,auprc,True,0.5286197850377259,0.5085759444736089,-0.02004384056411701,0.95,-0.07212154003745043,0.03683502938803129,2026,5000,5000,808,275,descriptive paired outer-fold OOF patient bootstrap; not confirmatory and not used for model or checkpoint selection
foundation_vs_current_cnn:616bf2496481,foundation_vs_current_cnn,foundation_minus_current_CNN_mri_clinical,full_808,T0,LOCAL0_mri_clinical,LOCAL,medicalnet_resnet50_3dseg8_mri_clinical,LOCAL,auroc,True,0.6879617943032577,0.703141736312468,0.015179942009210357,0.95,-0.016580814834508496,0.04789325575181453,2026,5000,5000,808,275,descriptive paired outer-fold OOF patient bootstrap; not confirmatory and not used for model or checkpoint selection
foundation_vs_current_cnn:616bf2496481,foundation_vs_current_cnn,foundation_minus_current_CNN_mri_clinical,full_808,T0,LOCAL0_mri_clinical,LOCAL,medicalnet_resnet50_3dseg8_mri_clinical,LOCAL,brier,False,0.22546691552300624,0.2313882031434349,0.00592128762042865,0.95,-0.00361700086846291,0.015459237106758648,2026,5000,5000,808,275,descriptive paired outer-fold OOF patient bootstrap; not confirmatory and not used for model or checkpoint selection
foundation_vs_current_cnn:482389bb9772,foundation_vs_current_cnn,foundation_minus_current_CNN_mri_only,full_808,T0,GAP0_mri_only,GLOBAL,medicalnet_resnet50_3dseg8_mri_only,GLOBAL,auprc,True,0.3333011547850203,0.3784085115691258,0.04510735678410549,0.95,-0.0001996159522962777,0.09504893914659192,2026,5000,5000,808,275,descriptive paired outer-fold OOF patient bootstrap; not confirmatory and not used for model or checkpoint selection
foundation_vs_current_cnn:482389bb9772,foundation_vs_current_cnn,foundation_minus_current_CNN_mri_only,full_808,T0,GAP0_mri_only,GLOBAL,medicalnet_resnet50_3dseg8_mri_only,GLOBAL,auroc,True,0.4948968105065666,0.5386628006140202,0.04376599010745358,0.95,-0.014350216852540275,0.10204822082044049,2026,5000,5000,808,275,descriptive paired outer-fold OOF patient bootstrap; not confirmatory and not used for model or checkpoint selection
foundation_vs_current_cnn:482389bb9772,foundation_vs_current_cnn,foundation_minus_current_CNN_mri_only,full_808,T0,GAP0_mri_only,GLOBAL,medicalnet_resnet50_3dseg8_mri_only,GLOBAL,brier,False,0.25936392493068267,0.3017957116569942,0.04243178672631154,0.95,0.02202937995453093,0.0627674203204719,2026,5000,5000,808,275,descriptive paired outer-fold OOF patient bootstrap; not confirmatory and not used for model or checkpoint selection
foundation_vs_current_cnn:392dbdfc3ea8,foundation_vs_current_cnn,foundation_minus_current_CNN_mri_only,full_808,T0,LOCAL0_mri_only,LOCAL,medicalnet_resnet50_3dseg8_mri_only,LOCAL,auprc,True,0.35796719812789596,0.366358850207562,0.008391652079666023,0.95,-0.04006655476069374,0.05421385692371199,2026,5000,5000,808,275,descriptive paired outer-fold OOF patient bootstrap; not confirmatory and not used for model or checkpoint selection
foundation_vs_current_cnn:392dbdfc3ea8,foundation_vs_current_cnn,foundation_minus_current_CNN_mri_only,full_808,T0,LOCAL0_mri_only,LOCAL,medicalnet_resnet50_3dseg8_mri_only,LOCAL,auroc,True,0.5096912843254306,0.5270202967763943,0.017329012450963632,0.95,-0.03650520951449973,0.06927696577949775,2026,5000,5000,808,275,descriptive paired outer-fold OOF patient bootstrap; not confirmatory and not used for model or checkpoint selection
foundation_vs_current_cnn:392dbdfc3ea8,foundation_vs_current_cnn,foundation_minus_current_CNN_mri_only,full_808,T0,LOCAL0_mri_only,LOCAL,medicalnet_resnet50_3dseg8_mri_only,LOCAL,brier,False,0.2889923124528283,0.2916503421499822,0.0026580296971538964,0.95,-0.01834094159701192,0.024677302193712898,2026,5000,5000,808,275,descriptive paired outer-fold OOF patient bootstrap; not confirmatory and not used for model or checkpoint selection
foundation_vs_current_cnn:721e43c89aa6,foundation_vs_current_cnn,foundation_minus_current_CNN_mri_clinical,full_808,T0-T1,GAP0_mri_clinical,GLOBAL,dino_vitb16_imagenet1k_mri_clinical,GLOBAL,auprc,True,0.5608021496917153,0.5441393846430364,-0.016662765048678918,0.95,-0.059810583200912516,0.02695043803998515,2026,5000,5000,808,275,descriptive paired outer-fold OOF patient bootstrap; not confirmatory and not used for model or checkpoint selection
foundation_vs_current_cnn:721e43c89aa6,foundation_vs_current_cnn,foundation_minus_current_CNN_mri_clinical,full_808,T0-T1,GAP0_mri_clinical,GLOBAL,dino_vitb16_imagenet1k_mri_clinical,GLOBAL,auroc,True,0.7149718574108818,0.7110830632781853,-0.0038887941326964937,0.95,-0.028072011722838592,0.020272897250840943,2026,5000,5000,808,275,descriptive paired outer-fold OOF patient bootstrap; not confirmatory and not used for model or checkpoint selection
foundation_vs_current_cnn:721e43c89aa6,foundation_vs_current_cnn,foundation_minus_current_CNN_mri_clinical,full_808,T0-T1,GAP0_mri_clinical,GLOBAL,dino_vitb16_imagenet1k_mri_clinical,GLOBAL,brier,False,0.21766918245027336,0.2284750185126035,0.010805836062330126,0.95,0.0031440845214919353,0.018284890502196303,2026,5000,5000,808,275,descriptive paired outer-fold OOF patient bootstrap; not confirmatory and not used for model or checkpoint selection
foundation_vs_current_cnn:ade9f84356d3,foundation_vs_current_cnn,foundation_minus_current_CNN_mri_clinical,full_808,T0-T1,LOCAL0_mri_clinical,LOCAL,dino_vitb16_imagenet1k_mri_clinical,LOCAL,auprc,True,0.5223576094865131,0.4878237394702088,-0.03453387001630431,0.95,-0.0829336626074565,0.009958874081969106,2026,5000,5000,808,275,descriptive paired outer-fold OOF patient bootstrap; not confirmatory and not used for model or checkpoint selection
foundation_vs_current_cnn:ade9f84356d3,foundation_vs_current_cnn,foundation_minus_current_CNN_mri_clinical,full_808,T0-T1,LOCAL0_mri_clinical,LOCAL,dino_vitb16_imagenet1k_mri_clinical,LOCAL,auroc,True,0.6838956165785434,0.6798157939621354,-0.004079822616407935,0.95,-0.03587372952762853,0.02685702079707699,2026,5000,5000,808,275,descriptive paired outer-fold OOF patient bootstrap; not confirmatory and not used for model or checkpoint selection
foundation_vs_current_cnn:ade9f84356d3,foundation_vs_current_cnn,foundation_minus_current_CNN_mri_clinical,full_808,T0-T1,LOCAL0_mri_clinical,LOCAL,dino_vitb16_imagenet1k_mri_clinical,LOCAL,brier,False,0.2283950833156223,0.23161781378338686,0.0032227304677645563,0.95,-0.006753415127055544,0.013762777806932603,2026,5000,5000,808,275,descriptive paired outer-fold OOF patient bootstrap; not confirmatory and not used for model or checkpoint selection
foundation_vs_current_cnn:e8481d3cf8af,foundation_vs_current_cnn,foundation_minus_current_CNN_mri_only,full_808,T0-T1,GAP0_mri_only,GLOBAL,dino_vitb16_imagenet1k_mri_only,GLOBAL,auprc,True,0.3522822205007249,0.3902472094926654,0.03796498899194051,0.95,-0.013542161700667115,0.09207549075651121,2026,5000,5000,808,275,descriptive paired outer-fold OOF patient bootstrap; not confirmatory and not used for model or checkpoint selection
foundation_vs_current_cnn:e8481d3cf8af,foundation_vs_current_cnn,foundation_minus_current_CNN_mri_only,full_808,T0-T1,GAP0_mri_only,GLOBAL,dino_vitb16_imagenet1k_mri_only,GLOBAL,auroc,True,0.5136551253624424,0.5502302575473307,0.03657513218488828,0.95,-0.020328052000812433,0.09403163852432735,2026,5000,5000,808,275,descriptive paired outer-fold OOF patient bootstrap; not confirmatory and not used for model or checkpoint selection
foundation_vs_current_cnn:e8481d3cf8af,foundation_vs_current_cnn,foundation_minus_current_CNN_mri_only,full_808,T0-T1,GAP0_mri_only,GLOBAL,dino_vitb16_imagenet1k_mri_only,GLOBAL,brier,False,0.2662449822561012,0.2884938020763877,0.02224881982028648,0.95,0.000564552980560217,0.04423680693571229,2026,5000,5000,808,275,descriptive paired outer-fold OOF patient bootstrap; not confirmatory and not used for model or checkpoint selection
foundation_vs_current_cnn:96d1ca566c89,foundation_vs_current_cnn,foundation_minus_current_CNN_mri_only,full_808,T0-T1,LOCAL0_mri_only,LOCAL,dino_vitb16_imagenet1k_mri_only,LOCAL,auprc,True,0.39551764185779326,0.38655805212917227,-0.008959589728620987,0.95,-0.06287829490074659,0.04455462481783314,2026,5000,5000,808,275,descriptive paired outer-fold OOF patient bootstrap; not confirmatory and not used for model or checkpoint selection
foundation_vs_current_cnn:96d1ca566c89,foundation_vs_current_cnn,foundation_minus_current_CNN_mri_only,full_808,T0-T1,LOCAL0_mri_only,LOCAL,dino_vitb16_imagenet1k_mri_only,LOCAL,auroc,True,0.5601228040252431,0.5570254136107795,-0.0030973904144635522,0.95,-0.057967199144354324,0.04870056964484574,2026,5000,5000,808,275,descriptive paired outer-fold OOF patient bootstrap; not confirmatory and not used for model or checkpoint selection
foundation_vs_current_cnn:96d1ca566c89,foundation_vs_current_cnn,foundation_minus_current_CNN_mri_only,full_808,T0-T1,LOCAL0_mri_only,LOCAL,dino_vitb16_imagenet1k_mri_only,LOCAL,brier,False,0.2646201012031796,0.2638205624711415,-0.0007995387320380853,0.95,-0.01682397169093914,0.015985992510470056,2026,5000,5000,808,275,descriptive paired outer-fold OOF patient bootstrap; not confirmatory and not used for model or checkpoint selection
foundation_vs_current_cnn:7a429306e903,foundation_vs_current_cnn,foundation_minus_current_CNN_mri_clinical,full_808,T0-T1,GAP0_mri_clinical,GLOBAL,medicalnet_resnet50_3dseg8_mri_clinical,GLOBAL,auprc,True,0.5608021496917153,0.5187369612301395,-0.04206518846157581,0.95,-0.08487004218485207,0.0007160390068743127,2026,5000,5000,808,275,descriptive paired outer-fold OOF patient bootstrap; not confirmatory and not used for model or checkpoint selection
foundation_vs_current_cnn:7a429306e903,foundation_vs_current_cnn,foundation_minus_current_CNN_mri_clinical,full_808,T0-T1,GAP0_mri_clinical,GLOBAL,medicalnet_resnet50_3dseg8_mri_clinical,GLOBAL,auroc,True,0.7149718574108818,0.7064949684461881,-0.008476888964693674,0.95,-0.03154939401139298,0.014488215951129264,2026,5000,5000,808,275,descriptive paired outer-fold OOF patient bootstrap; not confirmatory and not used for model or checkpoint selection
foundation_vs_current_cnn:7a429306e903,foundation_vs_current_cnn,foundation_minus_current_CNN_mri_clinical,full_808,T0-T1,GAP0_mri_clinical,GLOBAL,medicalnet_resnet50_3dseg8_mri_clinical,GLOBAL,brier,False,0.21766918245027336,0.22948559192453882,0.01181640947426546,0.95,0.004433764963202521,0.019337479493143142,2026,5000,5000,808,275,descriptive paired outer-fold OOF patient bootstrap; not confirmatory and not used for model or checkpoint selection
foundation_vs_current_cnn:96d6f761ec9c,foundation_vs_current_cnn,foundation_minus_current_CNN_mri_clinical,full_808,T0-T1,LOCAL0_mri_clinical,LOCAL,medicalnet_resnet50_3dseg8_mri_clinical,LOCAL,auprc,True,0.5223576094865131,0.5238668912654798,0.001509281778966698,0.95,-0.04418407258013919,0.05180783645343582,2026,5000,5000,808,275,descriptive paired outer-fold OOF patient bootstrap; not confirmatory and not used for model or checkpoint selection
foundation_vs_current_cnn:96d6f761ec9c,foundation_vs_current_cnn,foundation_minus_current_CNN_mri_clinical,full_808,T0-T1,LOCAL0_mri_clinical,LOCAL,medicalnet_resnet50_3dseg8_mri_clinical,LOCAL,auroc,True,0.6838956165785434,0.7104349309227358,0.026539314344192433,0.95,-0.0021652762512420673,0.056073920310575204,2026,5000,5000,808,275,descriptive paired outer-fold OOF patient bootstrap; not confirmatory and not used for model or checkpoint selection
foundation_vs_current_cnn:96d6f761ec9c,foundation_vs_current_cnn,foundation_minus_current_CNN_mri_clinical,full_808,T0-T1,LOCAL0_mri_clinical,LOCAL,medicalnet_resnet50_3dseg8_mri_clinical,LOCAL,brier,False,0.2283950833156223,0.22915739223186116,0.0007623089162388519,0.95,-0.00842062282537517,0.009729777094105458,2026,5000,5000,808,275,descriptive paired outer-fold OOF patient bootstrap; not confirmatory and not used for model or checkpoint selection
foundation_vs_current_cnn:039c5fd08755,foundation_vs_current_cnn,foundation_minus_current_CNN_mri_only,full_808,T0-T1,GAP0_mri_only,GLOBAL,medicalnet_resnet50_3dseg8_mri_only,GLOBAL,auprc,True,0.3522822205007249,0.37554857453125073,0.02326635403052585,0.95,-0.02504991177185002,0.07441277345374986,2026,5000,5000,808,275,descriptive paired outer-fold OOF patient bootstrap; not confirmatory and not used for model or checkpoint selection
foundation_vs_current_cnn:039c5fd08755,foundation_vs_current_cnn,foundation_minus_current_CNN_mri_only,full_808,T0-T1,GAP0_mri_only,GLOBAL,medicalnet_resnet50_3dseg8_mri_only,GLOBAL,auroc,True,0.5136551253624424,0.5366604127579737,0.023005287395531315,0.95,-0.029959703346531787,0.07748411390532695,2026,5000,5000,808,275,descriptive paired outer-fold OOF patient bootstrap; not confirmatory and not used for model or checkpoint selection
foundation_vs_current_cnn:039c5fd08755,foundation_vs_current_cnn,foundation_minus_current_CNN_mri_only,full_808,T0-T1,GAP0_mri_only,GLOBAL,medicalnet_resnet50_3dseg8_mri_only,GLOBAL,brier,False,0.2662449822561012,0.28668343014018427,0.020438447884083055,0.95,0.0013264728150565118,0.04023279616458861,2026,5000,5000,808,275,descriptive paired outer-fold OOF patient bootstrap; not confirmatory and not used for model or checkpoint selection
foundation_vs_current_cnn:f3afc56aa841,foundation_vs_current_cnn,foundation_minus_current_CNN_mri_only,full_808,T0-T1,LOCAL0_mri_only,LOCAL,medicalnet_resnet50_3dseg8_mri_only,LOCAL,auprc,True,0.39551764185779326,0.34845562304389455,-0.04706201881389871,0.95,-0.09297943564114808,0.0005206762484011821,2026,5000,5000,808,275,descriptive paired outer-fold OOF patient bootstrap; not confirmatory and not used for model or checkpoint selection
foundation_vs_current_cnn:f3afc56aa841,foundation_vs_current_cnn,foundation_minus_current_CNN_mri_only,full_808,T0-T1,LOCAL0_mri_only,LOCAL,medicalnet_resnet50_3dseg8_mri_only,LOCAL,auroc,True,0.5601228040252431,0.5079924953095685,-0.05213030871567459,0.95,-0.10617707036114575,0.0008731851651109442,2026,5000,5000,808,275,descriptive paired outer-fold OOF patient bootstrap; not confirmatory and not used for model or checkpoint selection
foundation_vs_current_cnn:f3afc56aa841,foundation_vs_current_cnn,foundation_minus_current_CNN_mri_only,full_808,T0-T1,LOCAL0_mri_only,LOCAL,medicalnet_resnet50_3dseg8_mri_only,LOCAL,brier,False,0.2646201012031796,0.29548386609684396,0.03086376489366438,0.95,0.010426622299432333,0.05150615815670148,2026,5000,5000,808,275,descriptive paired outer-fold OOF patient bootstrap; not confirmatory and not used for model or checkpoint selection
foundation_vs_current_cnn:a99f4e754348,foundation_vs_current_cnn,foundation_minus_current_CNN_mri_clinical,full_808,T0-T2,GAP0_mri_clinical,GLOBAL,dino_vitb16_imagenet1k_mri_clinical,GLOBAL,auprc,True,0.5414664455813767,0.5419116629217062,0.0004452173403295401,0.95,-0.04971151113847907,0.04984019950390335,2026,5000,5000,808,275,descriptive paired outer-fold OOF patient bootstrap; not confirmatory and not used for model or checkpoint selection
foundation_vs_current_cnn:a99f4e754348,foundation_vs_current_cnn,foundation_minus_current_CNN_mri_clinical,full_808,T0-T2,GAP0_mri_clinical,GLOBAL,dino_vitb16_imagenet1k_mri_clinical,GLOBAL,auroc,True,0.6964898516118028,0.707010063107624,0.010520211495821274,0.95,-0.01978563902898943,0.04098349506271603,2026,5000,5000,808,275,descriptive paired outer-fold OOF patient bootstrap; not confirmatory and not used for model or checkpoint selection
foundation_vs_current_cnn:a99f4e754348,foundation_vs_current_cnn,foundation_minus_current_CNN_mri_clinical,full_808,T0-T2,GAP0_mri_clinical,GLOBAL,dino_vitb16_imagenet1k_mri_clinical,GLOBAL,brier,False,0.22271179322895543,0.22875808879652854,0.006046295567573107,0.95,-0.0039863855088346275,0.015815999197922762,2026,5000,5000,808,275,descriptive paired outer-fold OOF patient bootstrap; not confirmatory and not used for model or checkpoint selection
foundation_vs_current_cnn:91e4a56d2dcd,foundation_vs_current_cnn,foundation_minus_current_CNN_mri_clinical,full_808,T0-T2,LOCAL0_mri_clinical,LOCAL,dino_vitb16_imagenet1k_mri_clinical,LOCAL,auprc,True,0.5076969907913054,0.4984631723732943,-0.009233818418011075,0.95,-0.06331949640830739,0.046041632857192115,2026,5000,5000,808,275,descriptive paired outer-fold OOF patient bootstrap; not confirmatory and not used for model or checkpoint selection
foundation_vs_current_cnn:91e4a56d2dcd,foundation_vs_current_cnn,foundation_minus_current_CNN_mri_clinical,full_808,T0-T2,LOCAL0_mri_clinical,LOCAL,dino_vitb16_imagenet1k_mri_clinical,LOCAL,auroc,True,0.6746580249019273,0.6721610097219852,-0.0024970151799420526,0.95,-0.03987509422341814,0.0354164563351842,2026,5000,5000,808,275,descriptive paired outer-fold OOF patient bootstrap; not confirmatory and not used for model or checkpoint selection
foundation_vs_current_cnn:91e4a56d2dcd,foundation_vs_current_cnn,foundation_minus_current_CNN_mri_clinical,full_808,T0-T2,LOCAL0_mri_clinical,LOCAL,dino_vitb16_imagenet1k_mri_clinical,LOCAL,brier,False,0.2333417083176712,0.2312148123932091,-0.0021268959244621077,0.95,-0.016197060715905466,0.011885418142930895,2026,5000,5000,808,275,descriptive paired outer-fold OOF patient bootstrap; not confirmatory and not used for model or checkpoint selection
foundation_vs_current_cnn:cc1fa69535ca,foundation_vs_current_cnn,foundation_minus_current_CNN_mri_only,full_808,T0-T2,GAP0_mri_only,GLOBAL,dino_vitb16_imagenet1k_mri_only,GLOBAL,auprc,True,0.39425580631072243,0.39683301943453997,0.0025772131238175344,0.95,-0.05462371939278991,0.059750837519171415,2026,5000,5000,808,275,descriptive paired outer-fold OOF patient bootstrap; not confirmatory and not used for model or checkpoint selection
foundation_vs_current_cnn:cc1fa69535ca,foundation_vs_current_cnn,foundation_minus_current_CNN_mri_only,full_808,T0-T2,GAP0_mri_only,GLOBAL,dino_vitb16_imagenet1k_mri_only,GLOBAL,auroc,True,0.5520245608050486,0.5391096708169878,-0.012914889988060785,0.95,-0.06683092806612151,0.04243093169382459,2026,5000,5000,808,275,descriptive paired outer-fold OOF patient bootstrap; not confirmatory and not used for model or checkpoint selection
foundation_vs_current_cnn:cc1fa69535ca,foundation_vs_current_cnn,foundation_minus_current_CNN_mri_only,full_808,T0-T2,GAP0_mri_only,GLOBAL,dino_vitb16_imagenet1k_mri_only,GLOBAL,brier,False,0.2741997280099568,0.30897811115197604,0.034778383142019254,0.95,0.009871978983819082,0.060433176332164926,2026,5000,5000,808,275,descriptive paired outer-fold OOF patient bootstrap; not confirmatory and not used for model or checkpoint selection
foundation_vs_current_cnn:986fc1f299cf,foundation_vs_current_cnn,foundation_minus_current_CNN_mri_only,full_808,T0-T2,LOCAL0_mri_only,LOCAL,dino_vitb16_imagenet1k_mri_only,LOCAL,auprc,True,0.3716478189876023,0.41757344760581305,0.045925628618210756,0.95,-0.005933687760073164,0.09840075919620878,2026,5000,5000,808,275,descriptive paired outer-fold OOF patient bootstrap; not confirmatory and not used for model or checkpoint selection
foundation_vs_current_cnn:986fc1f299cf,foundation_vs_current_cnn,foundation_minus_current_CNN_mri_only,full_808,T0-T2,LOCAL0_mri_only,LOCAL,dino_vitb16_imagenet1k_mri_only,LOCAL,auroc,True,0.5469827733242367,0.5775882653931435,0.030605492068906726,0.95,-0.022826562770916832,0.08199200770824758,2026,5000,5000,808,275,descriptive paired outer-fold OOF patient bootstrap; not confirmatory and not used for model or checkpoint selection
foundation_vs_current_cnn:986fc1f299cf,foundation_vs_current_cnn,foundation_minus_current_CNN_mri_only,full_808,T0-T2,LOCAL0_mri_only,LOCAL,dino_vitb16_imagenet1k_mri_only,LOCAL,brier,False,0.27211406262437354,0.26301202510369565,-0.009102037520677897,0.95,-0.02617702589088499,0.008919295183607704,2026,5000,5000,808,275,descriptive paired outer-fold OOF patient bootstrap; not confirmatory and not used for model or checkpoint selection
foundation_vs_current_cnn:252e340a6a7e,foundation_vs_current_cnn,foundation_minus_current_CNN_mri_clinical,full_808,T0-T2,GAP0_mri_clinical,GLOBAL,medicalnet_resnet50_3dseg8_mri_clinical,GLOBAL,auprc,True,0.5414664455813767,0.4884712065340868,-0.052995239047289866,0.95,-0.11025926681239762,0.0023252887538618094,2026,5000,5000,808,275,descriptive paired outer-fold OOF patient bootstrap; not confirmatory and not used for model or checkpoint selection
foundation_vs_current_cnn:252e340a6a7e,foundation_vs_current_cnn,foundation_minus_current_CNN_mri_clinical,full_808,T0-T2,GAP0_mri_clinical,GLOBAL,medicalnet_resnet50_3dseg8_mri_clinical,GLOBAL,auroc,True,0.6964898516118028,0.6741190516800273,-0.022370799931775487,0.95,-0.05683812142846562,0.011364214321318592,2026,5000,5000,808,275,descriptive paired outer-fold OOF patient bootstrap; not confirmatory and not used for model or checkpoint selection
foundation_vs_current_cnn:252e340a6a7e,foundation_vs_current_cnn,foundation_minus_current_CNN_mri_clinical,full_808,T0-T2,GAP0_mri_clinical,GLOBAL,medicalnet_resnet50_3dseg8_mri_clinical,GLOBAL,brier,False,0.22271179322895543,0.2331992519888285,0.010487458759873058,0.95,-0.0014176369538754666,0.022999315405689103,2026,5000,5000,808,275,descriptive paired outer-fold OOF patient bootstrap; not confirmatory and not used for model or checkpoint selection
foundation_vs_current_cnn:94fbe1faeb95,foundation_vs_current_cnn,foundation_minus_current_CNN_mri_clinical,full_808,T0-T2,LOCAL0_mri_clinical,LOCAL,medicalnet_resnet50_3dseg8_mri_clinical,LOCAL,auprc,True,0.5076969907913054,0.5182611415097298,0.010564150718424425,0.95,-0.04123775711351381,0.06882673468624219,2026,5000,5000,808,275,descriptive paired outer-fold OOF patient bootstrap; not confirmatory and not used for model or checkpoint selection
foundation_vs_current_cnn:94fbe1faeb95,foundation_vs_current_cnn,foundation_minus_current_CNN_mri_clinical,full_808,T0-T2,LOCAL0_mri_clinical,LOCAL,medicalnet_resnet50_3dseg8_mri_clinical,LOCAL,auroc,True,0.6746580249019273,0.703394166808801,0.02873614190687368,0.95,-0.005001812006538528,0.06360931899026015,2026,5000,5000,808,275,descriptive paired outer-fold OOF patient bootstrap; not confirmatory and not used for model or checkpoint selection
foundation_vs_current_cnn:94fbe1faeb95,foundation_vs_current_cnn,foundation_minus_current_CNN_mri_clinical,full_808,T0-T2,LOCAL0_mri_clinical,LOCAL,medicalnet_resnet50_3dseg8_mri_clinical,LOCAL,brier,False,0.2333417083176712,0.22963977570779254,-0.0037019326098786665,0.95,-0.01736268268286991,0.009329173483927448,2026,5000,5000,808,275,descriptive paired outer-fold OOF patient bootstrap; not confirmatory and not used for model or checkpoint selection
foundation_vs_current_cnn:b8d457236f29,foundation_vs_current_cnn,foundation_minus_current_CNN_mri_only,full_808,T0-T2,GAP0_mri_only,GLOBAL,medicalnet_resnet50_3dseg8_mri_only,GLOBAL,auprc,True,0.39425580631072243,0.3681007635462412,-0.026155042764481218,0.95,-0.07963477605418183,0.027565378534906492,2026,5000,5000,808,275,descriptive paired outer-fold OOF patient bootstrap; not confirmatory and not used for model or checkpoint selection
foundation_vs_current_cnn:b8d457236f29,foundation_vs_current_cnn,foundation_minus_current_CNN_mri_only,full_808,T0-T2,GAP0_mri_only,GLOBAL,medicalnet_resnet50_3dseg8_mri_only,GLOBAL,auroc,True,0.5520245608050486,0.5212212178065837,-0.030803342998464878,0.95,-0.0865879609645907,0.02264605057957811,2026,5000,5000,808,275,descriptive paired outer-fold OOF patient bootstrap; not confirmatory and not used for model or checkpoint selection
foundation_vs_current_cnn:b8d457236f29,foundation_vs_current_cnn,foundation_minus_current_CNN_mri_only,full_808,T0-T2,GAP0_mri_only,GLOBAL,medicalnet_resnet50_3dseg8_mri_only,GLOBAL,brier,False,0.2741997280099568,0.31538939546695616,0.04118966745699937,0.95,0.016087460203087458,0.06734216614833599,2026,5000,5000,808,275,descriptive paired outer-fold OOF patient bootstrap; not confirmatory and not used for model or checkpoint selection
foundation_vs_current_cnn:410668394f3a,foundation_vs_current_cnn,foundation_minus_current_CNN_mri_only,full_808,T0-T2,LOCAL0_mri_only,LOCAL,medicalnet_resnet50_3dseg8_mri_only,LOCAL,auprc,True,0.3716478189876023,0.3535833348260004,-0.01806448416160189,0.95,-0.06582168875027782,0.026967507511495653,2026,5000,5000,808,275,descriptive paired outer-fold OOF patient bootstrap; not confirmatory and not used for model or checkpoint selection
foundation_vs_current_cnn:410668394f3a,foundation_vs_current_cnn,foundation_minus_current_CNN_mri_only,full_808,T0-T2,LOCAL0_mri_only,LOCAL,medicalnet_resnet50_3dseg8_mri_only,LOCAL,auroc,True,0.5469827733242367,0.5269861845471601,-0.019996588777076663,0.95,-0.07464703217816265,0.034525311617679195,2026,5000,5000,808,275,descriptive paired outer-fold OOF patient bootstrap; not confirmatory and not used for model or checkpoint selection
foundation_vs_current_cnn:410668394f3a,foundation_vs_current_cnn,foundation_minus_current_CNN_mri_only,full_808,T0-T2,LOCAL0_mri_only,LOCAL,medicalnet_resnet50_3dseg8_mri_only,LOCAL,brier,False,0.27211406262437354,0.2884808875170953,0.016366824892721732,0.95,-0.0058483851995450465,0.03858562580366147,2026,5000,5000,808,275,descriptive paired outer-fold OOF patient bootstrap; not confirmatory and not used for model or checkpoint selection
foundation_vs_current_cnn:5bdc89d1a236,foundation_vs_current_cnn,foundation_minus_current_CNN_mri_clinical_paired,radiomics_complete_case_375,T0,GAP0_mri_clinical_paired,GLOBAL,dino_vitb16_imagenet1k_mri_clinical_paired,GLOBAL,auprc,True,0.4644780097541826,0.3958333278207355,-0.06864468193344708,0.95,-0.15020387781270425,0.011319581229371845,2026,5000,5000,375,110,descriptive paired outer-fold OOF patient bootstrap; not confirmatory and not used for model or checkpoint selection
foundation_vs_current_cnn:5bdc89d1a236,foundation_vs_current_cnn,foundation_minus_current_CNN_mri_clinical_paired,radiomics_complete_case_375,T0,GAP0_mri_clinical_paired,GLOBAL,dino_vitb16_imagenet1k_mri_clinical_paired,GLOBAL,auroc,True,0.6554373927958834,0.5872727272727273,-0.06816466552315614,0.95,-0.13273181067298712,-0.0012974249272562188,2026,5000,5000,375,110,descriptive paired outer-fold OOF patient bootstrap; not confirmatory and not used for model or checkpoint selection
foundation_vs_current_cnn:5bdc89d1a236,foundation_vs_current_cnn,foundation_minus_current_CNN_mri_clinical_paired,radiomics_complete_case_375,T0,GAP0_mri_clinical_paired,GLOBAL,dino_vitb16_imagenet1k_mri_clinical_paired,GLOBAL,brier,False,0.23162395129739863,0.26970619961272124,0.038082248315322614,0.95,0.011243016817950473,0.06512848682569942,2026,5000,5000,375,110,descriptive paired outer-fold OOF patient bootstrap; not confirmatory and not used for model or checkpoint selection
foundation_vs_current_cnn:c8b2f2266234,foundation_vs_current_cnn,foundation_minus_current_CNN_mri_clinical_paired,radiomics_complete_case_375,T0,LOCAL0_mri_clinical_paired,LOCAL,dino_vitb16_imagenet1k_mri_clinical_paired,LOCAL,auprc,True,0.4632352912412934,0.3879303977232129,-0.0753048935180805,0.95,-0.1571523633938124,0.011902946679055573,2026,5000,5000,375,110,descriptive paired outer-fold OOF patient bootstrap; not confirmatory and not used for model or checkpoint selection
foundation_vs_current_cnn:c8b2f2266234,foundation_vs_current_cnn,foundation_minus_current_CNN_mri_clinical_paired,radiomics_complete_case_375,T0,LOCAL0_mri_clinical_paired,LOCAL,dino_vitb16_imagenet1k_mri_clinical_paired,LOCAL,auroc,True,0.6702572898799314,0.6051114922813036,-0.06514579759862782,0.95,-0.1252193668997556,-0.002738817849762485,2026,5000,5000,375,110,descriptive paired outer-fold OOF patient bootstrap; not confirmatory and not used for model or checkpoint selection
foundation_vs_current_cnn:c8b2f2266234,foundation_vs_current_cnn,foundation_minus_current_CNN_mri_clinical_paired,radiomics_complete_case_375,T0,LOCAL0_mri_clinical_paired,LOCAL,dino_vitb16_imagenet1k_mri_clinical_paired,LOCAL,brier,False,0.23702598373576825,0.2609388657660158,0.02391288203024758,0.95,0.002596907638898236,0.04612336052287015,2026,5000,5000,375,110,descriptive paired outer-fold OOF patient bootstrap; not confirmatory and not used for model or checkpoint selection
foundation_vs_current_cnn:827764acd0b5,foundation_vs_current_cnn,foundation_minus_current_CNN_mri_only_paired,radiomics_complete_case_375,T0,GAP0_mri_only_paired,GLOBAL,dino_vitb16_imagenet1k_mri_only_paired,GLOBAL,auprc,True,0.28118894339380285,0.31710121341222464,0.03591227001842179,0.95,-0.021141096153185802,0.09111726970843331,2026,5000,5000,375,110,descriptive paired outer-fold OOF patient bootstrap; not confirmatory and not used for model or checkpoint selection
foundation_vs_current_cnn:827764acd0b5,foundation_vs_current_cnn,foundation_minus_current_CNN_mri_only_paired,radiomics_complete_case_375,T0,GAP0_mri_only_paired,GLOBAL,dino_vitb16_imagenet1k_mri_only_paired,GLOBAL,auroc,True,0.4826758147512864,0.5159519725557462,0.033276157804459805,0.95,-0.047946922565407425,0.11167101621531991,2026,5000,5000,375,110,descriptive paired outer-fold OOF patient bootstrap; not confirmatory and not used for model or checkpoint selection
foundation_vs_current_cnn:827764acd0b5,foundation_vs_current_cnn,foundation_minus_current_CNN_mri_only_paired,radiomics_complete_case_375,T0,GAP0_mri_only_paired,GLOBAL,dino_vitb16_imagenet1k_mri_only_paired,GLOBAL,brier,False,0.2618279474060911,0.27393223569284497,0.012104288286753861,0.95,-0.012607903705667856,0.037256484681587335,2026,5000,5000,375,110,descriptive paired outer-fold OOF patient bootstrap; not confirmatory and not used for model or checkpoint selection
foundation_vs_current_cnn:7d79ea68ad37,foundation_vs_current_cnn,foundation_minus_current_CNN_mri_only_paired,radiomics_complete_case_375,T0,LOCAL0_mri_only_paired,LOCAL,dino_vitb16_imagenet1k_mri_only_paired,LOCAL,auprc,True,0.3044507774010945,0.33175177748512497,0.02730100008403047,0.95,-0.047226109201113586,0.09891407815774626,2026,5000,5000,375,110,descriptive paired outer-fold OOF patient bootstrap; not confirmatory and not used for model or checkpoint selection
foundation_vs_current_cnn:7d79ea68ad37,foundation_vs_current_cnn,foundation_minus_current_CNN_mri_only_paired,radiomics_complete_case_375,T0,LOCAL0_mri_only_paired,LOCAL,dino_vitb16_imagenet1k_mri_only_paired,LOCAL,auroc,True,0.5024356775300172,0.5401715265866209,0.037735849056603765,0.95,-0.05128082541914222,0.1242796798288174,2026,5000,5000,375,110,descriptive paired outer-fold OOF patient bootstrap; not confirmatory and not used for model or checkpoint selection
foundation_vs_current_cnn:7d79ea68ad37,foundation_vs_current_cnn,foundation_minus_current_CNN_mri_only_paired,radiomics_complete_case_375,T0,LOCAL0_mri_only_paired,LOCAL,dino_vitb16_imagenet1k_mri_only_paired,LOCAL,brier,False,0.2960296858018034,0.27188005001122323,-0.02414963579058016,0.95,-0.055878273138329035,0.007963598452762415,2026,5000,5000,375,110,descriptive paired outer-fold OOF patient bootstrap; not confirmatory and not used for model or checkpoint selection
foundation_vs_current_cnn:e64debbf9d32,foundation_vs_current_cnn,foundation_minus_current_CNN_mri_clinical_paired,radiomics_complete_case_375,T0,GAP0_mri_clinical_paired,GLOBAL,medicalnet_resnet50_3dseg8_mri_clinical_paired,GLOBAL,auprc,True,0.4644780097541826,0.40871576920467745,-0.05576224054950513,0.95,-0.14339024350093138,0.026717025049089328,2026,5000,5000,375,110,descriptive paired outer-fold OOF patient bootstrap; not confirmatory and not used for model or checkpoint selection
foundation_vs_current_cnn:e64debbf9d32,foundation_vs_current_cnn,foundation_minus_current_CNN_mri_clinical_paired,radiomics_complete_case_375,T0,GAP0_mri_clinical_paired,GLOBAL,medicalnet_resnet50_3dseg8_mri_clinical_paired,GLOBAL,auroc,True,0.6554373927958834,0.6213207547169812,-0.034116638078902195,0.95,-0.0955201048074511,0.030444970525473666,2026,5000,5000,375,110,descriptive paired outer-fold OOF patient bootstrap; not confirmatory and not used for model or checkpoint selection
foundation_vs_current_cnn:e64debbf9d32,foundation_vs_current_cnn,foundation_minus_current_CNN_mri_clinical_paired,radiomics_complete_case_375,T0,GAP0_mri_clinical_paired,GLOBAL,medicalnet_resnet50_3dseg8_mri_clinical_paired,GLOBAL,brier,False,0.23162395129739863,0.24492299139978035,0.013299040102381726,0.95,-0.008541640897240467,0.03475415453767735,2026,5000,5000,375,110,descriptive paired outer-fold OOF patient bootstrap; not confirmatory and not used for model or checkpoint selection
foundation_vs_current_cnn:edb59437a73d,foundation_vs_current_cnn,foundation_minus_current_CNN_mri_clinical_paired,radiomics_complete_case_375,T0,LOCAL0_mri_clinical_paired,LOCAL,medicalnet_resnet50_3dseg8_mri_clinical_paired,LOCAL,auprc,True,0.4632352912412934,0.42466519852913925,-0.03857009271215417,0.95,-0.11342566870411246,0.044435845055267806,2026,5000,5000,375,110,descriptive paired outer-fold OOF patient bootstrap; not confirmatory and not used for model or checkpoint selection
foundation_vs_current_cnn:edb59437a73d,foundation_vs_current_cnn,foundation_minus_current_CNN_mri_clinical_paired,radiomics_complete_case_375,T0,LOCAL0_mri_clinical_paired,LOCAL,medicalnet_resnet50_3dseg8_mri_clinical_paired,LOCAL,auroc,True,0.6702572898799314,0.6475128644939966,-0.022744425385934797,0.95,-0.07078631082062455,0.02709842378960016,2026,5000,5000,375,110,descriptive paired outer-fold OOF patient bootstrap; not confirmatory and not used for model or checkpoint selection
foundation_vs_current_cnn:edb59437a73d,foundation_vs_current_cnn,foundation_minus_current_CNN_mri_clinical_paired,radiomics_complete_case_375,T0,LOCAL0_mri_clinical_paired,LOCAL,medicalnet_resnet50_3dseg8_mri_clinical_paired,LOCAL,brier,False,0.23702598373576825,0.2453193675792673,0.008293383843499064,0.95,-0.0057767377557114705,0.022909848223608323,2026,5000,5000,375,110,descriptive paired outer-fold OOF patient bootstrap; not confirmatory and not used for model or checkpoint selection
foundation_vs_current_cnn:6e07a060a807,foundation_vs_current_cnn,foundation_minus_current_CNN_mri_only_paired,radiomics_complete_case_375,T0,GAP0_mri_only_paired,GLOBAL,medicalnet_resnet50_3dseg8_mri_only_paired,GLOBAL,auprc,True,0.28118894339380285,0.3216640830847811,0.04047513969097827,0.95,-0.018885750088677315,0.1033935822585665,2026,5000,5000,375,110,descriptive paired outer-fold OOF patient bootstrap; not confirmatory and not used for model or checkpoint selection
foundation_vs_current_cnn:6e07a060a807,foundation_vs_current_cnn,foundation_minus_current_CNN_mri_only_paired,radiomics_complete_case_375,T0,GAP0_mri_only_paired,GLOBAL,medicalnet_resnet50_3dseg8_mri_only_paired,GLOBAL,auroc,True,0.4826758147512864,0.5143739279588336,0.03169811320754723,0.95,-0.04971081329496237,0.10880991160724213,2026,5000,5000,375,110,descriptive paired outer-fold OOF patient bootstrap; not confirmatory and not used for model or checkpoint selection
foundation_vs_current_cnn:6e07a060a807,foundation_vs_current_cnn,foundation_minus_current_CNN_mri_only_paired,radiomics_complete_case_375,T0,GAP0_mri_only_paired,GLOBAL,medicalnet_resnet50_3dseg8_mri_only_paired,GLOBAL,brier,False,0.2618279474060911,0.2875065803683427,0.02567863296225159,0.95,0.0009602212779962917,0.0513621042712238,2026,5000,5000,375,110,descriptive paired outer-fold OOF patient bootstrap; not confirmatory and not used for model or checkpoint selection
foundation_vs_current_cnn:79fa38c215c9,foundation_vs_current_cnn,foundation_minus_current_CNN_mri_only_paired,radiomics_complete_case_375,T0,LOCAL0_mri_only_paired,LOCAL,medicalnet_resnet50_3dseg8_mri_only_paired,LOCAL,auprc,True,0.3044507774010945,0.3158945722323816,0.011443794831287102,0.95,-0.054152296076749616,0.08140312945917844,2026,5000,5000,375,110,descriptive paired outer-fold OOF patient bootstrap; not confirmatory and not used for model or checkpoint selection
foundation_vs_current_cnn:79fa38c215c9,foundation_vs_current_cnn,foundation_minus_current_CNN_mri_only_paired,radiomics_complete_case_375,T0,LOCAL0_mri_only_paired,LOCAL,medicalnet_resnet50_3dseg8_mri_only_paired,LOCAL,auroc,True,0.5024356775300172,0.49838765008576325,-0.004048027444253921,0.95,-0.08708978908179524,0.08213980139364815,2026,5000,5000,375,110,descriptive paired outer-fold OOF patient bootstrap; not confirmatory and not used for model or checkpoint selection
foundation_vs_current_cnn:79fa38c215c9,foundation_vs_current_cnn,foundation_minus_current_CNN_mri_only_paired,radiomics_complete_case_375,T0,LOCAL0_mri_only_paired,LOCAL,medicalnet_resnet50_3dseg8_mri_only_paired,LOCAL,brier,False,0.2960296858018034,0.2817274382450764,-0.014302247556726988,0.95,-0.044177933429969014,0.015600246610065855,2026,5000,5000,375,110,descriptive paired outer-fold OOF patient bootstrap; not confirmatory and not used for model or checkpoint selection
foundation_vs_current_cnn:07a050ef5056,foundation_vs_current_cnn,foundation_minus_current_CNN_mri_clinical_paired,radiomics_complete_case_375,T0-T1,GAP0_mri_clinical_paired,GLOBAL,dino_vitb16_imagenet1k_mri_clinical_paired,GLOBAL,auprc,True,0.46470542657589653,0.3276504375941919,-0.13705498898170465,0.95,-0.2160419678519081,-0.0577048159506825,2026,5000,5000,375,110,descriptive paired outer-fold OOF patient bootstrap; not confirmatory and not used for model or checkpoint selection
foundation_vs_current_cnn:07a050ef5056,foundation_vs_current_cnn,foundation_minus_current_CNN_mri_clinical_paired,radiomics_complete_case_375,T0-T1,GAP0_mri_clinical_paired,GLOBAL,dino_vitb16_imagenet1k_mri_clinical_paired,GLOBAL,auroc,True,0.6508747855917666,0.5451457975986278,-0.10572898799313879,0.95,-0.18600270484766898,-0.029263179706472485,2026,5000,5000,375,110,descriptive paired outer-fold OOF patient bootstrap; not confirmatory and not used for model or checkpoint selection
foundation_vs_current_cnn:07a050ef5056,foundation_vs_current_cnn,foundation_minus_current_CNN_mri_clinical_paired,radiomics_complete_case_375,T0-T1,GAP0_mri_clinical_paired,GLOBAL,dino_vitb16_imagenet1k_mri_clinical_paired,GLOBAL,brier,False,0.2413231366770669,0.3073935909249885,0.06607045424792163,0.95,0.031248391791331785,0.10171355597750635,2026,5000,5000,375,110,descriptive paired outer-fold OOF patient bootstrap; not confirmatory and not used for model or checkpoint selection
foundation_vs_current_cnn:5be1d9ce09e5,foundation_vs_current_cnn,foundation_minus_current_CNN_mri_clinical_paired,radiomics_complete_case_375,T0-T1,LOCAL0_mri_clinical_paired,LOCAL,dino_vitb16_imagenet1k_mri_clinical_paired,LOCAL,auprc,True,0.4432097004780435,0.3977707551764841,-0.0454389453015594,0.95,-0.12904320728333626,0.04078029670245931,2026,5000,5000,375,110,descriptive paired outer-fold OOF patient bootstrap; not confirmatory and not used for model or checkpoint selection
foundation_vs_current_cnn:5be1d9ce09e5,foundation_vs_current_cnn,foundation_minus_current_CNN_mri_clinical_paired,radiomics_complete_case_375,T0-T1,LOCAL0_mri_clinical_paired,LOCAL,dino_vitb16_imagenet1k_mri_clinical_paired,LOCAL,auroc,True,0.6389365351629502,0.6222641509433963,-0.01667238421955397,0.95,-0.08797409051929345,0.055799192513200924,2026,5000,5000,375,110,descriptive paired outer-fold OOF patient bootstrap; not confirmatory and not used for model or checkpoint selection
foundation_vs_current_cnn:5be1d9ce09e5,foundation_vs_current_cnn,foundation_minus_current_CNN_mri_clinical_paired,radiomics_complete_case_375,T0-T1,LOCAL0_mri_clinical_paired,LOCAL,dino_vitb16_imagenet1k_mri_clinical_paired,LOCAL,brier,False,0.24739920025295598,0.25565090321566347,0.008251702962707497,0.95,-0.022351283972951837,0.03871172291102494,2026,5000,5000,375,110,descriptive paired outer-fold OOF patient bootstrap; not confirmatory and not used for model or checkpoint selection
foundation_vs_current_cnn:051eac9df259,foundation_vs_current_cnn,foundation_minus_current_CNN_mri_only_paired,radiomics_complete_case_375,T0-T1,GAP0_mri_only_paired,GLOBAL,dino_vitb16_imagenet1k_mri_only_paired,GLOBAL,auprc,True,0.2813974026596193,0.29291625249918873,0.011518849839569412,0.95,-0.04754184384494365,0.0675438221642094,2026,5000,5000,375,110,descriptive paired outer-fold OOF patient bootstrap; not confirmatory and not used for model or checkpoint selection
foundation_vs_current_cnn:051eac9df259,foundation_vs_current_cnn,foundation_minus_current_CNN_mri_only_paired,radiomics_complete_case_375,T0-T1,GAP0_mri_only_paired,GLOBAL,dino_vitb16_imagenet1k_mri_only_paired,GLOBAL,auroc,True,0.45550600343053177,0.49903945111492276,0.04353344768439099,0.95,-0.039753446511516737,0.12436475447878953,2026,5000,5000,375,110,descriptive paired outer-fold OOF patient bootstrap; not confirmatory and not used for model or checkpoint selection
foundation_vs_current_cnn:051eac9df259,foundation_vs_current_cnn,foundation_minus_current_CNN_mri_only_paired,radiomics_complete_case_375,T0-T1,GAP0_mri_only_paired,GLOBAL,dino_vitb16_imagenet1k_mri_only_paired,GLOBAL,brier,False,0.3213982870957275,0.31441415501252407,-0.00698413208320342,0.95,-0.04544014444918797,0.031227313825945992,2026,5000,5000,375,110,descriptive paired outer-fold OOF patient bootstrap; not confirmatory and not used for model or checkpoint selection
foundation_vs_current_cnn:ab76eec249dd,foundation_vs_current_cnn,foundation_minus_current_CNN_mri_only_paired,radiomics_complete_case_375,T0-T1,LOCAL0_mri_only_paired,LOCAL,dino_vitb16_imagenet1k_mri_only_paired,LOCAL,auprc,True,0.3120527038899898,0.3541124368539642,0.04205973296397442,0.95,-0.03815973610167062,0.1274859813381049,2026,5000,5000,375,110,descriptive paired outer-fold OOF patient bootstrap; not confirmatory and not used for model or checkpoint selection
foundation_vs_current_cnn:ab76eec249dd,foundation_vs_current_cnn,foundation_minus_current_CNN_mri_only_paired,radiomics_complete_case_375,T0-T1,LOCAL0_mri_only_paired,LOCAL,dino_vitb16_imagenet1k_mri_only_paired,LOCAL,auroc,True,0.49710120068610636,0.5664493996569467,0.06934819897084038,0.95,-0.020132091846683086,0.15616621614318277,2026,5000,5000,375,110,descriptive paired outer-fold OOF patient bootstrap; not confirmatory and not used for model or checkpoint selection
foundation_vs_current_cnn:ab76eec249dd,foundation_vs_current_cnn,foundation_minus_current_CNN_mri_only_paired,radiomics_complete_case_375,T0-T1,LOCAL0_mri_only_paired,LOCAL,dino_vitb16_imagenet1k_mri_only_paired,LOCAL,brier,False,0.271378766293703,0.28332347976053135,0.01194471346682835,0.95,-0.018821996163537077,0.04401568501997995,2026,5000,5000,375,110,descriptive paired outer-fold OOF patient bootstrap; not confirmatory and not used for model or checkpoint selection
foundation_vs_current_cnn:de808bfceb8e,foundation_vs_current_cnn,foundation_minus_current_CNN_mri_clinical_paired,radiomics_complete_case_375,T0-T1,GAP0_mri_clinical_paired,GLOBAL,medicalnet_resnet50_3dseg8_mri_clinical_paired,GLOBAL,auprc,True,0.46470542657589653,0.37310460270157797,-0.09160082387431856,0.95,-0.185010044917923,0.008841424902304433,2026,5000,5000,375,110,descriptive paired outer-fold OOF patient bootstrap; not confirmatory and not used for model or checkpoint selection
foundation_vs_current_cnn:de808bfceb8e,foundation_vs_current_cnn,foundation_minus_current_CNN_mri_clinical_paired,radiomics_complete_case_375,T0-T1,GAP0_mri_clinical_paired,GLOBAL,medicalnet_resnet50_3dseg8_mri_clinical_paired,GLOBAL,auroc,True,0.6508747855917666,0.5490909090909091,-0.10178387650085752,0.95,-0.1817129833596756,-0.018588719316440832,2026,5000,5000,375,110,descriptive paired outer-fold OOF patient bootstrap; not confirmatory and not used for model or checkpoint selection
foundation_vs_current_cnn:de808bfceb8e,foundation_vs_current_cnn,foundation_minus_current_CNN_mri_clinical_paired,radiomics_complete_case_375,T0-T1,GAP0_mri_clinical_paired,GLOBAL,medicalnet_resnet50_3dseg8_mri_clinical_paired,GLOBAL,brier,False,0.2413231366770669,0.25967505284753845,0.01835191617047155,0.95,-0.010568030865666546,0.04720658850118409,2026,5000,5000,375,110,descriptive paired outer-fold OOF patient bootstrap; not confirmatory and not used for model or checkpoint selection
foundation_vs_current_cnn:8168b7932cf7,foundation_vs_current_cnn,foundation_minus_current_CNN_mri_clinical_paired,radiomics_complete_case_375,T0-T1,LOCAL0_mri_clinical_paired,LOCAL,medicalnet_resnet50_3dseg8_mri_clinical_paired,LOCAL,auprc,True,0.4432097004780435,0.3382245018436268,-0.10498519863441669,0.95,-0.19261963708087915,-0.011287468743118676,2026,5000,5000,375,110,descriptive paired outer-fold OOF patient bootstrap; not confirmatory and not used for model or checkpoint selection
foundation_vs_current_cnn:8168b7932cf7,foundation_vs_current_cnn,foundation_minus_current_CNN_mri_clinical_paired,radiomics_complete_case_375,T0-T1,LOCAL0_mri_clinical_paired,LOCAL,medicalnet_resnet50_3dseg8_mri_clinical_paired,LOCAL,auroc,True,0.6389365351629502,0.5446483704974272,-0.09428816466552303,0.95,-0.17432033967538763,-0.01090687440338495,2026,5000,5000,375,110,descriptive paired outer-fold OOF patient bootstrap; not confirmatory and not used for model or checkpoint selection
foundation_vs_current_cnn:8168b7932cf7,foundation_vs_current_cnn,foundation_minus_current_CNN_mri_clinical_paired,radiomics_complete_case_375,T0-T1,LOCAL0_mri_clinical_paired,LOCAL,medicalnet_resnet50_3dseg8_mri_clinical_paired,LOCAL,brier,False,0.24739920025295598,0.2729335771378933,0.025534376884937315,0.95,-0.003580004390040717,0.05469336437205449,2026,5000,5000,375,110,descriptive paired outer-fold OOF patient bootstrap; not confirmatory and not used for model or checkpoint selection
foundation_vs_current_cnn:1c7cf75f48fe,foundation_vs_current_cnn,foundation_minus_current_CNN_mri_only_paired,radiomics_complete_case_375,T0-T1,GAP0_mri_only_paired,GLOBAL,medicalnet_resnet50_3dseg8_mri_only_paired,GLOBAL,auprc,True,0.2813974026596193,0.3550706919373151,0.07367328927769579,0.95,-0.004520985561996326,0.15709568585135997,2026,5000,5000,375,110,descriptive paired outer-fold OOF patient bootstrap; not confirmatory and not used for model or checkpoint selection
foundation_vs_current_cnn:1c7cf75f48fe,foundation_vs_current_cnn,foundation_minus_current_CNN_mri_only_paired,radiomics_complete_case_375,T0-T1,GAP0_mri_only_paired,GLOBAL,medicalnet_resnet50_3dseg8_mri_only_paired,GLOBAL,auroc,True,0.45550600343053177,0.5497427101200686,0.09423670668953682,0.95,0.0005114564829787142,0.18604960440669496,2026,5000,5000,375,110,descriptive paired outer-fold OOF patient bootstrap; not confirmatory and not used for model or checkpoint selection
foundation_vs_current_cnn:1c7cf75f48fe,foundation_vs_current_cnn,foundation_minus_current_CNN_mri_only_paired,radiomics_complete_case_375,T0-T1,GAP0_mri_only_paired,GLOBAL,medicalnet_resnet50_3dseg8_mri_only_paired,GLOBAL,brier,False,0.3213982870957275,0.27886249220665155,-0.04253579488907594,0.95,-0.07970267596228242,-0.005003409099651544,2026,5000,5000,375,110,descriptive paired outer-fold OOF patient bootstrap; not confirmatory and not used for model or checkpoint selection
foundation_vs_current_cnn:9978750853e5,foundation_vs_current_cnn,foundation_minus_current_CNN_mri_only_paired,radiomics_complete_case_375,T0-T1,LOCAL0_mri_only_paired,LOCAL,medicalnet_resnet50_3dseg8_mri_only_paired,LOCAL,auprc,True,0.3120527038899898,0.31514830032889185,0.0030955964389020596,0.95,-0.06611245393169604,0.07650759621904525,2026,5000,5000,375,110,descriptive paired outer-fold OOF patient bootstrap; not confirmatory and not used for model or checkpoint selection
foundation_vs_current_cnn:9978750853e5,foundation_vs_current_cnn,foundation_minus_current_CNN_mri_only_paired,radiomics_complete_case_375,T0-T1,LOCAL0_mri_only_paired,LOCAL,medicalnet_resnet50_3dseg8_mri_only_paired,LOCAL,auroc,True,0.49710120068610636,0.510566037735849,0.013464837049742606,0.95,-0.07118513730278436,0.09914330644503909,2026,5000,5000,375,110,descriptive paired outer-fold OOF patient bootstrap; not confirmatory and not used for model or checkpoint selection
foundation_vs_current_cnn:9978750853e5,foundation_vs_current_cnn,foundation_minus_current_CNN_mri_only_paired,radiomics_complete_case_375,T0-T1,LOCAL0_mri_only_paired,LOCAL,medicalnet_resnet50_3dseg8_mri_only_paired,LOCAL,brier,False,0.271378766293703,0.287491002561456,0.01611223626775299,0.95,-0.009228185194985415,0.04268839327595258,2026,5000,5000,375,110,descriptive paired outer-fold OOF patient bootstrap; not confirmatory and not used for model or checkpoint selection
foundation_vs_current_cnn:00e6bddbf522,foundation_vs_current_cnn,foundation_minus_current_CNN_mri_clinical_paired,radiomics_complete_case_375,T0-T2,GAP0_mri_clinical_paired,GLOBAL,dino_vitb16_imagenet1k_mri_clinical_paired,GLOBAL,auprc,True,0.45789038400750925,0.3657008616782032,-0.09218952232930605,0.95,-0.18708021822097812,-0.0042641409830659754,2026,5000,5000,375,110,descriptive paired outer-fold OOF patient bootstrap; not confirmatory and not used for model or checkpoint selection
foundation_vs_current_cnn:00e6bddbf522,foundation_vs_current_cnn,foundation_minus_current_CNN_mri_clinical_paired,radiomics_complete_case_375,T0-T2,GAP0_mri_clinical_paired,GLOBAL,dino_vitb16_imagenet1k_mri_clinical_paired,GLOBAL,auroc,True,0.6432590051457978,0.5140308747855917,-0.12922813036020608,0.95,-0.2134054008716494,-0.04752469792028099,2026,5000,5000,375,110,descriptive paired outer-fold OOF patient bootstrap; not confirmatory and not used for model or checkpoint selection
foundation_vs_current_cnn:00e6bddbf522,foundation_vs_current_cnn,foundation_minus_current_CNN_mri_clinical_paired,radiomics_complete_case_375,T0-T2,GAP0_mri_clinical_paired,GLOBAL,dino_vitb16_imagenet1k_mri_clinical_paired,GLOBAL,brier,False,0.24820653118086564,0.35727146176288077,0.10906493058201513,0.95,0.06352256833335304,0.15604174006113475,2026,5000,5000,375,110,descriptive paired outer-fold OOF patient bootstrap; not confirmatory and not used for model or checkpoint selection
foundation_vs_current_cnn:a1a29fe98078,foundation_vs_current_cnn,foundation_minus_current_CNN_mri_clinical_paired,radiomics_complete_case_375,T0-T2,LOCAL0_mri_clinical_paired,LOCAL,dino_vitb16_imagenet1k_mri_clinical_paired,LOCAL,auprc,True,0.40085243449341046,0.42406751837361845,0.023215083880207987,0.95,-0.07449767641661431,0.12844563480675228,2026,5000,5000,375,110,descriptive paired outer-fold OOF patient bootstrap; not confirmatory and not used for model or checkpoint selection
foundation_vs_current_cnn:a1a29fe98078,foundation_vs_current_cnn,foundation_minus_current_CNN_mri_clinical_paired,radiomics_complete_case_375,T0-T2,LOCAL0_mri_clinical_paired,LOCAL,dino_vitb16_imagenet1k_mri_clinical_paired,LOCAL,auroc,True,0.606861063464837,0.6229159519725558,0.016054888507718745,0.95,-0.06531940059606178,0.09689537541170933,2026,5000,5000,375,110,descriptive paired outer-fold OOF patient bootstrap; not confirmatory and not used for model or checkpoint selection
foundation_vs_current_cnn:a1a29fe98078,foundation_vs_current_cnn,foundation_minus_current_CNN_mri_clinical_paired,radiomics_complete_case_375,T0-T2,LOCAL0_mri_clinical_paired,LOCAL,dino_vitb16_imagenet1k_mri_clinical_paired,LOCAL,brier,False,0.2777260958408237,0.24841401977057886,-0.02931207607024483,0.95,-0.06540778515134943,0.007073846443126394,2026,5000,5000,375,110,descriptive paired outer-fold OOF patient bootstrap; not confirmatory and not used for model or checkpoint selection
foundation_vs_current_cnn:1fc7c9fd3db0,foundation_vs_current_cnn,foundation_minus_current_CNN_mri_only_paired,radiomics_complete_case_375,T0-T2,GAP0_mri_only_paired,GLOBAL,dino_vitb16_imagenet1k_mri_only_paired,GLOBAL,auprc,True,0.2915909121190875,0.3483683788583086,0.05677746673922113,0.95,-0.018448254265046857,0.12627971100118504,2026,5000,5000,375,110,descriptive paired outer-fold OOF patient bootstrap; not confirmatory and not used for model or checkpoint selection
foundation_vs_current_cnn:1fc7c9fd3db0,foundation_vs_current_cnn,foundation_minus_current_CNN_mri_only_paired,radiomics_complete_case_375,T0-T2,GAP0_mri_only_paired,GLOBAL,dino_vitb16_imagenet1k_mri_only_paired,GLOBAL,auroc,True,0.49680960548885084,0.4953344768439108,-0.001475128644940038,0.95,-0.0882129651463298,0.0860237561887015,2026,5000,5000,375,110,descriptive paired outer-fold OOF patient bootstrap; not confirmatory and not used for model or checkpoint selection
foundation_vs_current_cnn:1fc7c9fd3db0,foundation_vs_current_cnn,foundation_minus_current_CNN_mri_only_paired,radiomics_complete_case_375,T0-T2,GAP0_mri_only_paired,GLOBAL,dino_vitb16_imagenet1k_mri_only_paired,GLOBAL,brier,False,0.3072284276069478,0.3597201542746522,0.05249172666770441,0.95,0.0058749233696544,0.09945708534578838,2026,5000,5000,375,110,descriptive paired outer-fold OOF patient bootstrap; not confirmatory and not used for model or checkpoint selection
foundation_vs_current_cnn:ad02e6bf68dd,foundation_vs_current_cnn,foundation_minus_current_CNN_mri_only_paired,radiomics_complete_case_375,T0-T2,LOCAL0_mri_only_paired,LOCAL,dino_vitb16_imagenet1k_mri_only_paired,LOCAL,auprc,True,0.3168057332972809,0.36981743240892717,0.05301169911164627,0.95,-0.024551678858193586,0.1319320703369328,2026,5000,5000,375,110,descriptive paired outer-fold OOF patient bootstrap; not confirmatory and not used for model or checkpoint selection
foundation_vs_current_cnn:ad02e6bf68dd,foundation_vs_current_cnn,foundation_minus_current_CNN_mri_only_paired,radiomics_complete_case_375,T0-T2,LOCAL0_mri_only_paired,LOCAL,dino_vitb16_imagenet1k_mri_only_paired,LOCAL,auroc,True,0.5300514579759863,0.5651114922813036,0.035060034305317345,0.95,-0.05012853198170298,0.11993422457298132,2026,5000,5000,375,110,descriptive paired outer-fold OOF patient bootstrap; not confirmatory and not used for model or checkpoint selection
foundation_vs_current_cnn:ad02e6bf68dd,foundation_vs_current_cnn,foundation_minus_current_CNN_mri_only_paired,radiomics_complete_case_375,T0-T2,LOCAL0_mri_only_paired,LOCAL,dino_vitb16_imagenet1k_mri_only_paired,LOCAL,brier,False,0.33745252681028926,0.26921058058864483,-0.06824194622164442,0.95,-0.1116396353972316,-0.02536569476250353,2026,5000,5000,375,110,descriptive paired outer-fold OOF patient bootstrap; not confirmatory and not used for model or checkpoint selection
foundation_vs_current_cnn:a24476dad06d,foundation_vs_current_cnn,foundation_minus_current_CNN_mri_clinical_paired,radiomics_complete_case_375,T0-T2,GAP0_mri_clinical_paired,GLOBAL,medicalnet_resnet50_3dseg8_mri_clinical_paired,GLOBAL,auprc,True,0.45789038400750925,0.41853218207095233,-0.039358201936556925,0.95,-0.1364338719874508,0.06666741850472699,2026,5000,5000,375,110,descriptive paired outer-fold OOF patient bootstrap; not confirmatory and not used for model or checkpoint selection
foundation_vs_current_cnn:a24476dad06d,foundation_vs_current_cnn,foundation_minus_current_CNN_mri_clinical_paired,radiomics_complete_case_375,T0-T2,GAP0_mri_clinical_paired,GLOBAL,medicalnet_resnet50_3dseg8_mri_clinical_paired,GLOBAL,auroc,True,0.6432590051457978,0.5798627787307032,-0.06339622641509457,0.95,-0.14353766572112578,0.01689265476249931,2026,5000,5000,375,110,descriptive paired outer-fold OOF patient bootstrap; not confirmatory and not used for model or checkpoint selection
foundation_vs_current_cnn:a24476dad06d,foundation_vs_current_cnn,foundation_minus_current_CNN_mri_clinical_paired,radiomics_complete_case_375,T0-T2,GAP0_mri_clinical_paired,GLOBAL,medicalnet_resnet50_3dseg8_mri_clinical_paired,GLOBAL,brier,False,0.24820653118086564,0.2491810440043496,0.0009745128234839584,0.95,-0.031256218279262546,0.03356849540278677,2026,5000,5000,375,110,descriptive paired outer-fold OOF patient bootstrap; not confirmatory and not used for model or checkpoint selection
foundation_vs_current_cnn:23ad8fef8b15,foundation_vs_current_cnn,foundation_minus_current_CNN_mri_clinical_paired,radiomics_complete_case_375,T0-T2,LOCAL0_mri_clinical_paired,LOCAL,medicalnet_resnet50_3dseg8_mri_clinical_paired,LOCAL,auprc,True,0.40085243449341046,0.33957528406316184,-0.06127715043024862,0.95,-0.14907071993156698,0.03223843690479393,2026,5000,5000,375,110,descriptive paired outer-fold OOF patient bootstrap; not confirmatory and not used for model or checkpoint selection
foundation_vs_current_cnn:23ad8fef8b15,foundation_vs_current_cnn,foundation_minus_current_CNN_mri_clinical_paired,radiomics_complete_case_375,T0-T2,LOCAL0_mri_clinical_paired,LOCAL,medicalnet_resnet50_3dseg8_mri_clinical_paired,LOCAL,auroc,True,0.606861063464837,0.5515437392795883,-0.055317324185248706,0.95,-0.1409843917435222,0.03363568982585463,2026,5000,5000,375,110,descriptive paired outer-fold OOF patient bootstrap; not confirmatory and not used for model or checkpoint selection
foundation_vs_current_cnn:23ad8fef8b15,foundation_vs_current_cnn,foundation_minus_current_CNN_mri_clinical_paired,radiomics_complete_case_375,T0-T2,LOCAL0_mri_clinical_paired,LOCAL,medicalnet_resnet50_3dseg8_mri_clinical_paired,LOCAL,brier,False,0.2777260958408237,0.2883319829443568,0.010605887103533107,0.95,-0.031724919975883975,0.05202120721934851,2026,5000,5000,375,110,descriptive paired outer-fold OOF patient bootstrap; not confirmatory and not used for model or checkpoint selection
foundation_vs_current_cnn:4c2226a26c19,foundation_vs_current_cnn,foundation_minus_current_CNN_mri_only_paired,radiomics_complete_case_375,T0-T2,GAP0_mri_only_paired,GLOBAL,medicalnet_resnet50_3dseg8_mri_only_paired,GLOBAL,auprc,True,0.2915909121190875,0.3227129104765744,0.031121998357486913,0.95,-0.03927029354328465,0.10659381525867016,2026,5000,5000,375,110,descriptive paired outer-fold OOF patient bootstrap; not confirmatory and not used for model or checkpoint selection
foundation_vs_current_cnn:4c2226a26c19,foundation_vs_current_cnn,foundation_minus_current_CNN_mri_only_paired,radiomics_complete_case_375,T0-T2,GAP0_mri_only_paired,GLOBAL,medicalnet_resnet50_3dseg8_mri_only_paired,GLOBAL,auroc,True,0.49680960548885084,0.4970497427101201,0.0002401372212692543,0.95,-0.0910133777074931,0.08921062399590415,2026,5000,5000,375,110,descriptive paired outer-fold OOF patient bootstrap; not confirmatory and not used for model or checkpoint selection
foundation_vs_current_cnn:4c2226a26c19,foundation_vs_current_cnn,foundation_minus_current_CNN_mri_only_paired,radiomics_complete_case_375,T0-T2,GAP0_mri_only_paired,GLOBAL,medicalnet_resnet50_3dseg8_mri_only_paired,GLOBAL,brier,False,0.3072284276069478,0.2682196205009842,-0.039008807105963605,0.95,-0.07639190633005487,-0.001507004448165232,2026,5000,5000,375,110,descriptive paired outer-fold OOF patient bootstrap; not confirmatory and not used for model or checkpoint selection
foundation_vs_current_cnn:13800de74904,foundation_vs_current_cnn,foundation_minus_current_CNN_mri_only_paired,radiomics_complete_case_375,T0-T2,LOCAL0_mri_only_paired,LOCAL,medicalnet_resnet50_3dseg8_mri_only_paired,LOCAL,auprc,True,0.3168057332972809,0.3235433297756725,0.0067375964783916165,0.95,-0.060247839017550625,0.08490411195793152,2026,5000,5000,375,110,descriptive paired outer-fold OOF patient bootstrap; not confirmatory and not used for model or checkpoint selection
foundation_vs_current_cnn:13800de74904,foundation_vs_current_cnn,foundation_minus_current_CNN_mri_only_paired,radiomics_complete_case_375,T0-T2,LOCAL0_mri_only_paired,LOCAL,medicalnet_resnet50_3dseg8_mri_only_paired,LOCAL,auroc,True,0.5300514579759863,0.529639794168096,-0.00041166380789026125,0.95,-0.08480241799110512,0.08622498196603058,2026,5000,5000,375,110,descriptive paired outer-fold OOF patient bootstrap; not confirmatory and not used for model or checkpoint selection
foundation_vs_current_cnn:13800de74904,foundation_vs_current_cnn,foundation_minus_current_CNN_mri_only_paired,radiomics_complete_case_375,T0-T2,LOCAL0_mri_only_paired,LOCAL,medicalnet_resnet50_3dseg8_mri_only_paired,LOCAL,brier,False,0.33745252681028926,0.29806469608829034,-0.03938783072199892,0.95,-0.08565130770552602,0.005827216950802524,2026,5000,5000,375,110,descriptive paired outer-fold OOF patient bootstrap; not confirmatory and not used for model or checkpoint selection
local_vs_global:358fe24addec,local_vs_global,LOCAL_minus_GLOBAL_current_CNN_mri_clinical,full_808,T0,GAP0_mri_clinical,GLOBAL,LOCAL0_mri_clinical,LOCAL,auprc,True,0.5658561014786719,0.5286197850377259,-0.03723631644094605,0.95,-0.08270392731099892,0.008771041208296606,2026,5000,5000,808,275,descriptive paired outer-fold OOF patient bootstrap; not confirmatory and not used for model or checkpoint selection
local_vs_global:358fe24addec,local_vs_global,LOCAL_minus_GLOBAL_current_CNN_mri_clinical,full_808,T0,GAP0_mri_clinical,GLOBAL,LOCAL0_mri_clinical,LOCAL,auroc,True,0.7201978509295582,0.6879617943032577,-0.03223605662630058,0.95,-0.05960810690451232,-0.0049404405832794655,2026,5000,5000,808,275,descriptive paired outer-fold OOF patient bootstrap; not confirmatory and not used for model or checkpoint selection
local_vs_global:358fe24addec,local_vs_global,LOCAL_minus_GLOBAL_current_CNN_mri_clinical,full_808,T0,GAP0_mri_clinical,GLOBAL,LOCAL0_mri_clinical,LOCAL,brier,False,0.21827775992754025,0.22546691552300624,0.007189155595465985,0.95,-0.000848728214014439,0.01510620078925602,2026,5000,5000,808,275,descriptive paired outer-fold OOF patient bootstrap; not confirmatory and not used for model or checkpoint selection
local_vs_global:03922cfca312,local_vs_global,LOCAL_minus_GLOBAL_current_CNN_mri_only,full_808,T0,GAP0_mri_only,GLOBAL,LOCAL0_mri_only,LOCAL,auprc,True,0.3333011547850203,0.35796719812789596,0.024666043342875643,0.95,-0.0171031999814011,0.07004300046853983,2026,5000,5000,808,275,descriptive paired outer-fold OOF patient bootstrap; not confirmatory and not used for model or checkpoint selection
local_vs_global:03922cfca312,local_vs_global,LOCAL_minus_GLOBAL_current_CNN_mri_only,full_808,T0,GAP0_mri_only,GLOBAL,LOCAL0_mri_only,LOCAL,auroc,True,0.4948968105065666,0.5096912843254306,0.014794473818864062,0.95,-0.040057950768338714,0.06975143452159993,2026,5000,5000,808,275,descriptive paired outer-fold OOF patient bootstrap; not confirmatory and not used for model or checkpoint selection
local_vs_global:03922cfca312,local_vs_global,LOCAL_minus_GLOBAL_current_CNN_mri_only,full_808,T0,GAP0_mri_only,GLOBAL,LOCAL0_mri_only,LOCAL,brier,False,0.25936392493068267,0.2889923124528283,0.02962838752214564,0.95,0.012804689719748337,0.046093750296282446,2026,5000,5000,808,275,descriptive paired outer-fold OOF patient bootstrap; not confirmatory and not used for model or checkpoint selection
local_vs_global:e8d16fde1b5b,local_vs_global,LOCAL_minus_GLOBAL_mri_clinical,full_808,T0,dino_vitb16_imagenet1k_mri_clinical,GLOBAL,dino_vitb16_imagenet1k_mri_clinical,LOCAL,auprc,True,0.5291140287552438,0.4980088051221554,-0.03110522363308843,0.95,-0.07878293862617848,0.014132243078404091,2026,5000,5000,808,275,descriptive paired outer-fold OOF patient bootstrap; not confirmatory and not used for model or checkpoint selection
local_vs_global:e8d16fde1b5b,local_vs_global,LOCAL_minus_GLOBAL_mri_clinical,full_808,T0,dino_vitb16_imagenet1k_mri_clinical,GLOBAL,dino_vitb16_imagenet1k_mri_clinical,LOCAL,auroc,True,0.7028006140201263,0.6685724032065496,-0.03422821081357663,0.95,-0.0648025440470279,-0.004038023608336149,2026,5000,5000,808,275,descriptive paired outer-fold OOF patient bootstrap; not confirmatory and not used for model or checkpoint selection
local_vs_global:e8d16fde1b5b,local_vs_global,LOCAL_minus_GLOBAL_mri_clinical,full_808,T0,dino_vitb16_imagenet1k_mri_clinical,GLOBAL,dino_vitb16_imagenet1k_mri_clinical,LOCAL,brier,False,0.22759577541108159,0.23686096139464138,0.009265185983559798,0.95,-0.000782295595649576,0.0197259253545245,2026,5000,5000,808,275,descriptive paired outer-fold OOF patient bootstrap; not confirmatory and not used for model or checkpoint selection
local_vs_global:40c12b6a05f1,local_vs_global,LOCAL_minus_GLOBAL_mri_only,full_808,T0,dino_vitb16_imagenet1k_mri_only,GLOBAL,dino_vitb16_imagenet1k_mri_only,LOCAL,auprc,True,0.38007135508895024,0.3734633785332039,-0.006607976555746353,0.95,-0.058130261675850475,0.04657610063642692,2026,5000,5000,808,275,descriptive paired outer-fold OOF patient bootstrap; not confirmatory and not used for model or checkpoint selection
local_vs_global:40c12b6a05f1,local_vs_global,LOCAL_minus_GLOBAL_mri_only,full_808,T0,dino_vitb16_imagenet1k_mri_only,GLOBAL,dino_vitb16_imagenet1k_mri_only,LOCAL,auroc,True,0.5356097560975609,0.5275797373358349,-0.008030018761726043,0.95,-0.062427082372022207,0.04413249811016465,2026,5000,5000,808,275,descriptive paired outer-fold OOF patient bootstrap; not confirmatory and not used for model or checkpoint selection
local_vs_global:40c12b6a05f1,local_vs_global,LOCAL_minus_GLOBAL_mri_only,full_808,T0,dino_vitb16_imagenet1k_mri_only,GLOBAL,dino_vitb16_imagenet1k_mri_only,LOCAL,brier,False,0.2800434273455948,0.3039003406397735,0.023856913294178717,0.95,0.00023284041772675667,0.04816337518856379,2026,5000,5000,808,275,descriptive paired outer-fold OOF patient bootstrap; not confirmatory and not used for model or checkpoint selection
local_vs_global:9793e3509f11,local_vs_global,LOCAL_minus_GLOBAL_mri_clinical,full_808,T0,medicalnet_resnet50_3dseg8_mri_clinical,GLOBAL,medicalnet_resnet50_3dseg8_mri_clinical,LOCAL,auprc,True,0.4817645688492842,0.5085759444736089,0.026811375624324674,0.95,-0.027343745161587784,0.08195021635623881,2026,5000,5000,808,275,descriptive paired outer-fold OOF patient bootstrap; not confirmatory and not used for model or checkpoint selection
local_vs_global:9793e3509f11,local_vs_global,LOCAL_minus_GLOBAL_mri_clinical,full_808,T0,medicalnet_resnet50_3dseg8_mri_clinical,GLOBAL,medicalnet_resnet50_3dseg8_mri_clinical,LOCAL,auroc,True,0.6631519699812382,0.703141736312468,0.03998976633122986,0.95,0.004896118963848559,0.07899731810791522,2026,5000,5000,808,275,descriptive paired outer-fold OOF patient bootstrap; not confirmatory and not used for model or checkpoint selection
local_vs_global:9793e3509f11,local_vs_global,LOCAL_minus_GLOBAL_mri_clinical,full_808,T0,medicalnet_resnet50_3dseg8_mri_clinical,GLOBAL,medicalnet_resnet50_3dseg8_mri_clinical,LOCAL,brier,False,0.24817296697414085,0.2313882031434349,-0.016784763830705957,0.95,-0.03194976338618625,-0.002341660492538,2026,5000,5000,808,275,descriptive paired outer-fold OOF patient bootstrap; not confirmatory and not used for model or checkpoint selection
local_vs_global:5ce9df27b087,local_vs_global,LOCAL_minus_GLOBAL_mri_only,full_808,T0,medicalnet_resnet50_3dseg8_mri_only,GLOBAL,medicalnet_resnet50_3dseg8_mri_only,LOCAL,auprc,True,0.3784085115691258,0.366358850207562,-0.012049661361563824,0.95,-0.0607434929297702,0.03635511739445474,2026,5000,5000,808,275,descriptive paired outer-fold OOF patient bootstrap; not confirmatory and not used for model or checkpoint selection
local_vs_global:5ce9df27b087,local_vs_global,LOCAL_minus_GLOBAL_mri_only,full_808,T0,medicalnet_resnet50_3dseg8_mri_only,GLOBAL,medicalnet_resnet50_3dseg8_mri_only,LOCAL,auroc,True,0.5386628006140202,0.5270202967763943,-0.011642503837625884,0.95,-0.06322954873489262,0.03982848719406304,2026,5000,5000,808,275,descriptive paired outer-fold OOF patient bootstrap; not confirmatory and not used for model or checkpoint selection
local_vs_global:5ce9df27b087,local_vs_global,LOCAL_minus_GLOBAL_mri_only,full_808,T0,medicalnet_resnet50_3dseg8_mri_only,GLOBAL,medicalnet_resnet50_3dseg8_mri_only,LOCAL,brier,False,0.3017957116569942,0.2916503421499822,-0.010145369507012003,0.95,-0.03335839141559191,0.014182973273726448,2026,5000,5000,808,275,descriptive paired outer-fold OOF patient bootstrap; not confirmatory and not used for model or checkpoint selection
local_vs_global:e32f551496f5,local_vs_global,LOCAL_minus_GLOBAL_current_CNN_mri_clinical,full_808,T0-T1,GAP0_mri_clinical,GLOBAL,LOCAL0_mri_clinical,LOCAL,auprc,True,0.5608021496917153,0.5223576094865131,-0.03844454020520216,0.95,-0.0904184007824269,0.012971721908140279,2026,5000,5000,808,275,descriptive paired outer-fold OOF patient bootstrap; not confirmatory and not used for model or checkpoint selection
local_vs_global:e32f551496f5,local_vs_global,LOCAL_minus_GLOBAL_current_CNN_mri_clinical,full_808,T0-T1,GAP0_mri_clinical,GLOBAL,LOCAL0_mri_clinical,LOCAL,auroc,True,0.7149718574108818,0.6838956165785434,-0.031076240832338398,0.95,-0.06206068102664884,1.0334150452502094e-05,2026,5000,5000,808,275,descriptive paired outer-fold OOF patient bootstrap; not confirmatory and not used for model or checkpoint selection
local_vs_global:e32f551496f5,local_vs_global,LOCAL_minus_GLOBAL_current_CNN_mri_clinical,full_808,T0-T1,GAP0_mri_clinical,GLOBAL,LOCAL0_mri_clinical,LOCAL,brier,False,0.21766918245027336,0.2283950833156223,0.010725900865348942,0.95,0.0010028368060167518,0.020651256574308226,2026,5000,5000,808,275,descriptive paired outer-fold OOF patient bootstrap; not confirmatory and not used for model or checkpoint selection
local_vs_global:f6dbf8dfc917,local_vs_global,LOCAL_minus_GLOBAL_current_CNN_mri_only,full_808,T0-T1,GAP0_mri_only,GLOBAL,LOCAL0_mri_only,LOCAL,auprc,True,0.3522822205007249,0.39551764185779326,0.04323542135706837,0.95,-0.009487123551092552,0.09643959435982173,2026,5000,5000,808,275,descriptive paired outer-fold OOF patient bootstrap; not confirmatory and not used for model or checkpoint selection
local_vs_global:f6dbf8dfc917,local_vs_global,LOCAL_minus_GLOBAL_current_CNN_mri_only,full_808,T0-T1,GAP0_mri_only,GLOBAL,LOCAL0_mri_only,LOCAL,auroc,True,0.5136551253624424,0.5601228040252431,0.04646767866280066,0.95,-0.01214512271715884,0.10395763076738508,2026,5000,5000,808,275,descriptive paired outer-fold OOF patient bootstrap; not confirmatory and not used for model or checkpoint selection
local_vs_global:f6dbf8dfc917,local_vs_global,LOCAL_minus_GLOBAL_current_CNN_mri_only,full_808,T0-T1,GAP0_mri_only,GLOBAL,LOCAL0_mri_only,LOCAL,brier,False,0.2662449822561012,0.2646201012031796,-0.001624881052921634,0.95,-0.019674959614689878,0.01591819543549524,2026,5000,5000,808,275,descriptive paired outer-fold OOF patient bootstrap; not confirmatory and not used for model or checkpoint selection
local_vs_global:e513094eb643,local_vs_global,LOCAL_minus_GLOBAL_mri_clinical,full_808,T0-T1,dino_vitb16_imagenet1k_mri_clinical,GLOBAL,dino_vitb16_imagenet1k_mri_clinical,LOCAL,auprc,True,0.5441393846430364,0.4878237394702088,-0.056315645172827555,0.95,-0.10403527713081717,-0.01195974566331749,2026,5000,5000,808,275,descriptive paired outer-fold OOF patient bootstrap; not confirmatory and not used for model or checkpoint selection
local_vs_global:e513094eb643,local_vs_global,LOCAL_minus_GLOBAL_mri_clinical,full_808,T0-T1,dino_vitb16_imagenet1k_mri_clinical,GLOBAL,dino_vitb16_imagenet1k_mri_clinical,LOCAL,auroc,True,0.7110830632781853,0.6798157939621354,-0.03126726931604984,0.95,-0.06181201628778688,-0.002758264544320153,2026,5000,5000,808,275,descriptive paired outer-fold OOF patient bootstrap; not confirmatory and not used for model or checkpoint selection
local_vs_global:e513094eb643,local_vs_global,LOCAL_minus_GLOBAL_mri_clinical,full_808,T0-T1,dino_vitb16_imagenet1k_mri_clinical,GLOBAL,dino_vitb16_imagenet1k_mri_clinical,LOCAL,brier,False,0.2284750185126035,0.23161781378338686,0.0031427952707833717,0.95,-0.0054741138157855945,0.011972208410439054,2026,5000,5000,808,275,descriptive paired outer-fold OOF patient bootstrap; not confirmatory and not used for model or checkpoint selection
local_vs_global:2149d1c7179d,local_vs_global,LOCAL_minus_GLOBAL_mri_only,full_808,T0-T1,dino_vitb16_imagenet1k_mri_only,GLOBAL,dino_vitb16_imagenet1k_mri_only,LOCAL,auprc,True,0.3902472094926654,0.38655805212917227,-0.003689157363493123,0.95,-0.054327196801410474,0.046212948427630074,2026,5000,5000,808,275,descriptive paired outer-fold OOF patient bootstrap; not confirmatory and not used for model or checkpoint selection
local_vs_global:2149d1c7179d,local_vs_global,LOCAL_minus_GLOBAL_mri_only,full_808,T0-T1,dino_vitb16_imagenet1k_mri_only,GLOBAL,dino_vitb16_imagenet1k_mri_only,LOCAL,auroc,True,0.5502302575473307,0.5570254136107795,0.006795156063448826,0.95,-0.04540086789081545,0.05972621331270904,2026,5000,5000,808,275,descriptive paired outer-fold OOF patient bootstrap; not confirmatory and not used for model or checkpoint selection
local_vs_global:2149d1c7179d,local_vs_global,LOCAL_minus_GLOBAL_mri_only,full_808,T0-T1,dino_vitb16_imagenet1k_mri_only,GLOBAL,dino_vitb16_imagenet1k_mri_only,LOCAL,brier,False,0.2884938020763877,0.2638205624711415,-0.0246732396052462,0.95,-0.04597623037565356,-0.004230479480156276,2026,5000,5000,808,275,descriptive paired outer-fold OOF patient bootstrap; not confirmatory and not used for model or checkpoint selection
local_vs_global:ee568cf9d68f,local_vs_global,LOCAL_minus_GLOBAL_mri_clinical,full_808,T0-T1,medicalnet_resnet50_3dseg8_mri_clinical,GLOBAL,medicalnet_resnet50_3dseg8_mri_clinical,LOCAL,auprc,True,0.5187369612301395,0.5238668912654798,0.0051299300353403465,0.95,-0.01776140902233664,0.026937199701369714,2026,5000,5000,808,275,descriptive paired outer-fold OOF patient bootstrap; not confirmatory and not used for model or checkpoint selection
local_vs_global:ee568cf9d68f,local_vs_global,LOCAL_minus_GLOBAL_mri_clinical,full_808,T0-T1,medicalnet_resnet50_3dseg8_mri_clinical,GLOBAL,medicalnet_resnet50_3dseg8_mri_clinical,LOCAL,auroc,True,0.7064949684461881,0.7104349309227358,0.003939962476547709,0.95,-0.004721736649398227,0.012575360264441136,2026,5000,5000,808,275,descriptive paired outer-fold OOF patient bootstrap; not confirmatory and not used for model or checkpoint selection
local_vs_global:ee568cf9d68f,local_vs_global,LOCAL_minus_GLOBAL_mri_clinical,full_808,T0-T1,medicalnet_resnet50_3dseg8_mri_clinical,GLOBAL,medicalnet_resnet50_3dseg8_mri_clinical,LOCAL,brier,False,0.22948559192453882,0.22915739223186116,-0.00032819969267766647,0.95,-0.00196258879022338,0.001505785449106416,2026,5000,5000,808,275,descriptive paired outer-fold OOF patient bootstrap; not confirmatory and not used for model or checkpoint selection
local_vs_global:92f579ee49c4,local_vs_global,LOCAL_minus_GLOBAL_mri_only,full_808,T0-T1,medicalnet_resnet50_3dseg8_mri_only,GLOBAL,medicalnet_resnet50_3dseg8_mri_only,LOCAL,auprc,True,0.37554857453125073,0.34845562304389455,-0.027092951487356187,0.95,-0.07614005617945437,0.017925363931519916,2026,5000,5000,808,275,descriptive paired outer-fold OOF patient bootstrap; not confirmatory and not used for model or checkpoint selection
local_vs_global:92f579ee49c4,local_vs_global,LOCAL_minus_GLOBAL_mri_only,full_808,T0-T1,medicalnet_resnet50_3dseg8_mri_only,GLOBAL,medicalnet_resnet50_3dseg8_mri_only,LOCAL,auroc,True,0.5366604127579737,0.5079924953095685,-0.028667917448405245,0.95,-0.08058874264678455,0.022326939747647566,2026,5000,5000,808,275,descriptive paired outer-fold OOF patient bootstrap; not confirmatory and not used for model or checkpoint selection
local_vs_global:92f579ee49c4,local_vs_global,LOCAL_minus_GLOBAL_mri_only,full_808,T0-T1,medicalnet_resnet50_3dseg8_mri_only,GLOBAL,medicalnet_resnet50_3dseg8_mri_only,LOCAL,brier,False,0.28668343014018427,0.29548386609684396,0.008800435956659691,0.95,-0.011149491134718937,0.02909266477013263,2026,5000,5000,808,275,descriptive paired outer-fold OOF patient bootstrap; not confirmatory and not used for model or checkpoint selection
local_vs_global:8f78e01e0ab1,local_vs_global,LOCAL_minus_GLOBAL_current_CNN_mri_clinical,full_808,T0-T2,GAP0_mri_clinical,GLOBAL,LOCAL0_mri_clinical,LOCAL,auprc,True,0.5414664455813767,0.5076969907913054,-0.03376945479007132,0.95,-0.0914851543332509,0.018270526472720414,2026,5000,5000,808,275,descriptive paired outer-fold OOF patient bootstrap; not confirmatory and not used for model or checkpoint selection
local_vs_global:8f78e01e0ab1,local_vs_global,LOCAL_minus_GLOBAL_current_CNN_mri_clinical,full_808,T0-T2,GAP0_mri_clinical,GLOBAL,LOCAL0_mri_clinical,LOCAL,auroc,True,0.6964898516118028,0.6746580249019273,-0.02183182670987549,0.95,-0.061784509342425964,0.016921223683772718,2026,5000,5000,808,275,descriptive paired outer-fold OOF patient bootstrap; not confirmatory and not used for model or checkpoint selection
local_vs_global:8f78e01e0ab1,local_vs_global,LOCAL_minus_GLOBAL_current_CNN_mri_clinical,full_808,T0-T2,GAP0_mri_clinical,GLOBAL,LOCAL0_mri_clinical,LOCAL,brier,False,0.22271179322895543,0.2333417083176712,0.010629915088715775,0.95,-0.003505933713573005,0.02514167916494643,2026,5000,5000,808,275,descriptive paired outer-fold OOF patient bootstrap; not confirmatory and not used for model or checkpoint selection
local_vs_global:996bb8dad90e,local_vs_global,LOCAL_minus_GLOBAL_current_CNN_mri_only,full_808,T0-T2,GAP0_mri_only,GLOBAL,LOCAL0_mri_only,LOCAL,auprc,True,0.39425580631072243,0.3716478189876023,-0.022607987323120138,0.95,-0.07404070856978573,0.030533025876379072,2026,5000,5000,808,275,descriptive paired outer-fold OOF patient bootstrap; not confirmatory and not used for model or checkpoint selection
local_vs_global:996bb8dad90e,local_vs_global,LOCAL_minus_GLOBAL_current_CNN_mri_only,full_808,T0-T2,GAP0_mri_only,GLOBAL,LOCAL0_mri_only,LOCAL,auroc,True,0.5520245608050486,0.5469827733242367,-0.005041787480811855,0.95,-0.06228705552842409,0.050798857046616526,2026,5000,5000,808,275,descriptive paired outer-fold OOF patient bootstrap; not confirmatory and not used for model or checkpoint selection
local_vs_global:996bb8dad90e,local_vs_global,LOCAL_minus_GLOBAL_current_CNN_mri_only,full_808,T0-T2,GAP0_mri_only,GLOBAL,LOCAL0_mri_only,LOCAL,brier,False,0.2741997280099568,0.27211406262437354,-0.0020856653855832463,0.95,-0.022532320694310187,0.019115538950680095,2026,5000,5000,808,275,descriptive paired outer-fold OOF patient bootstrap; not confirmatory and not used for model or checkpoint selection
local_vs_global:53825301a6af,local_vs_global,LOCAL_minus_GLOBAL_mri_clinical,full_808,T0-T2,dino_vitb16_imagenet1k_mri_clinical,GLOBAL,dino_vitb16_imagenet1k_mri_clinical,LOCAL,auprc,True,0.5419116629217062,0.4984631723732943,-0.04344849054841193,0.95,-0.09465072759485124,0.006638426913444331,2026,5000,5000,808,275,descriptive paired outer-fold OOF patient bootstrap; not confirmatory and not used for model or checkpoint selection
local_vs_global:53825301a6af,local_vs_global,LOCAL_minus_GLOBAL_mri_clinical,full_808,T0-T2,dino_vitb16_imagenet1k_mri_clinical,GLOBAL,dino_vitb16_imagenet1k_mri_clinical,LOCAL,auroc,True,0.707010063107624,0.6721610097219852,-0.03484905338563882,0.95,-0.06823072914543889,-0.0033975381050831096,2026,5000,5000,808,275,descriptive paired outer-fold OOF patient bootstrap; not confirmatory and not used for model or checkpoint selection
local_vs_global:53825301a6af,local_vs_global,LOCAL_minus_GLOBAL_mri_clinical,full_808,T0-T2,dino_vitb16_imagenet1k_mri_clinical,GLOBAL,dino_vitb16_imagenet1k_mri_clinical,LOCAL,brier,False,0.22875808879652854,0.2312148123932091,0.00245672359668056,0.95,-0.006799778329262747,0.011864564011415446,2026,5000,5000,808,275,descriptive paired outer-fold OOF patient bootstrap; not confirmatory and not used for model or checkpoint selection
local_vs_global:ecdb3f901c81,local_vs_global,LOCAL_minus_GLOBAL_mri_only,full_808,T0-T2,dino_vitb16_imagenet1k_mri_only,GLOBAL,dino_vitb16_imagenet1k_mri_only,LOCAL,auprc,True,0.39683301943453997,0.41757344760581305,0.020740428171273084,0.95,-0.035871847359105986,0.08204468877596115,2026,5000,5000,808,275,descriptive paired outer-fold OOF patient bootstrap; not confirmatory and not used for model or checkpoint selection
local_vs_global:ecdb3f901c81,local_vs_global,LOCAL_minus_GLOBAL_mri_only,full_808,T0-T2,dino_vitb16_imagenet1k_mri_only,GLOBAL,dino_vitb16_imagenet1k_mri_only,LOCAL,auroc,True,0.5391096708169878,0.5775882653931435,0.038478594576155656,0.95,-0.015518525125099913,0.09354265669624406,2026,5000,5000,808,275,descriptive paired outer-fold OOF patient bootstrap; not confirmatory and not used for model or checkpoint selection
local_vs_global:ecdb3f901c81,local_vs_global,LOCAL_minus_GLOBAL_mri_only,full_808,T0-T2,dino_vitb16_imagenet1k_mri_only,GLOBAL,dino_vitb16_imagenet1k_mri_only,LOCAL,brier,False,0.30897811115197604,0.26301202510369565,-0.0459660860482804,0.95,-0.07015559557629077,-0.022257441437814805,2026,5000,5000,808,275,descriptive paired outer-fold OOF patient bootstrap; not confirmatory and not used for model or checkpoint selection
local_vs_global:3865920b67ed,local_vs_global,LOCAL_minus_GLOBAL_mri_clinical,full_808,T0-T2,medicalnet_resnet50_3dseg8_mri_clinical,GLOBAL,medicalnet_resnet50_3dseg8_mri_clinical,LOCAL,auprc,True,0.4884712065340868,0.5182611415097298,0.029789934975642973,0.95,-0.018278787855610115,0.07802150869895062,2026,5000,5000,808,275,descriptive paired outer-fold OOF patient bootstrap; not confirmatory and not used for model or checkpoint selection
local_vs_global:3865920b67ed,local_vs_global,LOCAL_minus_GLOBAL_mri_clinical,full_808,T0-T2,medicalnet_resnet50_3dseg8_mri_clinical,GLOBAL,medicalnet_resnet50_3dseg8_mri_clinical,LOCAL,auroc,True,0.6741190516800273,0.703394166808801,0.029275115128773677,0.95,0.0004291156106944015,0.058344352527060786,2026,5000,5000,808,275,descriptive paired outer-fold OOF patient bootstrap; not confirmatory and not used for model or checkpoint selection
local_vs_global:3865920b67ed,local_vs_global,LOCAL_minus_GLOBAL_mri_clinical,full_808,T0-T2,medicalnet_resnet50_3dseg8_mri_clinical,GLOBAL,medicalnet_resnet50_3dseg8_mri_clinical,LOCAL,brier,False,0.2331992519888285,0.22963977570779254,-0.0035594762810359504,0.95,-0.01301933767280022,0.006105871273586238,2026,5000,5000,808,275,descriptive paired outer-fold OOF patient bootstrap; not confirmatory and not used for model or checkpoint selection
local_vs_global:07ea18deb5eb,local_vs_global,LOCAL_minus_GLOBAL_mri_only,full_808,T0-T2,medicalnet_resnet50_3dseg8_mri_only,GLOBAL,medicalnet_resnet50_3dseg8_mri_only,LOCAL,auprc,True,0.3681007635462412,0.3535833348260004,-0.01451742872024081,0.95,-0.059887416339070666,0.029276058456034433,2026,5000,5000,808,275,descriptive paired outer-fold OOF patient bootstrap; not confirmatory and not used for model or checkpoint selection
local_vs_global:07ea18deb5eb,local_vs_global,LOCAL_minus_GLOBAL_mri_only,full_808,T0-T2,medicalnet_resnet50_3dseg8_mri_only,GLOBAL,medicalnet_resnet50_3dseg8_mri_only,LOCAL,auroc,True,0.5212212178065837,0.5269861845471601,0.0057649667405763605,0.95,-0.04623351750244842,0.058077898667020456,2026,5000,5000,808,275,descriptive paired outer-fold OOF patient bootstrap; not confirmatory and not used for model or checkpoint selection
local_vs_global:07ea18deb5eb,local_vs_global,LOCAL_minus_GLOBAL_mri_only,full_808,T0-T2,medicalnet_resnet50_3dseg8_mri_only,GLOBAL,medicalnet_resnet50_3dseg8_mri_only,LOCAL,brier,False,0.31538939546695616,0.2884808875170953,-0.026908507949860883,0.95,-0.0517727084142616,-0.002635832069313244,2026,5000,5000,808,275,descriptive paired outer-fold OOF patient bootstrap; not confirmatory and not used for model or checkpoint selection
local_vs_global:af99670f7739,local_vs_global,LOCAL_minus_GLOBAL_current_CNN_mri_clinical_paired,radiomics_complete_case_375,T0,GAP0_mri_clinical_paired,GLOBAL,LOCAL0_mri_clinical_paired,LOCAL,auprc,True,0.4644780097541826,0.4632352912412934,-0.0012427185128891516,0.95,-0.05893922337463244,0.060792122174339554,2026,5000,5000,375,110,descriptive paired outer-fold OOF patient bootstrap; not confirmatory and not used for model or checkpoint selection
local_vs_global:af99670f7739,local_vs_global,LOCAL_minus_GLOBAL_current_CNN_mri_clinical_paired,radiomics_complete_case_375,T0,GAP0_mri_clinical_paired,GLOBAL,LOCAL0_mri_clinical_paired,LOCAL,auroc,True,0.6554373927958834,0.6702572898799314,0.014819897084047962,0.95,-0.033048966569565796,0.06568266746173713,2026,5000,5000,375,110,descriptive paired outer-fold OOF patient bootstrap; not confirmatory and not used for model or checkpoint selection
local_vs_global:af99670f7739,local_vs_global,LOCAL_minus_GLOBAL_current_CNN_mri_clinical_paired,radiomics_complete_case_375,T0,GAP0_mri_clinical_paired,GLOBAL,LOCAL0_mri_clinical_paired,LOCAL,brier,False,0.23162395129739863,0.23702598373576825,0.0054020324383696194,0.95,-0.010372455634524432,0.02031696648427091,2026,5000,5000,375,110,descriptive paired outer-fold OOF patient bootstrap; not confirmatory and not used for model or checkpoint selection
local_vs_global:5b20e2c64289,local_vs_global,LOCAL_minus_GLOBAL_current_CNN_mri_only_paired,radiomics_complete_case_375,T0,GAP0_mri_only_paired,GLOBAL,LOCAL0_mri_only_paired,LOCAL,auprc,True,0.28118894339380285,0.3044507774010945,0.02326183400729165,0.95,-0.03303485993806844,0.08679932491273522,2026,5000,5000,375,110,descriptive paired outer-fold OOF patient bootstrap; not confirmatory and not used for model or checkpoint selection
local_vs_global:5b20e2c64289,local_vs_global,LOCAL_minus_GLOBAL_current_CNN_mri_only_paired,radiomics_complete_case_375,T0,GAP0_mri_only_paired,GLOBAL,LOCAL0_mri_only_paired,LOCAL,auroc,True,0.4826758147512864,0.5024356775300172,0.019759862778730763,0.95,-0.06334020529143777,0.10335164511623271,2026,5000,5000,375,110,descriptive paired outer-fold OOF patient bootstrap; not confirmatory and not used for model or checkpoint selection
local_vs_global:5b20e2c64289,local_vs_global,LOCAL_minus_GLOBAL_current_CNN_mri_only_paired,radiomics_complete_case_375,T0,GAP0_mri_only_paired,GLOBAL,LOCAL0_mri_only_paired,LOCAL,brier,False,0.2618279474060911,0.2960296858018034,0.03420173839571228,0.95,0.007017730780949141,0.06151130550018652,2026,5000,5000,375,110,descriptive paired outer-fold OOF patient bootstrap; not confirmatory and not used for model or checkpoint selection
local_vs_global:2bd2e98ff9c0,local_vs_global,LOCAL_minus_GLOBAL_mri_clinical_paired,radiomics_complete_case_375,T0,dino_vitb16_imagenet1k_mri_clinical_paired,GLOBAL,dino_vitb16_imagenet1k_mri_clinical_paired,LOCAL,auprc,True,0.3958333278207355,0.3879303977232129,-0.007902930097522576,0.95,-0.0841500632324519,0.07559292366820634,2026,5000,5000,375,110,descriptive paired outer-fold OOF patient bootstrap; not confirmatory and not used for model or checkpoint selection
local_vs_global:2bd2e98ff9c0,local_vs_global,LOCAL_minus_GLOBAL_mri_clinical_paired,radiomics_complete_case_375,T0,dino_vitb16_imagenet1k_mri_clinical_paired,GLOBAL,dino_vitb16_imagenet1k_mri_clinical_paired,LOCAL,auroc,True,0.5872727272727273,0.6051114922813036,0.017838765008576285,0.95,-0.04733666745932666,0.08473749691064915,2026,5000,5000,375,110,descriptive paired outer-fold OOF patient bootstrap; not confirmatory and not used for model or checkpoint selection
local_vs_global:2bd2e98ff9c0,local_vs_global,LOCAL_minus_GLOBAL_mri_clinical_paired,radiomics_complete_case_375,T0,dino_vitb16_imagenet1k_mri_clinical_paired,GLOBAL,dino_vitb16_imagenet1k_mri_clinical_paired,LOCAL,brier,False,0.26970619961272124,0.2609388657660158,-0.008767333846705416,0.95,-0.03925948933106499,0.02094163158604761,2026,5000,5000,375,110,descriptive paired outer-fold OOF patient bootstrap; not confirmatory and not used for model or checkpoint selection
local_vs_global:3625755121ab,local_vs_global,LOCAL_minus_GLOBAL_mri_only_paired,radiomics_complete_case_375,T0,dino_vitb16_imagenet1k_mri_only_paired,GLOBAL,dino_vitb16_imagenet1k_mri_only_paired,LOCAL,auprc,True,0.31710121341222464,0.33175177748512497,0.01465056407290033,0.95,-0.05257198960054812,0.08456615127953258,2026,5000,5000,375,110,descriptive paired outer-fold OOF patient bootstrap; not confirmatory and not used for model or checkpoint selection
local_vs_global:3625755121ab,local_vs_global,LOCAL_minus_GLOBAL_mri_only_paired,radiomics_complete_case_375,T0,dino_vitb16_imagenet1k_mri_only_paired,GLOBAL,dino_vitb16_imagenet1k_mri_only_paired,LOCAL,auroc,True,0.5159519725557462,0.5401715265866209,0.024219554030874724,0.95,-0.05222192863818084,0.10350276995030458,2026,5000,5000,375,110,descriptive paired outer-fold OOF patient bootstrap; not confirmatory and not used for model or checkpoint selection
local_vs_global:3625755121ab,local_vs_global,LOCAL_minus_GLOBAL_mri_only_paired,radiomics_complete_case_375,T0,dino_vitb16_imagenet1k_mri_only_paired,GLOBAL,dino_vitb16_imagenet1k_mri_only_paired,LOCAL,brier,False,0.27393223569284497,0.27188005001122323,-0.002052185681621743,0.95,-0.031107538180626074,0.02614728968637005,2026,5000,5000,375,110,descriptive paired outer-fold OOF patient bootstrap; not confirmatory and not used for model or checkpoint selection
local_vs_global:234d92489615,local_vs_global,LOCAL_minus_GLOBAL_mri_clinical_paired,radiomics_complete_case_375,T0,medicalnet_resnet50_3dseg8_mri_clinical_paired,GLOBAL,medicalnet_resnet50_3dseg8_mri_clinical_paired,LOCAL,auprc,True,0.40871576920467745,0.42466519852913925,0.015949429324461806,0.95,-0.05192972828545941,0.09507202319549249,2026,5000,5000,375,110,descriptive paired outer-fold OOF patient bootstrap; not confirmatory and not used for model or checkpoint selection
local_vs_global:234d92489615,local_vs_global,LOCAL_minus_GLOBAL_mri_clinical_paired,radiomics_complete_case_375,T0,medicalnet_resnet50_3dseg8_mri_clinical_paired,GLOBAL,medicalnet_resnet50_3dseg8_mri_clinical_paired,LOCAL,auroc,True,0.6213207547169812,0.6475128644939966,0.02619210977701536,0.95,-0.025719630479001943,0.07865429314804058,2026,5000,5000,375,110,descriptive paired outer-fold OOF patient bootstrap; not confirmatory and not used for model or checkpoint selection
local_vs_global:234d92489615,local_vs_global,LOCAL_minus_GLOBAL_mri_clinical_paired,radiomics_complete_case_375,T0,medicalnet_resnet50_3dseg8_mri_clinical_paired,GLOBAL,medicalnet_resnet50_3dseg8_mri_clinical_paired,LOCAL,brier,False,0.24492299139978035,0.2453193675792673,0.0003963761794869569,0.95,-0.017036725427350866,0.01725439624945664,2026,5000,5000,375,110,descriptive paired outer-fold OOF patient bootstrap; not confirmatory and not used for model or checkpoint selection
local_vs_global:240a28bf8f86,local_vs_global,LOCAL_minus_GLOBAL_mri_only_paired,radiomics_complete_case_375,T0,medicalnet_resnet50_3dseg8_mri_only_paired,GLOBAL,medicalnet_resnet50_3dseg8_mri_only_paired,LOCAL,auprc,True,0.3216640830847811,0.3158945722323816,-0.0057695108523995176,0.95,-0.06736159742847227,0.059813610960593976,2026,5000,5000,375,110,descriptive paired outer-fold OOF patient bootstrap; not confirmatory and not used for model or checkpoint selection
local_vs_global:240a28bf8f86,local_vs_global,LOCAL_minus_GLOBAL_mri_only_paired,radiomics_complete_case_375,T0,medicalnet_resnet50_3dseg8_mri_only_paired,GLOBAL,medicalnet_resnet50_3dseg8_mri_only_paired,LOCAL,auroc,True,0.5143739279588336,0.49838765008576325,-0.015986277873070387,0.95,-0.08555375394577913,0.05804027230649942,2026,5000,5000,375,110,descriptive paired outer-fold OOF patient bootstrap; not confirmatory and not used for model or checkpoint selection
local_vs_global:240a28bf8f86,local_vs_global,LOCAL_minus_GLOBAL_mri_only_paired,radiomics_complete_case_375,T0,medicalnet_resnet50_3dseg8_mri_only_paired,GLOBAL,medicalnet_resnet50_3dseg8_mri_only_paired,LOCAL,brier,False,0.2875065803683427,0.2817274382450764,-0.005779142123266301,0.95,-0.03060827579193782,0.017425720410691365,2026,5000,5000,375,110,descriptive paired outer-fold OOF patient bootstrap; not confirmatory and not used for model or checkpoint selection
local_vs_global:d2446fedc165,local_vs_global,LOCAL_minus_GLOBAL_current_CNN_mri_clinical_paired,radiomics_complete_case_375,T0-T1,GAP0_mri_clinical_paired,GLOBAL,LOCAL0_mri_clinical_paired,LOCAL,auprc,True,0.46470542657589653,0.4432097004780435,-0.021495726097853052,0.95,-0.10878094663634041,0.06151110352201885,2026,5000,5000,375,110,descriptive paired outer-fold OOF patient bootstrap; not confirmatory and not used for model or checkpoint selection
local_vs_global:d2446fedc165,local_vs_global,LOCAL_minus_GLOBAL_current_CNN_mri_clinical_paired,radiomics_complete_case_375,T0-T1,GAP0_mri_clinical_paired,GLOBAL,LOCAL0_mri_clinical_paired,LOCAL,auroc,True,0.6508747855917666,0.6389365351629502,-0.011938250428816355,0.95,-0.08005400011448398,0.058687041108093696,2026,5000,5000,375,110,descriptive paired outer-fold OOF patient bootstrap; not confirmatory and not used for model or checkpoint selection
local_vs_global:d2446fedc165,local_vs_global,LOCAL_minus_GLOBAL_current_CNN_mri_clinical_paired,radiomics_complete_case_375,T0-T1,GAP0_mri_clinical_paired,GLOBAL,LOCAL0_mri_clinical_paired,LOCAL,brier,False,0.2413231366770669,0.24739920025295598,0.006076063575889079,0.95,-0.019814904667339907,0.03122017916700747,2026,5000,5000,375,110,descriptive paired outer-fold OOF patient bootstrap; not confirmatory and not used for model or checkpoint selection
local_vs_global:fdbf1453aec5,local_vs_global,LOCAL_minus_GLOBAL_current_CNN_mri_only_paired,radiomics_complete_case_375,T0-T1,GAP0_mri_only_paired,GLOBAL,LOCAL0_mri_only_paired,LOCAL,auprc,True,0.2813974026596193,0.3120527038899898,0.03065530123037047,0.95,-0.03723620972073173,0.09324833427035727,2026,5000,5000,375,110,descriptive paired outer-fold OOF patient bootstrap; not confirmatory and not used for model or checkpoint selection
local_vs_global:fdbf1453aec5,local_vs_global,LOCAL_minus_GLOBAL_current_CNN_mri_only_paired,radiomics_complete_case_375,T0-T1,GAP0_mri_only_paired,GLOBAL,LOCAL0_mri_only_paired,LOCAL,auroc,True,0.45550600343053177,0.49710120068610636,0.04159519725557459,0.95,-0.04817206172556653,0.13017769938300267,2026,5000,5000,375,110,descriptive paired outer-fold OOF patient bootstrap; not confirmatory and not used for model or checkpoint selection
local_vs_global:fdbf1453aec5,local_vs_global,LOCAL_minus_GLOBAL_current_CNN_mri_only_paired,radiomics_complete_case_375,T0-T1,GAP0_mri_only_paired,GLOBAL,LOCAL0_mri_only_paired,LOCAL,brier,False,0.3213982870957275,0.271378766293703,-0.050019520802024486,0.95,-0.08257953795881381,-0.01818510037621041,2026,5000,5000,375,110,descriptive paired outer-fold OOF patient bootstrap; not confirmatory and not used for model or checkpoint selection
local_vs_global:c99dd8ec198d,local_vs_global,LOCAL_minus_GLOBAL_mri_clinical_paired,radiomics_complete_case_375,T0-T1,dino_vitb16_imagenet1k_mri_clinical_paired,GLOBAL,dino_vitb16_imagenet1k_mri_clinical_paired,LOCAL,auprc,True,0.3276504375941919,0.3977707551764841,0.0701203175822922,0.95,-0.004616273106881909,0.1450873249277532,2026,5000,5000,375,110,descriptive paired outer-fold OOF patient bootstrap; not confirmatory and not used for model or checkpoint selection
local_vs_global:c99dd8ec198d,local_vs_global,LOCAL_minus_GLOBAL_mri_clinical_paired,radiomics_complete_case_375,T0-T1,dino_vitb16_imagenet1k_mri_clinical_paired,GLOBAL,dino_vitb16_imagenet1k_mri_clinical_paired,LOCAL,auroc,True,0.5451457975986278,0.6222641509433963,0.07711835334476846,0.95,0.0008643709252323219,0.15380289581024878,2026,5000,5000,375,110,descriptive paired outer-fold OOF patient bootstrap; not confirmatory and not used for model or checkpoint selection
local_vs_global:c99dd8ec198d,local_vs_global,LOCAL_minus_GLOBAL_mri_clinical_paired,radiomics_complete_case_375,T0-T1,dino_vitb16_imagenet1k_mri_clinical_paired,GLOBAL,dino_vitb16_imagenet1k_mri_clinical_paired,LOCAL,brier,False,0.3073935909249885,0.25565090321566347,-0.05174268770932505,0.95,-0.09007444947622668,-0.014133594277920254,2026,5000,5000,375,110,descriptive paired outer-fold OOF patient bootstrap; not confirmatory and not used for model or checkpoint selection
local_vs_global:6d4a037ea422,local_vs_global,LOCAL_minus_GLOBAL_mri_only_paired,radiomics_complete_case_375,T0-T1,dino_vitb16_imagenet1k_mri_only_paired,GLOBAL,dino_vitb16_imagenet1k_mri_only_paired,LOCAL,auprc,True,0.29291625249918873,0.3541124368539642,0.061196184354775474,0.95,-0.004128411793437819,0.13482916756878716,2026,5000,5000,375,110,descriptive paired outer-fold OOF patient bootstrap; not confirmatory and not used for model or checkpoint selection
local_vs_global:6d4a037ea422,local_vs_global,LOCAL_minus_GLOBAL_mri_only_paired,radiomics_complete_case_375,T0-T1,dino_vitb16_imagenet1k_mri_only_paired,GLOBAL,dino_vitb16_imagenet1k_mri_only_paired,LOCAL,auroc,True,0.49903945111492276,0.5664493996569467,0.06740994854202398,0.95,-0.016510863106128284,0.14932731728019236,2026,5000,5000,375,110,descriptive paired outer-fold OOF patient bootstrap; not confirmatory and not used for model or checkpoint selection
local_vs_global:6d4a037ea422,local_vs_global,LOCAL_minus_GLOBAL_mri_only_paired,radiomics_complete_case_375,T0-T1,dino_vitb16_imagenet1k_mri_only_paired,GLOBAL,dino_vitb16_imagenet1k_mri_only_paired,LOCAL,brier,False,0.31441415501252407,0.28332347976053135,-0.031090675251992717,0.95,-0.06851359976807674,0.008321231118672761,2026,5000,5000,375,110,descriptive paired outer-fold OOF patient bootstrap; not confirmatory and not used for model or checkpoint selection
local_vs_global:d8341bcb8301,local_vs_global,LOCAL_minus_GLOBAL_mri_clinical_paired,radiomics_complete_case_375,T0-T1,medicalnet_resnet50_3dseg8_mri_clinical_paired,GLOBAL,medicalnet_resnet50_3dseg8_mri_clinical_paired,LOCAL,auprc,True,0.37310460270157797,0.3382245018436268,-0.03488010085795118,0.95,-0.1217234444458141,0.050014638124950786,2026,5000,5000,375,110,descriptive paired outer-fold OOF patient bootstrap; not confirmatory and not used for model or checkpoint selection
local_vs_global:d8341bcb8301,local_vs_global,LOCAL_minus_GLOBAL_mri_clinical_paired,radiomics_complete_case_375,T0-T1,medicalnet_resnet50_3dseg8_mri_clinical_paired,GLOBAL,medicalnet_resnet50_3dseg8_mri_clinical_paired,LOCAL,auroc,True,0.5490909090909091,0.5446483704974272,-0.004442538593481871,0.95,-0.08662507583422846,0.08064205331383167,2026,5000,5000,375,110,descriptive paired outer-fold OOF patient bootstrap; not confirmatory and not used for model or checkpoint selection
local_vs_global:d8341bcb8301,local_vs_global,LOCAL_minus_GLOBAL_mri_clinical_paired,radiomics_complete_case_375,T0-T1,medicalnet_resnet50_3dseg8_mri_clinical_paired,GLOBAL,medicalnet_resnet50_3dseg8_mri_clinical_paired,LOCAL,brier,False,0.25967505284753845,0.2729335771378933,0.013258524290354845,0.95,-0.015381680567883775,0.042108363514006285,2026,5000,5000,375,110,descriptive paired outer-fold OOF patient bootstrap; not confirmatory and not used for model or checkpoint selection
local_vs_global:2a841891335f,local_vs_global,LOCAL_minus_GLOBAL_mri_only_paired,radiomics_complete_case_375,T0-T1,medicalnet_resnet50_3dseg8_mri_only_paired,GLOBAL,medicalnet_resnet50_3dseg8_mri_only_paired,LOCAL,auprc,True,0.3550706919373151,0.31514830032889185,-0.03992239160842326,0.95,-0.10945609771661065,0.027275123670379972,2026,5000,5000,375,110,descriptive paired outer-fold OOF patient bootstrap; not confirmatory and not used for model or checkpoint selection
local_vs_global:2a841891335f,local_vs_global,LOCAL_minus_GLOBAL_mri_only_paired,radiomics_complete_case_375,T0-T1,medicalnet_resnet50_3dseg8_mri_only_paired,GLOBAL,medicalnet_resnet50_3dseg8_mri_only_paired,LOCAL,auroc,True,0.5497427101200686,0.510566037735849,-0.039176672384219624,0.95,-0.11251438148136303,0.036657658452296925,2026,5000,5000,375,110,descriptive paired outer-fold OOF patient bootstrap; not confirmatory and not used for model or checkpoint selection
local_vs_global:2a841891335f,local_vs_global,LOCAL_minus_GLOBAL_mri_only_paired,radiomics_complete_case_375,T0-T1,medicalnet_resnet50_3dseg8_mri_only_paired,GLOBAL,medicalnet_resnet50_3dseg8_mri_only_paired,LOCAL,brier,False,0.27886249220665155,0.287491002561456,0.008628510354804442,0.95,-0.019054796662689152,0.035494656178811736,2026,5000,5000,375,110,descriptive paired outer-fold OOF patient bootstrap; not confirmatory and not used for model or checkpoint selection
local_vs_global:479ea81f5b0d,local_vs_global,LOCAL_minus_GLOBAL_current_CNN_mri_clinical_paired,radiomics_complete_case_375,T0-T2,GAP0_mri_clinical_paired,GLOBAL,LOCAL0_mri_clinical_paired,LOCAL,auprc,True,0.45789038400750925,0.40085243449341046,-0.057037949514098796,0.95,-0.13899483622690803,0.02581032708917326,2026,5000,5000,375,110,descriptive paired outer-fold OOF patient bootstrap; not confirmatory and not used for model or checkpoint selection
local_vs_global:479ea81f5b0d,local_vs_global,LOCAL_minus_GLOBAL_current_CNN_mri_clinical_paired,radiomics_complete_case_375,T0-T2,GAP0_mri_clinical_paired,GLOBAL,LOCAL0_mri_clinical_paired,LOCAL,auroc,True,0.6432590051457978,0.606861063464837,-0.03639794168096078,0.95,-0.10815219833770527,0.03767277701821354,2026,5000,5000,375,110,descriptive paired outer-fold OOF patient bootstrap; not confirmatory and not used for model or checkpoint selection
local_vs_global:479ea81f5b0d,local_vs_global,LOCAL_minus_GLOBAL_current_CNN_mri_clinical_paired,radiomics_complete_case_375,T0-T2,GAP0_mri_clinical_paired,GLOBAL,LOCAL0_mri_clinical_paired,LOCAL,brier,False,0.24820653118086564,0.2777260958408237,0.02951956465995806,0.95,-0.004373370166293038,0.0629260050343753,2026,5000,5000,375,110,descriptive paired outer-fold OOF patient bootstrap; not confirmatory and not used for model or checkpoint selection
local_vs_global:50b4c4520edd,local_vs_global,LOCAL_minus_GLOBAL_current_CNN_mri_only_paired,radiomics_complete_case_375,T0-T2,GAP0_mri_only_paired,GLOBAL,LOCAL0_mri_only_paired,LOCAL,auprc,True,0.2915909121190875,0.3168057332972809,0.025214821178193403,0.95,-0.03518651367461673,0.08441541260898375,2026,5000,5000,375,110,descriptive paired outer-fold OOF patient bootstrap; not confirmatory and not used for model or checkpoint selection
local_vs_global:50b4c4520edd,local_vs_global,LOCAL_minus_GLOBAL_current_CNN_mri_only_paired,radiomics_complete_case_375,T0-T2,GAP0_mri_only_paired,GLOBAL,LOCAL0_mri_only_paired,LOCAL,auroc,True,0.49680960548885084,0.5300514579759863,0.03324185248713546,0.95,-0.052677865961523566,0.118840195508528,2026,5000,5000,375,110,descriptive paired outer-fold OOF patient bootstrap; not confirmatory and not used for model or checkpoint selection
local_vs_global:50b4c4520edd,local_vs_global,LOCAL_minus_GLOBAL_current_CNN_mri_only_paired,radiomics_complete_case_375,T0-T2,GAP0_mri_only_paired,GLOBAL,LOCAL0_mri_only_paired,LOCAL,brier,False,0.3072284276069478,0.33745252681028926,0.03022409920334146,0.95,-0.014280022301345069,0.07501209063010551,2026,5000,5000,375,110,descriptive paired outer-fold OOF patient bootstrap; not confirmatory and not used for model or checkpoint selection
local_vs_global:fa7818f17f6f,local_vs_global,LOCAL_minus_GLOBAL_mri_clinical_paired,radiomics_complete_case_375,T0-T2,dino_vitb16_imagenet1k_mri_clinical_paired,GLOBAL,dino_vitb16_imagenet1k_mri_clinical_paired,LOCAL,auprc,True,0.3657008616782032,0.42406751837361845,0.05836665669541524,0.95,-0.03112437726471941,0.15975873892973638,2026,5000,5000,375,110,descriptive paired outer-fold OOF patient bootstrap; not confirmatory and not used for model or checkpoint selection
local_vs_global:fa7818f17f6f,local_vs_global,LOCAL_minus_GLOBAL_mri_clinical_paired,radiomics_complete_case_375,T0-T2,dino_vitb16_imagenet1k_mri_clinical_paired,GLOBAL,dino_vitb16_imagenet1k_mri_clinical_paired,LOCAL,auroc,True,0.5140308747855917,0.6229159519725558,0.10888507718696405,0.95,0.02274796116363213,0.19479956542605595,2026,5000,5000,375,110,descriptive paired outer-fold OOF patient bootstrap; not confirmatory and not used for model or checkpoint selection
local_vs_global:fa7818f17f6f,local_vs_global,LOCAL_minus_GLOBAL_mri_clinical_paired,radiomics_complete_case_375,T0-T2,dino_vitb16_imagenet1k_mri_clinical_paired,GLOBAL,dino_vitb16_imagenet1k_mri_clinical_paired,LOCAL,brier,False,0.35727146176288077,0.24841401977057886,-0.1088574419923019,0.95,-0.15447808535616575,-0.06483845661895922,2026,5000,5000,375,110,descriptive paired outer-fold OOF patient bootstrap; not confirmatory and not used for model or checkpoint selection
local_vs_global:52a2f48e9e3d,local_vs_global,LOCAL_minus_GLOBAL_mri_only_paired,radiomics_complete_case_375,T0-T2,dino_vitb16_imagenet1k_mri_only_paired,GLOBAL,dino_vitb16_imagenet1k_mri_only_paired,LOCAL,auprc,True,0.3483683788583086,0.36981743240892717,0.021449053550618546,0.95,-0.06714395979479434,0.11444226340542567,2026,5000,5000,375,110,descriptive paired outer-fold OOF patient bootstrap; not confirmatory and not used for model or checkpoint selection
local_vs_global:52a2f48e9e3d,local_vs_global,LOCAL_minus_GLOBAL_mri_only_paired,radiomics_complete_case_375,T0-T2,dino_vitb16_imagenet1k_mri_only_paired,GLOBAL,dino_vitb16_imagenet1k_mri_only_paired,LOCAL,auroc,True,0.4953344768439108,0.5651114922813036,0.06977701543739284,0.95,-0.01806217111938888,0.1595376210443367,2026,5000,5000,375,110,descriptive paired outer-fold OOF patient bootstrap; not confirmatory and not used for model or checkpoint selection
local_vs_global:52a2f48e9e3d,local_vs_global,LOCAL_minus_GLOBAL_mri_only_paired,radiomics_complete_case_375,T0-T2,dino_vitb16_imagenet1k_mri_only_paired,GLOBAL,dino_vitb16_imagenet1k_mri_only_paired,LOCAL,brier,False,0.3597201542746522,0.26921058058864483,-0.09050957368600737,0.95,-0.13491925671330693,-0.04685788363299517,2026,5000,5000,375,110,descriptive paired outer-fold OOF patient bootstrap; not confirmatory and not used for model or checkpoint selection
local_vs_global:77c142e291ab,local_vs_global,LOCAL_minus_GLOBAL_mri_clinical_paired,radiomics_complete_case_375,T0-T2,medicalnet_resnet50_3dseg8_mri_clinical_paired,GLOBAL,medicalnet_resnet50_3dseg8_mri_clinical_paired,LOCAL,auprc,True,0.41853218207095233,0.33957528406316184,-0.07895689800779049,0.95,-0.16405865211856505,0.0029828850539867576,2026,5000,5000,375,110,descriptive paired outer-fold OOF patient bootstrap; not confirmatory and not used for model or checkpoint selection
local_vs_global:77c142e291ab,local_vs_global,LOCAL_minus_GLOBAL_mri_clinical_paired,radiomics_complete_case_375,T0-T2,medicalnet_resnet50_3dseg8_mri_clinical_paired,GLOBAL,medicalnet_resnet50_3dseg8_mri_clinical_paired,LOCAL,auroc,True,0.5798627787307032,0.5515437392795883,-0.028319039451114913,0.95,-0.09924795126380663,0.04243721256926425,2026,5000,5000,375,110,descriptive paired outer-fold OOF patient bootstrap; not confirmatory and not used for model or checkpoint selection
local_vs_global:77c142e291ab,local_vs_global,LOCAL_minus_GLOBAL_mri_clinical_paired,radiomics_complete_case_375,T0-T2,medicalnet_resnet50_3dseg8_mri_clinical_paired,GLOBAL,medicalnet_resnet50_3dseg8_mri_clinical_paired,LOCAL,brier,False,0.2491810440043496,0.2883319829443568,0.03915093894000721,0.95,0.006881231557779193,0.071171401746834,2026,5000,5000,375,110,descriptive paired outer-fold OOF patient bootstrap; not confirmatory and not used for model or checkpoint selection
local_vs_global:2098227cbfb4,local_vs_global,LOCAL_minus_GLOBAL_mri_only_paired,radiomics_complete_case_375,T0-T2,medicalnet_resnet50_3dseg8_mri_only_paired,GLOBAL,medicalnet_resnet50_3dseg8_mri_only_paired,LOCAL,auprc,True,0.3227129104765744,0.3235433297756725,0.0008304192990981063,0.95,-0.06583051867595906,0.06849006737356,2026,5000,5000,375,110,descriptive paired outer-fold OOF patient bootstrap; not confirmatory and not used for model or checkpoint selection
local_vs_global:2098227cbfb4,local_vs_global,LOCAL_minus_GLOBAL_mri_only_paired,radiomics_complete_case_375,T0-T2,medicalnet_resnet50_3dseg8_mri_only_paired,GLOBAL,medicalnet_resnet50_3dseg8_mri_only_paired,LOCAL,auroc,True,0.4970497427101201,0.529639794168096,0.032590051457975944,0.95,-0.04333291946164429,0.1096053892199937,2026,5000,5000,375,110,descriptive paired outer-fold OOF patient bootstrap; not confirmatory and not used for model or checkpoint selection
local_vs_global:2098227cbfb4,local_vs_global,LOCAL_minus_GLOBAL_mri_only_paired,radiomics_complete_case_375,T0-T2,medicalnet_resnet50_3dseg8_mri_only_paired,GLOBAL,medicalnet_resnet50_3dseg8_mri_only_paired,LOCAL,brier,False,0.2682196205009842,0.29806469608829034,0.029845075587306147,0.95,-0.0032750139970775544,0.06253689515631236,2026,5000,5000,375,110,descriptive paired outer-fold OOF patient bootstrap; not confirmatory and not used for model or checkpoint selection
