comparison_id,family,estimand,analysis_population,timing,reference_model,reference_spatial,candidate_model,candidate_spatial,metric,higher_is_better,reference_value,candidate_value,delta_candidate_minus_reference,ci_level,ci_low,ci_high,bootstrap_seed,bootstrap_replicates,valid_bootstrap_replicates,n_paired,positive,inference_scope
dinov3_vs_dinov1:63422f501322cd6a,dinov3_vs_dinov1,dinov3_minus_dinov1_mri_only,full_808,T0,dino_vitb16_imagenet1k_mri_only,GLOBAL,dinov3_vitb16_lvd1689m_posthoc_mri_only,GLOBAL,auroc,True,0.5356097560975609,0.5277912331570868,-0.007818522940474137,0.95,-0.05393412718723073,0.03794448580541487,2026,5000,5000,808,275,descriptive paired outer-fold OOF patient bootstrap; not confirmatory and not used for model or checkpoint selection
dinov3_vs_dinov1:63422f501322cd6a,dinov3_vs_dinov1,dinov3_minus_dinov1_mri_only,full_808,T0,dino_vitb16_imagenet1k_mri_only,GLOBAL,dinov3_vitb16_lvd1689m_posthoc_mri_only,GLOBAL,auprc,True,0.38007135508895024,0.36163725014943104,-0.01843410493951919,0.95,-0.05745650348948867,0.023798548504822256,2026,5000,5000,808,275,descriptive paired outer-fold OOF patient bootstrap; not confirmatory and not used for model or checkpoint selection
dinov3_vs_dinov1:63422f501322cd6a,dinov3_vs_dinov1,dinov3_minus_dinov1_mri_only,full_808,T0,dino_vitb16_imagenet1k_mri_only,GLOBAL,dinov3_vitb16_lvd1689m_posthoc_mri_only,GLOBAL,brier,False,0.2800434273455948,0.26810191028249536,-0.011941517063099427,0.95,-0.026529718231618205,0.002449880755756987,2026,5000,5000,808,275,descriptive paired outer-fold OOF patient bootstrap; not confirmatory and not used for model or checkpoint selection
dinov3_vs_dinov1:a8f35616fa5c3ec4,dinov3_vs_dinov1,dinov3_minus_dinov1_mri_only,full_808,T0,dino_vitb16_imagenet1k_mri_only,LOCAL,dinov3_vitb16_lvd1689m_posthoc_mri_only,LOCAL,auroc,True,0.5275797373358349,0.5305952584001364,0.003015521064301585,0.95,-0.046829490161315664,0.054150237666846845,2026,5000,5000,808,275,descriptive paired outer-fold OOF patient bootstrap; not confirmatory and not used for model or checkpoint selection
dinov3_vs_dinov1:a8f35616fa5c3ec4,dinov3_vs_dinov1,dinov3_minus_dinov1_mri_only,full_808,T0,dino_vitb16_imagenet1k_mri_only,LOCAL,dinov3_vitb16_lvd1689m_posthoc_mri_only,LOCAL,auprc,True,0.3734633785332039,0.3786485973733751,0.005185218840171202,0.95,-0.04456547905243314,0.054935746689074125,2026,5000,5000,808,275,descriptive paired outer-fold OOF patient bootstrap; not confirmatory and not used for model or checkpoint selection
dinov3_vs_dinov1:a8f35616fa5c3ec4,dinov3_vs_dinov1,dinov3_minus_dinov1_mri_only,full_808,T0,dino_vitb16_imagenet1k_mri_only,LOCAL,dinov3_vitb16_lvd1689m_posthoc_mri_only,LOCAL,brier,False,0.3039003406397735,0.30861520593725794,0.0047148652974844385,0.95,-0.02038166911288893,0.030085648312305893,2026,5000,5000,808,275,descriptive paired outer-fold OOF patient bootstrap; not confirmatory and not used for model or checkpoint selection
dinov3_vs_dinov1:28ee0d9ed1c64a1a,dinov3_vs_dinov1,dinov3_minus_dinov1_mri_clinical,full_808,T0,dino_vitb16_imagenet1k_mri_clinical,GLOBAL,dinov3_vitb16_lvd1689m_posthoc_mri_clinical,GLOBAL,auroc,True,0.7028006140201263,0.7035101483881971,0.0007095343680708632,0.95,-0.026446636015775977,0.026002946599933883,2026,5000,5000,808,275,descriptive paired outer-fold OOF patient bootstrap; not confirmatory and not used for model or checkpoint selection
dinov3_vs_dinov1:28ee0d9ed1c64a1a,dinov3_vs_dinov1,dinov3_minus_dinov1_mri_clinical,full_808,T0,dino_vitb16_imagenet1k_mri_clinical,GLOBAL,dinov3_vitb16_lvd1689m_posthoc_mri_clinical,GLOBAL,auprc,True,0.5291140287552438,0.5486998455090714,0.019585816753827534,0.95,-0.02411884604392565,0.06215583972167631,2026,5000,5000,808,275,descriptive paired outer-fold OOF patient bootstrap; not confirmatory and not used for model or checkpoint selection
dinov3_vs_dinov1:28ee0d9ed1c64a1a,dinov3_vs_dinov1,dinov3_minus_dinov1_mri_clinical,full_808,T0,dino_vitb16_imagenet1k_mri_clinical,GLOBAL,dinov3_vitb16_lvd1689m_posthoc_mri_clinical,GLOBAL,brier,False,0.22759577541108159,0.22153332928845937,-0.006062446122622217,0.95,-0.013400795673348813,0.0017731148744498514,2026,5000,5000,808,275,descriptive paired outer-fold OOF patient bootstrap; not confirmatory and not used for model or checkpoint selection
dinov3_vs_dinov1:b3ad5cae6918ef85,dinov3_vs_dinov1,dinov3_minus_dinov1_mri_clinical,full_808,T0,dino_vitb16_imagenet1k_mri_clinical,LOCAL,dinov3_vitb16_lvd1689m_posthoc_mri_clinical,LOCAL,auroc,True,0.6685724032065496,0.6928671328671329,0.024294729660583214,0.95,-0.0035751181434521373,0.05317361759390163,2026,5000,5000,808,275,descriptive paired outer-fold OOF patient bootstrap; not confirmatory and not used for model or checkpoint selection
dinov3_vs_dinov1:b3ad5cae6918ef85,dinov3_vs_dinov1,dinov3_minus_dinov1_mri_clinical,full_808,T0,dino_vitb16_imagenet1k_mri_clinical,LOCAL,dinov3_vitb16_lvd1689m_posthoc_mri_clinical,LOCAL,auprc,True,0.4980088051221554,0.5274179305788809,0.02940912545672547,0.95,-0.013026313539639768,0.07462478257333806,2026,5000,5000,808,275,descriptive paired outer-fold OOF patient bootstrap; not confirmatory and not used for model or checkpoint selection
dinov3_vs_dinov1:b3ad5cae6918ef85,dinov3_vs_dinov1,dinov3_minus_dinov1_mri_clinical,full_808,T0,dino_vitb16_imagenet1k_mri_clinical,LOCAL,dinov3_vitb16_lvd1689m_posthoc_mri_clinical,LOCAL,brier,False,0.23686096139464138,0.22946573122151873,-0.007395230173122658,0.95,-0.017274581499427795,0.0021717544980241104,2026,5000,5000,808,275,descriptive paired outer-fold OOF patient bootstrap; not confirmatory and not used for model or checkpoint selection
dinov3_vs_dinov1:edb7b8604f874541,dinov3_vs_dinov1,dinov3_minus_dinov1_mri_only_paired,radiomics_complete_case_375,T0,dino_vitb16_imagenet1k_mri_only_paired,GLOBAL,dinov3_vitb16_lvd1689m_posthoc_mri_only_paired,GLOBAL,auroc,True,0.5159519725557462,0.5395883361921098,0.023636363636363567,0.95,-0.047581017725996023,0.09634124674914143,2026,5000,5000,375,110,descriptive paired outer-fold OOF patient bootstrap; not confirmatory and not used for model or checkpoint selection
dinov3_vs_dinov1:edb7b8604f874541,dinov3_vs_dinov1,dinov3_minus_dinov1_mri_only_paired,radiomics_complete_case_375,T0,dino_vitb16_imagenet1k_mri_only_paired,GLOBAL,dinov3_vitb16_lvd1689m_posthoc_mri_only_paired,GLOBAL,auprc,True,0.31710121341222464,0.3275649726095988,0.01046375919737419,0.95,-0.04524454101342925,0.06937135697396564,2026,5000,5000,375,110,descriptive paired outer-fold OOF patient bootstrap; not confirmatory and not used for model or checkpoint selection
dinov3_vs_dinov1:edb7b8604f874541,dinov3_vs_dinov1,dinov3_minus_dinov1_mri_only_paired,radiomics_complete_case_375,T0,dino_vitb16_imagenet1k_mri_only_paired,GLOBAL,dinov3_vitb16_lvd1689m_posthoc_mri_only_paired,GLOBAL,brier,False,0.27393223569284497,0.25466973568752216,-0.019262500005322813,0.95,-0.041698701534719135,0.0017849678761471513,2026,5000,5000,375,110,descriptive paired outer-fold OOF patient bootstrap; not confirmatory and not used for model or checkpoint selection
dinov3_vs_dinov1:eecda094370ed1e6,dinov3_vs_dinov1,dinov3_minus_dinov1_mri_only_paired,radiomics_complete_case_375,T0,dino_vitb16_imagenet1k_mri_only_paired,LOCAL,dinov3_vitb16_lvd1689m_posthoc_mri_only_paired,LOCAL,auroc,True,0.5401715265866209,0.5534476843910806,0.013276157804459676,0.95,-0.05943545199898131,0.0875819514188527,2026,5000,5000,375,110,descriptive paired outer-fold OOF patient bootstrap; not confirmatory and not used for model or checkpoint selection
dinov3_vs_dinov1:eecda094370ed1e6,dinov3_vs_dinov1,dinov3_minus_dinov1_mri_only_paired,radiomics_complete_case_375,T0,dino_vitb16_imagenet1k_mri_only_paired,LOCAL,dinov3_vitb16_lvd1689m_posthoc_mri_only_paired,LOCAL,auprc,True,0.33175177748512497,0.3227905409468774,-0.008961236538247541,0.95,-0.07633577427749128,0.06081461001172833,2026,5000,5000,375,110,descriptive paired outer-fold OOF patient bootstrap; not confirmatory and not used for model or checkpoint selection
dinov3_vs_dinov1:eecda094370ed1e6,dinov3_vs_dinov1,dinov3_minus_dinov1_mri_only_paired,radiomics_complete_case_375,T0,dino_vitb16_imagenet1k_mri_only_paired,LOCAL,dinov3_vitb16_lvd1689m_posthoc_mri_only_paired,LOCAL,brier,False,0.27188005001122323,0.27622242387178614,0.004342373860562909,0.95,-0.025047956738626104,0.03284229759667075,2026,5000,5000,375,110,descriptive paired outer-fold OOF patient bootstrap; not confirmatory and not used for model or checkpoint selection
dinov3_vs_dinov1:5decb5a9bc0cb336,dinov3_vs_dinov1,dinov3_minus_dinov1_mri_clinical_paired,radiomics_complete_case_375,T0,dino_vitb16_imagenet1k_mri_clinical_paired,GLOBAL,dinov3_vitb16_lvd1689m_posthoc_mri_clinical_paired,GLOBAL,auroc,True,0.5872727272727273,0.6007204116638079,0.013447684391080572,0.95,-0.042519653997740804,0.0711311641225841,2026,5000,5000,375,110,descriptive paired outer-fold OOF patient bootstrap; not confirmatory and not used for model or checkpoint selection
dinov3_vs_dinov1:5decb5a9bc0cb336,dinov3_vs_dinov1,dinov3_minus_dinov1_mri_clinical_paired,radiomics_complete_case_375,T0,dino_vitb16_imagenet1k_mri_clinical_paired,GLOBAL,dinov3_vitb16_lvd1689m_posthoc_mri_clinical_paired,GLOBAL,auprc,True,0.3958333278207355,0.3861970370958787,-0.009636290724856778,0.95,-0.07861593047855017,0.06888897577565914,2026,5000,5000,375,110,descriptive paired outer-fold OOF patient bootstrap; not confirmatory and not used for model or checkpoint selection
dinov3_vs_dinov1:5decb5a9bc0cb336,dinov3_vs_dinov1,dinov3_minus_dinov1_mri_clinical_paired,radiomics_complete_case_375,T0,dino_vitb16_imagenet1k_mri_clinical_paired,GLOBAL,dinov3_vitb16_lvd1689m_posthoc_mri_clinical_paired,GLOBAL,brier,False,0.26970619961272124,0.28012456518942086,0.010418365576699617,0.95,-0.016193958340575236,0.036383381939595255,2026,5000,5000,375,110,descriptive paired outer-fold OOF patient bootstrap; not confirmatory and not used for model or checkpoint selection
dinov3_vs_dinov1:02c0190d37948c5c,dinov3_vs_dinov1,dinov3_minus_dinov1_mri_clinical_paired,radiomics_complete_case_375,T0,dino_vitb16_imagenet1k_mri_clinical_paired,LOCAL,dinov3_vitb16_lvd1689m_posthoc_mri_clinical_paired,LOCAL,auroc,True,0.6051114922813036,0.61073756432247,0.005626072041166386,0.95,-0.05402189491863398,0.06287511147384278,2026,5000,5000,375,110,descriptive paired outer-fold OOF patient bootstrap; not confirmatory and not used for model or checkpoint selection
dinov3_vs_dinov1:02c0190d37948c5c,dinov3_vs_dinov1,dinov3_minus_dinov1_mri_clinical_paired,radiomics_complete_case_375,T0,dino_vitb16_imagenet1k_mri_clinical_paired,LOCAL,dinov3_vitb16_lvd1689m_posthoc_mri_clinical_paired,LOCAL,auprc,True,0.3879303977232129,0.3810703570274274,-0.0068600406957854965,0.95,-0.08103478722960962,0.05615666646354299,2026,5000,5000,375,110,descriptive paired outer-fold OOF patient bootstrap; not confirmatory and not used for model or checkpoint selection
dinov3_vs_dinov1:02c0190d37948c5c,dinov3_vs_dinov1,dinov3_minus_dinov1_mri_clinical_paired,radiomics_complete_case_375,T0,dino_vitb16_imagenet1k_mri_clinical_paired,LOCAL,dinov3_vitb16_lvd1689m_posthoc_mri_clinical_paired,LOCAL,brier,False,0.2609388657660158,0.26816150537457756,0.007222639608561732,0.95,-0.01759565101319387,0.032800619135913665,2026,5000,5000,375,110,descriptive paired outer-fold OOF patient bootstrap; not confirmatory and not used for model or checkpoint selection
dinov3_vs_dinov1:4cea4b541c30b7fd,dinov3_vs_dinov1,dinov3_minus_dinov1_mri_ftv,radiomics_complete_case_375,T0,dino_vitb16_imagenet1k_mri_ftv,GLOBAL,dinov3_vitb16_lvd1689m_posthoc_mri_ftv,GLOBAL,auroc,True,0.5157118353344768,0.5406174957118353,0.02490566037735842,0.95,-0.04607318397323244,0.09781660368334495,2026,5000,5000,375,110,descriptive paired outer-fold OOF patient bootstrap; not confirmatory and not used for model or checkpoint selection
dinov3_vs_dinov1:4cea4b541c30b7fd,dinov3_vs_dinov1,dinov3_minus_dinov1_mri_ftv,radiomics_complete_case_375,T0,dino_vitb16_imagenet1k_mri_ftv,GLOBAL,dinov3_vitb16_lvd1689m_posthoc_mri_ftv,GLOBAL,auprc,True,0.3168948281168614,0.3285074212846331,0.01161259316777169,0.95,-0.04432266666092276,0.07129374587434174,2026,5000,5000,375,110,descriptive paired outer-fold OOF patient bootstrap; not confirmatory and not used for model or checkpoint selection
dinov3_vs_dinov1:4cea4b541c30b7fd,dinov3_vs_dinov1,dinov3_minus_dinov1_mri_ftv,radiomics_complete_case_375,T0,dino_vitb16_imagenet1k_mri_ftv,GLOBAL,dinov3_vitb16_lvd1689m_posthoc_mri_ftv,GLOBAL,brier,False,0.2739656347357397,0.25454367514747644,-0.01942195958826326,0.95,-0.04190590260914637,0.0016507660109452906,2026,5000,5000,375,110,descriptive paired outer-fold OOF patient bootstrap; not confirmatory and not used for model or checkpoint selection
dinov3_vs_dinov1:4de2b0f3c407b972,dinov3_vs_dinov1,dinov3_minus_dinov1_mri_ftv,radiomics_complete_case_375,T0,dino_vitb16_imagenet1k_mri_ftv,LOCAL,dinov3_vitb16_lvd1689m_posthoc_mri_ftv,LOCAL,auroc,True,0.5402744425385935,0.5510120068610634,0.010737564322469972,0.95,-0.06196449756535375,0.08522087227555532,2026,5000,5000,375,110,descriptive paired outer-fold OOF patient bootstrap; not confirmatory and not used for model or checkpoint selection
dinov3_vs_dinov1:4de2b0f3c407b972,dinov3_vs_dinov1,dinov3_minus_dinov1_mri_ftv,radiomics_complete_case_375,T0,dino_vitb16_imagenet1k_mri_ftv,LOCAL,dinov3_vitb16_lvd1689m_posthoc_mri_ftv,LOCAL,auprc,True,0.3318620337869594,0.3231027100886962,-0.00875932369826321,0.95,-0.07713979347533381,0.06213441685250421,2026,5000,5000,375,110,descriptive paired outer-fold OOF patient bootstrap; not confirmatory and not used for model or checkpoint selection
dinov3_vs_dinov1:4de2b0f3c407b972,dinov3_vs_dinov1,dinov3_minus_dinov1_mri_ftv,radiomics_complete_case_375,T0,dino_vitb16_imagenet1k_mri_ftv,LOCAL,dinov3_vitb16_lvd1689m_posthoc_mri_ftv,LOCAL,brier,False,0.2718678845712677,0.28059075179170356,0.00872286722043586,0.95,-0.021085488038434567,0.0385505090202432,2026,5000,5000,375,110,descriptive paired outer-fold OOF patient bootstrap; not confirmatory and not used for model or checkpoint selection
dinov3_vs_dinov1:e6f4a50e15787e62,dinov3_vs_dinov1,dinov3_minus_dinov1_mri_clinical_ftv,radiomics_complete_case_375,T0,dino_vitb16_imagenet1k_mri_clinical_ftv,GLOBAL,dinov3_vitb16_lvd1689m_posthoc_mri_clinical_ftv,GLOBAL,auroc,True,0.5878216123499144,0.6006861063464838,0.012864493996569415,0.95,-0.043222791544394755,0.07051454345793969,2026,5000,5000,375,110,descriptive paired outer-fold OOF patient bootstrap; not confirmatory and not used for model or checkpoint selection
dinov3_vs_dinov1:e6f4a50e15787e62,dinov3_vs_dinov1,dinov3_minus_dinov1_mri_clinical_ftv,radiomics_complete_case_375,T0,dino_vitb16_imagenet1k_mri_clinical_ftv,GLOBAL,dinov3_vitb16_lvd1689m_posthoc_mri_clinical_ftv,GLOBAL,auprc,True,0.39608436523201923,0.3837904888831128,-0.01229387634890644,0.95,-0.0819251231581802,0.06693223259029805,2026,5000,5000,375,110,descriptive paired outer-fold OOF patient bootstrap; not confirmatory and not used for model or checkpoint selection
dinov3_vs_dinov1:e6f4a50e15787e62,dinov3_vs_dinov1,dinov3_minus_dinov1_mri_clinical_ftv,radiomics_complete_case_375,T0,dino_vitb16_imagenet1k_mri_clinical_ftv,GLOBAL,dinov3_vitb16_lvd1689m_posthoc_mri_clinical_ftv,GLOBAL,brier,False,0.2683591178695939,0.277020257762195,0.008661139892601144,0.95,-0.01784878311508517,0.03466059311028531,2026,5000,5000,375,110,descriptive paired outer-fold OOF patient bootstrap; not confirmatory and not used for model or checkpoint selection
dinov3_vs_dinov1:16d8ed9db22ce309,dinov3_vs_dinov1,dinov3_minus_dinov1_mri_clinical_ftv,radiomics_complete_case_375,T0,dino_vitb16_imagenet1k_mri_clinical_ftv,LOCAL,dinov3_vitb16_lvd1689m_posthoc_mri_clinical_ftv,LOCAL,auroc,True,0.6054545454545455,0.61073756432247,0.005283018867924483,0.95,-0.05443748519268699,0.06258703582370274,2026,5000,5000,375,110,descriptive paired outer-fold OOF patient bootstrap; not confirmatory and not used for model or checkpoint selection
dinov3_vs_dinov1:16d8ed9db22ce309,dinov3_vs_dinov1,dinov3_minus_dinov1_mri_clinical_ftv,radiomics_complete_case_375,T0,dino_vitb16_imagenet1k_mri_clinical_ftv,LOCAL,dinov3_vitb16_lvd1689m_posthoc_mri_clinical_ftv,LOCAL,auprc,True,0.38791435318345635,0.38106964422790646,-0.006844708955549894,0.95,-0.08070797702468807,0.055802836694204966,2026,5000,5000,375,110,descriptive paired outer-fold OOF patient bootstrap; not confirmatory and not used for model or checkpoint selection
dinov3_vs_dinov1:16d8ed9db22ce309,dinov3_vs_dinov1,dinov3_minus_dinov1_mri_clinical_ftv,radiomics_complete_case_375,T0,dino_vitb16_imagenet1k_mri_clinical_ftv,LOCAL,dinov3_vitb16_lvd1689m_posthoc_mri_clinical_ftv,LOCAL,brier,False,0.26092390576233804,0.26815922555786215,0.007235319795524109,0.95,-0.01750456953183418,0.032832226037589805,2026,5000,5000,375,110,descriptive paired outer-fold OOF patient bootstrap; not confirmatory and not used for model or checkpoint selection
dinov3_vs_dinov1:9f6917eaeace21ea,dinov3_vs_dinov1,dinov3_minus_dinov1_mri_only,full_808,T0-T1,dino_vitb16_imagenet1k_mri_only,GLOBAL,dinov3_vitb16_lvd1689m_posthoc_mri_only,GLOBAL,auroc,True,0.5502302575473307,0.5011905168002729,-0.04903974074705775,0.95,-0.0961765857824055,-0.00215822693505846,2026,5000,5000,808,275,descriptive paired outer-fold OOF patient bootstrap; not confirmatory and not used for model or checkpoint selection
dinov3_vs_dinov1:9f6917eaeace21ea,dinov3_vs_dinov1,dinov3_minus_dinov1_mri_only,full_808,T0-T1,dino_vitb16_imagenet1k_mri_only,GLOBAL,dinov3_vitb16_lvd1689m_posthoc_mri_only,GLOBAL,auprc,True,0.3902472094926654,0.35056238606461576,-0.03968482342804963,0.95,-0.0849863901706584,0.004547371645424717,2026,5000,5000,808,275,descriptive paired outer-fold OOF patient bootstrap; not confirmatory and not used for model or checkpoint selection
dinov3_vs_dinov1:9f6917eaeace21ea,dinov3_vs_dinov1,dinov3_minus_dinov1_mri_only,full_808,T0-T1,dino_vitb16_imagenet1k_mri_only,GLOBAL,dinov3_vitb16_lvd1689m_posthoc_mri_only,GLOBAL,brier,False,0.2884938020763877,0.3327504129493712,0.04425661087298349,0.95,0.0199829465547072,0.06850162718166401,2026,5000,5000,808,275,descriptive paired outer-fold OOF patient bootstrap; not confirmatory and not used for model or checkpoint selection
dinov3_vs_dinov1:2248dd61ce2d0708,dinov3_vs_dinov1,dinov3_minus_dinov1_mri_only,full_808,T0-T1,dino_vitb16_imagenet1k_mri_only,LOCAL,dinov3_vitb16_lvd1689m_posthoc_mri_only,LOCAL,auroc,True,0.5570254136107795,0.6050281425891182,0.04800272897833868,0.95,-0.0003148539310745374,0.09723340767877017,2026,5000,5000,808,275,descriptive paired outer-fold OOF patient bootstrap; not confirmatory and not used for model or checkpoint selection
dinov3_vs_dinov1:2248dd61ce2d0708,dinov3_vs_dinov1,dinov3_minus_dinov1_mri_only,full_808,T0-T1,dino_vitb16_imagenet1k_mri_only,LOCAL,dinov3_vitb16_lvd1689m_posthoc_mri_only,LOCAL,auprc,True,0.38655805212917227,0.4355209403091017,0.04896288817992944,0.95,-0.005229254813870585,0.0999056329526065,2026,5000,5000,808,275,descriptive paired outer-fold OOF patient bootstrap; not confirmatory and not used for model or checkpoint selection
dinov3_vs_dinov1:2248dd61ce2d0708,dinov3_vs_dinov1,dinov3_minus_dinov1_mri_only,full_808,T0-T1,dino_vitb16_imagenet1k_mri_only,LOCAL,dinov3_vitb16_lvd1689m_posthoc_mri_only,LOCAL,brier,False,0.2638205624711415,0.28766810937616055,0.023847546905019057,0.95,0.0019043699737808983,0.046223791703665945,2026,5000,5000,808,275,descriptive paired outer-fold OOF patient bootstrap; not confirmatory and not used for model or checkpoint selection
dinov3_vs_dinov1:5406ad118a9b870e,dinov3_vs_dinov1,dinov3_minus_dinov1_mri_clinical,full_808,T0-T1,dino_vitb16_imagenet1k_mri_clinical,GLOBAL,dinov3_vitb16_lvd1689m_posthoc_mri_clinical,GLOBAL,auroc,True,0.7110830632781853,0.6334777417704247,-0.07760532150776056,0.95,-0.11654916131949189,-0.04011707786609328,2026,5000,5000,808,275,descriptive paired outer-fold OOF patient bootstrap; not confirmatory and not used for model or checkpoint selection
dinov3_vs_dinov1:5406ad118a9b870e,dinov3_vs_dinov1,dinov3_minus_dinov1_mri_clinical,full_808,T0-T1,dino_vitb16_imagenet1k_mri_clinical,GLOBAL,dinov3_vitb16_lvd1689m_posthoc_mri_clinical,GLOBAL,auprc,True,0.5441393846430364,0.4564978688408505,-0.08764151580218588,0.95,-0.14208473767789562,-0.0316702861845817,2026,5000,5000,808,275,descriptive paired outer-fold OOF patient bootstrap; not confirmatory and not used for model or checkpoint selection
dinov3_vs_dinov1:5406ad118a9b870e,dinov3_vs_dinov1,dinov3_minus_dinov1_mri_clinical,full_808,T0-T1,dino_vitb16_imagenet1k_mri_clinical,GLOBAL,dinov3_vitb16_lvd1689m_posthoc_mri_clinical,GLOBAL,brier,False,0.2284750185126035,0.25988099895503947,0.03140598044243598,0.95,0.015429775082274914,0.04800855504410228,2026,5000,5000,808,275,descriptive paired outer-fold OOF patient bootstrap; not confirmatory and not used for model or checkpoint selection
dinov3_vs_dinov1:a157a69cd6f0f2b2,dinov3_vs_dinov1,dinov3_minus_dinov1_mri_clinical,full_808,T0-T1,dino_vitb16_imagenet1k_mri_clinical,LOCAL,dinov3_vitb16_lvd1689m_posthoc_mri_clinical,LOCAL,auroc,True,0.6798157939621354,0.6566194780828928,-0.023196315879242646,0.95,-0.058622063229466725,0.013024842290457203,2026,5000,5000,808,275,descriptive paired outer-fold OOF patient bootstrap; not confirmatory and not used for model or checkpoint selection
dinov3_vs_dinov1:a157a69cd6f0f2b2,dinov3_vs_dinov1,dinov3_minus_dinov1_mri_clinical,full_808,T0-T1,dino_vitb16_imagenet1k_mri_clinical,LOCAL,dinov3_vitb16_lvd1689m_posthoc_mri_clinical,LOCAL,auprc,True,0.4878237394702088,0.46885313591824784,-0.01897060355196095,0.95,-0.059072666226474925,0.02603447793546842,2026,5000,5000,808,275,descriptive paired outer-fold OOF patient bootstrap; not confirmatory and not used for model or checkpoint selection
dinov3_vs_dinov1:a157a69cd6f0f2b2,dinov3_vs_dinov1,dinov3_minus_dinov1_mri_clinical,full_808,T0-T1,dino_vitb16_imagenet1k_mri_clinical,LOCAL,dinov3_vitb16_lvd1689m_posthoc_mri_clinical,LOCAL,brier,False,0.23161781378338686,0.24532615904009375,0.013708345256706889,0.95,0.0004486356347139076,0.027137194084019038,2026,5000,5000,808,275,descriptive paired outer-fold OOF patient bootstrap; not confirmatory and not used for model or checkpoint selection
dinov3_vs_dinov1:51f202bc069845ef,dinov3_vs_dinov1,dinov3_minus_dinov1_mri_only_paired,radiomics_complete_case_375,T0-T1,dino_vitb16_imagenet1k_mri_only_paired,GLOBAL,dinov3_vitb16_lvd1689m_posthoc_mri_only_paired,GLOBAL,auroc,True,0.49903945111492276,0.5264837049742711,0.027444253859348344,0.95,-0.04290140722070551,0.09469350620500408,2026,5000,5000,375,110,descriptive paired outer-fold OOF patient bootstrap; not confirmatory and not used for model or checkpoint selection
dinov3_vs_dinov1:51f202bc069845ef,dinov3_vs_dinov1,dinov3_minus_dinov1_mri_only_paired,radiomics_complete_case_375,T0-T1,dino_vitb16_imagenet1k_mri_only_paired,GLOBAL,dinov3_vitb16_lvd1689m_posthoc_mri_only_paired,GLOBAL,auprc,True,0.29291625249918873,0.3450805030748316,0.05216425057564289,0.95,-0.010784207088378815,0.1169926930802414,2026,5000,5000,375,110,descriptive paired outer-fold OOF patient bootstrap; not confirmatory and not used for model or checkpoint selection
dinov3_vs_dinov1:51f202bc069845ef,dinov3_vs_dinov1,dinov3_minus_dinov1_mri_only_paired,radiomics_complete_case_375,T0-T1,dino_vitb16_imagenet1k_mri_only_paired,GLOBAL,dinov3_vitb16_lvd1689m_posthoc_mri_only_paired,GLOBAL,brier,False,0.31441415501252407,0.2894452982784724,-0.024968856734051692,0.95,-0.058292814022365906,0.008238537659643741,2026,5000,5000,375,110,descriptive paired outer-fold OOF patient bootstrap; not confirmatory and not used for model or checkpoint selection
dinov3_vs_dinov1:fa7a40c9feba058d,dinov3_vs_dinov1,dinov3_minus_dinov1_mri_only_paired,radiomics_complete_case_375,T0-T1,dino_vitb16_imagenet1k_mri_only_paired,LOCAL,dinov3_vitb16_lvd1689m_posthoc_mri_only_paired,LOCAL,auroc,True,0.5664493996569467,0.5880617495711835,0.021612349914236773,0.95,-0.0590778027733727,0.09984304486579632,2026,5000,5000,375,110,descriptive paired outer-fold OOF patient bootstrap; not confirmatory and not used for model or checkpoint selection
dinov3_vs_dinov1:fa7a40c9feba058d,dinov3_vs_dinov1,dinov3_minus_dinov1_mri_only_paired,radiomics_complete_case_375,T0-T1,dino_vitb16_imagenet1k_mri_only_paired,LOCAL,dinov3_vitb16_lvd1689m_posthoc_mri_only_paired,LOCAL,auprc,True,0.3541124368539642,0.3909765364031017,0.0368640995491375,0.95,-0.052013142421126285,0.11667849651597052,2026,5000,5000,375,110,descriptive paired outer-fold OOF patient bootstrap; not confirmatory and not used for model or checkpoint selection
dinov3_vs_dinov1:fa7a40c9feba058d,dinov3_vs_dinov1,dinov3_minus_dinov1_mri_only_paired,radiomics_complete_case_375,T0-T1,dino_vitb16_imagenet1k_mri_only_paired,LOCAL,dinov3_vitb16_lvd1689m_posthoc_mri_only_paired,LOCAL,brier,False,0.28332347976053135,0.28358415847243007,0.00026067871189872083,0.95,-0.034769751136854786,0.037125556661601715,2026,5000,5000,375,110,descriptive paired outer-fold OOF patient bootstrap; not confirmatory and not used for model or checkpoint selection
dinov3_vs_dinov1:6d5cee70a0f7368b,dinov3_vs_dinov1,dinov3_minus_dinov1_mri_clinical_paired,radiomics_complete_case_375,T0-T1,dino_vitb16_imagenet1k_mri_clinical_paired,GLOBAL,dinov3_vitb16_lvd1689m_posthoc_mri_clinical_paired,GLOBAL,auroc,True,0.5451457975986278,0.5631217838765008,0.017975986277873002,0.95,-0.055447169234473404,0.0893001831933433,2026,5000,5000,375,110,descriptive paired outer-fold OOF patient bootstrap; not confirmatory and not used for model or checkpoint selection
dinov3_vs_dinov1:6d5cee70a0f7368b,dinov3_vs_dinov1,dinov3_minus_dinov1_mri_clinical_paired,radiomics_complete_case_375,T0-T1,dino_vitb16_imagenet1k_mri_clinical_paired,GLOBAL,dinov3_vitb16_lvd1689m_posthoc_mri_clinical_paired,GLOBAL,auprc,True,0.3276504375941919,0.36402386989715185,0.036373432302959974,0.95,-0.0319874355416492,0.09736248638718263,2026,5000,5000,375,110,descriptive paired outer-fold OOF patient bootstrap; not confirmatory and not used for model or checkpoint selection
dinov3_vs_dinov1:6d5cee70a0f7368b,dinov3_vs_dinov1,dinov3_minus_dinov1_mri_clinical_paired,radiomics_complete_case_375,T0-T1,dino_vitb16_imagenet1k_mri_clinical_paired,GLOBAL,dinov3_vitb16_lvd1689m_posthoc_mri_clinical_paired,GLOBAL,brier,False,0.3073935909249885,0.2855156761269471,-0.02187791479804141,0.95,-0.05895667677693619,0.015718831691753886,2026,5000,5000,375,110,descriptive paired outer-fold OOF patient bootstrap; not confirmatory and not used for model or checkpoint selection
dinov3_vs_dinov1:7778b60cf3b4c01a,dinov3_vs_dinov1,dinov3_minus_dinov1_mri_clinical_paired,radiomics_complete_case_375,T0-T1,dino_vitb16_imagenet1k_mri_clinical_paired,LOCAL,dinov3_vitb16_lvd1689m_posthoc_mri_clinical_paired,LOCAL,auroc,True,0.6222641509433963,0.6208919382504288,-0.0013722126929675005,0.95,-0.06429390836102522,0.06360021017545571,2026,5000,5000,375,110,descriptive paired outer-fold OOF patient bootstrap; not confirmatory and not used for model or checkpoint selection
dinov3_vs_dinov1:7778b60cf3b4c01a,dinov3_vs_dinov1,dinov3_minus_dinov1_mri_clinical_paired,radiomics_complete_case_375,T0-T1,dino_vitb16_imagenet1k_mri_clinical_paired,LOCAL,dinov3_vitb16_lvd1689m_posthoc_mri_clinical_paired,LOCAL,auprc,True,0.3977707551764841,0.3928284293690504,-0.004942325807433701,0.95,-0.07532967944555895,0.06618222486474074,2026,5000,5000,375,110,descriptive paired outer-fold OOF patient bootstrap; not confirmatory and not used for model or checkpoint selection
dinov3_vs_dinov1:7778b60cf3b4c01a,dinov3_vs_dinov1,dinov3_minus_dinov1_mri_clinical_paired,radiomics_complete_case_375,T0-T1,dino_vitb16_imagenet1k_mri_clinical_paired,LOCAL,dinov3_vitb16_lvd1689m_posthoc_mri_clinical_paired,LOCAL,brier,False,0.25565090321566347,0.26195142396026727,0.006300520744603799,0.95,-0.02217638299234044,0.034923302193059606,2026,5000,5000,375,110,descriptive paired outer-fold OOF patient bootstrap; not confirmatory and not used for model or checkpoint selection
dinov3_vs_dinov1:1368605e56505e82,dinov3_vs_dinov1,dinov3_minus_dinov1_mri_ftv,radiomics_complete_case_375,T0-T1,dino_vitb16_imagenet1k_mri_ftv,GLOBAL,dinov3_vitb16_lvd1689m_posthoc_mri_ftv,GLOBAL,auroc,True,0.5116981132075472,0.5326586620926244,0.020960548885077146,0.95,-0.053163645443196,0.09190137755660036,2026,5000,5000,375,110,descriptive paired outer-fold OOF patient bootstrap; not confirmatory and not used for model or checkpoint selection
dinov3_vs_dinov1:1368605e56505e82,dinov3_vs_dinov1,dinov3_minus_dinov1_mri_ftv,radiomics_complete_case_375,T0-T1,dino_vitb16_imagenet1k_mri_ftv,GLOBAL,dinov3_vitb16_lvd1689m_posthoc_mri_ftv,GLOBAL,auprc,True,0.30403025089611374,0.3519646562475207,0.04793440535140697,0.95,-0.018589021641476168,0.11557675936209595,2026,5000,5000,375,110,descriptive paired outer-fold OOF patient bootstrap; not confirmatory and not used for model or checkpoint selection
dinov3_vs_dinov1:1368605e56505e82,dinov3_vs_dinov1,dinov3_minus_dinov1_mri_ftv,radiomics_complete_case_375,T0-T1,dino_vitb16_imagenet1k_mri_ftv,GLOBAL,dinov3_vitb16_lvd1689m_posthoc_mri_ftv,GLOBAL,brier,False,0.32762306520077733,0.29067537183783526,-0.03694769336294207,0.95,-0.07226464609099033,0.000548554712580833,2026,5000,5000,375,110,descriptive paired outer-fold OOF patient bootstrap; not confirmatory and not used for model or checkpoint selection
dinov3_vs_dinov1:fc9b5fc432a34593,dinov3_vs_dinov1,dinov3_minus_dinov1_mri_ftv,radiomics_complete_case_375,T0-T1,dino_vitb16_imagenet1k_mri_ftv,LOCAL,dinov3_vitb16_lvd1689m_posthoc_mri_ftv,LOCAL,auroc,True,0.5663121783876501,0.6063807890222985,0.040068610634648394,0.95,-0.03792870728988792,0.11788324404551405,2026,5000,5000,375,110,descriptive paired outer-fold OOF patient bootstrap; not confirmatory and not used for model or checkpoint selection
dinov3_vs_dinov1:fc9b5fc432a34593,dinov3_vs_dinov1,dinov3_minus_dinov1_mri_ftv,radiomics_complete_case_375,T0-T1,dino_vitb16_imagenet1k_mri_ftv,LOCAL,dinov3_vitb16_lvd1689m_posthoc_mri_ftv,LOCAL,auprc,True,0.3540920821304989,0.39402933933068984,0.03993725720019092,0.95,-0.047635123656675694,0.12156194194282964,2026,5000,5000,375,110,descriptive paired outer-fold OOF patient bootstrap; not confirmatory and not used for model or checkpoint selection
dinov3_vs_dinov1:fc9b5fc432a34593,dinov3_vs_dinov1,dinov3_minus_dinov1_mri_ftv,radiomics_complete_case_375,T0-T1,dino_vitb16_imagenet1k_mri_ftv,LOCAL,dinov3_vitb16_lvd1689m_posthoc_mri_ftv,LOCAL,brier,False,0.28335767667954415,0.27144403961800323,-0.011913637061540916,0.95,-0.04759788798298967,0.024564638224843675,2026,5000,5000,375,110,descriptive paired outer-fold OOF patient bootstrap; not confirmatory and not used for model or checkpoint selection
dinov3_vs_dinov1:82d7d859deabdced,dinov3_vs_dinov1,dinov3_minus_dinov1_mri_clinical_ftv,radiomics_complete_case_375,T0-T1,dino_vitb16_imagenet1k_mri_clinical_ftv,GLOBAL,dinov3_vitb16_lvd1689m_posthoc_mri_clinical_ftv,GLOBAL,auroc,True,0.5516295025728988,0.5790051457975987,0.027375643224699875,0.95,-0.044433083757974,0.09823041602546503,2026,5000,5000,375,110,descriptive paired outer-fold OOF patient bootstrap; not confirmatory and not used for model or checkpoint selection
dinov3_vs_dinov1:82d7d859deabdced,dinov3_vs_dinov1,dinov3_minus_dinov1_mri_clinical_ftv,radiomics_complete_case_375,T0-T1,dino_vitb16_imagenet1k_mri_clinical_ftv,GLOBAL,dinov3_vitb16_lvd1689m_posthoc_mri_clinical_ftv,GLOBAL,auprc,True,0.33326686328381094,0.37561390983695836,0.042347046553147416,0.95,-0.028133325603151998,0.1049557411113962,2026,5000,5000,375,110,descriptive paired outer-fold OOF patient bootstrap; not confirmatory and not used for model or checkpoint selection
dinov3_vs_dinov1:82d7d859deabdced,dinov3_vs_dinov1,dinov3_minus_dinov1_mri_clinical_ftv,radiomics_complete_case_375,T0-T1,dino_vitb16_imagenet1k_mri_clinical_ftv,GLOBAL,dinov3_vitb16_lvd1689m_posthoc_mri_clinical_ftv,GLOBAL,brier,False,0.30303641946147186,0.275685851977544,-0.027350567483927835,0.95,-0.06332578447183725,0.007912232949313354,2026,5000,5000,375,110,descriptive paired outer-fold OOF patient bootstrap; not confirmatory and not used for model or checkpoint selection
dinov3_vs_dinov1:0606999b8d13de63,dinov3_vs_dinov1,dinov3_minus_dinov1_mri_clinical_ftv,radiomics_complete_case_375,T0-T1,dino_vitb16_imagenet1k_mri_clinical_ftv,LOCAL,dinov3_vitb16_lvd1689m_posthoc_mri_clinical_ftv,LOCAL,auroc,True,0.6219554030874785,0.6217152658662093,-0.0002401372212692543,0.95,-0.06243235398486062,0.06420309637041154,2026,5000,5000,375,110,descriptive paired outer-fold OOF patient bootstrap; not confirmatory and not used for model or checkpoint selection
dinov3_vs_dinov1:0606999b8d13de63,dinov3_vs_dinov1,dinov3_minus_dinov1_mri_clinical_ftv,radiomics_complete_case_375,T0-T1,dino_vitb16_imagenet1k_mri_clinical_ftv,LOCAL,dinov3_vitb16_lvd1689m_posthoc_mri_clinical_ftv,LOCAL,auprc,True,0.39762937828792877,0.39985547364674645,0.0022260953588176813,0.95,-0.06766956083211238,0.07482629789864097,2026,5000,5000,375,110,descriptive paired outer-fold OOF patient bootstrap; not confirmatory and not used for model or checkpoint selection
dinov3_vs_dinov1:0606999b8d13de63,dinov3_vs_dinov1,dinov3_minus_dinov1_mri_clinical_ftv,radiomics_complete_case_375,T0-T1,dino_vitb16_imagenet1k_mri_clinical_ftv,LOCAL,dinov3_vitb16_lvd1689m_posthoc_mri_clinical_ftv,LOCAL,brier,False,0.2560864759044449,0.2587374309196544,0.0026509550152095107,0.95,-0.024699412080453575,0.029831033987939192,2026,5000,5000,375,110,descriptive paired outer-fold OOF patient bootstrap; not confirmatory and not used for model or checkpoint selection
dinov3_vs_dinov1:f468f4de9f5721e3,dinov3_vs_dinov1,dinov3_minus_dinov1_mri_only,full_808,T0-T2,dino_vitb16_imagenet1k_mri_only,GLOBAL,dinov3_vitb16_lvd1689m_posthoc_mri_only,GLOBAL,auroc,True,0.5391096708169878,0.5508579225652397,0.011748251748251892,0.95,-0.03672758613534124,0.06079207986839291,2026,5000,5000,808,275,descriptive paired outer-fold OOF patient bootstrap; not confirmatory and not used for model or checkpoint selection
dinov3_vs_dinov1:f468f4de9f5721e3,dinov3_vs_dinov1,dinov3_minus_dinov1_mri_only,full_808,T0-T2,dino_vitb16_imagenet1k_mri_only,GLOBAL,dinov3_vitb16_lvd1689m_posthoc_mri_only,GLOBAL,auprc,True,0.39683301943453997,0.38302718518275325,-0.01380583425178672,0.95,-0.06436039260869299,0.03722732385169452,2026,5000,5000,808,275,descriptive paired outer-fold OOF patient bootstrap; not confirmatory and not used for model or checkpoint selection
dinov3_vs_dinov1:f468f4de9f5721e3,dinov3_vs_dinov1,dinov3_minus_dinov1_mri_only,full_808,T0-T2,dino_vitb16_imagenet1k_mri_only,GLOBAL,dinov3_vitb16_lvd1689m_posthoc_mri_only,GLOBAL,brier,False,0.30897811115197604,0.3499296054273269,0.04095149427535083,0.95,0.012048511906239389,0.07073641955038167,2026,5000,5000,808,275,descriptive paired outer-fold OOF patient bootstrap; not confirmatory and not used for model or checkpoint selection
dinov3_vs_dinov1:8aaebfed616f0b9d,dinov3_vs_dinov1,dinov3_minus_dinov1_mri_only,full_808,T0-T2,dino_vitb16_imagenet1k_mri_only,LOCAL,dinov3_vitb16_lvd1689m_posthoc_mri_only,LOCAL,auroc,True,0.5775882653931435,0.5903667064642675,0.012778441071124025,0.95,-0.034796075612579906,0.06023252788060687,2026,5000,5000,808,275,descriptive paired outer-fold OOF patient bootstrap; not confirmatory and not used for model or checkpoint selection
dinov3_vs_dinov1:8aaebfed616f0b9d,dinov3_vs_dinov1,dinov3_minus_dinov1_mri_only,full_808,T0-T2,dino_vitb16_imagenet1k_mri_only,LOCAL,dinov3_vitb16_lvd1689m_posthoc_mri_only,LOCAL,auprc,True,0.41757344760581305,0.42104347507919304,0.0034700274733799885,0.95,-0.05322453685210722,0.06121321853135085,2026,5000,5000,808,275,descriptive paired outer-fold OOF patient bootstrap; not confirmatory and not used for model or checkpoint selection
dinov3_vs_dinov1:8aaebfed616f0b9d,dinov3_vs_dinov1,dinov3_minus_dinov1_mri_only,full_808,T0-T2,dino_vitb16_imagenet1k_mri_only,LOCAL,dinov3_vitb16_lvd1689m_posthoc_mri_only,LOCAL,brier,False,0.26301202510369565,0.2978103935455164,0.03479836844182077,0.95,0.012183489416587617,0.0578064771899779,2026,5000,5000,808,275,descriptive paired outer-fold OOF patient bootstrap; not confirmatory and not used for model or checkpoint selection
dinov3_vs_dinov1:9aa8837885a51a96,dinov3_vs_dinov1,dinov3_minus_dinov1_mri_clinical,full_808,T0-T2,dino_vitb16_imagenet1k_mri_clinical,GLOBAL,dinov3_vitb16_lvd1689m_posthoc_mri_clinical,GLOBAL,auroc,True,0.707010063107624,0.6818420603786457,-0.025168002728978345,0.95,-0.055792313410583154,0.0037851342530204005,2026,5000,5000,808,275,descriptive paired outer-fold OOF patient bootstrap; not confirmatory and not used for model or checkpoint selection
dinov3_vs_dinov1:9aa8837885a51a96,dinov3_vs_dinov1,dinov3_minus_dinov1_mri_clinical,full_808,T0-T2,dino_vitb16_imagenet1k_mri_clinical,GLOBAL,dinov3_vitb16_lvd1689m_posthoc_mri_clinical,GLOBAL,auprc,True,0.5419116629217062,0.5269519041267015,-0.014959758795004774,0.95,-0.05902360167696677,0.03053919328054415,2026,5000,5000,808,275,descriptive paired outer-fold OOF patient bootstrap; not confirmatory and not used for model or checkpoint selection
dinov3_vs_dinov1:9aa8837885a51a96,dinov3_vs_dinov1,dinov3_minus_dinov1_mri_clinical,full_808,T0-T2,dino_vitb16_imagenet1k_mri_clinical,GLOBAL,dinov3_vitb16_lvd1689m_posthoc_mri_clinical,GLOBAL,brier,False,0.22875808879652854,0.23438221583316718,0.005624127036638643,0.95,-0.0036460011874517705,0.015687571894169253,2026,5000,5000,808,275,descriptive paired outer-fold OOF patient bootstrap; not confirmatory and not used for model or checkpoint selection
dinov3_vs_dinov1:d26bf2274e32c55b,dinov3_vs_dinov1,dinov3_minus_dinov1_mri_clinical,full_808,T0-T2,dino_vitb16_imagenet1k_mri_clinical,LOCAL,dinov3_vitb16_lvd1689m_posthoc_mri_clinical,LOCAL,auroc,True,0.6721610097219852,0.6366842913184377,-0.03547671840354749,0.95,-0.0742264900208825,0.0025054705050754616,2026,5000,5000,808,275,descriptive paired outer-fold OOF patient bootstrap; not confirmatory and not used for model or checkpoint selection
dinov3_vs_dinov1:d26bf2274e32c55b,dinov3_vs_dinov1,dinov3_minus_dinov1_mri_clinical,full_808,T0-T2,dino_vitb16_imagenet1k_mri_clinical,LOCAL,dinov3_vitb16_lvd1689m_posthoc_mri_clinical,LOCAL,auprc,True,0.4984631723732943,0.46182857748147094,-0.03663459489182336,0.95,-0.08462352821575637,0.012514157465150472,2026,5000,5000,808,275,descriptive paired outer-fold OOF patient bootstrap; not confirmatory and not used for model or checkpoint selection
dinov3_vs_dinov1:d26bf2274e32c55b,dinov3_vs_dinov1,dinov3_minus_dinov1_mri_clinical,full_808,T0-T2,dino_vitb16_imagenet1k_mri_clinical,LOCAL,dinov3_vitb16_lvd1689m_posthoc_mri_clinical,LOCAL,brier,False,0.2312148123932091,0.2608146045401002,0.029599792146891096,0.95,0.013704578955530886,0.04618411102223048,2026,5000,5000,808,275,descriptive paired outer-fold OOF patient bootstrap; not confirmatory and not used for model or checkpoint selection
dinov3_vs_dinov1:6879dc8d400805eb,dinov3_vs_dinov1,dinov3_minus_dinov1_mri_only_paired,radiomics_complete_case_375,T0-T2,dino_vitb16_imagenet1k_mri_only_paired,GLOBAL,dinov3_vitb16_lvd1689m_posthoc_mri_only_paired,GLOBAL,auroc,True,0.4953344768439108,0.48411663807890226,-0.011217838765008536,0.95,-0.09196614545454544,0.07195845321134374,2026,5000,5000,375,110,descriptive paired outer-fold OOF patient bootstrap; not confirmatory and not used for model or checkpoint selection
dinov3_vs_dinov1:6879dc8d400805eb,dinov3_vs_dinov1,dinov3_minus_dinov1_mri_only_paired,radiomics_complete_case_375,T0-T2,dino_vitb16_imagenet1k_mri_only_paired,GLOBAL,dinov3_vitb16_lvd1689m_posthoc_mri_only_paired,GLOBAL,auprc,True,0.3483683788583086,0.2860976473295007,-0.06227073152880791,0.95,-0.13020771860234634,0.007702732550943877,2026,5000,5000,375,110,descriptive paired outer-fold OOF patient bootstrap; not confirmatory and not used for model or checkpoint selection
dinov3_vs_dinov1:6879dc8d400805eb,dinov3_vs_dinov1,dinov3_minus_dinov1_mri_only_paired,radiomics_complete_case_375,T0-T2,dino_vitb16_imagenet1k_mri_only_paired,GLOBAL,dinov3_vitb16_lvd1689m_posthoc_mri_only_paired,GLOBAL,brier,False,0.3597201542746522,0.3186456556508532,-0.04107449862379903,0.95,-0.0871843630256149,0.004375337581558586,2026,5000,5000,375,110,descriptive paired outer-fold OOF patient bootstrap; not confirmatory and not used for model or checkpoint selection
dinov3_vs_dinov1:d478de27d691a8f4,dinov3_vs_dinov1,dinov3_minus_dinov1_mri_only_paired,radiomics_complete_case_375,T0-T2,dino_vitb16_imagenet1k_mri_only_paired,LOCAL,dinov3_vitb16_lvd1689m_posthoc_mri_only_paired,LOCAL,auroc,True,0.5651114922813036,0.5995197255574614,0.03440823327615772,0.95,-0.0357694248753759,0.10260913114126884,2026,5000,5000,375,110,descriptive paired outer-fold OOF patient bootstrap; not confirmatory and not used for model or checkpoint selection
dinov3_vs_dinov1:d478de27d691a8f4,dinov3_vs_dinov1,dinov3_minus_dinov1_mri_only_paired,radiomics_complete_case_375,T0-T2,dino_vitb16_imagenet1k_mri_only_paired,LOCAL,dinov3_vitb16_lvd1689m_posthoc_mri_only_paired,LOCAL,auprc,True,0.36981743240892717,0.3827653283391351,0.012947895930207953,0.95,-0.05675151293944341,0.08751911635733521,2026,5000,5000,375,110,descriptive paired outer-fold OOF patient bootstrap; not confirmatory and not used for model or checkpoint selection
dinov3_vs_dinov1:d478de27d691a8f4,dinov3_vs_dinov1,dinov3_minus_dinov1_mri_only_paired,radiomics_complete_case_375,T0-T2,dino_vitb16_imagenet1k_mri_only_paired,LOCAL,dinov3_vitb16_lvd1689m_posthoc_mri_only_paired,LOCAL,brier,False,0.26921058058864483,0.27483508264437745,0.005624502055732616,0.95,-0.024802124430881256,0.037032626327283324,2026,5000,5000,375,110,descriptive paired outer-fold OOF patient bootstrap; not confirmatory and not used for model or checkpoint selection
dinov3_vs_dinov1:f242295c2357ec3f,dinov3_vs_dinov1,dinov3_minus_dinov1_mri_clinical_paired,radiomics_complete_case_375,T0-T2,dino_vitb16_imagenet1k_mri_clinical_paired,GLOBAL,dinov3_vitb16_lvd1689m_posthoc_mri_clinical_paired,GLOBAL,auroc,True,0.5140308747855917,0.5394168096054889,0.02538593481989715,0.95,-0.03872414826528591,0.09370041132339955,2026,5000,5000,375,110,descriptive paired outer-fold OOF patient bootstrap; not confirmatory and not used for model or checkpoint selection
dinov3_vs_dinov1:f242295c2357ec3f,dinov3_vs_dinov1,dinov3_minus_dinov1_mri_clinical_paired,radiomics_complete_case_375,T0-T2,dino_vitb16_imagenet1k_mri_clinical_paired,GLOBAL,dinov3_vitb16_lvd1689m_posthoc_mri_clinical_paired,GLOBAL,auprc,True,0.3657008616782032,0.3237740461538177,-0.041926815524385486,0.95,-0.10405456678457692,0.02972715000741395,2026,5000,5000,375,110,descriptive paired outer-fold OOF patient bootstrap; not confirmatory and not used for model or checkpoint selection
dinov3_vs_dinov1:f242295c2357ec3f,dinov3_vs_dinov1,dinov3_minus_dinov1_mri_clinical_paired,radiomics_complete_case_375,T0-T2,dino_vitb16_imagenet1k_mri_clinical_paired,GLOBAL,dinov3_vitb16_lvd1689m_posthoc_mri_clinical_paired,GLOBAL,brier,False,0.35727146176288077,0.3236682415451155,-0.033603220217765295,0.95,-0.07674243441280439,0.008848285450119656,2026,5000,5000,375,110,descriptive paired outer-fold OOF patient bootstrap; not confirmatory and not used for model or checkpoint selection
dinov3_vs_dinov1:e2a4488e7982cd2e,dinov3_vs_dinov1,dinov3_minus_dinov1_mri_clinical_paired,radiomics_complete_case_375,T0-T2,dino_vitb16_imagenet1k_mri_clinical_paired,LOCAL,dinov3_vitb16_lvd1689m_posthoc_mri_clinical_paired,LOCAL,auroc,True,0.6229159519725558,0.6373241852487135,0.0144082332761577,0.95,-0.05622125843664758,0.08556973216312419,2026,5000,5000,375,110,descriptive paired outer-fold OOF patient bootstrap; not confirmatory and not used for model or checkpoint selection
dinov3_vs_dinov1:e2a4488e7982cd2e,dinov3_vs_dinov1,dinov3_minus_dinov1_mri_clinical_paired,radiomics_complete_case_375,T0-T2,dino_vitb16_imagenet1k_mri_clinical_paired,LOCAL,dinov3_vitb16_lvd1689m_posthoc_mri_clinical_paired,LOCAL,auprc,True,0.42406751837361845,0.428975054274219,0.004907535900600557,0.95,-0.08219078155877657,0.09318556598591893,2026,5000,5000,375,110,descriptive paired outer-fold OOF patient bootstrap; not confirmatory and not used for model or checkpoint selection
dinov3_vs_dinov1:e2a4488e7982cd2e,dinov3_vs_dinov1,dinov3_minus_dinov1_mri_clinical_paired,radiomics_complete_case_375,T0-T2,dino_vitb16_imagenet1k_mri_clinical_paired,LOCAL,dinov3_vitb16_lvd1689m_posthoc_mri_clinical_paired,LOCAL,brier,False,0.24841401977057886,0.2603667562579374,0.011952736487358562,0.95,-0.019212956480377602,0.04371165809572428,2026,5000,5000,375,110,descriptive paired outer-fold OOF patient bootstrap; not confirmatory and not used for model or checkpoint selection
dinov3_vs_dinov1:367adac3bc65486a,dinov3_vs_dinov1,dinov3_minus_dinov1_mri_ftv,radiomics_complete_case_375,T0-T2,dino_vitb16_imagenet1k_mri_ftv,GLOBAL,dinov3_vitb16_lvd1689m_posthoc_mri_ftv,GLOBAL,auroc,True,0.5113207547169811,0.48442538593481993,-0.0268953687821612,0.95,-0.10309849047486794,0.05204850670887453,2026,5000,5000,375,110,descriptive paired outer-fold OOF patient bootstrap; not confirmatory and not used for model or checkpoint selection
dinov3_vs_dinov1:367adac3bc65486a,dinov3_vs_dinov1,dinov3_minus_dinov1_mri_ftv,radiomics_complete_case_375,T0-T2,dino_vitb16_imagenet1k_mri_ftv,GLOBAL,dinov3_vitb16_lvd1689m_posthoc_mri_ftv,GLOBAL,auprc,True,0.35907835774207325,0.2873424783501783,-0.07173587939189496,0.95,-0.13558814251428475,-0.0062422613995894854,2026,5000,5000,375,110,descriptive paired outer-fold OOF patient bootstrap; not confirmatory and not used for model or checkpoint selection
dinov3_vs_dinov1:367adac3bc65486a,dinov3_vs_dinov1,dinov3_minus_dinov1_mri_ftv,radiomics_complete_case_375,T0-T2,dino_vitb16_imagenet1k_mri_ftv,GLOBAL,dinov3_vitb16_lvd1689m_posthoc_mri_ftv,GLOBAL,brier,False,0.36899323435594517,0.31239434790770787,-0.056598886448237296,0.95,-0.10093142206489376,-0.01321346665782011,2026,5000,5000,375,110,descriptive paired outer-fold OOF patient bootstrap; not confirmatory and not used for model or checkpoint selection
dinov3_vs_dinov1:82e82e544e8c17e5,dinov3_vs_dinov1,dinov3_minus_dinov1_mri_ftv,radiomics_complete_case_375,T0-T2,dino_vitb16_imagenet1k_mri_ftv,LOCAL,dinov3_vitb16_lvd1689m_posthoc_mri_ftv,LOCAL,auroc,True,0.5662778730703258,0.6016809605488851,0.03540308747855925,0.95,-0.035149639678797945,0.10285330587110694,2026,5000,5000,375,110,descriptive paired outer-fold OOF patient bootstrap; not confirmatory and not used for model or checkpoint selection
dinov3_vs_dinov1:82e82e544e8c17e5,dinov3_vs_dinov1,dinov3_minus_dinov1_mri_ftv,radiomics_complete_case_375,T0-T2,dino_vitb16_imagenet1k_mri_ftv,LOCAL,dinov3_vitb16_lvd1689m_posthoc_mri_ftv,LOCAL,auprc,True,0.3712062018168537,0.38433860114933427,0.01313239933248056,0.95,-0.05719650208845913,0.0880659163725877,2026,5000,5000,375,110,descriptive paired outer-fold OOF patient bootstrap; not confirmatory and not used for model or checkpoint selection
dinov3_vs_dinov1:82e82e544e8c17e5,dinov3_vs_dinov1,dinov3_minus_dinov1_mri_ftv,radiomics_complete_case_375,T0-T2,dino_vitb16_imagenet1k_mri_ftv,LOCAL,dinov3_vitb16_lvd1689m_posthoc_mri_ftv,LOCAL,brier,False,0.2687747138496423,0.2738035622204508,0.005028848370808525,0.95,-0.025389285500351823,0.03636267013362542,2026,5000,5000,375,110,descriptive paired outer-fold OOF patient bootstrap; not confirmatory and not used for model or checkpoint selection
dinov3_vs_dinov1:80a1a8d7a3a3e172,dinov3_vs_dinov1,dinov3_minus_dinov1_mri_clinical_ftv,radiomics_complete_case_375,T0-T2,dino_vitb16_imagenet1k_mri_clinical_ftv,GLOBAL,dinov3_vitb16_lvd1689m_posthoc_mri_clinical_ftv,GLOBAL,auroc,True,0.5132418524871355,0.5468953687821613,0.033653516295025776,0.95,-0.03327215417516818,0.10083880380043286,2026,5000,5000,375,110,descriptive paired outer-fold OOF patient bootstrap; not confirmatory and not used for model or checkpoint selection
dinov3_vs_dinov1:80a1a8d7a3a3e172,dinov3_vs_dinov1,dinov3_minus_dinov1_mri_clinical_ftv,radiomics_complete_case_375,T0-T2,dino_vitb16_imagenet1k_mri_clinical_ftv,GLOBAL,dinov3_vitb16_lvd1689m_posthoc_mri_clinical_ftv,GLOBAL,auprc,True,0.35942693365251,0.3286511831216356,-0.03077575053087439,0.95,-0.09370473035294963,0.04364280428234712,2026,5000,5000,375,110,descriptive paired outer-fold OOF patient bootstrap; not confirmatory and not used for model or checkpoint selection
dinov3_vs_dinov1:80a1a8d7a3a3e172,dinov3_vs_dinov1,dinov3_minus_dinov1_mri_clinical_ftv,radiomics_complete_case_375,T0-T2,dino_vitb16_imagenet1k_mri_clinical_ftv,GLOBAL,dinov3_vitb16_lvd1689m_posthoc_mri_clinical_ftv,GLOBAL,brier,False,0.3542834892960043,0.31314027903274094,-0.04114321026326334,0.95,-0.08281377238630235,0.0004037226028963592,2026,5000,5000,375,110,descriptive paired outer-fold OOF patient bootstrap; not confirmatory and not used for model or checkpoint selection
dinov3_vs_dinov1:ffa001425c35f1d1,dinov3_vs_dinov1,dinov3_minus_dinov1_mri_clinical_ftv,radiomics_complete_case_375,T0-T2,dino_vitb16_imagenet1k_mri_clinical_ftv,LOCAL,dinov3_vitb16_lvd1689m_posthoc_mri_clinical_ftv,LOCAL,auroc,True,0.6232590051457976,0.6396226415094339,0.016363636363636358,0.95,-0.05440029411764706,0.087082953611568,2026,5000,5000,375,110,descriptive paired outer-fold OOF patient bootstrap; not confirmatory and not used for model or checkpoint selection
dinov3_vs_dinov1:ffa001425c35f1d1,dinov3_vs_dinov1,dinov3_minus_dinov1_mri_clinical_ftv,radiomics_complete_case_375,T0-T2,dino_vitb16_imagenet1k_mri_clinical_ftv,LOCAL,dinov3_vitb16_lvd1689m_posthoc_mri_clinical_ftv,LOCAL,auprc,True,0.42438532110326693,0.43144553385601464,0.007060212752747708,0.95,-0.08039214023825153,0.09475249003020665,2026,5000,5000,375,110,descriptive paired outer-fold OOF patient bootstrap; not confirmatory and not used for model or checkpoint selection
dinov3_vs_dinov1:ffa001425c35f1d1,dinov3_vs_dinov1,dinov3_minus_dinov1_mri_clinical_ftv,radiomics_complete_case_375,T0-T2,dino_vitb16_imagenet1k_mri_clinical_ftv,LOCAL,dinov3_vitb16_lvd1689m_posthoc_mri_clinical_ftv,LOCAL,brier,False,0.24844645065680546,0.2601738039414257,0.01172735328462024,0.95,-0.01959736864982183,0.04376934250272916,2026,5000,5000,375,110,descriptive paired outer-fold OOF patient bootstrap; not confirmatory and not used for model or checkpoint selection
local_vs_global:05ff1c76b8d840d0,local_vs_global,dinov3_LOCAL_minus_GLOBAL_mri_only,full_808,T0,dinov3_vitb16_lvd1689m_posthoc_mri_only,GLOBAL,dinov3_vitb16_lvd1689m_posthoc_mri_only,LOCAL,auroc,True,0.5277912331570868,0.5305952584001364,0.0028040252430496793,0.95,-0.05138667590327741,0.05615996251837174,2026,5000,5000,808,275,descriptive paired outer-fold OOF patient bootstrap; not confirmatory and not used for model or checkpoint selection
local_vs_global:05ff1c76b8d840d0,local_vs_global,dinov3_LOCAL_minus_GLOBAL_mri_only,full_808,T0,dinov3_vitb16_lvd1689m_posthoc_mri_only,GLOBAL,dinov3_vitb16_lvd1689m_posthoc_mri_only,LOCAL,auprc,True,0.36163725014943104,0.3786485973733751,0.01701134722394404,0.95,-0.03577952721940487,0.06847861045957972,2026,5000,5000,808,275,descriptive paired outer-fold OOF patient bootstrap; not confirmatory and not used for model or checkpoint selection
local_vs_global:05ff1c76b8d840d0,local_vs_global,dinov3_LOCAL_minus_GLOBAL_mri_only,full_808,T0,dinov3_vitb16_lvd1689m_posthoc_mri_only,GLOBAL,dinov3_vitb16_lvd1689m_posthoc_mri_only,LOCAL,brier,False,0.26810191028249536,0.30861520593725794,0.04051329565476258,0.95,0.017470961256277753,0.0637798607044887,2026,5000,5000,808,275,descriptive paired outer-fold OOF patient bootstrap; not confirmatory and not used for model or checkpoint selection
local_vs_global:72b1ad112f1624e9,local_vs_global,dinov3_LOCAL_minus_GLOBAL_mri_clinical,full_808,T0,dinov3_vitb16_lvd1689m_posthoc_mri_clinical,GLOBAL,dinov3_vitb16_lvd1689m_posthoc_mri_clinical,LOCAL,auroc,True,0.7035101483881971,0.6928671328671329,-0.01064301552106428,0.95,-0.03741346605577417,0.017912568554761903,2026,5000,5000,808,275,descriptive paired outer-fold OOF patient bootstrap; not confirmatory and not used for model or checkpoint selection
local_vs_global:72b1ad112f1624e9,local_vs_global,dinov3_LOCAL_minus_GLOBAL_mri_clinical,full_808,T0,dinov3_vitb16_lvd1689m_posthoc_mri_clinical,GLOBAL,dinov3_vitb16_lvd1689m_posthoc_mri_clinical,LOCAL,auprc,True,0.5486998455090714,0.5274179305788809,-0.021281914930190493,0.95,-0.06102703570183911,0.022734794833479382,2026,5000,5000,808,275,descriptive paired outer-fold OOF patient bootstrap; not confirmatory and not used for model or checkpoint selection
local_vs_global:72b1ad112f1624e9,local_vs_global,dinov3_LOCAL_minus_GLOBAL_mri_clinical,full_808,T0,dinov3_vitb16_lvd1689m_posthoc_mri_clinical,GLOBAL,dinov3_vitb16_lvd1689m_posthoc_mri_clinical,LOCAL,brier,False,0.22153332928845937,0.22946573122151873,0.007932401933059358,0.95,7.161238049958235e-05,0.015547732396979002,2026,5000,5000,808,275,descriptive paired outer-fold OOF patient bootstrap; not confirmatory and not used for model or checkpoint selection
local_vs_global:0735ae4d1c3f85c8,local_vs_global,dinov3_LOCAL_minus_GLOBAL_mri_only_paired,radiomics_complete_case_375,T0,dinov3_vitb16_lvd1689m_posthoc_mri_only_paired,GLOBAL,dinov3_vitb16_lvd1689m_posthoc_mri_only_paired,LOCAL,auroc,True,0.5395883361921098,0.5534476843910806,0.013859348198970833,0.95,-0.06224974289837786,0.08966980542359003,2026,5000,5000,375,110,descriptive paired outer-fold OOF patient bootstrap; not confirmatory and not used for model or checkpoint selection
local_vs_global:0735ae4d1c3f85c8,local_vs_global,dinov3_LOCAL_minus_GLOBAL_mri_only_paired,radiomics_complete_case_375,T0,dinov3_vitb16_lvd1689m_posthoc_mri_only_paired,GLOBAL,dinov3_vitb16_lvd1689m_posthoc_mri_only_paired,LOCAL,auprc,True,0.3275649726095988,0.3227905409468774,-0.004774431662721401,0.95,-0.06855089363419864,0.06350902997202719,2026,5000,5000,375,110,descriptive paired outer-fold OOF patient bootstrap; not confirmatory and not used for model or checkpoint selection
local_vs_global:0735ae4d1c3f85c8,local_vs_global,dinov3_LOCAL_minus_GLOBAL_mri_only_paired,radiomics_complete_case_375,T0,dinov3_vitb16_lvd1689m_posthoc_mri_only_paired,GLOBAL,dinov3_vitb16_lvd1689m_posthoc_mri_only_paired,LOCAL,brier,False,0.25466973568752216,0.27622242387178614,0.02155268818426398,0.95,-0.004073631629655898,0.0471264606787763,2026,5000,5000,375,110,descriptive paired outer-fold OOF patient bootstrap; not confirmatory and not used for model or checkpoint selection
local_vs_global:3393c3d12c44c751,local_vs_global,dinov3_LOCAL_minus_GLOBAL_mri_clinical_paired,radiomics_complete_case_375,T0,dinov3_vitb16_lvd1689m_posthoc_mri_clinical_paired,GLOBAL,dinov3_vitb16_lvd1689m_posthoc_mri_clinical_paired,LOCAL,auroc,True,0.6007204116638079,0.61073756432247,0.010017152658662098,0.95,-0.05099249743742234,0.07444286451042507,2026,5000,5000,375,110,descriptive paired outer-fold OOF patient bootstrap; not confirmatory and not used for model or checkpoint selection
local_vs_global:3393c3d12c44c751,local_vs_global,dinov3_LOCAL_minus_GLOBAL_mri_clinical_paired,radiomics_complete_case_375,T0,dinov3_vitb16_lvd1689m_posthoc_mri_clinical_paired,GLOBAL,dinov3_vitb16_lvd1689m_posthoc_mri_clinical_paired,LOCAL,auprc,True,0.3861970370958787,0.3810703570274274,-0.005126680068451295,0.95,-0.07908931100929545,0.06118558656856166,2026,5000,5000,375,110,descriptive paired outer-fold OOF patient bootstrap; not confirmatory and not used for model or checkpoint selection
local_vs_global:3393c3d12c44c751,local_vs_global,dinov3_LOCAL_minus_GLOBAL_mri_clinical_paired,radiomics_complete_case_375,T0,dinov3_vitb16_lvd1689m_posthoc_mri_clinical_paired,GLOBAL,dinov3_vitb16_lvd1689m_posthoc_mri_clinical_paired,LOCAL,brier,False,0.28012456518942086,0.26816150537457756,-0.011963059814843302,0.95,-0.04377729956727508,0.018083261420436387,2026,5000,5000,375,110,descriptive paired outer-fold OOF patient bootstrap; not confirmatory and not used for model or checkpoint selection
local_vs_global:4dbd6d92f267e003,local_vs_global,dinov3_LOCAL_minus_GLOBAL_mri_ftv,radiomics_complete_case_375,T0,dinov3_vitb16_lvd1689m_posthoc_mri_ftv,GLOBAL,dinov3_vitb16_lvd1689m_posthoc_mri_ftv,LOCAL,auroc,True,0.5406174957118353,0.5510120068610634,0.01039451114922818,0.95,-0.06604039449977553,0.08603118800321559,2026,5000,5000,375,110,descriptive paired outer-fold OOF patient bootstrap; not confirmatory and not used for model or checkpoint selection
local_vs_global:4dbd6d92f267e003,local_vs_global,dinov3_LOCAL_minus_GLOBAL_mri_ftv,radiomics_complete_case_375,T0,dinov3_vitb16_lvd1689m_posthoc_mri_ftv,GLOBAL,dinov3_vitb16_lvd1689m_posthoc_mri_ftv,LOCAL,auprc,True,0.3285074212846331,0.3231027100886962,-0.00540471119593694,0.95,-0.07066815515207193,0.06385240221950388,2026,5000,5000,375,110,descriptive paired outer-fold OOF patient bootstrap; not confirmatory and not used for model or checkpoint selection
local_vs_global:4dbd6d92f267e003,local_vs_global,dinov3_LOCAL_minus_GLOBAL_mri_ftv,radiomics_complete_case_375,T0,dinov3_vitb16_lvd1689m_posthoc_mri_ftv,GLOBAL,dinov3_vitb16_lvd1689m_posthoc_mri_ftv,LOCAL,brier,False,0.25454367514747644,0.28059075179170356,0.02604707664422712,0.95,-0.0009085294250596804,0.052759038856158645,2026,5000,5000,375,110,descriptive paired outer-fold OOF patient bootstrap; not confirmatory and not used for model or checkpoint selection
local_vs_global:6c4f5d5b94a68819,local_vs_global,dinov3_LOCAL_minus_GLOBAL_mri_clinical_ftv,radiomics_complete_case_375,T0,dinov3_vitb16_lvd1689m_posthoc_mri_clinical_ftv,GLOBAL,dinov3_vitb16_lvd1689m_posthoc_mri_clinical_ftv,LOCAL,auroc,True,0.6006861063464838,0.61073756432247,0.010051457975986167,0.95,-0.05080819488425243,0.07451859903381626,2026,5000,5000,375,110,descriptive paired outer-fold OOF patient bootstrap; not confirmatory and not used for model or checkpoint selection
local_vs_global:6c4f5d5b94a68819,local_vs_global,dinov3_LOCAL_minus_GLOBAL_mri_clinical_ftv,radiomics_complete_case_375,T0,dinov3_vitb16_lvd1689m_posthoc_mri_clinical_ftv,GLOBAL,dinov3_vitb16_lvd1689m_posthoc_mri_clinical_ftv,LOCAL,auprc,True,0.3837904888831128,0.38106964422790646,-0.0027208446552063337,0.95,-0.07615841293162583,0.06345692889662621,2026,5000,5000,375,110,descriptive paired outer-fold OOF patient bootstrap; not confirmatory and not used for model or checkpoint selection
local_vs_global:6c4f5d5b94a68819,local_vs_global,dinov3_LOCAL_minus_GLOBAL_mri_clinical_ftv,radiomics_complete_case_375,T0,dinov3_vitb16_lvd1689m_posthoc_mri_clinical_ftv,GLOBAL,dinov3_vitb16_lvd1689m_posthoc_mri_clinical_ftv,LOCAL,brier,False,0.277020257762195,0.26815922555786215,-0.008861032204332875,0.95,-0.03999826502021317,0.02126402689110535,2026,5000,5000,375,110,descriptive paired outer-fold OOF patient bootstrap; not confirmatory and not used for model or checkpoint selection
local_vs_global:cc8698312cc467df,local_vs_global,dinov3_LOCAL_minus_GLOBAL_mri_only,full_808,T0-T1,dinov3_vitb16_lvd1689m_posthoc_mri_only,GLOBAL,dinov3_vitb16_lvd1689m_posthoc_mri_only,LOCAL,auroc,True,0.5011905168002729,0.6050281425891182,0.10383762578884526,0.95,0.05118853746457173,0.15569145171243717,2026,5000,5000,808,275,descriptive paired outer-fold OOF patient bootstrap; not confirmatory and not used for model or checkpoint selection
local_vs_global:cc8698312cc467df,local_vs_global,dinov3_LOCAL_minus_GLOBAL_mri_only,full_808,T0-T1,dinov3_vitb16_lvd1689m_posthoc_mri_only,GLOBAL,dinov3_vitb16_lvd1689m_posthoc_mri_only,LOCAL,auprc,True,0.35056238606461576,0.4355209403091017,0.08495855424448595,0.95,0.030991557059882113,0.13740021622474222,2026,5000,5000,808,275,descriptive paired outer-fold OOF patient bootstrap; not confirmatory and not used for model or checkpoint selection
local_vs_global:cc8698312cc467df,local_vs_global,dinov3_LOCAL_minus_GLOBAL_mri_only,full_808,T0-T1,dinov3_vitb16_lvd1689m_posthoc_mri_only,GLOBAL,dinov3_vitb16_lvd1689m_posthoc_mri_only,LOCAL,brier,False,0.3327504129493712,0.28766810937616055,-0.045082303573210636,0.95,-0.07413750054372877,-0.016040413844755904,2026,5000,5000,808,275,descriptive paired outer-fold OOF patient bootstrap; not confirmatory and not used for model or checkpoint selection
local_vs_global:d0a2d1df7fe41192,local_vs_global,dinov3_LOCAL_minus_GLOBAL_mri_clinical,full_808,T0-T1,dinov3_vitb16_lvd1689m_posthoc_mri_clinical,GLOBAL,dinov3_vitb16_lvd1689m_posthoc_mri_clinical,LOCAL,auroc,True,0.6334777417704247,0.6566194780828928,0.023141736312468075,0.95,-0.021386182492521194,0.06895424151491789,2026,5000,5000,808,275,descriptive paired outer-fold OOF patient bootstrap; not confirmatory and not used for model or checkpoint selection
local_vs_global:d0a2d1df7fe41192,local_vs_global,dinov3_LOCAL_minus_GLOBAL_mri_clinical,full_808,T0-T1,dinov3_vitb16_lvd1689m_posthoc_mri_clinical,GLOBAL,dinov3_vitb16_lvd1689m_posthoc_mri_clinical,LOCAL,auprc,True,0.4564978688408505,0.46885313591824784,0.01235526707739737,0.95,-0.04377431707977273,0.0699262780961438,2026,5000,5000,808,275,descriptive paired outer-fold OOF patient bootstrap; not confirmatory and not used for model or checkpoint selection
local_vs_global:d0a2d1df7fe41192,local_vs_global,dinov3_LOCAL_minus_GLOBAL_mri_clinical,full_808,T0-T1,dinov3_vitb16_lvd1689m_posthoc_mri_clinical,GLOBAL,dinov3_vitb16_lvd1689m_posthoc_mri_clinical,LOCAL,brier,False,0.25988099895503947,0.24532615904009375,-0.014554839914945716,0.95,-0.03496686622466517,0.005201718137381803,2026,5000,5000,808,275,descriptive paired outer-fold OOF patient bootstrap; not confirmatory and not used for model or checkpoint selection
local_vs_global:3b8d93aaf6ff96a0,local_vs_global,dinov3_LOCAL_minus_GLOBAL_mri_only_paired,radiomics_complete_case_375,T0-T1,dinov3_vitb16_lvd1689m_posthoc_mri_only_paired,GLOBAL,dinov3_vitb16_lvd1689m_posthoc_mri_only_paired,LOCAL,auroc,True,0.5264837049742711,0.5880617495711835,0.06157804459691241,0.95,-0.022049506008903274,0.14251400416998425,2026,5000,5000,375,110,descriptive paired outer-fold OOF patient bootstrap; not confirmatory and not used for model or checkpoint selection
local_vs_global:3b8d93aaf6ff96a0,local_vs_global,dinov3_LOCAL_minus_GLOBAL_mri_only_paired,radiomics_complete_case_375,T0-T1,dinov3_vitb16_lvd1689m_posthoc_mri_only_paired,GLOBAL,dinov3_vitb16_lvd1689m_posthoc_mri_only_paired,LOCAL,auprc,True,0.3450805030748316,0.3909765364031017,0.04589603332827008,0.95,-0.036426324924774836,0.12687473217307257,2026,5000,5000,375,110,descriptive paired outer-fold OOF patient bootstrap; not confirmatory and not used for model or checkpoint selection
local_vs_global:3b8d93aaf6ff96a0,local_vs_global,dinov3_LOCAL_minus_GLOBAL_mri_only_paired,radiomics_complete_case_375,T0-T1,dinov3_vitb16_lvd1689m_posthoc_mri_only_paired,GLOBAL,dinov3_vitb16_lvd1689m_posthoc_mri_only_paired,LOCAL,brier,False,0.2894452982784724,0.28358415847243007,-0.005861139806042304,0.95,-0.041916234348419935,0.03142225296764538,2026,5000,5000,375,110,descriptive paired outer-fold OOF patient bootstrap; not confirmatory and not used for model or checkpoint selection
local_vs_global:40008fed6dc6ee15,local_vs_global,dinov3_LOCAL_minus_GLOBAL_mri_clinical_paired,radiomics_complete_case_375,T0-T1,dinov3_vitb16_lvd1689m_posthoc_mri_clinical_paired,GLOBAL,dinov3_vitb16_lvd1689m_posthoc_mri_clinical_paired,LOCAL,auroc,True,0.5631217838765008,0.6208919382504288,0.05777015437392796,0.95,-0.019899955632609337,0.13416913451209242,2026,5000,5000,375,110,descriptive paired outer-fold OOF patient bootstrap; not confirmatory and not used for model or checkpoint selection
local_vs_global:40008fed6dc6ee15,local_vs_global,dinov3_LOCAL_minus_GLOBAL_mri_clinical_paired,radiomics_complete_case_375,T0-T1,dinov3_vitb16_lvd1689m_posthoc_mri_clinical_paired,GLOBAL,dinov3_vitb16_lvd1689m_posthoc_mri_clinical_paired,LOCAL,auprc,True,0.36402386989715185,0.3928284293690504,0.028804559471898528,0.95,-0.04302634170401452,0.11201736622432587,2026,5000,5000,375,110,descriptive paired outer-fold OOF patient bootstrap; not confirmatory and not used for model or checkpoint selection
local_vs_global:40008fed6dc6ee15,local_vs_global,dinov3_LOCAL_minus_GLOBAL_mri_clinical_paired,radiomics_complete_case_375,T0-T1,dinov3_vitb16_lvd1689m_posthoc_mri_clinical_paired,GLOBAL,dinov3_vitb16_lvd1689m_posthoc_mri_clinical_paired,LOCAL,brier,False,0.2855156761269471,0.26195142396026727,-0.023564252166679844,0.95,-0.05863120122278601,0.011651573746184682,2026,5000,5000,375,110,descriptive paired outer-fold OOF patient bootstrap; not confirmatory and not used for model or checkpoint selection
local_vs_global:c94e988bde56fb49,local_vs_global,dinov3_LOCAL_minus_GLOBAL_mri_ftv,radiomics_complete_case_375,T0-T1,dinov3_vitb16_lvd1689m_posthoc_mri_ftv,GLOBAL,dinov3_vitb16_lvd1689m_posthoc_mri_ftv,LOCAL,auroc,True,0.5326586620926244,0.6063807890222985,0.07372212692967417,0.95,-0.009688519691690446,0.1562244167648892,2026,5000,5000,375,110,descriptive paired outer-fold OOF patient bootstrap; not confirmatory and not used for model or checkpoint selection
local_vs_global:c94e988bde56fb49,local_vs_global,dinov3_LOCAL_minus_GLOBAL_mri_ftv,radiomics_complete_case_375,T0-T1,dinov3_vitb16_lvd1689m_posthoc_mri_ftv,GLOBAL,dinov3_vitb16_lvd1689m_posthoc_mri_ftv,LOCAL,auprc,True,0.3519646562475207,0.39402933933068984,0.04206468308316913,0.95,-0.04352252389235268,0.13168798814262586,2026,5000,5000,375,110,descriptive paired outer-fold OOF patient bootstrap; not confirmatory and not used for model or checkpoint selection
local_vs_global:c94e988bde56fb49,local_vs_global,dinov3_LOCAL_minus_GLOBAL_mri_ftv,radiomics_complete_case_375,T0-T1,dinov3_vitb16_lvd1689m_posthoc_mri_ftv,GLOBAL,dinov3_vitb16_lvd1689m_posthoc_mri_ftv,LOCAL,brier,False,0.29067537183783526,0.27144403961800323,-0.01923133221983203,0.95,-0.05737592407554493,0.019058057135775613,2026,5000,5000,375,110,descriptive paired outer-fold OOF patient bootstrap; not confirmatory and not used for model or checkpoint selection
local_vs_global:4a853960479eaea8,local_vs_global,dinov3_LOCAL_minus_GLOBAL_mri_clinical_ftv,radiomics_complete_case_375,T0-T1,dinov3_vitb16_lvd1689m_posthoc_mri_clinical_ftv,GLOBAL,dinov3_vitb16_lvd1689m_posthoc_mri_clinical_ftv,LOCAL,auroc,True,0.5790051457975987,0.6217152658662093,0.042710120068610635,0.95,-0.03373942050599092,0.11890161796570414,2026,5000,5000,375,110,descriptive paired outer-fold OOF patient bootstrap; not confirmatory and not used for model or checkpoint selection
local_vs_global:4a853960479eaea8,local_vs_global,dinov3_LOCAL_minus_GLOBAL_mri_clinical_ftv,radiomics_complete_case_375,T0-T1,dinov3_vitb16_lvd1689m_posthoc_mri_clinical_ftv,GLOBAL,dinov3_vitb16_lvd1689m_posthoc_mri_clinical_ftv,LOCAL,auprc,True,0.37561390983695836,0.39985547364674645,0.02424156380978809,0.95,-0.049018120413455955,0.10688265406683649,2026,5000,5000,375,110,descriptive paired outer-fold OOF patient bootstrap; not confirmatory and not used for model or checkpoint selection
local_vs_global:4a853960479eaea8,local_vs_global,dinov3_LOCAL_minus_GLOBAL_mri_clinical_ftv,radiomics_complete_case_375,T0-T1,dinov3_vitb16_lvd1689m_posthoc_mri_clinical_ftv,GLOBAL,dinov3_vitb16_lvd1689m_posthoc_mri_clinical_ftv,LOCAL,brier,False,0.275685851977544,0.2587374309196544,-0.01694842105788963,0.95,-0.05070561995868129,0.016073250372911334,2026,5000,5000,375,110,descriptive paired outer-fold OOF patient bootstrap; not confirmatory and not used for model or checkpoint selection
local_vs_global:0f0799ca2c620be7,local_vs_global,dinov3_LOCAL_minus_GLOBAL_mri_only,full_808,T0-T2,dinov3_vitb16_lvd1689m_posthoc_mri_only,GLOBAL,dinov3_vitb16_lvd1689m_posthoc_mri_only,LOCAL,auroc,True,0.5508579225652397,0.5903667064642675,0.03950878389902779,0.95,-0.013653992524043337,0.0918227965946524,2026,5000,5000,808,275,descriptive paired outer-fold OOF patient bootstrap; not confirmatory and not used for model or checkpoint selection
local_vs_global:0f0799ca2c620be7,local_vs_global,dinov3_LOCAL_minus_GLOBAL_mri_only,full_808,T0-T2,dinov3_vitb16_lvd1689m_posthoc_mri_only,GLOBAL,dinov3_vitb16_lvd1689m_posthoc_mri_only,LOCAL,auprc,True,0.38302718518275325,0.42104347507919304,0.03801628989643979,0.95,-0.01068021537066519,0.09212628787606349,2026,5000,5000,808,275,descriptive paired outer-fold OOF patient bootstrap; not confirmatory and not used for model or checkpoint selection
local_vs_global:0f0799ca2c620be7,local_vs_global,dinov3_LOCAL_minus_GLOBAL_mri_only,full_808,T0-T2,dinov3_vitb16_lvd1689m_posthoc_mri_only,GLOBAL,dinov3_vitb16_lvd1689m_posthoc_mri_only,LOCAL,brier,False,0.3499296054273269,0.2978103935455164,-0.05211921188181046,0.95,-0.08410269553574683,-0.020438876870556146,2026,5000,5000,808,275,descriptive paired outer-fold OOF patient bootstrap; not confirmatory and not used for model or checkpoint selection
local_vs_global:621c5b7c6636e290,local_vs_global,dinov3_LOCAL_minus_GLOBAL_mri_clinical,full_808,T0-T2,dinov3_vitb16_lvd1689m_posthoc_mri_clinical,GLOBAL,dinov3_vitb16_lvd1689m_posthoc_mri_clinical,LOCAL,auroc,True,0.6818420603786457,0.6366842913184377,-0.045157769060207964,0.95,-0.09189744089152518,0.0005015588628358435,2026,5000,5000,808,275,descriptive paired outer-fold OOF patient bootstrap; not confirmatory and not used for model or checkpoint selection
local_vs_global:621c5b7c6636e290,local_vs_global,dinov3_LOCAL_minus_GLOBAL_mri_clinical,full_808,T0-T2,dinov3_vitb16_lvd1689m_posthoc_mri_clinical,GLOBAL,dinov3_vitb16_lvd1689m_posthoc_mri_clinical,LOCAL,auprc,True,0.5269519041267015,0.46182857748147094,-0.06512332664523052,0.95,-0.1227647149808438,-0.007246533887826603,2026,5000,5000,808,275,descriptive paired outer-fold OOF patient bootstrap; not confirmatory and not used for model or checkpoint selection
local_vs_global:621c5b7c6636e290,local_vs_global,dinov3_LOCAL_minus_GLOBAL_mri_clinical,full_808,T0-T2,dinov3_vitb16_lvd1689m_posthoc_mri_clinical,GLOBAL,dinov3_vitb16_lvd1689m_posthoc_mri_clinical,LOCAL,brier,False,0.23438221583316718,0.2608146045401002,0.026432388706933013,0.95,0.007789125557473572,0.04540808302716911,2026,5000,5000,808,275,descriptive paired outer-fold OOF patient bootstrap; not confirmatory and not used for model or checkpoint selection
local_vs_global:c5145e3d1f458267,local_vs_global,dinov3_LOCAL_minus_GLOBAL_mri_only_paired,radiomics_complete_case_375,T0-T2,dinov3_vitb16_lvd1689m_posthoc_mri_only_paired,GLOBAL,dinov3_vitb16_lvd1689m_posthoc_mri_only_paired,LOCAL,auroc,True,0.48411663807890226,0.5995197255574614,0.1154030874785591,0.95,0.030828585083565865,0.19780008905218374,2026,5000,5000,375,110,descriptive paired outer-fold OOF patient bootstrap; not confirmatory and not used for model or checkpoint selection
local_vs_global:c5145e3d1f458267,local_vs_global,dinov3_LOCAL_minus_GLOBAL_mri_only_paired,radiomics_complete_case_375,T0-T2,dinov3_vitb16_lvd1689m_posthoc_mri_only_paired,GLOBAL,dinov3_vitb16_lvd1689m_posthoc_mri_only_paired,LOCAL,auprc,True,0.2860976473295007,0.3827653283391351,0.09666768100963441,0.95,0.03350277635638462,0.16791109669894588,2026,5000,5000,375,110,descriptive paired outer-fold OOF patient bootstrap; not confirmatory and not used for model or checkpoint selection
local_vs_global:c5145e3d1f458267,local_vs_global,dinov3_LOCAL_minus_GLOBAL_mri_only_paired,radiomics_complete_case_375,T0-T2,dinov3_vitb16_lvd1689m_posthoc_mri_only_paired,GLOBAL,dinov3_vitb16_lvd1689m_posthoc_mri_only_paired,LOCAL,brier,False,0.3186456556508532,0.27483508264437745,-0.04381057300647573,0.95,-0.08319999247973973,-0.004079654905885516,2026,5000,5000,375,110,descriptive paired outer-fold OOF patient bootstrap; not confirmatory and not used for model or checkpoint selection
local_vs_global:5d71e7161868af1d,local_vs_global,dinov3_LOCAL_minus_GLOBAL_mri_clinical_paired,radiomics_complete_case_375,T0-T2,dinov3_vitb16_lvd1689m_posthoc_mri_clinical_paired,GLOBAL,dinov3_vitb16_lvd1689m_posthoc_mri_clinical_paired,LOCAL,auroc,True,0.5394168096054889,0.6373241852487135,0.0979073756432246,0.95,0.014924312384565408,0.18393508867693878,2026,5000,5000,375,110,descriptive paired outer-fold OOF patient bootstrap; not confirmatory and not used for model or checkpoint selection
local_vs_global:5d71e7161868af1d,local_vs_global,dinov3_LOCAL_minus_GLOBAL_mri_clinical_paired,radiomics_complete_case_375,T0-T2,dinov3_vitb16_lvd1689m_posthoc_mri_clinical_paired,GLOBAL,dinov3_vitb16_lvd1689m_posthoc_mri_clinical_paired,LOCAL,auprc,True,0.3237740461538177,0.428975054274219,0.10520100812040128,0.95,0.021201047583987786,0.19124785588754356,2026,5000,5000,375,110,descriptive paired outer-fold OOF patient bootstrap; not confirmatory and not used for model or checkpoint selection
local_vs_global:5d71e7161868af1d,local_vs_global,dinov3_LOCAL_minus_GLOBAL_mri_clinical_paired,radiomics_complete_case_375,T0-T2,dinov3_vitb16_lvd1689m_posthoc_mri_clinical_paired,GLOBAL,dinov3_vitb16_lvd1689m_posthoc_mri_clinical_paired,LOCAL,brier,False,0.3236682415451155,0.2603667562579374,-0.06330148528717805,0.95,-0.10487452418055088,-0.02268680858681289,2026,5000,5000,375,110,descriptive paired outer-fold OOF patient bootstrap; not confirmatory and not used for model or checkpoint selection
local_vs_global:8b157ea0b72215c9,local_vs_global,dinov3_LOCAL_minus_GLOBAL_mri_ftv,radiomics_complete_case_375,T0-T2,dinov3_vitb16_lvd1689m_posthoc_mri_ftv,GLOBAL,dinov3_vitb16_lvd1689m_posthoc_mri_ftv,LOCAL,auroc,True,0.48442538593481993,0.6016809605488851,0.11725557461406516,0.95,0.031478539178767424,0.1994020903790724,2026,5000,5000,375,110,descriptive paired outer-fold OOF patient bootstrap; not confirmatory and not used for model or checkpoint selection
local_vs_global:8b157ea0b72215c9,local_vs_global,dinov3_LOCAL_minus_GLOBAL_mri_ftv,radiomics_complete_case_375,T0-T2,dinov3_vitb16_lvd1689m_posthoc_mri_ftv,GLOBAL,dinov3_vitb16_lvd1689m_posthoc_mri_ftv,LOCAL,auprc,True,0.2873424783501783,0.38433860114933427,0.09699612279915598,0.95,0.032550102274843035,0.16828457880715023,2026,5000,5000,375,110,descriptive paired outer-fold OOF patient bootstrap; not confirmatory and not used for model or checkpoint selection
local_vs_global:8b157ea0b72215c9,local_vs_global,dinov3_LOCAL_minus_GLOBAL_mri_ftv,radiomics_complete_case_375,T0-T2,dinov3_vitb16_lvd1689m_posthoc_mri_ftv,GLOBAL,dinov3_vitb16_lvd1689m_posthoc_mri_ftv,LOCAL,brier,False,0.31239434790770787,0.2738035622204508,-0.038590785687257045,0.95,-0.07744049184595006,0.0007002843150443877,2026,5000,5000,375,110,descriptive paired outer-fold OOF patient bootstrap; not confirmatory and not used for model or checkpoint selection
local_vs_global:b19c8d94a5ccff2d,local_vs_global,dinov3_LOCAL_minus_GLOBAL_mri_clinical_ftv,radiomics_complete_case_375,T0-T2,dinov3_vitb16_lvd1689m_posthoc_mri_clinical_ftv,GLOBAL,dinov3_vitb16_lvd1689m_posthoc_mri_clinical_ftv,LOCAL,auroc,True,0.5468953687821613,0.6396226415094339,0.09272727272727266,0.95,0.00791569337597392,0.1783354678987361,2026,5000,5000,375,110,descriptive paired outer-fold OOF patient bootstrap; not confirmatory and not used for model or checkpoint selection
local_vs_global:b19c8d94a5ccff2d,local_vs_global,dinov3_LOCAL_minus_GLOBAL_mri_clinical_ftv,radiomics_complete_case_375,T0-T2,dinov3_vitb16_lvd1689m_posthoc_mri_clinical_ftv,GLOBAL,dinov3_vitb16_lvd1689m_posthoc_mri_clinical_ftv,LOCAL,auprc,True,0.3286511831216356,0.43144553385601464,0.10279435073437904,0.95,0.01593023282955932,0.1907335103141092,2026,5000,5000,375,110,descriptive paired outer-fold OOF patient bootstrap; not confirmatory and not used for model or checkpoint selection
local_vs_global:b19c8d94a5ccff2d,local_vs_global,dinov3_LOCAL_minus_GLOBAL_mri_clinical_ftv,radiomics_complete_case_375,T0-T2,dinov3_vitb16_lvd1689m_posthoc_mri_clinical_ftv,GLOBAL,dinov3_vitb16_lvd1689m_posthoc_mri_clinical_ftv,LOCAL,brier,False,0.31314027903274094,0.2601738039414257,-0.052966475091315246,0.95,-0.09369042247737101,-0.0131046240678769,2026,5000,5000,375,110,descriptive paired outer-fold OOF patient bootstrap; not confirmatory and not used for model or checkpoint selection
dinov3_vs_current_cnn_full:b186461ccc4f5458,dinov3_vs_current_cnn_full,dinov3_minus_current_CNN_mri_only,full_808,T0,GAP0_mri_only,GLOBAL,dinov3_vitb16_lvd1689m_posthoc_mri_only,GLOBAL,auroc,True,0.4948968105065666,0.5277912331570868,0.03289442265052017,0.95,-0.02302645986922528,0.08758442589191352,2026,5000,5000,808,275,descriptive paired outer-fold OOF patient bootstrap; not confirmatory and not used for model or checkpoint selection
dinov3_vs_current_cnn_full:b186461ccc4f5458,dinov3_vs_current_cnn_full,dinov3_minus_current_CNN_mri_only,full_808,T0,GAP0_mri_only,GLOBAL,dinov3_vitb16_lvd1689m_posthoc_mri_only,GLOBAL,auprc,True,0.3333011547850203,0.36163725014943104,0.02833609536441073,0.95,-0.014098646097928512,0.07433492113456842,2026,5000,5000,808,275,descriptive paired outer-fold OOF patient bootstrap; not confirmatory and not used for model or checkpoint selection
dinov3_vs_current_cnn_full:b186461ccc4f5458,dinov3_vs_current_cnn_full,dinov3_minus_current_CNN_mri_only,full_808,T0,GAP0_mri_only,GLOBAL,dinov3_vitb16_lvd1689m_posthoc_mri_only,GLOBAL,brier,False,0.25936392493068267,0.26810191028249536,0.008737985351812694,0.95,-0.004688446279564367,0.022738807346981978,2026,5000,5000,808,275,descriptive paired outer-fold OOF patient bootstrap; not confirmatory and not used for model or checkpoint selection
dinov3_vs_current_cnn_full:e68813c09c3ac420,dinov3_vs_current_cnn_full,dinov3_minus_current_CNN_mri_only,full_808,T0,LOCAL0_mri_only,LOCAL,dinov3_vitb16_lvd1689m_posthoc_mri_only,LOCAL,auroc,True,0.5096912843254306,0.5305952584001364,0.02090397407470579,0.95,-0.033366825639313036,0.07402501027558021,2026,5000,5000,808,275,descriptive paired outer-fold OOF patient bootstrap; not confirmatory and not used for model or checkpoint selection
dinov3_vs_current_cnn_full:e68813c09c3ac420,dinov3_vs_current_cnn_full,dinov3_minus_current_CNN_mri_only,full_808,T0,LOCAL0_mri_only,LOCAL,dinov3_vitb16_lvd1689m_posthoc_mri_only,LOCAL,auprc,True,0.35796719812789596,0.3786485973733751,0.020681399245479126,0.95,-0.03244195535281086,0.07138156876648256,2026,5000,5000,808,275,descriptive paired outer-fold OOF patient bootstrap; not confirmatory and not used for model or checkpoint selection
dinov3_vs_current_cnn_full:e68813c09c3ac420,dinov3_vs_current_cnn_full,dinov3_minus_current_CNN_mri_only,full_808,T0,LOCAL0_mri_only,LOCAL,dinov3_vitb16_lvd1689m_posthoc_mri_only,LOCAL,brier,False,0.2889923124528283,0.30861520593725794,0.019622893484429638,0.95,-0.0038746770984536432,0.04400720421549771,2026,5000,5000,808,275,descriptive paired outer-fold OOF patient bootstrap; not confirmatory and not used for model or checkpoint selection
dinov3_vs_current_cnn_full:01411912be34ef45,dinov3_vs_current_cnn_full,dinov3_minus_current_CNN_mri_clinical,full_808,T0,GAP0_mri_clinical,GLOBAL,dinov3_vitb16_lvd1689m_posthoc_mri_clinical,GLOBAL,auroc,True,0.7201978509295582,0.7035101483881971,-0.016687702541361094,0.95,-0.04659754134796633,0.011464053564943438,2026,5000,5000,808,275,descriptive paired outer-fold OOF patient bootstrap; not confirmatory and not used for model or checkpoint selection
dinov3_vs_current_cnn_full:01411912be34ef45,dinov3_vs_current_cnn_full,dinov3_minus_current_CNN_mri_clinical,full_808,T0,GAP0_mri_clinical,GLOBAL,dinov3_vitb16_lvd1689m_posthoc_mri_clinical,GLOBAL,auprc,True,0.5658561014786719,0.5486998455090714,-0.017156255969600576,0.95,-0.0635334581776896,0.03189766202759478,2026,5000,5000,808,275,descriptive paired outer-fold OOF patient bootstrap; not confirmatory and not used for model or checkpoint selection
dinov3_vs_current_cnn_full:01411912be34ef45,dinov3_vs_current_cnn_full,dinov3_minus_current_CNN_mri_clinical,full_808,T0,GAP0_mri_clinical,GLOBAL,dinov3_vitb16_lvd1689m_posthoc_mri_clinical,GLOBAL,brier,False,0.21827775992754025,0.22153332928845937,0.003255569360919114,0.95,-0.0047062600428575295,0.011552844589552594,2026,5000,5000,808,275,descriptive paired outer-fold OOF patient bootstrap; not confirmatory and not used for model or checkpoint selection
dinov3_vs_current_cnn_full:85e8a10c733f0406,dinov3_vs_current_cnn_full,dinov3_minus_current_CNN_mri_clinical,full_808,T0,LOCAL0_mri_clinical,LOCAL,dinov3_vitb16_lvd1689m_posthoc_mri_clinical,LOCAL,auroc,True,0.6879617943032577,0.6928671328671329,0.004905338563875206,0.95,-0.022649133572156453,0.03333503594324435,2026,5000,5000,808,275,descriptive paired outer-fold OOF patient bootstrap; not confirmatory and not used for model or checkpoint selection
dinov3_vs_current_cnn_full:85e8a10c733f0406,dinov3_vs_current_cnn_full,dinov3_minus_current_CNN_mri_clinical,full_808,T0,LOCAL0_mri_clinical,LOCAL,dinov3_vitb16_lvd1689m_posthoc_mri_clinical,LOCAL,auprc,True,0.5286197850377259,0.5274179305788809,-0.0012018544588450197,0.95,-0.04859952405738018,0.04807929657010943,2026,5000,5000,808,275,descriptive paired outer-fold OOF patient bootstrap; not confirmatory and not used for model or checkpoint selection
dinov3_vs_current_cnn_full:85e8a10c733f0406,dinov3_vs_current_cnn_full,dinov3_minus_current_CNN_mri_clinical,full_808,T0,LOCAL0_mri_clinical,LOCAL,dinov3_vitb16_lvd1689m_posthoc_mri_clinical,LOCAL,brier,False,0.22546691552300624,0.22946573122151873,0.003998815698512487,0.95,-0.004613999656091114,0.012439514847809719,2026,5000,5000,808,275,descriptive paired outer-fold OOF patient bootstrap; not confirmatory and not used for model or checkpoint selection
dinov3_vs_current_cnn_full:b1e4a4a642b91fce,dinov3_vs_current_cnn_full,dinov3_minus_current_CNN_mri_only,full_808,T0-T1,GAP0_mri_only,GLOBAL,dinov3_vitb16_lvd1689m_posthoc_mri_only,GLOBAL,auroc,True,0.5136551253624424,0.5011905168002729,-0.012464608562169466,0.95,-0.07123733628659691,0.04466865051353682,2026,5000,5000,808,275,descriptive paired outer-fold OOF patient bootstrap; not confirmatory and not used for model or checkpoint selection
dinov3_vs_current_cnn_full:b1e4a4a642b91fce,dinov3_vs_current_cnn_full,dinov3_minus_current_CNN_mri_only,full_808,T0-T1,GAP0_mri_only,GLOBAL,dinov3_vitb16_lvd1689m_posthoc_mri_only,GLOBAL,auprc,True,0.3522822205007249,0.35056238606461576,-0.0017198344361091245,0.95,-0.048832769908485646,0.046312820946871926,2026,5000,5000,808,275,descriptive paired outer-fold OOF patient bootstrap; not confirmatory and not used for model or checkpoint selection
dinov3_vs_current_cnn_full:b1e4a4a642b91fce,dinov3_vs_current_cnn_full,dinov3_minus_current_CNN_mri_only,full_808,T0-T1,GAP0_mri_only,GLOBAL,dinov3_vitb16_lvd1689m_posthoc_mri_only,GLOBAL,brier,False,0.2662449822561012,0.3327504129493712,0.06650543069326997,0.95,0.04054086856784544,0.09267163545648274,2026,5000,5000,808,275,descriptive paired outer-fold OOF patient bootstrap; not confirmatory and not used for model or checkpoint selection
dinov3_vs_current_cnn_full:aa6607e55222f136,dinov3_vs_current_cnn_full,dinov3_minus_current_CNN_mri_only,full_808,T0-T1,LOCAL0_mri_only,LOCAL,dinov3_vitb16_lvd1689m_posthoc_mri_only,LOCAL,auroc,True,0.5601228040252431,0.6050281425891182,0.04490533856387513,0.95,-0.009360248410203708,0.09928735869566047,2026,5000,5000,808,275,descriptive paired outer-fold OOF patient bootstrap; not confirmatory and not used for model or checkpoint selection
dinov3_vs_current_cnn_full:aa6607e55222f136,dinov3_vs_current_cnn_full,dinov3_minus_current_CNN_mri_only,full_808,T0-T1,LOCAL0_mri_only,LOCAL,dinov3_vitb16_lvd1689m_posthoc_mri_only,LOCAL,auprc,True,0.39551764185779326,0.4355209403091017,0.040003298451308456,0.95,-0.01783260573293762,0.09979535585013367,2026,5000,5000,808,275,descriptive paired outer-fold OOF patient bootstrap; not confirmatory and not used for model or checkpoint selection
dinov3_vs_current_cnn_full:aa6607e55222f136,dinov3_vs_current_cnn_full,dinov3_minus_current_CNN_mri_only,full_808,T0-T1,LOCAL0_mri_only,LOCAL,dinov3_vitb16_lvd1689m_posthoc_mri_only,LOCAL,brier,False,0.2646201012031796,0.28766810937616055,0.02304800817298097,0.95,-0.0007450127581894979,0.04725996898324517,2026,5000,5000,808,275,descriptive paired outer-fold OOF patient bootstrap; not confirmatory and not used for model or checkpoint selection
dinov3_vs_current_cnn_full:e287054c5dc94a15,dinov3_vs_current_cnn_full,dinov3_minus_current_CNN_mri_clinical,full_808,T0-T1,GAP0_mri_clinical,GLOBAL,dinov3_vitb16_lvd1689m_posthoc_mri_clinical,GLOBAL,auroc,True,0.7149718574108818,0.6334777417704247,-0.08149411564045705,0.95,-0.12341381563086878,-0.04157462796028386,2026,5000,5000,808,275,descriptive paired outer-fold OOF patient bootstrap; not confirmatory and not used for model or checkpoint selection
dinov3_vs_current_cnn_full:e287054c5dc94a15,dinov3_vs_current_cnn_full,dinov3_minus_current_CNN_mri_clinical,full_808,T0-T1,GAP0_mri_clinical,GLOBAL,dinov3_vitb16_lvd1689m_posthoc_mri_clinical,GLOBAL,auprc,True,0.5608021496917153,0.4564978688408505,-0.1043042808508648,0.95,-0.16472592641825948,-0.045974090161845796,2026,5000,5000,808,275,descriptive paired outer-fold OOF patient bootstrap; not confirmatory and not used for model or checkpoint selection
dinov3_vs_current_cnn_full:e287054c5dc94a15,dinov3_vs_current_cnn_full,dinov3_minus_current_CNN_mri_clinical,full_808,T0-T1,GAP0_mri_clinical,GLOBAL,dinov3_vitb16_lvd1689m_posthoc_mri_clinical,GLOBAL,brier,False,0.21766918245027336,0.25988099895503947,0.0422118165047661,0.95,0.02569374676690516,0.05976520792750708,2026,5000,5000,808,275,descriptive paired outer-fold OOF patient bootstrap; not confirmatory and not used for model or checkpoint selection
dinov3_vs_current_cnn_full:fd516b39512a99e9,dinov3_vs_current_cnn_full,dinov3_minus_current_CNN_mri_clinical,full_808,T0-T1,LOCAL0_mri_clinical,LOCAL,dinov3_vitb16_lvd1689m_posthoc_mri_clinical,LOCAL,auroc,True,0.6838956165785434,0.6566194780828928,-0.02727613849565058,0.95,-0.06396328539969133,0.008465886734711575,2026,5000,5000,808,275,descriptive paired outer-fold OOF patient bootstrap; not confirmatory and not used for model or checkpoint selection
dinov3_vs_current_cnn_full:fd516b39512a99e9,dinov3_vs_current_cnn_full,dinov3_minus_current_CNN_mri_clinical,full_808,T0-T1,LOCAL0_mri_clinical,LOCAL,dinov3_vitb16_lvd1689m_posthoc_mri_clinical,LOCAL,auprc,True,0.5223576094865131,0.46885313591824784,-0.053504473568265265,0.95,-0.10217162028698075,-0.0006559449440104331,2026,5000,5000,808,275,descriptive paired outer-fold OOF patient bootstrap; not confirmatory and not used for model or checkpoint selection
dinov3_vs_current_cnn_full:fd516b39512a99e9,dinov3_vs_current_cnn_full,dinov3_minus_current_CNN_mri_clinical,full_808,T0-T1,LOCAL0_mri_clinical,LOCAL,dinov3_vitb16_lvd1689m_posthoc_mri_clinical,LOCAL,brier,False,0.2283950833156223,0.24532615904009375,0.016931075724471445,0.95,0.0034396855179202497,0.031058047719499122,2026,5000,5000,808,275,descriptive paired outer-fold OOF patient bootstrap; not confirmatory and not used for model or checkpoint selection
dinov3_vs_current_cnn_full:564edd1d22397673,dinov3_vs_current_cnn_full,dinov3_minus_current_CNN_mri_only,full_808,T0-T2,GAP0_mri_only,GLOBAL,dinov3_vitb16_lvd1689m_posthoc_mri_only,GLOBAL,auroc,True,0.5520245608050486,0.5508579225652397,-0.0011666382398088926,0.95,-0.05898424097004135,0.05512755918884049,2026,5000,5000,808,275,descriptive paired outer-fold OOF patient bootstrap; not confirmatory and not used for model or checkpoint selection
dinov3_vs_current_cnn_full:564edd1d22397673,dinov3_vs_current_cnn_full,dinov3_minus_current_CNN_mri_only,full_808,T0-T2,GAP0_mri_only,GLOBAL,dinov3_vitb16_lvd1689m_posthoc_mri_only,GLOBAL,auprc,True,0.39425580631072243,0.38302718518275325,-0.011228621127969185,0.95,-0.06542533086332859,0.041091962347421,2026,5000,5000,808,275,descriptive paired outer-fold OOF patient bootstrap; not confirmatory and not used for model or checkpoint selection
dinov3_vs_current_cnn_full:564edd1d22397673,dinov3_vs_current_cnn_full,dinov3_minus_current_CNN_mri_only,full_808,T0-T2,GAP0_mri_only,GLOBAL,dinov3_vitb16_lvd1689m_posthoc_mri_only,GLOBAL,brier,False,0.2741997280099568,0.3499296054273269,0.07572987741737008,0.95,0.04568967263470108,0.10646599041833006,2026,5000,5000,808,275,descriptive paired outer-fold OOF patient bootstrap; not confirmatory and not used for model or checkpoint selection
dinov3_vs_current_cnn_full:5cb1798e1865ee64,dinov3_vs_current_cnn_full,dinov3_minus_current_CNN_mri_only,full_808,T0-T2,LOCAL0_mri_only,LOCAL,dinov3_vitb16_lvd1689m_posthoc_mri_only,LOCAL,auroc,True,0.5469827733242367,0.5903667064642675,0.04338393314003075,0.95,-0.010316842061357167,0.09448669855419593,2026,5000,5000,808,275,descriptive paired outer-fold OOF patient bootstrap; not confirmatory and not used for model or checkpoint selection
dinov3_vs_current_cnn_full:5cb1798e1865ee64,dinov3_vs_current_cnn_full,dinov3_minus_current_CNN_mri_only,full_808,T0-T2,LOCAL0_mri_only,LOCAL,dinov3_vitb16_lvd1689m_posthoc_mri_only,LOCAL,auprc,True,0.3716478189876023,0.42104347507919304,0.049395656091590745,0.95,-0.0013915613703178544,0.1028205327379581,2026,5000,5000,808,275,descriptive paired outer-fold OOF patient bootstrap; not confirmatory and not used for model or checkpoint selection
dinov3_vs_current_cnn_full:5cb1798e1865ee64,dinov3_vs_current_cnn_full,dinov3_minus_current_CNN_mri_only,full_808,T0-T2,LOCAL0_mri_only,LOCAL,dinov3_vitb16_lvd1689m_posthoc_mri_only,LOCAL,brier,False,0.27211406262437354,0.2978103935455164,0.025696330921142874,0.95,0.001508347149829807,0.05043810462828358,2026,5000,5000,808,275,descriptive paired outer-fold OOF patient bootstrap; not confirmatory and not used for model or checkpoint selection
dinov3_vs_current_cnn_full:f831d038b92d27f3,dinov3_vs_current_cnn_full,dinov3_minus_current_CNN_mri_clinical,full_808,T0-T2,GAP0_mri_clinical,GLOBAL,dinov3_vitb16_lvd1689m_posthoc_mri_clinical,GLOBAL,auroc,True,0.6964898516118028,0.6818420603786457,-0.01464779123315707,0.95,-0.05265246268827739,0.022299282779251875,2026,5000,5000,808,275,descriptive paired outer-fold OOF patient bootstrap; not confirmatory and not used for model or checkpoint selection
dinov3_vs_current_cnn_full:f831d038b92d27f3,dinov3_vs_current_cnn_full,dinov3_minus_current_CNN_mri_clinical,full_808,T0-T2,GAP0_mri_clinical,GLOBAL,dinov3_vitb16_lvd1689m_posthoc_mri_clinical,GLOBAL,auprc,True,0.5414664455813767,0.5269519041267015,-0.014514541454675234,0.95,-0.07449932901343918,0.04050736711728876,2026,5000,5000,808,275,descriptive paired outer-fold OOF patient bootstrap; not confirmatory and not used for model or checkpoint selection
dinov3_vs_current_cnn_full:f831d038b92d27f3,dinov3_vs_current_cnn_full,dinov3_minus_current_CNN_mri_clinical,full_808,T0-T2,GAP0_mri_clinical,GLOBAL,dinov3_vitb16_lvd1689m_posthoc_mri_clinical,GLOBAL,brier,False,0.22271179322895543,0.23438221583316718,0.01167042260421175,0.95,-0.0012165347943002356,0.024633683267690158,2026,5000,5000,808,275,descriptive paired outer-fold OOF patient bootstrap; not confirmatory and not used for model or checkpoint selection
dinov3_vs_current_cnn_full:c565a42720abd5e4,dinov3_vs_current_cnn_full,dinov3_minus_current_CNN_mri_clinical,full_808,T0-T2,LOCAL0_mri_clinical,LOCAL,dinov3_vitb16_lvd1689m_posthoc_mri_clinical,LOCAL,auroc,True,0.6746580249019273,0.6366842913184377,-0.037973733583489544,0.95,-0.08200551560770347,0.004681254326872703,2026,5000,5000,808,275,descriptive paired outer-fold OOF patient bootstrap; not confirmatory and not used for model or checkpoint selection
dinov3_vs_current_cnn_full:c565a42720abd5e4,dinov3_vs_current_cnn_full,dinov3_minus_current_CNN_mri_clinical,full_808,T0-T2,LOCAL0_mri_clinical,LOCAL,dinov3_vitb16_lvd1689m_posthoc_mri_clinical,LOCAL,auprc,True,0.5076969907913054,0.46182857748147094,-0.04586841330983443,0.95,-0.10123801190695723,0.01046262943871533,2026,5000,5000,808,275,descriptive paired outer-fold OOF patient bootstrap; not confirmatory and not used for model or checkpoint selection
dinov3_vs_current_cnn_full:c565a42720abd5e4,dinov3_vs_current_cnn_full,dinov3_minus_current_CNN_mri_clinical,full_808,T0-T2,LOCAL0_mri_clinical,LOCAL,dinov3_vitb16_lvd1689m_posthoc_mri_clinical,LOCAL,brier,False,0.2333417083176712,0.2608146045401002,0.02747289622242899,0.95,0.008060768541450663,0.04737631994493076,2026,5000,5000,808,275,descriptive paired outer-fold OOF patient bootstrap; not confirmatory and not used for model or checkpoint selection
clinical_gain:e6a31178cc03ddc9,clinical_gain,clinical_plus_dinov3_minus_clinical,full_808,T0,clinical_only,NONE,dinov3_vitb16_lvd1689m_posthoc_mri_clinical,GLOBAL,auroc,True,0.709155722326454,0.7035101483881971,-0.00564557393825682,0.95,-0.03462041721404978,0.021985784287852063,2026,5000,5000,808,275,descriptive paired outer-fold OOF patient bootstrap; not confirmatory and not used for model or checkpoint selection
clinical_gain:e6a31178cc03ddc9,clinical_gain,clinical_plus_dinov3_minus_clinical,full_808,T0,clinical_only,NONE,dinov3_vitb16_lvd1689m_posthoc_mri_clinical,GLOBAL,auprc,True,0.5575141168308745,0.5486998455090714,-0.008814271321803124,0.95,-0.055624008547023145,0.036913540486516815,2026,5000,5000,808,275,descriptive paired outer-fold OOF patient bootstrap; not confirmatory and not used for model or checkpoint selection
clinical_gain:e6a31178cc03ddc9,clinical_gain,clinical_plus_dinov3_minus_clinical,full_808,T0,clinical_only,NONE,dinov3_vitb16_lvd1689m_posthoc_mri_clinical,GLOBAL,brier,False,0.22379953897415064,0.22153332928845937,-0.002266209685691273,0.95,-0.010139680930215132,0.0062134479356436975,2026,5000,5000,808,275,descriptive paired outer-fold OOF patient bootstrap; not confirmatory and not used for model or checkpoint selection
clinical_gain:62252434985d4428,clinical_gain,clinical_plus_dinov3_minus_clinical,full_808,T0,clinical_only,NONE,dinov3_vitb16_lvd1689m_posthoc_mri_clinical,LOCAL,auroc,True,0.709155722326454,0.6928671328671329,-0.0162885894593211,0.95,-0.04686121550524253,0.013023423188574095,2026,5000,5000,808,275,descriptive paired outer-fold OOF patient bootstrap; not confirmatory and not used for model or checkpoint selection
clinical_gain:62252434985d4428,clinical_gain,clinical_plus_dinov3_minus_clinical,full_808,T0,clinical_only,NONE,dinov3_vitb16_lvd1689m_posthoc_mri_clinical,LOCAL,auprc,True,0.5575141168308745,0.5274179305788809,-0.030096186251993617,0.95,-0.08308756935866397,0.02391952611509101,2026,5000,5000,808,275,descriptive paired outer-fold OOF patient bootstrap; not confirmatory and not used for model or checkpoint selection
clinical_gain:62252434985d4428,clinical_gain,clinical_plus_dinov3_minus_clinical,full_808,T0,clinical_only,NONE,dinov3_vitb16_lvd1689m_posthoc_mri_clinical,LOCAL,brier,False,0.22379953897415064,0.22946573122151873,0.005666192247368085,0.95,-0.0022276553601789572,0.014223124244123968,2026,5000,5000,808,275,descriptive paired outer-fold OOF patient bootstrap; not confirmatory and not used for model or checkpoint selection
clinical_gain:bc0266bd5a0bc4e5,clinical_gain,clinical_plus_dinov3_minus_clinical,radiomics_complete_case_375,T0,clinical_only_paired,NONE,dinov3_vitb16_lvd1689m_posthoc_mri_clinical_paired,GLOBAL,auroc,True,0.689056603773585,0.6007204116638079,-0.08833619210977717,0.95,-0.1501427470412786,-0.02639162733034864,2026,5000,5000,375,110,descriptive paired outer-fold OOF patient bootstrap; not confirmatory and not used for model or checkpoint selection
clinical_gain:bc0266bd5a0bc4e5,clinical_gain,clinical_plus_dinov3_minus_clinical,radiomics_complete_case_375,T0,clinical_only_paired,NONE,dinov3_vitb16_lvd1689m_posthoc_mri_clinical_paired,GLOBAL,auprc,True,0.48551519696875844,0.3861970370958787,-0.09931815987287973,0.95,-0.1791952681143603,-0.014049772065871532,2026,5000,5000,375,110,descriptive paired outer-fold OOF patient bootstrap; not confirmatory and not used for model or checkpoint selection
clinical_gain:bc0266bd5a0bc4e5,clinical_gain,clinical_plus_dinov3_minus_clinical,radiomics_complete_case_375,T0,clinical_only_paired,NONE,dinov3_vitb16_lvd1689m_posthoc_mri_clinical_paired,GLOBAL,brier,False,0.2375168924334248,0.28012456518942086,0.04260767275599606,0.95,0.015376444684080974,0.07089469951963225,2026,5000,5000,375,110,descriptive paired outer-fold OOF patient bootstrap; not confirmatory and not used for model or checkpoint selection
clinical_gain:854991c036af99a9,clinical_gain,clinical_plus_dinov3_minus_clinical,radiomics_complete_case_375,T0,clinical_only_paired,NONE,dinov3_vitb16_lvd1689m_posthoc_mri_clinical_paired,LOCAL,auroc,True,0.689056603773585,0.61073756432247,-0.07831903945111507,0.95,-0.1364247051914176,-0.021135783774423256,2026,5000,5000,375,110,descriptive paired outer-fold OOF patient bootstrap; not confirmatory and not used for model or checkpoint selection
clinical_gain:854991c036af99a9,clinical_gain,clinical_plus_dinov3_minus_clinical,radiomics_complete_case_375,T0,clinical_only_paired,NONE,dinov3_vitb16_lvd1689m_posthoc_mri_clinical_paired,LOCAL,auprc,True,0.48551519696875844,0.3810703570274274,-0.10444483994133102,0.95,-0.18417619704803484,-0.027781784246902284,2026,5000,5000,375,110,descriptive paired outer-fold OOF patient bootstrap; not confirmatory and not used for model or checkpoint selection
clinical_gain:854991c036af99a9,clinical_gain,clinical_plus_dinov3_minus_clinical,radiomics_complete_case_375,T0,clinical_only_paired,NONE,dinov3_vitb16_lvd1689m_posthoc_mri_clinical_paired,LOCAL,brier,False,0.2375168924334248,0.26816150537457756,0.030644612941152755,0.95,0.007516681077516224,0.054158431446219464,2026,5000,5000,375,110,descriptive paired outer-fold OOF patient bootstrap; not confirmatory and not used for model or checkpoint selection
clinical_gain:602411ede819fb81,clinical_gain,clinical_plus_dinov3_minus_clinical,full_808,T0-T1,clinical_only,NONE,dinov3_vitb16_lvd1689m_posthoc_mri_clinical,GLOBAL,auroc,True,0.709155722326454,0.6334777417704247,-0.07567798055602926,0.95,-0.11805741538830025,-0.033991095550194986,2026,5000,5000,808,275,descriptive paired outer-fold OOF patient bootstrap; not confirmatory and not used for model or checkpoint selection
clinical_gain:602411ede819fb81,clinical_gain,clinical_plus_dinov3_minus_clinical,full_808,T0-T1,clinical_only,NONE,dinov3_vitb16_lvd1689m_posthoc_mri_clinical,GLOBAL,auprc,True,0.5575141168308745,0.4564978688408505,-0.10101624799002401,0.95,-0.16127228421414305,-0.0368025822657074,2026,5000,5000,808,275,descriptive paired outer-fold OOF patient bootstrap; not confirmatory and not used for model or checkpoint selection
clinical_gain:602411ede819fb81,clinical_gain,clinical_plus_dinov3_minus_clinical,full_808,T0-T1,clinical_only,NONE,dinov3_vitb16_lvd1689m_posthoc_mri_clinical,GLOBAL,brier,False,0.22379953897415064,0.25988099895503947,0.036081459980888825,0.95,0.019001171588705023,0.05400060685802916,2026,5000,5000,808,275,descriptive paired outer-fold OOF patient bootstrap; not confirmatory and not used for model or checkpoint selection
clinical_gain:30707b4d0eaa7343,clinical_gain,clinical_plus_dinov3_minus_clinical,full_808,T0-T1,clinical_only,NONE,dinov3_vitb16_lvd1689m_posthoc_mri_clinical,LOCAL,auroc,True,0.709155722326454,0.6566194780828928,-0.05253624424356118,0.95,-0.09283077968592544,-0.013735004307717678,2026,5000,5000,808,275,descriptive paired outer-fold OOF patient bootstrap; not confirmatory and not used for model or checkpoint selection
clinical_gain:30707b4d0eaa7343,clinical_gain,clinical_plus_dinov3_minus_clinical,full_808,T0-T1,clinical_only,NONE,dinov3_vitb16_lvd1689m_posthoc_mri_clinical,LOCAL,auprc,True,0.5575141168308745,0.46885313591824784,-0.08866098091262664,0.95,-0.14482703576781558,-0.029348972257703262,2026,5000,5000,808,275,descriptive paired outer-fold OOF patient bootstrap; not confirmatory and not used for model or checkpoint selection
clinical_gain:30707b4d0eaa7343,clinical_gain,clinical_plus_dinov3_minus_clinical,full_808,T0-T1,clinical_only,NONE,dinov3_vitb16_lvd1689m_posthoc_mri_clinical,LOCAL,brier,False,0.22379953897415064,0.24532615904009375,0.02152662006594311,0.95,0.006712338589925067,0.036753567468178476,2026,5000,5000,808,275,descriptive paired outer-fold OOF patient bootstrap; not confirmatory and not used for model or checkpoint selection
clinical_gain:ab7f619c04a45923,clinical_gain,clinical_plus_dinov3_minus_clinical,radiomics_complete_case_375,T0-T1,clinical_only_paired,NONE,dinov3_vitb16_lvd1689m_posthoc_mri_clinical_paired,GLOBAL,auroc,True,0.689056603773585,0.5631217838765008,-0.12593481989708422,0.95,-0.19267883863115287,-0.05995774867184289,2026,5000,5000,375,110,descriptive paired outer-fold OOF patient bootstrap; not confirmatory and not used for model or checkpoint selection
clinical_gain:ab7f619c04a45923,clinical_gain,clinical_plus_dinov3_minus_clinical,radiomics_complete_case_375,T0-T1,clinical_only_paired,NONE,dinov3_vitb16_lvd1689m_posthoc_mri_clinical_paired,GLOBAL,auprc,True,0.48551519696875844,0.36402386989715185,-0.12149132707160659,0.95,-0.20692883557317768,-0.04487043953729428,2026,5000,5000,375,110,descriptive paired outer-fold OOF patient bootstrap; not confirmatory and not used for model or checkpoint selection
clinical_gain:ab7f619c04a45923,clinical_gain,clinical_plus_dinov3_minus_clinical,radiomics_complete_case_375,T0-T1,clinical_only_paired,NONE,dinov3_vitb16_lvd1689m_posthoc_mri_clinical_paired,GLOBAL,brier,False,0.2375168924334248,0.2855156761269471,0.04799878369352231,0.95,0.017688084277244862,0.07950709461632444,2026,5000,5000,375,110,descriptive paired outer-fold OOF patient bootstrap; not confirmatory and not used for model or checkpoint selection
clinical_gain:56a68b1ac55758c1,clinical_gain,clinical_plus_dinov3_minus_clinical,radiomics_complete_case_375,T0-T1,clinical_only_paired,NONE,dinov3_vitb16_lvd1689m_posthoc_mri_clinical_paired,LOCAL,auroc,True,0.689056603773585,0.6208919382504288,-0.06816466552315625,0.95,-0.1376728195236498,0.004296637053482202,2026,5000,5000,375,110,descriptive paired outer-fold OOF patient bootstrap; not confirmatory and not used for model or checkpoint selection
clinical_gain:56a68b1ac55758c1,clinical_gain,clinical_plus_dinov3_minus_clinical,radiomics_complete_case_375,T0-T1,clinical_only_paired,NONE,dinov3_vitb16_lvd1689m_posthoc_mri_clinical_paired,LOCAL,auprc,True,0.48551519696875844,0.3928284293690504,-0.09268676759970806,0.95,-0.1840729989543347,-0.0020954981348677852,2026,5000,5000,375,110,descriptive paired outer-fold OOF patient bootstrap; not confirmatory and not used for model or checkpoint selection
clinical_gain:56a68b1ac55758c1,clinical_gain,clinical_plus_dinov3_minus_clinical,radiomics_complete_case_375,T0-T1,clinical_only_paired,NONE,dinov3_vitb16_lvd1689m_posthoc_mri_clinical_paired,LOCAL,brier,False,0.2375168924334248,0.26195142396026727,0.024434531526842468,0.95,-0.0024352042224369745,0.0508281487498189,2026,5000,5000,375,110,descriptive paired outer-fold OOF patient bootstrap; not confirmatory and not used for model or checkpoint selection
clinical_gain:9e3e2f03173e0202,clinical_gain,clinical_plus_dinov3_minus_clinical,full_808,T0-T2,clinical_only,NONE,dinov3_vitb16_lvd1689m_posthoc_mri_clinical,GLOBAL,auroc,True,0.709155722326454,0.6818420603786457,-0.027313661947808265,0.95,-0.06381273260390777,0.008291949573681734,2026,5000,5000,808,275,descriptive paired outer-fold OOF patient bootstrap; not confirmatory and not used for model or checkpoint selection
clinical_gain:9e3e2f03173e0202,clinical_gain,clinical_plus_dinov3_minus_clinical,full_808,T0-T2,clinical_only,NONE,dinov3_vitb16_lvd1689m_posthoc_mri_clinical,GLOBAL,auprc,True,0.5575141168308745,0.5269519041267015,-0.03056221270417303,0.95,-0.08660250431007079,0.027516023587099037,2026,5000,5000,808,275,descriptive paired outer-fold OOF patient bootstrap; not confirmatory and not used for model or checkpoint selection
clinical_gain:9e3e2f03173e0202,clinical_gain,clinical_plus_dinov3_minus_clinical,full_808,T0-T2,clinical_only,NONE,dinov3_vitb16_lvd1689m_posthoc_mri_clinical,GLOBAL,brier,False,0.22379953897415064,0.23438221583316718,0.010582676859016538,0.95,-0.0008521781579380293,0.022795212211200566,2026,5000,5000,808,275,descriptive paired outer-fold OOF patient bootstrap; not confirmatory and not used for model or checkpoint selection
clinical_gain:789a69e7a756d740,clinical_gain,clinical_plus_dinov3_minus_clinical,full_808,T0-T2,clinical_only,NONE,dinov3_vitb16_lvd1689m_posthoc_mri_clinical,LOCAL,auroc,True,0.709155722326454,0.6366842913184377,-0.07247143100801623,0.95,-0.11648801037194875,-0.031216027246122813,2026,5000,5000,808,275,descriptive paired outer-fold OOF patient bootstrap; not confirmatory and not used for model or checkpoint selection
clinical_gain:789a69e7a756d740,clinical_gain,clinical_plus_dinov3_minus_clinical,full_808,T0-T2,clinical_only,NONE,dinov3_vitb16_lvd1689m_posthoc_mri_clinical,LOCAL,auprc,True,0.5575141168308745,0.46182857748147094,-0.09568553934940355,0.95,-0.1555007839391201,-0.032861367699460804,2026,5000,5000,808,275,descriptive paired outer-fold OOF patient bootstrap; not confirmatory and not used for model or checkpoint selection
clinical_gain:789a69e7a756d740,clinical_gain,clinical_plus_dinov3_minus_clinical,full_808,T0-T2,clinical_only,NONE,dinov3_vitb16_lvd1689m_posthoc_mri_clinical,LOCAL,brier,False,0.22379953897415064,0.2608146045401002,0.03701506556594955,0.95,0.019239760616396376,0.05556670230551757,2026,5000,5000,808,275,descriptive paired outer-fold OOF patient bootstrap; not confirmatory and not used for model or checkpoint selection
clinical_gain:456f3ce7926a43ce,clinical_gain,clinical_plus_dinov3_minus_clinical,radiomics_complete_case_375,T0-T2,clinical_only_paired,NONE,dinov3_vitb16_lvd1689m_posthoc_mri_clinical_paired,GLOBAL,auroc,True,0.689056603773585,0.5394168096054889,-0.14963979416809614,0.95,-0.22184139271126868,-0.07632701049602461,2026,5000,5000,375,110,descriptive paired outer-fold OOF patient bootstrap; not confirmatory and not used for model or checkpoint selection
clinical_gain:456f3ce7926a43ce,clinical_gain,clinical_plus_dinov3_minus_clinical,radiomics_complete_case_375,T0-T2,clinical_only_paired,NONE,dinov3_vitb16_lvd1689m_posthoc_mri_clinical_paired,GLOBAL,auprc,True,0.48551519696875844,0.3237740461538177,-0.16174115081494073,0.95,-0.2452493652564536,-0.07686757602525825,2026,5000,5000,375,110,descriptive paired outer-fold OOF patient bootstrap; not confirmatory and not used for model or checkpoint selection
clinical_gain:456f3ce7926a43ce,clinical_gain,clinical_plus_dinov3_minus_clinical,radiomics_complete_case_375,T0-T2,clinical_only_paired,NONE,dinov3_vitb16_lvd1689m_posthoc_mri_clinical_paired,GLOBAL,brier,False,0.2375168924334248,0.3236682415451155,0.08615134911169067,0.95,0.0525615684903055,0.11910233693654987,2026,5000,5000,375,110,descriptive paired outer-fold OOF patient bootstrap; not confirmatory and not used for model or checkpoint selection
clinical_gain:f5f3c653bf59fb67,clinical_gain,clinical_plus_dinov3_minus_clinical,radiomics_complete_case_375,T0-T2,clinical_only_paired,NONE,dinov3_vitb16_lvd1689m_posthoc_mri_clinical_paired,LOCAL,auroc,True,0.689056603773585,0.6373241852487135,-0.05173241852487154,0.95,-0.12834160617360255,0.026494721674348777,2026,5000,5000,375,110,descriptive paired outer-fold OOF patient bootstrap; not confirmatory and not used for model or checkpoint selection
clinical_gain:f5f3c653bf59fb67,clinical_gain,clinical_plus_dinov3_minus_clinical,radiomics_complete_case_375,T0-T2,clinical_only_paired,NONE,dinov3_vitb16_lvd1689m_posthoc_mri_clinical_paired,LOCAL,auprc,True,0.48551519696875844,0.428975054274219,-0.05654014269453944,0.95,-0.1591900330700624,0.04757933308375032,2026,5000,5000,375,110,descriptive paired outer-fold OOF patient bootstrap; not confirmatory and not used for model or checkpoint selection
clinical_gain:f5f3c653bf59fb67,clinical_gain,clinical_plus_dinov3_minus_clinical,radiomics_complete_case_375,T0-T2,clinical_only_paired,NONE,dinov3_vitb16_lvd1689m_posthoc_mri_clinical_paired,LOCAL,brier,False,0.2375168924334248,0.2603667562579374,0.022849863824512623,0.95,-0.007721853990211876,0.053471816823560156,2026,5000,5000,375,110,descriptive paired outer-fold OOF patient bootstrap; not confirmatory and not used for model or checkpoint selection
beyond_ftv:8e8e22ad21c3d3e8,beyond_ftv,clinical_FTV_dinov3_minus_clinical_FTV,radiomics_complete_case_375,T0,clinical_ftv,TABULAR,dinov3_vitb16_lvd1689m_posthoc_mri_clinical_ftv,GLOBAL,auroc,True,0.6796397941680961,0.6006861063464838,-0.07895368782161227,0.95,-0.14157027942738873,-0.016379931948456015,2026,5000,5000,375,110,descriptive paired outer-fold OOF patient bootstrap; not confirmatory and not used for model or checkpoint selection
beyond_ftv:8e8e22ad21c3d3e8,beyond_ftv,clinical_FTV_dinov3_minus_clinical_FTV,radiomics_complete_case_375,T0,clinical_ftv,TABULAR,dinov3_vitb16_lvd1689m_posthoc_mri_clinical_ftv,GLOBAL,auprc,True,0.48453658821068,0.3837904888831128,-0.10074609932756723,0.95,-0.18316214612463894,-0.015510209260878413,2026,5000,5000,375,110,descriptive paired outer-fold OOF patient bootstrap; not confirmatory and not used for model or checkpoint selection
beyond_ftv:8e8e22ad21c3d3e8,beyond_ftv,clinical_FTV_dinov3_minus_clinical_FTV,radiomics_complete_case_375,T0,clinical_ftv,TABULAR,dinov3_vitb16_lvd1689m_posthoc_mri_clinical_ftv,GLOBAL,brier,False,0.23420306813845543,0.277020257762195,0.04281718962373959,0.95,0.016529424846186882,0.0702498450580875,2026,5000,5000,375,110,descriptive paired outer-fold OOF patient bootstrap; not confirmatory and not used for model or checkpoint selection
beyond_ftv:0deb128e48289801,beyond_ftv,clinical_FTV_dinov3_minus_clinical_FTV,radiomics_complete_case_375,T0,clinical_ftv,TABULAR,dinov3_vitb16_lvd1689m_posthoc_mri_clinical_ftv,LOCAL,auroc,True,0.6796397941680961,0.61073756432247,-0.0689022298456261,0.95,-0.12668948788197387,-0.009743456895630906,2026,5000,5000,375,110,descriptive paired outer-fold OOF patient bootstrap; not confirmatory and not used for model or checkpoint selection
beyond_ftv:0deb128e48289801,beyond_ftv,clinical_FTV_dinov3_minus_clinical_FTV,radiomics_complete_case_375,T0,clinical_ftv,TABULAR,dinov3_vitb16_lvd1689m_posthoc_mri_clinical_ftv,LOCAL,auprc,True,0.48453658821068,0.38106964422790646,-0.10346694398277356,0.95,-0.1863626407066942,-0.025473538241619725,2026,5000,5000,375,110,descriptive paired outer-fold OOF patient bootstrap; not confirmatory and not used for model or checkpoint selection
beyond_ftv:0deb128e48289801,beyond_ftv,clinical_FTV_dinov3_minus_clinical_FTV,radiomics_complete_case_375,T0,clinical_ftv,TABULAR,dinov3_vitb16_lvd1689m_posthoc_mri_clinical_ftv,LOCAL,brier,False,0.23420306813845543,0.26815922555786215,0.03395615741940672,0.95,0.01154410285510738,0.05702087645300358,2026,5000,5000,375,110,descriptive paired outer-fold OOF patient bootstrap; not confirmatory and not used for model or checkpoint selection
beyond_ftv:3c133fe499313bc9,beyond_ftv,clinical_FTV_dinov3_minus_clinical_FTV,radiomics_complete_case_375,T0-T1,clinical_ftv,TABULAR,dinov3_vitb16_lvd1689m_posthoc_mri_clinical_ftv,GLOBAL,auroc,True,0.7247341337907376,0.5790051457975987,-0.14572898799313894,0.95,-0.21261921232667522,-0.07824275072895297,2026,5000,5000,375,110,descriptive paired outer-fold OOF patient bootstrap; not confirmatory and not used for model or checkpoint selection
beyond_ftv:3c133fe499313bc9,beyond_ftv,clinical_FTV_dinov3_minus_clinical_FTV,radiomics_complete_case_375,T0-T1,clinical_ftv,TABULAR,dinov3_vitb16_lvd1689m_posthoc_mri_clinical_ftv,GLOBAL,auprc,True,0.5506750319989909,0.37561390983695836,-0.17506112216203257,0.95,-0.2678133661680341,-0.08904263291211274,2026,5000,5000,375,110,descriptive paired outer-fold OOF patient bootstrap; not confirmatory and not used for model or checkpoint selection
beyond_ftv:3c133fe499313bc9,beyond_ftv,clinical_FTV_dinov3_minus_clinical_FTV,radiomics_complete_case_375,T0-T1,clinical_ftv,TABULAR,dinov3_vitb16_lvd1689m_posthoc_mri_clinical_ftv,GLOBAL,brier,False,0.21502450481039986,0.275685851977544,0.060661347167144164,0.95,0.030160723602849868,0.09171904366689719,2026,5000,5000,375,110,descriptive paired outer-fold OOF patient bootstrap; not confirmatory and not used for model or checkpoint selection
beyond_ftv:1df98ffa2a176de3,beyond_ftv,clinical_FTV_dinov3_minus_clinical_FTV,radiomics_complete_case_375,T0-T1,clinical_ftv,TABULAR,dinov3_vitb16_lvd1689m_posthoc_mri_clinical_ftv,LOCAL,auroc,True,0.7247341337907376,0.6217152658662093,-0.1030188679245283,0.95,-0.17518628979134998,-0.028675200986611322,2026,5000,5000,375,110,descriptive paired outer-fold OOF patient bootstrap; not confirmatory and not used for model or checkpoint selection
beyond_ftv:1df98ffa2a176de3,beyond_ftv,clinical_FTV_dinov3_minus_clinical_FTV,radiomics_complete_case_375,T0-T1,clinical_ftv,TABULAR,dinov3_vitb16_lvd1689m_posthoc_mri_clinical_ftv,LOCAL,auprc,True,0.5506750319989909,0.39985547364674645,-0.15081955835224448,0.95,-0.24719915821516072,-0.05430010264726364,2026,5000,5000,375,110,descriptive paired outer-fold OOF patient bootstrap; not confirmatory and not used for model or checkpoint selection
beyond_ftv:1df98ffa2a176de3,beyond_ftv,clinical_FTV_dinov3_minus_clinical_FTV,radiomics_complete_case_375,T0-T1,clinical_ftv,TABULAR,dinov3_vitb16_lvd1689m_posthoc_mri_clinical_ftv,LOCAL,brier,False,0.21502450481039986,0.2587374309196544,0.043712926109254535,0.95,0.015336305153467315,0.07232973738492525,2026,5000,5000,375,110,descriptive paired outer-fold OOF patient bootstrap; not confirmatory and not used for model or checkpoint selection
beyond_ftv:10a1a496d2241f27,beyond_ftv,clinical_FTV_dinov3_minus_clinical_FTV,radiomics_complete_case_375,T0-T2,clinical_ftv,TABULAR,dinov3_vitb16_lvd1689m_posthoc_mri_clinical_ftv,GLOBAL,auroc,True,0.772967409948542,0.5468953687821613,-0.2260720411663807,0.95,-0.3002178867566411,-0.15038508928760522,2026,5000,5000,375,110,descriptive paired outer-fold OOF patient bootstrap; not confirmatory and not used for model or checkpoint selection
beyond_ftv:10a1a496d2241f27,beyond_ftv,clinical_FTV_dinov3_minus_clinical_FTV,radiomics_complete_case_375,T0-T2,clinical_ftv,TABULAR,dinov3_vitb16_lvd1689m_posthoc_mri_clinical_ftv,GLOBAL,auprc,True,0.5781705841259126,0.3286511831216356,-0.249519401004277,0.95,-0.34524207242718286,-0.15918717326045384,2026,5000,5000,375,110,descriptive paired outer-fold OOF patient bootstrap; not confirmatory and not used for model or checkpoint selection
beyond_ftv:10a1a496d2241f27,beyond_ftv,clinical_FTV_dinov3_minus_clinical_FTV,radiomics_complete_case_375,T0-T2,clinical_ftv,TABULAR,dinov3_vitb16_lvd1689m_posthoc_mri_clinical_ftv,GLOBAL,brier,False,0.194945476386185,0.31314027903274094,0.11819480264655594,0.95,0.08294029764197089,0.15385245793073615,2026,5000,5000,375,110,descriptive paired outer-fold OOF patient bootstrap; not confirmatory and not used for model or checkpoint selection
beyond_ftv:7a7a313f134ab32a,beyond_ftv,clinical_FTV_dinov3_minus_clinical_FTV,radiomics_complete_case_375,T0-T2,clinical_ftv,TABULAR,dinov3_vitb16_lvd1689m_posthoc_mri_clinical_ftv,LOCAL,auroc,True,0.772967409948542,0.6396226415094339,-0.13334476843910803,0.95,-0.20847359046638114,-0.05737622198979391,2026,5000,5000,375,110,descriptive paired outer-fold OOF patient bootstrap; not confirmatory and not used for model or checkpoint selection
beyond_ftv:7a7a313f134ab32a,beyond_ftv,clinical_FTV_dinov3_minus_clinical_FTV,radiomics_complete_case_375,T0-T2,clinical_ftv,TABULAR,dinov3_vitb16_lvd1689m_posthoc_mri_clinical_ftv,LOCAL,auprc,True,0.5781705841259126,0.43144553385601464,-0.14672505026989796,0.95,-0.25497234732002727,-0.04273937255810918,2026,5000,5000,375,110,descriptive paired outer-fold OOF patient bootstrap; not confirmatory and not used for model or checkpoint selection
beyond_ftv:7a7a313f134ab32a,beyond_ftv,clinical_FTV_dinov3_minus_clinical_FTV,radiomics_complete_case_375,T0-T2,clinical_ftv,TABULAR,dinov3_vitb16_lvd1689m_posthoc_mri_clinical_ftv,LOCAL,brier,False,0.194945476386185,0.2601738039414257,0.06522832755524069,0.95,0.03045608361519723,0.09963035129269601,2026,5000,5000,375,110,descriptive paired outer-fold OOF patient bootstrap; not confirmatory and not used for model or checkpoint selection
