population,seed,arm,fold,timing,raw_input_dim,train_rows,fit_scope,validation_rows_in_fit,test_rows_in_fit,fitted_transform_sha256,dimension,input_dim,max_components,component_explained_variance_ratio,incremental_explained_variance_ratio,cumulative_explained_variance_ratio
full_808,2026,LOCAL0,0,T0,192,525,outer_train_timing_prefix,0,0,9e5ab38ab07a02694537499b18be672fc026181f317493fbe4dcc92d1325d0b0,8,192,64,0.008029359470905365,0.9505350456087434,0.9505350456087431
full_808,2026,LOCAL0,0,T0,192,525,outer_train_timing_prefix,0,0,9e5ab38ab07a02694537499b18be672fc026181f317493fbe4dcc92d1325d0b0,16,192,64,0.0018298055214845308,0.02977114513989758,0.9803061907486406
full_808,2026,LOCAL0,0,T0,192,525,outer_train_timing_prefix,0,0,9e5ab38ab07a02694537499b18be672fc026181f317493fbe4dcc92d1325d0b0,32,192,64,0.00038523023212983485,0.012984117168228115,0.9932903079168688
full_808,2026,LOCAL0,0,T0,192,525,outer_train_timing_prefix,0,0,9e5ab38ab07a02694537499b18be672fc026181f317493fbe4dcc92d1325d0b0,64,192,64,6.796661088817485e-05,0.005407943449406736,0.9986982513662754
full_808,2026,LOCAL0,0,T1,384,525,outer_train_timing_prefix,0,0,a253db37f73f273a0b346044ebe5967277d243bb5655489d60c2ac5369d4137b,8,384,64,0.012281220404689087,0.909775807083663,0.909775807083663
full_808,2026,LOCAL0,0,T1,384,525,outer_train_timing_prefix,0,0,a253db37f73f273a0b346044ebe5967277d243bb5655489d60c2ac5369d4137b,16,384,64,0.0037168543671960604,0.04795755303948743,0.9577333601231504
full_808,2026,LOCAL0,0,T1,384,525,outer_train_timing_prefix,0,0,a253db37f73f273a0b346044ebe5967277d243bb5655489d60c2ac5369d4137b,32,384,64,0.0007751408815598514,0.024776890000050504,0.9825102501232008
full_808,2026,LOCAL0,0,T1,384,525,outer_train_timing_prefix,0,0,a253db37f73f273a0b346044ebe5967277d243bb5655489d60c2ac5369d4137b,64,384,64,0.0001685557986763145,0.011770741826040517,0.9942809919492415
full_808,2026,LOCAL0,0,T2,576,525,outer_train_timing_prefix,0,0,eea839082a9a80dcc066c315c9fb1f13bf8fd041eb4ca19893c3a46fde179a40,8,576,64,0.024300337774831766,0.86190191013091,0.86190191013091
full_808,2026,LOCAL0,0,T2,576,525,outer_train_timing_prefix,0,0,eea839082a9a80dcc066c315c9fb1f13bf8fd041eb4ca19893c3a46fde179a40,16,576,64,0.004408866870685593,0.07815694508045201,0.9400588552113621
full_808,2026,LOCAL0,0,T2,576,525,outer_train_timing_prefix,0,0,eea839082a9a80dcc066c315c9fb1f13bf8fd041eb4ca19893c3a46fde179a40,32,576,64,0.001002272752537284,0.03336202392295032,0.9734208791343125
full_808,2026,LOCAL0,0,T2,576,525,outer_train_timing_prefix,0,0,eea839082a9a80dcc066c315c9fb1f13bf8fd041eb4ca19893c3a46fde179a40,64,576,64,0.00025617124450842357,0.01668503136177988,0.9901059104960923
full_808,2026,LOCAL0,0,T3,768,525,outer_train_timing_prefix,0,0,7081c8182f94b141e62e9daeb2fc7c4cf5add70b6b8877b960180b3d92c511a6,8,768,64,0.022543054703182665,0.8107851280937144,0.8107851280937143
full_808,2026,LOCAL0,0,T3,768,525,outer_train_timing_prefix,0,0,7081c8182f94b141e62e9daeb2fc7c4cf5add70b6b8877b960180b3d92c511a6,16,768,64,0.006528070302616927,0.11153074238803193,0.9223158704817462
full_808,2026,LOCAL0,0,T3,768,525,outer_train_timing_prefix,0,0,7081c8182f94b141e62e9daeb2fc7c4cf5add70b6b8877b960180b3d92c511a6,32,768,64,0.001353290481132506,0.04260916903668455,0.9649250395184307
full_808,2026,LOCAL0,0,T3,768,525,outer_train_timing_prefix,0,0,7081c8182f94b141e62e9daeb2fc7c4cf5add70b6b8877b960180b3d92c511a6,64,768,64,0.00034951540654084114,0.020804860267270048,0.985729899785701
ftv_complete_375,2026,LOCAL0,0,T0,192,247,outer_train_timing_prefix,0,0,b44fc77b0af9389b9a2e8387fa40c9949af4b3c0ed938a6966a0f8422952f045,8,192,64,0.007753604828630442,0.9537762283206299,0.9537762283206298
ftv_complete_375,2026,LOCAL0,0,T0,192,247,outer_train_timing_prefix,0,0,b44fc77b0af9389b9a2e8387fa40c9949af4b3c0ed938a6966a0f8422952f045,16,192,64,0.0016997766557186554,0.028028075542602726,0.9818043038632324
ftv_complete_375,2026,LOCAL0,0,T0,192,247,outer_train_timing_prefix,0,0,b44fc77b0af9389b9a2e8387fa40c9949af4b3c0ed938a6966a0f8422952f045,32,192,64,0.00037834654787758455,0.012493261339066955,0.9942975652022992
ftv_complete_375,2026,LOCAL0,0,T0,192,247,outer_train_timing_prefix,0,0,b44fc77b0af9389b9a2e8387fa40c9949af4b3c0ed938a6966a0f8422952f045,64,192,64,5.367879915932458e-05,0.004775825926748922,0.9990733911290481
ftv_complete_375,2026,LOCAL0,0,T1,384,247,outer_train_timing_prefix,0,0,800cc2d76a771a37f6e1e0d36d7eabeb4db8489ddc4a13e2515fa280f8a60e5f,8,384,64,0.012867684277794425,0.9151136668171985,0.9151136668171984
ftv_complete_375,2026,LOCAL0,0,T1,384,247,outer_train_timing_prefix,0,0,800cc2d76a771a37f6e1e0d36d7eabeb4db8489ddc4a13e2515fa280f8a60e5f,16,384,64,0.003540505360016534,0.04653136385103297,0.9616450306682313
ftv_complete_375,2026,LOCAL0,0,T1,384,247,outer_train_timing_prefix,0,0,800cc2d76a771a37f6e1e0d36d7eabeb4db8489ddc4a13e2515fa280f8a60e5f,32,384,64,0.0007359893799832309,0.02332562446967874,0.98497065513791
ftv_complete_375,2026,LOCAL0,0,T1,384,247,outer_train_timing_prefix,0,0,800cc2d76a771a37f6e1e0d36d7eabeb4db8489ddc4a13e2515fa280f8a60e5f,64,384,64,0.000147184092000286,0.010771065635111043,0.995741720773021
ftv_complete_375,2026,LOCAL0,0,T2,576,247,outer_train_timing_prefix,0,0,c6bce13c38ab5ade80ac3c03c2c9537c4ac9594fd447946e93aba2c3b1a5008d,8,576,64,0.024311075009982454,0.8672313588737236,0.8672313588737236
ftv_complete_375,2026,LOCAL0,0,T2,576,247,outer_train_timing_prefix,0,0,c6bce13c38ab5ade80ac3c03c2c9537c4ac9594fd447946e93aba2c3b1a5008d,16,576,64,0.004385106331509409,0.07755884258670095,0.9447902014604246
ftv_complete_375,2026,LOCAL0,0,T2,576,247,outer_train_timing_prefix,0,0,c6bce13c38ab5ade80ac3c03c2c9537c4ac9594fd447946e93aba2c3b1a5008d,32,576,64,0.0010196580200304269,0.03194298034776884,0.9767331818081936
ftv_complete_375,2026,LOCAL0,0,T2,576,247,outer_train_timing_prefix,0,0,c6bce13c38ab5ade80ac3c03c2c9537c4ac9594fd447946e93aba2c3b1a5008d,64,576,64,0.00023591046744975255,0.015719244147462577,0.9924524259556564
ftv_complete_375,2026,LOCAL0,0,T3,768,247,outer_train_timing_prefix,0,0,ea2cddd145954e1b0f3f2140dd6017135e59267633a96eab7786e9dc658c172a,8,768,64,0.022886257709745148,0.8135193147617844,0.8135193147617846
ftv_complete_375,2026,LOCAL0,0,T3,768,247,outer_train_timing_prefix,0,0,ea2cddd145954e1b0f3f2140dd6017135e59267633a96eab7786e9dc658c172a,16,768,64,0.00618900338023168,0.11195897712787367,0.9254782918896581
ftv_complete_375,2026,LOCAL0,0,T3,768,247,outer_train_timing_prefix,0,0,ea2cddd145954e1b0f3f2140dd6017135e59267633a96eab7786e9dc658c172a,32,768,64,0.0012899966249910217,0.04305365840350315,0.9685319502931612
ftv_complete_375,2026,LOCAL0,0,T3,768,247,outer_train_timing_prefix,0,0,ea2cddd145954e1b0f3f2140dd6017135e59267633a96eab7786e9dc658c172a,64,768,64,0.0003104956163648372,0.020368637139270118,0.9889005874324318
full_808,2026,LOCAL0,1,T0,192,525,outer_train_timing_prefix,0,0,219e32c949c2ac419b6ea9a1e79171dc2a1193faa813e49e02a9c428865162ea,8,192,64,0.007185034597199793,0.9560809584874471,0.9560809584874471
full_808,2026,LOCAL0,1,T0,192,525,outer_train_timing_prefix,0,0,219e32c949c2ac419b6ea9a1e79171dc2a1193faa813e49e02a9c428865162ea,16,192,64,0.0017095429052961084,0.02524049102293613,0.9813214495103832
full_808,2026,LOCAL0,1,T0,192,525,outer_train_timing_prefix,0,0,219e32c949c2ac419b6ea9a1e79171dc2a1193faa813e49e02a9c428865162ea,32,192,64,0.00034773415163358496,0.012560309741251972,0.9938817592516355
full_808,2026,LOCAL0,1,T0,192,525,outer_train_timing_prefix,0,0,219e32c949c2ac419b6ea9a1e79171dc2a1193faa813e49e02a9c428865162ea,64,192,64,6.086134733111823e-05,0.00494164684156579,0.9988234060932014
full_808,2026,LOCAL0,1,T1,384,525,outer_train_timing_prefix,0,0,2a9da524d027e2204987f2fae1c5d05df4b29c135f4e16aed0847aa3fa4a00d2,8,384,64,0.014253559989353688,0.9189530595813724,0.9189530595813726
full_808,2026,LOCAL0,1,T1,384,525,outer_train_timing_prefix,0,0,2a9da524d027e2204987f2fae1c5d05df4b29c135f4e16aed0847aa3fa4a00d2,16,384,64,0.0026089176183529497,0.04526281311820786,0.9642158726995805
full_808,2026,LOCAL0,1,T1,384,525,outer_train_timing_prefix,0,0,2a9da524d027e2204987f2fae1c5d05df4b29c135f4e16aed0847aa3fa4a00d2,32,384,64,0.0006986219376217943,0.020490298989174517,0.9847061716887552
full_808,2026,LOCAL0,1,T1,384,525,outer_train_timing_prefix,0,0,2a9da524d027e2204987f2fae1c5d05df4b29c135f4e16aed0847aa3fa4a00d2,64,384,64,0.00015223237423213142,0.01031370977177511,0.9950198814605303
full_808,2026,LOCAL0,1,T2,576,525,outer_train_timing_prefix,0,0,003f8364f4805370f752944b1f3acded010615c37b6828e90ec608e633ee2be5,8,576,64,0.02365796947181194,0.8754965960303696,0.8754965960303694
full_808,2026,LOCAL0,1,T2,576,525,outer_train_timing_prefix,0,0,003f8364f4805370f752944b1f3acded010615c37b6828e90ec608e633ee2be5,16,576,64,0.004638948316684105,0.06965287094249503,0.9451494669728645
full_808,2026,LOCAL0,1,T2,576,525,outer_train_timing_prefix,0,0,003f8364f4805370f752944b1f3acded010615c37b6828e90ec608e633ee2be5,32,576,64,0.00091905939847007,0.03140740950108256,0.9765568764739471
full_808,2026,LOCAL0,1,T2,576,525,outer_train_timing_prefix,0,0,003f8364f4805370f752944b1f3acded010615c37b6828e90ec608e633ee2be5,64,576,64,0.00022565463228040717,0.014535193706232664,0.9910920701801798
full_808,2026,LOCAL0,1,T3,768,525,outer_train_timing_prefix,0,0,faefd52c4e9c3b02fe80ab4e6653fa87f90226884954466fbd8100ce7226cfd2,8,768,64,0.02413242056504986,0.8276407947320998,0.8276407947320997
full_808,2026,LOCAL0,1,T3,768,525,outer_train_timing_prefix,0,0,faefd52c4e9c3b02fe80ab4e6653fa87f90226884954466fbd8100ce7226cfd2,16,768,64,0.00609298571312959,0.09692101991005811,0.9245618146421577
full_808,2026,LOCAL0,1,T3,768,525,outer_train_timing_prefix,0,0,faefd52c4e9c3b02fe80ab4e6653fa87f90226884954466fbd8100ce7226cfd2,32,768,64,0.0010921211132116483,0.044301046035078985,0.9688628606772368
full_808,2026,LOCAL0,1,T3,768,525,outer_train_timing_prefix,0,0,faefd52c4e9c3b02fe80ab4e6653fa87f90226884954466fbd8100ce7226cfd2,64,768,64,0.0002931256177754026,0.01841607679258625,0.9872789374698229
ftv_complete_375,2026,LOCAL0,1,T0,192,239,outer_train_timing_prefix,0,0,4d7423996f1e66ca5237142c7d5dee3323fbcb0eece65b127a752cf079d2efb9,8,192,64,0.0073370071414931995,0.9583455163222382,0.9583455163222383
ftv_complete_375,2026,LOCAL0,1,T0,192,239,outer_train_timing_prefix,0,0,4d7423996f1e66ca5237142c7d5dee3323fbcb0eece65b127a752cf079d2efb9,16,192,64,0.0016471432726602763,0.024874512276810954,0.9832200285990491
ftv_complete_375,2026,LOCAL0,1,T0,192,239,outer_train_timing_prefix,0,0,4d7423996f1e66ca5237142c7d5dee3323fbcb0eece65b127a752cf079d2efb9,32,192,64,0.00032944717008340934,0.011661121503948284,0.9948811501029974
ftv_complete_375,2026,LOCAL0,1,T0,192,239,outer_train_timing_prefix,0,0,4d7423996f1e66ca5237142c7d5dee3323fbcb0eece65b127a752cf079d2efb9,64,192,64,4.9836479289490666e-05,0.004299594691311615,0.999180744794309
ftv_complete_375,2026,LOCAL0,1,T1,384,239,outer_train_timing_prefix,0,0,a7ab47c7924eb90c6dd457d3c976d3fcaacb2b6350a972b2af2c1ff856114997,8,384,64,0.013724301850705022,0.9237823754705676,0.9237823754705677
ftv_complete_375,2026,LOCAL0,1,T1,384,239,outer_train_timing_prefix,0,0,a7ab47c7924eb90c6dd457d3c976d3fcaacb2b6350a972b2af2c1ff856114997,16,384,64,0.0027717896974214537,0.044143134082658284,0.967925509553226
ftv_complete_375,2026,LOCAL0,1,T1,384,239,outer_train_timing_prefix,0,0,a7ab47c7924eb90c6dd457d3c976d3fcaacb2b6350a972b2af2c1ff856114997,32,384,64,0.0006363047956401227,0.019363909618122413,0.9872894191713488
ftv_complete_375,2026,LOCAL0,1,T1,384,239,outer_train_timing_prefix,0,0,a7ab47c7924eb90c6dd457d3c976d3fcaacb2b6350a972b2af2c1ff856114997,64,384,64,0.0001281770287587963,0.009172963776487807,0.9964623829478367
ftv_complete_375,2026,LOCAL0,1,T2,576,239,outer_train_timing_prefix,0,0,602ea047e4509085d40d07c9e81a0943c89eec347a46c7274e420488bfdeffae,8,576,64,0.024195992340000933,0.8844760904625075,0.8844760904625076
ftv_complete_375,2026,LOCAL0,1,T2,576,239,outer_train_timing_prefix,0,0,602ea047e4509085d40d07c9e81a0943c89eec347a46c7274e420488bfdeffae,16,576,64,0.0048122325560727396,0.0663139561426261,0.9507900466051336
ftv_complete_375,2026,LOCAL0,1,T2,576,239,outer_train_timing_prefix,0,0,602ea047e4509085d40d07c9e81a0943c89eec347a46c7274e420488bfdeffae,32,576,64,0.0008162851548865619,0.029846955757001102,0.9806370023621348
ftv_complete_375,2026,LOCAL0,1,T2,576,239,outer_train_timing_prefix,0,0,602ea047e4509085d40d07c9e81a0943c89eec347a46c7274e420488bfdeffae,64,576,64,0.00019862559542369797,0.012975909121864058,0.9936129114839989
ftv_complete_375,2026,LOCAL0,1,T3,768,239,outer_train_timing_prefix,0,0,2336f1d8fd7890bf2e9c5b9af9e93dd99a30e7dd45d775a54e2851f8dd276301,8,768,64,0.02618899829923078,0.8375719690649389,0.8375719690649389
ftv_complete_375,2026,LOCAL0,1,T3,768,239,outer_train_timing_prefix,0,0,2336f1d8fd7890bf2e9c5b9af9e93dd99a30e7dd45d775a54e2851f8dd276301,16,768,64,0.005803153041674867,0.09380181231067378,0.9313737813756128
ftv_complete_375,2026,LOCAL0,1,T3,768,239,outer_train_timing_prefix,0,0,2336f1d8fd7890bf2e9c5b9af9e93dd99a30e7dd45d775a54e2851f8dd276301,32,768,64,0.0010957908365823062,0.042415510945780895,0.9737892923213939
ftv_complete_375,2026,LOCAL0,1,T3,768,239,outer_train_timing_prefix,0,0,2336f1d8fd7890bf2e9c5b9af9e93dd99a30e7dd45d775a54e2851f8dd276301,64,768,64,0.0002540939916951348,0.01694970413706257,0.9907389964584564
full_808,2026,LOCAL0,2,T0,192,525,outer_train_timing_prefix,0,0,bd71e5b79552499adf43dbe3283fd8a9d2afe7b6cb30bcf13157af193956054d,8,192,64,0.007251524167212513,0.9546453580101909,0.9546453580101907
full_808,2026,LOCAL0,2,T0,192,525,outer_train_timing_prefix,0,0,bd71e5b79552499adf43dbe3283fd8a9d2afe7b6cb30bcf13157af193956054d,16,192,64,0.0016035096691301908,0.027323597028329538,0.9819689550385202
full_808,2026,LOCAL0,2,T0,192,525,outer_train_timing_prefix,0,0,bd71e5b79552499adf43dbe3283fd8a9d2afe7b6cb30bcf13157af193956054d,32,192,64,0.0003534539486378547,0.011852766875227438,0.9938217219137476
full_808,2026,LOCAL0,2,T0,192,525,outer_train_timing_prefix,0,0,bd71e5b79552499adf43dbe3283fd8a9d2afe7b6cb30bcf13157af193956054d,64,192,64,6.081745889948922e-05,0.0050155914479477525,0.9988373133616953
full_808,2026,LOCAL0,2,T1,384,525,outer_train_timing_prefix,0,0,b96fb4425ea33dd5ca4a5bd72382284d23c6d7fcdfcef77d0f0e5502cf902da6,8,384,64,0.016159843610126533,0.9108436831174315,0.9108436831174315
full_808,2026,LOCAL0,2,T1,384,525,outer_train_timing_prefix,0,0,b96fb4425ea33dd5ca4a5bd72382284d23c6d7fcdfcef77d0f0e5502cf902da6,16,384,64,0.0035660015569171596,0.04953562571159102,0.9603793088290224
full_808,2026,LOCAL0,2,T1,384,525,outer_train_timing_prefix,0,0,b96fb4425ea33dd5ca4a5bd72382284d23c6d7fcdfcef77d0f0e5502cf902da6,32,384,64,0.000714222719209212,0.023510773027355814,0.9838900818563783
full_808,2026,LOCAL0,2,T1,384,525,outer_train_timing_prefix,0,0,b96fb4425ea33dd5ca4a5bd72382284d23c6d7fcdfcef77d0f0e5502cf902da6,64,384,64,0.00016803053714176347,0.010824280375358313,0.9947143622317365
full_808,2026,LOCAL0,2,T2,576,525,outer_train_timing_prefix,0,0,a1fdce6a93c7293fd5b3e36883919f389a8745c46a2957e4825f5065b018e935,8,576,64,0.023720719734219135,0.8587778245656352,0.8587778245656353
full_808,2026,LOCAL0,2,T2,576,525,outer_train_timing_prefix,0,0,a1fdce6a93c7293fd5b3e36883919f389a8745c46a2957e4825f5065b018e935,16,576,64,0.004787328631565447,0.08086662916812136,0.9396444537337567
full_808,2026,LOCAL0,2,T2,576,525,outer_train_timing_prefix,0,0,a1fdce6a93c7293fd5b3e36883919f389a8745c46a2957e4825f5065b018e935,32,576,64,0.0010588640500181572,0.03476207133630042,0.9744065250700572
full_808,2026,LOCAL0,2,T2,576,525,outer_train_timing_prefix,0,0,a1fdce6a93c7293fd5b3e36883919f389a8745c46a2957e4825f5065b018e935,64,576,64,0.0002407733914793277,0.016044800071317623,0.9904513251413747
full_808,2026,LOCAL0,2,T3,768,525,outer_train_timing_prefix,0,0,142ce19b1921b96db788a8a1d7890b5a3476a5e92df6a45fd2ffe6fee659c7e2,8,768,64,0.021995587861170694,0.8140598823457825,0.8140598823457825
full_808,2026,LOCAL0,2,T3,768,525,outer_train_timing_prefix,0,0,142ce19b1921b96db788a8a1d7890b5a3476a5e92df6a45fd2ffe6fee659c7e2,16,768,64,0.006013074391084397,0.10728873818812466,0.9213486205339072
full_808,2026,LOCAL0,2,T3,768,525,outer_train_timing_prefix,0,0,142ce19b1921b96db788a8a1d7890b5a3476a5e92df6a45fd2ffe6fee659c7e2,32,768,64,0.0013541128794861547,0.044412529514437846,0.965761150048345
full_808,2026,LOCAL0,2,T3,768,525,outer_train_timing_prefix,0,0,142ce19b1921b96db788a8a1d7890b5a3476a5e92df6a45fd2ffe6fee659c7e2,64,768,64,0.0003181207059314667,0.0208349036134798,0.9865960536618247
ftv_complete_375,2026,LOCAL0,2,T0,192,240,outer_train_timing_prefix,0,0,45856b9902999704aba01d62b3471e54911be063cfc0d168bb78fc1e73dba587,8,192,64,0.007568679815586344,0.9556535817378267,0.9556535817378268
ftv_complete_375,2026,LOCAL0,2,T0,192,240,outer_train_timing_prefix,0,0,45856b9902999704aba01d62b3471e54911be063cfc0d168bb78fc1e73dba587,16,192,64,0.0017525234822176675,0.027239828816628727,0.9828934105544553
ftv_complete_375,2026,LOCAL0,2,T0,192,240,outer_train_timing_prefix,0,0,45856b9902999704aba01d62b3471e54911be063cfc0d168bb78fc1e73dba587,32,192,64,0.000336888871451141,0.011709495169277105,0.9946029057237326
ftv_complete_375,2026,LOCAL0,2,T0,192,240,outer_train_timing_prefix,0,0,45856b9902999704aba01d62b3471e54911be063cfc0d168bb78fc1e73dba587,64,192,64,5.2185352385779095e-05,0.004522711625023182,0.9991256173487556
ftv_complete_375,2026,LOCAL0,2,T1,384,240,outer_train_timing_prefix,0,0,64f32aaa1ca854f95fb71c25e37724a9c3c90a3dbcd19fed902ffc6d13ca410b,8,384,64,0.018089639594947356,0.9141491241276246,0.9141491241276247
ftv_complete_375,2026,LOCAL0,2,T1,384,240,outer_train_timing_prefix,0,0,64f32aaa1ca854f95fb71c25e37724a9c3c90a3dbcd19fed902ffc6d13ca410b,16,384,64,0.003267005138006233,0.049190455968542296,0.9633395800961669
ftv_complete_375,2026,LOCAL0,2,T1,384,240,outer_train_timing_prefix,0,0,64f32aaa1ca854f95fb71c25e37724a9c3c90a3dbcd19fed902ffc6d13ca410b,32,384,64,0.0006929919154371991,0.02273641800465271,0.9860759981008197
ftv_complete_375,2026,LOCAL0,2,T1,384,240,outer_train_timing_prefix,0,0,64f32aaa1ca854f95fb71c25e37724a9c3c90a3dbcd19fed902ffc6d13ca410b,64,384,64,0.00014386015242026567,0.010033283251869975,0.9961092813526896
ftv_complete_375,2026,LOCAL0,2,T2,576,240,outer_train_timing_prefix,0,0,b184ab95ecfb85a7a654ca90ed34dc8baefbe5db3a3be30d671a729756dc0094,8,576,64,0.023127925511799638,0.8595747238424822,0.8595747238424821
ftv_complete_375,2026,LOCAL0,2,T2,576,240,outer_train_timing_prefix,0,0,b184ab95ecfb85a7a654ca90ed34dc8baefbe5db3a3be30d671a729756dc0094,16,576,64,0.004657278189531921,0.08493591755255167,0.9445106413950338
ftv_complete_375,2026,LOCAL0,2,T2,576,240,outer_train_timing_prefix,0,0,b184ab95ecfb85a7a654ca90ed34dc8baefbe5db3a3be30d671a729756dc0094,32,576,64,0.0010009983790407464,0.03342350912075119,0.977934150515785
ftv_complete_375,2026,LOCAL0,2,T2,576,240,outer_train_timing_prefix,0,0,b184ab95ecfb85a7a654ca90ed34dc8baefbe5db3a3be30d671a729756dc0094,64,576,64,0.0002180057302812413,0.014997004115165802,0.9929311546309506
ftv_complete_375,2026,LOCAL0,2,T3,768,240,outer_train_timing_prefix,0,0,cfe94e2582bf616300d8a51030216dd074220021e84a2efc588a67b29fc5f383,8,768,64,0.024254746542103238,0.8179735380893226,0.8179735380893227
ftv_complete_375,2026,LOCAL0,2,T3,768,240,outer_train_timing_prefix,0,0,cfe94e2582bf616300d8a51030216dd074220021e84a2efc588a67b29fc5f383,16,768,64,0.005670937455346929,0.10830622484412665,0.9262797629334494
ftv_complete_375,2026,LOCAL0,2,T3,768,240,outer_train_timing_prefix,0,0,cfe94e2582bf616300d8a51030216dd074220021e84a2efc588a67b29fc5f383,32,768,64,0.0013437498123545675,0.04364920799007996,0.9699289709235293
ftv_complete_375,2026,LOCAL0,2,T3,768,240,outer_train_timing_prefix,0,0,cfe94e2582bf616300d8a51030216dd074220021e84a2efc588a67b29fc5f383,64,768,64,0.00030767290374195756,0.01985178432030052,0.9897807552438298
full_808,2026,LOCAL0,3,T0,192,526,outer_train_timing_prefix,0,0,76d0dedf698a9d2eb288eebbe6e13d28a997ec9fc17f30df48a6aa2abd43bb3c,8,192,64,0.007216488077289436,0.9558623369254589,0.9558623369254589
full_808,2026,LOCAL0,3,T0,192,526,outer_train_timing_prefix,0,0,76d0dedf698a9d2eb288eebbe6e13d28a997ec9fc17f30df48a6aa2abd43bb3c,16,192,64,0.001934293996005169,0.027647114973350206,0.9835094518988091
full_808,2026,LOCAL0,3,T0,192,526,outer_train_timing_prefix,0,0,76d0dedf698a9d2eb288eebbe6e13d28a997ec9fc17f30df48a6aa2abd43bb3c,32,192,64,0.0003086960581760935,0.011078842722175034,0.9945882946209842
full_808,2026,LOCAL0,3,T0,192,526,outer_train_timing_prefix,0,0,76d0dedf698a9d2eb288eebbe6e13d28a997ec9fc17f30df48a6aa2abd43bb3c,64,192,64,5.689672223410464e-05,0.004338512004369486,0.9989268066253536
full_808,2026,LOCAL0,3,T1,384,526,outer_train_timing_prefix,0,0,98d0d53733c815cae4a779ae95286047e819a9364ad80cb7fd6de350084d0dec,8,384,64,0.013046641162124338,0.9138183738435108,0.9138183738435108
full_808,2026,LOCAL0,3,T1,384,526,outer_train_timing_prefix,0,0,98d0d53733c815cae4a779ae95286047e819a9364ad80cb7fd6de350084d0dec,16,384,64,0.003321158685764989,0.04691935815750969,0.9607377320010205
full_808,2026,LOCAL0,3,T1,384,526,outer_train_timing_prefix,0,0,98d0d53733c815cae4a779ae95286047e819a9364ad80cb7fd6de350084d0dec,32,384,64,0.0007782526653583315,0.024139206710407222,0.9848769387114277
full_808,2026,LOCAL0,3,T1,384,526,outer_train_timing_prefix,0,0,98d0d53733c815cae4a779ae95286047e819a9364ad80cb7fd6de350084d0dec,64,384,64,0.00014226931573964972,0.010287879867773752,0.9951648185792016
full_808,2026,LOCAL0,3,T2,576,526,outer_train_timing_prefix,0,0,dbbbef8d612f219d009904c93305ff34dfc1265dd9e6dc05258bd014e2730f73,8,576,64,0.018514406191058784,0.8693352508740102,0.8693352508740102
full_808,2026,LOCAL0,3,T2,576,526,outer_train_timing_prefix,0,0,dbbbef8d612f219d009904c93305ff34dfc1265dd9e6dc05258bd014e2730f73,16,576,64,0.004806676291951906,0.07248671652797886,0.9418219674019891
full_808,2026,LOCAL0,3,T2,576,526,outer_train_timing_prefix,0,0,dbbbef8d612f219d009904c93305ff34dfc1265dd9e6dc05258bd014e2730f73,32,576,64,0.0010975406574701852,0.03312702723455653,0.9749489946365455
full_808,2026,LOCAL0,3,T2,576,526,outer_train_timing_prefix,0,0,dbbbef8d612f219d009904c93305ff34dfc1265dd9e6dc05258bd014e2730f73,64,576,64,0.00022196404117552092,0.01638095899997913,0.9913299536365247
full_808,2026,LOCAL0,3,T3,768,526,outer_train_timing_prefix,0,0,c39bc67bb5667b3871c75df15e90c1f5345fcc7c36eaa7f1ee0d8f40d344ec2c,8,768,64,0.023025199571680092,0.8287779372795836,0.8287779372795837
full_808,2026,LOCAL0,3,T3,768,526,outer_train_timing_prefix,0,0,c39bc67bb5667b3871c75df15e90c1f5345fcc7c36eaa7f1ee0d8f40d344ec2c,16,768,64,0.005401187282959107,0.09468774231410898,0.9234656795936926
full_808,2026,LOCAL0,3,T3,768,526,outer_train_timing_prefix,0,0,c39bc67bb5667b3871c75df15e90c1f5345fcc7c36eaa7f1ee0d8f40d344ec2c,32,768,64,0.0013192620006253475,0.0427593351276295,0.9662250147213222
full_808,2026,LOCAL0,3,T3,768,526,outer_train_timing_prefix,0,0,c39bc67bb5667b3871c75df15e90c1f5345fcc7c36eaa7f1ee0d8f40d344ec2c,64,768,64,0.000333527873637315,0.021032888844834865,0.9872579035661568
ftv_complete_375,2026,LOCAL0,3,T0,192,242,outer_train_timing_prefix,0,0,2c66400f69fea7d9a0f6f37ea7485e3e0bb735cada224e96eaa91dbff7130ce3,8,192,64,0.006738059340356609,0.9605094766693152,0.9605094766693152
ftv_complete_375,2026,LOCAL0,3,T0,192,242,outer_train_timing_prefix,0,0,2c66400f69fea7d9a0f6f37ea7485e3e0bb735cada224e96eaa91dbff7130ce3,16,192,64,0.0015654896644933193,0.02504914440976735,0.9855586210790827
ftv_complete_375,2026,LOCAL0,3,T0,192,242,outer_train_timing_prefix,0,0,2c66400f69fea7d9a0f6f37ea7485e3e0bb735cada224e96eaa91dbff7130ce3,32,192,64,0.0002597205079496139,0.010096279917321021,0.9956549009964037
ftv_complete_375,2026,LOCAL0,3,T0,192,242,outer_train_timing_prefix,0,0,2c66400f69fea7d9a0f6f37ea7485e3e0bb735cada224e96eaa91dbff7130ce3,64,192,64,4.004825849772135e-05,0.0036156446931134875,0.9992705456895171
ftv_complete_375,2026,LOCAL0,3,T1,384,242,outer_train_timing_prefix,0,0,01e17026df6e351e3859cb81734bf1059d132386b986b2479693dbe97ae46fee,8,384,64,0.01291383737124207,0.9234460947050069,0.923446094705007
ftv_complete_375,2026,LOCAL0,3,T1,384,242,outer_train_timing_prefix,0,0,01e17026df6e351e3859cb81734bf1059d132386b986b2479693dbe97ae46fee,16,384,64,0.0029049323513282853,0.042032190170702595,0.9654782848757096
ftv_complete_375,2026,LOCAL0,3,T1,384,242,outer_train_timing_prefix,0,0,01e17026df6e351e3859cb81734bf1059d132386b986b2479693dbe97ae46fee,32,384,64,0.0007045464346288921,0.021973829489276245,0.9874521143649858
ftv_complete_375,2026,LOCAL0,3,T1,384,242,outer_train_timing_prefix,0,0,01e17026df6e351e3859cb81734bf1059d132386b986b2479693dbe97ae46fee,64,384,64,0.00012122435158087596,0.0091920986226385,0.9966442129876244
ftv_complete_375,2026,LOCAL0,3,T2,576,242,outer_train_timing_prefix,0,0,0114e70acbb5558be1c14c06654293860690ddd494e2029fc18f6bd7af4544dc,8,576,64,0.018905722017961042,0.8823278260599106,0.8823278260599108
ftv_complete_375,2026,LOCAL0,3,T2,576,242,outer_train_timing_prefix,0,0,0114e70acbb5558be1c14c06654293860690ddd494e2029fc18f6bd7af4544dc,16,576,64,0.004285934240436072,0.06659642851168612,0.9489242545715969
ftv_complete_375,2026,LOCAL0,3,T2,576,242,outer_train_timing_prefix,0,0,0114e70acbb5558be1c14c06654293860690ddd494e2029fc18f6bd7af4544dc,32,576,64,0.0010189341696829834,0.030373453881980587,0.9792977084535774
ftv_complete_375,2026,LOCAL0,3,T2,576,242,outer_train_timing_prefix,0,0,0114e70acbb5558be1c14c06654293860690ddd494e2029fc18f6bd7af4544dc,64,576,64,0.00020183474829012433,0.014525013992677558,0.9938227224462554
ftv_complete_375,2026,LOCAL0,3,T3,768,242,outer_train_timing_prefix,0,0,88fd743da3f05843fb1e8980c485b48417c16f3a2b5d7c5b63e91e0b9b261146,8,768,64,0.02219924405469034,0.8415230977706912,0.8415230977706912
ftv_complete_375,2026,LOCAL0,3,T3,768,242,outer_train_timing_prefix,0,0,88fd743da3f05843fb1e8980c485b48417c16f3a2b5d7c5b63e91e0b9b261146,16,768,64,0.005360124130703603,0.09067955526792065,0.932202653038612
ftv_complete_375,2026,LOCAL0,3,T3,768,242,outer_train_timing_prefix,0,0,88fd743da3f05843fb1e8980c485b48417c16f3a2b5d7c5b63e91e0b9b261146,32,768,64,0.0012187193689911443,0.0397859595627328,0.9719886126013448
ftv_complete_375,2026,LOCAL0,3,T3,768,242,outer_train_timing_prefix,0,0,88fd743da3f05843fb1e8980c485b48417c16f3a2b5d7c5b63e91e0b9b261146,64,768,64,0.00026708356672655684,0.01888201215734458,0.9908706247586894
full_808,2026,LOCAL0,4,T0,192,526,outer_train_timing_prefix,0,0,4d466b42060331078e7268cf660ef993c8419f2575b4610e74667fc3c2cec74c,8,192,64,0.00799110337501261,0.9561599872399316,0.9561599872399316
full_808,2026,LOCAL0,4,T0,192,526,outer_train_timing_prefix,0,0,4d466b42060331078e7268cf660ef993c8419f2575b4610e74667fc3c2cec74c,16,192,64,0.0016313408949175665,0.02829780460242968,0.9844577918423613
full_808,2026,LOCAL0,4,T0,192,526,outer_train_timing_prefix,0,0,4d466b42060331078e7268cf660ef993c8419f2575b4610e74667fc3c2cec74c,32,192,64,0.00031607351932618844,0.010408158528874669,0.9948659503712357
full_808,2026,LOCAL0,4,T0,192,526,outer_train_timing_prefix,0,0,4d466b42060331078e7268cf660ef993c8419f2575b4610e74667fc3c2cec74c,64,192,64,5.184653207967848e-05,0.0041756666140273235,0.9990416169852631
full_808,2026,LOCAL0,4,T1,384,526,outer_train_timing_prefix,0,0,441f2df7e9b04062a5a4228b622f152f8282a8d80103cf02896d9d43b2c53838,8,384,64,0.01713819648794028,0.9026917750345061,0.9026917750345061
full_808,2026,LOCAL0,4,T1,384,526,outer_train_timing_prefix,0,0,441f2df7e9b04062a5a4228b622f152f8282a8d80103cf02896d9d43b2c53838,16,384,64,0.0033307143128992432,0.05932389921199572,0.9620156742465018
full_808,2026,LOCAL0,4,T1,384,526,outer_train_timing_prefix,0,0,441f2df7e9b04062a5a4228b622f152f8282a8d80103cf02896d9d43b2c53838,32,384,64,0.0006929877063425623,0.02418898948225939,0.9862046637287611
full_808,2026,LOCAL0,4,T1,384,526,outer_train_timing_prefix,0,0,441f2df7e9b04062a5a4228b622f152f8282a8d80103cf02896d9d43b2c53838,64,384,64,0.00013172096211950247,0.00941485566882749,0.9956195193975886
full_808,2026,LOCAL0,4,T2,576,526,outer_train_timing_prefix,0,0,ff920926b058969c3c8d5f92b4c5cd5591ef1f54024284da5fa5be0e10b9f48a,8,576,64,0.016819257553484863,0.8605403808910611,0.8605403808910612
full_808,2026,LOCAL0,4,T2,576,526,outer_train_timing_prefix,0,0,ff920926b058969c3c8d5f92b4c5cd5591ef1f54024284da5fa5be0e10b9f48a,16,576,64,0.004978137879368533,0.07981101553252423,0.9403513964235855
full_808,2026,LOCAL0,4,T2,576,526,outer_train_timing_prefix,0,0,ff920926b058969c3c8d5f92b4c5cd5591ef1f54024284da5fa5be0e10b9f48a,32,576,64,0.0010755409560437607,0.03709241925198094,0.9774438156755664
full_808,2026,LOCAL0,4,T2,576,526,outer_train_timing_prefix,0,0,ff920926b058969c3c8d5f92b4c5cd5591ef1f54024284da5fa5be0e10b9f48a,64,576,64,0.00020362917210320884,0.014677420235797335,0.9921212359113637
full_808,2026,LOCAL0,4,T3,768,526,outer_train_timing_prefix,0,0,01fa95ed8a7c55a9e7ba8d3e4b1ec0d9073d464607001565ca9aece4a13739a5,8,768,64,0.016964907539519403,0.8275976195415463,0.8275976195415462
full_808,2026,LOCAL0,4,T3,768,526,outer_train_timing_prefix,0,0,01fa95ed8a7c55a9e7ba8d3e4b1ec0d9073d464607001565ca9aece4a13739a5,16,768,64,0.006494888603112974,0.09168869973322605,0.9192863192747721
full_808,2026,LOCAL0,4,T3,768,526,outer_train_timing_prefix,0,0,01fa95ed8a7c55a9e7ba8d3e4b1ec0d9073d464607001565ca9aece4a13739a5,32,768,64,0.001524353250797028,0.04874496675942784,0.9680312860341997
full_808,2026,LOCAL0,4,T3,768,526,outer_train_timing_prefix,0,0,01fa95ed8a7c55a9e7ba8d3e4b1ec0d9073d464607001565ca9aece4a13739a5,64,768,64,0.00029487496455566747,0.020414434582499606,0.9884457206166991
ftv_complete_375,2026,LOCAL0,4,T0,192,225,outer_train_timing_prefix,0,0,6ade1f602735f8b46824212271d18b4f6502b88f91827bc4e5629538988a4053,8,192,64,0.008025758237270164,0.9595407934016124,0.9595407934016121
ftv_complete_375,2026,LOCAL0,4,T0,192,225,outer_train_timing_prefix,0,0,6ade1f602735f8b46824212271d18b4f6502b88f91827bc4e5629538988a4053,16,192,64,0.0014682572694746353,0.026175536926546172,0.9857163303281583
ftv_complete_375,2026,LOCAL0,4,T0,192,225,outer_train_timing_prefix,0,0,6ade1f602735f8b46824212271d18b4f6502b88f91827bc4e5629538988a4053,32,192,64,0.0002923366551936944,0.009973628126545307,0.9956899584547036
ftv_complete_375,2026,LOCAL0,4,T0,192,225,outer_train_timing_prefix,0,0,6ade1f602735f8b46824212271d18b4f6502b88f91827bc4e5629538988a4053,64,192,64,4.149161143628539e-05,0.003639553548619622,0.9993295120033232
ftv_complete_375,2026,LOCAL0,4,T1,384,225,outer_train_timing_prefix,0,0,36aebffedcbb7d9115cb083fabd5f477702a984469060de134e595bf9cf561ec,8,384,64,0.01641042322241889,0.90853797025649,0.9085379702564899
ftv_complete_375,2026,LOCAL0,4,T1,384,225,outer_train_timing_prefix,0,0,36aebffedcbb7d9115cb083fabd5f477702a984469060de134e595bf9cf561ec,16,384,64,0.0030467242607791307,0.05749677686125287,0.9660347471177426
ftv_complete_375,2026,LOCAL0,4,T1,384,225,outer_train_timing_prefix,0,0,36aebffedcbb7d9115cb083fabd5f477702a984469060de134e595bf9cf561ec,32,384,64,0.0006186599932932582,0.02239775126638672,0.9884324983841292
ftv_complete_375,2026,LOCAL0,4,T1,384,225,outer_train_timing_prefix,0,0,36aebffedcbb7d9115cb083fabd5f477702a984469060de134e595bf9cf561ec,64,384,64,0.0001161866055985578,0.008488418876673773,0.9969209172608028
ftv_complete_375,2026,LOCAL0,4,T2,576,225,outer_train_timing_prefix,0,0,65a8eb3a1feb7deb313e0cc5732e84b702f7309e9c7b43f3f7339d96024ce7d0,8,576,64,0.017653983675747165,0.8691953691048535,0.8691953691048535
ftv_complete_375,2026,LOCAL0,4,T2,576,225,outer_train_timing_prefix,0,0,65a8eb3a1feb7deb313e0cc5732e84b702f7309e9c7b43f3f7339d96024ce7d0,16,576,64,0.004608665310321089,0.07695270777294765,0.9461480768778011
ftv_complete_375,2026,LOCAL0,4,T2,576,225,outer_train_timing_prefix,0,0,65a8eb3a1feb7deb313e0cc5732e84b702f7309e9c7b43f3f7339d96024ce7d0,32,576,64,0.000969130635513629,0.034743296353732536,0.9808913732315337
ftv_complete_375,2026,LOCAL0,4,T2,576,225,outer_train_timing_prefix,0,0,65a8eb3a1feb7deb313e0cc5732e84b702f7309e9c7b43f3f7339d96024ce7d0,64,576,64,0.00018498851775547407,0.01347545411801888,0.9943668273495525
ftv_complete_375,2026,LOCAL0,4,T3,768,225,outer_train_timing_prefix,0,0,59f6df10b340c8dabd398fee9af0dcdc5156581aca4327a9f965826551bbd16f,8,768,64,0.018460043830967072,0.836206313158478,0.8362063131584782
ftv_complete_375,2026,LOCAL0,4,T3,768,225,outer_train_timing_prefix,0,0,59f6df10b340c8dabd398fee9af0dcdc5156581aca4327a9f965826551bbd16f,16,768,64,0.006504701817517436,0.09066128788528562,0.9268676010437636
ftv_complete_375,2026,LOCAL0,4,T3,768,225,outer_train_timing_prefix,0,0,59f6df10b340c8dabd398fee9af0dcdc5156581aca4327a9f965826551bbd16f,32,768,64,0.0013555339490411592,0.045986478616082356,0.972854079659846
ftv_complete_375,2026,LOCAL0,4,T3,768,225,outer_train_timing_prefix,0,0,59f6df10b340c8dabd398fee9af0dcdc5156581aca4327a9f965826551bbd16f,64,768,64,0.000246931541357968,0.018790201268081008,0.991644280927927
full_808,2026,LOCAL3,0,T0,192,525,outer_train_timing_prefix,0,0,f13e79c7cbb938fb2d3f2a31375a73a5fa4261b63813bd315d1cf68e69ce91e4,8,192,64,0.00808270410706806,0.9470489525955328,0.9470489525955328
full_808,2026,LOCAL3,0,T0,192,525,outer_train_timing_prefix,0,0,f13e79c7cbb938fb2d3f2a31375a73a5fa4261b63813bd315d1cf68e69ce91e4,16,192,64,0.0020803867923544004,0.0320793377815219,0.9791282903770546
full_808,2026,LOCAL3,0,T0,192,525,outer_train_timing_prefix,0,0,f13e79c7cbb938fb2d3f2a31375a73a5fa4261b63813bd315d1cf68e69ce91e4,32,192,64,0.0004169873243294354,0.013569152718866355,0.992697443095921
full_808,2026,LOCAL3,0,T0,192,525,outer_train_timing_prefix,0,0,f13e79c7cbb938fb2d3f2a31375a73a5fa4261b63813bd315d1cf68e69ce91e4,64,192,64,7.306504447586999e-05,0.005833886448397385,0.9985313295443183
full_808,2026,LOCAL3,0,T1,384,525,outer_train_timing_prefix,0,0,2878e7f39b3e05a292ded821bc3b08f33fd5d40a5eba1934c300f3ae1271de18,8,384,64,0.013972402001816675,0.9053319336630472,0.9053319336630473
full_808,2026,LOCAL3,0,T1,384,525,outer_train_timing_prefix,0,0,2878e7f39b3e05a292ded821bc3b08f33fd5d40a5eba1934c300f3ae1271de18,16,384,64,0.003684610945145952,0.049709991944207194,0.9550419256072543
full_808,2026,LOCAL3,0,T1,384,525,outer_train_timing_prefix,0,0,2878e7f39b3e05a292ded821bc3b08f33fd5d40a5eba1934c300f3ae1271de18,32,384,64,0.0008269148138672423,0.026046824032825478,0.9810887496400799
full_808,2026,LOCAL3,0,T1,384,525,outer_train_timing_prefix,0,0,2878e7f39b3e05a292ded821bc3b08f33fd5d40a5eba1934c300f3ae1271de18,64,384,64,0.0001852656081571152,0.012623967256178856,0.9937127168962587
full_808,2026,LOCAL3,0,T2,576,525,outer_train_timing_prefix,0,0,f6f30a9dae7cf2a868a45b3a554c4e315ff767bf4d51c03dadc5180384a73f8f,8,576,64,0.024209351935277693,0.8545519087252116,0.8545519087252117
full_808,2026,LOCAL3,0,T2,576,525,outer_train_timing_prefix,0,0,f6f30a9dae7cf2a868a45b3a554c4e315ff767bf4d51c03dadc5180384a73f8f,16,576,64,0.004539658078037819,0.08113512266233444,0.935687031387546
full_808,2026,LOCAL3,0,T2,576,525,outer_train_timing_prefix,0,0,f6f30a9dae7cf2a868a45b3a554c4e315ff767bf4d51c03dadc5180384a73f8f,32,576,64,0.0010585271904445363,0.035758779295880255,0.9714458106834263
full_808,2026,LOCAL3,0,T2,576,525,outer_train_timing_prefix,0,0,f6f30a9dae7cf2a868a45b3a554c4e315ff767bf4d51c03dadc5180384a73f8f,64,576,64,0.0002657168500013808,0.01772051540252737,0.9891663260859537
full_808,2026,LOCAL3,0,T3,768,525,outer_train_timing_prefix,0,0,392f4c0dfefade9931ffd41b485ec9a3d3618a29186f470ae4ab5bfc91d501d7,8,768,64,0.022186500716285862,0.8027314850156648,0.8027314850156648
full_808,2026,LOCAL3,0,T3,768,525,outer_train_timing_prefix,0,0,392f4c0dfefade9931ffd41b485ec9a3d3618a29186f470ae4ab5bfc91d501d7,16,768,64,0.006689414080059738,0.11453024295134624,0.9172617279670109
full_808,2026,LOCAL3,0,T3,768,525,outer_train_timing_prefix,0,0,392f4c0dfefade9931ffd41b485ec9a3d3618a29186f470ae4ab5bfc91d501d7,32,768,64,0.0015572252196164363,0.04491401772725398,0.9621757456942652
full_808,2026,LOCAL3,0,T3,768,525,outer_train_timing_prefix,0,0,392f4c0dfefade9931ffd41b485ec9a3d3618a29186f470ae4ab5bfc91d501d7,64,768,64,0.00036591105145935535,0.022200018630403537,0.9843757643246689
ftv_complete_375,2026,LOCAL3,0,T0,192,247,outer_train_timing_prefix,0,0,089ac4c8ff5ead3a366051f8ae06332ff3a1429786c7699ca52f1670f2bdc20c,8,192,64,0.008472327442287403,0.9497174966457973,0.9497174966457973
ftv_complete_375,2026,LOCAL3,0,T0,192,247,outer_train_timing_prefix,0,0,089ac4c8ff5ead3a366051f8ae06332ff3a1429786c7699ca52f1670f2bdc20c,16,192,64,0.0018795369958145682,0.030438720750329835,0.9801562173961272
ftv_complete_375,2026,LOCAL3,0,T0,192,247,outer_train_timing_prefix,0,0,089ac4c8ff5ead3a366051f8ae06332ff3a1429786c7699ca52f1670f2bdc20c,32,192,64,0.00038017713315058603,0.013476900982345113,0.9936331183784726
ftv_complete_375,2026,LOCAL3,0,T0,192,247,outer_train_timing_prefix,0,0,089ac4c8ff5ead3a366051f8ae06332ff3a1429786c7699ca52f1670f2bdc20c,64,192,64,5.870788435859481e-05,0.005303053623616362,0.9989361720020888
ftv_complete_375,2026,LOCAL3,0,T1,384,247,outer_train_timing_prefix,0,0,de0a7d2e2b0224e90ed51411244a967e1e9b4f2ffb6ef6b10fc60b60a6a504de,8,384,64,0.013656786460936304,0.9101588297852087,0.9101588297852086
ftv_complete_375,2026,LOCAL3,0,T1,384,247,outer_train_timing_prefix,0,0,de0a7d2e2b0224e90ed51411244a967e1e9b4f2ffb6ef6b10fc60b60a6a504de,16,384,64,0.0036514453473545233,0.04834064615646082,0.9584994759416693
ftv_complete_375,2026,LOCAL3,0,T1,384,247,outer_train_timing_prefix,0,0,de0a7d2e2b0224e90ed51411244a967e1e9b4f2ffb6ef6b10fc60b60a6a504de,32,384,64,0.0008178321684573056,0.025030996762289412,0.9835304727039587
ftv_complete_375,2026,LOCAL3,0,T1,384,247,outer_train_timing_prefix,0,0,de0a7d2e2b0224e90ed51411244a967e1e9b4f2ffb6ef6b10fc60b60a6a504de,64,384,64,0.00016843328215007558,0.011732420688478412,0.995262893392437
ftv_complete_375,2026,LOCAL3,0,T2,576,247,outer_train_timing_prefix,0,0,94a8a3c75964a97badddb58585808593d7a26ae2844fab7874905c33edd85ae6,8,576,64,0.025363755536980812,0.8603341378298854,0.8603341378298855
ftv_complete_375,2026,LOCAL3,0,T2,576,247,outer_train_timing_prefix,0,0,94a8a3c75964a97badddb58585808593d7a26ae2844fab7874905c33edd85ae6,16,576,64,0.00479770471535332,0.08055568074450337,0.940889818574389
ftv_complete_375,2026,LOCAL3,0,T2,576,247,outer_train_timing_prefix,0,0,94a8a3c75964a97badddb58585808593d7a26ae2844fab7874905c33edd85ae6,32,576,64,0.0011119150553783271,0.033769759754025706,0.9746595783284145
ftv_complete_375,2026,LOCAL3,0,T2,576,247,outer_train_timing_prefix,0,0,94a8a3c75964a97badddb58585808593d7a26ae2844fab7874905c33edd85ae6,64,576,64,0.0002561407087338962,0.017006638565482016,0.9916662168938964
ftv_complete_375,2026,LOCAL3,0,T3,768,247,outer_train_timing_prefix,0,0,9ebc59488262a91580d4fa7f0f4d16e42abf4e2f1b58dd8478fd61142cf55b2d,8,768,64,0.023624153934714207,0.8060754427240633,0.8060754427240633
ftv_complete_375,2026,LOCAL3,0,T3,768,247,outer_train_timing_prefix,0,0,9ebc59488262a91580d4fa7f0f4d16e42abf4e2f1b58dd8478fd61142cf55b2d,16,768,64,0.00622608298857423,0.11464396770432123,0.9207194104283845
ftv_complete_375,2026,LOCAL3,0,T3,768,247,outer_train_timing_prefix,0,0,9ebc59488262a91580d4fa7f0f4d16e42abf4e2f1b58dd8478fd61142cf55b2d,32,768,64,0.0013919336311506503,0.04518817222929372,0.9659075826576782
ftv_complete_375,2026,LOCAL3,0,T3,768,247,outer_train_timing_prefix,0,0,9ebc59488262a91580d4fa7f0f4d16e42abf4e2f1b58dd8478fd61142cf55b2d,64,768,64,0.0003418674199388758,0.02189925128038387,0.9878068339380621
full_808,2026,LOCAL3,1,T0,192,525,outer_train_timing_prefix,0,0,e253c085800dce334d464a1afebf5b576a1f2a64b6407b2186ab153948188f12,8,192,64,0.00750550778760384,0.9544425924753146,0.9544425924753146
full_808,2026,LOCAL3,1,T0,192,525,outer_train_timing_prefix,0,0,e253c085800dce334d464a1afebf5b576a1f2a64b6407b2186ab153948188f12,16,192,64,0.0017499843495198317,0.02586663777134532,0.98030923024666
full_808,2026,LOCAL3,1,T0,192,525,outer_train_timing_prefix,0,0,e253c085800dce334d464a1afebf5b576a1f2a64b6407b2186ab153948188f12,32,192,64,0.0003919062863438527,0.012883378155539919,0.9931926084021999
full_808,2026,LOCAL3,1,T0,192,525,outer_train_timing_prefix,0,0,e253c085800dce334d464a1afebf5b576a1f2a64b6407b2186ab153948188f12,64,192,64,7.320464492211417e-05,0.0054748549922378495,0.9986674633944378
full_808,2026,LOCAL3,1,T1,384,525,outer_train_timing_prefix,0,0,575bc5d1798607ba5f745bd86e4c8e002de37b4be335398df5984b59cad0c869,8,384,64,0.014489898611877773,0.9148585067586497,0.9148585067586497
full_808,2026,LOCAL3,1,T1,384,525,outer_train_timing_prefix,0,0,575bc5d1798607ba5f745bd86e4c8e002de37b4be335398df5984b59cad0c869,16,384,64,0.0027548438959558484,0.047247394291441355,0.962105901050091
full_808,2026,LOCAL3,1,T1,384,525,outer_train_timing_prefix,0,0,575bc5d1798607ba5f745bd86e4c8e002de37b4be335398df5984b59cad0c869,32,384,64,0.0007052201548090042,0.02158001261449721,0.9836859136645882
full_808,2026,LOCAL3,1,T1,384,525,outer_train_timing_prefix,0,0,575bc5d1798607ba5f745bd86e4c8e002de37b4be335398df5984b59cad0c869,64,384,64,0.00016340094546108246,0.010805765725624463,0.9944916793902127
full_808,2026,LOCAL3,1,T2,576,525,outer_train_timing_prefix,0,0,0cff8ee105f49e026360aa0f3bb2a0a5429e935f4de0062bb5b95c7ed6f2b058,8,576,64,0.022928428710835436,0.8705191694087471,0.8705191694087471
full_808,2026,LOCAL3,1,T2,576,525,outer_train_timing_prefix,0,0,0cff8ee105f49e026360aa0f3bb2a0a5429e935f4de0062bb5b95c7ed6f2b058,16,576,64,0.004745024720936875,0.07226790646453933,0.9427870758732863
full_808,2026,LOCAL3,1,T2,576,525,outer_train_timing_prefix,0,0,0cff8ee105f49e026360aa0f3bb2a0a5429e935f4de0062bb5b95c7ed6f2b058,32,576,64,0.000943161054848797,0.03236106603209618,0.9751481419053823
full_808,2026,LOCAL3,1,T2,576,525,outer_train_timing_prefix,0,0,0cff8ee105f49e026360aa0f3bb2a0a5429e935f4de0062bb5b95c7ed6f2b058,64,576,64,0.0002374151184615238,0.015247659775880497,0.990395801681263
full_808,2026,LOCAL3,1,T3,768,525,outer_train_timing_prefix,0,0,26602ebd189da4ba170a4ab1fa15ca59c6a494dcaacc6f3d3e03b92ab8708c98,8,768,64,0.024708705476493842,0.8226953702963303,0.8226953702963301
full_808,2026,LOCAL3,1,T3,768,525,outer_train_timing_prefix,0,0,26602ebd189da4ba170a4ab1fa15ca59c6a494dcaacc6f3d3e03b92ab8708c98,16,768,64,0.006202827735445492,0.09868301933001224,0.9213783896263424
full_808,2026,LOCAL3,1,T3,768,525,outer_train_timing_prefix,0,0,26602ebd189da4ba170a4ab1fa15ca59c6a494dcaacc6f3d3e03b92ab8708c98,32,768,64,0.0011878830937331955,0.04552820065299275,0.9669065902793353
full_808,2026,LOCAL3,1,T3,768,525,outer_train_timing_prefix,0,0,26602ebd189da4ba170a4ab1fa15ca59c6a494dcaacc6f3d3e03b92ab8708c98,64,768,64,0.0003063413068285677,0.019399168846603698,0.9863057591259389
ftv_complete_375,2026,LOCAL3,1,T0,192,239,outer_train_timing_prefix,0,0,80b6dfe7b3e91202d3628301b670d1e8a908129dcfaf32928d544c7d7a99a783,8,192,64,0.007211153846678241,0.9563034027441856,0.9563034027441856
ftv_complete_375,2026,LOCAL3,1,T0,192,239,outer_train_timing_prefix,0,0,80b6dfe7b3e91202d3628301b670d1e8a908129dcfaf32928d544c7d7a99a783,16,192,64,0.001770774880497554,0.025926496270886702,0.9822298990150722
ftv_complete_375,2026,LOCAL3,1,T0,192,239,outer_train_timing_prefix,0,0,80b6dfe7b3e91202d3628301b670d1e8a908129dcfaf32928d544c7d7a99a783,32,192,64,0.00037422915974262864,0.01200672620795268,0.9942366252230246
ftv_complete_375,2026,LOCAL3,1,T0,192,239,outer_train_timing_prefix,0,0,80b6dfe7b3e91202d3628301b670d1e8a908129dcfaf32928d544c7d7a99a783,64,192,64,5.274031402247794e-05,0.0048550362551821906,0.9990916614782068
ftv_complete_375,2026,LOCAL3,1,T1,384,239,outer_train_timing_prefix,0,0,1588312fcdf969e78923b111b8514535cdce6aee7771c162b2d619fb40c3b094,8,384,64,0.013999357869882089,0.9192036536829906,0.9192036536829906
ftv_complete_375,2026,LOCAL3,1,T1,384,239,outer_train_timing_prefix,0,0,1588312fcdf969e78923b111b8514535cdce6aee7771c162b2d619fb40c3b094,16,384,64,0.0027803417962319527,0.04631154200870852,0.9655151956916991
ftv_complete_375,2026,LOCAL3,1,T1,384,239,outer_train_timing_prefix,0,0,1588312fcdf969e78923b111b8514535cdce6aee7771c162b2d619fb40c3b094,32,384,64,0.0006933328829674472,0.020850012459834873,0.9863652081515341
ftv_complete_375,2026,LOCAL3,1,T1,384,239,outer_train_timing_prefix,0,0,1588312fcdf969e78923b111b8514535cdce6aee7771c162b2d619fb40c3b094,64,384,64,0.00013395309082031505,0.009731748831622485,0.9960969569831567
ftv_complete_375,2026,LOCAL3,1,T2,576,239,outer_train_timing_prefix,0,0,fe9810ee1af193c837f21afe3b839beffa8da05a2bc742ec9d076dabb1ca962c,8,576,64,0.02381187537650085,0.8797249695489145,0.8797249695489145
ftv_complete_375,2026,LOCAL3,1,T2,576,239,outer_train_timing_prefix,0,0,fe9810ee1af193c837f21afe3b839beffa8da05a2bc742ec9d076dabb1ca962c,16,576,64,0.004905616992028988,0.06841388907590878,0.9481388586248234
ftv_complete_375,2026,LOCAL3,1,T2,576,239,outer_train_timing_prefix,0,0,fe9810ee1af193c837f21afe3b839beffa8da05a2bc742ec9d076dabb1ca962c,32,576,64,0.000921502619167187,0.031335047198921294,0.9794739058237448
ftv_complete_375,2026,LOCAL3,1,T2,576,239,outer_train_timing_prefix,0,0,fe9810ee1af193c837f21afe3b839beffa8da05a2bc742ec9d076dabb1ca962c,64,576,64,0.00021042985449345645,0.013604098417267379,0.9930780042410124
ftv_complete_375,2026,LOCAL3,1,T3,768,239,outer_train_timing_prefix,0,0,70d5360e2511859f7205197f73dd7d2243ebd13d9d883e9472b7eca01c87138f,8,768,64,0.026370134051110473,0.8328534869434343,0.8328534869434343
ftv_complete_375,2026,LOCAL3,1,T3,768,239,outer_train_timing_prefix,0,0,70d5360e2511859f7205197f73dd7d2243ebd13d9d883e9472b7eca01c87138f,16,768,64,0.0055348407935744606,0.09499464877204554,0.9278481357154799
ftv_complete_375,2026,LOCAL3,1,T3,768,239,outer_train_timing_prefix,0,0,70d5360e2511859f7205197f73dd7d2243ebd13d9d883e9472b7eca01c87138f,32,768,64,0.0011423762332929315,0.0440905466220759,0.9719386823375559
ftv_complete_375,2026,LOCAL3,1,T3,768,239,outer_train_timing_prefix,0,0,70d5360e2511859f7205197f73dd7d2243ebd13d9d883e9472b7eca01c87138f,64,768,64,0.00026608307859551125,0.018039503768330523,0.9899781861058866
full_808,2026,LOCAL3,2,T0,192,525,outer_train_timing_prefix,0,0,f98829952f58c20b230f278e92aa6ef916c0da2b4fabd719f046a88d9ce67d52,8,192,64,0.007555143922109351,0.9563299398858459,0.956329939885846
full_808,2026,LOCAL3,2,T0,192,525,outer_train_timing_prefix,0,0,f98829952f58c20b230f278e92aa6ef916c0da2b4fabd719f046a88d9ce67d52,16,192,64,0.0017768665548610247,0.026402905098350006,0.982732844984196
full_808,2026,LOCAL3,2,T0,192,525,outer_train_timing_prefix,0,0,f98829952f58c20b230f278e92aa6ef916c0da2b4fabd719f046a88d9ce67d52,32,192,64,0.0003443327871653493,0.011430010135042183,0.9941628551192382
full_808,2026,LOCAL3,2,T0,192,525,outer_train_timing_prefix,0,0,f98829952f58c20b230f278e92aa6ef916c0da2b4fabd719f046a88d9ce67d52,64,192,64,5.736090246778352e-05,0.004706367818158936,0.9988692229373971
full_808,2026,LOCAL3,2,T1,384,525,outer_train_timing_prefix,0,0,52305480bf57313669f3973e8217060ddcb4b7e5fa0a4fccb18ba3ebefa90d70,8,384,64,0.018652127323417922,0.9133238680117112,0.9133238680117112
full_808,2026,LOCAL3,2,T1,384,525,outer_train_timing_prefix,0,0,52305480bf57313669f3973e8217060ddcb4b7e5fa0a4fccb18ba3ebefa90d70,16,384,64,0.003136525212622205,0.048364777293979734,0.9616886453056909
full_808,2026,LOCAL3,2,T1,384,525,outer_train_timing_prefix,0,0,52305480bf57313669f3973e8217060ddcb4b7e5fa0a4fccb18ba3ebefa90d70,32,384,64,0.0006807773972536578,0.023034188145186103,0.9847228334508769
full_808,2026,LOCAL3,2,T1,384,525,outer_train_timing_prefix,0,0,52305480bf57313669f3973e8217060ddcb4b7e5fa0a4fccb18ba3ebefa90d70,64,384,64,0.00015621668047670952,0.010289000151500308,0.9950118336023773
full_808,2026,LOCAL3,2,T2,576,525,outer_train_timing_prefix,0,0,558283bfc1bab2aa29f4245f5c8203088815cf34ec9bf6cc4e51cd068ac8d5bd,8,576,64,0.021025235397100543,0.8607863990501088,0.8607863990501088
full_808,2026,LOCAL3,2,T2,576,525,outer_train_timing_prefix,0,0,558283bfc1bab2aa29f4245f5c8203088815cf34ec9bf6cc4e51cd068ac8d5bd,16,576,64,0.005253967944894899,0.08106821558303284,0.9418546146331417
full_808,2026,LOCAL3,2,T2,576,525,outer_train_timing_prefix,0,0,558283bfc1bab2aa29f4245f5c8203088815cf34ec9bf6cc4e51cd068ac8d5bd,32,576,64,0.0010647284646092547,0.03367278188535926,0.9755273965185011
full_808,2026,LOCAL3,2,T2,576,525,outer_train_timing_prefix,0,0,558283bfc1bab2aa29f4245f5c8203088815cf34ec9bf6cc4e51cd068ac8d5bd,64,576,64,0.00023299144068892198,0.015353169245789427,0.9908805657642904
full_808,2026,LOCAL3,2,T3,768,525,outer_train_timing_prefix,0,0,153c4976e7a2f34be8c32e1fe7fa2f4a2052db1a0a95b1c7f558934579087ea6,8,768,64,0.025089382536236046,0.8153426121759195,0.8153426121759196
full_808,2026,LOCAL3,2,T3,768,525,outer_train_timing_prefix,0,0,153c4976e7a2f34be8c32e1fe7fa2f4a2052db1a0a95b1c7f558934579087ea6,16,768,64,0.005919353214044026,0.10681157234346592,0.9221541845193857
full_808,2026,LOCAL3,2,T3,768,525,outer_train_timing_prefix,0,0,153c4976e7a2f34be8c32e1fe7fa2f4a2052db1a0a95b1c7f558934579087ea6,32,768,64,0.001338707123514316,0.04462805868648951,0.9667822432058752
full_808,2026,LOCAL3,2,T3,768,525,outer_train_timing_prefix,0,0,153c4976e7a2f34be8c32e1fe7fa2f4a2052db1a0a95b1c7f558934579087ea6,64,768,64,0.00030233557313937703,0.02028823472133711,0.9870704779272123
ftv_complete_375,2026,LOCAL3,2,T0,192,240,outer_train_timing_prefix,0,0,81d92db67c2397c9039e62a3f8fc0ec93c4c24277c99c71f196856ba9d7a7739,8,192,64,0.0077476738776189715,0.9564873716244214,0.9564873716244214
ftv_complete_375,2026,LOCAL3,2,T0,192,240,outer_train_timing_prefix,0,0,81d92db67c2397c9039e62a3f8fc0ec93c4c24277c99c71f196856ba9d7a7739,16,192,64,0.0017930278164341748,0.02686783936271179,0.9833552109871333
ftv_complete_375,2026,LOCAL3,2,T0,192,240,outer_train_timing_prefix,0,0,81d92db67c2397c9039e62a3f8fc0ec93c4c24277c99c71f196856ba9d7a7739,32,192,64,0.0003269510738857343,0.011526053886919387,0.9948812648740525
ftv_complete_375,2026,LOCAL3,2,T0,192,240,outer_train_timing_prefix,0,0,81d92db67c2397c9039e62a3f8fc0ec93c4c24277c99c71f196856ba9d7a7739,64,192,64,5.0935819587247766e-05,0.004256631281003553,0.9991378961550562
ftv_complete_375,2026,LOCAL3,2,T1,384,240,outer_train_timing_prefix,0,0,35cc856dccca9f0bf1067b7fb1fa283bc11a839f88a60c880cfbd047a1d47af9,8,384,64,0.018574987050500074,0.9154231057677604,0.9154231057677604
ftv_complete_375,2026,LOCAL3,2,T1,384,240,outer_train_timing_prefix,0,0,35cc856dccca9f0bf1067b7fb1fa283bc11a839f88a60c880cfbd047a1d47af9,16,384,64,0.0032563596729662807,0.0490045819773855,0.964427687745146
ftv_complete_375,2026,LOCAL3,2,T1,384,240,outer_train_timing_prefix,0,0,35cc856dccca9f0bf1067b7fb1fa283bc11a839f88a60c880cfbd047a1d47af9,32,384,64,0.000647244971429037,0.022232825940541483,0.9866605136856874
ftv_complete_375,2026,LOCAL3,2,T1,384,240,outer_train_timing_prefix,0,0,35cc856dccca9f0bf1067b7fb1fa283bc11a839f88a60c880cfbd047a1d47af9,64,384,64,0.00013423384769897104,0.009649970128586333,0.9963104838142737
ftv_complete_375,2026,LOCAL3,2,T2,576,240,outer_train_timing_prefix,0,0,8b4a792d006c829e5c583f791adbfe67148f72c4fc1c6ea3fd46df36a1dcd3ee,8,576,64,0.021580975087295926,0.8623389206323897,0.8623389206323897
ftv_complete_375,2026,LOCAL3,2,T2,576,240,outer_train_timing_prefix,0,0,8b4a792d006c829e5c583f791adbfe67148f72c4fc1c6ea3fd46df36a1dcd3ee,16,576,64,0.005084004844782819,0.08395308798208972,0.9462920086144794
ftv_complete_375,2026,LOCAL3,2,T2,576,240,outer_train_timing_prefix,0,0,8b4a792d006c829e5c583f791adbfe67148f72c4fc1c6ea3fd46df36a1dcd3ee,32,576,64,0.0009905859304654506,0.032541953061757736,0.9788339616762369
ftv_complete_375,2026,LOCAL3,2,T2,576,240,outer_train_timing_prefix,0,0,8b4a792d006c829e5c583f791adbfe67148f72c4fc1c6ea3fd46df36a1dcd3ee,64,576,64,0.00020639048256998574,0.014512696788984841,0.9933466584652216
ftv_complete_375,2026,LOCAL3,2,T3,768,240,outer_train_timing_prefix,0,0,700434bbbc01611bb9c56f00a156b2c83e9076ac83b0415da95f2cb86dda3a4a,8,768,64,0.027090431453035687,0.819962113261638,0.8199621132616381
ftv_complete_375,2026,LOCAL3,2,T3,768,240,outer_train_timing_prefix,0,0,700434bbbc01611bb9c56f00a156b2c83e9076ac83b0415da95f2cb86dda3a4a,16,768,64,0.005676254748156856,0.10729228698486984,0.9272544002465078
ftv_complete_375,2026,LOCAL3,2,T3,768,240,outer_train_timing_prefix,0,0,700434bbbc01611bb9c56f00a156b2c83e9076ac83b0415da95f2cb86dda3a4a,32,768,64,0.0013763216700037547,0.043554122614717666,0.9708085228612254
ftv_complete_375,2026,LOCAL3,2,T3,768,240,outer_train_timing_prefix,0,0,700434bbbc01611bb9c56f00a156b2c83e9076ac83b0415da95f2cb86dda3a4a,64,768,64,0.00029796624662335085,0.019359200025119847,0.9901677228863451
full_808,2026,LOCAL3,3,T0,192,526,outer_train_timing_prefix,0,0,3cceef4a5e127b82f4f3abe24864735b2b078f264aa35b12cba7113a577cd842,8,192,64,0.007356559447373757,0.9507414256062784,0.9507414256062783
full_808,2026,LOCAL3,3,T0,192,526,outer_train_timing_prefix,0,0,3cceef4a5e127b82f4f3abe24864735b2b078f264aa35b12cba7113a577cd842,16,192,64,0.002147440361060179,0.03277703252774381,0.9835184581340221
full_808,2026,LOCAL3,3,T0,192,526,outer_train_timing_prefix,0,0,3cceef4a5e127b82f4f3abe24864735b2b078f264aa35b12cba7113a577cd842,32,192,64,0.0003069079770829684,0.011073664106050488,0.9945921222400724
full_808,2026,LOCAL3,3,T0,192,526,outer_train_timing_prefix,0,0,3cceef4a5e127b82f4f3abe24864735b2b078f264aa35b12cba7113a577cd842,64,192,64,5.6920814707350855e-05,0.004368449664444542,0.998960571904517
full_808,2026,LOCAL3,3,T1,384,526,outer_train_timing_prefix,0,0,6250509c446ee334b4b2dab2948e4555f458167f258dcadf8bd374d10191b1aa,8,384,64,0.012823627564573413,0.909366335739476,0.909366335739476
full_808,2026,LOCAL3,3,T1,384,526,outer_train_timing_prefix,0,0,6250509c446ee334b4b2dab2948e4555f458167f258dcadf8bd374d10191b1aa,16,384,64,0.0034083081332705093,0.0493197559596639,0.9586860916991399
full_808,2026,LOCAL3,3,T1,384,526,outer_train_timing_prefix,0,0,6250509c446ee334b4b2dab2948e4555f458167f258dcadf8bd374d10191b1aa,32,384,64,0.0008085837472554463,0.026375482721380704,0.9850615744205204
full_808,2026,LOCAL3,3,T1,384,526,outer_train_timing_prefix,0,0,6250509c446ee334b4b2dab2948e4555f458167f258dcadf8bd374d10191b1aa,64,384,64,0.00014035937396703602,0.01032495324807127,0.9953865276685916
full_808,2026,LOCAL3,3,T2,576,526,outer_train_timing_prefix,0,0,2e5ca03e6df88041c94d186caed95b1983fb5da0d5153cf1bb8c92f5675bb097,8,576,64,0.017962622694281276,0.8695506324241318,0.8695506324241318
full_808,2026,LOCAL3,3,T2,576,526,outer_train_timing_prefix,0,0,2e5ca03e6df88041c94d186caed95b1983fb5da0d5153cf1bb8c92f5675bb097,16,576,64,0.00490429885280145,0.06990089750718759,0.9394515299313194
full_808,2026,LOCAL3,3,T2,576,526,outer_train_timing_prefix,0,0,2e5ca03e6df88041c94d186caed95b1983fb5da0d5153cf1bb8c92f5675bb097,32,576,64,0.0010938328617709557,0.03541804304926815,0.9748695729805876
full_808,2026,LOCAL3,3,T2,576,526,outer_train_timing_prefix,0,0,2e5ca03e6df88041c94d186caed95b1983fb5da0d5153cf1bb8c92f5675bb097,64,576,64,0.00022016179187615517,0.016846878979947157,0.9917164519605348
full_808,2026,LOCAL3,3,T3,768,526,outer_train_timing_prefix,0,0,03dc91054357f77bf11b17ed397809121cebd86d5d670dde8ea5cafdd6f81ea2,8,768,64,0.02331565427534236,0.829835131654018,0.8298351316540178
full_808,2026,LOCAL3,3,T3,768,526,outer_train_timing_prefix,0,0,03dc91054357f77bf11b17ed397809121cebd86d5d670dde8ea5cafdd6f81ea2,16,768,64,0.006069619716473759,0.09227185843073098,0.922106990084749
full_808,2026,LOCAL3,3,T3,768,526,outer_train_timing_prefix,0,0,03dc91054357f77bf11b17ed397809121cebd86d5d670dde8ea5cafdd6f81ea2,32,768,64,0.0013825418850178614,0.044018474297783564,0.9661254643825324
full_808,2026,LOCAL3,3,T3,768,526,outer_train_timing_prefix,0,0,03dc91054357f77bf11b17ed397809121cebd86d5d670dde8ea5cafdd6f81ea2,64,768,64,0.0003255334625240031,0.02157810894713698,0.9877035733296693
ftv_complete_375,2026,LOCAL3,3,T0,192,242,outer_train_timing_prefix,0,0,a3d5e9bef4b6d4a6e2c895d333b4f67bcd1cae856d7de86f375172a9050264ff,8,192,64,0.007210880619367881,0.9555514187634649,0.9555514187634648
ftv_complete_375,2026,LOCAL3,3,T0,192,242,outer_train_timing_prefix,0,0,a3d5e9bef4b6d4a6e2c895d333b4f67bcd1cae856d7de86f375172a9050264ff,16,192,64,0.0019032823883984224,0.030022393011339563,0.9855738117748045
ftv_complete_375,2026,LOCAL3,3,T0,192,242,outer_train_timing_prefix,0,0,a3d5e9bef4b6d4a6e2c895d333b4f67bcd1cae856d7de86f375172a9050264ff,32,192,64,0.0002845790504058899,0.009990141804230334,0.9955639535790348
ftv_complete_375,2026,LOCAL3,3,T0,192,242,outer_train_timing_prefix,0,0,a3d5e9bef4b6d4a6e2c895d333b4f67bcd1cae856d7de86f375172a9050264ff,64,192,64,4.239885959033547e-05,0.0037311447223860707,0.9992950983014208
ftv_complete_375,2026,LOCAL3,3,T1,384,242,outer_train_timing_prefix,0,0,bbdef82773a74f02bc4a7715c31657ca046216da73441adb18bc178e14529be8,8,384,64,0.012466154840590871,0.9167746949822168,0.9167746949822165
ftv_complete_375,2026,LOCAL3,3,T1,384,242,outer_train_timing_prefix,0,0,bbdef82773a74f02bc4a7715c31657ca046216da73441adb18bc178e14529be8,16,384,64,0.0030849952597622626,0.04593941600448259,0.9627141109866992
ftv_complete_375,2026,LOCAL3,3,T1,384,242,outer_train_timing_prefix,0,0,bbdef82773a74f02bc4a7715c31657ca046216da73441adb18bc178e14529be8,32,384,64,0.0007066780278040808,0.02478804765873996,0.9875021586454391
ftv_complete_375,2026,LOCAL3,3,T1,384,242,outer_train_timing_prefix,0,0,bbdef82773a74f02bc4a7715c31657ca046216da73441adb18bc178e14529be8,64,384,64,0.0001189449229927655,0.009216210000224101,0.9967183686456633
ftv_complete_375,2026,LOCAL3,3,T2,576,242,outer_train_timing_prefix,0,0,e258fc647e60524f4a62ddf6ec9748385dd59ef3ccad90c82ff48dcc99a33b5f,8,576,64,0.019036201087493317,0.8793931113807001,0.8793931113807001
ftv_complete_375,2026,LOCAL3,3,T2,576,242,outer_train_timing_prefix,0,0,e258fc647e60524f4a62ddf6ec9748385dd59ef3ccad90c82ff48dcc99a33b5f,16,576,64,0.004732576656622391,0.06657794559493882,0.9459710569756389
ftv_complete_375,2026,LOCAL3,3,T2,576,242,outer_train_timing_prefix,0,0,e258fc647e60524f4a62ddf6ec9748385dd59ef3ccad90c82ff48dcc99a33b5f,32,576,64,0.0010255671053726362,0.03269951385150347,0.9786705708271423
ftv_complete_375,2026,LOCAL3,3,T2,576,242,outer_train_timing_prefix,0,0,e258fc647e60524f4a62ddf6ec9748385dd59ef3ccad90c82ff48dcc99a33b5f,64,576,64,0.0002005689545249101,0.015225351232435078,0.9938959220595773
ftv_complete_375,2026,LOCAL3,3,T3,768,242,outer_train_timing_prefix,0,0,f8176c8a63751948292d85789dbe5906c39e7c620752513f5a2633e52e4589f0,8,768,64,0.02437671531473044,0.8395911023382809,0.8395911023382809
ftv_complete_375,2026,LOCAL3,3,T3,768,242,outer_train_timing_prefix,0,0,f8176c8a63751948292d85789dbe5906c39e7c620752513f5a2633e52e4589f0,16,768,64,0.005702637110928174,0.08915246199790175,0.9287435643361828
ftv_complete_375,2026,LOCAL3,3,T3,768,242,outer_train_timing_prefix,0,0,f8176c8a63751948292d85789dbe5906c39e7c620752513f5a2633e52e4589f0,32,768,64,0.0013039645204177797,0.04228844349841183,0.9710320078345948
ftv_complete_375,2026,LOCAL3,3,T3,768,242,outer_train_timing_prefix,0,0,f8176c8a63751948292d85789dbe5906c39e7c620752513f5a2633e52e4589f0,64,768,64,0.0002784785885076719,0.01992969148530354,0.9909616993198984
full_808,2026,LOCAL3,4,T0,192,526,outer_train_timing_prefix,0,0,568fffa88f4c0e622878d4b6a37c30fb78a9dbfa004d8ed58013335cabd81e0e,8,192,64,0.008753937055867713,0.9543984294754786,0.9543984294754786
full_808,2026,LOCAL3,4,T0,192,526,outer_train_timing_prefix,0,0,568fffa88f4c0e622878d4b6a37c30fb78a9dbfa004d8ed58013335cabd81e0e,16,192,64,0.001803379858525955,0.02868519466199254,0.9830836241374712
full_808,2026,LOCAL3,4,T0,192,526,outer_train_timing_prefix,0,0,568fffa88f4c0e622878d4b6a37c30fb78a9dbfa004d8ed58013335cabd81e0e,32,192,64,0.00032967722450785773,0.011294335856499959,0.9943779599939713
full_808,2026,LOCAL3,4,T0,192,526,outer_train_timing_prefix,0,0,568fffa88f4c0e622878d4b6a37c30fb78a9dbfa004d8ed58013335cabd81e0e,64,192,64,5.855835092935717e-05,0.004537184299557816,0.998915144293529
full_808,2026,LOCAL3,4,T1,384,526,outer_train_timing_prefix,0,0,26618c50856819a2a10e5aedc0d7e03e8c739aa5cae94b2bd78d7f9ed6a55543,8,384,64,0.018270599573801557,0.9010240674238487,0.9010240674238486
full_808,2026,LOCAL3,4,T1,384,526,outer_train_timing_prefix,0,0,26618c50856819a2a10e5aedc0d7e03e8c739aa5cae94b2bd78d7f9ed6a55543,16,384,64,0.003421554655435555,0.05814120012881408,0.9591652675526626
full_808,2026,LOCAL3,4,T1,384,526,outer_train_timing_prefix,0,0,26618c50856819a2a10e5aedc0d7e03e8c739aa5cae94b2bd78d7f9ed6a55543,32,384,64,0.0007483474237100638,0.02589453360135975,0.9850598011540224
full_808,2026,LOCAL3,4,T1,384,526,outer_train_timing_prefix,0,0,26618c50856819a2a10e5aedc0d7e03e8c739aa5cae94b2bd78d7f9ed6a55543,64,384,64,0.00014777049166077758,0.010136397548586477,0.9951961987026089
full_808,2026,LOCAL3,4,T2,576,526,outer_train_timing_prefix,0,0,7123d529c5358a3e88d2dafec00efcf2819610671f281f2ae8d79076e9cb6248,8,576,64,0.017274515068987955,0.8547669032953017,0.8547669032953017
full_808,2026,LOCAL3,4,T2,576,526,outer_train_timing_prefix,0,0,7123d529c5358a3e88d2dafec00efcf2819610671f281f2ae8d79076e9cb6248,16,576,64,0.005060267461312996,0.08294163123212686,0.9377085345274286
full_808,2026,LOCAL3,4,T2,576,526,outer_train_timing_prefix,0,0,7123d529c5358a3e88d2dafec00efcf2819610671f281f2ae8d79076e9cb6248,32,576,64,0.001101535086950916,0.03803849101202983,0.9757470255394584
full_808,2026,LOCAL3,4,T2,576,526,outer_train_timing_prefix,0,0,7123d529c5358a3e88d2dafec00efcf2819610671f281f2ae8d79076e9cb6248,64,576,64,0.00022351711206551662,0.01573815235460533,0.9914851778940641
full_808,2026,LOCAL3,4,T3,768,526,outer_train_timing_prefix,0,0,5358b374c44d228d8db973e6e63848c7ba8866ddabc78690f8a71773d2243310,8,768,64,0.01755282089922335,0.8231205646059372,0.8231205646059371
full_808,2026,LOCAL3,4,T3,768,526,outer_train_timing_prefix,0,0,5358b374c44d228d8db973e6e63848c7ba8866ddabc78690f8a71773d2243310,16,768,64,0.007509591781961591,0.09245188881848447,0.9155724534244215
full_808,2026,LOCAL3,4,T3,768,526,outer_train_timing_prefix,0,0,5358b374c44d228d8db973e6e63848c7ba8866ddabc78690f8a71773d2243310,32,768,64,0.0015087857293573335,0.0504386524000263,0.9660111058244477
full_808,2026,LOCAL3,4,T3,768,526,outer_train_timing_prefix,0,0,5358b374c44d228d8db973e6e63848c7ba8866ddabc78690f8a71773d2243310,64,768,64,0.00031071724592664365,0.021469495045174942,0.9874806008696229
ftv_complete_375,2026,LOCAL3,4,T0,192,225,outer_train_timing_prefix,0,0,d565855fa84863231c0caa3eab6e85cdf7a7a18e16e8bb2d51c5ab7f9e530996,8,192,64,0.009024419606924782,0.9582382766664633,0.9582382766664634
ftv_complete_375,2026,LOCAL3,4,T0,192,225,outer_train_timing_prefix,0,0,d565855fa84863231c0caa3eab6e85cdf7a7a18e16e8bb2d51c5ab7f9e530996,16,192,64,0.0016146756244302812,0.026270819394853828,0.9845090960613172
ftv_complete_375,2026,LOCAL3,4,T0,192,225,outer_train_timing_prefix,0,0,d565855fa84863231c0caa3eab6e85cdf7a7a18e16e8bb2d51c5ab7f9e530996,32,192,64,0.0003156498357196279,0.010745698841664144,0.9952547949029812
ftv_complete_375,2026,LOCAL3,4,T0,192,225,outer_train_timing_prefix,0,0,d565855fa84863231c0caa3eab6e85cdf7a7a18e16e8bb2d51c5ab7f9e530996,64,192,64,4.547242759644945e-05,0.004004879453641573,0.9992596743566226
ftv_complete_375,2026,LOCAL3,4,T1,384,225,outer_train_timing_prefix,0,0,038f66ea81b05c9ba9db063d801cf3df3134abcba13f5aa6fdd2712919bc8a75,8,384,64,0.01670181801300427,0.906456203019221,0.906456203019221
ftv_complete_375,2026,LOCAL3,4,T1,384,225,outer_train_timing_prefix,0,0,038f66ea81b05c9ba9db063d801cf3df3134abcba13f5aa6fdd2712919bc8a75,16,384,64,0.0033025375132647024,0.05722089213839322,0.9636770951576143
ftv_complete_375,2026,LOCAL3,4,T1,384,225,outer_train_timing_prefix,0,0,038f66ea81b05c9ba9db063d801cf3df3134abcba13f5aa6fdd2712919bc8a75,32,384,64,0.000627479749721523,0.023815350084896734,0.987492445242511
ftv_complete_375,2026,LOCAL3,4,T1,384,225,outer_train_timing_prefix,0,0,038f66ea81b05c9ba9db063d801cf3df3134abcba13f5aa6fdd2712919bc8a75,64,384,64,0.00012648137167357317,0.009152010567138985,0.9966444558096501
ftv_complete_375,2026,LOCAL3,4,T2,576,225,outer_train_timing_prefix,0,0,52c95a5189c021d7c44ee2ffecdce513554731328eb48099a19f5216c3dbaec1,8,576,64,0.01748437486569774,0.8656683034488392,0.865668303448839
ftv_complete_375,2026,LOCAL3,4,T2,576,225,outer_train_timing_prefix,0,0,52c95a5189c021d7c44ee2ffecdce513554731328eb48099a19f5216c3dbaec1,16,576,64,0.00485247547703157,0.07822339820667533,0.9438917016555144
ftv_complete_375,2026,LOCAL3,4,T2,576,225,outer_train_timing_prefix,0,0,52c95a5189c021d7c44ee2ffecdce513554731328eb48099a19f5216c3dbaec1,32,576,64,0.0010440594673049876,0.03579513384023542,0.9796868354957498
ftv_complete_375,2026,LOCAL3,4,T2,576,225,outer_train_timing_prefix,0,0,52c95a5189c021d7c44ee2ffecdce513554731328eb48099a19f5216c3dbaec1,64,576,64,0.000199173130044891,0.014202015292836944,0.9938888507885866
ftv_complete_375,2026,LOCAL3,4,T3,768,225,outer_train_timing_prefix,0,0,e8c1490f445cd96d8e44481f69d6c4c8ab70e988d2b4b803801de0e5c9db0176,8,768,64,0.017801530985671797,0.8326439946254371,0.832643994625437
ftv_complete_375,2026,LOCAL3,4,T3,768,225,outer_train_timing_prefix,0,0,e8c1490f445cd96d8e44481f69d6c4c8ab70e988d2b4b803801de0e5c9db0176,16,768,64,0.0069450374487345585,0.09058742752734592,0.923231422152783
ftv_complete_375,2026,LOCAL3,4,T3,768,225,outer_train_timing_prefix,0,0,e8c1490f445cd96d8e44481f69d6c4c8ab70e988d2b4b803801de0e5c9db0176,32,768,64,0.0013750882389366925,0.04804335575843803,0.9712747779112212
ftv_complete_375,2026,LOCAL3,4,T3,768,225,outer_train_timing_prefix,0,0,e8c1490f445cd96d8e44481f69d6c4c8ab70e988d2b4b803801de0e5c9db0176,64,768,64,0.0002732514177812463,0.019643120173807684,0.990917898085029
full_808,3026,LOCAL0,0,T0,192,525,outer_train_timing_prefix,0,0,9f9433599cea61d86b579b341854df3068c537d702e4445f619859ca5756d616,8,192,64,0.006247521494379804,0.9620590618817502,0.9620590618817502
full_808,3026,LOCAL0,0,T0,192,525,outer_train_timing_prefix,0,0,9f9433599cea61d86b579b341854df3068c537d702e4445f619859ca5756d616,16,192,64,0.0011497800770922315,0.02405139077596216,0.9861104526577124
full_808,3026,LOCAL0,0,T0,192,525,outer_train_timing_prefix,0,0,9f9433599cea61d86b579b341854df3068c537d702e4445f619859ca5756d616,32,192,64,0.00029166820780009503,0.009135906550048489,0.9952463592077608
full_808,3026,LOCAL0,0,T0,192,525,outer_train_timing_prefix,0,0,9f9433599cea61d86b579b341854df3068c537d702e4445f619859ca5756d616,64,192,64,4.915581235676811e-05,0.0038534849406999024,0.9990998441484609
full_808,3026,LOCAL0,0,T1,384,525,outer_train_timing_prefix,0,0,7a20fb4b26a48d8b5e38fb9e27c15f6edea1375cfad5b579831a3e7daf7e38c6,8,384,64,0.010335518495329446,0.9287211116228942,0.9287211116228942
full_808,3026,LOCAL0,0,T1,384,525,outer_train_timing_prefix,0,0,7a20fb4b26a48d8b5e38fb9e27c15f6edea1375cfad5b579831a3e7daf7e38c6,16,384,64,0.0029077188692400798,0.039268153497348926,0.9679892651202431
full_808,3026,LOCAL0,0,T1,384,525,outer_train_timing_prefix,0,0,7a20fb4b26a48d8b5e38fb9e27c15f6edea1375cfad5b579831a3e7daf7e38c6,32,384,64,0.0005687263040179896,0.019246468242688008,0.9872357333629309
full_808,3026,LOCAL0,0,T1,384,525,outer_train_timing_prefix,0,0,7a20fb4b26a48d8b5e38fb9e27c15f6edea1375cfad5b579831a3e7daf7e38c6,64,384,64,0.00012453258120567601,0.008614643275413454,0.9958503766383447
full_808,3026,LOCAL0,0,T2,576,525,outer_train_timing_prefix,0,0,119102bba4b4c294b51daa9cbb6f377b48ee5cd9a4ec4a7900bfa9bbc8cf8cad,8,576,64,0.014641129265081761,0.9025638560426293,0.9025638560426293
full_808,3026,LOCAL0,0,T2,576,525,outer_train_timing_prefix,0,0,119102bba4b4c294b51daa9cbb6f377b48ee5cd9a4ec4a7900bfa9bbc8cf8cad,16,576,64,0.003579021040688523,0.04954506359738812,0.9521089196400175
full_808,3026,LOCAL0,0,T2,576,525,outer_train_timing_prefix,0,0,119102bba4b4c294b51daa9cbb6f377b48ee5cd9a4ec4a7900bfa9bbc8cf8cad,32,576,64,0.000848869663198896,0.028123237190752614,0.9802321568307701
full_808,3026,LOCAL0,0,T2,576,525,outer_train_timing_prefix,0,0,119102bba4b4c294b51daa9cbb6f377b48ee5cd9a4ec4a7900bfa9bbc8cf8cad,64,576,64,0.0001797571373302162,0.012435891303800154,0.9926680481345701
full_808,3026,LOCAL0,0,T3,768,525,outer_train_timing_prefix,0,0,46da2a10a6a013cbe22f11b0f834a8428249580dffff93e68dfacff73ee43087,8,768,64,0.02857821144987679,0.8661527812577486,0.8661527812577487
full_808,3026,LOCAL0,0,T3,768,525,outer_train_timing_prefix,0,0,46da2a10a6a013cbe22f11b0f834a8428249580dffff93e68dfacff73ee43087,16,768,64,0.004351328453224316,0.07086430456054015,0.9370170858182888
full_808,3026,LOCAL0,0,T3,768,525,outer_train_timing_prefix,0,0,46da2a10a6a013cbe22f11b0f834a8428249580dffff93e68dfacff73ee43087,32,768,64,0.0011974429851833092,0.03592237829051592,0.9729394641088048
full_808,3026,LOCAL0,0,T3,768,525,outer_train_timing_prefix,0,0,46da2a10a6a013cbe22f11b0f834a8428249580dffff93e68dfacff73ee43087,64,768,64,0.00025416267451903524,0.01645993137489845,0.9893993954837031
ftv_complete_375,3026,LOCAL0,0,T0,192,247,outer_train_timing_prefix,0,0,19a9a031a40774f3170910cf7b2c3e5aec743941a97a55eb7e7c62b7a68e3e02,8,192,64,0.006002778233533192,0.9644959136280152,0.9644959136280155
ftv_complete_375,3026,LOCAL0,0,T0,192,247,outer_train_timing_prefix,0,0,19a9a031a40774f3170910cf7b2c3e5aec743941a97a55eb7e7c62b7a68e3e02,16,192,64,0.001287883060212654,0.022514298844920875,0.9870102124729364
ftv_complete_375,3026,LOCAL0,0,T0,192,247,outer_train_timing_prefix,0,0,19a9a031a40774f3170910cf7b2c3e5aec743941a97a55eb7e7c62b7a68e3e02,32,192,64,0.0002760820821016582,0.008846398055403982,0.9958566105283403
ftv_complete_375,3026,LOCAL0,0,T0,192,247,outer_train_timing_prefix,0,0,19a9a031a40774f3170910cf7b2c3e5aec743941a97a55eb7e7c62b7a68e3e02,64,192,64,4.18695889451787e-05,0.003494204403658595,0.9993508149319987
ftv_complete_375,3026,LOCAL0,0,T1,384,247,outer_train_timing_prefix,0,0,ee5bfc9ccfa5433a942fefc3d13bc33b9170457b4da4883cda30c262580acc5a,8,384,64,0.010003646273388534,0.9350583892900359,0.935058389290036
ftv_complete_375,3026,LOCAL0,0,T1,384,247,outer_train_timing_prefix,0,0,ee5bfc9ccfa5433a942fefc3d13bc33b9170457b4da4883cda30c262580acc5a,16,384,64,0.002497967200728184,0.03695818635721899,0.972016575647255
ftv_complete_375,3026,LOCAL0,0,T1,384,247,outer_train_timing_prefix,0,0,ee5bfc9ccfa5433a942fefc3d13bc33b9170457b4da4883cda30c262580acc5a,32,384,64,0.000526104345980977,0.017425041023763264,0.9894416166710183
ftv_complete_375,3026,LOCAL0,0,T1,384,247,outer_train_timing_prefix,0,0,ee5bfc9ccfa5433a942fefc3d13bc33b9170457b4da4883cda30c262580acc5a,64,384,64,0.00010976147785757185,0.007606877757288062,0.9970484944283062
ftv_complete_375,3026,LOCAL0,0,T2,576,247,outer_train_timing_prefix,0,0,67ffd58274b3ba49e81fc465e452c24f5ac4b8d3d76e385a7e89e1d153627448,8,576,64,0.014110564084039991,0.9104309185882137,0.9104309185882137
ftv_complete_375,3026,LOCAL0,0,T2,576,247,outer_train_timing_prefix,0,0,67ffd58274b3ba49e81fc465e452c24f5ac4b8d3d76e385a7e89e1d153627448,16,576,64,0.003166914931840312,0.04730092824729078,0.9577318468355045
ftv_complete_375,3026,LOCAL0,0,T2,576,247,outer_train_timing_prefix,0,0,67ffd58274b3ba49e81fc465e452c24f5ac4b8d3d76e385a7e89e1d153627448,32,576,64,0.0007335753296970547,0.025727388447725028,0.9834592352832295
ftv_complete_375,3026,LOCAL0,0,T2,576,247,outer_train_timing_prefix,0,0,67ffd58274b3ba49e81fc465e452c24f5ac4b8d3d76e385a7e89e1d153627448,64,576,64,0.00016548634530717018,0.011202869299279633,0.9946621045825096
ftv_complete_375,3026,LOCAL0,0,T3,768,247,outer_train_timing_prefix,0,0,6dc186db83455bf4eb6d144f5e720f6959c9949868b5f6c30be6ce4501f223ad,8,768,64,0.0254510605964317,0.8752770736249229,0.8752770736249229
ftv_complete_375,3026,LOCAL0,0,T3,768,247,outer_train_timing_prefix,0,0,6dc186db83455bf4eb6d144f5e720f6959c9949868b5f6c30be6ce4501f223ad,16,768,64,0.004180451129159212,0.06772387939499169,0.9430009530199147
ftv_complete_375,3026,LOCAL0,0,T3,768,247,outer_train_timing_prefix,0,0,6dc186db83455bf4eb6d144f5e720f6959c9949868b5f6c30be6ce4501f223ad,32,768,64,0.0010353253733790034,0.03361038409019683,0.9766113371101115
ftv_complete_375,3026,LOCAL0,0,T3,768,247,outer_train_timing_prefix,0,0,6dc186db83455bf4eb6d144f5e720f6959c9949868b5f6c30be6ce4501f223ad,64,768,64,0.00022231772345108702,0.01555332757067538,0.992164664680787
full_808,3026,LOCAL0,1,T0,192,525,outer_train_timing_prefix,0,0,feceb7387f5b55c299105da9eb07a70ddc891f580aca820ca23c2889028bded3,8,192,64,0.0058782390037556646,0.9575629379967245,0.9575629379967244
full_808,3026,LOCAL0,1,T0,192,525,outer_train_timing_prefix,0,0,feceb7387f5b55c299105da9eb07a70ddc891f580aca820ca23c2889028bded3,16,192,64,0.0018389280105937445,0.025867289883597433,0.9834302278803219
full_808,3026,LOCAL0,1,T0,192,525,outer_train_timing_prefix,0,0,feceb7387f5b55c299105da9eb07a70ddc891f580aca820ca23c2889028bded3,32,192,64,0.0003047456519626107,0.01120005997085096,0.994630287851173
full_808,3026,LOCAL0,1,T0,192,525,outer_train_timing_prefix,0,0,feceb7387f5b55c299105da9eb07a70ddc891f580aca820ca23c2889028bded3,64,192,64,5.410816576192126e-05,0.004341122025655779,0.9989714098768286
full_808,3026,LOCAL0,1,T1,384,525,outer_train_timing_prefix,0,0,a2f8a50bcd590274fd5dd4517284c969a7f05da0be7708ab9dad26eb04c15706,8,384,64,0.01026721302922444,0.9214285891554471,0.9214285891554471
full_808,3026,LOCAL0,1,T1,384,525,outer_train_timing_prefix,0,0,a2f8a50bcd590274fd5dd4517284c969a7f05da0be7708ab9dad26eb04c15706,16,384,64,0.002612902315234323,0.04159886988409607,0.9630274590395432
full_808,3026,LOCAL0,1,T1,384,525,outer_train_timing_prefix,0,0,a2f8a50bcd590274fd5dd4517284c969a7f05da0be7708ab9dad26eb04c15706,32,384,64,0.0007092364648481244,0.022397599758090126,0.9854250587976332
full_808,3026,LOCAL0,1,T1,384,525,outer_train_timing_prefix,0,0,a2f8a50bcd590274fd5dd4517284c969a7f05da0be7708ab9dad26eb04c15706,64,384,64,0.00014223515988216303,0.009902913804635607,0.9953279726022687
full_808,3026,LOCAL0,1,T2,576,525,outer_train_timing_prefix,0,0,fd8aa03a4ad5e00e352e1ea1855c459de0513b1273b9374dc756770c7fff4c3a,8,576,64,0.01793187249733698,0.8863359114900003,0.8863359114900003
full_808,3026,LOCAL0,1,T2,576,525,outer_train_timing_prefix,0,0,fd8aa03a4ad5e00e352e1ea1855c459de0513b1273b9374dc756770c7fff4c3a,16,576,64,0.004085343751950613,0.060209422730849796,0.9465453342208502
full_808,3026,LOCAL0,1,T2,576,525,outer_train_timing_prefix,0,0,fd8aa03a4ad5e00e352e1ea1855c459de0513b1273b9374dc756770c7fff4c3a,32,576,64,0.000992409797028641,0.029912108652996892,0.9764574428738472
full_808,3026,LOCAL0,1,T2,576,525,outer_train_timing_prefix,0,0,fd8aa03a4ad5e00e352e1ea1855c459de0513b1273b9374dc756770c7fff4c3a,64,576,64,0.00022764894399099927,0.015079040779392826,0.9915364836532397
full_808,3026,LOCAL0,1,T3,768,525,outer_train_timing_prefix,0,0,d33974f3f7450536366b511aa77f711d0203a93b14cf7e79396fb7967b01f2e8,8,768,64,0.023414949973387913,0.8477279354857559,0.8477279354857558
full_808,3026,LOCAL0,1,T3,768,525,outer_train_timing_prefix,0,0,d33974f3f7450536366b511aa77f711d0203a93b14cf7e79396fb7967b01f2e8,16,768,64,0.00539808375810619,0.08234841715558008,0.9300763526413359
full_808,3026,LOCAL0,1,T3,768,525,outer_train_timing_prefix,0,0,d33974f3f7450536366b511aa77f711d0203a93b14cf7e79396fb7967b01f2e8,32,768,64,0.0011907177342997666,0.038682113267638846,0.9687584659089745
full_808,3026,LOCAL0,1,T3,768,525,outer_train_timing_prefix,0,0,d33974f3f7450536366b511aa77f711d0203a93b14cf7e79396fb7967b01f2e8,64,768,64,0.0002794686119248906,0.019075484650035585,0.9878339505590102
ftv_complete_375,3026,LOCAL0,1,T0,192,239,outer_train_timing_prefix,0,0,13d9716fdaa2fea79aca0069bae6e8e5ccefa701b1a9be9b23d7a3a0efee0fa1,8,192,64,0.0065558390136316435,0.9595234619512636,0.9595234619512636
ftv_complete_375,3026,LOCAL0,1,T0,192,239,outer_train_timing_prefix,0,0,13d9716fdaa2fea79aca0069bae6e8e5ccefa701b1a9be9b23d7a3a0efee0fa1,16,192,64,0.0016486637253365361,0.024954876040740162,0.9844783379920038
ftv_complete_375,3026,LOCAL0,1,T0,192,239,outer_train_timing_prefix,0,0,13d9716fdaa2fea79aca0069bae6e8e5ccefa701b1a9be9b23d7a3a0efee0fa1,32,192,64,0.0002845522467666522,0.010828169337335278,0.995306507329339
ftv_complete_375,3026,LOCAL0,1,T0,192,239,outer_train_timing_prefix,0,0,13d9716fdaa2fea79aca0069bae6e8e5ccefa701b1a9be9b23d7a3a0efee0fa1,64,192,64,4.6399443147462696e-05,0.003941396805200258,0.9992479041345395
ftv_complete_375,3026,LOCAL0,1,T1,384,239,outer_train_timing_prefix,0,0,84c697d0cb41bcf2515d43a225171e96d5348f8a73803a1eb2078f25154ceab9,8,384,64,0.010690417608435547,0.9249388675011164,0.9249388675011165
ftv_complete_375,3026,LOCAL0,1,T1,384,239,outer_train_timing_prefix,0,0,84c697d0cb41bcf2515d43a225171e96d5348f8a73803a1eb2078f25154ceab9,16,384,64,0.002782874176906571,0.04110293054286815,0.9660417980439848
ftv_complete_375,3026,LOCAL0,1,T1,384,239,outer_train_timing_prefix,0,0,84c697d0cb41bcf2515d43a225171e96d5348f8a73803a1eb2078f25154ceab9,32,384,64,0.0006843962095596624,0.02134851278790875,0.9873903108318935
ftv_complete_375,3026,LOCAL0,1,T1,384,239,outer_train_timing_prefix,0,0,84c697d0cb41bcf2515d43a225171e96d5348f8a73803a1eb2078f25154ceab9,64,384,64,0.00012901249066403964,0.009140791082696727,0.9965311019145904
ftv_complete_375,3026,LOCAL0,1,T2,576,239,outer_train_timing_prefix,0,0,a8c01069aad1fe78f5a8375797a7a883795e86f2bb1df279a1013488b07b4555,8,576,64,0.017426114795574998,0.8912231513670688,0.8912231513670686
ftv_complete_375,3026,LOCAL0,1,T2,576,239,outer_train_timing_prefix,0,0,a8c01069aad1fe78f5a8375797a7a883795e86f2bb1df279a1013488b07b4555,16,576,64,0.0039559172589571385,0.05972828782384604,0.9509514391909145
ftv_complete_375,3026,LOCAL0,1,T2,576,239,outer_train_timing_prefix,0,0,a8c01069aad1fe78f5a8375797a7a883795e86f2bb1df279a1013488b07b4555,32,576,64,0.0009448848633868307,0.02922160718073353,0.9801730463716483
ftv_complete_375,3026,LOCAL0,1,T2,576,239,outer_train_timing_prefix,0,0,a8c01069aad1fe78f5a8375797a7a883795e86f2bb1df279a1013488b07b4555,64,576,64,0.00019472794240596366,0.013545589594189542,0.993718635965838
ftv_complete_375,3026,LOCAL0,1,T3,768,239,outer_train_timing_prefix,0,0,8f4dca4d8569afd8b377e1c10c42cecf166ba067b92b21295c298912221727ff,8,768,64,0.02509259873282331,0.8527426146604709,0.8527426146604707
ftv_complete_375,3026,LOCAL0,1,T3,768,239,outer_train_timing_prefix,0,0,8f4dca4d8569afd8b377e1c10c42cecf166ba067b92b21295c298912221727ff,16,768,64,0.005608845372673482,0.08246140674603102,0.9352040214065017
ftv_complete_375,3026,LOCAL0,1,T3,768,239,outer_train_timing_prefix,0,0,8f4dca4d8569afd8b377e1c10c42cecf166ba067b92b21295c298912221727ff,32,768,64,0.0011291556412881389,0.03779494561446303,0.9729989670209646
ftv_complete_375,3026,LOCAL0,1,T3,768,239,outer_train_timing_prefix,0,0,8f4dca4d8569afd8b377e1c10c42cecf166ba067b92b21295c298912221727ff,64,768,64,0.0002653750236564964,0.017956151140562822,0.9909551181615275
full_808,3026,LOCAL0,2,T0,192,525,outer_train_timing_prefix,0,0,a47323deffb18534dd26ac5476476ba7451aeaf60bff2aa1151667a7f186a7e8,8,192,64,0.0054928793555472045,0.963904428523972,0.9639044285239717
full_808,3026,LOCAL0,2,T0,192,525,outer_train_timing_prefix,0,0,a47323deffb18534dd26ac5476476ba7451aeaf60bff2aa1151667a7f186a7e8,16,192,64,0.0015490022635809243,0.022505542708127275,0.986409971232099
full_808,3026,LOCAL0,2,T0,192,525,outer_train_timing_prefix,0,0,a47323deffb18534dd26ac5476476ba7451aeaf60bff2aa1151667a7f186a7e8,32,192,64,0.0002763348966215466,0.0092812501149177,0.9956912213470167
full_808,3026,LOCAL0,2,T0,192,525,outer_train_timing_prefix,0,0,a47323deffb18534dd26ac5476476ba7451aeaf60bff2aa1151667a7f186a7e8,64,192,64,4.245292988675083e-05,0.003527308055738976,0.9992185294027558
full_808,3026,LOCAL0,2,T1,384,525,outer_train_timing_prefix,0,0,bb42194614b82f3c83ecc4ab4745980058b00e02e9f3c699cd5a544b0035a60e,8,384,64,0.011409103446674566,0.9288952088504477,0.9288952088504477
full_808,3026,LOCAL0,2,T1,384,525,outer_train_timing_prefix,0,0,bb42194614b82f3c83ecc4ab4745980058b00e02e9f3c699cd5a544b0035a60e,16,384,64,0.0026784244819929815,0.038713047956828686,0.9676082568072764
full_808,3026,LOCAL0,2,T1,384,525,outer_train_timing_prefix,0,0,bb42194614b82f3c83ecc4ab4745980058b00e02e9f3c699cd5a544b0035a60e,32,384,64,0.0005706733324494543,0.020043086431798446,0.9876513432390747
full_808,3026,LOCAL0,2,T1,384,525,outer_train_timing_prefix,0,0,bb42194614b82f3c83ecc4ab4745980058b00e02e9f3c699cd5a544b0035a60e,64,384,64,0.00011558120128693339,0.00859567585993677,0.9962470190990113
full_808,3026,LOCAL0,2,T2,576,525,outer_train_timing_prefix,0,0,bd4cfeca44e30cb44a7ac3cb2a83a9ae674ac3f5043476d8c782254181506ac4,8,576,64,0.020229345661652774,0.8929322634193025,0.8929322634193025
full_808,3026,LOCAL0,2,T2,576,525,outer_train_timing_prefix,0,0,bd4cfeca44e30cb44a7ac3cb2a83a9ae674ac3f5043476d8c782254181506ac4,16,576,64,0.004055125616037661,0.057891722237208516,0.9508239856565112
full_808,3026,LOCAL0,2,T2,576,525,outer_train_timing_prefix,0,0,bd4cfeca44e30cb44a7ac3cb2a83a9ae674ac3f5043476d8c782254181506ac4,32,576,64,0.0008142313321859231,0.02899407598732646,0.9798180616438377
full_808,3026,LOCAL0,2,T2,576,525,outer_train_timing_prefix,0,0,bd4cfeca44e30cb44a7ac3cb2a83a9ae674ac3f5043476d8c782254181506ac4,64,576,64,0.00018607762597964959,0.013121955656714052,0.9929400173005518
full_808,3026,LOCAL0,2,T3,768,525,outer_train_timing_prefix,0,0,4fc1e46752038c506f0d4f53b3a461d1de89bc745f0fa8bb9d178b7db64795ac,8,768,64,0.022359679664458582,0.8509014535406167,0.8509014535406167
full_808,3026,LOCAL0,2,T3,768,525,outer_train_timing_prefix,0,0,4fc1e46752038c506f0d4f53b3a461d1de89bc745f0fa8bb9d178b7db64795ac,16,768,64,0.004520744209273542,0.08279293200472237,0.9336943855453391
full_808,3026,LOCAL0,2,T3,768,525,outer_train_timing_prefix,0,0,4fc1e46752038c506f0d4f53b3a461d1de89bc745f0fa8bb9d178b7db64795ac,32,768,64,0.0012533405696926918,0.038196844613781776,0.9718912301591209
full_808,3026,LOCAL0,2,T3,768,525,outer_train_timing_prefix,0,0,4fc1e46752038c506f0d4f53b3a461d1de89bc745f0fa8bb9d178b7db64795ac,64,768,64,0.0002687953120239754,0.017570731372006917,0.9894619615311279
ftv_complete_375,3026,LOCAL0,2,T0,192,240,outer_train_timing_prefix,0,0,9515bfb645fc6ebe5b4f14076531f4cc762526a8a20639ea56a229dc2410fe1d,8,192,64,0.00557667186561731,0.9648095652757444,0.9648095652757441
ftv_complete_375,3026,LOCAL0,2,T0,192,240,outer_train_timing_prefix,0,0,9515bfb645fc6ebe5b4f14076531f4cc762526a8a20639ea56a229dc2410fe1d,16,192,64,0.0013967912344922118,0.022564209214302838,0.9873737744900469
ftv_complete_375,3026,LOCAL0,2,T0,192,240,outer_train_timing_prefix,0,0,9515bfb645fc6ebe5b4f14076531f4cc762526a8a20639ea56a229dc2410fe1d,32,192,64,0.0002538993795740571,0.008924796979669072,0.9962985714697159
ftv_complete_375,3026,LOCAL0,2,T0,192,240,outer_train_timing_prefix,0,0,9515bfb645fc6ebe5b4f14076531f4cc762526a8a20639ea56a229dc2410fe1d,64,192,64,3.441235907798137e-05,0.003137324225294202,0.9994358956950102
ftv_complete_375,3026,LOCAL0,2,T1,384,240,outer_train_timing_prefix,0,0,eaab8244dbfa95b1b4855bad447be28cb428d21cc16bd2f5c4c3863ff34ff7e4,8,384,64,0.01144066666861526,0.9317193322787249,0.9317193322787248
ftv_complete_375,3026,LOCAL0,2,T1,384,240,outer_train_timing_prefix,0,0,eaab8244dbfa95b1b4855bad447be28cb428d21cc16bd2f5c4c3863ff34ff7e4,16,384,64,0.0025796364937409797,0.03919455092317508,0.9709138832018999
ftv_complete_375,3026,LOCAL0,2,T1,384,240,outer_train_timing_prefix,0,0,eaab8244dbfa95b1b4855bad447be28cb428d21cc16bd2f5c4c3863ff34ff7e4,32,384,64,0.000560807853941264,0.01852715305937801,0.9894410362612779
ftv_complete_375,3026,LOCAL0,2,T1,384,240,outer_train_timing_prefix,0,0,eaab8244dbfa95b1b4855bad447be28cb428d21cc16bd2f5c4c3863ff34ff7e4,64,384,64,0.00010340602948281462,0.00789465453796185,0.99733569079924
ftv_complete_375,3026,LOCAL0,2,T2,576,240,outer_train_timing_prefix,0,0,f42cd37cfaaeb3b3f92522831b333810823cbb2891bb503bcdf1d4031f474f36,8,576,64,0.020760404626037884,0.8976286192420055,0.8976286192420055
ftv_complete_375,3026,LOCAL0,2,T2,576,240,outer_train_timing_prefix,0,0,f42cd37cfaaeb3b3f92522831b333810823cbb2891bb503bcdf1d4031f474f36,16,576,64,0.0035612534570807894,0.058841779915652766,0.9564703991576584
ftv_complete_375,3026,LOCAL0,2,T2,576,240,outer_train_timing_prefix,0,0,f42cd37cfaaeb3b3f92522831b333810823cbb2891bb503bcdf1d4031f474f36,32,576,64,0.0007689251681351682,0.026730907400900034,0.9832013065585584
ftv_complete_375,3026,LOCAL0,2,T2,576,240,outer_train_timing_prefix,0,0,f42cd37cfaaeb3b3f92522831b333810823cbb2891bb503bcdf1d4031f474f36,64,576,64,0.00016372588363295135,0.011773647330186543,0.9949749538887447
ftv_complete_375,3026,LOCAL0,2,T3,768,240,outer_train_timing_prefix,0,0,5a5a2ede49f19f6b48f64a9c1072336abdc28ad72adeb858c8bd15a87299ac53,8,768,64,0.022227443874613496,0.8575889883221868,0.8575889883221868
ftv_complete_375,3026,LOCAL0,2,T3,768,240,outer_train_timing_prefix,0,0,5a5a2ede49f19f6b48f64a9c1072336abdc28ad72adeb858c8bd15a87299ac53,16,768,64,0.004833487053323634,0.08314415762822437,0.9407331459504111
ftv_complete_375,3026,LOCAL0,2,T3,768,240,outer_train_timing_prefix,0,0,5a5a2ede49f19f6b48f64a9c1072336abdc28ad72adeb858c8bd15a87299ac53,32,768,64,0.0011052680168706234,0.035942569113889336,0.9766757150643005
ftv_complete_375,3026,LOCAL0,2,T3,768,240,outer_train_timing_prefix,0,0,5a5a2ede49f19f6b48f64a9c1072336abdc28ad72adeb858c8bd15a87299ac53,64,768,64,0.00021924251352191864,0.01581881895080757,0.9924945340151078
full_808,3026,LOCAL0,3,T0,192,526,outer_train_timing_prefix,0,0,e1a6502e6c5d41688add81008f1d9a3f49624593ce8bd6a6f16de323afa27f4c,8,192,64,0.005719538739440478,0.9681844549031554,0.9681844549031555
full_808,3026,LOCAL0,3,T0,192,526,outer_train_timing_prefix,0,0,e1a6502e6c5d41688add81008f1d9a3f49624593ce8bd6a6f16de323afa27f4c,16,192,64,0.0013115074874492467,0.01987714382210721,0.9880615987252626
full_808,3026,LOCAL0,3,T0,192,526,outer_train_timing_prefix,0,0,e1a6502e6c5d41688add81008f1d9a3f49624593ce8bd6a6f16de323afa27f4c,32,192,64,0.0002304702617293064,0.008152992857638043,0.9962145915829005
full_808,3026,LOCAL0,3,T0,192,526,outer_train_timing_prefix,0,0,e1a6502e6c5d41688add81008f1d9a3f49624593ce8bd6a6f16de323afa27f4c,64,192,64,3.963572614785103e-05,0.003080017868096966,0.9992946094509975
full_808,3026,LOCAL0,3,T1,384,526,outer_train_timing_prefix,0,0,6bada30db4e1d50d2f51b48a75609331d56e709788b653602f6323663b0ce880,8,384,64,0.011850538106123392,0.9320399425987798,0.9320399425987796
full_808,3026,LOCAL0,3,T1,384,526,outer_train_timing_prefix,0,0,6bada30db4e1d50d2f51b48a75609331d56e709788b653602f6323663b0ce880,16,384,64,0.002581813115858817,0.03912981224184933,0.9711697548406288
full_808,3026,LOCAL0,3,T1,384,526,outer_train_timing_prefix,0,0,6bada30db4e1d50d2f51b48a75609331d56e709788b653602f6323663b0ce880,32,384,64,0.000532887106744125,0.017946729304497554,0.9891164841451264
full_808,3026,LOCAL0,3,T1,384,526,outer_train_timing_prefix,0,0,6bada30db4e1d50d2f51b48a75609331d56e709788b653602f6323663b0ce880,64,384,64,0.00010162079612206353,0.007459623625087504,0.9965761077702141
full_808,3026,LOCAL0,3,T2,576,526,outer_train_timing_prefix,0,0,9905eca3b36ee45b27ce618a290f22a90f971fb700e9a19e6c63ae5f4090f5b0,8,576,64,0.01989575794842593,0.8999285628447643,0.8999285628447643
full_808,3026,LOCAL0,3,T2,576,526,outer_train_timing_prefix,0,0,9905eca3b36ee45b27ce618a290f22a90f971fb700e9a19e6c63ae5f4090f5b0,16,576,64,0.0039021786642277853,0.0558594330700473,0.9557879959148118
full_808,3026,LOCAL0,3,T2,576,526,outer_train_timing_prefix,0,0,9905eca3b36ee45b27ce618a290f22a90f971fb700e9a19e6c63ae5f4090f5b0,32,576,64,0.0008131177381703157,0.025908011289751707,0.9816960072045635
full_808,3026,LOCAL0,3,T2,576,526,outer_train_timing_prefix,0,0,9905eca3b36ee45b27ce618a290f22a90f971fb700e9a19e6c63ae5f4090f5b0,64,576,64,0.00017232180834562114,0.012039332747150192,0.9937353399517137
full_808,3026,LOCAL0,3,T3,768,526,outer_train_timing_prefix,0,0,fea3ced792562bbb049815e0cce12c46a598688c493a902ecac5ebcccab30eb2,8,768,64,0.022402568623222072,0.8587079097749584,0.8587079097749585
full_808,3026,LOCAL0,3,T3,768,526,outer_train_timing_prefix,0,0,fea3ced792562bbb049815e0cce12c46a598688c493a902ecac5ebcccab30eb2,16,768,64,0.00524786774139095,0.07876569534872727,0.9374736051236858
full_808,3026,LOCAL0,3,T3,768,526,outer_train_timing_prefix,0,0,fea3ced792562bbb049815e0cce12c46a598688c493a902ecac5ebcccab30eb2,32,768,64,0.0010069581711879185,0.03730027053331128,0.974773875656997
full_808,3026,LOCAL0,3,T3,768,526,outer_train_timing_prefix,0,0,fea3ced792562bbb049815e0cce12c46a598688c493a902ecac5ebcccab30eb2,64,768,64,0.00023660200087363616,0.01576843333508653,0.9905423089920837
ftv_complete_375,3026,LOCAL0,3,T0,192,242,outer_train_timing_prefix,0,0,74528eebfb614f83568d1bfaf451f772ff06f85d52dc2455901493525bb2b0c1,8,192,64,0.005407419660070586,0.9700058613215258,0.9700058613215258
ftv_complete_375,3026,LOCAL0,3,T0,192,242,outer_train_timing_prefix,0,0,74528eebfb614f83568d1bfaf451f772ff06f85d52dc2455901493525bb2b0c1,16,192,64,0.0011769135112786704,0.018661181023355643,0.9886670423448815
ftv_complete_375,3026,LOCAL0,3,T0,192,242,outer_train_timing_prefix,0,0,74528eebfb614f83568d1bfaf451f772ff06f85d52dc2455901493525bb2b0c1,32,192,64,0.00021265623041672358,0.00804994006588507,0.9967169824107667
ftv_complete_375,3026,LOCAL0,3,T0,192,242,outer_train_timing_prefix,0,0,74528eebfb614f83568d1bfaf451f772ff06f85d52dc2455901493525bb2b0c1,64,192,64,3.198895769204674e-05,0.0027906203596946713,0.9995076027704614
ftv_complete_375,3026,LOCAL0,3,T1,384,242,outer_train_timing_prefix,0,0,22c38d02086efc7c3bd1d61b4ff5e58010782778a800f87ad577516173bdda43,8,384,64,0.01038462513510939,0.9352081213501815,0.9352081213501815
ftv_complete_375,3026,LOCAL0,3,T1,384,242,outer_train_timing_prefix,0,0,22c38d02086efc7c3bd1d61b4ff5e58010782778a800f87ad577516173bdda43,16,384,64,0.0027411038679869756,0.038682292529719525,0.9738904138799009
ftv_complete_375,3026,LOCAL0,3,T1,384,242,outer_train_timing_prefix,0,0,22c38d02086efc7c3bd1d61b4ff5e58010782778a800f87ad577516173bdda43,32,384,64,0.000542645480768132,0.01685776089572917,0.9907481747756299
ftv_complete_375,3026,LOCAL0,3,T1,384,242,outer_train_timing_prefix,0,0,22c38d02086efc7c3bd1d61b4ff5e58010782778a800f87ad577516173bdda43,64,384,64,9.196344097534958e-05,0.006821547350237085,0.997569722125867
ftv_complete_375,3026,LOCAL0,3,T2,576,242,outer_train_timing_prefix,0,0,0a6f6ef7feefeb7a9c17b9cd7f668a6389fe1465b15efcec7d55e1fadf0ab03c,8,576,64,0.021923561964240574,0.9058301396272889,0.9058301396272889
ftv_complete_375,3026,LOCAL0,3,T2,576,242,outer_train_timing_prefix,0,0,0a6f6ef7feefeb7a9c17b9cd7f668a6389fe1465b15efcec7d55e1fadf0ab03c,16,576,64,0.003706156301363882,0.05383190854783297,0.9596620481751218
ftv_complete_375,3026,LOCAL0,3,T2,576,242,outer_train_timing_prefix,0,0,0a6f6ef7feefeb7a9c17b9cd7f668a6389fe1465b15efcec7d55e1fadf0ab03c,32,576,64,0.000726993850772383,0.02514779992758167,0.9848098481027036
ftv_complete_375,3026,LOCAL0,3,T2,576,242,outer_train_timing_prefix,0,0,0a6f6ef7feefeb7a9c17b9cd7f668a6389fe1465b15efcec7d55e1fadf0ab03c,64,576,64,0.0001437390696333157,0.010591562804966956,0.9954014109076708
ftv_complete_375,3026,LOCAL0,3,T3,768,242,outer_train_timing_prefix,0,0,89d07c329dea8e4f780aaf7c75faf16eddd39a40fda6ae7e7de40ce8761054c0,8,768,64,0.024777384588729336,0.8645979652238114,0.8645979652238114
ftv_complete_375,3026,LOCAL0,3,T3,768,242,outer_train_timing_prefix,0,0,89d07c329dea8e4f780aaf7c75faf16eddd39a40fda6ae7e7de40ce8761054c0,16,768,64,0.004534076430565138,0.07886480718842973,0.9434627724122412
ftv_complete_375,3026,LOCAL0,3,T3,768,242,outer_train_timing_prefix,0,0,89d07c329dea8e4f780aaf7c75faf16eddd39a40fda6ae7e7de40ce8761054c0,32,768,64,0.0009308674490567507,0.035206960658196555,0.978669733070438
ftv_complete_375,3026,LOCAL0,3,T3,768,242,outer_train_timing_prefix,0,0,89d07c329dea8e4f780aaf7c75faf16eddd39a40fda6ae7e7de40ce8761054c0,64,768,64,0.00021172551492720465,0.014242523254642484,0.9929122563250804
full_808,3026,LOCAL0,4,T0,192,526,outer_train_timing_prefix,0,0,27bb01ba8b961788aa0335c80025995235a009da29d18be2ebec86b013a97560,8,192,64,0.006036056286380037,0.9688363450879673,0.9688363450879673
full_808,3026,LOCAL0,4,T0,192,526,outer_train_timing_prefix,0,0,27bb01ba8b961788aa0335c80025995235a009da29d18be2ebec86b013a97560,16,192,64,0.0013564804076579863,0.01787649030920578,0.9867128353971732
full_808,3026,LOCAL0,4,T0,192,526,outer_train_timing_prefix,0,0,27bb01ba8b961788aa0335c80025995235a009da29d18be2ebec86b013a97560,32,192,64,0.00026492997917151065,0.00890500911579069,0.995617844512964
full_808,3026,LOCAL0,4,T0,192,526,outer_train_timing_prefix,0,0,27bb01ba8b961788aa0335c80025995235a009da29d18be2ebec86b013a97560,64,192,64,4.320122307521905e-05,0.00354150060615742,0.9991593451191213
full_808,3026,LOCAL0,4,T1,384,526,outer_train_timing_prefix,0,0,d4e0bfb9ce5354c0a60d1609d10729c20fea2f57e188d3fa166387e7076e316a,8,384,64,0.012602114758303478,0.9243611241336179,0.924361124133618
full_808,3026,LOCAL0,4,T1,384,526,outer_train_timing_prefix,0,0,d4e0bfb9ce5354c0a60d1609d10729c20fea2f57e188d3fa166387e7076e316a,16,384,64,0.0025196335977339113,0.04410016079184995,0.9684612849254679
full_808,3026,LOCAL0,4,T1,384,526,outer_train_timing_prefix,0,0,d4e0bfb9ce5354c0a60d1609d10729c20fea2f57e188d3fa166387e7076e316a,32,384,64,0.000555586085247777,0.019133804053772296,0.9875950889792402
full_808,3026,LOCAL0,4,T1,384,526,outer_train_timing_prefix,0,0,d4e0bfb9ce5354c0a60d1609d10729c20fea2f57e188d3fa166387e7076e316a,64,384,64,0.0001271912298018487,0.008337414357679502,0.9959325033369197
full_808,3026,LOCAL0,4,T2,576,526,outer_train_timing_prefix,0,0,045c30792463f7caaa8c4aa64d4055a11656083c12b1cc130bfb6a5542e60264,8,576,64,0.020633862878443147,0.8850752224290235,0.8850752224290235
full_808,3026,LOCAL0,4,T2,576,526,outer_train_timing_prefix,0,0,045c30792463f7caaa8c4aa64d4055a11656083c12b1cc130bfb6a5542e60264,16,576,64,0.004106702794181245,0.06527297359725831,0.9503481960262817
full_808,3026,LOCAL0,4,T2,576,526,outer_train_timing_prefix,0,0,045c30792463f7caaa8c4aa64d4055a11656083c12b1cc130bfb6a5542e60264,32,576,64,0.0008983064286424735,0.029801675662815164,0.9801498716890968
full_808,3026,LOCAL0,4,T2,576,526,outer_train_timing_prefix,0,0,045c30792463f7caaa8c4aa64d4055a11656083c12b1cc130bfb6a5542e60264,64,576,64,0.00018710267579586702,0.012491384053124627,0.9926412557422215
full_808,3026,LOCAL0,4,T3,768,526,outer_train_timing_prefix,0,0,d0055e6d0fced85d4d5ccbf2bb6594d689be163c458c9f631c5016a40bb5ce35,8,768,64,0.025968759061384867,0.8409227918900253,0.8409227918900253
full_808,3026,LOCAL0,4,T3,768,526,outer_train_timing_prefix,0,0,d0055e6d0fced85d4d5ccbf2bb6594d689be163c458c9f631c5016a40bb5ce35,16,768,64,0.004790314478814569,0.09158940256936697,0.9325121944593923
full_808,3026,LOCAL0,4,T3,768,526,outer_train_timing_prefix,0,0,d0055e6d0fced85d4d5ccbf2bb6594d689be163c458c9f631c5016a40bb5ce35,32,768,64,0.0012469466760594613,0.039223091498821895,0.9717352859582141
full_808,3026,LOCAL0,4,T3,768,526,outer_train_timing_prefix,0,0,d0055e6d0fced85d4d5ccbf2bb6594d689be163c458c9f631c5016a40bb5ce35,64,768,64,0.0002615246662465992,0.017537262944535732,0.98927254890275
ftv_complete_375,3026,LOCAL0,4,T0,192,225,outer_train_timing_prefix,0,0,678b7fed57c8f238db9e6e62187c0f0f7107fbf79b15b8e2f2f5b1ba7c15e63e,8,192,64,0.005541925194907229,0.9712197714432624,0.9712197714432624
ftv_complete_375,3026,LOCAL0,4,T0,192,225,outer_train_timing_prefix,0,0,678b7fed57c8f238db9e6e62187c0f0f7107fbf79b15b8e2f2f5b1ba7c15e63e,16,192,64,0.0011743641268174313,0.017199120156356454,0.9884188915996189
ftv_complete_375,3026,LOCAL0,4,T0,192,225,outer_train_timing_prefix,0,0,678b7fed57c8f238db9e6e62187c0f0f7107fbf79b15b8e2f2f5b1ba7c15e63e,32,192,64,0.0002029293991759848,0.008200968332409903,0.996619859932029
ftv_complete_375,3026,LOCAL0,4,T0,192,225,outer_train_timing_prefix,0,0,678b7fed57c8f238db9e6e62187c0f0f7107fbf79b15b8e2f2f5b1ba7c15e63e,64,192,64,3.253702426867537e-05,0.002842072435728228,0.9994619323677569
ftv_complete_375,3026,LOCAL0,4,T1,384,225,outer_train_timing_prefix,0,0,4f9e9ac168284bac264467ef9371d6315da46b326ee80455afa44f37ee0bc467,8,384,64,0.012924673399911941,0.9321328071609039,0.932132807160904
ftv_complete_375,3026,LOCAL0,4,T1,384,225,outer_train_timing_prefix,0,0,4f9e9ac168284bac264467ef9371d6315da46b326ee80455afa44f37ee0bc467,16,384,64,0.00258315676863527,0.04055274529681745,0.9726855524577213
ftv_complete_375,3026,LOCAL0,4,T1,384,225,outer_train_timing_prefix,0,0,4f9e9ac168284bac264467ef9371d6315da46b326ee80455afa44f37ee0bc467,32,384,64,0.0004680864033735408,0.017531559634044236,0.9902171120917656
ftv_complete_375,3026,LOCAL0,4,T1,384,225,outer_train_timing_prefix,0,0,4f9e9ac168284bac264467ef9371d6315da46b326ee80455afa44f37ee0bc467,64,384,64,9.833188534155158e-05,0.007172495381539778,0.9973896074733053
ftv_complete_375,3026,LOCAL0,4,T2,576,225,outer_train_timing_prefix,0,0,6eae3e88d146a895ecb792b78e04d0deb6f665bc6cd93809ddf5e93627d3eb1f,8,576,64,0.01831842008781986,0.8946652513311258,0.8946652513311258
ftv_complete_375,3026,LOCAL0,4,T2,576,225,outer_train_timing_prefix,0,0,6eae3e88d146a895ecb792b78e04d0deb6f665bc6cd93809ddf5e93627d3eb1f,16,576,64,0.003841186949075685,0.06202333568598755,0.9566885870171132
ftv_complete_375,3026,LOCAL0,4,T2,576,225,outer_train_timing_prefix,0,0,6eae3e88d146a895ecb792b78e04d0deb6f665bc6cd93809ddf5e93627d3eb1f,32,576,64,0.0007886840272154712,0.027463738735047677,0.9841523257521608
ftv_complete_375,3026,LOCAL0,4,T2,576,225,outer_train_timing_prefix,0,0,6eae3e88d146a895ecb792b78e04d0deb6f665bc6cd93809ddf5e93627d3eb1f,64,576,64,0.00015219874127050479,0.010995730580896153,0.9951480563330568
ftv_complete_375,3026,LOCAL0,4,T3,768,225,outer_train_timing_prefix,0,0,c4f3a23d657ee2e2138df9fbde9c8736b735484fb5c80df1da48715ae0995c85,8,768,64,0.021103538695782905,0.8564434706275053,0.8564434706275053
ftv_complete_375,3026,LOCAL0,4,T3,768,225,outer_train_timing_prefix,0,0,c4f3a23d657ee2e2138df9fbde9c8736b735484fb5c80df1da48715ae0995c85,16,768,64,0.004507060523379077,0.08363899523805376,0.940082465865559
ftv_complete_375,3026,LOCAL0,4,T3,768,225,outer_train_timing_prefix,0,0,c4f3a23d657ee2e2138df9fbde9c8736b735484fb5c80df1da48715ae0995c85,32,768,64,0.0011526576804811815,0.036868540311412366,0.9769510061769715
ftv_complete_375,3026,LOCAL0,4,T3,768,225,outer_train_timing_prefix,0,0,c4f3a23d657ee2e2138df9fbde9c8736b735484fb5c80df1da48715ae0995c85,64,768,64,0.00022446292358640517,0.015772388082746197,0.9927233942597179
full_808,3026,LOCAL3,0,T0,192,525,outer_train_timing_prefix,0,0,498ee64ac5b5ce932226315aeea826acc75d8c4ae0de3d1a641c061dbfe4ad91,8,192,64,0.006699444622519087,0.9621943852500132,0.9621943852500131
full_808,3026,LOCAL3,0,T0,192,525,outer_train_timing_prefix,0,0,498ee64ac5b5ce932226315aeea826acc75d8c4ae0de3d1a641c061dbfe4ad91,16,192,64,0.0011827849492948806,0.023787245235037335,0.9859816304850506
full_808,3026,LOCAL3,0,T0,192,525,outer_train_timing_prefix,0,0,498ee64ac5b5ce932226315aeea826acc75d8c4ae0de3d1a641c061dbfe4ad91,32,192,64,0.00031335494825446877,0.009113686637526942,0.9950953171225776
full_808,3026,LOCAL3,0,T0,192,525,outer_train_timing_prefix,0,0,498ee64ac5b5ce932226315aeea826acc75d8c4ae0de3d1a641c061dbfe4ad91,64,192,64,4.9366364580108936e-05,0.003965539492450741,0.9990608566150283
full_808,3026,LOCAL3,0,T1,384,525,outer_train_timing_prefix,0,0,3a309b3d46266a6031e0c7df80c6260e3ca88447b561a1d69665bc7f699ecd17,8,384,64,0.010950351246081465,0.9251524563513326,0.9251524563513326
full_808,3026,LOCAL3,0,T1,384,525,outer_train_timing_prefix,0,0,3a309b3d46266a6031e0c7df80c6260e3ca88447b561a1d69665bc7f699ecd17,16,384,64,0.0030425075376797773,0.04151566486317386,0.9666681212145064
full_808,3026,LOCAL3,0,T1,384,525,outer_train_timing_prefix,0,0,3a309b3d46266a6031e0c7df80c6260e3ca88447b561a1d69665bc7f699ecd17,32,384,64,0.0005579038798885338,0.02025756972580179,0.9869256909403081
full_808,3026,LOCAL3,0,T1,384,525,outer_train_timing_prefix,0,0,3a309b3d46266a6031e0c7df80c6260e3ca88447b561a1d69665bc7f699ecd17,64,384,64,0.0001322261502454009,0.008755843598213665,0.9956815345385216
full_808,3026,LOCAL3,0,T2,576,525,outer_train_timing_prefix,0,0,bc36d4b8a6b3bdee5febe0a6c8cc6ca93f1ef059447a413532b8d94906222f84,8,576,64,0.014309655871780038,0.896798708450204,0.8967987084502039
full_808,3026,LOCAL3,0,T2,576,525,outer_train_timing_prefix,0,0,bc36d4b8a6b3bdee5febe0a6c8cc6ca93f1ef059447a413532b8d94906222f84,16,576,64,0.003741988918380393,0.0531299793390498,0.9499286877892537
full_808,3026,LOCAL3,0,T2,576,525,outer_train_timing_prefix,0,0,bc36d4b8a6b3bdee5febe0a6c8cc6ca93f1ef059447a413532b8d94906222f84,32,576,64,0.0008852480248151087,0.029557374165356972,0.9794860619546105
full_808,3026,LOCAL3,0,T2,576,525,outer_train_timing_prefix,0,0,bc36d4b8a6b3bdee5febe0a6c8cc6ca93f1ef059447a413532b8d94906222f84,64,576,64,0.00019827312227709237,0.01276092315893455,0.9922469851135448
full_808,3026,LOCAL3,0,T3,768,525,outer_train_timing_prefix,0,0,7deec1f391c8defbf9b82f9dc7dd9bc38802d2479b85d0cdcab50e8a068802d9,8,768,64,0.023302070366067032,0.8607351121799424,0.8607351121799424
full_808,3026,LOCAL3,0,T3,768,525,outer_train_timing_prefix,0,0,7deec1f391c8defbf9b82f9dc7dd9bc38802d2479b85d0cdcab50e8a068802d9,16,768,64,0.0048704587466213934,0.07230895411350863,0.933044066293451
full_808,3026,LOCAL3,0,T3,768,525,outer_train_timing_prefix,0,0,7deec1f391c8defbf9b82f9dc7dd9bc38802d2479b85d0cdcab50e8a068802d9,32,768,64,0.0012589025032348424,0.03821251203793321,0.9712565783313841
full_808,3026,LOCAL3,0,T3,768,525,outer_train_timing_prefix,0,0,7deec1f391c8defbf9b82f9dc7dd9bc38802d2479b85d0cdcab50e8a068802d9,64,768,64,0.00026513288112552943,0.017535677666157663,0.988792255997542
ftv_complete_375,3026,LOCAL3,0,T0,192,247,outer_train_timing_prefix,0,0,a507f92228f580a320fb3ee203dfca04edd0ee2ea52f4ec07764565b2067058f,8,192,64,0.00639645203475155,0.9647310687050124,0.9647310687050124
ftv_complete_375,3026,LOCAL3,0,T0,192,247,outer_train_timing_prefix,0,0,a507f92228f580a320fb3ee203dfca04edd0ee2ea52f4ec07764565b2067058f,16,192,64,0.0012457830475166582,0.022546718553660805,0.9872777872586732
ftv_complete_375,3026,LOCAL3,0,T0,192,247,outer_train_timing_prefix,0,0,a507f92228f580a320fb3ee203dfca04edd0ee2ea52f4ec07764565b2067058f,32,192,64,0.00026905985915611196,0.00860961672240156,0.9958874039810748
ftv_complete_375,3026,LOCAL3,0,T0,192,247,outer_train_timing_prefix,0,0,a507f92228f580a320fb3ee203dfca04edd0ee2ea52f4ec07764565b2067058f,64,192,64,3.88195681001645e-05,0.0034682289350321987,0.9993556329161072
ftv_complete_375,3026,LOCAL3,0,T1,384,247,outer_train_timing_prefix,0,0,1d5af355a54f0ecb913e6546a18cbf3a7a1d6b724e7af2d6b6b3a72a038f6f2e,8,384,64,0.009793875094078119,0.9324264890314256,0.9324264890314257
ftv_complete_375,3026,LOCAL3,0,T1,384,247,outer_train_timing_prefix,0,0,1d5af355a54f0ecb913e6546a18cbf3a7a1d6b724e7af2d6b6b3a72a038f6f2e,16,384,64,0.0025415491969780686,0.038761942339809834,0.9711884313712354
ftv_complete_375,3026,LOCAL3,0,T1,384,247,outer_train_timing_prefix,0,0,1d5af355a54f0ecb913e6546a18cbf3a7a1d6b724e7af2d6b6b3a72a038f6f2e,32,384,64,0.0004966374010885877,0.01806225466145163,0.9892506860326872
ftv_complete_375,3026,LOCAL3,0,T1,384,247,outer_train_timing_prefix,0,0,1d5af355a54f0ecb913e6546a18cbf3a7a1d6b724e7af2d6b6b3a72a038f6f2e,64,384,64,0.00010750647383157985,0.007735211491763181,0.9969858975244505
ftv_complete_375,3026,LOCAL3,0,T2,576,247,outer_train_timing_prefix,0,0,046d4b3ac35f45df5b871a6ea1c038a730266ce6c527bb46b78f69a3cd4934fe,8,576,64,0.013027408291387295,0.9049784647310958,0.9049784647310958
ftv_complete_375,3026,LOCAL3,0,T2,576,247,outer_train_timing_prefix,0,0,046d4b3ac35f45df5b871a6ea1c038a730266ce6c527bb46b78f69a3cd4934fe,16,576,64,0.0031505557898779115,0.05120635676800195,0.9561848214990978
ftv_complete_375,3026,LOCAL3,0,T2,576,247,outer_train_timing_prefix,0,0,046d4b3ac35f45df5b871a6ea1c038a730266ce6c527bb46b78f69a3cd4934fe,32,576,64,0.000792532992064715,0.026716775455567155,0.982901596954665
ftv_complete_375,3026,LOCAL3,0,T2,576,247,outer_train_timing_prefix,0,0,046d4b3ac35f45df5b871a6ea1c038a730266ce6c527bb46b78f69a3cd4934fe,64,576,64,0.00017284163749976025,0.01148875039153388,0.9943903473461989
ftv_complete_375,3026,LOCAL3,0,T3,768,247,outer_train_timing_prefix,0,0,0a23a79fb18f5e81cc8a145be69c8e1e89bc680f93f457cc4318a3acff9f4b21,8,768,64,0.022098162722644907,0.870289650695362,0.870289650695362
ftv_complete_375,3026,LOCAL3,0,T3,768,247,outer_train_timing_prefix,0,0,0a23a79fb18f5e81cc8a145be69c8e1e89bc680f93f457cc4318a3acff9f4b21,16,768,64,0.00513345538266193,0.06988871210094445,0.9401783627963065
ftv_complete_375,3026,LOCAL3,0,T3,768,247,outer_train_timing_prefix,0,0,0a23a79fb18f5e81cc8a145be69c8e1e89bc680f93f457cc4318a3acff9f4b21,32,768,64,0.0011285878408959654,0.03542252546284202,0.9756008882591485
ftv_complete_375,3026,LOCAL3,0,T3,768,247,outer_train_timing_prefix,0,0,0a23a79fb18f5e81cc8a145be69c8e1e89bc680f93f457cc4318a3acff9f4b21,64,768,64,0.0002301349076767352,0.016097175763034405,0.9916980640221827
full_808,3026,LOCAL3,1,T0,192,525,outer_train_timing_prefix,0,0,4e4a7456315fa719c33dd6692c9b6f1c7eb6764c1315b55cbe1b619580b7ac3e,8,192,64,0.007371705617279702,0.9537831079772586,0.9537831079772586
full_808,3026,LOCAL3,1,T0,192,525,outer_train_timing_prefix,0,0,4e4a7456315fa719c33dd6692c9b6f1c7eb6764c1315b55cbe1b619580b7ac3e,16,192,64,0.002034153432792104,0.028511861079273455,0.982294969056532
full_808,3026,LOCAL3,1,T0,192,525,outer_train_timing_prefix,0,0,4e4a7456315fa719c33dd6692c9b6f1c7eb6764c1315b55cbe1b619580b7ac3e,32,192,64,0.0003400535697480821,0.012039150611508596,0.9943341196680406
full_808,3026,LOCAL3,1,T0,192,525,outer_train_timing_prefix,0,0,4e4a7456315fa719c33dd6692c9b6f1c7eb6764c1315b55cbe1b619580b7ac3e,64,192,64,5.6242282905150554e-05,0.004579803416996357,0.9989139230850369
full_808,3026,LOCAL3,1,T1,384,525,outer_train_timing_prefix,0,0,30e8e8b6f01206ac35f1e5b69c20f28e5f662dc06eb99e28e10c8a3c3f4c7ee5,8,384,64,0.01145487430157381,0.9164278809609012,0.9164278809609012
full_808,3026,LOCAL3,1,T1,384,525,outer_train_timing_prefix,0,0,30e8e8b6f01206ac35f1e5b69c20f28e5f662dc06eb99e28e10c8a3c3f4c7ee5,16,384,64,0.002765892613904625,0.04402779884938267,0.9604556798102838
full_808,3026,LOCAL3,1,T1,384,525,outer_train_timing_prefix,0,0,30e8e8b6f01206ac35f1e5b69c20f28e5f662dc06eb99e28e10c8a3c3f4c7ee5,32,384,64,0.0007506406323914078,0.024261243562975588,0.9847169233732594
full_808,3026,LOCAL3,1,T1,384,525,outer_train_timing_prefix,0,0,30e8e8b6f01206ac35f1e5b69c20f28e5f662dc06eb99e28e10c8a3c3f4c7ee5,64,384,64,0.00014515358762849764,0.010414177618764113,0.9951311009920233
full_808,3026,LOCAL3,1,T2,576,525,outer_train_timing_prefix,0,0,7d51cfc250b8653a317aa63b6c9fb8b6dbe785447ba7a7888643c4a99f4b47b8,8,576,64,0.017643900736052712,0.8793105903356964,0.8793105903356964
full_808,3026,LOCAL3,1,T2,576,525,outer_train_timing_prefix,0,0,7d51cfc250b8653a317aa63b6c9fb8b6dbe785447ba7a7888643c4a99f4b47b8,16,576,64,0.004781251678237992,0.06361974756432123,0.9429303379000176
full_808,3026,LOCAL3,1,T2,576,525,outer_train_timing_prefix,0,0,7d51cfc250b8653a317aa63b6c9fb8b6dbe785447ba7a7888643c4a99f4b47b8,32,576,64,0.001062925748384461,0.03217281377544149,0.975103151675459
full_808,3026,LOCAL3,1,T2,576,525,outer_train_timing_prefix,0,0,7d51cfc250b8653a317aa63b6c9fb8b6dbe785447ba7a7888643c4a99f4b47b8,64,576,64,0.0002441969456191534,0.01605563198584175,0.9911587836613008
full_808,3026,LOCAL3,1,T3,768,525,outer_train_timing_prefix,0,0,f3016719b800808de764f0be1d4a12d96409790bfff9e46ddfc15682ab7cbeda,8,768,64,0.023499287059112767,0.8416001399905957,0.8416001399905957
full_808,3026,LOCAL3,1,T3,768,525,outer_train_timing_prefix,0,0,f3016719b800808de764f0be1d4a12d96409790bfff9e46ddfc15682ab7cbeda,16,768,64,0.005450808105087311,0.08403474866565247,0.9256348886562482
full_808,3026,LOCAL3,1,T3,768,525,outer_train_timing_prefix,0,0,f3016719b800808de764f0be1d4a12d96409790bfff9e46ddfc15682ab7cbeda,32,768,64,0.0012733776107134594,0.0412784718473536,0.9669133605036019
full_808,3026,LOCAL3,1,T3,768,525,outer_train_timing_prefix,0,0,f3016719b800808de764f0be1d4a12d96409790bfff9e46ddfc15682ab7cbeda,64,768,64,0.0002956224738244724,0.020316851313872668,0.9872302118174744
ftv_complete_375,3026,LOCAL3,1,T0,192,239,outer_train_timing_prefix,0,0,23fd4329e66a3284058cc6fff21d92f968c16f78be250e67cb90d78f866f2c7d,8,192,64,0.0076914393003179775,0.9552660839257023,0.9552660839257023
ftv_complete_375,3026,LOCAL3,1,T0,192,239,outer_train_timing_prefix,0,0,23fd4329e66a3284058cc6fff21d92f968c16f78be250e67cb90d78f866f2c7d,16,192,64,0.0019731375890289404,0.028466297109202374,0.9837323810349048
ftv_complete_375,3026,LOCAL3,1,T0,192,239,outer_train_timing_prefix,0,0,23fd4329e66a3284058cc6fff21d92f968c16f78be250e67cb90d78f866f2c7d,32,192,64,0.00030372622384564334,0.01137332031617615,0.995105701351081
ftv_complete_375,3026,LOCAL3,1,T0,192,239,outer_train_timing_prefix,0,0,23fd4329e66a3284058cc6fff21d92f968c16f78be250e67cb90d78f866f2c7d,64,192,64,4.792391485922178e-05,0.004082935621756215,0.9991886369728373
ftv_complete_375,3026,LOCAL3,1,T1,384,239,outer_train_timing_prefix,0,0,570226370d002bd1daeca530ae0029a7421d02a01eef66966bc4827c0d055400,8,384,64,0.012192519284657049,0.9200859682634682,0.9200859682634682
ftv_complete_375,3026,LOCAL3,1,T1,384,239,outer_train_timing_prefix,0,0,570226370d002bd1daeca530ae0029a7421d02a01eef66966bc4827c0d055400,16,384,64,0.002805395159588656,0.04341368701784799,0.9634996552813162
ftv_complete_375,3026,LOCAL3,1,T1,384,239,outer_train_timing_prefix,0,0,570226370d002bd1daeca530ae0029a7421d02a01eef66966bc4827c0d055400,32,384,64,0.0007155034318019309,0.023272339997959843,0.9867719952792761
ftv_complete_375,3026,LOCAL3,1,T1,384,239,outer_train_timing_prefix,0,0,570226370d002bd1daeca530ae0029a7421d02a01eef66966bc4827c0d055400,64,384,64,0.0001338895613283142,0.00962949028443532,0.9964014855637114
ftv_complete_375,3026,LOCAL3,1,T2,576,239,outer_train_timing_prefix,0,0,83388fba6d9da119d326495aff6774811886597fd90d4c61878a9b4225e50f27,8,576,64,0.017285551349950738,0.8847094195940073,0.8847094195940073
ftv_complete_375,3026,LOCAL3,1,T2,576,239,outer_train_timing_prefix,0,0,83388fba6d9da119d326495aff6774811886597fd90d4c61878a9b4225e50f27,16,576,64,0.004457302498901296,0.06287643654446669,0.9475858561384739
ftv_complete_375,3026,LOCAL3,1,T2,576,239,outer_train_timing_prefix,0,0,83388fba6d9da119d326495aff6774811886597fd90d4c61878a9b4225e50f27,32,576,64,0.0009630382506837411,0.03152179825122866,0.9791076543897027
ftv_complete_375,3026,LOCAL3,1,T2,576,239,outer_train_timing_prefix,0,0,83388fba6d9da119d326495aff6774811886597fd90d4c61878a9b4225e50f27,64,576,64,0.00020886679722205577,0.01441657339651432,0.9935242277862173
ftv_complete_375,3026,LOCAL3,1,T3,768,239,outer_train_timing_prefix,0,0,2e65961ea4d0debffa61cd1e220d2a72101d977eff4bb582c79ad4dcfd7b52a3,8,768,64,0.025657420100772786,0.8468600006787969,0.8468600006787969
ftv_complete_375,3026,LOCAL3,1,T3,768,239,outer_train_timing_prefix,0,0,2e65961ea4d0debffa61cd1e220d2a72101d977eff4bb582c79ad4dcfd7b52a3,16,768,64,0.0050155490005742735,0.08383059689809967,0.9306905975768966
ftv_complete_375,3026,LOCAL3,1,T3,768,239,outer_train_timing_prefix,0,0,2e65961ea4d0debffa61cd1e220d2a72101d977eff4bb582c79ad4dcfd7b52a3,32,768,64,0.0012812731952428595,0.040759974170172075,0.9714505717470685
ftv_complete_375,3026,LOCAL3,1,T3,768,239,outer_train_timing_prefix,0,0,2e65961ea4d0debffa61cd1e220d2a72101d977eff4bb582c79ad4dcfd7b52a3,64,768,64,0.00027848604746210406,0.01910367213835992,0.9905542438854286
full_808,3026,LOCAL3,2,T0,192,525,outer_train_timing_prefix,0,0,4a3f20766ff7b66ee8ed5fe59a1d3735df2544a3c16f61a60ae0fb76b16f81b7,8,192,64,0.006857059695640538,0.956241035786604,0.956241035786604
full_808,3026,LOCAL3,2,T0,192,525,outer_train_timing_prefix,0,0,4a3f20766ff7b66ee8ed5fe59a1d3735df2544a3c16f61a60ae0fb76b16f81b7,16,192,64,0.0016738778471071254,0.027883297070492634,0.9841243328570967
full_808,3026,LOCAL3,2,T0,192,525,outer_train_timing_prefix,0,0,4a3f20766ff7b66ee8ed5fe59a1d3735df2544a3c16f61a60ae0fb76b16f81b7,32,192,64,0.00032227120506475235,0.010732469984833667,0.9948568028419302
full_808,3026,LOCAL3,2,T0,192,525,outer_train_timing_prefix,0,0,4a3f20766ff7b66ee8ed5fe59a1d3735df2544a3c16f61a60ae0fb76b16f81b7,64,192,64,4.858728638868672e-05,0.004196883287068853,0.999053686128999
full_808,3026,LOCAL3,2,T1,384,525,outer_train_timing_prefix,0,0,909094f879ccf55be1b668646168b8f46071426b6c40dc176f8336b8e82fd2c1,8,384,64,0.011771266800830373,0.9170388202759304,0.9170388202759303
full_808,3026,LOCAL3,2,T1,384,525,outer_train_timing_prefix,0,0,909094f879ccf55be1b668646168b8f46071426b6c40dc176f8336b8e82fd2c1,16,384,64,0.0033384418722223843,0.04514202213600499,0.9621808424119351
full_808,3026,LOCAL3,2,T1,384,525,outer_train_timing_prefix,0,0,909094f879ccf55be1b668646168b8f46071426b6c40dc176f8336b8e82fd2c1,32,384,64,0.0006749928365091936,0.023673342784523762,0.985854185196459
full_808,3026,LOCAL3,2,T1,384,525,outer_train_timing_prefix,0,0,909094f879ccf55be1b668646168b8f46071426b6c40dc176f8336b8e82fd2c1,64,384,64,0.0001348332442063946,0.009743860808661119,0.9955980460051199
full_808,3026,LOCAL3,2,T2,576,525,outer_train_timing_prefix,0,0,52b96dfd3c5d591913b838444ad4ee0f6e2260580ddff89bb35bbecc74e3ffdb,8,576,64,0.022327209717547297,0.880590079315963,0.8805900793159631
full_808,3026,LOCAL3,2,T2,576,525,outer_train_timing_prefix,0,0,52b96dfd3c5d591913b838444ad4ee0f6e2260580ddff89bb35bbecc74e3ffdb,16,576,64,0.004550519398717105,0.0619390755810827,0.9425291548970457
full_808,3026,LOCAL3,2,T2,576,525,outer_train_timing_prefix,0,0,52b96dfd3c5d591913b838444ad4ee0f6e2260580ddff89bb35bbecc74e3ffdb,32,576,64,0.0010111608315411537,0.0341635057948399,0.9766926606918857
full_808,3026,LOCAL3,2,T2,576,525,outer_train_timing_prefix,0,0,52b96dfd3c5d591913b838444ad4ee0f6e2260580ddff89bb35bbecc74e3ffdb,64,576,64,0.00022150584516497288,0.015137496652469901,0.9918301573443555
full_808,3026,LOCAL3,2,T3,768,525,outer_train_timing_prefix,0,0,395942d7270afdb5c78b8f01b2856a5335096a0868ee96c0fab0886436c3ec75,8,768,64,0.024643804867381568,0.8366490037519693,0.8366490037519694
full_808,3026,LOCAL3,2,T3,768,525,outer_train_timing_prefix,0,0,395942d7270afdb5c78b8f01b2856a5335096a0868ee96c0fab0886436c3ec75,16,768,64,0.005131512987673844,0.08714886750453506,0.9237978712565045
full_808,3026,LOCAL3,2,T3,768,525,outer_train_timing_prefix,0,0,395942d7270afdb5c78b8f01b2856a5335096a0868ee96c0fab0886436c3ec75,32,768,64,0.0014242317650997155,0.04367763712128973,0.9674755083777943
full_808,3026,LOCAL3,2,T3,768,525,outer_train_timing_prefix,0,0,395942d7270afdb5c78b8f01b2856a5335096a0868ee96c0fab0886436c3ec75,64,768,64,0.00030104235907228445,0.02034480722502207,0.9878203156028162
ftv_complete_375,3026,LOCAL3,2,T0,192,240,outer_train_timing_prefix,0,0,04a187d7c3f32240ed27154bf2a014bed38ef5aefa295ce9f0fea8f49220a735,8,192,64,0.007344221180608542,0.9576928111403225,0.9576928111403223
ftv_complete_375,3026,LOCAL3,2,T0,192,240,outer_train_timing_prefix,0,0,04a187d7c3f32240ed27154bf2a014bed38ef5aefa295ce9f0fea8f49220a735,16,192,64,0.0015875386732920546,0.027335802323195407,0.9850286134635176
ftv_complete_375,3026,LOCAL3,2,T0,192,240,outer_train_timing_prefix,0,0,04a187d7c3f32240ed27154bf2a014bed38ef5aefa295ce9f0fea8f49220a735,32,192,64,0.00029089446141130536,0.01052778581073685,0.9955563992742542
ftv_complete_375,3026,LOCAL3,2,T0,192,240,outer_train_timing_prefix,0,0,04a187d7c3f32240ed27154bf2a014bed38ef5aefa295ce9f0fea8f49220a735,64,192,64,4.421066982338006e-05,0.0037463321213267488,0.9993027313955808
ftv_complete_375,3026,LOCAL3,2,T1,384,240,outer_train_timing_prefix,0,0,d7687cfc8b2d185770b2d302a70ac36441ff35c8d1f5e2e7e11e3c1d2d53009c,8,384,64,0.012911349402258623,0.9200710709231344,0.9200710709231344
ftv_complete_375,3026,LOCAL3,2,T1,384,240,outer_train_timing_prefix,0,0,d7687cfc8b2d185770b2d302a70ac36441ff35c8d1f5e2e7e11e3c1d2d53009c,16,384,64,0.0028302775338026223,0.04545072227407975,0.9655217931972143
ftv_complete_375,3026,LOCAL3,2,T1,384,240,outer_train_timing_prefix,0,0,d7687cfc8b2d185770b2d302a70ac36441ff35c8d1f5e2e7e11e3c1d2d53009c,32,384,64,0.0006569907798232958,0.022033307051649968,0.9875551002488643
ftv_complete_375,3026,LOCAL3,2,T1,384,240,outer_train_timing_prefix,0,0,d7687cfc8b2d185770b2d302a70ac36441ff35c8d1f5e2e7e11e3c1d2d53009c,64,384,64,0.00012077942139937274,0.009239793578188263,0.9967948938270526
ftv_complete_375,3026,LOCAL3,2,T2,576,240,outer_train_timing_prefix,0,0,4f8f2f4c583a7df2367d8394ab93095173de0cfe6091cdc0f46231aecf97e76d,8,576,64,0.02149959636254774,0.88314982909873,0.88314982909873
ftv_complete_375,3026,LOCAL3,2,T2,576,240,outer_train_timing_prefix,0,0,4f8f2f4c583a7df2367d8394ab93095173de0cfe6091cdc0f46231aecf97e76d,16,576,64,0.004324447582273476,0.06535010462636744,0.9484999337250973
ftv_complete_375,3026,LOCAL3,2,T2,576,240,outer_train_timing_prefix,0,0,4f8f2f4c583a7df2367d8394ab93095173de0cfe6091cdc0f46231aecf97e76d,32,576,64,0.0009392336076684421,0.03172617354253494,0.980226107267632
ftv_complete_375,3026,LOCAL3,2,T2,576,240,outer_train_timing_prefix,0,0,4f8f2f4c583a7df2367d8394ab93095173de0cfe6091cdc0f46231aecf97e76d,64,576,64,0.000186123249791761,0.013834916055392076,0.9940610233230243
ftv_complete_375,3026,LOCAL3,2,T3,768,240,outer_train_timing_prefix,0,0,043ebec1db76df27b970161de8a89a20800cb16bae90494dfd13d1891507d1e3,8,768,64,0.022685138063525755,0.8414274700703679,0.8414274700703679
ftv_complete_375,3026,LOCAL3,2,T3,768,240,outer_train_timing_prefix,0,0,043ebec1db76df27b970161de8a89a20800cb16bae90494dfd13d1891507d1e3,16,768,64,0.005333100780585108,0.0898427086564172,0.9312701787267852
ftv_complete_375,3026,LOCAL3,2,T3,768,240,outer_train_timing_prefix,0,0,043ebec1db76df27b970161de8a89a20800cb16bae90494dfd13d1891507d1e3,32,768,64,0.0012583568428379515,0.04133509477584041,0.9726052735026255
ftv_complete_375,3026,LOCAL3,2,T3,768,240,outer_train_timing_prefix,0,0,043ebec1db76df27b970161de8a89a20800cb16bae90494dfd13d1891507d1e3,64,768,64,0.00026790225319099295,0.01849431060984122,0.9910995841124663
full_808,3026,LOCAL3,3,T0,192,526,outer_train_timing_prefix,0,0,128c5bc52860c5b5c0c9b40e278986328ffa7ba7622aed8ffa8534e5d238a231,8,192,64,0.0055957263043800625,0.9651140660659848,0.9651140660659848
full_808,3026,LOCAL3,3,T0,192,526,outer_train_timing_prefix,0,0,128c5bc52860c5b5c0c9b40e278986328ffa7ba7622aed8ffa8534e5d238a231,16,192,64,0.0013213726149910504,0.021630973100160884,0.9867450391661458
full_808,3026,LOCAL3,3,T0,192,526,outer_train_timing_prefix,0,0,128c5bc52860c5b5c0c9b40e278986328ffa7ba7622aed8ffa8534e5d238a231,32,192,64,0.00025351046453258593,0.009016075820088506,0.9957611149862342
full_808,3026,LOCAL3,3,T0,192,526,outer_train_timing_prefix,0,0,128c5bc52860c5b5c0c9b40e278986328ffa7ba7622aed8ffa8534e5d238a231,64,192,64,4.382378802418747e-05,0.003447985896480708,0.9992091008827148
full_808,3026,LOCAL3,3,T1,384,526,outer_train_timing_prefix,0,0,f375a466d64790cce1628808870fb2a44a20ca11914c9e6f73ede070fa1c0e95,8,384,64,0.011803522071698602,0.9278318389368003,0.9278318389368003
full_808,3026,LOCAL3,3,T1,384,526,outer_train_timing_prefix,0,0,f375a466d64790cce1628808870fb2a44a20ca11914c9e6f73ede070fa1c0e95,16,384,64,0.002754792506447662,0.04051081907250345,0.9683426580093036
full_808,3026,LOCAL3,3,T1,384,526,outer_train_timing_prefix,0,0,f375a466d64790cce1628808870fb2a44a20ca11914c9e6f73ede070fa1c0e95,32,384,64,0.0005836033999108158,0.019624106299268588,0.9879667643085724
full_808,3026,LOCAL3,3,T1,384,526,outer_train_timing_prefix,0,0,f375a466d64790cce1628808870fb2a44a20ca11914c9e6f73ede070fa1c0e95,64,384,64,0.00011308381590639009,0.00822299046013092,0.9961897547687034
full_808,3026,LOCAL3,3,T2,576,526,outer_train_timing_prefix,0,0,669186a7c83e95cc2718737aba366fd657203481eee600bc5d66ab108e0badfb,8,576,64,0.019057206139442753,0.8951286407122664,0.8951286407122664
full_808,3026,LOCAL3,3,T2,576,526,outer_train_timing_prefix,0,0,669186a7c83e95cc2718737aba366fd657203481eee600bc5d66ab108e0badfb,16,576,64,0.00393116951045078,0.05681779923759604,0.9519464399498625
full_808,3026,LOCAL3,3,T2,576,526,outer_train_timing_prefix,0,0,669186a7c83e95cc2718737aba366fd657203481eee600bc5d66ab108e0badfb,32,576,64,0.0008880375143917673,0.027969079371729797,0.9799155193215924
full_808,3026,LOCAL3,3,T2,576,526,outer_train_timing_prefix,0,0,669186a7c83e95cc2718737aba366fd657203481eee600bc5d66ab108e0badfb,64,576,64,0.00018912292168311564,0.013153110242517353,0.9930686295641096
full_808,3026,LOCAL3,3,T3,768,526,outer_train_timing_prefix,0,0,4f71c7c61d9dd3ba02b0a0ad1cf16b1fea7a2649a001cf925d1d98defe154840,8,768,64,0.023020733960348285,0.8536434931131502,0.8536434931131504
full_808,3026,LOCAL3,3,T3,768,526,outer_train_timing_prefix,0,0,4f71c7c61d9dd3ba02b0a0ad1cf16b1fea7a2649a001cf925d1d98defe154840,16,768,64,0.005233904588011854,0.07984152426364087,0.9334850173767912
full_808,3026,LOCAL3,3,T3,768,526,outer_train_timing_prefix,0,0,4f71c7c61d9dd3ba02b0a0ad1cf16b1fea7a2649a001cf925d1d98defe154840,32,768,64,0.0010569330562727748,0.03904396757391421,0.9725289849507054
full_808,3026,LOCAL3,3,T3,768,526,outer_train_timing_prefix,0,0,4f71c7c61d9dd3ba02b0a0ad1cf16b1fea7a2649a001cf925d1d98defe154840,64,768,64,0.00026617179801876603,0.01700493551615168,0.9895339204668572
ftv_complete_375,3026,LOCAL3,3,T0,192,242,outer_train_timing_prefix,0,0,8c0e811fdb1f21706bcf29a351aed01c0bf6422e27e6939c531df77c3b5f934d,8,192,64,0.00506177531213023,0.9673146560945101,0.9673146560945102
ftv_complete_375,3026,LOCAL3,3,T0,192,242,outer_train_timing_prefix,0,0,8c0e811fdb1f21706bcf29a351aed01c0bf6422e27e6939c531df77c3b5f934d,16,192,64,0.0013114059801355839,0.020269758455234984,0.9875844145497452
ftv_complete_375,3026,LOCAL3,3,T0,192,242,outer_train_timing_prefix,0,0,8c0e811fdb1f21706bcf29a351aed01c0bf6422e27e6939c531df77c3b5f934d,32,192,64,0.00024758365850151255,0.008785282169280031,0.9963696967190251
ftv_complete_375,3026,LOCAL3,3,T0,192,242,outer_train_timing_prefix,0,0,8c0e811fdb1f21706bcf29a351aed01c0bf6422e27e6939c531df77c3b5f934d,64,192,64,3.3960796059635115e-05,0.0030806664475989845,0.9994503631666241
ftv_complete_375,3026,LOCAL3,3,T1,384,242,outer_train_timing_prefix,0,0,ba4bf7f2689881fc782c09abb0415d8478722b83416a15851e4104dec3caddfb,8,384,64,0.009904757077510342,0.9306784518668668,0.9306784518668668
ftv_complete_375,3026,LOCAL3,3,T1,384,242,outer_train_timing_prefix,0,0,ba4bf7f2689881fc782c09abb0415d8478722b83416a15851e4104dec3caddfb,16,384,64,0.0028575061122022853,0.04073632033351668,0.9714147722003834
ftv_complete_375,3026,LOCAL3,3,T1,384,242,outer_train_timing_prefix,0,0,ba4bf7f2689881fc782c09abb0415d8478722b83416a15851e4104dec3caddfb,32,384,64,0.0006095251928368731,0.01849128195183025,0.9899060541522137
ftv_complete_375,3026,LOCAL3,3,T1,384,242,outer_train_timing_prefix,0,0,ba4bf7f2689881fc782c09abb0415d8478722b83416a15851e4104dec3caddfb,64,384,64,0.00010573696124771884,0.007382596034347084,0.9972886501865603
ftv_complete_375,3026,LOCAL3,3,T2,576,242,outer_train_timing_prefix,0,0,6f3f8ef6383183163eda955122ca7173de4a98a9565b13a6a25bd4b9b09ea1e7,8,576,64,0.02085691481464145,0.9014261453042274,0.9014261453042274
ftv_complete_375,3026,LOCAL3,3,T2,576,242,outer_train_timing_prefix,0,0,6f3f8ef6383183163eda955122ca7173de4a98a9565b13a6a25bd4b9b09ea1e7,16,576,64,0.003851571441915314,0.054985469986167414,0.9564116152903948
ftv_complete_375,3026,LOCAL3,3,T2,576,242,outer_train_timing_prefix,0,0,6f3f8ef6383183163eda955122ca7173de4a98a9565b13a6a25bd4b9b09ea1e7,32,576,64,0.0007695602816494761,0.026864888670904603,0.9832765039612993
ftv_complete_375,3026,LOCAL3,3,T2,576,242,outer_train_timing_prefix,0,0,6f3f8ef6383183163eda955122ca7173de4a98a9565b13a6a25bd4b9b09ea1e7,64,576,64,0.0001617663570464573,0.011648910784983455,0.994925414746283
ftv_complete_375,3026,LOCAL3,3,T3,768,242,outer_train_timing_prefix,0,0,fc3f524d5488e58d4f33669c435e23c2ad5407c6e31f157c71cac9ed9c5d32f6,8,768,64,0.025443254244431956,0.860257293664979,0.860257293664979
ftv_complete_375,3026,LOCAL3,3,T3,768,242,outer_train_timing_prefix,0,0,fc3f524d5488e58d4f33669c435e23c2ad5407c6e31f157c71cac9ed9c5d32f6,16,768,64,0.004561446860504679,0.07932404444654799,0.9395813381115269
ftv_complete_375,3026,LOCAL3,3,T3,768,242,outer_train_timing_prefix,0,0,fc3f524d5488e58d4f33669c435e23c2ad5407c6e31f157c71cac9ed9c5d32f6,32,768,64,0.0009780082633450953,0.037059530676727334,0.9766408687882544
ftv_complete_375,3026,LOCAL3,3,T3,768,242,outer_train_timing_prefix,0,0,fc3f524d5488e58d4f33669c435e23c2ad5407c6e31f157c71cac9ed9c5d32f6,64,768,64,0.0002351145238802026,0.015498097452370125,0.9921389662406247
full_808,3026,LOCAL3,4,T0,192,526,outer_train_timing_prefix,0,0,1e5d737d824feb31ebea772d316b227e66496ded22ab4da16510e93096d574c4,8,192,64,0.004956133272301921,0.9682227409712214,0.9682227409712214
full_808,3026,LOCAL3,4,T0,192,526,outer_train_timing_prefix,0,0,1e5d737d824feb31ebea772d316b227e66496ded22ab4da16510e93096d574c4,16,192,64,0.0012656212271286908,0.018058060203677055,0.9862808011748984
full_808,3026,LOCAL3,4,T0,192,526,outer_train_timing_prefix,0,0,1e5d737d824feb31ebea772d316b227e66496ded22ab4da16510e93096d574c4,32,192,64,0.0003021939162448811,0.009094489220484727,0.995375290395383
full_808,3026,LOCAL3,4,T0,192,526,outer_train_timing_prefix,0,0,1e5d737d824feb31ebea772d316b227e66496ded22ab4da16510e93096d574c4,64,192,64,4.4987738024602614e-05,0.0037309088238312448,0.9991061992192145
full_808,3026,LOCAL3,4,T1,384,526,outer_train_timing_prefix,0,0,c3a8865979c3aa5980f4bfcfec01933402195388f45148d8b1346de31fe7f20f,8,384,64,0.0149051578077771,0.9220758211840564,0.9220758211840564
full_808,3026,LOCAL3,4,T1,384,526,outer_train_timing_prefix,0,0,c3a8865979c3aa5980f4bfcfec01933402195388f45148d8b1346de31fe7f20f,16,384,64,0.0026185016740641258,0.044958338190950936,0.9670341593750074
full_808,3026,LOCAL3,4,T1,384,526,outer_train_timing_prefix,0,0,c3a8865979c3aa5980f4bfcfec01933402195388f45148d8b1346de31fe7f20f,32,384,64,0.0005903584864621363,0.019539555990424694,0.9865737153654321
full_808,3026,LOCAL3,4,T1,384,526,outer_train_timing_prefix,0,0,c3a8865979c3aa5980f4bfcfec01933402195388f45148d8b1346de31fe7f20f,64,384,64,0.0001316378831674442,0.009013388650058171,0.9955871040154902
full_808,3026,LOCAL3,4,T2,576,526,outer_train_timing_prefix,0,0,f36766fb1e93a0961e193aabdef4929eb29ea86da2ab0c588e7008b7cef9de5a,8,576,64,0.015889243660226374,0.8798869814122118,0.8798869814122118
full_808,3026,LOCAL3,4,T2,576,526,outer_train_timing_prefix,0,0,f36766fb1e93a0961e193aabdef4929eb29ea86da2ab0c588e7008b7cef9de5a,16,576,64,0.004282669413607954,0.06636377953384855,0.9462507609460603
full_808,3026,LOCAL3,4,T2,576,526,outer_train_timing_prefix,0,0,f36766fb1e93a0961e193aabdef4929eb29ea86da2ab0c588e7008b7cef9de5a,32,576,64,0.000870566956599467,0.032065038742024744,0.9783157996880849
full_808,3026,LOCAL3,4,T2,576,526,outer_train_timing_prefix,0,0,f36766fb1e93a0961e193aabdef4929eb29ea86da2ab0c588e7008b7cef9de5a,64,576,64,0.0002074006530064772,0.013468572129066426,0.9917843718171513
full_808,3026,LOCAL3,4,T3,768,526,outer_train_timing_prefix,0,0,87c430db32f8c61753698632321f6f0c98ee870ca9c694605af2784f84559191,8,768,64,0.018797510351920878,0.8473899037461651,0.847389903746165
full_808,3026,LOCAL3,4,T3,768,526,outer_train_timing_prefix,0,0,87c430db32f8c61753698632321f6f0c98ee870ca9c694605af2784f84559191,16,768,64,0.005763244972572591,0.07967847664597064,0.9270683803921357
full_808,3026,LOCAL3,4,T3,768,526,outer_train_timing_prefix,0,0,87c430db32f8c61753698632321f6f0c98ee870ca9c694605af2784f84559191,32,768,64,0.0014728134731003845,0.04242644067858818,0.9694948210707238
full_808,3026,LOCAL3,4,T3,768,526,outer_train_timing_prefix,0,0,87c430db32f8c61753698632321f6f0c98ee870ca9c694605af2784f84559191,64,768,64,0.0002817521528858382,0.018455609198463303,0.9879504302691873
ftv_complete_375,3026,LOCAL3,4,T0,192,225,outer_train_timing_prefix,0,0,873f037f2ecce0b2444bc6cc84ff2b00a876ebdd4a781b5dcd38ff93418d2bba,8,192,64,0.004856657847708072,0.9710863435620087,0.9710863435620086
ftv_complete_375,3026,LOCAL3,4,T0,192,225,outer_train_timing_prefix,0,0,873f037f2ecce0b2444bc6cc84ff2b00a876ebdd4a781b5dcd38ff93418d2bba,16,192,64,0.0011703920454702423,0.01746406137583993,0.9885504049378485
ftv_complete_375,3026,LOCAL3,4,T0,192,225,outer_train_timing_prefix,0,0,873f037f2ecce0b2444bc6cc84ff2b00a876ebdd4a781b5dcd38ff93418d2bba,32,192,64,0.00021142657866018158,0.007949780394436737,0.9965001853322852
ftv_complete_375,3026,LOCAL3,4,T0,192,225,outer_train_timing_prefix,0,0,873f037f2ecce0b2444bc6cc84ff2b00a876ebdd4a781b5dcd38ff93418d2bba,64,192,64,3.421120179923273e-05,0.002945086023191195,0.9994452713554765
ftv_complete_375,3026,LOCAL3,4,T1,384,225,outer_train_timing_prefix,0,0,7b974b876c0fd587bb3a4d1775a69673402913bfc0b229e81d76c842568b0f3a,8,384,64,0.014509647232785841,0.934841701142716,0.934841701142716
ftv_complete_375,3026,LOCAL3,4,T1,384,225,outer_train_timing_prefix,0,0,7b974b876c0fd587bb3a4d1775a69673402913bfc0b229e81d76c842568b0f3a,16,384,64,0.0024370279504800545,0.03725882206763964,0.9721005232103557
ftv_complete_375,3026,LOCAL3,4,T1,384,225,outer_train_timing_prefix,0,0,7b974b876c0fd587bb3a4d1775a69673402913bfc0b229e81d76c842568b0f3a,32,384,64,0.000519534832520637,0.01779426546056588,0.9898947886709214
ftv_complete_375,3026,LOCAL3,4,T1,384,225,outer_train_timing_prefix,0,0,7b974b876c0fd587bb3a4d1775a69673402913bfc0b229e81d76c842568b0f3a,64,384,64,9.910241916666075e-05,0.0073920338334903316,0.9972868225044118
ftv_complete_375,3026,LOCAL3,4,T2,576,225,outer_train_timing_prefix,0,0,b52f161b3a8546a77af799b8ed5845f8784db2e68171f2b14ad95f831631d606,8,576,64,0.015378621352194092,0.895072823063179,0.895072823063179
ftv_complete_375,3026,LOCAL3,4,T2,576,225,outer_train_timing_prefix,0,0,b52f161b3a8546a77af799b8ed5845f8784db2e68171f2b14ad95f831631d606,16,576,64,0.004086445323645497,0.059615928068964534,0.9546887511321436
ftv_complete_375,3026,LOCAL3,4,T2,576,225,outer_train_timing_prefix,0,0,b52f161b3a8546a77af799b8ed5845f8784db2e68171f2b14ad95f831631d606,32,576,64,0.0007976753478832308,0.02870469643104659,0.9833934475631901
ftv_complete_375,3026,LOCAL3,4,T2,576,225,outer_train_timing_prefix,0,0,b52f161b3a8546a77af799b8ed5845f8784db2e68171f2b14ad95f831631d606,64,576,64,0.0001721188049052898,0.011399671778960344,0.9947931193421504
ftv_complete_375,3026,LOCAL3,4,T3,768,225,outer_train_timing_prefix,0,0,3df75da777e6dad5242af215a7cb52283432845d5f49988132481f9ee7a9064b,8,768,64,0.016213218088864573,0.866802266768634,0.866802266768634
ftv_complete_375,3026,LOCAL3,4,T3,768,225,outer_train_timing_prefix,0,0,3df75da777e6dad5242af215a7cb52283432845d5f49988132481f9ee7a9064b,16,768,64,0.005210289923104608,0.07040966121598702,0.9372119279846209
ftv_complete_375,3026,LOCAL3,4,T3,768,225,outer_train_timing_prefix,0,0,3df75da777e6dad5242af215a7cb52283432845d5f49988132481f9ee7a9064b,32,768,64,0.0012107864556778268,0.03855782896989431,0.9757697569545153
ftv_complete_375,3026,LOCAL3,4,T3,768,225,outer_train_timing_prefix,0,0,3df75da777e6dad5242af215a7cb52283432845d5f49988132481f9ee7a9064b,64,768,64,0.00023052933948421373,0.01640218906147608,0.9921719460159916
