population,seed,arm,fold,timing,model_family,raw_input_dim,selected_dimension,selected_C,validation_auroc,selection_metric,tie_break,test_used_for_selection
full_808,2026,LOCAL0,0,T0,M,192,32,0.1,0.5310427968655816,validation_auroc,smaller_dimension_then_smaller_C,False
full_808,2026,LOCAL0,0,T0,C+M,192,16,0.0001,0.7236286919831223,validation_auroc,smaller_dimension_then_smaller_C,False
full_808,2026,LOCAL0,0,T0,"LateFusion(C,M)",192,8,0.0001,0.7402049427365883,validation_auroc,smaller_dimension_then_smaller_C,False
full_808,2026,LOCAL0,0,T1,M,384,32,0.1,0.6021699819168174,validation_auroc,smaller_dimension_then_smaller_C,False
full_808,2026,LOCAL0,0,T1,C+M,384,16,0.0001,0.7365883062085594,validation_auroc,smaller_dimension_then_smaller_C,False
full_808,2026,LOCAL0,0,T1,"LateFusion(C,M)",384,64,0.1,0.7426160337552742,validation_auroc,smaller_dimension_then_smaller_C,False
full_808,2026,LOCAL0,0,T2,M,576,64,10.0,0.6687763713080169,validation_auroc,smaller_dimension_then_smaller_C,False
full_808,2026,LOCAL0,0,T2,C+M,576,32,0.0001,0.770042194092827,validation_auroc,smaller_dimension_then_smaller_C,False
full_808,2026,LOCAL0,0,T2,"LateFusion(C,M)",576,32,0.001,0.7591922845087402,validation_auroc,smaller_dimension_then_smaller_C,False
full_808,2026,LOCAL0,0,T3,M,768,64,10.0,0.6892706449668474,validation_auroc,smaller_dimension_then_smaller_C,False
full_808,2026,LOCAL0,0,T3,C+M,768,64,0.1,0.7706449668474984,validation_auroc,smaller_dimension_then_smaller_C,False
full_808,2026,LOCAL0,0,T3,"LateFusion(C,M)",768,64,0.1,0.7561784207353828,validation_auroc,smaller_dimension_then_smaller_C,False
ftv_complete_375,2026,LOCAL0,0,T0,M,192,16,0.0001,0.5236842105263158,validation_auroc,smaller_dimension_then_smaller_C,False
ftv_complete_375,2026,LOCAL0,0,T0,C+M,192,16,0.001,0.8407894736842105,validation_auroc,smaller_dimension_then_smaller_C,False
ftv_complete_375,2026,LOCAL0,0,T0,C+F+M,192,16,0.001,0.8355263157894737,validation_auroc,smaller_dimension_then_smaller_C,False
ftv_complete_375,2026,LOCAL0,0,T0,M_residual,192,16,0.0001,0.506578947368421,validation_auroc,smaller_dimension_then_smaller_C,False
ftv_complete_375,2026,LOCAL0,0,T0,C+F+M_residual,192,16,0.001,0.8328947368421054,validation_auroc,smaller_dimension_then_smaller_C,False
ftv_complete_375,2026,LOCAL0,0,T0,"LateFusion(C,M)",192,8,0.1,0.868421052631579,validation_auroc,smaller_dimension_then_smaller_C,False
ftv_complete_375,2026,LOCAL0,0,T0,"LateFusion(C+F,M)",192,8,0.1,0.8499999999999999,validation_auroc,smaller_dimension_then_smaller_C,False
ftv_complete_375,2026,LOCAL0,0,T1,M,384,32,0.0001,0.5486842105263158,validation_auroc,smaller_dimension_then_smaller_C,False
ftv_complete_375,2026,LOCAL0,0,T1,C+M,384,8,0.01,0.8381578947368421,validation_auroc,smaller_dimension_then_smaller_C,False
ftv_complete_375,2026,LOCAL0,0,T1,C+F+M,384,8,10.0,0.8421052631578947,validation_auroc,smaller_dimension_then_smaller_C,False
ftv_complete_375,2026,LOCAL0,0,T1,M_residual,384,32,0.0001,0.5052631578947369,validation_auroc,smaller_dimension_then_smaller_C,False
ftv_complete_375,2026,LOCAL0,0,T1,C+F+M_residual,384,8,10.0,0.8421052631578947,validation_auroc,smaller_dimension_then_smaller_C,False
ftv_complete_375,2026,LOCAL0,0,T1,"LateFusion(C,M)",384,8,0.0001,0.8592105263157894,validation_auroc,smaller_dimension_then_smaller_C,False
ftv_complete_375,2026,LOCAL0,0,T1,"LateFusion(C+F,M)",384,8,1.0,0.8460526315789474,validation_auroc,smaller_dimension_then_smaller_C,False
ftv_complete_375,2026,LOCAL0,0,T2,M,576,64,100.0,0.7065789473684211,validation_auroc,smaller_dimension_then_smaller_C,False
ftv_complete_375,2026,LOCAL0,0,T2,C+M,576,64,100.0,0.8631578947368421,validation_auroc,smaller_dimension_then_smaller_C,False
ftv_complete_375,2026,LOCAL0,0,T2,C+F+M,576,64,0.1,0.8657894736842106,validation_auroc,smaller_dimension_then_smaller_C,False
ftv_complete_375,2026,LOCAL0,0,T2,M_residual,576,64,1.0,0.5605263157894737,validation_auroc,smaller_dimension_then_smaller_C,False
ftv_complete_375,2026,LOCAL0,0,T2,C+F+M_residual,576,8,10.0,0.8618421052631577,validation_auroc,smaller_dimension_then_smaller_C,False
ftv_complete_375,2026,LOCAL0,0,T2,"LateFusion(C,M)",576,64,0.01,0.8723684210526317,validation_auroc,smaller_dimension_then_smaller_C,False
ftv_complete_375,2026,LOCAL0,0,T2,"LateFusion(C+F,M)",576,64,0.0001,0.8763157894736842,validation_auroc,smaller_dimension_then_smaller_C,False
ftv_complete_375,2026,LOCAL0,0,T3,M,768,64,100.0,0.688157894736842,validation_auroc,smaller_dimension_then_smaller_C,False
ftv_complete_375,2026,LOCAL0,0,T3,C+M,768,64,0.01,0.8368421052631578,validation_auroc,smaller_dimension_then_smaller_C,False
ftv_complete_375,2026,LOCAL0,0,T3,C+F+M,768,8,1.0,0.8421052631578947,validation_auroc,smaller_dimension_then_smaller_C,False
ftv_complete_375,2026,LOCAL0,0,T3,M_residual,768,64,10.0,0.5815789473684211,validation_auroc,smaller_dimension_then_smaller_C,False
ftv_complete_375,2026,LOCAL0,0,T3,C+F+M_residual,768,8,0.1,0.8421052631578947,validation_auroc,smaller_dimension_then_smaller_C,False
ftv_complete_375,2026,LOCAL0,0,T3,"LateFusion(C,M)",768,64,0.0001,0.8697368421052631,validation_auroc,smaller_dimension_then_smaller_C,False
ftv_complete_375,2026,LOCAL0,0,T3,"LateFusion(C+F,M)",768,64,0.0001,0.8552631578947368,validation_auroc,smaller_dimension_then_smaller_C,False
full_808,2026,LOCAL0,1,T0,M,192,8,0.0001,0.6207317073170732,validation_auroc,smaller_dimension_then_smaller_C,False
full_808,2026,LOCAL0,1,T0,C+M,192,16,0.1,0.7469512195121951,validation_auroc,smaller_dimension_then_smaller_C,False
full_808,2026,LOCAL0,1,T0,"LateFusion(C,M)",192,32,1.0,0.738719512195122,validation_auroc,smaller_dimension_then_smaller_C,False
full_808,2026,LOCAL0,1,T1,M,384,8,1.0,0.666158536585366,validation_auroc,smaller_dimension_then_smaller_C,False
full_808,2026,LOCAL0,1,T1,C+M,384,32,0.01,0.760670731707317,validation_auroc,smaller_dimension_then_smaller_C,False
full_808,2026,LOCAL0,1,T1,"LateFusion(C,M)",384,64,0.01,0.739939024390244,validation_auroc,smaller_dimension_then_smaller_C,False
full_808,2026,LOCAL0,1,T2,M,576,32,0.1,0.725609756097561,validation_auroc,smaller_dimension_then_smaller_C,False
full_808,2026,LOCAL0,1,T2,C+M,576,32,0.1,0.788109756097561,validation_auroc,smaller_dimension_then_smaller_C,False
full_808,2026,LOCAL0,1,T2,"LateFusion(C,M)",576,32,0.0001,0.7582317073170731,validation_auroc,smaller_dimension_then_smaller_C,False
full_808,2026,LOCAL0,1,T3,M,768,32,0.0001,0.6746951219512195,validation_auroc,smaller_dimension_then_smaller_C,False
full_808,2026,LOCAL0,1,T3,C+M,768,64,0.01,0.7658536585365853,validation_auroc,smaller_dimension_then_smaller_C,False
full_808,2026,LOCAL0,1,T3,"LateFusion(C,M)",768,32,0.01,0.7454268292682926,validation_auroc,smaller_dimension_then_smaller_C,False
ftv_complete_375,2026,LOCAL0,1,T0,M,192,32,0.0001,0.5843253968253967,validation_auroc,smaller_dimension_then_smaller_C,False
ftv_complete_375,2026,LOCAL0,1,T0,C+M,192,8,1.0,0.681547619047619,validation_auroc,smaller_dimension_then_smaller_C,False
ftv_complete_375,2026,LOCAL0,1,T0,C+F+M,192,8,1.0,0.6865079365079364,validation_auroc,smaller_dimension_then_smaller_C,False
ftv_complete_375,2026,LOCAL0,1,T0,M_residual,192,32,0.01,0.5833333333333334,validation_auroc,smaller_dimension_then_smaller_C,False
ftv_complete_375,2026,LOCAL0,1,T0,C+F+M_residual,192,8,1.0,0.6865079365079364,validation_auroc,smaller_dimension_then_smaller_C,False
ftv_complete_375,2026,LOCAL0,1,T0,"LateFusion(C,M)",192,32,1.0,0.6815476190476191,validation_auroc,smaller_dimension_then_smaller_C,False
ftv_complete_375,2026,LOCAL0,1,T0,"LateFusion(C+F,M)",192,32,0.01,0.6825396825396826,validation_auroc,smaller_dimension_then_smaller_C,False
ftv_complete_375,2026,LOCAL0,1,T1,M,384,16,10.0,0.6448412698412698,validation_auroc,smaller_dimension_then_smaller_C,False
ftv_complete_375,2026,LOCAL0,1,T1,C+M,384,16,0.1,0.7113095238095237,validation_auroc,smaller_dimension_then_smaller_C,False
ftv_complete_375,2026,LOCAL0,1,T1,C+F+M,384,16,1.0,0.7390873015873017,validation_auroc,smaller_dimension_then_smaller_C,False
ftv_complete_375,2026,LOCAL0,1,T1,M_residual,384,64,0.1,0.5922619047619048,validation_auroc,smaller_dimension_then_smaller_C,False
ftv_complete_375,2026,LOCAL0,1,T1,C+F+M_residual,384,16,0.1,0.7311507936507936,validation_auroc,smaller_dimension_then_smaller_C,False
ftv_complete_375,2026,LOCAL0,1,T1,"LateFusion(C,M)",384,64,1.0,0.673611111111111,validation_auroc,smaller_dimension_then_smaller_C,False
ftv_complete_375,2026,LOCAL0,1,T1,"LateFusion(C+F,M)",384,32,0.0001,0.7212301587301588,validation_auroc,smaller_dimension_then_smaller_C,False
ftv_complete_375,2026,LOCAL0,1,T2,M,576,32,0.0001,0.6388888888888888,validation_auroc,smaller_dimension_then_smaller_C,False
ftv_complete_375,2026,LOCAL0,1,T2,C+M,576,32,0.1,0.7063492063492063,validation_auroc,smaller_dimension_then_smaller_C,False
ftv_complete_375,2026,LOCAL0,1,T2,C+F+M,576,32,0.001,0.7351190476190476,validation_auroc,smaller_dimension_then_smaller_C,False
ftv_complete_375,2026,LOCAL0,1,T2,M_residual,576,16,100.0,0.5406746031746033,validation_auroc,smaller_dimension_then_smaller_C,False
ftv_complete_375,2026,LOCAL0,1,T2,C+F+M_residual,576,32,1.0,0.7341269841269842,validation_auroc,smaller_dimension_then_smaller_C,False
ftv_complete_375,2026,LOCAL0,1,T2,"LateFusion(C,M)",576,32,0.0001,0.6785714285714285,validation_auroc,smaller_dimension_then_smaller_C,False
ftv_complete_375,2026,LOCAL0,1,T2,"LateFusion(C+F,M)",576,32,10.0,0.7251984126984127,validation_auroc,smaller_dimension_then_smaller_C,False
ftv_complete_375,2026,LOCAL0,1,T3,M,768,16,0.0001,0.6091269841269842,validation_auroc,smaller_dimension_then_smaller_C,False
ftv_complete_375,2026,LOCAL0,1,T3,C+M,768,32,1.0,0.6795634920634921,validation_auroc,smaller_dimension_then_smaller_C,False
ftv_complete_375,2026,LOCAL0,1,T3,C+F+M,768,32,1.0,0.7202380952380952,validation_auroc,smaller_dimension_then_smaller_C,False
ftv_complete_375,2026,LOCAL0,1,T3,M_residual,768,16,0.001,0.5297619047619048,validation_auroc,smaller_dimension_then_smaller_C,False
ftv_complete_375,2026,LOCAL0,1,T3,C+F+M_residual,768,32,1.0,0.7182539682539683,validation_auroc,smaller_dimension_then_smaller_C,False
ftv_complete_375,2026,LOCAL0,1,T3,"LateFusion(C,M)",768,32,0.001,0.6656746031746031,validation_auroc,smaller_dimension_then_smaller_C,False
ftv_complete_375,2026,LOCAL0,1,T3,"LateFusion(C+F,M)",768,32,0.0001,0.7192460317460317,validation_auroc,smaller_dimension_then_smaller_C,False
full_808,2026,LOCAL0,2,T0,M,192,32,1.0,0.5397830018083182,validation_auroc,smaller_dimension_then_smaller_C,False
full_808,2026,LOCAL0,2,T0,C+M,192,32,0.1,0.7827004219409281,validation_auroc,smaller_dimension_then_smaller_C,False
full_808,2026,LOCAL0,2,T0,"LateFusion(C,M)",192,32,0.01,0.7941531042796866,validation_auroc,smaller_dimension_then_smaller_C,False
full_808,2026,LOCAL0,2,T1,M,384,8,10.0,0.5572634116937913,validation_auroc,smaller_dimension_then_smaller_C,False
full_808,2026,LOCAL0,2,T1,C+M,384,8,0.1,0.7784810126582279,validation_auroc,smaller_dimension_then_smaller_C,False
full_808,2026,LOCAL0,2,T1,"LateFusion(C,M)",384,64,0.0001,0.7851115129596142,validation_auroc,smaller_dimension_then_smaller_C,False
full_808,2026,LOCAL0,2,T2,M,576,64,10.0,0.5852923447860157,validation_auroc,smaller_dimension_then_smaller_C,False
full_808,2026,LOCAL0,2,T2,C+M,576,64,0.001,0.7739602169981916,validation_auroc,smaller_dimension_then_smaller_C,False
full_808,2026,LOCAL0,2,T2,"LateFusion(C,M)",576,64,0.0001,0.7833031946955997,validation_auroc,smaller_dimension_then_smaller_C,False
full_808,2026,LOCAL0,2,T3,M,768,16,1.0,0.564798071127185,validation_auroc,smaller_dimension_then_smaller_C,False
full_808,2026,LOCAL0,2,T3,C+M,768,16,0.001,0.7628089210367691,validation_auroc,smaller_dimension_then_smaller_C,False
full_808,2026,LOCAL0,2,T3,"LateFusion(C,M)",768,16,0.0001,0.7652200120554551,validation_auroc,smaller_dimension_then_smaller_C,False
ftv_complete_375,2026,LOCAL0,2,T0,M,192,64,100.0,0.5277310924369748,validation_auroc,smaller_dimension_then_smaller_C,False
ftv_complete_375,2026,LOCAL0,2,T0,C+M,192,16,0.01,0.7109243697478992,validation_auroc,smaller_dimension_then_smaller_C,False
ftv_complete_375,2026,LOCAL0,2,T0,C+F+M,192,16,0.1,0.719327731092437,validation_auroc,smaller_dimension_then_smaller_C,False
ftv_complete_375,2026,LOCAL0,2,T0,M_residual,192,16,0.01,0.5260504201680672,validation_auroc,smaller_dimension_then_smaller_C,False
ftv_complete_375,2026,LOCAL0,2,T0,C+F+M_residual,192,16,0.1,0.719327731092437,validation_auroc,smaller_dimension_then_smaller_C,False
ftv_complete_375,2026,LOCAL0,2,T0,"LateFusion(C,M)",192,16,1.0,0.7445378151260504,validation_auroc,smaller_dimension_then_smaller_C,False
ftv_complete_375,2026,LOCAL0,2,T0,"LateFusion(C+F,M)",192,32,0.1,0.7579831932773109,validation_auroc,smaller_dimension_then_smaller_C,False
ftv_complete_375,2026,LOCAL0,2,T1,M,384,8,1.0,0.6571428571428571,validation_auroc,smaller_dimension_then_smaller_C,False
ftv_complete_375,2026,LOCAL0,2,T1,C+M,384,8,1.0,0.7747899159663866,validation_auroc,smaller_dimension_then_smaller_C,False
ftv_complete_375,2026,LOCAL0,2,T1,C+F+M,384,8,1.0,0.8470588235294118,validation_auroc,smaller_dimension_then_smaller_C,False
ftv_complete_375,2026,LOCAL0,2,T1,M_residual,384,8,0.01,0.7176470588235294,validation_auroc,smaller_dimension_then_smaller_C,False
ftv_complete_375,2026,LOCAL0,2,T1,C+F+M_residual,384,8,1.0,0.8470588235294118,validation_auroc,smaller_dimension_then_smaller_C,False
ftv_complete_375,2026,LOCAL0,2,T1,"LateFusion(C,M)",384,8,0.0001,0.7563025210084033,validation_auroc,smaller_dimension_then_smaller_C,False
ftv_complete_375,2026,LOCAL0,2,T1,"LateFusion(C+F,M)",384,8,0.01,0.8252100840336134,validation_auroc,smaller_dimension_then_smaller_C,False
ftv_complete_375,2026,LOCAL0,2,T2,M,576,16,1.0,0.626890756302521,validation_auroc,smaller_dimension_then_smaller_C,False
ftv_complete_375,2026,LOCAL0,2,T2,C+M,576,8,1.0,0.7243697478991598,validation_auroc,smaller_dimension_then_smaller_C,False
ftv_complete_375,2026,LOCAL0,2,T2,C+F+M,576,8,1.0,0.7966386554621849,validation_auroc,smaller_dimension_then_smaller_C,False
ftv_complete_375,2026,LOCAL0,2,T2,M_residual,576,8,1.0,0.6554621848739496,validation_auroc,smaller_dimension_then_smaller_C,False
ftv_complete_375,2026,LOCAL0,2,T2,C+F+M_residual,576,8,0.1,0.8100840336134454,validation_auroc,smaller_dimension_then_smaller_C,False
ftv_complete_375,2026,LOCAL0,2,T2,"LateFusion(C,M)",576,16,0.1,0.7327731092436974,validation_auroc,smaller_dimension_then_smaller_C,False
ftv_complete_375,2026,LOCAL0,2,T2,"LateFusion(C+F,M)",576,32,0.001,0.7983193277310925,validation_auroc,smaller_dimension_then_smaller_C,False
ftv_complete_375,2026,LOCAL0,2,T3,M,768,16,1.0,0.611764705882353,validation_auroc,smaller_dimension_then_smaller_C,False
ftv_complete_375,2026,LOCAL0,2,T3,C+M,768,32,0.1,0.7243697478991596,validation_auroc,smaller_dimension_then_smaller_C,False
ftv_complete_375,2026,LOCAL0,2,T3,C+F+M,768,32,0.1,0.7680672268907563,validation_auroc,smaller_dimension_then_smaller_C,False
ftv_complete_375,2026,LOCAL0,2,T3,M_residual,768,16,10.0,0.6823529411764706,validation_auroc,smaller_dimension_then_smaller_C,False
ftv_complete_375,2026,LOCAL0,2,T3,C+F+M_residual,768,32,0.1,0.7815126050420168,validation_auroc,smaller_dimension_then_smaller_C,False
ftv_complete_375,2026,LOCAL0,2,T3,"LateFusion(C,M)",768,8,10.0,0.7361344537815127,validation_auroc,smaller_dimension_then_smaller_C,False
ftv_complete_375,2026,LOCAL0,2,T3,"LateFusion(C+F,M)",768,8,1.0,0.8033613445378152,validation_auroc,smaller_dimension_then_smaller_C,False
full_808,2026,LOCAL0,3,T0,M,192,16,0.0001,0.5746951219512195,validation_auroc,smaller_dimension_then_smaller_C,False
full_808,2026,LOCAL0,3,T0,C+M,192,16,0.001,0.728658536585366,validation_auroc,smaller_dimension_then_smaller_C,False
full_808,2026,LOCAL0,3,T0,"LateFusion(C,M)",192,32,0.1,0.7451219512195122,validation_auroc,smaller_dimension_then_smaller_C,False
full_808,2026,LOCAL0,3,T1,M,384,32,0.1,0.6371951219512195,validation_auroc,smaller_dimension_then_smaller_C,False
full_808,2026,LOCAL0,3,T1,C+M,384,32,0.01,0.7551829268292682,validation_auroc,smaller_dimension_then_smaller_C,False
full_808,2026,LOCAL0,3,T1,"LateFusion(C,M)",384,64,1.0,0.7509146341463414,validation_auroc,smaller_dimension_then_smaller_C,False
full_808,2026,LOCAL0,3,T2,M,576,64,1.0,0.575,validation_auroc,smaller_dimension_then_smaller_C,False
full_808,2026,LOCAL0,3,T2,C+M,576,8,0.01,0.7338414634146342,validation_auroc,smaller_dimension_then_smaller_C,False
full_808,2026,LOCAL0,3,T2,"LateFusion(C,M)",576,32,0.1,0.7512195121951218,validation_auroc,smaller_dimension_then_smaller_C,False
full_808,2026,LOCAL0,3,T3,M,768,32,0.0001,0.609451219512195,validation_auroc,smaller_dimension_then_smaller_C,False
full_808,2026,LOCAL0,3,T3,C+M,768,32,0.001,0.7423780487804877,validation_auroc,smaller_dimension_then_smaller_C,False
full_808,2026,LOCAL0,3,T3,"LateFusion(C,M)",768,64,0.0001,0.7551829268292682,validation_auroc,smaller_dimension_then_smaller_C,False
ftv_complete_375,2026,LOCAL0,3,T0,M,192,8,1.0,0.5439024390243903,validation_auroc,smaller_dimension_then_smaller_C,False
ftv_complete_375,2026,LOCAL0,3,T0,C+M,192,16,0.0001,0.7341463414634146,validation_auroc,smaller_dimension_then_smaller_C,False
ftv_complete_375,2026,LOCAL0,3,T0,C+F+M,192,16,0.0001,0.7402439024390244,validation_auroc,smaller_dimension_then_smaller_C,False
ftv_complete_375,2026,LOCAL0,3,T0,M_residual,192,16,10.0,0.5426829268292683,validation_auroc,smaller_dimension_then_smaller_C,False
ftv_complete_375,2026,LOCAL0,3,T0,C+F+M_residual,192,16,0.0001,0.7365853658536585,validation_auroc,smaller_dimension_then_smaller_C,False
ftv_complete_375,2026,LOCAL0,3,T0,"LateFusion(C,M)",192,32,0.001,0.7341463414634146,validation_auroc,smaller_dimension_then_smaller_C,False
ftv_complete_375,2026,LOCAL0,3,T0,"LateFusion(C+F,M)",192,32,0.0001,0.7414634146341463,validation_auroc,smaller_dimension_then_smaller_C,False
ftv_complete_375,2026,LOCAL0,3,T1,M,384,8,0.1,0.6182926829268293,validation_auroc,smaller_dimension_then_smaller_C,False
ftv_complete_375,2026,LOCAL0,3,T1,C+M,384,32,0.001,0.7585365853658537,validation_auroc,smaller_dimension_then_smaller_C,False
ftv_complete_375,2026,LOCAL0,3,T1,C+F+M,384,32,0.01,0.801219512195122,validation_auroc,smaller_dimension_then_smaller_C,False
ftv_complete_375,2026,LOCAL0,3,T1,M_residual,384,8,10.0,0.6573170731707317,validation_auroc,smaller_dimension_then_smaller_C,False
ftv_complete_375,2026,LOCAL0,3,T1,C+F+M_residual,384,8,0.0001,0.8170731707317073,validation_auroc,smaller_dimension_then_smaller_C,False
ftv_complete_375,2026,LOCAL0,3,T1,"LateFusion(C,M)",384,64,0.0001,0.7365853658536585,validation_auroc,smaller_dimension_then_smaller_C,False
ftv_complete_375,2026,LOCAL0,3,T1,"LateFusion(C+F,M)",384,64,0.0001,0.802439024390244,validation_auroc,smaller_dimension_then_smaller_C,False
ftv_complete_375,2026,LOCAL0,3,T2,M,576,64,0.1,0.598780487804878,validation_auroc,smaller_dimension_then_smaller_C,False
ftv_complete_375,2026,LOCAL0,3,T2,C+M,576,64,0.001,0.725609756097561,validation_auroc,smaller_dimension_then_smaller_C,False
ftv_complete_375,2026,LOCAL0,3,T2,C+F+M,576,64,0.0001,0.8060975609756097,validation_auroc,smaller_dimension_then_smaller_C,False
ftv_complete_375,2026,LOCAL0,3,T2,M_residual,576,64,0.1,0.6060975609756097,validation_auroc,smaller_dimension_then_smaller_C,False
ftv_complete_375,2026,LOCAL0,3,T2,C+F+M_residual,576,64,0.0001,0.8207317073170732,validation_auroc,smaller_dimension_then_smaller_C,False
ftv_complete_375,2026,LOCAL0,3,T2,"LateFusion(C,M)",576,64,0.0001,0.7536585365853659,validation_auroc,smaller_dimension_then_smaller_C,False
ftv_complete_375,2026,LOCAL0,3,T2,"LateFusion(C+F,M)",576,64,0.0001,0.8304878048780487,validation_auroc,smaller_dimension_then_smaller_C,False
ftv_complete_375,2026,LOCAL0,3,T3,M,768,64,100.0,0.6463414634146342,validation_auroc,smaller_dimension_then_smaller_C,False
ftv_complete_375,2026,LOCAL0,3,T3,C+M,768,64,0.0001,0.7329268292682927,validation_auroc,smaller_dimension_then_smaller_C,False
ftv_complete_375,2026,LOCAL0,3,T3,C+F+M,768,64,0.0001,0.8341463414634146,validation_auroc,smaller_dimension_then_smaller_C,False
ftv_complete_375,2026,LOCAL0,3,T3,M_residual,768,64,10.0,0.6670731707317074,validation_auroc,smaller_dimension_then_smaller_C,False
ftv_complete_375,2026,LOCAL0,3,T3,C+F+M_residual,768,64,0.0001,0.8451219512195122,validation_auroc,smaller_dimension_then_smaller_C,False
ftv_complete_375,2026,LOCAL0,3,T3,"LateFusion(C,M)",768,64,0.0001,0.7463414634146341,validation_auroc,smaller_dimension_then_smaller_C,False
ftv_complete_375,2026,LOCAL0,3,T3,"LateFusion(C+F,M)",768,16,0.1,0.8402439024390245,validation_auroc,smaller_dimension_then_smaller_C,False
full_808,2026,LOCAL0,4,T0,M,192,64,10.0,0.5957317073170731,validation_auroc,smaller_dimension_then_smaller_C,False
full_808,2026,LOCAL0,4,T0,C+M,192,64,0.001,0.7234756097560976,validation_auroc,smaller_dimension_then_smaller_C,False
full_808,2026,LOCAL0,4,T0,"LateFusion(C,M)",192,64,0.0001,0.7198170731707317,validation_auroc,smaller_dimension_then_smaller_C,False
full_808,2026,LOCAL0,4,T1,M,384,32,1.0,0.5506097560975609,validation_auroc,smaller_dimension_then_smaller_C,False
full_808,2026,LOCAL0,4,T1,C+M,384,32,0.0001,0.7067073170731708,validation_auroc,smaller_dimension_then_smaller_C,False
full_808,2026,LOCAL0,4,T1,"LateFusion(C,M)",384,32,0.001,0.704268292682927,validation_auroc,smaller_dimension_then_smaller_C,False
full_808,2026,LOCAL0,4,T2,M,576,64,10.0,0.6414634146341464,validation_auroc,smaller_dimension_then_smaller_C,False
full_808,2026,LOCAL0,4,T2,C+M,576,64,0.0001,0.7277439024390244,validation_auroc,smaller_dimension_then_smaller_C,False
full_808,2026,LOCAL0,4,T2,"LateFusion(C,M)",576,64,0.0001,0.7173780487804878,validation_auroc,smaller_dimension_then_smaller_C,False
full_808,2026,LOCAL0,4,T3,M,768,64,0.1,0.6155487804878048,validation_auroc,smaller_dimension_then_smaller_C,False
full_808,2026,LOCAL0,4,T3,C+M,768,64,0.0001,0.7042682926829269,validation_auroc,smaller_dimension_then_smaller_C,False
full_808,2026,LOCAL0,4,T3,"LateFusion(C,M)",768,64,0.1,0.7045731707317073,validation_auroc,smaller_dimension_then_smaller_C,False
ftv_complete_375,2026,LOCAL0,4,T0,M,192,8,0.0001,0.6076086956521739,validation_auroc,smaller_dimension_then_smaller_C,False
ftv_complete_375,2026,LOCAL0,4,T0,C+M,192,8,0.0001,0.7119565217391304,validation_auroc,smaller_dimension_then_smaller_C,False
ftv_complete_375,2026,LOCAL0,4,T0,C+F+M,192,8,0.0001,0.7173913043478259,validation_auroc,smaller_dimension_then_smaller_C,False
ftv_complete_375,2026,LOCAL0,4,T0,M_residual,192,8,0.01,0.6434782608695653,validation_auroc,smaller_dimension_then_smaller_C,False
ftv_complete_375,2026,LOCAL0,4,T0,C+F+M_residual,192,8,0.0001,0.725,validation_auroc,smaller_dimension_then_smaller_C,False
ftv_complete_375,2026,LOCAL0,4,T0,"LateFusion(C,M)",192,8,0.0001,0.7119565217391304,validation_auroc,smaller_dimension_then_smaller_C,False
ftv_complete_375,2026,LOCAL0,4,T0,"LateFusion(C+F,M)",192,8,0.001,0.7152173913043478,validation_auroc,smaller_dimension_then_smaller_C,False
ftv_complete_375,2026,LOCAL0,4,T1,M,384,16,10.0,0.48695652173913045,validation_auroc,smaller_dimension_then_smaller_C,False
ftv_complete_375,2026,LOCAL0,4,T1,C+M,384,16,1.0,0.6510869565217392,validation_auroc,smaller_dimension_then_smaller_C,False
ftv_complete_375,2026,LOCAL0,4,T1,C+F+M,384,8,100.0,0.7510869565217392,validation_auroc,smaller_dimension_then_smaller_C,False
ftv_complete_375,2026,LOCAL0,4,T1,M_residual,384,16,10.0,0.5641304347826086,validation_auroc,smaller_dimension_then_smaller_C,False
ftv_complete_375,2026,LOCAL0,4,T1,C+F+M_residual,384,8,100.0,0.7510869565217392,validation_auroc,smaller_dimension_then_smaller_C,False
ftv_complete_375,2026,LOCAL0,4,T1,"LateFusion(C,M)",384,16,0.1,0.6739130434782609,validation_auroc,smaller_dimension_then_smaller_C,False
ftv_complete_375,2026,LOCAL0,4,T1,"LateFusion(C+F,M)",384,8,1.0,0.7152173913043478,validation_auroc,smaller_dimension_then_smaller_C,False
ftv_complete_375,2026,LOCAL0,4,T2,M,576,64,1.0,0.5282608695652173,validation_auroc,smaller_dimension_then_smaller_C,False
ftv_complete_375,2026,LOCAL0,4,T2,C+M,576,16,100.0,0.6717391304347826,validation_auroc,smaller_dimension_then_smaller_C,False
ftv_complete_375,2026,LOCAL0,4,T2,C+F+M,576,16,100.0,0.8076086956521739,validation_auroc,smaller_dimension_then_smaller_C,False
ftv_complete_375,2026,LOCAL0,4,T2,M_residual,576,16,10.0,0.6206521739130435,validation_auroc,smaller_dimension_then_smaller_C,False
ftv_complete_375,2026,LOCAL0,4,T2,C+F+M_residual,576,16,100.0,0.808695652173913,validation_auroc,smaller_dimension_then_smaller_C,False
ftv_complete_375,2026,LOCAL0,4,T2,"LateFusion(C,M)",576,16,0.0001,0.6652173913043479,validation_auroc,smaller_dimension_then_smaller_C,False
ftv_complete_375,2026,LOCAL0,4,T2,"LateFusion(C+F,M)",576,32,10.0,0.726086956521739,validation_auroc,smaller_dimension_then_smaller_C,False
ftv_complete_375,2026,LOCAL0,4,T3,M,768,16,1.0,0.5597826086956522,validation_auroc,smaller_dimension_then_smaller_C,False
ftv_complete_375,2026,LOCAL0,4,T3,C+M,768,8,0.0001,0.6782608695652175,validation_auroc,smaller_dimension_then_smaller_C,False
ftv_complete_375,2026,LOCAL0,4,T3,C+F+M,768,16,1.0,0.7967391304347826,validation_auroc,smaller_dimension_then_smaller_C,False
ftv_complete_375,2026,LOCAL0,4,T3,M_residual,768,16,100.0,0.6163043478260869,validation_auroc,smaller_dimension_then_smaller_C,False
ftv_complete_375,2026,LOCAL0,4,T3,C+F+M_residual,768,16,1.0,0.7967391304347826,validation_auroc,smaller_dimension_then_smaller_C,False
ftv_complete_375,2026,LOCAL0,4,T3,"LateFusion(C,M)",768,16,1.0,0.675,validation_auroc,smaller_dimension_then_smaller_C,False
ftv_complete_375,2026,LOCAL0,4,T3,"LateFusion(C+F,M)",768,16,0.1,0.7934782608695652,validation_auroc,smaller_dimension_then_smaller_C,False
full_808,2026,LOCAL3,0,T0,M,192,32,100.0,0.5599758890898131,validation_auroc,smaller_dimension_then_smaller_C,False
full_808,2026,LOCAL3,0,T0,C+M,192,8,0.0001,0.7227245328511152,validation_auroc,smaller_dimension_then_smaller_C,False
full_808,2026,LOCAL3,0,T0,"LateFusion(C,M)",192,8,0.01,0.745328511151296,validation_auroc,smaller_dimension_then_smaller_C,False
full_808,2026,LOCAL3,0,T1,M,384,32,1.0,0.596745027124774,validation_auroc,smaller_dimension_then_smaller_C,False
full_808,2026,LOCAL3,0,T1,C+M,384,16,0.0001,0.7371910789632308,validation_auroc,smaller_dimension_then_smaller_C,False
full_808,2026,LOCAL3,0,T1,"LateFusion(C,M)",384,64,0.1,0.7417118746232669,validation_auroc,smaller_dimension_then_smaller_C,False
full_808,2026,LOCAL3,0,T2,M,576,32,0.1,0.6859553948161543,validation_auroc,smaller_dimension_then_smaller_C,False
full_808,2026,LOCAL3,0,T2,C+M,576,64,0.0001,0.7739602169981916,validation_auroc,smaller_dimension_then_smaller_C,False
full_808,2026,LOCAL3,0,T2,"LateFusion(C,M)",576,64,0.1,0.7573839662447257,validation_auroc,smaller_dimension_then_smaller_C,False
full_808,2026,LOCAL3,0,T3,M,768,64,0.0001,0.6962025316455696,validation_auroc,smaller_dimension_then_smaller_C,False
full_808,2026,LOCAL3,0,T3,C+M,768,32,0.0001,0.7739602169981916,validation_auroc,smaller_dimension_then_smaller_C,False
full_808,2026,LOCAL3,0,T3,"LateFusion(C,M)",768,64,0.01,0.7600964436407475,validation_auroc,smaller_dimension_then_smaller_C,False
ftv_complete_375,2026,LOCAL3,0,T0,M,192,16,0.0001,0.5039473684210526,validation_auroc,smaller_dimension_then_smaller_C,False
ftv_complete_375,2026,LOCAL3,0,T0,C+M,192,16,0.001,0.8315789473684211,validation_auroc,smaller_dimension_then_smaller_C,False
ftv_complete_375,2026,LOCAL3,0,T0,C+F+M,192,16,0.0001,0.8197368421052631,validation_auroc,smaller_dimension_then_smaller_C,False
ftv_complete_375,2026,LOCAL3,0,T0,M_residual,192,16,0.0001,0.49605263157894736,validation_auroc,smaller_dimension_then_smaller_C,False
ftv_complete_375,2026,LOCAL3,0,T0,C+F+M_residual,192,16,0.0001,0.8210526315789473,validation_auroc,smaller_dimension_then_smaller_C,False
ftv_complete_375,2026,LOCAL3,0,T0,"LateFusion(C,M)",192,64,0.1,0.8618421052631579,validation_auroc,smaller_dimension_then_smaller_C,False
ftv_complete_375,2026,LOCAL3,0,T0,"LateFusion(C+F,M)",192,64,0.0001,0.8513157894736842,validation_auroc,smaller_dimension_then_smaller_C,False
ftv_complete_375,2026,LOCAL3,0,T1,M,384,64,10.0,0.6092105263157894,validation_auroc,smaller_dimension_then_smaller_C,False
ftv_complete_375,2026,LOCAL3,0,T1,C+M,384,8,0.0001,0.8381578947368421,validation_auroc,smaller_dimension_then_smaller_C,False
ftv_complete_375,2026,LOCAL3,0,T1,C+F+M,384,8,10.0,0.8368421052631578,validation_auroc,smaller_dimension_then_smaller_C,False
ftv_complete_375,2026,LOCAL3,0,T1,M_residual,384,64,100.0,0.5671052631578948,validation_auroc,smaller_dimension_then_smaller_C,False
ftv_complete_375,2026,LOCAL3,0,T1,C+F+M_residual,384,8,10.0,0.8368421052631578,validation_auroc,smaller_dimension_then_smaller_C,False
ftv_complete_375,2026,LOCAL3,0,T1,"LateFusion(C,M)",384,32,0.0001,0.8644736842105263,validation_auroc,smaller_dimension_then_smaller_C,False
ftv_complete_375,2026,LOCAL3,0,T1,"LateFusion(C+F,M)",384,64,0.1,0.8473684210526315,validation_auroc,smaller_dimension_then_smaller_C,False
ftv_complete_375,2026,LOCAL3,0,T2,M,576,64,100.0,0.6671052631578948,validation_auroc,smaller_dimension_then_smaller_C,False
ftv_complete_375,2026,LOCAL3,0,T2,C+M,576,8,0.0001,0.8657894736842106,validation_auroc,smaller_dimension_then_smaller_C,False
ftv_complete_375,2026,LOCAL3,0,T2,C+F+M,576,8,100.0,0.8697368421052631,validation_auroc,smaller_dimension_then_smaller_C,False
ftv_complete_375,2026,LOCAL3,0,T2,M_residual,576,32,0.0001,0.5539473684210526,validation_auroc,smaller_dimension_then_smaller_C,False
ftv_complete_375,2026,LOCAL3,0,T2,C+F+M_residual,576,8,100.0,0.8697368421052631,validation_auroc,smaller_dimension_then_smaller_C,False
ftv_complete_375,2026,LOCAL3,0,T2,"LateFusion(C,M)",576,16,0.1,0.8605263157894737,validation_auroc,smaller_dimension_then_smaller_C,False
ftv_complete_375,2026,LOCAL3,0,T2,"LateFusion(C+F,M)",576,64,0.0001,0.8802631578947369,validation_auroc,smaller_dimension_then_smaller_C,False
ftv_complete_375,2026,LOCAL3,0,T3,M,768,64,100.0,0.7368421052631579,validation_auroc,smaller_dimension_then_smaller_C,False
ftv_complete_375,2026,LOCAL3,0,T3,C+M,768,64,0.001,0.8513157894736841,validation_auroc,smaller_dimension_then_smaller_C,False
ftv_complete_375,2026,LOCAL3,0,T3,C+F+M,768,8,1.0,0.8460526315789474,validation_auroc,smaller_dimension_then_smaller_C,False
ftv_complete_375,2026,LOCAL3,0,T3,M_residual,768,64,10.0,0.644736842105263,validation_auroc,smaller_dimension_then_smaller_C,False
ftv_complete_375,2026,LOCAL3,0,T3,C+F+M_residual,768,8,100.0,0.8460526315789474,validation_auroc,smaller_dimension_then_smaller_C,False
ftv_complete_375,2026,LOCAL3,0,T3,"LateFusion(C,M)",768,64,1.0,0.8644736842105263,validation_auroc,smaller_dimension_then_smaller_C,False
ftv_complete_375,2026,LOCAL3,0,T3,"LateFusion(C+F,M)",768,64,0.0001,0.8605263157894736,validation_auroc,smaller_dimension_then_smaller_C,False
full_808,2026,LOCAL3,1,T0,M,192,16,0.1,0.6271341463414634,validation_auroc,smaller_dimension_then_smaller_C,False
full_808,2026,LOCAL3,1,T0,C+M,192,16,0.01,0.7475609756097562,validation_auroc,smaller_dimension_then_smaller_C,False
full_808,2026,LOCAL3,1,T0,"LateFusion(C,M)",192,16,0.1,0.7414634146341463,validation_auroc,smaller_dimension_then_smaller_C,False
full_808,2026,LOCAL3,1,T1,M,384,8,1.0,0.6853658536585365,validation_auroc,smaller_dimension_then_smaller_C,False
full_808,2026,LOCAL3,1,T1,C+M,384,32,0.01,0.7698170731707318,validation_auroc,smaller_dimension_then_smaller_C,False
full_808,2026,LOCAL3,1,T1,"LateFusion(C,M)",384,64,0.0001,0.739329268292683,validation_auroc,smaller_dimension_then_smaller_C,False
full_808,2026,LOCAL3,1,T2,M,576,32,0.01,0.7457317073170732,validation_auroc,smaller_dimension_then_smaller_C,False
full_808,2026,LOCAL3,1,T2,C+M,576,32,0.1,0.7963414634146342,validation_auroc,smaller_dimension_then_smaller_C,False
full_808,2026,LOCAL3,1,T2,"LateFusion(C,M)",576,32,0.01,0.7579268292682927,validation_auroc,smaller_dimension_then_smaller_C,False
full_808,2026,LOCAL3,1,T3,M,768,32,0.0001,0.6859756097560975,validation_auroc,smaller_dimension_then_smaller_C,False
full_808,2026,LOCAL3,1,T3,C+M,768,64,0.01,0.7762195121951219,validation_auroc,smaller_dimension_then_smaller_C,False
full_808,2026,LOCAL3,1,T3,"LateFusion(C,M)",768,64,0.1,0.763719512195122,validation_auroc,smaller_dimension_then_smaller_C,False
ftv_complete_375,2026,LOCAL3,1,T0,M,192,8,0.01,0.5783730158730159,validation_auroc,smaller_dimension_then_smaller_C,False
ftv_complete_375,2026,LOCAL3,1,T0,C+M,192,8,0.1,0.6805555555555556,validation_auroc,smaller_dimension_then_smaller_C,False
ftv_complete_375,2026,LOCAL3,1,T0,C+F+M,192,8,0.1,0.6805555555555556,validation_auroc,smaller_dimension_then_smaller_C,False
ftv_complete_375,2026,LOCAL3,1,T0,M_residual,192,8,1.0,0.5615079365079365,validation_auroc,smaller_dimension_then_smaller_C,False
ftv_complete_375,2026,LOCAL3,1,T0,C+F+M_residual,192,8,0.1,0.6825396825396826,validation_auroc,smaller_dimension_then_smaller_C,False
ftv_complete_375,2026,LOCAL3,1,T0,"LateFusion(C,M)",192,8,0.0001,0.6646825396825398,validation_auroc,smaller_dimension_then_smaller_C,False
ftv_complete_375,2026,LOCAL3,1,T0,"LateFusion(C+F,M)",192,8,0.0001,0.675595238095238,validation_auroc,smaller_dimension_then_smaller_C,False
ftv_complete_375,2026,LOCAL3,1,T1,M,384,8,0.1,0.6547619047619048,validation_auroc,smaller_dimension_then_smaller_C,False
ftv_complete_375,2026,LOCAL3,1,T1,C+M,384,16,1.0,0.7142857142857143,validation_auroc,smaller_dimension_then_smaller_C,False
ftv_complete_375,2026,LOCAL3,1,T1,C+F+M,384,16,0.1,0.7420634920634921,validation_auroc,smaller_dimension_then_smaller_C,False
ftv_complete_375,2026,LOCAL3,1,T1,M_residual,384,32,0.0001,0.566468253968254,validation_auroc,smaller_dimension_then_smaller_C,False
ftv_complete_375,2026,LOCAL3,1,T1,C+F+M_residual,384,16,0.1,0.7232142857142857,validation_auroc,smaller_dimension_then_smaller_C,False
ftv_complete_375,2026,LOCAL3,1,T1,"LateFusion(C,M)",384,32,0.1,0.6726190476190477,validation_auroc,smaller_dimension_then_smaller_C,False
ftv_complete_375,2026,LOCAL3,1,T1,"LateFusion(C+F,M)",384,32,0.1,0.7192460317460317,validation_auroc,smaller_dimension_then_smaller_C,False
ftv_complete_375,2026,LOCAL3,1,T2,M,576,32,0.0001,0.6666666666666666,validation_auroc,smaller_dimension_then_smaller_C,False
ftv_complete_375,2026,LOCAL3,1,T2,C+M,576,32,0.1,0.7162698412698413,validation_auroc,smaller_dimension_then_smaller_C,False
ftv_complete_375,2026,LOCAL3,1,T2,C+F+M,576,32,0.1,0.748015873015873,validation_auroc,smaller_dimension_then_smaller_C,False
ftv_complete_375,2026,LOCAL3,1,T2,M_residual,576,32,0.0001,0.5446428571428571,validation_auroc,smaller_dimension_then_smaller_C,False
ftv_complete_375,2026,LOCAL3,1,T2,C+F+M_residual,576,32,1.0,0.7450396825396824,validation_auroc,smaller_dimension_then_smaller_C,False
ftv_complete_375,2026,LOCAL3,1,T2,"LateFusion(C,M)",576,32,0.0001,0.6865079365079365,validation_auroc,smaller_dimension_then_smaller_C,False
ftv_complete_375,2026,LOCAL3,1,T2,"LateFusion(C+F,M)",576,32,0.01,0.7380952380952381,validation_auroc,smaller_dimension_then_smaller_C,False
ftv_complete_375,2026,LOCAL3,1,T3,M,768,32,0.0001,0.6488095238095237,validation_auroc,smaller_dimension_then_smaller_C,False
ftv_complete_375,2026,LOCAL3,1,T3,C+M,768,32,0.0001,0.689484126984127,validation_auroc,smaller_dimension_then_smaller_C,False
ftv_complete_375,2026,LOCAL3,1,T3,C+F+M,768,32,1.0,0.7251984126984127,validation_auroc,smaller_dimension_then_smaller_C,False
ftv_complete_375,2026,LOCAL3,1,T3,M_residual,768,32,0.001,0.5317460317460317,validation_auroc,smaller_dimension_then_smaller_C,False
ftv_complete_375,2026,LOCAL3,1,T3,C+F+M_residual,768,32,10.0,0.7222222222222222,validation_auroc,smaller_dimension_then_smaller_C,False
ftv_complete_375,2026,LOCAL3,1,T3,"LateFusion(C,M)",768,32,0.001,0.6775793650793651,validation_auroc,smaller_dimension_then_smaller_C,False
ftv_complete_375,2026,LOCAL3,1,T3,"LateFusion(C+F,M)",768,32,0.0001,0.7251984126984127,validation_auroc,smaller_dimension_then_smaller_C,False
full_808,2026,LOCAL3,2,T0,M,192,32,10.0,0.5762507534659433,validation_auroc,smaller_dimension_then_smaller_C,False
full_808,2026,LOCAL3,2,T0,C+M,192,16,0.1,0.7944544906570223,validation_auroc,smaller_dimension_then_smaller_C,False
full_808,2026,LOCAL3,2,T0,"LateFusion(C,M)",192,32,0.01,0.7986738999397228,validation_auroc,smaller_dimension_then_smaller_C,False
full_808,2026,LOCAL3,2,T1,M,384,8,1.0,0.5599758890898131,validation_auroc,smaller_dimension_then_smaller_C,False
full_808,2026,LOCAL3,2,T1,C+M,384,8,0.01,0.7757685352622061,validation_auroc,smaller_dimension_then_smaller_C,False
full_808,2026,LOCAL3,2,T1,"LateFusion(C,M)",384,64,0.0001,0.7908378541289933,validation_auroc,smaller_dimension_then_smaller_C,False
full_808,2026,LOCAL3,2,T2,M,576,64,0.1,0.6262808921036769,validation_auroc,smaller_dimension_then_smaller_C,False
full_808,2026,LOCAL3,2,T2,C+M,576,64,0.01,0.7986738999397226,validation_auroc,smaller_dimension_then_smaller_C,False
full_808,2026,LOCAL3,2,T2,"LateFusion(C,M)",576,64,0.1,0.7869198312236286,validation_auroc,smaller_dimension_then_smaller_C,False
full_808,2026,LOCAL3,2,T3,M,768,16,1.0,0.5581675708257986,validation_auroc,smaller_dimension_then_smaller_C,False
full_808,2026,LOCAL3,2,T3,C+M,768,16,0.01,0.7597950572634118,validation_auroc,smaller_dimension_then_smaller_C,False
full_808,2026,LOCAL3,2,T3,"LateFusion(C,M)",768,16,0.0001,0.764014466546112,validation_auroc,smaller_dimension_then_smaller_C,False
ftv_complete_375,2026,LOCAL3,2,T0,M,192,64,100.0,0.5915966386554622,validation_auroc,smaller_dimension_then_smaller_C,False
ftv_complete_375,2026,LOCAL3,2,T0,C+M,192,16,0.1,0.7210084033613446,validation_auroc,smaller_dimension_then_smaller_C,False
ftv_complete_375,2026,LOCAL3,2,T0,C+F+M,192,16,0.01,0.7126050420168067,validation_auroc,smaller_dimension_then_smaller_C,False
ftv_complete_375,2026,LOCAL3,2,T0,M_residual,192,64,10.0,0.5764705882352941,validation_auroc,smaller_dimension_then_smaller_C,False
ftv_complete_375,2026,LOCAL3,2,T0,C+F+M_residual,192,16,0.1,0.7159663865546219,validation_auroc,smaller_dimension_then_smaller_C,False
ftv_complete_375,2026,LOCAL3,2,T0,"LateFusion(C,M)",192,64,1.0,0.7546218487394958,validation_auroc,smaller_dimension_then_smaller_C,False
ftv_complete_375,2026,LOCAL3,2,T0,"LateFusion(C+F,M)",192,64,1.0,0.7512605042016807,validation_auroc,smaller_dimension_then_smaller_C,False
ftv_complete_375,2026,LOCAL3,2,T1,M,384,8,1.0,0.665546218487395,validation_auroc,smaller_dimension_then_smaller_C,False
ftv_complete_375,2026,LOCAL3,2,T1,C+M,384,32,1.0,0.7966386554621848,validation_auroc,smaller_dimension_then_smaller_C,False
ftv_complete_375,2026,LOCAL3,2,T1,C+F+M,384,8,1.0,0.8436974789915966,validation_auroc,smaller_dimension_then_smaller_C,False
ftv_complete_375,2026,LOCAL3,2,T1,M_residual,384,8,10.0,0.6722689075630253,validation_auroc,smaller_dimension_then_smaller_C,False
ftv_complete_375,2026,LOCAL3,2,T1,C+F+M_residual,384,8,10.0,0.842016806722689,validation_auroc,smaller_dimension_then_smaller_C,False
ftv_complete_375,2026,LOCAL3,2,T1,"LateFusion(C,M)",384,8,0.1,0.7546218487394958,validation_auroc,smaller_dimension_then_smaller_C,False
ftv_complete_375,2026,LOCAL3,2,T1,"LateFusion(C+F,M)",384,64,10.0,0.826890756302521,validation_auroc,smaller_dimension_then_smaller_C,False
ftv_complete_375,2026,LOCAL3,2,T2,M,576,32,0.0001,0.6436974789915967,validation_auroc,smaller_dimension_then_smaller_C,False
ftv_complete_375,2026,LOCAL3,2,T2,C+M,576,32,1.0,0.7512605042016807,validation_auroc,smaller_dimension_then_smaller_C,False
ftv_complete_375,2026,LOCAL3,2,T2,C+F+M,576,8,1.0,0.7714285714285715,validation_auroc,smaller_dimension_then_smaller_C,False
ftv_complete_375,2026,LOCAL3,2,T2,M_residual,576,64,100.0,0.6487394957983194,validation_auroc,smaller_dimension_then_smaller_C,False
ftv_complete_375,2026,LOCAL3,2,T2,C+F+M_residual,576,8,0.1,0.7781512605042017,validation_auroc,smaller_dimension_then_smaller_C,False
ftv_complete_375,2026,LOCAL3,2,T2,"LateFusion(C,M)",576,64,0.0001,0.7378151260504201,validation_auroc,smaller_dimension_then_smaller_C,False
ftv_complete_375,2026,LOCAL3,2,T2,"LateFusion(C+F,M)",576,64,10.0,0.8067226890756303,validation_auroc,smaller_dimension_then_smaller_C,False
ftv_complete_375,2026,LOCAL3,2,T3,M,768,16,1.0,0.5865546218487395,validation_auroc,smaller_dimension_then_smaller_C,False
ftv_complete_375,2026,LOCAL3,2,T3,C+M,768,32,0.01,0.7294117647058823,validation_auroc,smaller_dimension_then_smaller_C,False
ftv_complete_375,2026,LOCAL3,2,T3,C+F+M,768,32,0.1,0.7613445378151261,validation_auroc,smaller_dimension_then_smaller_C,False
ftv_complete_375,2026,LOCAL3,2,T3,M_residual,768,16,10.0,0.6184873949579832,validation_auroc,smaller_dimension_then_smaller_C,False
ftv_complete_375,2026,LOCAL3,2,T3,C+F+M_residual,768,16,0.1,0.7663865546218487,validation_auroc,smaller_dimension_then_smaller_C,False
ftv_complete_375,2026,LOCAL3,2,T3,"LateFusion(C,M)",768,64,0.0001,0.7243697478991596,validation_auroc,smaller_dimension_then_smaller_C,False
ftv_complete_375,2026,LOCAL3,2,T3,"LateFusion(C+F,M)",768,8,1.0,0.7882352941176471,validation_auroc,smaller_dimension_then_smaller_C,False
full_808,2026,LOCAL3,3,T0,M,192,64,0.0001,0.5963414634146341,validation_auroc,smaller_dimension_then_smaller_C,False
full_808,2026,LOCAL3,3,T0,C+M,192,64,0.001,0.739939024390244,validation_auroc,smaller_dimension_then_smaller_C,False
full_808,2026,LOCAL3,3,T0,"LateFusion(C,M)",192,64,1.0,0.7442073170731707,validation_auroc,smaller_dimension_then_smaller_C,False
full_808,2026,LOCAL3,3,T1,M,384,32,10.0,0.6628048780487804,validation_auroc,smaller_dimension_then_smaller_C,False
full_808,2026,LOCAL3,3,T1,C+M,384,32,0.01,0.7673780487804879,validation_auroc,smaller_dimension_then_smaller_C,False
full_808,2026,LOCAL3,3,T1,"LateFusion(C,M)",384,32,1.0,0.7625000000000001,validation_auroc,smaller_dimension_then_smaller_C,False
full_808,2026,LOCAL3,3,T2,M,576,16,0.0001,0.5643292682926829,validation_auroc,smaller_dimension_then_smaller_C,False
full_808,2026,LOCAL3,3,T2,C+M,576,32,0.001,0.739939024390244,validation_auroc,smaller_dimension_then_smaller_C,False
full_808,2026,LOCAL3,3,T2,"LateFusion(C,M)",576,32,0.0001,0.7539634146341464,validation_auroc,smaller_dimension_then_smaller_C,False
full_808,2026,LOCAL3,3,T3,M,768,32,0.0001,0.6118902439024391,validation_auroc,smaller_dimension_then_smaller_C,False
full_808,2026,LOCAL3,3,T3,C+M,768,64,0.001,0.7588414634146341,validation_auroc,smaller_dimension_then_smaller_C,False
full_808,2026,LOCAL3,3,T3,"LateFusion(C,M)",768,32,0.001,0.7664634146341464,validation_auroc,smaller_dimension_then_smaller_C,False
ftv_complete_375,2026,LOCAL3,3,T0,M,192,8,0.0001,0.6170731707317072,validation_auroc,smaller_dimension_then_smaller_C,False
ftv_complete_375,2026,LOCAL3,3,T0,C+M,192,16,0.001,0.7402439024390244,validation_auroc,smaller_dimension_then_smaller_C,False
ftv_complete_375,2026,LOCAL3,3,T0,C+F+M,192,8,0.0001,0.7414634146341463,validation_auroc,smaller_dimension_then_smaller_C,False
ftv_complete_375,2026,LOCAL3,3,T0,M_residual,192,8,1.0,0.6134146341463415,validation_auroc,smaller_dimension_then_smaller_C,False
ftv_complete_375,2026,LOCAL3,3,T0,C+F+M_residual,192,8,0.001,0.7378048780487805,validation_auroc,smaller_dimension_then_smaller_C,False
ftv_complete_375,2026,LOCAL3,3,T0,"LateFusion(C,M)",192,32,0.01,0.7353658536585366,validation_auroc,smaller_dimension_then_smaller_C,False
ftv_complete_375,2026,LOCAL3,3,T0,"LateFusion(C+F,M)",192,32,0.01,0.7414634146341463,validation_auroc,smaller_dimension_then_smaller_C,False
ftv_complete_375,2026,LOCAL3,3,T1,M,384,16,0.0001,0.6524390243902438,validation_auroc,smaller_dimension_then_smaller_C,False
ftv_complete_375,2026,LOCAL3,3,T1,C+M,384,32,0.001,0.7695121951219512,validation_auroc,smaller_dimension_then_smaller_C,False
ftv_complete_375,2026,LOCAL3,3,T1,C+F+M,384,32,0.0001,0.8085365853658536,validation_auroc,smaller_dimension_then_smaller_C,False
ftv_complete_375,2026,LOCAL3,3,T1,M_residual,384,16,0.1,0.6682926829268293,validation_auroc,smaller_dimension_then_smaller_C,False
ftv_complete_375,2026,LOCAL3,3,T1,C+F+M_residual,384,16,0.01,0.8195121951219513,validation_auroc,smaller_dimension_then_smaller_C,False
ftv_complete_375,2026,LOCAL3,3,T1,"LateFusion(C,M)",384,32,0.1,0.7365853658536585,validation_auroc,smaller_dimension_then_smaller_C,False
ftv_complete_375,2026,LOCAL3,3,T1,"LateFusion(C+F,M)",384,64,0.0001,0.8146341463414635,validation_auroc,smaller_dimension_then_smaller_C,False
ftv_complete_375,2026,LOCAL3,3,T2,M,576,64,1.0,0.6060975609756097,validation_auroc,smaller_dimension_then_smaller_C,False
ftv_complete_375,2026,LOCAL3,3,T2,C+M,576,16,0.001,0.7268292682926829,validation_auroc,smaller_dimension_then_smaller_C,False
ftv_complete_375,2026,LOCAL3,3,T2,C+F+M,576,16,0.0001,0.8158536585365854,validation_auroc,smaller_dimension_then_smaller_C,False
ftv_complete_375,2026,LOCAL3,3,T2,M_residual,576,16,10.0,0.6426829268292683,validation_auroc,smaller_dimension_then_smaller_C,False
ftv_complete_375,2026,LOCAL3,3,T2,C+F+M_residual,576,16,0.0001,0.8390243902439025,validation_auroc,smaller_dimension_then_smaller_C,False
ftv_complete_375,2026,LOCAL3,3,T2,"LateFusion(C,M)",576,64,0.0001,0.7548780487804878,validation_auroc,smaller_dimension_then_smaller_C,False
ftv_complete_375,2026,LOCAL3,3,T2,"LateFusion(C+F,M)",576,8,0.01,0.8317073170731707,validation_auroc,smaller_dimension_then_smaller_C,False
ftv_complete_375,2026,LOCAL3,3,T3,M,768,64,10.0,0.6865853658536585,validation_auroc,smaller_dimension_then_smaller_C,False
ftv_complete_375,2026,LOCAL3,3,T3,C+M,768,64,0.0001,0.725609756097561,validation_auroc,smaller_dimension_then_smaller_C,False
ftv_complete_375,2026,LOCAL3,3,T3,C+F+M,768,32,0.0001,0.8207317073170732,validation_auroc,smaller_dimension_then_smaller_C,False
ftv_complete_375,2026,LOCAL3,3,T3,M_residual,768,64,10.0,0.6829268292682926,validation_auroc,smaller_dimension_then_smaller_C,False
ftv_complete_375,2026,LOCAL3,3,T3,C+F+M_residual,768,32,0.0001,0.8463414634146341,validation_auroc,smaller_dimension_then_smaller_C,False
ftv_complete_375,2026,LOCAL3,3,T3,"LateFusion(C,M)",768,64,0.1,0.7585365853658537,validation_auroc,smaller_dimension_then_smaller_C,False
ftv_complete_375,2026,LOCAL3,3,T3,"LateFusion(C+F,M)",768,16,100.0,0.8402439024390245,validation_auroc,smaller_dimension_then_smaller_C,False
full_808,2026,LOCAL3,4,T0,M,192,32,1.0,0.6317073170731707,validation_auroc,smaller_dimension_then_smaller_C,False
full_808,2026,LOCAL3,4,T0,C+M,192,64,0.001,0.7164634146341463,validation_auroc,smaller_dimension_then_smaller_C,False
full_808,2026,LOCAL3,4,T0,"LateFusion(C,M)",192,64,0.0001,0.7115853658536586,validation_auroc,smaller_dimension_then_smaller_C,False
full_808,2026,LOCAL3,4,T1,M,384,64,0.0001,0.5908536585365853,validation_auroc,smaller_dimension_then_smaller_C,False
full_808,2026,LOCAL3,4,T1,C+M,384,64,0.0001,0.7131097560975611,validation_auroc,smaller_dimension_then_smaller_C,False
full_808,2026,LOCAL3,4,T1,"LateFusion(C,M)",384,64,0.0001,0.710060975609756,validation_auroc,smaller_dimension_then_smaller_C,False
full_808,2026,LOCAL3,4,T2,M,576,64,0.0001,0.6435975609756097,validation_auroc,smaller_dimension_then_smaller_C,False
full_808,2026,LOCAL3,4,T2,C+M,576,64,0.0001,0.7286585365853658,validation_auroc,smaller_dimension_then_smaller_C,False
full_808,2026,LOCAL3,4,T2,"LateFusion(C,M)",576,64,0.0001,0.726219512195122,validation_auroc,smaller_dimension_then_smaller_C,False
full_808,2026,LOCAL3,4,T3,M,768,64,10.0,0.625,validation_auroc,smaller_dimension_then_smaller_C,False
full_808,2026,LOCAL3,4,T3,C+M,768,64,0.0001,0.7091463414634146,validation_auroc,smaller_dimension_then_smaller_C,False
full_808,2026,LOCAL3,4,T3,"LateFusion(C,M)",768,64,0.0001,0.7161585365853658,validation_auroc,smaller_dimension_then_smaller_C,False
ftv_complete_375,2026,LOCAL3,4,T0,M,192,8,0.01,0.6358695652173912,validation_auroc,smaller_dimension_then_smaller_C,False
ftv_complete_375,2026,LOCAL3,4,T0,C+M,192,8,0.001,0.7293478260869565,validation_auroc,smaller_dimension_then_smaller_C,False
ftv_complete_375,2026,LOCAL3,4,T0,C+F+M,192,8,0.0001,0.7326086956521739,validation_auroc,smaller_dimension_then_smaller_C,False
ftv_complete_375,2026,LOCAL3,4,T0,M_residual,192,8,1.0,0.667391304347826,validation_auroc,smaller_dimension_then_smaller_C,False
ftv_complete_375,2026,LOCAL3,4,T0,C+F+M_residual,192,8,0.0001,0.7380434782608695,validation_auroc,smaller_dimension_then_smaller_C,False
ftv_complete_375,2026,LOCAL3,4,T0,"LateFusion(C,M)",192,8,0.0001,0.7108695652173913,validation_auroc,smaller_dimension_then_smaller_C,False
ftv_complete_375,2026,LOCAL3,4,T0,"LateFusion(C+F,M)",192,8,0.0001,0.716304347826087,validation_auroc,smaller_dimension_then_smaller_C,False
ftv_complete_375,2026,LOCAL3,4,T1,M,384,64,0.0001,0.5010869565217392,validation_auroc,smaller_dimension_then_smaller_C,False
ftv_complete_375,2026,LOCAL3,4,T1,C+M,384,16,0.0001,0.6532608695652173,validation_auroc,smaller_dimension_then_smaller_C,False
ftv_complete_375,2026,LOCAL3,4,T1,C+F+M,384,8,10.0,0.7445652173913043,validation_auroc,smaller_dimension_then_smaller_C,False
ftv_complete_375,2026,LOCAL3,4,T1,M_residual,384,16,100.0,0.5489130434782609,validation_auroc,smaller_dimension_then_smaller_C,False
ftv_complete_375,2026,LOCAL3,4,T1,C+F+M_residual,384,8,1.0,0.7467391304347827,validation_auroc,smaller_dimension_then_smaller_C,False
ftv_complete_375,2026,LOCAL3,4,T1,"LateFusion(C,M)",384,8,0.1,0.6771739130434783,validation_auroc,smaller_dimension_then_smaller_C,False
ftv_complete_375,2026,LOCAL3,4,T1,"LateFusion(C+F,M)",384,8,1.0,0.7293478260869565,validation_auroc,smaller_dimension_then_smaller_C,False
ftv_complete_375,2026,LOCAL3,4,T2,M,576,16,100.0,0.5478260869565218,validation_auroc,smaller_dimension_then_smaller_C,False
ftv_complete_375,2026,LOCAL3,4,T2,C+M,576,8,0.0001,0.6706521739130434,validation_auroc,smaller_dimension_then_smaller_C,False
ftv_complete_375,2026,LOCAL3,4,T2,C+F+M,576,16,10.0,0.7989130434782609,validation_auroc,smaller_dimension_then_smaller_C,False
ftv_complete_375,2026,LOCAL3,4,T2,M_residual,576,16,1.0,0.6358695652173912,validation_auroc,smaller_dimension_then_smaller_C,False
ftv_complete_375,2026,LOCAL3,4,T2,C+F+M_residual,576,16,1.0,0.8021739130434783,validation_auroc,smaller_dimension_then_smaller_C,False
ftv_complete_375,2026,LOCAL3,4,T2,"LateFusion(C,M)",576,64,0.0001,0.6771739130434783,validation_auroc,smaller_dimension_then_smaller_C,False
ftv_complete_375,2026,LOCAL3,4,T2,"LateFusion(C+F,M)",576,64,1.0,0.7467391304347826,validation_auroc,smaller_dimension_then_smaller_C,False
ftv_complete_375,2026,LOCAL3,4,T3,M,768,16,10.0,0.5597826086956522,validation_auroc,smaller_dimension_then_smaller_C,False
ftv_complete_375,2026,LOCAL3,4,T3,C+M,768,8,0.0001,0.6739130434782609,validation_auroc,smaller_dimension_then_smaller_C,False
ftv_complete_375,2026,LOCAL3,4,T3,C+F+M,768,16,10.0,0.7869565217391304,validation_auroc,smaller_dimension_then_smaller_C,False
ftv_complete_375,2026,LOCAL3,4,T3,M_residual,768,16,10.0,0.5967391304347827,validation_auroc,smaller_dimension_then_smaller_C,False
ftv_complete_375,2026,LOCAL3,4,T3,C+F+M_residual,768,16,0.0001,0.7913043478260869,validation_auroc,smaller_dimension_then_smaller_C,False
ftv_complete_375,2026,LOCAL3,4,T3,"LateFusion(C,M)",768,16,0.01,0.6608695652173913,validation_auroc,smaller_dimension_then_smaller_C,False
ftv_complete_375,2026,LOCAL3,4,T3,"LateFusion(C+F,M)",768,32,1.0,0.7913043478260869,validation_auroc,smaller_dimension_then_smaller_C,False
full_808,3026,LOCAL0,0,T0,M,192,64,0.1,0.5735382760699217,validation_auroc,smaller_dimension_then_smaller_C,False
full_808,3026,LOCAL0,0,T0,C+M,192,32,0.1,0.7477396021699819,validation_auroc,smaller_dimension_then_smaller_C,False
full_808,3026,LOCAL0,0,T0,"LateFusion(C,M)",192,16,0.0001,0.7426160337552743,validation_auroc,smaller_dimension_then_smaller_C,False
full_808,3026,LOCAL0,0,T1,M,384,16,1.0,0.5946353224834238,validation_auroc,smaller_dimension_then_smaller_C,False
full_808,3026,LOCAL0,0,T1,C+M,384,16,0.0001,0.7522603978300181,validation_auroc,smaller_dimension_then_smaller_C,False
full_808,3026,LOCAL0,0,T1,"LateFusion(C,M)",384,8,0.01,0.7402049427365882,validation_auroc,smaller_dimension_then_smaller_C,False
full_808,3026,LOCAL0,0,T2,M,576,64,0.1,0.6558167570825798,validation_auroc,smaller_dimension_then_smaller_C,False
full_808,3026,LOCAL0,0,T2,C+M,576,64,0.0001,0.7730560578661844,validation_auroc,smaller_dimension_then_smaller_C,False
full_808,3026,LOCAL0,0,T2,"LateFusion(C,M)",576,64,0.0001,0.7420132610006027,validation_auroc,smaller_dimension_then_smaller_C,False
full_808,3026,LOCAL0,0,T3,M,768,64,0.01,0.6585292344786016,validation_auroc,smaller_dimension_then_smaller_C,False
full_808,3026,LOCAL0,0,T3,C+M,768,32,0.0001,0.7772754671488848,validation_auroc,smaller_dimension_then_smaller_C,False
full_808,3026,LOCAL0,0,T3,"LateFusion(C,M)",768,64,0.0001,0.7447257383966245,validation_auroc,smaller_dimension_then_smaller_C,False
ftv_complete_375,3026,LOCAL0,0,T0,M,192,64,10.0,0.5,validation_auroc,smaller_dimension_then_smaller_C,False
ftv_complete_375,3026,LOCAL0,0,T0,C+M,192,8,0.001,0.8144736842105263,validation_auroc,smaller_dimension_then_smaller_C,False
ftv_complete_375,3026,LOCAL0,0,T0,C+F+M,192,8,0.001,0.8039473684210525,validation_auroc,smaller_dimension_then_smaller_C,False
ftv_complete_375,3026,LOCAL0,0,T0,M_residual,192,64,100.0,0.49078947368421044,validation_auroc,smaller_dimension_then_smaller_C,False
ftv_complete_375,3026,LOCAL0,0,T0,C+F+M_residual,192,8,0.01,0.7947368421052632,validation_auroc,smaller_dimension_then_smaller_C,False
ftv_complete_375,3026,LOCAL0,0,T0,"LateFusion(C,M)",192,8,0.0001,0.8697368421052631,validation_auroc,smaller_dimension_then_smaller_C,False
ftv_complete_375,3026,LOCAL0,0,T0,"LateFusion(C+F,M)",192,8,0.1,0.8500000000000001,validation_auroc,smaller_dimension_then_smaller_C,False
ftv_complete_375,3026,LOCAL0,0,T1,M,384,64,1.0,0.5868421052631578,validation_auroc,smaller_dimension_then_smaller_C,False
ftv_complete_375,3026,LOCAL0,0,T1,C+M,384,8,0.001,0.8302631578947368,validation_auroc,smaller_dimension_then_smaller_C,False
ftv_complete_375,3026,LOCAL0,0,T1,C+F+M,384,8,1.0,0.8289473684210527,validation_auroc,smaller_dimension_then_smaller_C,False
ftv_complete_375,3026,LOCAL0,0,T1,M_residual,384,64,10.0,0.5986842105263157,validation_auroc,smaller_dimension_then_smaller_C,False
ftv_complete_375,3026,LOCAL0,0,T1,C+F+M_residual,384,8,1.0,0.8302631578947368,validation_auroc,smaller_dimension_then_smaller_C,False
ftv_complete_375,3026,LOCAL0,0,T1,"LateFusion(C,M)",384,8,0.0001,0.8578947368421053,validation_auroc,smaller_dimension_then_smaller_C,False
ftv_complete_375,3026,LOCAL0,0,T1,"LateFusion(C+F,M)",384,64,0.1,0.8486842105263158,validation_auroc,smaller_dimension_then_smaller_C,False
ftv_complete_375,3026,LOCAL0,0,T2,M,576,64,10.0,0.606578947368421,validation_auroc,smaller_dimension_then_smaller_C,False
ftv_complete_375,3026,LOCAL0,0,T2,C+M,576,8,0.001,0.8644736842105263,validation_auroc,smaller_dimension_then_smaller_C,False
ftv_complete_375,3026,LOCAL0,0,T2,C+F+M,576,8,10.0,0.8578947368421053,validation_auroc,smaller_dimension_then_smaller_C,False
ftv_complete_375,3026,LOCAL0,0,T2,M_residual,576,64,0.1,0.5447368421052632,validation_auroc,smaller_dimension_then_smaller_C,False
ftv_complete_375,3026,LOCAL0,0,T2,C+F+M_residual,576,8,1.0,0.8578947368421053,validation_auroc,smaller_dimension_then_smaller_C,False
ftv_complete_375,3026,LOCAL0,0,T2,"LateFusion(C,M)",576,16,0.1,0.875,validation_auroc,smaller_dimension_then_smaller_C,False
ftv_complete_375,3026,LOCAL0,0,T2,"LateFusion(C+F,M)",576,32,0.0001,0.8697368421052633,validation_auroc,smaller_dimension_then_smaller_C,False
ftv_complete_375,3026,LOCAL0,0,T3,M,768,64,100.0,0.6802631578947369,validation_auroc,smaller_dimension_then_smaller_C,False
ftv_complete_375,3026,LOCAL0,0,T3,C+M,768,8,0.0001,0.8486842105263157,validation_auroc,smaller_dimension_then_smaller_C,False
ftv_complete_375,3026,LOCAL0,0,T3,C+F+M,768,8,10.0,0.8539473684210526,validation_auroc,smaller_dimension_then_smaller_C,False
ftv_complete_375,3026,LOCAL0,0,T3,M_residual,768,64,10.0,0.5947368421052631,validation_auroc,smaller_dimension_then_smaller_C,False
ftv_complete_375,3026,LOCAL0,0,T3,C+F+M_residual,768,8,1.0,0.8539473684210527,validation_auroc,smaller_dimension_then_smaller_C,False
ftv_complete_375,3026,LOCAL0,0,T3,"LateFusion(C,M)",768,16,0.01,0.8710526315789474,validation_auroc,smaller_dimension_then_smaller_C,False
ftv_complete_375,3026,LOCAL0,0,T3,"LateFusion(C+F,M)",768,64,0.0001,0.8578947368421053,validation_auroc,smaller_dimension_then_smaller_C,False
full_808,3026,LOCAL0,1,T0,M,192,8,0.0001,0.6222560975609757,validation_auroc,smaller_dimension_then_smaller_C,False
full_808,3026,LOCAL0,1,T0,C+M,192,16,0.01,0.7402439024390244,validation_auroc,smaller_dimension_then_smaller_C,False
full_808,3026,LOCAL0,1,T0,"LateFusion(C,M)",192,64,1.0,0.739329268292683,validation_auroc,smaller_dimension_then_smaller_C,False
full_808,3026,LOCAL0,1,T1,M,384,16,0.1,0.6896341463414635,validation_auroc,smaller_dimension_then_smaller_C,False
full_808,3026,LOCAL0,1,T1,C+M,384,64,0.1,0.7628048780487806,validation_auroc,smaller_dimension_then_smaller_C,False
full_808,3026,LOCAL0,1,T1,"LateFusion(C,M)",384,16,1.0,0.7445121951219512,validation_auroc,smaller_dimension_then_smaller_C,False
full_808,3026,LOCAL0,1,T2,M,576,32,1.0,0.6640243902439025,validation_auroc,smaller_dimension_then_smaller_C,False
full_808,3026,LOCAL0,1,T2,C+M,576,16,0.01,0.7576219512195123,validation_auroc,smaller_dimension_then_smaller_C,False
full_808,3026,LOCAL0,1,T2,"LateFusion(C,M)",576,16,10.0,0.7533536585365853,validation_auroc,smaller_dimension_then_smaller_C,False
full_808,3026,LOCAL0,1,T3,M,768,64,0.1,0.677439024390244,validation_auroc,smaller_dimension_then_smaller_C,False
full_808,3026,LOCAL0,1,T3,C+M,768,64,0.01,0.7524390243902439,validation_auroc,smaller_dimension_then_smaller_C,False
full_808,3026,LOCAL0,1,T3,"LateFusion(C,M)",768,64,0.1,0.7469512195121951,validation_auroc,smaller_dimension_then_smaller_C,False
ftv_complete_375,3026,LOCAL0,1,T0,M,192,16,1.0,0.5902777777777778,validation_auroc,smaller_dimension_then_smaller_C,False
ftv_complete_375,3026,LOCAL0,1,T0,C+M,192,16,0.1,0.6805555555555555,validation_auroc,smaller_dimension_then_smaller_C,False
ftv_complete_375,3026,LOCAL0,1,T0,C+F+M,192,16,0.1,0.6795634920634921,validation_auroc,smaller_dimension_then_smaller_C,False
ftv_complete_375,3026,LOCAL0,1,T0,M_residual,192,16,10.0,0.6071428571428571,validation_auroc,smaller_dimension_then_smaller_C,False
ftv_complete_375,3026,LOCAL0,1,T0,C+F+M_residual,192,16,0.001,0.6785714285714286,validation_auroc,smaller_dimension_then_smaller_C,False
ftv_complete_375,3026,LOCAL0,1,T0,"LateFusion(C,M)",192,32,0.0001,0.6736111111111112,validation_auroc,smaller_dimension_then_smaller_C,False
ftv_complete_375,3026,LOCAL0,1,T0,"LateFusion(C+F,M)",192,32,0.1,0.6696428571428572,validation_auroc,smaller_dimension_then_smaller_C,False
ftv_complete_375,3026,LOCAL0,1,T1,M,384,16,0.01,0.5773809523809523,validation_auroc,smaller_dimension_then_smaller_C,False
ftv_complete_375,3026,LOCAL0,1,T1,C+M,384,16,0.1,0.701388888888889,validation_auroc,smaller_dimension_then_smaller_C,False
ftv_complete_375,3026,LOCAL0,1,T1,C+F+M,384,16,0.1,0.738095238095238,validation_auroc,smaller_dimension_then_smaller_C,False
ftv_complete_375,3026,LOCAL0,1,T1,M_residual,384,16,0.0001,0.6180555555555555,validation_auroc,smaller_dimension_then_smaller_C,False
ftv_complete_375,3026,LOCAL0,1,T1,C+F+M_residual,384,16,1.0,0.7380952380952381,validation_auroc,smaller_dimension_then_smaller_C,False
ftv_complete_375,3026,LOCAL0,1,T1,"LateFusion(C,M)",384,16,1.0,0.677579365079365,validation_auroc,smaller_dimension_then_smaller_C,False
ftv_complete_375,3026,LOCAL0,1,T1,"LateFusion(C+F,M)",384,16,0.01,0.7212301587301587,validation_auroc,smaller_dimension_then_smaller_C,False
ftv_complete_375,3026,LOCAL0,1,T2,M,576,32,10.0,0.564484126984127,validation_auroc,smaller_dimension_then_smaller_C,False
ftv_complete_375,3026,LOCAL0,1,T2,C+M,576,32,0.01,0.683531746031746,validation_auroc,smaller_dimension_then_smaller_C,False
ftv_complete_375,3026,LOCAL0,1,T2,C+F+M,576,32,0.01,0.7242063492063493,validation_auroc,smaller_dimension_then_smaller_C,False
ftv_complete_375,3026,LOCAL0,1,T2,M_residual,576,32,0.001,0.5238095238095238,validation_auroc,smaller_dimension_then_smaller_C,False
ftv_complete_375,3026,LOCAL0,1,T2,C+F+M_residual,576,32,0.01,0.7142857142857143,validation_auroc,smaller_dimension_then_smaller_C,False
ftv_complete_375,3026,LOCAL0,1,T2,"LateFusion(C,M)",576,32,0.0001,0.6686507936507936,validation_auroc,smaller_dimension_then_smaller_C,False
ftv_complete_375,3026,LOCAL0,1,T2,"LateFusion(C+F,M)",576,32,0.0001,0.7311507936507936,validation_auroc,smaller_dimension_then_smaller_C,False
ftv_complete_375,3026,LOCAL0,1,T3,M,768,32,0.0001,0.5882936507936508,validation_auroc,smaller_dimension_then_smaller_C,False
ftv_complete_375,3026,LOCAL0,1,T3,C+M,768,32,0.1,0.6944444444444444,validation_auroc,smaller_dimension_then_smaller_C,False
ftv_complete_375,3026,LOCAL0,1,T3,C+F+M,768,32,0.1,0.7400793650793651,validation_auroc,smaller_dimension_then_smaller_C,False
ftv_complete_375,3026,LOCAL0,1,T3,M_residual,768,32,0.1,0.5466269841269841,validation_auroc,smaller_dimension_then_smaller_C,False
ftv_complete_375,3026,LOCAL0,1,T3,C+F+M_residual,768,32,0.01,0.7371031746031745,validation_auroc,smaller_dimension_then_smaller_C,False
ftv_complete_375,3026,LOCAL0,1,T3,"LateFusion(C,M)",768,64,0.0001,0.6746031746031746,validation_auroc,smaller_dimension_then_smaller_C,False
ftv_complete_375,3026,LOCAL0,1,T3,"LateFusion(C+F,M)",768,32,0.0001,0.7321428571428572,validation_auroc,smaller_dimension_then_smaller_C,False
full_808,3026,LOCAL0,2,T0,M,192,32,1.0,0.5741410488245932,validation_auroc,smaller_dimension_then_smaller_C,False
full_808,3026,LOCAL0,2,T0,C+M,192,16,10.0,0.7833031946955997,validation_auroc,smaller_dimension_then_smaller_C,False
full_808,3026,LOCAL0,2,T0,"LateFusion(C,M)",192,32,0.1,0.7781796262808921,validation_auroc,smaller_dimension_then_smaller_C,False
full_808,3026,LOCAL0,2,T1,M,384,64,0.0001,0.6030741410488246,validation_auroc,smaller_dimension_then_smaller_C,False
full_808,3026,LOCAL0,2,T1,C+M,384,8,0.01,0.7908378541289933,validation_auroc,smaller_dimension_then_smaller_C,False
full_808,3026,LOCAL0,2,T1,"LateFusion(C,M)",384,16,0.01,0.7875226039783002,validation_auroc,smaller_dimension_then_smaller_C,False
full_808,3026,LOCAL0,2,T2,M,576,32,0.0001,0.5883062085593731,validation_auroc,smaller_dimension_then_smaller_C,False
full_808,3026,LOCAL0,2,T2,C+M,576,8,0.01,0.7839059674502712,validation_auroc,smaller_dimension_then_smaller_C,False
full_808,3026,LOCAL0,2,T2,"LateFusion(C,M)",576,8,0.0001,0.7802893309222423,validation_auroc,smaller_dimension_then_smaller_C,False
full_808,3026,LOCAL0,2,T3,M,768,64,0.0001,0.5509342977697407,validation_auroc,smaller_dimension_then_smaller_C,False
full_808,3026,LOCAL0,2,T3,C+M,768,8,0.1,0.7718505123568415,validation_auroc,smaller_dimension_then_smaller_C,False
full_808,3026,LOCAL0,2,T3,"LateFusion(C,M)",768,32,0.1,0.7721518987341772,validation_auroc,smaller_dimension_then_smaller_C,False
ftv_complete_375,3026,LOCAL0,2,T0,M,192,64,0.0001,0.5176470588235293,validation_auroc,smaller_dimension_then_smaller_C,False
ftv_complete_375,3026,LOCAL0,2,T0,C+M,192,8,1.0,0.746218487394958,validation_auroc,smaller_dimension_then_smaller_C,False
ftv_complete_375,3026,LOCAL0,2,T0,C+F+M,192,8,1.0,0.7445378151260504,validation_auroc,smaller_dimension_then_smaller_C,False
ftv_complete_375,3026,LOCAL0,2,T0,M_residual,192,16,0.001,0.5176470588235295,validation_auroc,smaller_dimension_then_smaller_C,False
ftv_complete_375,3026,LOCAL0,2,T0,C+F+M_residual,192,8,1.0,0.7445378151260504,validation_auroc,smaller_dimension_then_smaller_C,False
ftv_complete_375,3026,LOCAL0,2,T0,"LateFusion(C,M)",192,32,0.0001,0.7495798319327731,validation_auroc,smaller_dimension_then_smaller_C,False
ftv_complete_375,3026,LOCAL0,2,T0,"LateFusion(C+F,M)",192,16,0.0001,0.7529411764705882,validation_auroc,smaller_dimension_then_smaller_C,False
ftv_complete_375,3026,LOCAL0,2,T1,M,384,16,0.0001,0.6554621848739496,validation_auroc,smaller_dimension_then_smaller_C,False
ftv_complete_375,3026,LOCAL0,2,T1,C+M,384,32,0.1,0.7815126050420168,validation_auroc,smaller_dimension_then_smaller_C,False
ftv_complete_375,3026,LOCAL0,2,T1,C+F+M,384,8,1.0,0.8453781512605043,validation_auroc,smaller_dimension_then_smaller_C,False
ftv_complete_375,3026,LOCAL0,2,T1,M_residual,384,16,0.0001,0.6722689075630252,validation_auroc,smaller_dimension_then_smaller_C,False
ftv_complete_375,3026,LOCAL0,2,T1,C+F+M_residual,384,8,1.0,0.8470588235294119,validation_auroc,smaller_dimension_then_smaller_C,False
ftv_complete_375,3026,LOCAL0,2,T1,"LateFusion(C,M)",384,32,0.1,0.7596638655462185,validation_auroc,smaller_dimension_then_smaller_C,False
ftv_complete_375,3026,LOCAL0,2,T1,"LateFusion(C+F,M)",384,64,1.0,0.8218487394957983,validation_auroc,smaller_dimension_then_smaller_C,False
ftv_complete_375,3026,LOCAL0,2,T2,M,576,32,0.01,0.642016806722689,validation_auroc,smaller_dimension_then_smaller_C,False
ftv_complete_375,3026,LOCAL0,2,T2,C+M,576,32,0.1,0.7714285714285715,validation_auroc,smaller_dimension_then_smaller_C,False
ftv_complete_375,3026,LOCAL0,2,T2,C+F+M,576,32,1.0,0.7966386554621849,validation_auroc,smaller_dimension_then_smaller_C,False
ftv_complete_375,3026,LOCAL0,2,T2,M_residual,576,16,10.0,0.6252100840336134,validation_auroc,smaller_dimension_then_smaller_C,False
ftv_complete_375,3026,LOCAL0,2,T2,C+F+M_residual,576,32,1.0,0.8033613445378152,validation_auroc,smaller_dimension_then_smaller_C,False
ftv_complete_375,3026,LOCAL0,2,T2,"LateFusion(C,M)",576,64,0.1,0.7428571428571429,validation_auroc,smaller_dimension_then_smaller_C,False
ftv_complete_375,3026,LOCAL0,2,T2,"LateFusion(C+F,M)",576,64,0.1,0.8050420168067226,validation_auroc,smaller_dimension_then_smaller_C,False
ftv_complete_375,3026,LOCAL0,2,T3,M,768,64,0.0001,0.615126050420168,validation_auroc,smaller_dimension_then_smaller_C,False
ftv_complete_375,3026,LOCAL0,2,T3,C+M,768,32,0.1,0.7411764705882352,validation_auroc,smaller_dimension_then_smaller_C,False
ftv_complete_375,3026,LOCAL0,2,T3,C+F+M,768,16,1.0,0.7697478991596639,validation_auroc,smaller_dimension_then_smaller_C,False
ftv_complete_375,3026,LOCAL0,2,T3,M_residual,768,16,0.1,0.6168067226890757,validation_auroc,smaller_dimension_then_smaller_C,False
ftv_complete_375,3026,LOCAL0,2,T3,C+F+M_residual,768,16,1.0,0.7697478991596639,validation_auroc,smaller_dimension_then_smaller_C,False
ftv_complete_375,3026,LOCAL0,2,T3,"LateFusion(C,M)",768,8,0.01,0.722689075630252,validation_auroc,smaller_dimension_then_smaller_C,False
ftv_complete_375,3026,LOCAL0,2,T3,"LateFusion(C+F,M)",768,8,1.0,0.7764705882352941,validation_auroc,smaller_dimension_then_smaller_C,False
full_808,3026,LOCAL0,3,T0,M,192,64,0.0001,0.5972560975609756,validation_auroc,smaller_dimension_then_smaller_C,False
full_808,3026,LOCAL0,3,T0,C+M,192,32,0.01,0.7417682926829269,validation_auroc,smaller_dimension_then_smaller_C,False
full_808,3026,LOCAL0,3,T0,"LateFusion(C,M)",192,16,1.0,0.7426829268292683,validation_auroc,smaller_dimension_then_smaller_C,False
full_808,3026,LOCAL0,3,T1,M,384,32,0.001,0.6082317073170732,validation_auroc,smaller_dimension_then_smaller_C,False
full_808,3026,LOCAL0,3,T1,C+M,384,32,0.1,0.7548780487804878,validation_auroc,smaller_dimension_then_smaller_C,False
full_808,3026,LOCAL0,3,T1,"LateFusion(C,M)",384,64,0.0001,0.7408536585365854,validation_auroc,smaller_dimension_then_smaller_C,False
full_808,3026,LOCAL0,3,T2,M,576,32,0.0001,0.6185975609756098,validation_auroc,smaller_dimension_then_smaller_C,False
full_808,3026,LOCAL0,3,T2,C+M,576,32,0.01,0.7628048780487805,validation_auroc,smaller_dimension_then_smaller_C,False
full_808,3026,LOCAL0,3,T2,"LateFusion(C,M)",576,8,0.01,0.7423780487804877,validation_auroc,smaller_dimension_then_smaller_C,False
full_808,3026,LOCAL0,3,T3,M,768,64,0.1,0.6189024390243902,validation_auroc,smaller_dimension_then_smaller_C,False
full_808,3026,LOCAL0,3,T3,C+M,768,64,0.01,0.7591463414634146,validation_auroc,smaller_dimension_then_smaller_C,False
full_808,3026,LOCAL0,3,T3,"LateFusion(C,M)",768,64,0.001,0.7518292682926829,validation_auroc,smaller_dimension_then_smaller_C,False
ftv_complete_375,3026,LOCAL0,3,T0,M,192,32,0.0001,0.6463414634146342,validation_auroc,smaller_dimension_then_smaller_C,False
ftv_complete_375,3026,LOCAL0,3,T0,C+M,192,32,0.0001,0.7621951219512195,validation_auroc,smaller_dimension_then_smaller_C,False
ftv_complete_375,3026,LOCAL0,3,T0,C+F+M,192,32,0.0001,0.7646341463414634,validation_auroc,smaller_dimension_then_smaller_C,False
ftv_complete_375,3026,LOCAL0,3,T0,M_residual,192,32,0.0001,0.6402439024390244,validation_auroc,smaller_dimension_then_smaller_C,False
ftv_complete_375,3026,LOCAL0,3,T0,C+F+M_residual,192,32,0.0001,0.7621951219512195,validation_auroc,smaller_dimension_then_smaller_C,False
ftv_complete_375,3026,LOCAL0,3,T0,"LateFusion(C,M)",192,8,0.001,0.7378048780487805,validation_auroc,smaller_dimension_then_smaller_C,False
ftv_complete_375,3026,LOCAL0,3,T0,"LateFusion(C+F,M)",192,8,0.0001,0.7365853658536585,validation_auroc,smaller_dimension_then_smaller_C,False
ftv_complete_375,3026,LOCAL0,3,T1,M,384,64,0.0001,0.6487804878048781,validation_auroc,smaller_dimension_then_smaller_C,False
ftv_complete_375,3026,LOCAL0,3,T1,C+M,384,32,0.0001,0.7463414634146341,validation_auroc,smaller_dimension_then_smaller_C,False
ftv_complete_375,3026,LOCAL0,3,T1,C+F+M,384,32,0.001,0.7939024390243903,validation_auroc,smaller_dimension_then_smaller_C,False
ftv_complete_375,3026,LOCAL0,3,T1,M_residual,384,32,100.0,0.6670731707317074,validation_auroc,smaller_dimension_then_smaller_C,False
ftv_complete_375,3026,LOCAL0,3,T1,C+F+M_residual,384,16,0.01,0.7865853658536586,validation_auroc,smaller_dimension_then_smaller_C,False
ftv_complete_375,3026,LOCAL0,3,T1,"LateFusion(C,M)",384,64,1.0,0.7524390243902439,validation_auroc,smaller_dimension_then_smaller_C,False
ftv_complete_375,3026,LOCAL0,3,T1,"LateFusion(C+F,M)",384,64,0.1,0.8268292682926831,validation_auroc,smaller_dimension_then_smaller_C,False
ftv_complete_375,3026,LOCAL0,3,T2,M,576,64,100.0,0.6585365853658536,validation_auroc,smaller_dimension_then_smaller_C,False
ftv_complete_375,3026,LOCAL0,3,T2,C+M,576,64,0.001,0.7317073170731707,validation_auroc,smaller_dimension_then_smaller_C,False
ftv_complete_375,3026,LOCAL0,3,T2,C+F+M,576,8,0.01,0.8182926829268293,validation_auroc,smaller_dimension_then_smaller_C,False
ftv_complete_375,3026,LOCAL0,3,T2,M_residual,576,64,10.0,0.647560975609756,validation_auroc,smaller_dimension_then_smaller_C,False
ftv_complete_375,3026,LOCAL0,3,T2,C+F+M_residual,576,8,0.01,0.8195121951219513,validation_auroc,smaller_dimension_then_smaller_C,False
ftv_complete_375,3026,LOCAL0,3,T2,"LateFusion(C,M)",576,64,0.1,0.7402439024390244,validation_auroc,smaller_dimension_then_smaller_C,False
ftv_complete_375,3026,LOCAL0,3,T2,"LateFusion(C+F,M)",576,64,1.0,0.8280487804878048,validation_auroc,smaller_dimension_then_smaller_C,False
ftv_complete_375,3026,LOCAL0,3,T3,M,768,64,10.0,0.6731707317073171,validation_auroc,smaller_dimension_then_smaller_C,False
ftv_complete_375,3026,LOCAL0,3,T3,C+M,768,64,0.0001,0.751219512195122,validation_auroc,smaller_dimension_then_smaller_C,False
ftv_complete_375,3026,LOCAL0,3,T3,C+F+M,768,64,0.0001,0.8317073170731707,validation_auroc,smaller_dimension_then_smaller_C,False
ftv_complete_375,3026,LOCAL0,3,T3,M_residual,768,64,1.0,0.6451219512195122,validation_auroc,smaller_dimension_then_smaller_C,False
ftv_complete_375,3026,LOCAL0,3,T3,C+F+M_residual,768,8,0.01,0.8317073170731707,validation_auroc,smaller_dimension_then_smaller_C,False
ftv_complete_375,3026,LOCAL0,3,T3,"LateFusion(C,M)",768,64,0.0001,0.7682926829268293,validation_auroc,smaller_dimension_then_smaller_C,False
ftv_complete_375,3026,LOCAL0,3,T3,"LateFusion(C+F,M)",768,64,1.0,0.8329268292682928,validation_auroc,smaller_dimension_then_smaller_C,False
full_808,3026,LOCAL0,4,T0,M,192,64,0.0001,0.6018292682926829,validation_auroc,smaller_dimension_then_smaller_C,False
full_808,3026,LOCAL0,4,T0,C+M,192,64,0.0001,0.7201219512195122,validation_auroc,smaller_dimension_then_smaller_C,False
full_808,3026,LOCAL0,4,T0,"LateFusion(C,M)",192,64,1.0,0.716158536585366,validation_auroc,smaller_dimension_then_smaller_C,False
full_808,3026,LOCAL0,4,T1,M,384,64,0.0001,0.5076219512195121,validation_auroc,smaller_dimension_then_smaller_C,False
full_808,3026,LOCAL0,4,T1,C+M,384,8,0.0001,0.6829268292682926,validation_auroc,smaller_dimension_then_smaller_C,False
full_808,3026,LOCAL0,4,T1,"LateFusion(C,M)",384,32,0.0001,0.6969512195121951,validation_auroc,smaller_dimension_then_smaller_C,False
full_808,3026,LOCAL0,4,T2,M,576,64,0.01,0.5679878048780487,validation_auroc,smaller_dimension_then_smaller_C,False
full_808,3026,LOCAL0,4,T2,C+M,576,32,0.0001,0.7057926829268293,validation_auroc,smaller_dimension_then_smaller_C,False
full_808,3026,LOCAL0,4,T2,"LateFusion(C,M)",576,64,0.01,0.703048780487805,validation_auroc,smaller_dimension_then_smaller_C,False
full_808,3026,LOCAL0,4,T3,M,768,64,100.0,0.5972560975609756,validation_auroc,smaller_dimension_then_smaller_C,False
full_808,3026,LOCAL0,4,T3,C+M,768,64,0.0001,0.7134146341463414,validation_auroc,smaller_dimension_then_smaller_C,False
full_808,3026,LOCAL0,4,T3,"LateFusion(C,M)",768,64,0.1,0.7082317073170732,validation_auroc,smaller_dimension_then_smaller_C,False
ftv_complete_375,3026,LOCAL0,4,T0,M,192,64,0.01,0.65,validation_auroc,smaller_dimension_then_smaller_C,False
ftv_complete_375,3026,LOCAL0,4,T0,C+M,192,64,0.0001,0.716304347826087,validation_auroc,smaller_dimension_then_smaller_C,False
ftv_complete_375,3026,LOCAL0,4,T0,C+F+M,192,64,0.001,0.717391304347826,validation_auroc,smaller_dimension_then_smaller_C,False
ftv_complete_375,3026,LOCAL0,4,T0,M_residual,192,64,0.0001,0.6456521739130435,validation_auroc,smaller_dimension_then_smaller_C,False
ftv_complete_375,3026,LOCAL0,4,T0,C+F+M_residual,192,64,0.0001,0.7184782608695652,validation_auroc,smaller_dimension_then_smaller_C,False
ftv_complete_375,3026,LOCAL0,4,T0,"LateFusion(C,M)",192,32,0.1,0.7086956521739131,validation_auroc,smaller_dimension_then_smaller_C,False
ftv_complete_375,3026,LOCAL0,4,T0,"LateFusion(C+F,M)",192,32,1.0,0.7130434782608696,validation_auroc,smaller_dimension_then_smaller_C,False
ftv_complete_375,3026,LOCAL0,4,T1,M,384,64,1.0,0.4152173913043478,validation_auroc,smaller_dimension_then_smaller_C,False
ftv_complete_375,3026,LOCAL0,4,T1,C+M,384,8,0.0001,0.6141304347826086,validation_auroc,smaller_dimension_then_smaller_C,False
ftv_complete_375,3026,LOCAL0,4,T1,C+F+M,384,8,1.0,0.6945652173913043,validation_auroc,smaller_dimension_then_smaller_C,False
ftv_complete_375,3026,LOCAL0,4,T1,M_residual,384,64,100.0,0.4260869565217391,validation_auroc,smaller_dimension_then_smaller_C,False
ftv_complete_375,3026,LOCAL0,4,T1,C+F+M_residual,384,8,1.0,0.6945652173913044,validation_auroc,smaller_dimension_then_smaller_C,False
ftv_complete_375,3026,LOCAL0,4,T1,"LateFusion(C,M)",384,8,10.0,0.7130434782608696,validation_auroc,smaller_dimension_then_smaller_C,False
ftv_complete_375,3026,LOCAL0,4,T1,"LateFusion(C+F,M)",384,8,10.0,0.7467391304347827,validation_auroc,smaller_dimension_then_smaller_C,False
ftv_complete_375,3026,LOCAL0,4,T2,M,576,64,100.0,0.4934782608695652,validation_auroc,smaller_dimension_then_smaller_C,False
ftv_complete_375,3026,LOCAL0,4,T2,C+M,576,8,100.0,0.6434782608695653,validation_auroc,smaller_dimension_then_smaller_C,False
ftv_complete_375,3026,LOCAL0,4,T2,C+F+M,576,8,10.0,0.7717391304347826,validation_auroc,smaller_dimension_then_smaller_C,False
ftv_complete_375,3026,LOCAL0,4,T2,M_residual,576,64,10.0,0.5206521739130434,validation_auroc,smaller_dimension_then_smaller_C,False
ftv_complete_375,3026,LOCAL0,4,T2,C+F+M_residual,576,8,1.0,0.7717391304347826,validation_auroc,smaller_dimension_then_smaller_C,False
ftv_complete_375,3026,LOCAL0,4,T2,"LateFusion(C,M)",576,64,0.0001,0.7010869565217391,validation_auroc,smaller_dimension_then_smaller_C,False
ftv_complete_375,3026,LOCAL0,4,T2,"LateFusion(C+F,M)",576,64,1.0,0.7641304347826087,validation_auroc,smaller_dimension_then_smaller_C,False
ftv_complete_375,3026,LOCAL0,4,T3,M,768,8,1.0,0.5043478260869565,validation_auroc,smaller_dimension_then_smaller_C,False
ftv_complete_375,3026,LOCAL0,4,T3,C+M,768,8,10.0,0.6630434782608696,validation_auroc,smaller_dimension_then_smaller_C,False
ftv_complete_375,3026,LOCAL0,4,T3,C+F+M,768,8,100.0,0.7847826086956522,validation_auroc,smaller_dimension_then_smaller_C,False
ftv_complete_375,3026,LOCAL0,4,T3,M_residual,768,64,100.0,0.4706521739130435,validation_auroc,smaller_dimension_then_smaller_C,False
ftv_complete_375,3026,LOCAL0,4,T3,C+F+M_residual,768,8,100.0,0.7858695652173913,validation_auroc,smaller_dimension_then_smaller_C,False
ftv_complete_375,3026,LOCAL0,4,T3,"LateFusion(C,M)",768,8,0.01,0.6380434782608695,validation_auroc,smaller_dimension_then_smaller_C,False
ftv_complete_375,3026,LOCAL0,4,T3,"LateFusion(C+F,M)",768,8,1.0,0.7684782608695652,validation_auroc,smaller_dimension_then_smaller_C,False
full_808,3026,LOCAL3,0,T0,M,192,32,1.0,0.578963230861965,validation_auroc,smaller_dimension_then_smaller_C,False
full_808,3026,LOCAL3,0,T0,C+M,192,32,0.0001,0.729957805907173,validation_auroc,smaller_dimension_then_smaller_C,False
full_808,3026,LOCAL3,0,T0,"LateFusion(C,M)",192,8,1.0,0.741711874623267,validation_auroc,smaller_dimension_then_smaller_C,False
full_808,3026,LOCAL3,0,T1,M,384,16,0.1,0.5892103676913804,validation_auroc,smaller_dimension_then_smaller_C,False
full_808,3026,LOCAL3,0,T1,C+M,384,16,0.0001,0.7513562386980108,validation_auroc,smaller_dimension_then_smaller_C,False
full_808,3026,LOCAL3,0,T1,"LateFusion(C,M)",384,8,1.0,0.7399035563592526,validation_auroc,smaller_dimension_then_smaller_C,False
full_808,3026,LOCAL3,0,T2,M,576,32,0.01,0.6564195298372514,validation_auroc,smaller_dimension_then_smaller_C,False
full_808,3026,LOCAL3,0,T2,C+M,576,32,0.0001,0.7652200120554551,validation_auroc,smaller_dimension_then_smaller_C,False
full_808,3026,LOCAL3,0,T2,"LateFusion(C,M)",576,32,1.0,0.7423146473779385,validation_auroc,smaller_dimension_then_smaller_C,False
full_808,3026,LOCAL3,0,T3,M,768,64,1.0,0.6648583484026522,validation_auroc,smaller_dimension_then_smaller_C,False
full_808,3026,LOCAL3,0,T3,C+M,768,64,0.0001,0.7634116937914407,validation_auroc,smaller_dimension_then_smaller_C,False
full_808,3026,LOCAL3,0,T3,"LateFusion(C,M)",768,64,0.0001,0.7567811934900543,validation_auroc,smaller_dimension_then_smaller_C,False
ftv_complete_375,3026,LOCAL3,0,T0,M,192,64,100.0,0.5473684210526315,validation_auroc,smaller_dimension_then_smaller_C,False
ftv_complete_375,3026,LOCAL3,0,T0,C+M,192,8,0.0001,0.7986842105263158,validation_auroc,smaller_dimension_then_smaller_C,False
ftv_complete_375,3026,LOCAL3,0,T0,C+F+M,192,8,0.0001,0.7907894736842105,validation_auroc,smaller_dimension_then_smaller_C,False
ftv_complete_375,3026,LOCAL3,0,T0,M_residual,192,64,100.0,0.525,validation_auroc,smaller_dimension_then_smaller_C,False
ftv_complete_375,3026,LOCAL3,0,T0,C+F+M_residual,192,8,0.0001,0.7644736842105263,validation_auroc,smaller_dimension_then_smaller_C,False
ftv_complete_375,3026,LOCAL3,0,T0,"LateFusion(C,M)",192,8,0.01,0.8697368421052631,validation_auroc,smaller_dimension_then_smaller_C,False
ftv_complete_375,3026,LOCAL3,0,T0,"LateFusion(C+F,M)",192,8,1.0,0.8592105263157895,validation_auroc,smaller_dimension_then_smaller_C,False
ftv_complete_375,3026,LOCAL3,0,T1,M,384,64,100.0,0.5473684210526316,validation_auroc,smaller_dimension_then_smaller_C,False
ftv_complete_375,3026,LOCAL3,0,T1,C+M,384,8,0.0001,0.8355263157894737,validation_auroc,smaller_dimension_then_smaller_C,False
ftv_complete_375,3026,LOCAL3,0,T1,C+F+M,384,8,100.0,0.838157894736842,validation_auroc,smaller_dimension_then_smaller_C,False
ftv_complete_375,3026,LOCAL3,0,T1,M_residual,384,64,100.0,0.506578947368421,validation_auroc,smaller_dimension_then_smaller_C,False
ftv_complete_375,3026,LOCAL3,0,T1,C+F+M_residual,384,8,100.0,0.838157894736842,validation_auroc,smaller_dimension_then_smaller_C,False
ftv_complete_375,3026,LOCAL3,0,T1,"LateFusion(C,M)",384,8,0.0001,0.8592105263157894,validation_auroc,smaller_dimension_then_smaller_C,False
ftv_complete_375,3026,LOCAL3,0,T1,"LateFusion(C+F,M)",384,64,0.0001,0.85,validation_auroc,smaller_dimension_then_smaller_C,False
ftv_complete_375,3026,LOCAL3,0,T2,M,576,32,10.0,0.6394736842105263,validation_auroc,smaller_dimension_then_smaller_C,False
ftv_complete_375,3026,LOCAL3,0,T2,C+M,576,8,0.0001,0.868421052631579,validation_auroc,smaller_dimension_then_smaller_C,False
ftv_complete_375,3026,LOCAL3,0,T2,C+F+M,576,8,100.0,0.8644736842105263,validation_auroc,smaller_dimension_then_smaller_C,False
ftv_complete_375,3026,LOCAL3,0,T2,M_residual,576,32,1.0,0.5631578947368421,validation_auroc,smaller_dimension_then_smaller_C,False
ftv_complete_375,3026,LOCAL3,0,T2,C+F+M_residual,576,8,10.0,0.8644736842105263,validation_auroc,smaller_dimension_then_smaller_C,False
ftv_complete_375,3026,LOCAL3,0,T2,"LateFusion(C,M)",576,16,0.01,0.8802631578947369,validation_auroc,smaller_dimension_then_smaller_C,False
ftv_complete_375,3026,LOCAL3,0,T2,"LateFusion(C+F,M)",576,32,0.0001,0.8697368421052631,validation_auroc,smaller_dimension_then_smaller_C,False
ftv_complete_375,3026,LOCAL3,0,T3,M,768,64,10.0,0.6605263157894736,validation_auroc,smaller_dimension_then_smaller_C,False
ftv_complete_375,3026,LOCAL3,0,T3,C+M,768,8,0.0001,0.8631578947368421,validation_auroc,smaller_dimension_then_smaller_C,False
ftv_complete_375,3026,LOCAL3,0,T3,C+F+M,768,8,1.0,0.8605263157894737,validation_auroc,smaller_dimension_then_smaller_C,False
ftv_complete_375,3026,LOCAL3,0,T3,M_residual,768,64,1.0,0.5631578947368421,validation_auroc,smaller_dimension_then_smaller_C,False
ftv_complete_375,3026,LOCAL3,0,T3,C+F+M_residual,768,8,1.0,0.8605263157894737,validation_auroc,smaller_dimension_then_smaller_C,False
ftv_complete_375,3026,LOCAL3,0,T3,"LateFusion(C,M)",768,16,0.001,0.8710526315789473,validation_auroc,smaller_dimension_then_smaller_C,False
ftv_complete_375,3026,LOCAL3,0,T3,"LateFusion(C+F,M)",768,64,0.0001,0.8605263157894737,validation_auroc,smaller_dimension_then_smaller_C,False
full_808,3026,LOCAL3,1,T0,M,192,8,0.01,0.6146341463414634,validation_auroc,smaller_dimension_then_smaller_C,False
full_808,3026,LOCAL3,1,T0,C+M,192,32,0.01,0.7439024390243902,validation_auroc,smaller_dimension_then_smaller_C,False
full_808,3026,LOCAL3,1,T0,"LateFusion(C,M)",192,64,0.001,0.7426829268292682,validation_auroc,smaller_dimension_then_smaller_C,False
full_808,3026,LOCAL3,1,T1,M,384,16,0.1,0.6990853658536585,validation_auroc,smaller_dimension_then_smaller_C,False
full_808,3026,LOCAL3,1,T1,C+M,384,64,0.01,0.7560975609756099,validation_auroc,smaller_dimension_then_smaller_C,False
full_808,3026,LOCAL3,1,T1,"LateFusion(C,M)",384,16,10.0,0.7460365853658537,validation_auroc,smaller_dimension_then_smaller_C,False
full_808,3026,LOCAL3,1,T2,M,576,32,0.01,0.6640243902439025,validation_auroc,smaller_dimension_then_smaller_C,False
full_808,3026,LOCAL3,1,T2,C+M,576,32,0.01,0.7554878048780488,validation_auroc,smaller_dimension_then_smaller_C,False
full_808,3026,LOCAL3,1,T2,"LateFusion(C,M)",576,32,0.0001,0.7557926829268292,validation_auroc,smaller_dimension_then_smaller_C,False
full_808,3026,LOCAL3,1,T3,M,768,64,1.0,0.6820121951219511,validation_auroc,smaller_dimension_then_smaller_C,False
full_808,3026,LOCAL3,1,T3,C+M,768,16,0.01,0.7539634146341464,validation_auroc,smaller_dimension_then_smaller_C,False
full_808,3026,LOCAL3,1,T3,"LateFusion(C,M)",768,64,1.0,0.7585365853658537,validation_auroc,smaller_dimension_then_smaller_C,False
ftv_complete_375,3026,LOCAL3,1,T0,M,192,64,10.0,0.6041666666666666,validation_auroc,smaller_dimension_then_smaller_C,False
ftv_complete_375,3026,LOCAL3,1,T0,C+M,192,64,0.1,0.6825396825396824,validation_auroc,smaller_dimension_then_smaller_C,False
ftv_complete_375,3026,LOCAL3,1,T0,C+F+M,192,64,0.001,0.683531746031746,validation_auroc,smaller_dimension_then_smaller_C,False
ftv_complete_375,3026,LOCAL3,1,T0,M_residual,192,64,100.0,0.6140873015873015,validation_auroc,smaller_dimension_then_smaller_C,False
ftv_complete_375,3026,LOCAL3,1,T0,C+F+M_residual,192,64,0.001,0.6845238095238095,validation_auroc,smaller_dimension_then_smaller_C,False
ftv_complete_375,3026,LOCAL3,1,T0,"LateFusion(C,M)",192,16,10.0,0.6676587301587301,validation_auroc,smaller_dimension_then_smaller_C,False
ftv_complete_375,3026,LOCAL3,1,T0,"LateFusion(C+F,M)",192,16,0.01,0.6646825396825398,validation_auroc,smaller_dimension_then_smaller_C,False
ftv_complete_375,3026,LOCAL3,1,T1,M,384,16,0.0001,0.566468253968254,validation_auroc,smaller_dimension_then_smaller_C,False
ftv_complete_375,3026,LOCAL3,1,T1,C+M,384,16,0.01,0.6904761904761905,validation_auroc,smaller_dimension_then_smaller_C,False
ftv_complete_375,3026,LOCAL3,1,T1,C+F+M,384,16,1.0,0.7331349206349206,validation_auroc,smaller_dimension_then_smaller_C,False
ftv_complete_375,3026,LOCAL3,1,T1,M_residual,384,16,0.1,0.5902777777777778,validation_auroc,smaller_dimension_then_smaller_C,False
ftv_complete_375,3026,LOCAL3,1,T1,C+F+M_residual,384,16,1.0,0.7351190476190476,validation_auroc,smaller_dimension_then_smaller_C,False
ftv_complete_375,3026,LOCAL3,1,T1,"LateFusion(C,M)",384,16,1.0,0.6706349206349206,validation_auroc,smaller_dimension_then_smaller_C,False
ftv_complete_375,3026,LOCAL3,1,T1,"LateFusion(C+F,M)",384,16,0.001,0.7172619047619048,validation_auroc,smaller_dimension_then_smaller_C,False
ftv_complete_375,3026,LOCAL3,1,T2,M,576,32,1.0,0.5773809523809524,validation_auroc,smaller_dimension_then_smaller_C,False
ftv_complete_375,3026,LOCAL3,1,T2,C+M,576,32,0.01,0.685515873015873,validation_auroc,smaller_dimension_then_smaller_C,False
ftv_complete_375,3026,LOCAL3,1,T2,C+F+M,576,32,0.001,0.7271825396825397,validation_auroc,smaller_dimension_then_smaller_C,False
ftv_complete_375,3026,LOCAL3,1,T2,M_residual,576,32,1.0,0.5327380952380952,validation_auroc,smaller_dimension_then_smaller_C,False
ftv_complete_375,3026,LOCAL3,1,T2,C+F+M_residual,576,32,0.1,0.7093253968253969,validation_auroc,smaller_dimension_then_smaller_C,False
ftv_complete_375,3026,LOCAL3,1,T2,"LateFusion(C,M)",576,32,0.01,0.6706349206349207,validation_auroc,smaller_dimension_then_smaller_C,False
ftv_complete_375,3026,LOCAL3,1,T2,"LateFusion(C+F,M)",576,32,0.1,0.7331349206349206,validation_auroc,smaller_dimension_then_smaller_C,False
ftv_complete_375,3026,LOCAL3,1,T3,M,768,32,0.0001,0.5873015873015873,validation_auroc,smaller_dimension_then_smaller_C,False
ftv_complete_375,3026,LOCAL3,1,T3,C+M,768,32,0.01,0.6944444444444444,validation_auroc,smaller_dimension_then_smaller_C,False
ftv_complete_375,3026,LOCAL3,1,T3,C+F+M,768,32,0.1,0.7371031746031746,validation_auroc,smaller_dimension_then_smaller_C,False
ftv_complete_375,3026,LOCAL3,1,T3,M_residual,768,32,0.0001,0.560515873015873,validation_auroc,smaller_dimension_then_smaller_C,False
ftv_complete_375,3026,LOCAL3,1,T3,C+F+M_residual,768,32,0.1,0.7331349206349206,validation_auroc,smaller_dimension_then_smaller_C,False
ftv_complete_375,3026,LOCAL3,1,T3,"LateFusion(C,M)",768,32,0.001,0.6765873015873016,validation_auroc,smaller_dimension_then_smaller_C,False
ftv_complete_375,3026,LOCAL3,1,T3,"LateFusion(C+F,M)",768,32,0.01,0.7291666666666666,validation_auroc,smaller_dimension_then_smaller_C,False
full_808,3026,LOCAL3,2,T0,M,192,64,10.0,0.5675105485232067,validation_auroc,smaller_dimension_then_smaller_C,False
full_808,3026,LOCAL3,2,T0,C+M,192,8,0.1,0.7953586497890296,validation_auroc,smaller_dimension_then_smaller_C,False
full_808,3026,LOCAL3,2,T0,"LateFusion(C,M)",192,64,0.0001,0.7811934900542495,validation_auroc,smaller_dimension_then_smaller_C,False
full_808,3026,LOCAL3,2,T1,M,384,16,100.0,0.6277878239903556,validation_auroc,smaller_dimension_then_smaller_C,False
full_808,3026,LOCAL3,2,T1,C+M,384,16,0.1,0.8025919228450874,validation_auroc,smaller_dimension_then_smaller_C,False
full_808,3026,LOCAL3,2,T1,"LateFusion(C,M)",384,32,1.0,0.7905364677516576,validation_auroc,smaller_dimension_then_smaller_C,False
full_808,3026,LOCAL3,2,T2,M,576,32,0.01,0.6006630500301386,validation_auroc,smaller_dimension_then_smaller_C,False
full_808,3026,LOCAL3,2,T2,C+M,576,8,0.1,0.7896323086196504,validation_auroc,smaller_dimension_then_smaller_C,False
full_808,3026,LOCAL3,2,T2,"LateFusion(C,M)",576,8,0.0001,0.7857142857142857,validation_auroc,smaller_dimension_then_smaller_C,False
full_808,3026,LOCAL3,2,T3,M,768,64,0.0001,0.5801687763713079,validation_auroc,smaller_dimension_then_smaller_C,False
full_808,3026,LOCAL3,2,T3,C+M,768,32,0.01,0.7772754671488847,validation_auroc,smaller_dimension_then_smaller_C,False
full_808,3026,LOCAL3,2,T3,"LateFusion(C,M)",768,64,0.01,0.7748643761301989,validation_auroc,smaller_dimension_then_smaller_C,False
ftv_complete_375,3026,LOCAL3,2,T0,M,192,64,100.0,0.5932773109243697,validation_auroc,smaller_dimension_then_smaller_C,False
ftv_complete_375,3026,LOCAL3,2,T0,C+M,192,8,1.0,0.7529411764705882,validation_auroc,smaller_dimension_then_smaller_C,False
ftv_complete_375,3026,LOCAL3,2,T0,C+F+M,192,8,1.0,0.7529411764705882,validation_auroc,smaller_dimension_then_smaller_C,False
ftv_complete_375,3026,LOCAL3,2,T0,M_residual,192,64,100.0,0.5899159663865546,validation_auroc,smaller_dimension_then_smaller_C,False
ftv_complete_375,3026,LOCAL3,2,T0,C+F+M_residual,192,8,1.0,0.7529411764705882,validation_auroc,smaller_dimension_then_smaller_C,False
ftv_complete_375,3026,LOCAL3,2,T0,"LateFusion(C,M)",192,32,0.0001,0.7529411764705882,validation_auroc,smaller_dimension_then_smaller_C,False
ftv_complete_375,3026,LOCAL3,2,T0,"LateFusion(C+F,M)",192,32,0.01,0.7529411764705882,validation_auroc,smaller_dimension_then_smaller_C,False
ftv_complete_375,3026,LOCAL3,2,T1,M,384,64,0.0001,0.6991596638655462,validation_auroc,smaller_dimension_then_smaller_C,False
ftv_complete_375,3026,LOCAL3,2,T1,C+M,384,32,1.0,0.7949579831932774,validation_auroc,smaller_dimension_then_smaller_C,False
ftv_complete_375,3026,LOCAL3,2,T1,C+F+M,384,8,1.0,0.8504201680672269,validation_auroc,smaller_dimension_then_smaller_C,False
ftv_complete_375,3026,LOCAL3,2,T1,M_residual,384,64,0.1,0.7058823529411764,validation_auroc,smaller_dimension_then_smaller_C,False
ftv_complete_375,3026,LOCAL3,2,T1,C+F+M_residual,384,8,1.0,0.8504201680672269,validation_auroc,smaller_dimension_then_smaller_C,False
ftv_complete_375,3026,LOCAL3,2,T1,"LateFusion(C,M)",384,32,0.0001,0.7596638655462185,validation_auroc,smaller_dimension_then_smaller_C,False
ftv_complete_375,3026,LOCAL3,2,T1,"LateFusion(C+F,M)",384,64,0.01,0.8184873949579832,validation_auroc,smaller_dimension_then_smaller_C,False
ftv_complete_375,3026,LOCAL3,2,T2,M,576,16,0.1,0.6873949579831933,validation_auroc,smaller_dimension_then_smaller_C,False
ftv_complete_375,3026,LOCAL3,2,T2,C+M,576,32,1.0,0.7848739495798319,validation_auroc,smaller_dimension_then_smaller_C,False
ftv_complete_375,3026,LOCAL3,2,T2,C+F+M,576,16,1.0,0.8016806722689076,validation_auroc,smaller_dimension_then_smaller_C,False
ftv_complete_375,3026,LOCAL3,2,T2,M_residual,576,16,0.0001,0.6605042016806723,validation_auroc,smaller_dimension_then_smaller_C,False
ftv_complete_375,3026,LOCAL3,2,T2,C+F+M_residual,576,16,0.1,0.8084033613445378,validation_auroc,smaller_dimension_then_smaller_C,False
ftv_complete_375,3026,LOCAL3,2,T2,"LateFusion(C,M)",576,32,0.0001,0.746218487394958,validation_auroc,smaller_dimension_then_smaller_C,False
ftv_complete_375,3026,LOCAL3,2,T2,"LateFusion(C+F,M)",576,64,0.01,0.8235294117647058,validation_auroc,smaller_dimension_then_smaller_C,False
ftv_complete_375,3026,LOCAL3,2,T3,M,768,16,0.0001,0.6739495798319328,validation_auroc,smaller_dimension_then_smaller_C,False
ftv_complete_375,3026,LOCAL3,2,T3,C+M,768,32,0.1,0.7596638655462185,validation_auroc,smaller_dimension_then_smaller_C,False
ftv_complete_375,3026,LOCAL3,2,T3,C+F+M,768,16,1.0,0.7815126050420168,validation_auroc,smaller_dimension_then_smaller_C,False
ftv_complete_375,3026,LOCAL3,2,T3,M_residual,768,16,0.0001,0.6403361344537816,validation_auroc,smaller_dimension_then_smaller_C,False
ftv_complete_375,3026,LOCAL3,2,T3,C+F+M_residual,768,16,0.1,0.7831932773109244,validation_auroc,smaller_dimension_then_smaller_C,False
ftv_complete_375,3026,LOCAL3,2,T3,"LateFusion(C,M)",768,32,0.0001,0.7344537815126051,validation_auroc,smaller_dimension_then_smaller_C,False
ftv_complete_375,3026,LOCAL3,2,T3,"LateFusion(C+F,M)",768,8,10.0,0.773109243697479,validation_auroc,smaller_dimension_then_smaller_C,False
full_808,3026,LOCAL3,3,T0,M,192,8,0.01,0.588719512195122,validation_auroc,smaller_dimension_then_smaller_C,False
full_808,3026,LOCAL3,3,T0,C+M,192,32,0.01,0.7326219512195122,validation_auroc,smaller_dimension_then_smaller_C,False
full_808,3026,LOCAL3,3,T0,"LateFusion(C,M)",192,32,1.0,0.7429878048780488,validation_auroc,smaller_dimension_then_smaller_C,False
full_808,3026,LOCAL3,3,T1,M,384,32,0.0001,0.6207317073170732,validation_auroc,smaller_dimension_then_smaller_C,False
full_808,3026,LOCAL3,3,T1,C+M,384,32,100.0,0.7670731707317073,validation_auroc,smaller_dimension_then_smaller_C,False
full_808,3026,LOCAL3,3,T1,"LateFusion(C,M)",384,32,0.1,0.7426829268292683,validation_auroc,smaller_dimension_then_smaller_C,False
full_808,3026,LOCAL3,3,T2,M,576,32,0.0001,0.640548780487805,validation_auroc,smaller_dimension_then_smaller_C,False
full_808,3026,LOCAL3,3,T2,C+M,576,32,0.01,0.7640243902439025,validation_auroc,smaller_dimension_then_smaller_C,False
full_808,3026,LOCAL3,3,T2,"LateFusion(C,M)",576,64,1.0,0.7509146341463414,validation_auroc,smaller_dimension_then_smaller_C,False
full_808,3026,LOCAL3,3,T3,M,768,64,0.0001,0.6039634146341464,validation_auroc,smaller_dimension_then_smaller_C,False
full_808,3026,LOCAL3,3,T3,C+M,768,64,0.01,0.7612804878048781,validation_auroc,smaller_dimension_then_smaller_C,False
full_808,3026,LOCAL3,3,T3,"LateFusion(C,M)",768,64,0.01,0.7673780487804878,validation_auroc,smaller_dimension_then_smaller_C,False
ftv_complete_375,3026,LOCAL3,3,T0,M,192,16,0.01,0.5939024390243902,validation_auroc,smaller_dimension_then_smaller_C,False
ftv_complete_375,3026,LOCAL3,3,T0,C+M,192,16,0.01,0.7341463414634146,validation_auroc,smaller_dimension_then_smaller_C,False
ftv_complete_375,3026,LOCAL3,3,T0,C+F+M,192,16,0.01,0.7390243902439024,validation_auroc,smaller_dimension_then_smaller_C,False
ftv_complete_375,3026,LOCAL3,3,T0,M_residual,192,16,10.0,0.6256097560975609,validation_auroc,smaller_dimension_then_smaller_C,False
ftv_complete_375,3026,LOCAL3,3,T0,C+F+M_residual,192,16,0.01,0.7365853658536585,validation_auroc,smaller_dimension_then_smaller_C,False
ftv_complete_375,3026,LOCAL3,3,T0,"LateFusion(C,M)",192,8,0.0001,0.7365853658536585,validation_auroc,smaller_dimension_then_smaller_C,False
ftv_complete_375,3026,LOCAL3,3,T0,"LateFusion(C+F,M)",192,8,0.01,0.7390243902439024,validation_auroc,smaller_dimension_then_smaller_C,False
ftv_complete_375,3026,LOCAL3,3,T1,M,384,64,0.0001,0.6487804878048781,validation_auroc,smaller_dimension_then_smaller_C,False
ftv_complete_375,3026,LOCAL3,3,T1,C+M,384,64,0.01,0.7658536585365854,validation_auroc,smaller_dimension_then_smaller_C,False
ftv_complete_375,3026,LOCAL3,3,T1,C+F+M,384,64,0.01,0.7926829268292683,validation_auroc,smaller_dimension_then_smaller_C,False
ftv_complete_375,3026,LOCAL3,3,T1,M_residual,384,64,1.0,0.6609756097560976,validation_auroc,smaller_dimension_then_smaller_C,False
ftv_complete_375,3026,LOCAL3,3,T1,C+F+M_residual,384,64,0.01,0.7987804878048781,validation_auroc,smaller_dimension_then_smaller_C,False
ftv_complete_375,3026,LOCAL3,3,T1,"LateFusion(C,M)",384,32,0.0001,0.7475609756097561,validation_auroc,smaller_dimension_then_smaller_C,False
ftv_complete_375,3026,LOCAL3,3,T1,"LateFusion(C+F,M)",384,32,0.0001,0.8231707317073171,validation_auroc,smaller_dimension_then_smaller_C,False
ftv_complete_375,3026,LOCAL3,3,T2,M,576,64,100.0,0.6024390243902439,validation_auroc,smaller_dimension_then_smaller_C,False
ftv_complete_375,3026,LOCAL3,3,T2,C+M,576,8,0.01,0.7195121951219512,validation_auroc,smaller_dimension_then_smaller_C,False
ftv_complete_375,3026,LOCAL3,3,T2,C+F+M,576,8,0.0001,0.8146341463414634,validation_auroc,smaller_dimension_then_smaller_C,False
ftv_complete_375,3026,LOCAL3,3,T2,M_residual,576,64,100.0,0.598780487804878,validation_auroc,smaller_dimension_then_smaller_C,False
ftv_complete_375,3026,LOCAL3,3,T2,C+F+M_residual,576,8,0.01,0.8219512195121952,validation_auroc,smaller_dimension_then_smaller_C,False
ftv_complete_375,3026,LOCAL3,3,T2,"LateFusion(C,M)",576,64,0.0001,0.7390243902439024,validation_auroc,smaller_dimension_then_smaller_C,False
ftv_complete_375,3026,LOCAL3,3,T2,"LateFusion(C+F,M)",576,8,0.0001,0.8256097560975609,validation_auroc,smaller_dimension_then_smaller_C,False
ftv_complete_375,3026,LOCAL3,3,T3,M,768,64,1.0,0.6475609756097561,validation_auroc,smaller_dimension_then_smaller_C,False
ftv_complete_375,3026,LOCAL3,3,T3,C+M,768,64,0.0001,0.7341463414634146,validation_auroc,smaller_dimension_then_smaller_C,False
ftv_complete_375,3026,LOCAL3,3,T3,C+F+M,768,8,0.001,0.8195121951219512,validation_auroc,smaller_dimension_then_smaller_C,False
ftv_complete_375,3026,LOCAL3,3,T3,M_residual,768,64,1.0,0.6121951219512196,validation_auroc,smaller_dimension_then_smaller_C,False
ftv_complete_375,3026,LOCAL3,3,T3,C+F+M_residual,768,8,0.01,0.8317073170731707,validation_auroc,smaller_dimension_then_smaller_C,False
ftv_complete_375,3026,LOCAL3,3,T3,"LateFusion(C,M)",768,64,0.01,0.7560975609756098,validation_auroc,smaller_dimension_then_smaller_C,False
ftv_complete_375,3026,LOCAL3,3,T3,"LateFusion(C+F,M)",768,8,0.01,0.8317073170731708,validation_auroc,smaller_dimension_then_smaller_C,False
full_808,3026,LOCAL3,4,T0,M,192,64,0.0001,0.6414634146341465,validation_auroc,smaller_dimension_then_smaller_C,False
full_808,3026,LOCAL3,4,T0,C+M,192,64,0.001,0.7353658536585366,validation_auroc,smaller_dimension_then_smaller_C,False
full_808,3026,LOCAL3,4,T0,"LateFusion(C,M)",192,64,0.0001,0.7304878048780489,validation_auroc,smaller_dimension_then_smaller_C,False
full_808,3026,LOCAL3,4,T1,M,384,64,0.0001,0.5201219512195121,validation_auroc,smaller_dimension_then_smaller_C,False
full_808,3026,LOCAL3,4,T1,C+M,384,32,0.0001,0.6823170731707316,validation_auroc,smaller_dimension_then_smaller_C,False
full_808,3026,LOCAL3,4,T1,"LateFusion(C,M)",384,32,0.1,0.7012195121951219,validation_auroc,smaller_dimension_then_smaller_C,False
full_808,3026,LOCAL3,4,T2,M,576,64,10.0,0.5676829268292682,validation_auroc,smaller_dimension_then_smaller_C,False
full_808,3026,LOCAL3,4,T2,C+M,576,64,0.0001,0.7067073170731707,validation_auroc,smaller_dimension_then_smaller_C,False
full_808,3026,LOCAL3,4,T2,"LateFusion(C,M)",576,64,0.0001,0.7204268292682927,validation_auroc,smaller_dimension_then_smaller_C,False
full_808,3026,LOCAL3,4,T3,M,768,64,0.1,0.6042682926829269,validation_auroc,smaller_dimension_then_smaller_C,False
full_808,3026,LOCAL3,4,T3,C+M,768,64,0.0001,0.713109756097561,validation_auroc,smaller_dimension_then_smaller_C,False
full_808,3026,LOCAL3,4,T3,"LateFusion(C,M)",768,64,0.001,0.7173780487804878,validation_auroc,smaller_dimension_then_smaller_C,False
ftv_complete_375,3026,LOCAL3,4,T0,M,192,64,0.01,0.5793478260869566,validation_auroc,smaller_dimension_then_smaller_C,False
ftv_complete_375,3026,LOCAL3,4,T0,C+M,192,32,0.0001,0.682608695652174,validation_auroc,smaller_dimension_then_smaller_C,False
ftv_complete_375,3026,LOCAL3,4,T0,C+F+M,192,32,0.0001,0.6815217391304348,validation_auroc,smaller_dimension_then_smaller_C,False
ftv_complete_375,3026,LOCAL3,4,T0,M_residual,192,64,0.0001,0.5771739130434783,validation_auroc,smaller_dimension_then_smaller_C,False
ftv_complete_375,3026,LOCAL3,4,T0,C+F+M_residual,192,32,0.0001,0.6760869565217392,validation_auroc,smaller_dimension_then_smaller_C,False
ftv_complete_375,3026,LOCAL3,4,T0,"LateFusion(C,M)",192,64,0.1,0.7054347826086956,validation_auroc,smaller_dimension_then_smaller_C,False
ftv_complete_375,3026,LOCAL3,4,T0,"LateFusion(C+F,M)",192,8,0.1,0.7032608695652174,validation_auroc,smaller_dimension_then_smaller_C,False
ftv_complete_375,3026,LOCAL3,4,T1,M,384,64,0.1,0.5532608695652174,validation_auroc,smaller_dimension_then_smaller_C,False
ftv_complete_375,3026,LOCAL3,4,T1,C+M,384,64,0.01,0.6619565217391303,validation_auroc,smaller_dimension_then_smaller_C,False
ftv_complete_375,3026,LOCAL3,4,T1,C+F+M,384,8,100.0,0.6869565217391304,validation_auroc,smaller_dimension_then_smaller_C,False
ftv_complete_375,3026,LOCAL3,4,T1,M_residual,384,64,0.1,0.5695652173913043,validation_auroc,smaller_dimension_then_smaller_C,False
ftv_complete_375,3026,LOCAL3,4,T1,C+F+M_residual,384,64,0.01,0.6934782608695652,validation_auroc,smaller_dimension_then_smaller_C,False
ftv_complete_375,3026,LOCAL3,4,T1,"LateFusion(C,M)",384,8,10.0,0.691304347826087,validation_auroc,smaller_dimension_then_smaller_C,False
ftv_complete_375,3026,LOCAL3,4,T1,"LateFusion(C+F,M)",384,8,1.0,0.7358695652173913,validation_auroc,smaller_dimension_then_smaller_C,False
ftv_complete_375,3026,LOCAL3,4,T2,M,576,64,10.0,0.5347826086956522,validation_auroc,smaller_dimension_then_smaller_C,False
ftv_complete_375,3026,LOCAL3,4,T2,C+M,576,32,0.1,0.6445652173913043,validation_auroc,smaller_dimension_then_smaller_C,False
ftv_complete_375,3026,LOCAL3,4,T2,C+F+M,576,32,100.0,0.7728260869565218,validation_auroc,smaller_dimension_then_smaller_C,False
ftv_complete_375,3026,LOCAL3,4,T2,M_residual,576,64,100.0,0.5771739130434782,validation_auroc,smaller_dimension_then_smaller_C,False
ftv_complete_375,3026,LOCAL3,4,T2,C+F+M_residual,576,32,1.0,0.7771739130434783,validation_auroc,smaller_dimension_then_smaller_C,False
ftv_complete_375,3026,LOCAL3,4,T2,"LateFusion(C,M)",576,64,0.0001,0.6934782608695653,validation_auroc,smaller_dimension_then_smaller_C,False
ftv_complete_375,3026,LOCAL3,4,T2,"LateFusion(C+F,M)",576,16,10.0,0.7521739130434782,validation_auroc,smaller_dimension_then_smaller_C,False
ftv_complete_375,3026,LOCAL3,4,T3,M,768,8,10.0,0.4826086956521739,validation_auroc,smaller_dimension_then_smaller_C,False
ftv_complete_375,3026,LOCAL3,4,T3,C+M,768,8,100.0,0.6586956521739131,validation_auroc,smaller_dimension_then_smaller_C,False
ftv_complete_375,3026,LOCAL3,4,T3,C+F+M,768,8,100.0,0.7923913043478261,validation_auroc,smaller_dimension_then_smaller_C,False
ftv_complete_375,3026,LOCAL3,4,T3,M_residual,768,8,0.1,0.4771739130434783,validation_auroc,smaller_dimension_then_smaller_C,False
ftv_complete_375,3026,LOCAL3,4,T3,C+F+M_residual,768,8,1.0,0.7978260869565217,validation_auroc,smaller_dimension_then_smaller_C,False
ftv_complete_375,3026,LOCAL3,4,T3,"LateFusion(C,M)",768,64,0.01,0.7054347826086956,validation_auroc,smaller_dimension_then_smaller_C,False
ftv_complete_375,3026,LOCAL3,4,T3,"LateFusion(C+F,M)",768,64,0.01,0.7978260869565218,validation_auroc,smaller_dimension_then_smaller_C,False
