comparison_name,population,seed,arm,timing,metric,reference_value,comparison_value,improvement,ci_lower,ci_upper,confidence_level,n_patients,n_folds,n_bootstrap,n_valid_bootstrap,bootstrap_unit,ci_method,orientation,delta,delta_brier,reference_selector,comparison_selector,bootstrap_seed
RP16_CF_plus_M_vs_CF,ftv_complete_375,2026,LOCAL0,T0,auprc,0.538897485664505,0.4836502117153751,-0.05524727394912993,-0.11159282398210635,0.005009480295759744,0.95,375,5,2000,2000,patient_within_outer_fold,percentile,comparison - reference,-0.05524727394912993,,"{""model_key"":""C+F""}","{""model_key"":""C+F+M|R16""}",6977424310011772728
RP16_CF_plus_M_vs_CF,ftv_complete_375,2026,LOCAL0,T0,auroc,0.6880274442538593,0.6687478559176673,-0.019279588336192033,-0.06790230997548079,0.02949489549561984,0.95,375,5,2000,2000,patient_within_outer_fold,percentile,comparison - reference,-0.019279588336192033,,"{""model_key"":""C+F""}","{""model_key"":""C+F+M|R16""}",6977424310011772728
RP16_CF_plus_M_vs_CF,ftv_complete_375,2026,LOCAL0,T0,brier,0.2356217123236572,0.20387521051599894,0.031746501807658256,0.020110036534818444,0.04399588112305614,0.95,375,5,2000,2000,patient_within_outer_fold,percentile,reference - comparison (lower Brier is better),-0.031746501807658256,-0.031746501807658256,"{""model_key"":""C+F""}","{""model_key"":""C+F+M|R16""}",6977424310011772728
RP16_CF_plus_M_vs_CF,ftv_complete_375,2026,LOCAL0,T1,auprc,0.5259975356624463,0.543286872221934,0.01728933655948761,-0.04673356559643515,0.07405048224245467,0.95,375,5,2000,2000,patient_within_outer_fold,percentile,comparison - reference,0.01728933655948761,,"{""model_key"":""C+F""}","{""model_key"":""C+F+M|R16""}",452354683809348533
RP16_CF_plus_M_vs_CF,ftv_complete_375,2026,LOCAL0,T1,auroc,0.6971526586620925,0.7145454545454546,0.017392795883362067,-0.028077233766065742,0.058448359682945206,0.95,375,5,2000,2000,patient_within_outer_fold,percentile,comparison - reference,0.017392795883362067,,"{""model_key"":""C+F""}","{""model_key"":""C+F+M|R16""}",452354683809348533
RP16_CF_plus_M_vs_CF,ftv_complete_375,2026,LOCAL0,T1,brier,0.19795462758831528,0.18749464788130635,0.010459979707008932,-0.005195209323712669,0.025057255189405193,0.95,375,5,2000,2000,patient_within_outer_fold,percentile,reference - comparison (lower Brier is better),-0.010459979707008932,-0.010459979707008932,"{""model_key"":""C+F""}","{""model_key"":""C+F+M|R16""}",452354683809348533
RP16_CF_plus_M_vs_CF,ftv_complete_375,2026,LOCAL0,T2,auprc,0.5400010651611841,0.5338515539239431,-0.0061495112372409455,-0.05790277449630144,0.03814017226593834,0.95,375,5,2000,2000,patient_within_outer_fold,percentile,comparison - reference,-0.0061495112372409455,,"{""model_key"":""C+F""}","{""model_key"":""C+F+M|R16""}",8401577209817845855
RP16_CF_plus_M_vs_CF,ftv_complete_375,2026,LOCAL0,T2,auroc,0.726106346483705,0.7244596912521442,-0.001646655231560823,-0.03978853657421303,0.03361787577876639,0.95,375,5,2000,2000,patient_within_outer_fold,percentile,comparison - reference,-0.001646655231560823,,"{""model_key"":""C+F""}","{""model_key"":""C+F+M|R16""}",8401577209817845855
RP16_CF_plus_M_vs_CF,ftv_complete_375,2026,LOCAL0,T2,brier,0.1887354938947084,0.1883924925757222,0.000343001318986208,-0.013446568664540734,0.013073995099670365,0.95,375,5,2000,2000,patient_within_outer_fold,percentile,reference - comparison (lower Brier is better),-0.000343001318986208,-0.000343001318986208,"{""model_key"":""C+F""}","{""model_key"":""C+F+M|R16""}",8401577209817845855
RP16_CF_plus_M_vs_CF,ftv_complete_375,2026,LOCAL0,T3,auprc,0.5393749537451002,0.5374827496133785,-0.001892204131721753,-0.06785982785941495,0.05640892811218021,0.95,375,5,2000,2000,patient_within_outer_fold,percentile,comparison - reference,-0.001892204131721753,,"{""model_key"":""C+F""}","{""model_key"":""C+F+M|R16""}",4146947497131240200
RP16_CF_plus_M_vs_CF,ftv_complete_375,2026,LOCAL0,T3,auroc,0.7154030874785592,0.7252144082332762,0.009811320754717023,-0.03891922948807575,0.05560390164724829,0.95,375,5,2000,2000,patient_within_outer_fold,percentile,comparison - reference,0.009811320754717023,,"{""model_key"":""C+F""}","{""model_key"":""C+F+M|R16""}",4146947497131240200
RP16_CF_plus_M_vs_CF,ftv_complete_375,2026,LOCAL0,T3,brier,0.19299362818294807,0.1867262906353398,0.006267337547608276,-0.010007096676286124,0.02088812835808273,0.95,375,5,2000,2000,patient_within_outer_fold,percentile,reference - comparison (lower Brier is better),-0.006267337547608276,-0.006267337547608276,"{""model_key"":""C+F""}","{""model_key"":""C+F+M|R16""}",4146947497131240200
RP16_CF_plus_M_vs_CF,ftv_complete_375,2026,LOCAL3,T0,auprc,0.538897485664505,0.4528088665273472,-0.08608861913715782,-0.13476034796652225,-0.0312627721724626,0.95,375,5,2000,2000,patient_within_outer_fold,percentile,comparison - reference,-0.08608861913715782,,"{""model_key"":""C+F""}","{""model_key"":""C+F+M|R16""}",4140433156463540598
RP16_CF_plus_M_vs_CF,ftv_complete_375,2026,LOCAL3,T0,auroc,0.6880274442538593,0.6432590051457977,-0.04476843910806161,-0.09126657589459057,-0.0011813402545484363,0.95,375,5,2000,2000,patient_within_outer_fold,percentile,comparison - reference,-0.04476843910806161,,"{""model_key"":""C+F""}","{""model_key"":""C+F+M|R16""}",4140433156463540598
RP16_CF_plus_M_vs_CF,ftv_complete_375,2026,LOCAL3,T0,brier,0.2356217123236572,0.21310866337014908,0.022513048953508114,0.009395322097677773,0.03641369190894841,0.95,375,5,2000,2000,patient_within_outer_fold,percentile,reference - comparison (lower Brier is better),-0.022513048953508114,-0.022513048953508114,"{""model_key"":""C+F""}","{""model_key"":""C+F+M|R16""}",4140433156463540598
RP16_CF_plus_M_vs_CF,ftv_complete_375,2026,LOCAL3,T1,auprc,0.5259975356624463,0.5424420235270975,0.016444487864651136,-0.030904749464441696,0.06701316475471092,0.95,375,5,2000,2000,patient_within_outer_fold,percentile,comparison - reference,0.016444487864651136,,"{""model_key"":""C+F""}","{""model_key"":""C+F+M|R16""}",3098294469844610593
RP16_CF_plus_M_vs_CF,ftv_complete_375,2026,LOCAL3,T1,auroc,0.6971526586620925,0.7140651801029161,0.016912521440823558,-0.024731674189617102,0.05910603603603595,0.95,375,5,2000,2000,patient_within_outer_fold,percentile,comparison - reference,0.016912521440823558,,"{""model_key"":""C+F""}","{""model_key"":""C+F+M|R16""}",3098294469844610593
RP16_CF_plus_M_vs_CF,ftv_complete_375,2026,LOCAL3,T1,brier,0.19795462758831528,0.1882798293158564,0.009674798272458873,-0.00517731732658222,0.024448410840214797,0.95,375,5,2000,2000,patient_within_outer_fold,percentile,reference - comparison (lower Brier is better),-0.009674798272458873,-0.009674798272458873,"{""model_key"":""C+F""}","{""model_key"":""C+F+M|R16""}",3098294469844610593
RP16_CF_plus_M_vs_CF,ftv_complete_375,2026,LOCAL3,T2,auprc,0.5400010651611841,0.5187552573317008,-0.021245807829483265,-0.06789370677054628,0.02609084181278806,0.95,375,5,2000,2000,patient_within_outer_fold,percentile,comparison - reference,-0.021245807829483265,,"{""model_key"":""C+F""}","{""model_key"":""C+F+M|R16""}",9176460998704659694
RP16_CF_plus_M_vs_CF,ftv_complete_375,2026,LOCAL3,T2,auroc,0.726106346483705,0.7104288164665522,-0.015677530017152774,-0.04969346989695828,0.018212995503478432,0.95,375,5,2000,2000,patient_within_outer_fold,percentile,comparison - reference,-0.015677530017152774,,"{""model_key"":""C+F""}","{""model_key"":""C+F+M|R16""}",9176460998704659694
RP16_CF_plus_M_vs_CF,ftv_complete_375,2026,LOCAL3,T2,brier,0.1887354938947084,0.19217446625401804,-0.00343897235930965,-0.01715014896078437,0.009654827268879274,0.95,375,5,2000,2000,patient_within_outer_fold,percentile,reference - comparison (lower Brier is better),0.00343897235930965,0.00343897235930965,"{""model_key"":""C+F""}","{""model_key"":""C+F+M|R16""}",9176460998704659694
RP16_CF_plus_M_vs_CF,ftv_complete_375,2026,LOCAL3,T3,auprc,0.5393749537451002,0.5267522736026172,-0.012622680142483023,-0.07625064766694761,0.04924629649907884,0.95,375,5,2000,2000,patient_within_outer_fold,percentile,comparison - reference,-0.012622680142483023,,"{""model_key"":""C+F""}","{""model_key"":""C+F+M|R16""}",8150291637307423902
RP16_CF_plus_M_vs_CF,ftv_complete_375,2026,LOCAL3,T3,auroc,0.7154030874785592,0.7195197255574615,0.004116638078902279,-0.043074625101105914,0.0516318377600004,0.95,375,5,2000,2000,patient_within_outer_fold,percentile,comparison - reference,0.004116638078902279,,"{""model_key"":""C+F""}","{""model_key"":""C+F+M|R16""}",8150291637307423902
RP16_CF_plus_M_vs_CF,ftv_complete_375,2026,LOCAL3,T3,brier,0.19299362818294807,0.19000415565488368,0.002989472528064391,-0.012600298956057035,0.0186447936178369,0.95,375,5,2000,2000,patient_within_outer_fold,percentile,reference - comparison (lower Brier is better),-0.002989472528064391,-0.002989472528064391,"{""model_key"":""C+F""}","{""model_key"":""C+F+M|R16""}",8150291637307423902
RP16_CF_plus_M_vs_CF,ftv_complete_375,3026,LOCAL0,T0,auprc,0.538897485664505,0.4594937887014375,-0.07940369696306754,-0.13718630876534005,-0.01829490615402391,0.95,375,5,2000,2000,patient_within_outer_fold,percentile,comparison - reference,-0.07940369696306754,,"{""model_key"":""C+F""}","{""model_key"":""C+F+M|R16""}",7277510218207675341
RP16_CF_plus_M_vs_CF,ftv_complete_375,3026,LOCAL0,T0,auroc,0.6880274442538593,0.6495711835334477,-0.03845626072041164,-0.0915097803641202,0.014779328820124546,0.95,375,5,2000,2000,patient_within_outer_fold,percentile,comparison - reference,-0.03845626072041164,,"{""model_key"":""C+F""}","{""model_key"":""C+F+M|R16""}",7277510218207675341
RP16_CF_plus_M_vs_CF,ftv_complete_375,3026,LOCAL0,T0,brier,0.2356217123236572,0.21049008707286107,0.025131625250796125,0.008450452605389918,0.03998585143062508,0.95,375,5,2000,2000,patient_within_outer_fold,percentile,reference - comparison (lower Brier is better),-0.025131625250796125,-0.025131625250796125,"{""model_key"":""C+F""}","{""model_key"":""C+F+M|R16""}",7277510218207675341
RP16_CF_plus_M_vs_CF,ftv_complete_375,3026,LOCAL0,T1,auprc,0.5259975356624463,0.5182314021986207,-0.0077661334638255974,-0.0683188560125445,0.04891725773775338,0.95,375,5,2000,2000,patient_within_outer_fold,percentile,comparison - reference,-0.0077661334638255974,,"{""model_key"":""C+F""}","{""model_key"":""C+F+M|R16""}",4495865049852172430
RP16_CF_plus_M_vs_CF,ftv_complete_375,3026,LOCAL0,T1,auroc,0.6971526586620925,0.709433962264151,0.01228130360205848,-0.0325545161258991,0.053867139100646916,0.95,375,5,2000,2000,patient_within_outer_fold,percentile,comparison - reference,0.01228130360205848,,"{""model_key"":""C+F""}","{""model_key"":""C+F+M|R16""}",4495865049852172430
RP16_CF_plus_M_vs_CF,ftv_complete_375,3026,LOCAL0,T1,brier,0.19795462758831528,0.18884746656417628,0.009107161024138999,-0.006067343329617661,0.023659221862009305,0.95,375,5,2000,2000,patient_within_outer_fold,percentile,reference - comparison (lower Brier is better),-0.009107161024138999,-0.009107161024138999,"{""model_key"":""C+F""}","{""model_key"":""C+F+M|R16""}",4495865049852172430
RP16_CF_plus_M_vs_CF,ftv_complete_375,3026,LOCAL0,T2,auprc,0.5400010651611841,0.556139485666422,0.01613842050523795,-0.038532650121951645,0.07353189020791565,0.95,375,5,2000,2000,patient_within_outer_fold,percentile,comparison - reference,0.01613842050523795,,"{""model_key"":""C+F""}","{""model_key"":""C+F+M|R16""}",3862187263381412535
RP16_CF_plus_M_vs_CF,ftv_complete_375,3026,LOCAL0,T2,auroc,0.726106346483705,0.7302572898799313,0.0041509433962263476,-0.03595620417081925,0.045739928714573816,0.95,375,5,2000,2000,patient_within_outer_fold,percentile,comparison - reference,0.0041509433962263476,,"{""model_key"":""C+F""}","{""model_key"":""C+F+M|R16""}",3862187263381412535
RP16_CF_plus_M_vs_CF,ftv_complete_375,3026,LOCAL0,T2,brier,0.1887354938947084,0.17969440303035292,0.009041090864355478,-0.0053616927455130865,0.02265809090610251,0.95,375,5,2000,2000,patient_within_outer_fold,percentile,reference - comparison (lower Brier is better),-0.009041090864355478,-0.009041090864355478,"{""model_key"":""C+F""}","{""model_key"":""C+F+M|R16""}",3862187263381412535
RP16_CF_plus_M_vs_CF,ftv_complete_375,3026,LOCAL0,T3,auprc,0.5393749537451002,0.5196760004747816,-0.019698953270318675,-0.07210832040046078,0.03721921538816334,0.95,375,5,2000,2000,patient_within_outer_fold,percentile,comparison - reference,-0.019698953270318675,,"{""model_key"":""C+F""}","{""model_key"":""C+F+M|R16""}",5486231438694254032
RP16_CF_plus_M_vs_CF,ftv_complete_375,3026,LOCAL0,T3,auroc,0.7154030874785592,0.7056603773584906,-0.009742710120068554,-0.052532123377231864,0.03314716757532705,0.95,375,5,2000,2000,patient_within_outer_fold,percentile,comparison - reference,-0.009742710120068554,,"{""model_key"":""C+F""}","{""model_key"":""C+F+M|R16""}",5486231438694254032
RP16_CF_plus_M_vs_CF,ftv_complete_375,3026,LOCAL0,T3,brier,0.19299362818294807,0.19647140757822212,-0.00347777939527405,-0.01854434700148046,0.010903517088854293,0.95,375,5,2000,2000,patient_within_outer_fold,percentile,reference - comparison (lower Brier is better),0.00347777939527405,0.00347777939527405,"{""model_key"":""C+F""}","{""model_key"":""C+F+M|R16""}",5486231438694254032
RP16_CF_plus_M_vs_CF,ftv_complete_375,3026,LOCAL3,T0,auprc,0.538897485664505,0.46504201815903645,-0.07385546750546856,-0.13419471952884007,-0.00973707221845178,0.95,375,5,2000,2000,patient_within_outer_fold,percentile,comparison - reference,-0.07385546750546856,,"{""model_key"":""C+F""}","{""model_key"":""C+F+M|R16""}",616482207141627236
RP16_CF_plus_M_vs_CF,ftv_complete_375,3026,LOCAL3,T0,auroc,0.6880274442538593,0.6569811320754717,-0.031046312178387603,-0.08650382581933196,0.021370402243896133,0.95,375,5,2000,2000,patient_within_outer_fold,percentile,comparison - reference,-0.031046312178387603,,"{""model_key"":""C+F""}","{""model_key"":""C+F+M|R16""}",616482207141627236
RP16_CF_plus_M_vs_CF,ftv_complete_375,3026,LOCAL3,T0,brier,0.2356217123236572,0.20854261310557679,0.02707909921808041,0.009013893065781696,0.04389605502799272,0.95,375,5,2000,2000,patient_within_outer_fold,percentile,reference - comparison (lower Brier is better),-0.02707909921808041,-0.02707909921808041,"{""model_key"":""C+F""}","{""model_key"":""C+F+M|R16""}",616482207141627236
RP16_CF_plus_M_vs_CF,ftv_complete_375,3026,LOCAL3,T1,auprc,0.5259975356624463,0.5307823640209322,0.004784828358485815,-0.05034059712864168,0.06159132524531276,0.95,375,5,2000,2000,patient_within_outer_fold,percentile,comparison - reference,0.004784828358485815,,"{""model_key"":""C+F""}","{""model_key"":""C+F+M|R16""}",7184030881905649463
RP16_CF_plus_M_vs_CF,ftv_complete_375,3026,LOCAL3,T1,auroc,0.6971526586620925,0.7123156089193827,0.015162950257290198,-0.02900028041483153,0.05989224529943634,0.95,375,5,2000,2000,patient_within_outer_fold,percentile,comparison - reference,0.015162950257290198,,"{""model_key"":""C+F""}","{""model_key"":""C+F+M|R16""}",7184030881905649463
RP16_CF_plus_M_vs_CF,ftv_complete_375,3026,LOCAL3,T1,brier,0.19795462758831528,0.18641204253296284,0.011542585055352439,-0.003192996094760565,0.0262064100804693,0.95,375,5,2000,2000,patient_within_outer_fold,percentile,reference - comparison (lower Brier is better),-0.011542585055352439,-0.011542585055352439,"{""model_key"":""C+F""}","{""model_key"":""C+F+M|R16""}",7184030881905649463
RP16_CF_plus_M_vs_CF,ftv_complete_375,3026,LOCAL3,T2,auprc,0.5400010651611841,0.5478635082387513,0.007862443077567227,-0.04871828132988085,0.06209312585503409,0.95,375,5,2000,2000,patient_within_outer_fold,percentile,comparison - reference,0.007862443077567227,,"{""model_key"":""C+F""}","{""model_key"":""C+F+M|R16""}",1639356483296329704
RP16_CF_plus_M_vs_CF,ftv_complete_375,3026,LOCAL3,T2,auroc,0.726106346483705,0.7323156089193825,0.006209262435677543,-0.03354554124517502,0.045540580026724294,0.95,375,5,2000,2000,patient_within_outer_fold,percentile,comparison - reference,0.006209262435677543,,"{""model_key"":""C+F""}","{""model_key"":""C+F+M|R16""}",1639356483296329704
RP16_CF_plus_M_vs_CF,ftv_complete_375,3026,LOCAL3,T2,brier,0.1887354938947084,0.1844223056763763,0.004313188218332098,-0.01189676681002816,0.019249936830134956,0.95,375,5,2000,2000,patient_within_outer_fold,percentile,reference - comparison (lower Brier is better),-0.004313188218332098,-0.004313188218332098,"{""model_key"":""C+F""}","{""model_key"":""C+F+M|R16""}",1639356483296329704
RP16_CF_plus_M_vs_CF,ftv_complete_375,3026,LOCAL3,T3,auprc,0.5393749537451002,0.532065497563572,-0.007309456181528229,-0.07221474261059452,0.054631502696884736,0.95,375,5,2000,2000,patient_within_outer_fold,percentile,comparison - reference,-0.007309456181528229,,"{""model_key"":""C+F""}","{""model_key"":""C+F+M|R16""}",2918677967871175941
RP16_CF_plus_M_vs_CF,ftv_complete_375,3026,LOCAL3,T3,auroc,0.7154030874785592,0.7217495711835334,0.0063464837049742595,-0.039269378479877354,0.05191410674825883,0.95,375,5,2000,2000,patient_within_outer_fold,percentile,comparison - reference,0.0063464837049742595,,"{""model_key"":""C+F""}","{""model_key"":""C+F+M|R16""}",2918677967871175941
RP16_CF_plus_M_vs_CF,ftv_complete_375,3026,LOCAL3,T3,brier,0.19299362818294807,0.18968599695637847,0.0033076312265696017,-0.012255347434332892,0.01806205448766326,0.95,375,5,2000,2000,patient_within_outer_fold,percentile,reference - comparison (lower Brier is better),-0.0033076312265696017,-0.0033076312265696017,"{""model_key"":""C+F""}","{""model_key"":""C+F+M|R16""}",2918677967871175941
RP16_C_plus_M_vs_C,ftv_complete_375,2026,LOCAL0,T0,auprc,0.5362125873999827,0.4846941167742785,-0.051518470625704194,-0.09904465866003925,0.002145820160898998,0.95,375,5,2000,2000,patient_within_outer_fold,percentile,comparison - reference,-0.051518470625704194,,"{""model_key"":""C""}","{""model_key"":""C+M|R16""}",582245912313653858
RP16_C_plus_M_vs_C,ftv_complete_375,2026,LOCAL0,T0,auroc,0.6966723842195541,0.6677186963979416,-0.02895368782161256,-0.06856836298980426,0.008253119091831585,0.95,375,5,2000,2000,patient_within_outer_fold,percentile,comparison - reference,-0.02895368782161256,,"{""model_key"":""C""}","{""model_key"":""C+M|R16""}",582245912313653858
RP16_C_plus_M_vs_C,ftv_complete_375,2026,LOCAL0,T0,brier,0.2430950945429407,0.20384511454386176,0.03924997999907895,0.026266590418860685,0.051318263353309586,0.95,375,5,2000,2000,patient_within_outer_fold,percentile,reference - comparison (lower Brier is better),-0.03924997999907895,-0.03924997999907895,"{""model_key"":""C""}","{""model_key"":""C+M|R16""}",582245912313653858
RP16_C_plus_M_vs_C,ftv_complete_375,2026,LOCAL0,T1,auprc,0.5362125873999827,0.4788058670671159,-0.057406720332866756,-0.12024622515053521,0.007401813366547004,0.95,375,5,2000,2000,patient_within_outer_fold,percentile,comparison - reference,-0.057406720332866756,,"{""model_key"":""C""}","{""model_key"":""C+M|R16""}",9051860382321147596
RP16_C_plus_M_vs_C,ftv_complete_375,2026,LOCAL0,T1,auroc,0.6966723842195541,0.6388336192109777,-0.05783876500857643,-0.11702565752508362,-0.0066428921206136025,0.95,375,5,2000,2000,patient_within_outer_fold,percentile,comparison - reference,-0.05783876500857643,,"{""model_key"":""C""}","{""model_key"":""C+M|R16""}",9051860382321147596
RP16_C_plus_M_vs_C,ftv_complete_375,2026,LOCAL0,T1,brier,0.2430950945429407,0.2144596293349652,0.028635465207975497,0.010524658757948642,0.04451661964109216,0.95,375,5,2000,2000,patient_within_outer_fold,percentile,reference - comparison (lower Brier is better),-0.028635465207975497,-0.028635465207975497,"{""model_key"":""C""}","{""model_key"":""C+M|R16""}",9051860382321147596
RP16_C_plus_M_vs_C,ftv_complete_375,2026,LOCAL0,T2,auprc,0.5362125873999827,0.4667441047577009,-0.06946848264228178,-0.1306066368979517,0.008673623713738178,0.95,375,5,2000,2000,patient_within_outer_fold,percentile,comparison - reference,-0.06946848264228178,,"{""model_key"":""C""}","{""model_key"":""C+M|R16""}",4310059100659423062
RP16_C_plus_M_vs_C,ftv_complete_375,2026,LOCAL0,T2,auroc,0.6966723842195541,0.6463121783876502,-0.050360205831903926,-0.10746827025383789,0.008968346467470661,0.95,375,5,2000,2000,patient_within_outer_fold,percentile,comparison - reference,-0.050360205831903926,,"{""model_key"":""C""}","{""model_key"":""C+M|R16""}",4310059100659423062
RP16_C_plus_M_vs_C,ftv_complete_375,2026,LOCAL0,T2,brier,0.2430950945429407,0.21048931826634149,0.03260577627659922,0.014057683679968035,0.051156025281460224,0.95,375,5,2000,2000,patient_within_outer_fold,percentile,reference - comparison (lower Brier is better),-0.03260577627659922,-0.03260577627659922,"{""model_key"":""C""}","{""model_key"":""C+M|R16""}",4310059100659423062
RP16_C_plus_M_vs_C,ftv_complete_375,2026,LOCAL0,T3,auprc,0.5362125873999827,0.4849649356927531,-0.05124765170722956,-0.11071855615776037,0.025787411743825855,0.95,375,5,2000,2000,patient_within_outer_fold,percentile,comparison - reference,-0.05124765170722956,,"{""model_key"":""C""}","{""model_key"":""C+M|R16""}",2361973606138968254
RP16_C_plus_M_vs_C,ftv_complete_375,2026,LOCAL0,T3,auroc,0.6966723842195541,0.6734133790737564,-0.023259005145797707,-0.08167405116012355,0.03814087035315804,0.95,375,5,2000,2000,patient_within_outer_fold,percentile,comparison - reference,-0.023259005145797707,,"{""model_key"":""C""}","{""model_key"":""C+M|R16""}",2361973606138968254
RP16_C_plus_M_vs_C,ftv_complete_375,2026,LOCAL0,T3,brier,0.2430950945429407,0.2028718795928999,0.0402232149500408,0.023207665930438694,0.056091258233709675,0.95,375,5,2000,2000,patient_within_outer_fold,percentile,reference - comparison (lower Brier is better),-0.0402232149500408,-0.0402232149500408,"{""model_key"":""C""}","{""model_key"":""C+M|R16""}",2361973606138968254
RP16_C_plus_M_vs_C,ftv_complete_375,2026,LOCAL3,T0,auprc,0.5362125873999827,0.4771973641568815,-0.059015223243101156,-0.10421087751304767,-0.007802739191015101,0.95,375,5,2000,2000,patient_within_outer_fold,percentile,comparison - reference,-0.059015223243101156,,"{""model_key"":""C""}","{""model_key"":""C+M|R16""}",632998070555258905
RP16_C_plus_M_vs_C,ftv_complete_375,2026,LOCAL3,T0,auroc,0.6966723842195541,0.6543396226415095,-0.042332761578044664,-0.07834004136620261,-0.007098101516202117,0.95,375,5,2000,2000,patient_within_outer_fold,percentile,comparison - reference,-0.042332761578044664,,"{""model_key"":""C""}","{""model_key"":""C+M|R16""}",632998070555258905
RP16_C_plus_M_vs_C,ftv_complete_375,2026,LOCAL3,T0,brier,0.2430950945429407,0.21128319120247957,0.031811903340461134,0.019439957324352167,0.04403454666350364,0.95,375,5,2000,2000,patient_within_outer_fold,percentile,reference - comparison (lower Brier is better),-0.031811903340461134,-0.031811903340461134,"{""model_key"":""C""}","{""model_key"":""C+M|R16""}",632998070555258905
RP16_C_plus_M_vs_C,ftv_complete_375,2026,LOCAL3,T1,auprc,0.5362125873999827,0.4730531700376265,-0.0631594173623562,-0.12799605591370414,0.006444049298842906,0.95,375,5,2000,2000,patient_within_outer_fold,percentile,comparison - reference,-0.0631594173623562,,"{""model_key"":""C""}","{""model_key"":""C+M|R16""}",104738911601661203
RP16_C_plus_M_vs_C,ftv_complete_375,2026,LOCAL3,T1,auroc,0.6966723842195541,0.6330360205831905,-0.0636363636363636,-0.12201518811301425,-0.0066228985777033,0.95,375,5,2000,2000,patient_within_outer_fold,percentile,comparison - reference,-0.0636363636363636,,"{""model_key"":""C""}","{""model_key"":""C+M|R16""}",104738911601661203
RP16_C_plus_M_vs_C,ftv_complete_375,2026,LOCAL3,T1,brier,0.2430950945429407,0.21794100304727831,0.02515409149566239,0.005439661791912266,0.043857545429093814,0.95,375,5,2000,2000,patient_within_outer_fold,percentile,reference - comparison (lower Brier is better),-0.02515409149566239,-0.02515409149566239,"{""model_key"":""C""}","{""model_key"":""C+M|R16""}",104738911601661203
RP16_C_plus_M_vs_C,ftv_complete_375,2026,LOCAL3,T2,auprc,0.5362125873999827,0.4942431151479534,-0.041969472252029294,-0.10004337068291169,0.024871500801270582,0.95,375,5,2000,2000,patient_within_outer_fold,percentile,comparison - reference,-0.041969472252029294,,"{""model_key"":""C""}","{""model_key"":""C+M|R16""}",2438457880030033147
RP16_C_plus_M_vs_C,ftv_complete_375,2026,LOCAL3,T2,auroc,0.6966723842195541,0.6598627787307032,-0.03680960548885093,-0.0882982385965783,0.017834347165910085,0.95,375,5,2000,2000,patient_within_outer_fold,percentile,comparison - reference,-0.03680960548885093,,"{""model_key"":""C""}","{""model_key"":""C+M|R16""}",2438457880030033147
RP16_C_plus_M_vs_C,ftv_complete_375,2026,LOCAL3,T2,brier,0.2430950945429407,0.2104616058356775,0.03263348870726321,0.020414362384081935,0.0452405918201218,0.95,375,5,2000,2000,patient_within_outer_fold,percentile,reference - comparison (lower Brier is better),-0.03263348870726321,-0.03263348870726321,"{""model_key"":""C""}","{""model_key"":""C+M|R16""}",2438457880030033147
RP16_C_plus_M_vs_C,ftv_complete_375,2026,LOCAL3,T3,auprc,0.5362125873999827,0.46722828248903203,-0.06898430491095064,-0.13941628245269697,0.010197459069024677,0.95,375,5,2000,2000,patient_within_outer_fold,percentile,comparison - reference,-0.06898430491095064,,"{""model_key"":""C""}","{""model_key"":""C+M|R16""}",8000712440292244404
RP16_C_plus_M_vs_C,ftv_complete_375,2026,LOCAL3,T3,auroc,0.6966723842195541,0.640377358490566,-0.056295025728988146,-0.12211204348472984,0.007533120628167769,0.95,375,5,2000,2000,patient_within_outer_fold,percentile,comparison - reference,-0.056295025728988146,,"{""model_key"":""C""}","{""model_key"":""C+M|R16""}",8000712440292244404
RP16_C_plus_M_vs_C,ftv_complete_375,2026,LOCAL3,T3,brier,0.2430950945429407,0.21614927522447425,0.026945819318466457,0.008716006919174648,0.045491661636808,0.95,375,5,2000,2000,patient_within_outer_fold,percentile,reference - comparison (lower Brier is better),-0.026945819318466457,-0.026945819318466457,"{""model_key"":""C""}","{""model_key"":""C+M|R16""}",8000712440292244404
RP16_C_plus_M_vs_C,ftv_complete_375,3026,LOCAL0,T0,auprc,0.5362125873999827,0.4495255101873466,-0.08668707721263608,-0.14154556952871064,-0.013418587153185557,0.95,375,5,2000,2000,patient_within_outer_fold,percentile,comparison - reference,-0.08668707721263608,,"{""model_key"":""C""}","{""model_key"":""C+M|R16""}",3017785709914215899
RP16_C_plus_M_vs_C,ftv_complete_375,3026,LOCAL0,T0,auroc,0.6966723842195541,0.6439794168096056,-0.052692967409948555,-0.10712096905216714,0.0047611248146833575,0.95,375,5,2000,2000,patient_within_outer_fold,percentile,comparison - reference,-0.052692967409948555,,"{""model_key"":""C""}","{""model_key"":""C+M|R16""}",3017785709914215899
RP16_C_plus_M_vs_C,ftv_complete_375,3026,LOCAL0,T0,brier,0.2430950945429407,0.21121118171296235,0.03188391282997835,0.014693513324163552,0.04930864315429473,0.95,375,5,2000,2000,patient_within_outer_fold,percentile,reference - comparison (lower Brier is better),-0.03188391282997835,-0.03188391282997835,"{""model_key"":""C""}","{""model_key"":""C+M|R16""}",3017785709914215899
RP16_C_plus_M_vs_C,ftv_complete_375,3026,LOCAL0,T1,auprc,0.5362125873999827,0.42658082746380743,-0.10963175993617524,-0.16345236715348563,-0.052531840262647185,0.95,375,5,2000,2000,patient_within_outer_fold,percentile,comparison - reference,-0.10963175993617524,,"{""model_key"":""C""}","{""model_key"":""C+M|R16""}",3988260515673017708
RP16_C_plus_M_vs_C,ftv_complete_375,3026,LOCAL0,T1,auroc,0.6966723842195541,0.6230188679245282,-0.07365351629502592,-0.12079319795574552,-0.02952405225456576,0.95,375,5,2000,2000,patient_within_outer_fold,percentile,comparison - reference,-0.07365351629502592,,"{""model_key"":""C""}","{""model_key"":""C+M|R16""}",3988260515673017708
RP16_C_plus_M_vs_C,ftv_complete_375,3026,LOCAL0,T1,brier,0.2430950945429407,0.22166808652634526,0.021427008016595445,0.004768001972447705,0.03657333327375166,0.95,375,5,2000,2000,patient_within_outer_fold,percentile,reference - comparison (lower Brier is better),-0.021427008016595445,-0.021427008016595445,"{""model_key"":""C""}","{""model_key"":""C+M|R16""}",3988260515673017708
RP16_C_plus_M_vs_C,ftv_complete_375,3026,LOCAL0,T2,auprc,0.5362125873999827,0.4962850619096164,-0.03992752549036627,-0.10193289722244774,0.03051893938700686,0.95,375,5,2000,2000,patient_within_outer_fold,percentile,comparison - reference,-0.03992752549036627,,"{""model_key"":""C""}","{""model_key"":""C+M|R16""}",5308343112009374913
RP16_C_plus_M_vs_C,ftv_complete_375,3026,LOCAL0,T2,auroc,0.6966723842195541,0.6676157804459691,-0.029056603773584988,-0.08212250120250118,0.027433287709934397,0.95,375,5,2000,2000,patient_within_outer_fold,percentile,comparison - reference,-0.029056603773584988,,"{""model_key"":""C""}","{""model_key"":""C+M|R16""}",5308343112009374913
RP16_C_plus_M_vs_C,ftv_complete_375,3026,LOCAL0,T2,brier,0.2430950945429407,0.20602421835035784,0.03707087619258287,0.01691722507188557,0.05619823486436554,0.95,375,5,2000,2000,patient_within_outer_fold,percentile,reference - comparison (lower Brier is better),-0.03707087619258287,-0.03707087619258287,"{""model_key"":""C""}","{""model_key"":""C+M|R16""}",5308343112009374913
RP16_C_plus_M_vs_C,ftv_complete_375,3026,LOCAL0,T3,auprc,0.5362125873999827,0.4546428774050013,-0.08156970999498137,-0.14329811918564894,-0.00863165349290595,0.95,375,5,2000,2000,patient_within_outer_fold,percentile,comparison - reference,-0.08156970999498137,,"{""model_key"":""C""}","{""model_key"":""C+M|R16""}",8462729402602217268
RP16_C_plus_M_vs_C,ftv_complete_375,3026,LOCAL0,T3,auroc,0.6966723842195541,0.6546826758147514,-0.04198970840480276,-0.09619760681768268,0.013046646580552978,0.95,375,5,2000,2000,patient_within_outer_fold,percentile,comparison - reference,-0.04198970840480276,,"{""model_key"":""C""}","{""model_key"":""C+M|R16""}",8462729402602217268
RP16_C_plus_M_vs_C,ftv_complete_375,3026,LOCAL0,T3,brier,0.2430950945429407,0.20380201088756583,0.03929308365537487,0.016350238436746396,0.060565802249870584,0.95,375,5,2000,2000,patient_within_outer_fold,percentile,reference - comparison (lower Brier is better),-0.03929308365537487,-0.03929308365537487,"{""model_key"":""C""}","{""model_key"":""C+M|R16""}",8462729402602217268
RP16_C_plus_M_vs_C,ftv_complete_375,3026,LOCAL3,T0,auprc,0.5362125873999827,0.4521734589028026,-0.0840391284971801,-0.13581427883241476,-0.017268537299187335,0.95,375,5,2000,2000,patient_within_outer_fold,percentile,comparison - reference,-0.0840391284971801,,"{""model_key"":""C""}","{""model_key"":""C+M|R16""}",6839997392283638674
RP16_C_plus_M_vs_C,ftv_complete_375,3026,LOCAL3,T0,auroc,0.6966723842195541,0.658696397941681,-0.03797598627787313,-0.08369321493273842,0.006552941384922951,0.95,375,5,2000,2000,patient_within_outer_fold,percentile,comparison - reference,-0.03797598627787313,,"{""model_key"":""C""}","{""model_key"":""C+M|R16""}",6839997392283638674
RP16_C_plus_M_vs_C,ftv_complete_375,3026,LOCAL3,T0,brier,0.2430950945429407,0.21283474989093998,0.030260344652000726,0.012650757954519578,0.04740183758905231,0.95,375,5,2000,2000,patient_within_outer_fold,percentile,reference - comparison (lower Brier is better),-0.030260344652000726,-0.030260344652000726,"{""model_key"":""C""}","{""model_key"":""C+M|R16""}",6839997392283638674
RP16_C_plus_M_vs_C,ftv_complete_375,3026,LOCAL3,T1,auprc,0.5362125873999827,0.4127210240674824,-0.12349156333250028,-0.17677707583952468,-0.06388604977784205,0.95,375,5,2000,2000,patient_within_outer_fold,percentile,comparison - reference,-0.12349156333250028,,"{""model_key"":""C""}","{""model_key"":""C+M|R16""}",1282015526475042327
RP16_C_plus_M_vs_C,ftv_complete_375,3026,LOCAL3,T1,auroc,0.6966723842195541,0.6112864493996569,-0.0853859348198972,-0.13065778966131897,-0.041234310313689626,0.95,375,5,2000,2000,patient_within_outer_fold,percentile,comparison - reference,-0.0853859348198972,,"{""model_key"":""C""}","{""model_key"":""C+M|R16""}",1282015526475042327
RP16_C_plus_M_vs_C,ftv_complete_375,3026,LOCAL3,T1,brier,0.2430950945429407,0.22402606119753038,0.019069033345410324,0.0012613501780826364,0.03564377187692186,0.95,375,5,2000,2000,patient_within_outer_fold,percentile,reference - comparison (lower Brier is better),-0.019069033345410324,-0.019069033345410324,"{""model_key"":""C""}","{""model_key"":""C+M|R16""}",1282015526475042327
RP16_C_plus_M_vs_C,ftv_complete_375,3026,LOCAL3,T2,auprc,0.5362125873999827,0.5143306350747829,-0.02188195232519974,-0.08122612806081375,0.04616067022437329,0.95,375,5,2000,2000,patient_within_outer_fold,percentile,comparison - reference,-0.02188195232519974,,"{""model_key"":""C""}","{""model_key"":""C+M|R16""}",5029881800013155742
RP16_C_plus_M_vs_C,ftv_complete_375,3026,LOCAL3,T2,auroc,0.6966723842195541,0.6760548885077187,-0.020617495711835465,-0.07389386737204111,0.03228645480924887,0.95,375,5,2000,2000,patient_within_outer_fold,percentile,comparison - reference,-0.020617495711835465,,"{""model_key"":""C""}","{""model_key"":""C+M|R16""}",5029881800013155742
RP16_C_plus_M_vs_C,ftv_complete_375,3026,LOCAL3,T2,brier,0.2430950945429407,0.1996223172427348,0.043472777300205906,0.026927151293717408,0.05990955013905451,0.95,375,5,2000,2000,patient_within_outer_fold,percentile,reference - comparison (lower Brier is better),-0.043472777300205906,-0.043472777300205906,"{""model_key"":""C""}","{""model_key"":""C+M|R16""}",5029881800013155742
RP16_C_plus_M_vs_C,ftv_complete_375,3026,LOCAL3,T3,auprc,0.5362125873999827,0.4687366627095383,-0.06747592469044439,-0.12970655287950617,0.012259130520823834,0.95,375,5,2000,2000,patient_within_outer_fold,percentile,comparison - reference,-0.06747592469044439,,"{""model_key"":""C""}","{""model_key"":""C+M|R16""}",4443511372239050196
RP16_C_plus_M_vs_C,ftv_complete_375,3026,LOCAL3,T3,auroc,0.6966723842195541,0.6544082332761578,-0.042264150943396306,-0.09453447699639124,0.009221963636363607,0.95,375,5,2000,2000,patient_within_outer_fold,percentile,comparison - reference,-0.042264150943396306,,"{""model_key"":""C""}","{""model_key"":""C+M|R16""}",4443511372239050196
RP16_C_plus_M_vs_C,ftv_complete_375,3026,LOCAL3,T3,brier,0.2430950945429407,0.2023315262062581,0.0407635683366826,0.020601871858629682,0.05988549223035665,0.95,375,5,2000,2000,patient_within_outer_fold,percentile,reference - comparison (lower Brier is better),-0.0407635683366826,-0.0407635683366826,"{""model_key"":""C""}","{""model_key"":""C+M|R16""}",4443511372239050196
RP16_C_plus_M_vs_C,full_808,2026,LOCAL0,T0,auprc,0.5424197284072237,0.535067810939786,-0.007351917467437796,-0.04398128448749803,0.036151044766580806,0.95,808,5,2000,2000,patient_within_outer_fold,percentile,comparison - reference,-0.007351917467437796,,"{""model_key"":""C""}","{""model_key"":""C+M|R16""}",6885304823829148305
RP16_C_plus_M_vs_C,full_808,2026,LOCAL0,T0,auroc,0.6796145318096538,0.6903360054579566,0.010721473648302782,-0.018336696372910428,0.038517046974850165,0.95,808,5,2000,2000,patient_within_outer_fold,percentile,comparison - reference,0.010721473648302782,,"{""model_key"":""C""}","{""model_key"":""C+M|R16""}",6885304823829148305
RP16_C_plus_M_vs_C,full_808,2026,LOCAL0,T0,brier,0.22583847913185245,0.2080823125960606,0.017756166535791845,0.008513650255759477,0.02694829133809084,0.95,808,5,2000,2000,patient_within_outer_fold,percentile,reference - comparison (lower Brier is better),-0.017756166535791845,-0.017756166535791845,"{""model_key"":""C""}","{""model_key"":""C+M|R16""}",6885304823829148305
RP16_C_plus_M_vs_C,full_808,2026,LOCAL0,T1,auprc,0.5424197284072237,0.5518100333698033,0.009390304962579532,-0.02833047962582208,0.044224945356238735,0.95,808,5,2000,2000,patient_within_outer_fold,percentile,comparison - reference,0.009390304962579532,,"{""model_key"":""C""}","{""model_key"":""C+M|R16""}",4577045726322891746
RP16_C_plus_M_vs_C,full_808,2026,LOCAL0,T1,auroc,0.6796145318096538,0.6946341463414634,0.015019614531809555,-0.013477812750556133,0.04212065182248051,0.95,808,5,2000,2000,patient_within_outer_fold,percentile,comparison - reference,0.015019614531809555,,"{""model_key"":""C""}","{""model_key"":""C+M|R16""}",4577045726322891746
RP16_C_plus_M_vs_C,full_808,2026,LOCAL0,T1,brier,0.22583847913185245,0.20671429894881943,0.019124180183033024,0.008352527091213988,0.029570968478305277,0.95,808,5,2000,2000,patient_within_outer_fold,percentile,reference - comparison (lower Brier is better),-0.019124180183033024,-0.019124180183033024,"{""model_key"":""C""}","{""model_key"":""C+M|R16""}",4577045726322891746
RP16_C_plus_M_vs_C,full_808,2026,LOCAL0,T2,auprc,0.5424197284072237,0.5358246359318025,-0.006595092475421227,-0.04181656788749132,0.030122388067705924,0.95,808,5,2000,2000,patient_within_outer_fold,percentile,comparison - reference,-0.006595092475421227,,"{""model_key"":""C""}","{""model_key"":""C+M|R16""}",7192727557315608848
RP16_C_plus_M_vs_C,full_808,2026,LOCAL0,T2,auroc,0.6796145318096538,0.6770117687190857,-0.002602763090568061,-0.028910710766609185,0.023324304881401744,0.95,808,5,2000,2000,patient_within_outer_fold,percentile,comparison - reference,-0.002602763090568061,,"{""model_key"":""C""}","{""model_key"":""C+M|R16""}",7192727557315608848
RP16_C_plus_M_vs_C,full_808,2026,LOCAL0,T2,brier,0.22583847913185245,0.22187703381909687,0.003961445312755579,-0.004219350086355372,0.012148988512166259,0.95,808,5,2000,2000,patient_within_outer_fold,percentile,reference - comparison (lower Brier is better),-0.003961445312755579,-0.003961445312755579,"{""model_key"":""C""}","{""model_key"":""C+M|R16""}",7192727557315608848
RP16_C_plus_M_vs_C,full_808,2026,LOCAL0,T3,auprc,0.5424197284072237,0.5196264776635515,-0.022793250743672222,-0.05818029714904015,0.014878838932916725,0.95,808,5,2000,2000,patient_within_outer_fold,percentile,comparison - reference,-0.022793250743672222,,"{""model_key"":""C""}","{""model_key"":""C+M|R16""}",8954743284418189576
RP16_C_plus_M_vs_C,full_808,2026,LOCAL0,T3,auroc,0.6796145318096538,0.6756882142247995,-0.003926317584854289,-0.031010911064096695,0.02343654915310022,0.95,808,5,2000,2000,patient_within_outer_fold,percentile,comparison - reference,-0.003926317584854289,,"{""model_key"":""C""}","{""model_key"":""C+M|R16""}",8954743284418189576
RP16_C_plus_M_vs_C,full_808,2026,LOCAL0,T3,brier,0.22583847913185245,0.21389728295305524,0.011941196178797214,0.0019805707432934794,0.021579649389827097,0.95,808,5,2000,2000,patient_within_outer_fold,percentile,reference - comparison (lower Brier is better),-0.011941196178797214,-0.011941196178797214,"{""model_key"":""C""}","{""model_key"":""C+M|R16""}",8954743284418189576
RP16_C_plus_M_vs_C,full_808,2026,LOCAL3,T0,auprc,0.5424197284072237,0.5215019536249689,-0.020917774782254872,-0.062368303134289024,0.024825383447878904,0.95,808,5,2000,2000,patient_within_outer_fold,percentile,comparison - reference,-0.020917774782254872,,"{""model_key"":""C""}","{""model_key"":""C+M|R16""}",8820558527923508142
RP16_C_plus_M_vs_C,full_808,2026,LOCAL3,T0,auroc,0.6796145318096538,0.6776462561828416,-0.0019682756268122326,-0.03400873139084801,0.029675405570421493,0.95,808,5,2000,2000,patient_within_outer_fold,percentile,comparison - reference,-0.0019682756268122326,,"{""model_key"":""C""}","{""model_key"":""C+M|R16""}",8820558527923508142
RP16_C_plus_M_vs_C,full_808,2026,LOCAL3,T0,brier,0.22583847913185245,0.21226189249448643,0.013576586637366023,0.003326593207148074,0.022956211308787732,0.95,808,5,2000,2000,patient_within_outer_fold,percentile,reference - comparison (lower Brier is better),-0.013576586637366023,-0.013576586637366023,"{""model_key"":""C""}","{""model_key"":""C+M|R16""}",8820558527923508142
RP16_C_plus_M_vs_C,full_808,2026,LOCAL3,T1,auprc,0.5424197284072237,0.5377075920529995,-0.0047121363542242944,-0.04331759485448627,0.029833473596017204,0.95,808,5,2000,2000,patient_within_outer_fold,percentile,comparison - reference,-0.0047121363542242944,,"{""model_key"":""C""}","{""model_key"":""C+M|R16""}",1818535351184714129
RP16_C_plus_M_vs_C,full_808,2026,LOCAL3,T1,auroc,0.6796145318096538,0.679167661606686,-0.00044687020296785285,-0.030878787854313118,0.027135413370970293,0.95,808,5,2000,2000,patient_within_outer_fold,percentile,comparison - reference,-0.00044687020296785285,,"{""model_key"":""C""}","{""model_key"":""C+M|R16""}",1818535351184714129
RP16_C_plus_M_vs_C,full_808,2026,LOCAL3,T1,brier,0.22583847913185245,0.21156662392645892,0.014271855205393535,0.003340281076246488,0.02487785586098145,0.95,808,5,2000,2000,patient_within_outer_fold,percentile,reference - comparison (lower Brier is better),-0.014271855205393535,-0.014271855205393535,"{""model_key"":""C""}","{""model_key"":""C+M|R16""}",1818535351184714129
RP16_C_plus_M_vs_C,full_808,2026,LOCAL3,T2,auprc,0.5424197284072237,0.5273417996899618,-0.01507792871726199,-0.05006879648112583,0.024709273264577444,0.95,808,5,2000,2000,patient_within_outer_fold,percentile,comparison - reference,-0.01507792871726199,,"{""model_key"":""C""}","{""model_key"":""C+M|R16""}",5052668754907607226
RP16_C_plus_M_vs_C,full_808,2026,LOCAL3,T2,auroc,0.6796145318096538,0.6748899880607199,-0.00472454374893394,-0.02979465616352243,0.021716720665468654,0.95,808,5,2000,2000,patient_within_outer_fold,percentile,comparison - reference,-0.00472454374893394,,"{""model_key"":""C""}","{""model_key"":""C+M|R16""}",5052668754907607226
RP16_C_plus_M_vs_C,full_808,2026,LOCAL3,T2,brier,0.22583847913185245,0.2237361376716774,0.0021023414601750445,-0.007136447616037211,0.011015456606227023,0.95,808,5,2000,2000,patient_within_outer_fold,percentile,reference - comparison (lower Brier is better),-0.0021023414601750445,-0.0021023414601750445,"{""model_key"":""C""}","{""model_key"":""C+M|R16""}",5052668754907607226
RP16_C_plus_M_vs_C,full_808,2026,LOCAL3,T3,auprc,0.5424197284072237,0.5222875220984127,-0.020132206308811074,-0.051927635416425366,0.015098787305847449,0.95,808,5,2000,2000,patient_within_outer_fold,percentile,comparison - reference,-0.020132206308811074,,"{""model_key"":""C""}","{""model_key"":""C+M|R16""}",1890025341107511060
RP16_C_plus_M_vs_C,full_808,2026,LOCAL3,T3,auroc,0.6796145318096538,0.6715674569333107,-0.008047074876343152,-0.03342047549212018,0.018349557766372003,0.95,808,5,2000,2000,patient_within_outer_fold,percentile,comparison - reference,-0.008047074876343152,,"{""model_key"":""C""}","{""model_key"":""C+M|R16""}",1890025341107511060
RP16_C_plus_M_vs_C,full_808,2026,LOCAL3,T3,brier,0.22583847913185245,0.21406779026113018,0.011770688870722273,0.002716153474160839,0.020369686094030323,0.95,808,5,2000,2000,patient_within_outer_fold,percentile,reference - comparison (lower Brier is better),-0.011770688870722273,-0.011770688870722273,"{""model_key"":""C""}","{""model_key"":""C+M|R16""}",1890025341107511060
RP16_C_plus_M_vs_C,full_808,3026,LOCAL0,T0,auprc,0.5424197284072237,0.5178510502983749,-0.024568678108848885,-0.06018433720580001,0.016004813232409133,0.95,808,5,2000,2000,patient_within_outer_fold,percentile,comparison - reference,-0.024568678108848885,,"{""model_key"":""C""}","{""model_key"":""C+M|R16""}",1171952393120649436
RP16_C_plus_M_vs_C,full_808,3026,LOCAL0,T0,auroc,0.6796145318096538,0.6851441241685143,0.0055295923588605245,-0.022109859113301777,0.033791638180539166,0.95,808,5,2000,2000,patient_within_outer_fold,percentile,comparison - reference,0.0055295923588605245,,"{""model_key"":""C""}","{""model_key"":""C+M|R16""}",1171952393120649436
RP16_C_plus_M_vs_C,full_808,3026,LOCAL0,T0,brier,0.22583847913185245,0.2096898595953843,0.01614861953646815,0.0065314978249515895,0.024993981775824098,0.95,808,5,2000,2000,patient_within_outer_fold,percentile,reference - comparison (lower Brier is better),-0.01614861953646815,-0.01614861953646815,"{""model_key"":""C""}","{""model_key"":""C+M|R16""}",1171952393120649436
RP16_C_plus_M_vs_C,full_808,3026,LOCAL0,T1,auprc,0.5424197284072237,0.5440199874620744,0.0016002590548506168,-0.03472645595964255,0.043844187542144766,0.95,808,5,2000,2000,patient_within_outer_fold,percentile,comparison - reference,0.0016002590548506168,,"{""model_key"":""C""}","{""model_key"":""C+M|R16""}",7998881295891074541
RP16_C_plus_M_vs_C,full_808,3026,LOCAL0,T1,auroc,0.6796145318096538,0.7074671669793622,0.027852635169708373,0.0012084838623681448,0.05586581044767628,0.95,808,5,2000,2000,patient_within_outer_fold,percentile,comparison - reference,0.027852635169708373,,"{""model_key"":""C""}","{""model_key"":""C+M|R16""}",7998881295891074541
RP16_C_plus_M_vs_C,full_808,3026,LOCAL0,T1,brier,0.22583847913185245,0.2015975068690136,0.02424097226283886,0.013302301723106532,0.03466749256649511,0.95,808,5,2000,2000,patient_within_outer_fold,percentile,reference - comparison (lower Brier is better),-0.02424097226283886,-0.02424097226283886,"{""model_key"":""C""}","{""model_key"":""C+M|R16""}",7998881295891074541
RP16_C_plus_M_vs_C,full_808,3026,LOCAL0,T2,auprc,0.5424197284072237,0.5486438694781778,0.006224141070954037,-0.034279127800384765,0.05027064114042587,0.95,808,5,2000,2000,patient_within_outer_fold,percentile,comparison - reference,0.006224141070954037,,"{""model_key"":""C""}","{""model_key"":""C+M|R16""}",4914156858144381823
RP16_C_plus_M_vs_C,full_808,3026,LOCAL0,T2,auroc,0.6796145318096538,0.7038990278014668,0.024284495991813038,-0.00841635513698141,0.05748028598457656,0.95,808,5,2000,2000,patient_within_outer_fold,percentile,comparison - reference,0.024284495991813038,,"{""model_key"":""C""}","{""model_key"":""C+M|R16""}",4914156858144381823
RP16_C_plus_M_vs_C,full_808,3026,LOCAL0,T2,brier,0.22583847913185245,0.20304099701289174,0.02279748211896071,0.012123539844116451,0.033686416774967844,0.95,808,5,2000,2000,patient_within_outer_fold,percentile,reference - comparison (lower Brier is better),-0.02279748211896071,-0.02279748211896071,"{""model_key"":""C""}","{""model_key"":""C+M|R16""}",4914156858144381823
RP16_C_plus_M_vs_C,full_808,3026,LOCAL0,T3,auprc,0.5424197284072237,0.5508146836172514,0.008394955210027644,-0.03458453677646803,0.05486479763815056,0.95,808,5,2000,2000,patient_within_outer_fold,percentile,comparison - reference,0.008394955210027644,,"{""model_key"":""C""}","{""model_key"":""C+M|R16""}",8112578657582012134
RP16_C_plus_M_vs_C,full_808,3026,LOCAL0,T3,auroc,0.6796145318096538,0.7051270680538972,0.025512536244243433,-0.0114966507354311,0.06112240591823567,0.95,808,5,2000,2000,patient_within_outer_fold,percentile,comparison - reference,0.025512536244243433,,"{""model_key"":""C""}","{""model_key"":""C+M|R16""}",8112578657582012134
RP16_C_plus_M_vs_C,full_808,3026,LOCAL0,T3,brier,0.22583847913185245,0.20268414981185792,0.023154329319994532,0.012743011356215462,0.033304736296493276,0.95,808,5,2000,2000,patient_within_outer_fold,percentile,reference - comparison (lower Brier is better),-0.023154329319994532,-0.023154329319994532,"{""model_key"":""C""}","{""model_key"":""C+M|R16""}",8112578657582012134
RP16_C_plus_M_vs_C,full_808,3026,LOCAL3,T0,auprc,0.5424197284072237,0.5424541458343733,3.4417427149602275e-05,-0.03833162770711141,0.040883738863613,0.95,808,5,2000,2000,patient_within_outer_fold,percentile,comparison - reference,3.4417427149602275e-05,,"{""model_key"":""C""}","{""model_key"":""C+M|R16""}",8556720263271161128
RP16_C_plus_M_vs_C,full_808,3026,LOCAL3,T0,auroc,0.6796145318096538,0.70967081698789,0.03005628517823622,-0.0008212312597131617,0.05967027323680003,0.95,808,5,2000,2000,patient_within_outer_fold,percentile,comparison - reference,0.03005628517823622,,"{""model_key"":""C""}","{""model_key"":""C+M|R16""}",8556720263271161128
RP16_C_plus_M_vs_C,full_808,3026,LOCAL3,T0,brier,0.22583847913185245,0.2010188680666811,0.02481961106517136,0.014003298254289353,0.034781440841868023,0.95,808,5,2000,2000,patient_within_outer_fold,percentile,reference - comparison (lower Brier is better),-0.02481961106517136,-0.02481961106517136,"{""model_key"":""C""}","{""model_key"":""C+M|R16""}",8556720263271161128
RP16_C_plus_M_vs_C,full_808,3026,LOCAL3,T1,auprc,0.5424197284072237,0.549938426317703,0.007518697910479211,-0.029582940582175248,0.04894446527930013,0.95,808,5,2000,2000,patient_within_outer_fold,percentile,comparison - reference,0.007518697910479211,,"{""model_key"":""C""}","{""model_key"":""C+M|R16""}",3671436164108837956
RP16_C_plus_M_vs_C,full_808,3026,LOCAL3,T1,auroc,0.6796145318096538,0.7103939962476548,0.030779464438000947,0.0016173973138207314,0.062392510528211646,0.95,808,5,2000,2000,patient_within_outer_fold,percentile,comparison - reference,0.030779464438000947,,"{""model_key"":""C""}","{""model_key"":""C+M|R16""}",3671436164108837956
RP16_C_plus_M_vs_C,full_808,3026,LOCAL3,T1,brier,0.22583847913185245,0.19949128321099896,0.026347195920853494,0.016599307082262486,0.03625572575436987,0.95,808,5,2000,2000,patient_within_outer_fold,percentile,reference - comparison (lower Brier is better),-0.026347195920853494,-0.026347195920853494,"{""model_key"":""C""}","{""model_key"":""C+M|R16""}",3671436164108837956
RP16_C_plus_M_vs_C,full_808,3026,LOCAL3,T2,auprc,0.5424197284072237,0.5478202243376507,0.005400495930426907,-0.035793787017277076,0.048951596567436,0.95,808,5,2000,2000,patient_within_outer_fold,percentile,comparison - reference,0.005400495930426907,,"{""model_key"":""C""}","{""model_key"":""C+M|R16""}",6790467172352748880
RP16_C_plus_M_vs_C,full_808,3026,LOCAL3,T2,auroc,0.6796145318096538,0.6982568650861334,0.018642333276479572,-0.015729599176220507,0.05414937700536269,0.95,808,5,2000,2000,patient_within_outer_fold,percentile,comparison - reference,0.018642333276479572,,"{""model_key"":""C""}","{""model_key"":""C+M|R16""}",6790467172352748880
RP16_C_plus_M_vs_C,full_808,3026,LOCAL3,T2,brier,0.22583847913185245,0.20403323838938678,0.021805240742465676,0.010974453819990562,0.032409115008593926,0.95,808,5,2000,2000,patient_within_outer_fold,percentile,reference - comparison (lower Brier is better),-0.021805240742465676,-0.021805240742465676,"{""model_key"":""C""}","{""model_key"":""C+M|R16""}",6790467172352748880
RP16_C_plus_M_vs_C,full_808,3026,LOCAL3,T3,auprc,0.5424197284072237,0.5651621833201889,0.022742454912965115,-0.01853143476030238,0.07012882988643655,0.95,808,5,2000,2000,patient_within_outer_fold,percentile,comparison - reference,0.022742454912965115,,"{""model_key"":""C""}","{""model_key"":""C+M|R16""}",1245977764063935687
RP16_C_plus_M_vs_C,full_808,3026,LOCAL3,T3,auroc,0.6796145318096538,0.708927170390585,0.02931263858093114,-0.003598152879516999,0.0633271612216274,0.95,808,5,2000,2000,patient_within_outer_fold,percentile,comparison - reference,0.02931263858093114,,"{""model_key"":""C""}","{""model_key"":""C+M|R16""}",1245977764063935687
RP16_C_plus_M_vs_C,full_808,3026,LOCAL3,T3,brier,0.22583847913185245,0.19950621142188557,0.026332267709966883,0.01651923300559425,0.03561609532297036,0.95,808,5,2000,2000,patient_within_outer_fold,percentile,reference - comparison (lower Brier is better),-0.026332267709966883,-0.026332267709966883,"{""model_key"":""C""}","{""model_key"":""C+M|R16""}",1245977764063935687
RP32_CF_plus_M_vs_CF,ftv_complete_375,2026,LOCAL0,T0,auprc,0.538897485664505,0.4665673247026537,-0.0723301609618513,-0.11637297700009736,-0.026820208721174403,0.95,375,5,2000,2000,patient_within_outer_fold,percentile,comparison - reference,-0.0723301609618513,,"{""model_key"":""C+F""}","{""model_key"":""C+F+M|R32""}",7297229509348859423
RP32_CF_plus_M_vs_CF,ftv_complete_375,2026,LOCAL0,T0,auroc,0.6880274442538593,0.663327615780446,-0.024699828473413343,-0.058224075650415846,0.007707245001811825,0.95,375,5,2000,2000,patient_within_outer_fold,percentile,comparison - reference,-0.024699828473413343,,"{""model_key"":""C+F""}","{""model_key"":""C+F+M|R32""}",7297229509348859423
RP32_CF_plus_M_vs_CF,ftv_complete_375,2026,LOCAL0,T0,brier,0.2356217123236572,0.21201457963426118,0.023607132689396015,0.013483931101062073,0.033612957876003546,0.95,375,5,2000,2000,patient_within_outer_fold,percentile,reference - comparison (lower Brier is better),-0.023607132689396015,-0.023607132689396015,"{""model_key"":""C+F""}","{""model_key"":""C+F+M|R32""}",7297229509348859423
RP32_CF_plus_M_vs_CF,ftv_complete_375,2026,LOCAL0,T1,auprc,0.5259975356624463,0.5027640288916057,-0.023233506770840684,-0.09178947797294018,0.045605899277571284,0.95,375,5,2000,2000,patient_within_outer_fold,percentile,comparison - reference,-0.023233506770840684,,"{""model_key"":""C+F""}","{""model_key"":""C+F+M|R32""}",7378885786552482370
RP32_CF_plus_M_vs_CF,ftv_complete_375,2026,LOCAL0,T1,auroc,0.6971526586620925,0.6934819897084049,-0.003670668953687617,-0.05755505624803437,0.0456189701694669,0.95,375,5,2000,2000,patient_within_outer_fold,percentile,comparison - reference,-0.003670668953687617,,"{""model_key"":""C+F""}","{""model_key"":""C+F+M|R32""}",7378885786552482370
RP32_CF_plus_M_vs_CF,ftv_complete_375,2026,LOCAL0,T1,brier,0.19795462758831528,0.20588976317892851,-0.007935135590613235,-0.028615041915080144,0.010745319121606138,0.95,375,5,2000,2000,patient_within_outer_fold,percentile,reference - comparison (lower Brier is better),0.007935135590613235,0.007935135590613235,"{""model_key"":""C+F""}","{""model_key"":""C+F+M|R32""}",7378885786552482370
RP32_CF_plus_M_vs_CF,ftv_complete_375,2026,LOCAL0,T2,auprc,0.5400010651611841,0.5112487293383317,-0.028752335822852415,-0.0873565777662917,0.023553247080159313,0.95,375,5,2000,2000,patient_within_outer_fold,percentile,comparison - reference,-0.028752335822852415,,"{""model_key"":""C+F""}","{""model_key"":""C+F+M|R32""}",1807148042302308780
RP32_CF_plus_M_vs_CF,ftv_complete_375,2026,LOCAL0,T2,auroc,0.726106346483705,0.7133790737564322,-0.01272727272727281,-0.04300812252785916,0.01704273943173619,0.95,375,5,2000,2000,patient_within_outer_fold,percentile,comparison - reference,-0.01272727272727281,,"{""model_key"":""C+F""}","{""model_key"":""C+F+M|R32""}",1807148042302308780
RP32_CF_plus_M_vs_CF,ftv_complete_375,2026,LOCAL0,T2,brier,0.1887354938947084,0.19509910883196402,-0.006363614937255624,-0.019074304755774044,0.005591535993867949,0.95,375,5,2000,2000,patient_within_outer_fold,percentile,reference - comparison (lower Brier is better),0.006363614937255624,0.006363614937255624,"{""model_key"":""C+F""}","{""model_key"":""C+F+M|R32""}",1807148042302308780
RP32_CF_plus_M_vs_CF,ftv_complete_375,2026,LOCAL0,T3,auprc,0.5393749537451002,0.513710475803002,-0.02566447794209825,-0.10422781424724624,0.05088538375281601,0.95,375,5,2000,2000,patient_within_outer_fold,percentile,comparison - reference,-0.02566447794209825,,"{""model_key"":""C+F""}","{""model_key"":""C+F+M|R32""}",8582866126266559548
RP32_CF_plus_M_vs_CF,ftv_complete_375,2026,LOCAL0,T3,auroc,0.7154030874785592,0.7088507718696397,-0.006552315608919446,-0.05869987476271638,0.04429456760607605,0.95,375,5,2000,2000,patient_within_outer_fold,percentile,comparison - reference,-0.006552315608919446,,"{""model_key"":""C+F""}","{""model_key"":""C+F+M|R32""}",8582866126266559548
RP32_CF_plus_M_vs_CF,ftv_complete_375,2026,LOCAL0,T3,brier,0.19299362818294807,0.19802018652496084,-0.005026558342012766,-0.02372669282528984,0.013330133668138424,0.95,375,5,2000,2000,patient_within_outer_fold,percentile,reference - comparison (lower Brier is better),0.005026558342012766,0.005026558342012766,"{""model_key"":""C+F""}","{""model_key"":""C+F+M|R32""}",8582866126266559548
RP32_CF_plus_M_vs_CF,ftv_complete_375,2026,LOCAL3,T0,auprc,0.538897485664505,0.45527136119612444,-0.08362612446838058,-0.1259636594599973,-0.03295962003927949,0.95,375,5,2000,2000,patient_within_outer_fold,percentile,comparison - reference,-0.08362612446838058,,"{""model_key"":""C+F""}","{""model_key"":""C+F+M|R32""}",1575757104494104494
RP32_CF_plus_M_vs_CF,ftv_complete_375,2026,LOCAL3,T0,auroc,0.6880274442538593,0.6538593481989707,-0.034168096054888575,-0.06866049558880777,0.003995228916809467,0.95,375,5,2000,2000,patient_within_outer_fold,percentile,comparison - reference,-0.034168096054888575,,"{""model_key"":""C+F""}","{""model_key"":""C+F+M|R32""}",1575757104494104494
RP32_CF_plus_M_vs_CF,ftv_complete_375,2026,LOCAL3,T0,brier,0.2356217123236572,0.21042943167988062,0.02519228064377657,0.011864003486418374,0.03709793251835425,0.95,375,5,2000,2000,patient_within_outer_fold,percentile,reference - comparison (lower Brier is better),-0.02519228064377657,-0.02519228064377657,"{""model_key"":""C+F""}","{""model_key"":""C+F+M|R32""}",1575757104494104494
RP32_CF_plus_M_vs_CF,ftv_complete_375,2026,LOCAL3,T1,auprc,0.5259975356624463,0.48906052388641824,-0.036937011776028095,-0.09858057467913357,0.021554494521481598,0.95,375,5,2000,2000,patient_within_outer_fold,percentile,comparison - reference,-0.036937011776028095,,"{""model_key"":""C+F""}","{""model_key"":""C+F+M|R32""}",7095800426298404641
RP32_CF_plus_M_vs_CF,ftv_complete_375,2026,LOCAL3,T1,auroc,0.6971526586620925,0.672967409948542,-0.024185248713550545,-0.06797121963971577,0.01993080978442811,0.95,375,5,2000,2000,patient_within_outer_fold,percentile,comparison - reference,-0.024185248713550545,,"{""model_key"":""C+F""}","{""model_key"":""C+F+M|R32""}",7095800426298404641
RP32_CF_plus_M_vs_CF,ftv_complete_375,2026,LOCAL3,T1,brier,0.19795462758831528,0.21573091694700738,-0.017776289358692104,-0.03739837806277596,0.00030698020843563273,0.95,375,5,2000,2000,patient_within_outer_fold,percentile,reference - comparison (lower Brier is better),0.017776289358692104,0.017776289358692104,"{""model_key"":""C+F""}","{""model_key"":""C+F+M|R32""}",7095800426298404641
RP32_CF_plus_M_vs_CF,ftv_complete_375,2026,LOCAL3,T2,auprc,0.5400010651611841,0.4879500165795585,-0.05205104858162557,-0.10886145879247176,0.004059376423351476,0.95,375,5,2000,2000,patient_within_outer_fold,percentile,comparison - reference,-0.05205104858162557,,"{""model_key"":""C+F""}","{""model_key"":""C+F+M|R32""}",4882307759996842261
RP32_CF_plus_M_vs_CF,ftv_complete_375,2026,LOCAL3,T2,auroc,0.726106346483705,0.6952315608919382,-0.030874785591766818,-0.06471295899786486,0.0019661031191258844,0.95,375,5,2000,2000,patient_within_outer_fold,percentile,comparison - reference,-0.030874785591766818,,"{""model_key"":""C+F""}","{""model_key"":""C+F+M|R32""}",4882307759996842261
RP32_CF_plus_M_vs_CF,ftv_complete_375,2026,LOCAL3,T2,brier,0.1887354938947084,0.20626971376058062,-0.017534219865872225,-0.03190998641081883,-0.0031431386286601163,0.95,375,5,2000,2000,patient_within_outer_fold,percentile,reference - comparison (lower Brier is better),0.017534219865872225,0.017534219865872225,"{""model_key"":""C+F""}","{""model_key"":""C+F+M|R32""}",4882307759996842261
RP32_CF_plus_M_vs_CF,ftv_complete_375,2026,LOCAL3,T3,auprc,0.5393749537451002,0.5010600653620134,-0.03831488838308683,-0.11652965406059787,0.0396539422860145,0.95,375,5,2000,2000,patient_within_outer_fold,percentile,comparison - reference,-0.03831488838308683,,"{""model_key"":""C+F""}","{""model_key"":""C+F+M|R32""}",855705190277500835
RP32_CF_plus_M_vs_CF,ftv_complete_375,2026,LOCAL3,T3,auroc,0.7154030874785592,0.71221269296741,-0.0031903945111492193,-0.05556462295392164,0.04994138747572961,0.95,375,5,2000,2000,patient_within_outer_fold,percentile,comparison - reference,-0.0031903945111492193,,"{""model_key"":""C+F""}","{""model_key"":""C+F+M|R32""}",855705190277500835
RP32_CF_plus_M_vs_CF,ftv_complete_375,2026,LOCAL3,T3,brier,0.19299362818294807,0.19346381494158058,-0.0004701867586325015,-0.018821263257007243,0.01716859173467297,0.95,375,5,2000,2000,patient_within_outer_fold,percentile,reference - comparison (lower Brier is better),0.0004701867586325015,0.0004701867586325015,"{""model_key"":""C+F""}","{""model_key"":""C+F+M|R32""}",855705190277500835
RP32_CF_plus_M_vs_CF,ftv_complete_375,3026,LOCAL0,T0,auprc,0.538897485664505,0.46565231266455576,-0.07324517299994926,-0.15195917830586392,0.00573325917243701,0.95,375,5,2000,2000,patient_within_outer_fold,percentile,comparison - reference,-0.07324517299994926,,"{""model_key"":""C+F""}","{""model_key"":""C+F+M|R32""}",6729852465035354064
RP32_CF_plus_M_vs_CF,ftv_complete_375,3026,LOCAL0,T0,auroc,0.6880274442538593,0.662778730703259,-0.02524871355060032,-0.08789675457561653,0.03582391819765702,0.95,375,5,2000,2000,patient_within_outer_fold,percentile,comparison - reference,-0.02524871355060032,,"{""model_key"":""C+F""}","{""model_key"":""C+F+M|R32""}",6729852465035354064
RP32_CF_plus_M_vs_CF,ftv_complete_375,3026,LOCAL0,T0,brier,0.2356217123236572,0.2112350165515551,0.02438669577210209,0.003905169448765083,0.044933548617117146,0.95,375,5,2000,2000,patient_within_outer_fold,percentile,reference - comparison (lower Brier is better),-0.02438669577210209,-0.02438669577210209,"{""model_key"":""C+F""}","{""model_key"":""C+F+M|R32""}",6729852465035354064
RP32_CF_plus_M_vs_CF,ftv_complete_375,3026,LOCAL0,T1,auprc,0.5259975356624463,0.5004158462296957,-0.02558168943275063,-0.09619634306319978,0.04206822624057804,0.95,375,5,2000,2000,patient_within_outer_fold,percentile,comparison - reference,-0.02558168943275063,,"{""model_key"":""C+F""}","{""model_key"":""C+F+M|R32""}",3966487879306829214
RP32_CF_plus_M_vs_CF,ftv_complete_375,3026,LOCAL0,T1,auroc,0.6971526586620925,0.6822641509433962,-0.01488850771869632,-0.06772595844934677,0.038063899868247715,0.95,375,5,2000,2000,patient_within_outer_fold,percentile,comparison - reference,-0.01488850771869632,,"{""model_key"":""C+F""}","{""model_key"":""C+F+M|R32""}",3966487879306829214
RP32_CF_plus_M_vs_CF,ftv_complete_375,3026,LOCAL0,T1,brier,0.19795462758831528,0.2034222851432534,-0.00546765755493811,-0.023867927521597367,0.012799745175148192,0.95,375,5,2000,2000,patient_within_outer_fold,percentile,reference - comparison (lower Brier is better),0.00546765755493811,0.00546765755493811,"{""model_key"":""C+F""}","{""model_key"":""C+F+M|R32""}",3966487879306829214
RP32_CF_plus_M_vs_CF,ftv_complete_375,3026,LOCAL0,T2,auprc,0.5400010651611841,0.5477504997290822,0.007749434567898117,-0.055455929340352976,0.061009620152854556,0.95,375,5,2000,2000,patient_within_outer_fold,percentile,comparison - reference,0.007749434567898117,,"{""model_key"":""C+F""}","{""model_key"":""C+F+M|R32""}",414249777423850333
RP32_CF_plus_M_vs_CF,ftv_complete_375,3026,LOCAL0,T2,auroc,0.726106346483705,0.7185934819897084,-0.007512864493996574,-0.04435863564558076,0.026890946421383358,0.95,375,5,2000,2000,patient_within_outer_fold,percentile,comparison - reference,-0.007512864493996574,,"{""model_key"":""C+F""}","{""model_key"":""C+F+M|R32""}",414249777423850333
RP32_CF_plus_M_vs_CF,ftv_complete_375,3026,LOCAL0,T2,brier,0.1887354938947084,0.19752840369490765,-0.008792909800199256,-0.023679708323192154,0.006010786335270302,0.95,375,5,2000,2000,patient_within_outer_fold,percentile,reference - comparison (lower Brier is better),0.008792909800199256,0.008792909800199256,"{""model_key"":""C+F""}","{""model_key"":""C+F+M|R32""}",414249777423850333
RP32_CF_plus_M_vs_CF,ftv_complete_375,3026,LOCAL0,T3,auprc,0.5393749537451002,0.5197222517664022,-0.01965270197869806,-0.08578392430479795,0.038502405380455115,0.95,375,5,2000,2000,patient_within_outer_fold,percentile,comparison - reference,-0.01965270197869806,,"{""model_key"":""C+F""}","{""model_key"":""C+F+M|R32""}",3452156971002608058
RP32_CF_plus_M_vs_CF,ftv_complete_375,3026,LOCAL0,T3,auroc,0.7154030874785592,0.7044596912521441,-0.010943396226415048,-0.05948297806320371,0.03443918137270528,0.95,375,5,2000,2000,patient_within_outer_fold,percentile,comparison - reference,-0.010943396226415048,,"{""model_key"":""C+F""}","{""model_key"":""C+F+M|R32""}",3452156971002608058
RP32_CF_plus_M_vs_CF,ftv_complete_375,3026,LOCAL0,T3,brier,0.19299362818294807,0.1979817121575922,-0.00498808397464412,-0.0235596627064872,0.012067387152368792,0.95,375,5,2000,2000,patient_within_outer_fold,percentile,reference - comparison (lower Brier is better),0.00498808397464412,0.00498808397464412,"{""model_key"":""C+F""}","{""model_key"":""C+F+M|R32""}",3452156971002608058
RP32_CF_plus_M_vs_CF,ftv_complete_375,3026,LOCAL3,T0,auprc,0.538897485664505,0.4501498236911964,-0.08874766197330863,-0.13732044572277335,-0.02554193356857473,0.95,375,5,2000,2000,patient_within_outer_fold,percentile,comparison - reference,-0.08874766197330863,,"{""model_key"":""C+F""}","{""model_key"":""C+F+M|R32""}",3667430003793044626
RP32_CF_plus_M_vs_CF,ftv_complete_375,3026,LOCAL3,T0,auroc,0.6880274442538593,0.6530360205831904,-0.034991423670668875,-0.07825917314371009,0.010706418862197467,0.95,375,5,2000,2000,patient_within_outer_fold,percentile,comparison - reference,-0.034991423670668875,,"{""model_key"":""C+F""}","{""model_key"":""C+F+M|R32""}",3667430003793044626
RP32_CF_plus_M_vs_CF,ftv_complete_375,3026,LOCAL3,T0,brier,0.2356217123236572,0.2108527234515485,0.024768988872108683,0.010892645213788434,0.03857945790076733,0.95,375,5,2000,2000,patient_within_outer_fold,percentile,reference - comparison (lower Brier is better),-0.024768988872108683,-0.024768988872108683,"{""model_key"":""C+F""}","{""model_key"":""C+F+M|R32""}",3667430003793044626
RP32_CF_plus_M_vs_CF,ftv_complete_375,3026,LOCAL3,T1,auprc,0.5259975356624463,0.49041443574914495,-0.035583099913301386,-0.11410133464846937,0.03276060353381894,0.95,375,5,2000,2000,patient_within_outer_fold,percentile,comparison - reference,-0.035583099913301386,,"{""model_key"":""C+F""}","{""model_key"":""C+F+M|R32""}",143559747747298998
RP32_CF_plus_M_vs_CF,ftv_complete_375,3026,LOCAL3,T1,auroc,0.6971526586620925,0.6658319039451116,-0.031320754716980925,-0.0911379108162688,0.025771162453717324,0.95,375,5,2000,2000,patient_within_outer_fold,percentile,comparison - reference,-0.031320754716980925,,"{""model_key"":""C+F""}","{""model_key"":""C+F+M|R32""}",143559747747298998
RP32_CF_plus_M_vs_CF,ftv_complete_375,3026,LOCAL3,T1,brier,0.19795462758831528,0.21310840871537123,-0.015153781127055954,-0.03609398822207978,0.006079106302399325,0.95,375,5,2000,2000,patient_within_outer_fold,percentile,reference - comparison (lower Brier is better),0.015153781127055954,0.015153781127055954,"{""model_key"":""C+F""}","{""model_key"":""C+F+M|R32""}",143559747747298998
RP32_CF_plus_M_vs_CF,ftv_complete_375,3026,LOCAL3,T2,auprc,0.5400010651611841,0.49830992961093123,-0.041691135550252834,-0.11284070328278543,0.02300113612922081,0.95,375,5,2000,2000,patient_within_outer_fold,percentile,comparison - reference,-0.041691135550252834,,"{""model_key"":""C+F""}","{""model_key"":""C+F+M|R32""}",3420127589454059084
RP32_CF_plus_M_vs_CF,ftv_complete_375,3026,LOCAL3,T2,auroc,0.726106346483705,0.702024013722127,-0.024082332761578007,-0.06500747244452244,0.018817154835138124,0.95,375,5,2000,2000,patient_within_outer_fold,percentile,comparison - reference,-0.024082332761578007,,"{""model_key"":""C+F""}","{""model_key"":""C+F+M|R32""}",3420127589454059084
RP32_CF_plus_M_vs_CF,ftv_complete_375,3026,LOCAL3,T2,brier,0.1887354938947084,0.21015182561078957,-0.021416331716081177,-0.03985373140527552,-0.002392834780584391,0.95,375,5,2000,2000,patient_within_outer_fold,percentile,reference - comparison (lower Brier is better),0.021416331716081177,0.021416331716081177,"{""model_key"":""C+F""}","{""model_key"":""C+F+M|R32""}",3420127589454059084
RP32_CF_plus_M_vs_CF,ftv_complete_375,3026,LOCAL3,T3,auprc,0.5393749537451002,0.4945334758050815,-0.04484147794001875,-0.12266876246849659,0.029135338151598984,0.95,375,5,2000,2000,patient_within_outer_fold,percentile,comparison - reference,-0.04484147794001875,,"{""model_key"":""C+F""}","{""model_key"":""C+F+M|R32""}",6915777414185752603
RP32_CF_plus_M_vs_CF,ftv_complete_375,3026,LOCAL3,T3,auroc,0.7154030874785592,0.6860377358490567,-0.02936535162950249,-0.0872413245913036,0.027412231276862382,0.95,375,5,2000,2000,patient_within_outer_fold,percentile,comparison - reference,-0.02936535162950249,,"{""model_key"":""C+F""}","{""model_key"":""C+F+M|R32""}",6915777414185752603
RP32_CF_plus_M_vs_CF,ftv_complete_375,3026,LOCAL3,T3,brier,0.19299362818294807,0.21830827899791846,-0.02531465081497039,-0.04710533564020218,-0.0033958324954888866,0.95,375,5,2000,2000,patient_within_outer_fold,percentile,reference - comparison (lower Brier is better),0.02531465081497039,0.02531465081497039,"{""model_key"":""C+F""}","{""model_key"":""C+F+M|R32""}",6915777414185752603
RP32_C_plus_M_vs_C,ftv_complete_375,2026,LOCAL0,T0,auprc,0.5362125873999827,0.46698388755693776,-0.06922869984304492,-0.12098602712700243,-0.009914954469600504,0.95,375,5,2000,2000,patient_within_outer_fold,percentile,comparison - reference,-0.06922869984304492,,"{""model_key"":""C""}","{""model_key"":""C+M|R32""}",5210002337010737888
RP32_C_plus_M_vs_C,ftv_complete_375,2026,LOCAL0,T0,auroc,0.6966723842195541,0.6640137221269298,-0.03265866209262436,-0.06824997171144383,0.00016683880910221615,0.95,375,5,2000,2000,patient_within_outer_fold,percentile,comparison - reference,-0.03265866209262436,,"{""model_key"":""C""}","{""model_key"":""C+M|R32""}",5210002337010737888
RP32_C_plus_M_vs_C,ftv_complete_375,2026,LOCAL0,T0,brier,0.2430950945429407,0.2068460157740457,0.03624907876889499,0.022229407725963192,0.05147923890000864,0.95,375,5,2000,2000,patient_within_outer_fold,percentile,reference - comparison (lower Brier is better),-0.03624907876889499,-0.03624907876889499,"{""model_key"":""C""}","{""model_key"":""C+M|R32""}",5210002337010737888
RP32_C_plus_M_vs_C,ftv_complete_375,2026,LOCAL0,T1,auprc,0.5362125873999827,0.4717592666326069,-0.06445332076737575,-0.13140009357793336,0.012430032753744888,0.95,375,5,2000,2000,patient_within_outer_fold,percentile,comparison - reference,-0.06445332076737575,,"{""model_key"":""C""}","{""model_key"":""C+M|R32""}",5674429552670343665
RP32_C_plus_M_vs_C,ftv_complete_375,2026,LOCAL0,T1,auroc,0.6966723842195541,0.6700514579759862,-0.026620926243567933,-0.08143568415245309,0.024620277496937744,0.95,375,5,2000,2000,patient_within_outer_fold,percentile,comparison - reference,-0.026620926243567933,,"{""model_key"":""C""}","{""model_key"":""C+M|R32""}",5674429552670343665
RP32_C_plus_M_vs_C,ftv_complete_375,2026,LOCAL0,T1,brier,0.2430950945429407,0.20647098808453654,0.036624106458404165,0.016874515377734677,0.05411524194348054,0.95,375,5,2000,2000,patient_within_outer_fold,percentile,reference - comparison (lower Brier is better),-0.036624106458404165,-0.036624106458404165,"{""model_key"":""C""}","{""model_key"":""C+M|R32""}",5674429552670343665
RP32_C_plus_M_vs_C,ftv_complete_375,2026,LOCAL0,T2,auprc,0.5362125873999827,0.5056212555809078,-0.03059133181907492,-0.09537488458550929,0.040562386362402274,0.95,375,5,2000,2000,patient_within_outer_fold,percentile,comparison - reference,-0.03059133181907492,,"{""model_key"":""C""}","{""model_key"":""C+M|R32""}",6394245308491774933
RP32_C_plus_M_vs_C,ftv_complete_375,2026,LOCAL0,T2,auroc,0.6966723842195541,0.675746140651801,-0.020926243567753078,-0.07559405636951394,0.033860541156450034,0.95,375,5,2000,2000,patient_within_outer_fold,percentile,comparison - reference,-0.020926243567753078,,"{""model_key"":""C""}","{""model_key"":""C+M|R32""}",6394245308491774933
RP32_C_plus_M_vs_C,ftv_complete_375,2026,LOCAL0,T2,brier,0.2430950945429407,0.20201731268689332,0.04107778185604738,0.02144786009370477,0.059069288451176524,0.95,375,5,2000,2000,patient_within_outer_fold,percentile,reference - comparison (lower Brier is better),-0.04107778185604738,-0.04107778185604738,"{""model_key"":""C""}","{""model_key"":""C+M|R32""}",6394245308491774933
RP32_C_plus_M_vs_C,ftv_complete_375,2026,LOCAL0,T3,auprc,0.5362125873999827,0.44302455159913473,-0.09318803580084795,-0.15415717254520067,-0.027414837099949733,0.95,375,5,2000,2000,patient_within_outer_fold,percentile,comparison - reference,-0.09318803580084795,,"{""model_key"":""C""}","{""model_key"":""C+M|R32""}",1105080751472745911
RP32_C_plus_M_vs_C,ftv_complete_375,2026,LOCAL0,T3,auroc,0.6966723842195541,0.6380102915951973,-0.05866209262435684,-0.10793307435850599,-0.012727136575573781,0.95,375,5,2000,2000,patient_within_outer_fold,percentile,comparison - reference,-0.05866209262435684,,"{""model_key"":""C""}","{""model_key"":""C+M|R32""}",1105080751472745911
RP32_C_plus_M_vs_C,ftv_complete_375,2026,LOCAL0,T3,brier,0.2430950945429407,0.21550030797065753,0.027594786572283175,0.012657191518694105,0.04159295243216815,0.95,375,5,2000,2000,patient_within_outer_fold,percentile,reference - comparison (lower Brier is better),-0.027594786572283175,-0.027594786572283175,"{""model_key"":""C""}","{""model_key"":""C+M|R32""}",1105080751472745911
RP32_C_plus_M_vs_C,ftv_complete_375,2026,LOCAL3,T0,auprc,0.5362125873999827,0.4647661390296144,-0.07144644837036829,-0.121260862506689,-0.015780647522008563,0.95,375,5,2000,2000,patient_within_outer_fold,percentile,comparison - reference,-0.07144644837036829,,"{""model_key"":""C""}","{""model_key"":""C+M|R32""}",2457606196029776840
RP32_C_plus_M_vs_C,ftv_complete_375,2026,LOCAL3,T0,auroc,0.6966723842195541,0.6532761578044597,-0.04339622641509444,-0.08009750545746092,-0.005613791008042946,0.95,375,5,2000,2000,patient_within_outer_fold,percentile,comparison - reference,-0.04339622641509444,,"{""model_key"":""C""}","{""model_key"":""C+M|R32""}",2457606196029776840
RP32_C_plus_M_vs_C,ftv_complete_375,2026,LOCAL3,T0,brier,0.2430950945429407,0.21326626941261156,0.02982882513032914,0.017343185892047395,0.04196817171827796,0.95,375,5,2000,2000,patient_within_outer_fold,percentile,reference - comparison (lower Brier is better),-0.02982882513032914,-0.02982882513032914,"{""model_key"":""C""}","{""model_key"":""C+M|R32""}",2457606196029776840
RP32_C_plus_M_vs_C,ftv_complete_375,2026,LOCAL3,T1,auprc,0.5362125873999827,0.43029640170405237,-0.10591618569593031,-0.17591785486749334,-0.02750674819781097,0.95,375,5,2000,2000,patient_within_outer_fold,percentile,comparison - reference,-0.10591618569593031,,"{""model_key"":""C""}","{""model_key"":""C+M|R32""}",6168752957483689043
RP32_C_plus_M_vs_C,ftv_complete_375,2026,LOCAL3,T1,auroc,0.6966723842195541,0.6274785591766725,-0.06919382504288163,-0.13148462836893315,-0.01065498753351113,0.95,375,5,2000,2000,patient_within_outer_fold,percentile,comparison - reference,-0.06919382504288163,,"{""model_key"":""C""}","{""model_key"":""C+M|R32""}",6168752957483689043
RP32_C_plus_M_vs_C,ftv_complete_375,2026,LOCAL3,T1,brier,0.2430950945429407,0.23428883524155178,0.008806259301388925,-0.0168074359281758,0.03198528940144563,0.95,375,5,2000,2000,patient_within_outer_fold,percentile,reference - comparison (lower Brier is better),-0.008806259301388925,-0.008806259301388925,"{""model_key"":""C""}","{""model_key"":""C+M|R32""}",6168752957483689043
RP32_C_plus_M_vs_C,ftv_complete_375,2026,LOCAL3,T2,auprc,0.5362125873999827,0.4965470093608525,-0.03966557803913018,-0.10267193626666013,0.027512317607262044,0.95,375,5,2000,2000,patient_within_outer_fold,percentile,comparison - reference,-0.03966557803913018,,"{""model_key"":""C""}","{""model_key"":""C+M|R32""}",1181334700809601110
RP32_C_plus_M_vs_C,ftv_complete_375,2026,LOCAL3,T2,auroc,0.6966723842195541,0.667581475128645,-0.029090909090909167,-0.07891976641806776,0.02263006239772103,0.95,375,5,2000,2000,patient_within_outer_fold,percentile,comparison - reference,-0.029090909090909167,,"{""model_key"":""C""}","{""model_key"":""C+M|R32""}",1181334700809601110
RP32_C_plus_M_vs_C,ftv_complete_375,2026,LOCAL3,T2,brier,0.2430950945429407,0.20439726127736074,0.03869783326557996,0.01704120314820914,0.05926763902630049,0.95,375,5,2000,2000,patient_within_outer_fold,percentile,reference - comparison (lower Brier is better),-0.03869783326557996,-0.03869783326557996,"{""model_key"":""C""}","{""model_key"":""C+M|R32""}",1181334700809601110
RP32_C_plus_M_vs_C,ftv_complete_375,2026,LOCAL3,T3,auprc,0.5362125873999827,0.4473779177797717,-0.08883466962021097,-0.15033598005484816,-0.009519150864908897,0.95,375,5,2000,2000,patient_within_outer_fold,percentile,comparison - reference,-0.08883466962021097,,"{""model_key"":""C""}","{""model_key"":""C+M|R32""}",7491147400612416129
RP32_C_plus_M_vs_C,ftv_complete_375,2026,LOCAL3,T3,auroc,0.6966723842195541,0.6481646655231562,-0.04850771869639792,-0.09696846403124844,-0.0011184675605074813,0.95,375,5,2000,2000,patient_within_outer_fold,percentile,comparison - reference,-0.04850771869639792,,"{""model_key"":""C""}","{""model_key"":""C+M|R32""}",7491147400612416129
RP32_C_plus_M_vs_C,ftv_complete_375,2026,LOCAL3,T3,brier,0.2430950945429407,0.21516467698706918,0.02793041755587153,0.008651026682369842,0.04530809856219378,0.95,375,5,2000,2000,patient_within_outer_fold,percentile,reference - comparison (lower Brier is better),-0.02793041755587153,-0.02793041755587153,"{""model_key"":""C""}","{""model_key"":""C+M|R32""}",7491147400612416129
RP32_C_plus_M_vs_C,ftv_complete_375,3026,LOCAL0,T0,auprc,0.5362125873999827,0.45990522999308475,-0.07630735740689792,-0.14441860926542255,-0.00627347688754904,0.95,375,5,2000,2000,patient_within_outer_fold,percentile,comparison - reference,-0.07630735740689792,,"{""model_key"":""C""}","{""model_key"":""C+M|R32""}",1149861644567482196
RP32_C_plus_M_vs_C,ftv_complete_375,3026,LOCAL0,T0,auroc,0.6966723842195541,0.6520754716981132,-0.044596912521440935,-0.0953200203086862,0.002398208471255905,0.95,375,5,2000,2000,patient_within_outer_fold,percentile,comparison - reference,-0.044596912521440935,,"{""model_key"":""C""}","{""model_key"":""C+M|R32""}",1149861644567482196
RP32_C_plus_M_vs_C,ftv_complete_375,3026,LOCAL0,T0,brier,0.2430950945429407,0.21061482917221774,0.03248026537072296,0.00924610717011415,0.05437735208900351,0.95,375,5,2000,2000,patient_within_outer_fold,percentile,reference - comparison (lower Brier is better),-0.03248026537072296,-0.03248026537072296,"{""model_key"":""C""}","{""model_key"":""C+M|R32""}",1149861644567482196
RP32_C_plus_M_vs_C,ftv_complete_375,3026,LOCAL0,T1,auprc,0.5362125873999827,0.42857663395497336,-0.10763595344500931,-0.17010138892831578,-0.0363498198001727,0.95,375,5,2000,2000,patient_within_outer_fold,percentile,comparison - reference,-0.10763595344500931,,"{""model_key"":""C""}","{""model_key"":""C+M|R32""}",1261821126525716067
RP32_C_plus_M_vs_C,ftv_complete_375,3026,LOCAL0,T1,auroc,0.6966723842195541,0.6230188679245283,-0.07365351629502581,-0.1305963424831521,-0.019078308385423178,0.95,375,5,2000,2000,patient_within_outer_fold,percentile,comparison - reference,-0.07365351629502581,,"{""model_key"":""C""}","{""model_key"":""C+M|R32""}",1261821126525716067
RP32_C_plus_M_vs_C,ftv_complete_375,3026,LOCAL0,T1,brier,0.2430950945429407,0.2218396451553131,0.021255449387627606,0.002078493412766332,0.03961830351622275,0.95,375,5,2000,2000,patient_within_outer_fold,percentile,reference - comparison (lower Brier is better),-0.021255449387627606,-0.021255449387627606,"{""model_key"":""C""}","{""model_key"":""C+M|R32""}",1261821126525716067
RP32_C_plus_M_vs_C,ftv_complete_375,3026,LOCAL0,T2,auprc,0.5362125873999827,0.4691458875216977,-0.06706669987828495,-0.14277240697185345,0.010623980536434695,0.95,375,5,2000,2000,patient_within_outer_fold,percentile,comparison - reference,-0.06706669987828495,,"{""model_key"":""C""}","{""model_key"":""C+M|R32""}",5193423361902816092
RP32_C_plus_M_vs_C,ftv_complete_375,3026,LOCAL0,T2,auroc,0.6966723842195541,0.6498113207547169,-0.046861063464837205,-0.10992257905746776,0.015320786603165026,0.95,375,5,2000,2000,patient_within_outer_fold,percentile,comparison - reference,-0.046861063464837205,,"{""model_key"":""C""}","{""model_key"":""C+M|R32""}",5193423361902816092
RP32_C_plus_M_vs_C,ftv_complete_375,3026,LOCAL0,T2,brier,0.2430950945429407,0.22118893322945235,0.021906161313488354,-0.00329764836793291,0.04540908338073165,0.95,375,5,2000,2000,patient_within_outer_fold,percentile,reference - comparison (lower Brier is better),-0.021906161313488354,-0.021906161313488354,"{""model_key"":""C""}","{""model_key"":""C+M|R32""}",5193423361902816092
RP32_C_plus_M_vs_C,ftv_complete_375,3026,LOCAL0,T3,auprc,0.5362125873999827,0.48154185943524647,-0.05467072796473621,-0.11465920536796582,0.015500525264226602,0.95,375,5,2000,2000,patient_within_outer_fold,percentile,comparison - reference,-0.05467072796473621,,"{""model_key"":""C""}","{""model_key"":""C+M|R32""}",2607285504802493246
RP32_C_plus_M_vs_C,ftv_complete_375,3026,LOCAL0,T3,auroc,0.6966723842195541,0.6632246998284734,-0.0334476843910807,-0.08652845445488673,0.019373564895944658,0.95,375,5,2000,2000,patient_within_outer_fold,percentile,comparison - reference,-0.0334476843910807,,"{""model_key"":""C""}","{""model_key"":""C+M|R32""}",2607285504802493246
RP32_C_plus_M_vs_C,ftv_complete_375,3026,LOCAL0,T3,brier,0.2430950945429407,0.20425080479853902,0.03884428974440168,0.01961675983188427,0.05542552140329152,0.95,375,5,2000,2000,patient_within_outer_fold,percentile,reference - comparison (lower Brier is better),-0.03884428974440168,-0.03884428974440168,"{""model_key"":""C""}","{""model_key"":""C+M|R32""}",2607285504802493246
RP32_C_plus_M_vs_C,ftv_complete_375,3026,LOCAL3,T0,auprc,0.5362125873999827,0.46413257596128366,-0.07208001143869902,-0.1290527497251171,-0.002698889465076114,0.95,375,5,2000,2000,patient_within_outer_fold,percentile,comparison - reference,-0.07208001143869902,,"{""model_key"":""C""}","{""model_key"":""C+M|R32""}",742207152868374747
RP32_C_plus_M_vs_C,ftv_complete_375,3026,LOCAL3,T0,auroc,0.6966723842195541,0.6551286449399657,-0.04154373927958843,-0.08953235251061345,0.004376125611686564,0.95,375,5,2000,2000,patient_within_outer_fold,percentile,comparison - reference,-0.04154373927958843,,"{""model_key"":""C""}","{""model_key"":""C+M|R32""}",742207152868374747
RP32_C_plus_M_vs_C,ftv_complete_375,3026,LOCAL3,T0,brier,0.2430950945429407,0.2089569791340222,0.03413811540891851,0.015382994823567878,0.05250106808357463,0.95,375,5,2000,2000,patient_within_outer_fold,percentile,reference - comparison (lower Brier is better),-0.03413811540891851,-0.03413811540891851,"{""model_key"":""C""}","{""model_key"":""C+M|R32""}",742207152868374747
RP32_C_plus_M_vs_C,ftv_complete_375,3026,LOCAL3,T1,auprc,0.5362125873999827,0.41438640545955935,-0.12182618194042333,-0.18905719569402826,-0.05177569402224808,0.95,375,5,2000,2000,patient_within_outer_fold,percentile,comparison - reference,-0.12182618194042333,,"{""model_key"":""C""}","{""model_key"":""C+M|R32""}",5663684794101288832
RP32_C_plus_M_vs_C,ftv_complete_375,3026,LOCAL3,T1,auroc,0.6966723842195541,0.6060034305317323,-0.0906689536878218,-0.15088833344592323,-0.03142753960857403,0.95,375,5,2000,2000,patient_within_outer_fold,percentile,comparison - reference,-0.0906689536878218,,"{""model_key"":""C""}","{""model_key"":""C+M|R32""}",5663684794101288832
RP32_C_plus_M_vs_C,ftv_complete_375,3026,LOCAL3,T1,brier,0.2430950945429407,0.23299014210073407,0.010104952442206633,-0.013753726069610204,0.03230937068277557,0.95,375,5,2000,2000,patient_within_outer_fold,percentile,reference - comparison (lower Brier is better),-0.010104952442206633,-0.010104952442206633,"{""model_key"":""C""}","{""model_key"":""C+M|R32""}",5663684794101288832
RP32_C_plus_M_vs_C,ftv_complete_375,3026,LOCAL3,T2,auprc,0.5362125873999827,0.4428771635530492,-0.0933354238469335,-0.15540417224970307,-0.015861695827646714,0.95,375,5,2000,2000,patient_within_outer_fold,percentile,comparison - reference,-0.0933354238469335,,"{""model_key"":""C""}","{""model_key"":""C+M|R32""}",3610461559308708945
RP32_C_plus_M_vs_C,ftv_complete_375,3026,LOCAL3,T2,auroc,0.6966723842195541,0.6659691252144082,-0.030703259005145922,-0.08782087053571429,0.02867971905621116,0.95,375,5,2000,2000,patient_within_outer_fold,percentile,comparison - reference,-0.030703259005145922,,"{""model_key"":""C""}","{""model_key"":""C+M|R32""}",3610461559308708945
RP32_C_plus_M_vs_C,ftv_complete_375,3026,LOCAL3,T2,brier,0.2430950945429407,0.2138921354836763,0.0292029590592644,0.004647182398343558,0.05304313125665125,0.95,375,5,2000,2000,patient_within_outer_fold,percentile,reference - comparison (lower Brier is better),-0.0292029590592644,-0.0292029590592644,"{""model_key"":""C""}","{""model_key"":""C+M|R32""}",3610461559308708945
RP32_C_plus_M_vs_C,ftv_complete_375,3026,LOCAL3,T3,auprc,0.5362125873999827,0.4473828126269332,-0.08882977477304949,-0.1635608769744706,-0.005602983704121194,0.95,375,5,2000,2000,patient_within_outer_fold,percentile,comparison - reference,-0.08882977477304949,,"{""model_key"":""C""}","{""model_key"":""C+M|R32""}",2675595625277342669
RP32_C_plus_M_vs_C,ftv_complete_375,3026,LOCAL3,T3,auroc,0.6966723842195541,0.6417838765008577,-0.054888507718696466,-0.12412370696890937,0.013449135995358656,0.95,375,5,2000,2000,patient_within_outer_fold,percentile,comparison - reference,-0.054888507718696466,,"{""model_key"":""C""}","{""model_key"":""C+M|R32""}",2675595625277342669
RP32_C_plus_M_vs_C,ftv_complete_375,3026,LOCAL3,T3,brier,0.2430950945429407,0.22729905155113042,0.015796042991810283,-0.008873670539475114,0.0388098463771821,0.95,375,5,2000,2000,patient_within_outer_fold,percentile,reference - comparison (lower Brier is better),-0.015796042991810283,-0.015796042991810283,"{""model_key"":""C""}","{""model_key"":""C+M|R32""}",2675595625277342669
RP32_C_plus_M_vs_C,full_808,2026,LOCAL0,T0,auprc,0.5424197284072237,0.5212227967506067,-0.02119693165661707,-0.06390923350859462,0.022393719147558028,0.95,808,5,2000,2000,patient_within_outer_fold,percentile,comparison - reference,-0.02119693165661707,,"{""model_key"":""C""}","{""model_key"":""C+M|R32""}",4733409213296404251
RP32_C_plus_M_vs_C,full_808,2026,LOCAL0,T0,auroc,0.6796145318096538,0.6752242879072147,-0.004390243902439139,-0.03256235292046248,0.022296070787450138,0.95,808,5,2000,2000,patient_within_outer_fold,percentile,comparison - reference,-0.004390243902439139,,"{""model_key"":""C""}","{""model_key"":""C+M|R32""}",4733409213296404251
RP32_C_plus_M_vs_C,full_808,2026,LOCAL0,T0,brier,0.22583847913185245,0.21219194721699183,0.013646531914860621,0.004876682562365888,0.02211831397291244,0.95,808,5,2000,2000,patient_within_outer_fold,percentile,reference - comparison (lower Brier is better),-0.013646531914860621,-0.013646531914860621,"{""model_key"":""C""}","{""model_key"":""C+M|R32""}",4733409213296404251
RP32_C_plus_M_vs_C,full_808,2026,LOCAL0,T1,auprc,0.5424197284072237,0.5238767448678936,-0.01854298353933015,-0.054518704153118755,0.01884415501662265,0.95,808,5,2000,2000,patient_within_outer_fold,percentile,comparison - reference,-0.01854298353933015,,"{""model_key"":""C""}","{""model_key"":""C+M|R32""}",2405528596038515546
RP32_C_plus_M_vs_C,full_808,2026,LOCAL0,T1,auroc,0.6796145318096538,0.6879822616407981,0.00836772983114431,-0.017092130892188598,0.03521121715634204,0.95,808,5,2000,2000,patient_within_outer_fold,percentile,comparison - reference,0.00836772983114431,,"{""model_key"":""C""}","{""model_key"":""C+M|R32""}",2405528596038515546
RP32_C_plus_M_vs_C,full_808,2026,LOCAL0,T1,brier,0.22583847913185245,0.21191328561917896,0.01392519351267349,0.0047377395401586,0.022563558531419677,0.95,808,5,2000,2000,patient_within_outer_fold,percentile,reference - comparison (lower Brier is better),-0.01392519351267349,-0.01392519351267349,"{""model_key"":""C""}","{""model_key"":""C+M|R32""}",2405528596038515546
RP32_C_plus_M_vs_C,full_808,2026,LOCAL0,T2,auprc,0.5424197284072237,0.5451645506672729,0.002744822260049129,-0.03655079903353032,0.042419272728658114,0.95,808,5,2000,2000,patient_within_outer_fold,percentile,comparison - reference,0.002744822260049129,,"{""model_key"":""C""}","{""model_key"":""C+M|R32""}",581417042326540255
RP32_C_plus_M_vs_C,full_808,2026,LOCAL0,T2,auroc,0.6796145318096538,0.6945318096537608,0.014917277844107013,-0.013584034992317699,0.04334929921793293,0.95,808,5,2000,2000,patient_within_outer_fold,percentile,comparison - reference,0.014917277844107013,,"{""model_key"":""C""}","{""model_key"":""C+M|R32""}",581417042326540255
RP32_C_plus_M_vs_C,full_808,2026,LOCAL0,T2,brier,0.22583847913185245,0.20852660237401957,0.017311876757832884,0.008392574669799768,0.02625660448204839,0.95,808,5,2000,2000,patient_within_outer_fold,percentile,reference - comparison (lower Brier is better),-0.017311876757832884,-0.017311876757832884,"{""model_key"":""C""}","{""model_key"":""C+M|R32""}",581417042326540255
RP32_C_plus_M_vs_C,full_808,2026,LOCAL0,T3,auprc,0.5424197284072237,0.577446350332143,0.03502662192491923,-0.0038341839047553077,0.07845940765709473,0.95,808,5,2000,2000,patient_within_outer_fold,percentile,comparison - reference,0.03502662192491923,,"{""model_key"":""C""}","{""model_key"":""C+M|R32""}",5183733453081063557
RP32_C_plus_M_vs_C,full_808,2026,LOCAL0,T3,auroc,0.6796145318096538,0.7206890670305305,0.04107453522087667,0.01093374412366088,0.07052608035207643,0.95,808,5,2000,2000,patient_within_outer_fold,percentile,comparison - reference,0.04107453522087667,,"{""model_key"":""C""}","{""model_key"":""C+M|R32""}",5183733453081063557
RP32_C_plus_M_vs_C,full_808,2026,LOCAL0,T3,brier,0.22583847913185245,0.20008524853828302,0.02575323059356943,0.01770140214933591,0.033531739906611034,0.95,808,5,2000,2000,patient_within_outer_fold,percentile,reference - comparison (lower Brier is better),-0.02575323059356943,-0.02575323059356943,"{""model_key"":""C""}","{""model_key"":""C+M|R32""}",5183733453081063557
RP32_C_plus_M_vs_C,full_808,2026,LOCAL3,T0,auprc,0.5424197284072237,0.5324708122446771,-0.009948916162546673,-0.05146807677930665,0.033367403414028655,0.95,808,5,2000,2000,patient_within_outer_fold,percentile,comparison - reference,-0.009948916162546673,,"{""model_key"":""C""}","{""model_key"":""C+M|R32""}",8294510274922823553
RP32_C_plus_M_vs_C,full_808,2026,LOCAL3,T0,auroc,0.6796145318096538,0.6848166467678664,0.005202114958212545,-0.021902282875524537,0.031270960009458205,0.95,808,5,2000,2000,patient_within_outer_fold,percentile,comparison - reference,0.005202114958212545,,"{""model_key"":""C""}","{""model_key"":""C+M|R32""}",8294510274922823553
RP32_C_plus_M_vs_C,full_808,2026,LOCAL3,T0,brier,0.22583847913185245,0.21147479218148652,0.01436368695036594,0.004766253810577635,0.022984594538917515,0.95,808,5,2000,2000,patient_within_outer_fold,percentile,reference - comparison (lower Brier is better),-0.01436368695036594,-0.01436368695036594,"{""model_key"":""C""}","{""model_key"":""C+M|R32""}",8294510274922823553
RP32_C_plus_M_vs_C,full_808,2026,LOCAL3,T1,auprc,0.5424197284072237,0.5414289242913604,-0.0009908041158633862,-0.0372590575601875,0.03612750752811445,0.95,808,5,2000,2000,patient_within_outer_fold,percentile,comparison - reference,-0.0009908041158633862,,"{""model_key"":""C""}","{""model_key"":""C+M|R32""}",7754682024048074409
RP32_C_plus_M_vs_C,full_808,2026,LOCAL3,T1,auroc,0.6796145318096538,0.6929967593382227,0.01338222752856888,-0.013065777606358775,0.03962005917830293,0.95,808,5,2000,2000,patient_within_outer_fold,percentile,comparison - reference,0.01338222752856888,,"{""model_key"":""C""}","{""model_key"":""C+M|R32""}",7754682024048074409
RP32_C_plus_M_vs_C,full_808,2026,LOCAL3,T1,brier,0.22583847913185245,0.2097849581834138,0.01605352094843865,0.007553752291278538,0.024116907978994344,0.95,808,5,2000,2000,patient_within_outer_fold,percentile,reference - comparison (lower Brier is better),-0.01605352094843865,-0.01605352094843865,"{""model_key"":""C""}","{""model_key"":""C+M|R32""}",7754682024048074409
RP32_C_plus_M_vs_C,full_808,2026,LOCAL3,T2,auprc,0.5424197284072237,0.5583791126760124,0.015959384268788623,-0.022705328937031956,0.058465733185584,0.95,808,5,2000,2000,patient_within_outer_fold,percentile,comparison - reference,0.015959384268788623,,"{""model_key"":""C""}","{""model_key"":""C+M|R32""}",3551665901751877093
RP32_C_plus_M_vs_C,full_808,2026,LOCAL3,T2,auroc,0.6796145318096538,0.7086679174484052,0.029053385638751372,0.0006545145176334052,0.0582789142108708,0.95,808,5,2000,2000,patient_within_outer_fold,percentile,comparison - reference,0.029053385638751372,,"{""model_key"":""C""}","{""model_key"":""C+M|R32""}",3551665901751877093
RP32_C_plus_M_vs_C,full_808,2026,LOCAL3,T2,brier,0.22583847913185245,0.20049646165282695,0.025342017479025508,0.013704017107587578,0.036162200429602234,0.95,808,5,2000,2000,patient_within_outer_fold,percentile,reference - comparison (lower Brier is better),-0.025342017479025508,-0.025342017479025508,"{""model_key"":""C""}","{""model_key"":""C+M|R32""}",3551665901751877093
RP32_C_plus_M_vs_C,full_808,2026,LOCAL3,T3,auprc,0.5424197284072237,0.5677700784071396,0.02535034999991581,-0.011041424393393048,0.05897716965639641,0.95,808,5,2000,2000,patient_within_outer_fold,percentile,comparison - reference,0.02535034999991581,,"{""model_key"":""C""}","{""model_key"":""C+M|R32""}",3441646340782247163
RP32_C_plus_M_vs_C,full_808,2026,LOCAL3,T3,auroc,0.6796145318096538,0.7072761384956507,0.02766160668599693,0.0034330107555985293,0.05269512194883443,0.95,808,5,2000,2000,patient_within_outer_fold,percentile,comparison - reference,0.02766160668599693,,"{""model_key"":""C""}","{""model_key"":""C+M|R32""}",3441646340782247163
RP32_C_plus_M_vs_C,full_808,2026,LOCAL3,T3,brier,0.22583847913185245,0.20074784885946861,0.02509063027238384,0.016405943355922752,0.03306856515821454,0.95,808,5,2000,2000,patient_within_outer_fold,percentile,reference - comparison (lower Brier is better),-0.02509063027238384,-0.02509063027238384,"{""model_key"":""C""}","{""model_key"":""C+M|R32""}",3441646340782247163
RP32_C_plus_M_vs_C,full_808,3026,LOCAL0,T0,auprc,0.5424197284072237,0.5466334672639463,0.004213738856722604,-0.03412352690731567,0.04913919589351937,0.95,808,5,2000,2000,patient_within_outer_fold,percentile,comparison - reference,0.004213738856722604,,"{""model_key"":""C""}","{""model_key"":""C+M|R32""}",7243542703762952884
RP32_C_plus_M_vs_C,full_808,3026,LOCAL0,T0,auroc,0.6796145318096538,0.7008221047245438,0.02120757291488995,-0.006908445606093254,0.05322707259921523,0.95,808,5,2000,2000,patient_within_outer_fold,percentile,comparison - reference,0.02120757291488995,,"{""model_key"":""C""}","{""model_key"":""C+M|R32""}",7243542703762952884
RP32_C_plus_M_vs_C,full_808,3026,LOCAL0,T0,brier,0.22583847913185245,0.20311604489107446,0.022722434240777994,0.01351707326953476,0.03166690486010321,0.95,808,5,2000,2000,patient_within_outer_fold,percentile,reference - comparison (lower Brier is better),-0.022722434240777994,-0.022722434240777994,"{""model_key"":""C""}","{""model_key"":""C+M|R32""}",7243542703762952884
RP32_C_plus_M_vs_C,full_808,3026,LOCAL0,T1,auprc,0.5424197284072237,0.5485215731314661,0.006101844724242356,-0.02574254134546377,0.04150477330705855,0.95,808,5,2000,2000,patient_within_outer_fold,percentile,comparison - reference,0.006101844724242356,,"{""model_key"":""C""}","{""model_key"":""C+M|R32""}",3698627954882812662
RP32_C_plus_M_vs_C,full_808,3026,LOCAL0,T1,auroc,0.6796145318096538,0.709138666211837,0.029524134402183155,0.004208086284278388,0.05606513133117197,0.95,808,5,2000,2000,patient_within_outer_fold,percentile,comparison - reference,0.029524134402183155,,"{""model_key"":""C""}","{""model_key"":""C+M|R32""}",3698627954882812662
RP32_C_plus_M_vs_C,full_808,3026,LOCAL0,T1,brier,0.22583847913185245,0.20262434680069566,0.023214132331156795,0.014724492813118589,0.031883284829850186,0.95,808,5,2000,2000,patient_within_outer_fold,percentile,reference - comparison (lower Brier is better),-0.023214132331156795,-0.023214132331156795,"{""model_key"":""C""}","{""model_key"":""C+M|R32""}",3698627954882812662
RP32_C_plus_M_vs_C,full_808,3026,LOCAL0,T2,auprc,0.5424197284072237,0.5700238239481182,0.02760409554089449,-0.010603504541409061,0.07132148961007084,0.95,808,5,2000,2000,patient_within_outer_fold,percentile,comparison - reference,0.02760409554089449,,"{""model_key"":""C""}","{""model_key"":""C+M|R32""}",6290915714606984717
RP32_C_plus_M_vs_C,full_808,3026,LOCAL0,T2,auroc,0.6796145318096538,0.7075217465461368,0.027907214736482944,-7.604654077682181e-05,0.05609891884050163,0.95,808,5,2000,2000,patient_within_outer_fold,percentile,comparison - reference,0.027907214736482944,,"{""model_key"":""C""}","{""model_key"":""C+M|R32""}",6290915714606984717
RP32_C_plus_M_vs_C,full_808,3026,LOCAL0,T2,brier,0.22583847913185245,0.20060702033659042,0.025231458795262035,0.015103165844343206,0.03508769281882701,0.95,808,5,2000,2000,patient_within_outer_fold,percentile,reference - comparison (lower Brier is better),-0.025231458795262035,-0.025231458795262035,"{""model_key"":""C""}","{""model_key"":""C+M|R32""}",6290915714606984717
RP32_C_plus_M_vs_C,full_808,3026,LOCAL0,T3,auprc,0.5424197284072237,0.5692460607457461,0.026826332338522385,-0.012967299270252365,0.06609077666846588,0.95,808,5,2000,2000,patient_within_outer_fold,percentile,comparison - reference,0.026826332338522385,,"{""model_key"":""C""}","{""model_key"":""C+M|R32""}",6284310409799145199
RP32_C_plus_M_vs_C,full_808,3026,LOCAL0,T3,auroc,0.6796145318096538,0.7128023196315878,0.03318778782193399,0.003903575828853053,0.06144064040949486,0.95,808,5,2000,2000,patient_within_outer_fold,percentile,comparison - reference,0.03318778782193399,,"{""model_key"":""C""}","{""model_key"":""C+M|R32""}",6284310409799145199
RP32_C_plus_M_vs_C,full_808,3026,LOCAL0,T3,brier,0.22583847913185245,0.19931664704810714,0.02652183208374531,0.016680680646820118,0.035688897726586157,0.95,808,5,2000,2000,patient_within_outer_fold,percentile,reference - comparison (lower Brier is better),-0.02652183208374531,-0.02652183208374531,"{""model_key"":""C""}","{""model_key"":""C+M|R32""}",6284310409799145199
RP32_C_plus_M_vs_C,full_808,3026,LOCAL3,T0,auprc,0.5424197284072237,0.5510246399881974,0.008604911580973651,-0.024531416292888974,0.043559210472279945,0.95,808,5,2000,2000,patient_within_outer_fold,percentile,comparison - reference,0.008604911580973651,,"{""model_key"":""C""}","{""model_key"":""C+M|R32""}",9020935515107971292
RP32_C_plus_M_vs_C,full_808,3026,LOCAL3,T0,auroc,0.6796145318096538,0.7089749275115129,0.02936039570185911,0.006371690104628478,0.05379524862690023,0.95,808,5,2000,2000,patient_within_outer_fold,percentile,comparison - reference,0.02936039570185911,,"{""model_key"":""C""}","{""model_key"":""C+M|R32""}",9020935515107971292
RP32_C_plus_M_vs_C,full_808,3026,LOCAL3,T0,brier,0.22583847913185245,0.20029172065162756,0.02554675848022489,0.01636902689499231,0.0347160615979459,0.95,808,5,2000,2000,patient_within_outer_fold,percentile,reference - comparison (lower Brier is better),-0.02554675848022489,-0.02554675848022489,"{""model_key"":""C""}","{""model_key"":""C+M|R32""}",9020935515107971292
RP32_C_plus_M_vs_C,full_808,3026,LOCAL3,T1,auprc,0.5424197284072237,0.5557211221706458,0.013301393763422098,-0.01970890553376195,0.04977871754600357,0.95,808,5,2000,2000,patient_within_outer_fold,percentile,comparison - reference,0.013301393763422098,,"{""model_key"":""C""}","{""model_key"":""C+M|R32""}",2477081022738074476
RP32_C_plus_M_vs_C,full_808,3026,LOCAL3,T1,auroc,0.6796145318096538,0.7125294217977145,0.03291488998806069,0.007470696348542692,0.05984288470071538,0.95,808,5,2000,2000,patient_within_outer_fold,percentile,comparison - reference,0.03291488998806069,,"{""model_key"":""C""}","{""model_key"":""C+M|R32""}",2477081022738074476
RP32_C_plus_M_vs_C,full_808,3026,LOCAL3,T1,brier,0.22583847913185245,0.2000623872458691,0.025776091885983343,0.016542481496562057,0.034916036122000026,0.95,808,5,2000,2000,patient_within_outer_fold,percentile,reference - comparison (lower Brier is better),-0.025776091885983343,-0.025776091885983343,"{""model_key"":""C""}","{""model_key"":""C+M|R32""}",2477081022738074476
RP32_C_plus_M_vs_C,full_808,3026,LOCAL3,T2,auprc,0.5424197284072237,0.5777799412413389,0.03536021283411517,-0.007308623062920973,0.0802267060878394,0.95,808,5,2000,2000,patient_within_outer_fold,percentile,comparison - reference,0.03536021283411517,,"{""model_key"":""C""}","{""model_key"":""C+M|R32""}",5466147244721818901
RP32_C_plus_M_vs_C,full_808,3026,LOCAL3,T2,auroc,0.6796145318096538,0.7153880266075388,0.03577349479788494,0.006473316429267108,0.06503081853026162,0.95,808,5,2000,2000,patient_within_outer_fold,percentile,comparison - reference,0.03577349479788494,,"{""model_key"":""C""}","{""model_key"":""C+M|R32""}",5466147244721818901
RP32_C_plus_M_vs_C,full_808,3026,LOCAL3,T2,brier,0.22583847913185245,0.1984095149415466,0.027428964190305855,0.016039739777244464,0.03748845017508125,0.95,808,5,2000,2000,patient_within_outer_fold,percentile,reference - comparison (lower Brier is better),-0.027428964190305855,-0.027428964190305855,"{""model_key"":""C""}","{""model_key"":""C+M|R32""}",5466147244721818901
RP32_C_plus_M_vs_C,full_808,3026,LOCAL3,T3,auprc,0.5424197284072237,0.5831555581444722,0.04073582973724843,-0.002466836333156643,0.09068915106163489,0.95,808,5,2000,2000,patient_within_outer_fold,percentile,comparison - reference,0.04073582973724843,,"{""model_key"":""C""}","{""model_key"":""C+M|R32""}",4440400209995217207
RP32_C_plus_M_vs_C,full_808,3026,LOCAL3,T3,auroc,0.6796145318096538,0.7201637387003241,0.04054920689067032,0.006866521866172367,0.07522267199591458,0.95,808,5,2000,2000,patient_within_outer_fold,percentile,comparison - reference,0.04054920689067032,,"{""model_key"":""C""}","{""model_key"":""C+M|R32""}",4440400209995217207
RP32_C_plus_M_vs_C,full_808,3026,LOCAL3,T3,brier,0.22583847913185245,0.19812625541839754,0.027712223713454914,0.01821699734294946,0.03658733103656624,0.95,808,5,2000,2000,patient_within_outer_fold,percentile,reference - comparison (lower Brier is better),-0.027712223713454914,-0.027712223713454914,"{""model_key"":""C""}","{""model_key"":""C+M|R32""}",4440400209995217207
delta1_C_plus_Mk_vs_C,ftv_complete_375,2026,LOCAL0,T0,auprc,0.5362125873999827,0.47991860158286803,-0.056293985817114645,-0.12436023814613824,0.019202037887861907,0.95,375,5,2000,2000,patient_within_outer_fold,percentile,comparison - reference,-0.056293985817114645,,"{""model_key"":""C""}","{""model_key"":""C+M|PCA_SELECTED""}",50946827845494163
delta1_C_plus_Mk_vs_C,ftv_complete_375,2026,LOCAL0,T0,auroc,0.6966723842195541,0.6426758147512864,-0.0539965694682677,-0.11630060770819618,0.00744467705511093,0.95,375,5,2000,2000,patient_within_outer_fold,percentile,comparison - reference,-0.0539965694682677,,"{""model_key"":""C""}","{""model_key"":""C+M|PCA_SELECTED""}",50946827845494163
delta1_C_plus_Mk_vs_C,ftv_complete_375,2026,LOCAL0,T0,brier,0.2430950945429407,0.23027212114541049,0.012822973397530218,-0.0009608848635697107,0.025824373300139276,0.95,375,5,2000,2000,patient_within_outer_fold,percentile,reference - comparison (lower Brier is better),-0.012822973397530218,-0.012822973397530218,"{""model_key"":""C""}","{""model_key"":""C+M|PCA_SELECTED""}",50946827845494163
delta1_C_plus_Mk_vs_C,ftv_complete_375,2026,LOCAL0,T1,auprc,0.5362125873999827,0.480132404266582,-0.056080183133400685,-0.1175764734698363,0.009571194775138164,0.95,375,5,2000,2000,patient_within_outer_fold,percentile,comparison - reference,-0.056080183133400685,,"{""model_key"":""C""}","{""model_key"":""C+M|PCA_SELECTED""}",8977587946553543275
delta1_C_plus_Mk_vs_C,ftv_complete_375,2026,LOCAL0,T1,auroc,0.6966723842195541,0.6576672384219554,-0.03900514579759873,-0.08939509540003139,0.009025068592591546,0.95,375,5,2000,2000,patient_within_outer_fold,percentile,comparison - reference,-0.03900514579759873,,"{""model_key"":""C""}","{""model_key"":""C+M|PCA_SELECTED""}",8977587946553543275
delta1_C_plus_Mk_vs_C,ftv_complete_375,2026,LOCAL0,T1,brier,0.2430950945429407,0.20885397366624012,0.03424112087670059,0.01474984430929127,0.05428546531942483,0.95,375,5,2000,2000,patient_within_outer_fold,percentile,reference - comparison (lower Brier is better),-0.03424112087670059,-0.03424112087670059,"{""model_key"":""C""}","{""model_key"":""C+M|PCA_SELECTED""}",8977587946553543275
delta1_C_plus_Mk_vs_C,ftv_complete_375,2026,LOCAL0,T2,auprc,0.5362125873999827,0.3882674844434033,-0.14794510295657937,-0.21710677441773568,-0.06846086014872611,0.95,375,5,2000,2000,patient_within_outer_fold,percentile,comparison - reference,-0.14794510295657937,,"{""model_key"":""C""}","{""model_key"":""C+M|PCA_SELECTED""}",634104855867250739
delta1_C_plus_Mk_vs_C,ftv_complete_375,2026,LOCAL0,T2,auroc,0.6966723842195541,0.6119382504288164,-0.08473413379073769,-0.1496823997362792,-0.018281571703657826,0.95,375,5,2000,2000,patient_within_outer_fold,percentile,comparison - reference,-0.08473413379073769,,"{""model_key"":""C""}","{""model_key"":""C+M|PCA_SELECTED""}",634104855867250739
delta1_C_plus_Mk_vs_C,ftv_complete_375,2026,LOCAL0,T2,brier,0.2430950945429407,0.24842481724349624,-0.005329722700555539,-0.03399297571302365,0.02486746233888306,0.95,375,5,2000,2000,patient_within_outer_fold,percentile,reference - comparison (lower Brier is better),0.005329722700555539,0.005329722700555539,"{""model_key"":""C""}","{""model_key"":""C+M|PCA_SELECTED""}",634104855867250739
delta1_C_plus_Mk_vs_C,ftv_complete_375,2026,LOCAL0,T3,auprc,0.5362125873999827,0.42409945399774707,-0.11211313340223561,-0.18991693915851593,-0.03212563011498633,0.95,375,5,2000,2000,patient_within_outer_fold,percentile,comparison - reference,-0.11211313340223561,,"{""model_key"":""C""}","{""model_key"":""C+M|PCA_SELECTED""}",3688706351373513764
delta1_C_plus_Mk_vs_C,ftv_complete_375,2026,LOCAL0,T3,auroc,0.6966723842195541,0.6052830188679246,-0.09138936535162956,-0.1533812244307544,-0.027566924317161907,0.95,375,5,2000,2000,patient_within_outer_fold,percentile,comparison - reference,-0.09138936535162956,,"{""model_key"":""C""}","{""model_key"":""C+M|PCA_SELECTED""}",3688706351373513764
delta1_C_plus_Mk_vs_C,ftv_complete_375,2026,LOCAL0,T3,brier,0.2430950945429407,0.23663042403233522,0.00646467051060548,-0.013385992403532328,0.02463255189800419,0.95,375,5,2000,2000,patient_within_outer_fold,percentile,reference - comparison (lower Brier is better),-0.00646467051060548,-0.00646467051060548,"{""model_key"":""C""}","{""model_key"":""C+M|PCA_SELECTED""}",3688706351373513764
delta1_C_plus_Mk_vs_C,ftv_complete_375,2026,LOCAL3,T0,auprc,0.5362125873999827,0.4821934965010539,-0.05401909089892876,-0.11429565360147749,0.012524376435005872,0.95,375,5,2000,2000,patient_within_outer_fold,percentile,comparison - reference,-0.05401909089892876,,"{""model_key"":""C""}","{""model_key"":""C+M|PCA_SELECTED""}",3918452841789141982
delta1_C_plus_Mk_vs_C,ftv_complete_375,2026,LOCAL3,T0,auroc,0.6966723842195541,0.6551972555746141,-0.041475128644940074,-0.09703206745654974,0.011133622471478618,0.95,375,5,2000,2000,patient_within_outer_fold,percentile,comparison - reference,-0.041475128644940074,,"{""model_key"":""C""}","{""model_key"":""C+M|PCA_SELECTED""}",3918452841789141982
delta1_C_plus_Mk_vs_C,ftv_complete_375,2026,LOCAL3,T0,brier,0.2430950945429407,0.22481958340107425,0.018275511141866457,0.0028689125596913505,0.033475545703783166,0.95,375,5,2000,2000,patient_within_outer_fold,percentile,reference - comparison (lower Brier is better),-0.018275511141866457,-0.018275511141866457,"{""model_key"":""C""}","{""model_key"":""C+M|PCA_SELECTED""}",3918452841789141982
delta1_C_plus_Mk_vs_C,ftv_complete_375,2026,LOCAL3,T1,auprc,0.5362125873999827,0.4510636712092733,-0.08514891619070936,-0.1498325797105892,-0.008801533371668448,0.95,375,5,2000,2000,patient_within_outer_fold,percentile,comparison - reference,-0.08514891619070936,,"{""model_key"":""C""}","{""model_key"":""C+M|PCA_SELECTED""}",489524469648556271
delta1_C_plus_Mk_vs_C,ftv_complete_375,2026,LOCAL3,T1,auroc,0.6966723842195541,0.641269296740995,-0.055403087478559154,-0.11340248770073322,0.0007176420631287541,0.95,375,5,2000,2000,patient_within_outer_fold,percentile,comparison - reference,-0.055403087478559154,,"{""model_key"":""C""}","{""model_key"":""C+M|PCA_SELECTED""}",489524469648556271
delta1_C_plus_Mk_vs_C,ftv_complete_375,2026,LOCAL3,T1,brier,0.2430950945429407,0.24607653634971727,-0.0029814418067765636,-0.02308062443801722,0.01671877805012127,0.95,375,5,2000,2000,patient_within_outer_fold,percentile,reference - comparison (lower Brier is better),0.0029814418067765636,0.0029814418067765636,"{""model_key"":""C""}","{""model_key"":""C+M|PCA_SELECTED""}",489524469648556271
delta1_C_plus_Mk_vs_C,ftv_complete_375,2026,LOCAL3,T2,auprc,0.5362125873999827,0.4534432915333259,-0.08276929586665677,-0.15108904216696945,-0.0053886995867702715,0.95,375,5,2000,2000,patient_within_outer_fold,percentile,comparison - reference,-0.08276929586665677,,"{""model_key"":""C""}","{""model_key"":""C+M|PCA_SELECTED""}",8835671602451386785
delta1_C_plus_Mk_vs_C,ftv_complete_375,2026,LOCAL3,T2,auroc,0.6966723842195541,0.6472727272727272,-0.04939965694682691,-0.10715279452604412,0.004939599204036038,0.95,375,5,2000,2000,patient_within_outer_fold,percentile,comparison - reference,-0.04939965694682691,,"{""model_key"":""C""}","{""model_key"":""C+M|PCA_SELECTED""}",8835671602451386785
delta1_C_plus_Mk_vs_C,ftv_complete_375,2026,LOCAL3,T2,brier,0.2430950945429407,0.24278694278398893,0.00030815175895176905,-0.01961294107628387,0.018858645789628977,0.95,375,5,2000,2000,patient_within_outer_fold,percentile,reference - comparison (lower Brier is better),-0.00030815175895176905,-0.00030815175895176905,"{""model_key"":""C""}","{""model_key"":""C+M|PCA_SELECTED""}",8835671602451386785
delta1_C_plus_Mk_vs_C,ftv_complete_375,2026,LOCAL3,T3,auprc,0.5362125873999827,0.4307084987266453,-0.10550408867333738,-0.17541931740558483,-0.03269567564520542,0.95,375,5,2000,2000,patient_within_outer_fold,percentile,comparison - reference,-0.10550408867333738,,"{""model_key"":""C""}","{""model_key"":""C+M|PCA_SELECTED""}",5049538415467344303
delta1_C_plus_Mk_vs_C,ftv_complete_375,2026,LOCAL3,T3,auroc,0.6966723842195541,0.6305660377358492,-0.06610634648370495,-0.12223337334785318,-0.013071338624369388,0.95,375,5,2000,2000,patient_within_outer_fold,percentile,comparison - reference,-0.06610634648370495,,"{""model_key"":""C""}","{""model_key"":""C+M|PCA_SELECTED""}",5049538415467344303
delta1_C_plus_Mk_vs_C,ftv_complete_375,2026,LOCAL3,T3,brier,0.2430950945429407,0.241818046680028,0.0012770478629127169,-0.003922788855311215,0.006353035416741811,0.95,375,5,2000,2000,patient_within_outer_fold,percentile,reference - comparison (lower Brier is better),-0.0012770478629127169,-0.0012770478629127169,"{""model_key"":""C""}","{""model_key"":""C+M|PCA_SELECTED""}",5049538415467344303
delta1_C_plus_Mk_vs_C,ftv_complete_375,3026,LOCAL0,T0,auprc,0.5362125873999827,0.4322378444136459,-0.1039747429863368,-0.1672758000662329,-0.027448292934142603,0.95,375,5,2000,2000,patient_within_outer_fold,percentile,comparison - reference,-0.1039747429863368,,"{""model_key"":""C""}","{""model_key"":""C+M|PCA_SELECTED""}",7542043651362020372
delta1_C_plus_Mk_vs_C,ftv_complete_375,3026,LOCAL0,T0,auroc,0.6966723842195541,0.6138250428816466,-0.0828473413379075,-0.1395538218499301,-0.023917910953890325,0.95,375,5,2000,2000,patient_within_outer_fold,percentile,comparison - reference,-0.0828473413379075,,"{""model_key"":""C""}","{""model_key"":""C+M|PCA_SELECTED""}",7542043651362020372
delta1_C_plus_Mk_vs_C,ftv_complete_375,3026,LOCAL0,T0,brier,0.2430950945429407,0.23442582315440674,0.008669271388533961,-0.008904483486250085,0.024776210393444114,0.95,375,5,2000,2000,patient_within_outer_fold,percentile,reference - comparison (lower Brier is better),-0.008669271388533961,-0.008669271388533961,"{""model_key"":""C""}","{""model_key"":""C+M|PCA_SELECTED""}",7542043651362020372
delta1_C_plus_Mk_vs_C,ftv_complete_375,3026,LOCAL0,T1,auprc,0.5362125873999827,0.44098184010586033,-0.09523074729412234,-0.16636921851055692,-0.021739903909377,0.95,375,5,2000,2000,patient_within_outer_fold,percentile,comparison - reference,-0.09523074729412234,,"{""model_key"":""C""}","{""model_key"":""C+M|PCA_SELECTED""}",6467806241191090482
delta1_C_plus_Mk_vs_C,ftv_complete_375,3026,LOCAL0,T1,auroc,0.6966723842195541,0.6288507718696398,-0.06782161234991435,-0.13153873535806979,-0.009498303453484031,0.95,375,5,2000,2000,patient_within_outer_fold,percentile,comparison - reference,-0.06782161234991435,,"{""model_key"":""C""}","{""model_key"":""C+M|PCA_SELECTED""}",6467806241191090482
delta1_C_plus_Mk_vs_C,ftv_complete_375,3026,LOCAL0,T1,brier,0.2430950945429407,0.23545836214383276,0.007636732399107948,-0.008607117312551314,0.0236371362076792,0.95,375,5,2000,2000,patient_within_outer_fold,percentile,reference - comparison (lower Brier is better),-0.007636732399107948,-0.007636732399107948,"{""model_key"":""C""}","{""model_key"":""C+M|PCA_SELECTED""}",6467806241191090482
delta1_C_plus_Mk_vs_C,ftv_complete_375,3026,LOCAL0,T2,auprc,0.5362125873999827,0.4186912903116265,-0.11752129708835618,-0.18111140631370523,-0.04513315995104682,0.95,375,5,2000,2000,patient_within_outer_fold,percentile,comparison - reference,-0.11752129708835618,,"{""model_key"":""C""}","{""model_key"":""C+M|PCA_SELECTED""}",4503333349044572376
delta1_C_plus_Mk_vs_C,ftv_complete_375,3026,LOCAL0,T2,auroc,0.6966723842195541,0.6221269296740994,-0.07454545454545469,-0.126545065736307,-0.02163732728169958,0.95,375,5,2000,2000,patient_within_outer_fold,percentile,comparison - reference,-0.07454545454545469,,"{""model_key"":""C""}","{""model_key"":""C+M|PCA_SELECTED""}",4503333349044572376
delta1_C_plus_Mk_vs_C,ftv_complete_375,3026,LOCAL0,T2,brier,0.2430950945429407,0.22703375869231202,0.01606133585062869,-0.0013666958939264127,0.0340128296319734,0.95,375,5,2000,2000,patient_within_outer_fold,percentile,reference - comparison (lower Brier is better),-0.01606133585062869,-0.01606133585062869,"{""model_key"":""C""}","{""model_key"":""C+M|PCA_SELECTED""}",4503333349044572376
delta1_C_plus_Mk_vs_C,ftv_complete_375,3026,LOCAL0,T3,auprc,0.5362125873999827,0.448372466765527,-0.08784012063445568,-0.15411669717766846,-0.010561579758803421,0.95,375,5,2000,2000,patient_within_outer_fold,percentile,comparison - reference,-0.08784012063445568,,"{""model_key"":""C""}","{""model_key"":""C+M|PCA_SELECTED""}",3442835913670634222
delta1_C_plus_Mk_vs_C,ftv_complete_375,3026,LOCAL0,T3,auroc,0.6966723842195541,0.6339279588336193,-0.06274442538593483,-0.12069347302052409,-0.00882567523849984,0.95,375,5,2000,2000,patient_within_outer_fold,percentile,comparison - reference,-0.06274442538593483,,"{""model_key"":""C""}","{""model_key"":""C+M|PCA_SELECTED""}",3442835913670634222
delta1_C_plus_Mk_vs_C,ftv_complete_375,3026,LOCAL0,T3,brier,0.2430950945429407,0.22820120253026432,0.01489389201267638,-0.00638187972188176,0.035682166601499574,0.95,375,5,2000,2000,patient_within_outer_fold,percentile,reference - comparison (lower Brier is better),-0.01489389201267638,-0.01489389201267638,"{""model_key"":""C""}","{""model_key"":""C+M|PCA_SELECTED""}",3442835913670634222
delta1_C_plus_Mk_vs_C,ftv_complete_375,3026,LOCAL3,T0,auprc,0.5362125873999827,0.4873491956826775,-0.048863391717305193,-0.11399303813285505,0.024524982823957146,0.95,375,5,2000,2000,patient_within_outer_fold,percentile,comparison - reference,-0.048863391717305193,,"{""model_key"":""C""}","{""model_key"":""C+M|PCA_SELECTED""}",3575444407340057466
delta1_C_plus_Mk_vs_C,ftv_complete_375,3026,LOCAL3,T0,auroc,0.6966723842195541,0.6544082332761577,-0.04226415094339642,-0.09681520748335386,0.008857521584882278,0.95,375,5,2000,2000,patient_within_outer_fold,percentile,comparison - reference,-0.04226415094339642,,"{""model_key"":""C""}","{""model_key"":""C+M|PCA_SELECTED""}",3575444407340057466
delta1_C_plus_Mk_vs_C,ftv_complete_375,3026,LOCAL3,T0,brier,0.2430950945429407,0.2245513811142996,0.018543713428641112,0.0005516381578754299,0.03652504943098314,0.95,375,5,2000,2000,patient_within_outer_fold,percentile,reference - comparison (lower Brier is better),-0.018543713428641112,-0.018543713428641112,"{""model_key"":""C""}","{""model_key"":""C+M|PCA_SELECTED""}",3575444407340057466
delta1_C_plus_Mk_vs_C,ftv_complete_375,3026,LOCAL3,T1,auprc,0.5362125873999827,0.4389630937315868,-0.09724949366839586,-0.1575387066857912,-0.03057306987215163,0.95,375,5,2000,2000,patient_within_outer_fold,percentile,comparison - reference,-0.09724949366839586,,"{""model_key"":""C""}","{""model_key"":""C+M|PCA_SELECTED""}",8716837202187912098
delta1_C_plus_Mk_vs_C,ftv_complete_375,3026,LOCAL3,T1,auroc,0.6966723842195541,0.6380102915951973,-0.05866209262435684,-0.10790087771944577,-0.01030766819798649,0.95,375,5,2000,2000,patient_within_outer_fold,percentile,comparison - reference,-0.05866209262435684,,"{""model_key"":""C""}","{""model_key"":""C+M|PCA_SELECTED""}",8716837202187912098
delta1_C_plus_Mk_vs_C,ftv_complete_375,3026,LOCAL3,T1,brier,0.2430950945429407,0.22677087378471644,0.01632422075822426,-0.0024929189696898165,0.03452234168957388,0.95,375,5,2000,2000,patient_within_outer_fold,percentile,reference - comparison (lower Brier is better),-0.01632422075822426,-0.01632422075822426,"{""model_key"":""C""}","{""model_key"":""C+M|PCA_SELECTED""}",8716837202187912098
delta1_C_plus_Mk_vs_C,ftv_complete_375,3026,LOCAL3,T2,auprc,0.5362125873999827,0.417945790141208,-0.1182667972587747,-0.18247324317506708,-0.04987374844963125,0.95,375,5,2000,2000,patient_within_outer_fold,percentile,comparison - reference,-0.1182667972587747,,"{""model_key"":""C""}","{""model_key"":""C+M|PCA_SELECTED""}",2826580892600931490
delta1_C_plus_Mk_vs_C,ftv_complete_375,3026,LOCAL3,T2,auroc,0.6966723842195541,0.6393138936535163,-0.05735849056603781,-0.10899682571060537,-0.002773229869712601,0.95,375,5,2000,2000,patient_within_outer_fold,percentile,comparison - reference,-0.05735849056603781,,"{""model_key"":""C""}","{""model_key"":""C+M|PCA_SELECTED""}",2826580892600931490
delta1_C_plus_Mk_vs_C,ftv_complete_375,3026,LOCAL3,T2,brier,0.2430950945429407,0.23208275864162534,0.011012335901315368,-0.011906386131102226,0.032789977322200965,0.95,375,5,2000,2000,patient_within_outer_fold,percentile,reference - comparison (lower Brier is better),-0.011012335901315368,-0.011012335901315368,"{""model_key"":""C""}","{""model_key"":""C+M|PCA_SELECTED""}",2826580892600931490
delta1_C_plus_Mk_vs_C,ftv_complete_375,3026,LOCAL3,T3,auprc,0.5362125873999827,0.44262439641281315,-0.09358819098716953,-0.1583906664317212,-0.024766271532401515,0.95,375,5,2000,2000,patient_within_outer_fold,percentile,comparison - reference,-0.09358819098716953,,"{""model_key"":""C""}","{""model_key"":""C+M|PCA_SELECTED""}",4003013854490944790
delta1_C_plus_Mk_vs_C,ftv_complete_375,3026,LOCAL3,T3,auroc,0.6966723842195541,0.6286106346483704,-0.06806174957118372,-0.12226434759162909,-0.01678501976284605,0.95,375,5,2000,2000,patient_within_outer_fold,percentile,comparison - reference,-0.06806174957118372,,"{""model_key"":""C""}","{""model_key"":""C+M|PCA_SELECTED""}",4003013854490944790
delta1_C_plus_Mk_vs_C,ftv_complete_375,3026,LOCAL3,T3,brier,0.2430950945429407,0.22855471138097538,0.01454038316196532,-0.0036805057862963277,0.032235252649631015,0.95,375,5,2000,2000,patient_within_outer_fold,percentile,reference - comparison (lower Brier is better),-0.01454038316196532,-0.01454038316196532,"{""model_key"":""C""}","{""model_key"":""C+M|PCA_SELECTED""}",4003013854490944790
delta1_C_plus_Mk_vs_C,full_808,2026,LOCAL0,T0,auprc,0.5424197284072237,0.5182865863682665,-0.024133142038957223,-0.0650608267282658,0.019935633981908077,0.95,808,5,2000,2000,patient_within_outer_fold,percentile,comparison - reference,-0.024133142038957223,,"{""model_key"":""C""}","{""model_key"":""C+M|PCA_SELECTED""}",4141833188383686384
delta1_C_plus_Mk_vs_C,full_808,2026,LOCAL0,T0,auroc,0.6796145318096538,0.6640695889476378,-0.01554494286201602,-0.04540805582849162,0.015786021304723338,0.95,808,5,2000,2000,patient_within_outer_fold,percentile,comparison - reference,-0.01554494286201602,,"{""model_key"":""C""}","{""model_key"":""C+M|PCA_SELECTED""}",4141833188383686384
delta1_C_plus_Mk_vs_C,full_808,2026,LOCAL0,T0,brier,0.22583847913185245,0.22804033880909327,-0.0022018596772408194,-0.011441640372028222,0.006935420651209447,0.95,808,5,2000,2000,patient_within_outer_fold,percentile,reference - comparison (lower Brier is better),0.0022018596772408194,0.0022018596772408194,"{""model_key"":""C""}","{""model_key"":""C+M|PCA_SELECTED""}",4141833188383686384
delta1_C_plus_Mk_vs_C,full_808,2026,LOCAL0,T1,auprc,0.5424197284072237,0.5271138331394585,-0.015305895267765268,-0.05581243177403564,0.021586852819015654,0.95,808,5,2000,2000,patient_within_outer_fold,percentile,comparison - reference,-0.015305895267765268,,"{""model_key"":""C""}","{""model_key"":""C+M|PCA_SELECTED""}",5908966609735323204
delta1_C_plus_Mk_vs_C,full_808,2026,LOCAL0,T1,auroc,0.6796145318096538,0.6673648302916596,-0.012249701517994205,-0.040682011647478075,0.01490518232285503,0.95,808,5,2000,2000,patient_within_outer_fold,percentile,comparison - reference,-0.012249701517994205,,"{""model_key"":""C""}","{""model_key"":""C+M|PCA_SELECTED""}",5908966609735323204
delta1_C_plus_Mk_vs_C,full_808,2026,LOCAL0,T1,brier,0.22583847913185245,0.2216320190502964,0.004206460081556063,-0.0027564216671881717,0.011153469413284066,0.95,808,5,2000,2000,patient_within_outer_fold,percentile,reference - comparison (lower Brier is better),-0.004206460081556063,-0.004206460081556063,"{""model_key"":""C""}","{""model_key"":""C+M|PCA_SELECTED""}",5908966609735323204
delta1_C_plus_Mk_vs_C,full_808,2026,LOCAL0,T2,auprc,0.5424197284072237,0.5391807491775237,-0.0032389792297000675,-0.03768822683152195,0.03398030292380639,0.95,808,5,2000,2000,patient_within_outer_fold,percentile,comparison - reference,-0.0032389792297000675,,"{""model_key"":""C""}","{""model_key"":""C+M|PCA_SELECTED""}",4192425685395045714
delta1_C_plus_Mk_vs_C,full_808,2026,LOCAL0,T2,auroc,0.6796145318096538,0.6828790721473649,0.0032645403377110638,-0.02176841876072342,0.02941330968356853,0.95,808,5,2000,2000,patient_within_outer_fold,percentile,comparison - reference,0.0032645403377110638,,"{""model_key"":""C""}","{""model_key"":""C+M|PCA_SELECTED""}",4192425685395045714
delta1_C_plus_Mk_vs_C,full_808,2026,LOCAL0,T2,brier,0.22583847913185245,0.228895062557263,-0.0030565834254105417,-0.008555719833109607,0.0025240858004346466,0.95,808,5,2000,2000,patient_within_outer_fold,percentile,reference - comparison (lower Brier is better),0.0030565834254105417,0.0030565834254105417,"{""model_key"":""C""}","{""model_key"":""C+M|PCA_SELECTED""}",4192425685395045714
delta1_C_plus_Mk_vs_C,full_808,2026,LOCAL0,T3,auprc,0.5424197284072237,0.49522673972552345,-0.0471929886817003,-0.09436610776073105,0.005399267006083679,0.95,808,5,2000,2000,patient_within_outer_fold,percentile,comparison - reference,-0.0471929886817003,,"{""model_key"":""C""}","{""model_key"":""C+M|PCA_SELECTED""}",801677948989247958
delta1_C_plus_Mk_vs_C,full_808,2026,LOCAL0,T3,auroc,0.6796145318096538,0.656394337369947,-0.0232201944397068,-0.06047170022278954,0.013596450091395897,0.95,808,5,2000,2000,patient_within_outer_fold,percentile,comparison - reference,-0.0232201944397068,,"{""model_key"":""C""}","{""model_key"":""C+M|PCA_SELECTED""}",801677948989247958
delta1_C_plus_Mk_vs_C,full_808,2026,LOCAL0,T3,brier,0.22583847913185245,0.22730764665075856,-0.001469167518906106,-0.01088597509141696,0.008285258192173786,0.95,808,5,2000,2000,patient_within_outer_fold,percentile,reference - comparison (lower Brier is better),0.001469167518906106,0.001469167518906106,"{""model_key"":""C""}","{""model_key"":""C+M|PCA_SELECTED""}",801677948989247958
delta1_C_plus_Mk_vs_C,full_808,2026,LOCAL3,T0,auprc,0.5424197284072237,0.5156510462734701,-0.026768682133753607,-0.06805675947632314,0.02082861073378926,0.95,808,5,2000,2000,patient_within_outer_fold,percentile,comparison - reference,-0.026768682133753607,,"{""model_key"":""C""}","{""model_key"":""C+M|PCA_SELECTED""}",3172505741250600167
delta1_C_plus_Mk_vs_C,full_808,2026,LOCAL3,T0,auroc,0.6796145318096538,0.6622411734606857,-0.017373358348968138,-0.047204709300890824,0.013232385702454474,0.95,808,5,2000,2000,patient_within_outer_fold,percentile,comparison - reference,-0.017373358348968138,,"{""model_key"":""C""}","{""model_key"":""C+M|PCA_SELECTED""}",3172505741250600167
delta1_C_plus_Mk_vs_C,full_808,2026,LOCAL3,T0,brier,0.22583847913185245,0.22717586871925008,-0.001337389587397625,-0.009928797896849976,0.00729245390010347,0.95,808,5,2000,2000,patient_within_outer_fold,percentile,reference - comparison (lower Brier is better),0.001337389587397625,0.001337389587397625,"{""model_key"":""C""}","{""model_key"":""C+M|PCA_SELECTED""}",3172505741250600167
delta1_C_plus_Mk_vs_C,full_808,2026,LOCAL3,T1,auprc,0.5424197284072237,0.5405446061850211,-0.001875122222202652,-0.03667471490248375,0.0340310461662299,0.95,808,5,2000,2000,patient_within_outer_fold,percentile,comparison - reference,-0.001875122222202652,,"{""model_key"":""C""}","{""model_key"":""C+M|PCA_SELECTED""}",1341635408918924553
delta1_C_plus_Mk_vs_C,full_808,2026,LOCAL3,T1,auroc,0.6796145318096538,0.6715196998123828,-0.008094831997271013,-0.03476651440037461,0.01725100455418556,0.95,808,5,2000,2000,patient_within_outer_fold,percentile,comparison - reference,-0.008094831997271013,,"{""model_key"":""C""}","{""model_key"":""C+M|PCA_SELECTED""}",1341635408918924553
delta1_C_plus_Mk_vs_C,full_808,2026,LOCAL3,T1,brier,0.22583847913185245,0.22186248689935187,0.003975992232500586,-0.0015719587015811782,0.009384741413820822,0.95,808,5,2000,2000,patient_within_outer_fold,percentile,reference - comparison (lower Brier is better),-0.003975992232500586,-0.003975992232500586,"{""model_key"":""C""}","{""model_key"":""C+M|PCA_SELECTED""}",1341635408918924553
delta1_C_plus_Mk_vs_C,full_808,2026,LOCAL3,T2,auprc,0.5424197284072237,0.5284829090692255,-0.013936819337998285,-0.05549475098347037,0.029222633782297277,0.95,808,5,2000,2000,patient_within_outer_fold,percentile,comparison - reference,-0.013936819337998285,,"{""model_key"":""C""}","{""model_key"":""C+M|PCA_SELECTED""}",4844048103705436170
delta1_C_plus_Mk_vs_C,full_808,2026,LOCAL3,T2,auroc,0.6796145318096538,0.6753198021490705,-0.004294729660583307,-0.034999882157860124,0.02725104579049479,0.95,808,5,2000,2000,patient_within_outer_fold,percentile,comparison - reference,-0.004294729660583307,,"{""model_key"":""C""}","{""model_key"":""C+M|PCA_SELECTED""}",4844048103705436170
delta1_C_plus_Mk_vs_C,full_808,2026,LOCAL3,T2,brier,0.22583847913185245,0.2309779613242686,-0.005139482192416139,-0.01303293247416307,0.0029209830221361083,0.95,808,5,2000,2000,patient_within_outer_fold,percentile,reference - comparison (lower Brier is better),0.005139482192416139,0.005139482192416139,"{""model_key"":""C""}","{""model_key"":""C+M|PCA_SELECTED""}",4844048103705436170
delta1_C_plus_Mk_vs_C,full_808,2026,LOCAL3,T3,auprc,0.5424197284072237,0.5165522904432154,-0.025867437964008366,-0.06720909044727373,0.016543836573829296,0.95,808,5,2000,2000,patient_within_outer_fold,percentile,comparison - reference,-0.025867437964008366,,"{""model_key"":""C""}","{""model_key"":""C+M|PCA_SELECTED""}",3778466131535713267
delta1_C_plus_Mk_vs_C,full_808,2026,LOCAL3,T3,auroc,0.6796145318096538,0.658318267098755,-0.02129626471089885,-0.052408590606009046,0.010946703282481192,0.95,808,5,2000,2000,patient_within_outer_fold,percentile,comparison - reference,-0.02129626471089885,,"{""model_key"":""C""}","{""model_key"":""C+M|PCA_SELECTED""}",3778466131535713267
delta1_C_plus_Mk_vs_C,full_808,2026,LOCAL3,T3,brier,0.22583847913185245,0.23010604055085992,-0.004267561419007471,-0.01108312891175186,0.003276385590776837,0.95,808,5,2000,2000,patient_within_outer_fold,percentile,reference - comparison (lower Brier is better),0.004267561419007471,0.004267561419007471,"{""model_key"":""C""}","{""model_key"":""C+M|PCA_SELECTED""}",3778466131535713267
delta1_C_plus_Mk_vs_C,full_808,3026,LOCAL0,T0,auprc,0.5424197284072237,0.5020652203461111,-0.040354508061112626,-0.08259927491350734,0.0038299080663281486,0.95,808,5,2000,2000,patient_within_outer_fold,percentile,comparison - reference,-0.040354508061112626,,"{""model_key"":""C""}","{""model_key"":""C+M|PCA_SELECTED""}",8027345799547613146
delta1_C_plus_Mk_vs_C,full_808,3026,LOCAL0,T0,auroc,0.6796145318096538,0.6683267951560634,-0.011287736653590397,-0.04158870176826943,0.020683044500203654,0.95,808,5,2000,2000,patient_within_outer_fold,percentile,comparison - reference,-0.011287736653590397,,"{""model_key"":""C""}","{""model_key"":""C+M|PCA_SELECTED""}",8027345799547613146
delta1_C_plus_Mk_vs_C,full_808,3026,LOCAL0,T0,brier,0.22583847913185245,0.2159017413177085,0.009936737814143948,-0.0006454978886903734,0.020137495310853584,0.95,808,5,2000,2000,patient_within_outer_fold,percentile,reference - comparison (lower Brier is better),-0.009936737814143948,-0.009936737814143948,"{""model_key"":""C""}","{""model_key"":""C+M|PCA_SELECTED""}",8027345799547613146
delta1_C_plus_Mk_vs_C,full_808,3026,LOCAL0,T1,auprc,0.5424197284072237,0.49737573978015615,-0.0450439886270676,-0.07618838644976171,-0.009514009717424013,0.95,808,5,2000,2000,patient_within_outer_fold,percentile,comparison - reference,-0.0450439886270676,,"{""model_key"":""C""}","{""model_key"":""C+M|PCA_SELECTED""}",7855611305363642546
delta1_C_plus_Mk_vs_C,full_808,3026,LOCAL0,T1,auroc,0.6796145318096538,0.6672010915913356,-0.01241344021831825,-0.036186007335030336,0.012040286779526052,0.95,808,5,2000,2000,patient_within_outer_fold,percentile,comparison - reference,-0.01241344021831825,,"{""model_key"":""C""}","{""model_key"":""C+M|PCA_SELECTED""}",7855611305363642546
delta1_C_plus_Mk_vs_C,full_808,3026,LOCAL0,T1,brier,0.22583847913185245,0.2268620845738679,-0.001023605442015435,-0.0084092688489308,0.006399750745476542,0.95,808,5,2000,2000,patient_within_outer_fold,percentile,reference - comparison (lower Brier is better),0.001023605442015435,0.001023605442015435,"{""model_key"":""C""}","{""model_key"":""C+M|PCA_SELECTED""}",7855611305363642546
delta1_C_plus_Mk_vs_C,full_808,3026,LOCAL0,T2,auprc,0.5424197284072237,0.5526810319050532,0.0102613034978295,-0.02000997153208336,0.03959140938876967,0.95,808,5,2000,2000,patient_within_outer_fold,percentile,comparison - reference,0.0102613034978295,,"{""model_key"":""C""}","{""model_key"":""C+M|PCA_SELECTED""}",1364698178547716470
delta1_C_plus_Mk_vs_C,full_808,3026,LOCAL0,T2,auroc,0.6796145318096538,0.6858945932116665,0.006280061402012649,-0.016057576332846258,0.029650277737537076,0.95,808,5,2000,2000,patient_within_outer_fold,percentile,comparison - reference,0.006280061402012649,,"{""model_key"":""C""}","{""model_key"":""C+M|PCA_SELECTED""}",1364698178547716470
delta1_C_plus_Mk_vs_C,full_808,3026,LOCAL0,T2,brier,0.22583847913185245,0.21988963578540305,0.005948843346449406,0.0007626859426094646,0.011453028068180465,0.95,808,5,2000,2000,patient_within_outer_fold,percentile,reference - comparison (lower Brier is better),-0.005948843346449406,-0.005948843346449406,"{""model_key"":""C""}","{""model_key"":""C+M|PCA_SELECTED""}",1364698178547716470
delta1_C_plus_Mk_vs_C,full_808,3026,LOCAL0,T3,auprc,0.5424197284072237,0.5540148790871375,0.01159515067991379,-0.03033166369495398,0.053084901485631844,0.95,808,5,2000,2000,patient_within_outer_fold,percentile,comparison - reference,0.01159515067991379,,"{""model_key"":""C""}","{""model_key"":""C+M|PCA_SELECTED""}",8663349231521829565
delta1_C_plus_Mk_vs_C,full_808,3026,LOCAL0,T3,auroc,0.6796145318096538,0.6851441241685144,0.0055295923588606355,-0.023378211380622915,0.034602615403854994,0.95,808,5,2000,2000,patient_within_outer_fold,percentile,comparison - reference,0.0055295923588606355,,"{""model_key"":""C""}","{""model_key"":""C+M|PCA_SELECTED""}",8663349231521829565
delta1_C_plus_Mk_vs_C,full_808,3026,LOCAL0,T3,brier,0.22583847913185245,0.21774780115197132,0.008090677979881139,0.0009479352630881796,0.01563101705951301,0.95,808,5,2000,2000,patient_within_outer_fold,percentile,reference - comparison (lower Brier is better),-0.008090677979881139,-0.008090677979881139,"{""model_key"":""C""}","{""model_key"":""C+M|PCA_SELECTED""}",8663349231521829565
delta1_C_plus_Mk_vs_C,full_808,3026,LOCAL3,T0,auprc,0.5424197284072237,0.5131884608519354,-0.029231267555288376,-0.06572494336550198,0.008123549841476115,0.95,808,5,2000,2000,patient_within_outer_fold,percentile,comparison - reference,-0.029231267555288376,,"{""model_key"":""C""}","{""model_key"":""C+M|PCA_SELECTED""}",382701781327756818
delta1_C_plus_Mk_vs_C,full_808,3026,LOCAL3,T0,auroc,0.6796145318096538,0.6736960600375235,-0.00591847177213034,-0.032608104220865415,0.019385878232978642,0.95,808,5,2000,2000,patient_within_outer_fold,percentile,comparison - reference,-0.00591847177213034,,"{""model_key"":""C""}","{""model_key"":""C+M|PCA_SELECTED""}",382701781327756818
delta1_C_plus_Mk_vs_C,full_808,3026,LOCAL3,T0,brier,0.22583847913185245,0.21796850421535574,0.007869974916496714,0.0005154635856660701,0.01470161293481953,0.95,808,5,2000,2000,patient_within_outer_fold,percentile,reference - comparison (lower Brier is better),-0.007869974916496714,-0.007869974916496714,"{""model_key"":""C""}","{""model_key"":""C+M|PCA_SELECTED""}",382701781327756818
delta1_C_plus_Mk_vs_C,full_808,3026,LOCAL3,T1,auprc,0.5424197284072237,0.5030833427823737,-0.03933638562485009,-0.07732153479303701,-0.003300161996762195,0.95,808,5,2000,2000,patient_within_outer_fold,percentile,comparison - reference,-0.03933638562485009,,"{""model_key"":""C""}","{""model_key"":""C+M|PCA_SELECTED""}",1242137574380518634
delta1_C_plus_Mk_vs_C,full_808,3026,LOCAL3,T1,auroc,0.6796145318096538,0.6661572573767696,-0.013457274432884248,-0.04193063493061016,0.012712490662291182,0.95,808,5,2000,2000,patient_within_outer_fold,percentile,comparison - reference,-0.013457274432884248,,"{""model_key"":""C""}","{""model_key"":""C+M|PCA_SELECTED""}",1242137574380518634
delta1_C_plus_Mk_vs_C,full_808,3026,LOCAL3,T1,brier,0.22583847913185245,0.22523757084075546,0.000600908291096991,-0.006856309914306542,0.007438676888364433,0.95,808,5,2000,2000,patient_within_outer_fold,percentile,reference - comparison (lower Brier is better),-0.000600908291096991,-0.000600908291096991,"{""model_key"":""C""}","{""model_key"":""C+M|PCA_SELECTED""}",1242137574380518634
delta1_C_plus_Mk_vs_C,full_808,3026,LOCAL3,T2,auprc,0.5424197284072237,0.5518623202909534,0.009442591883729645,-0.02322926872434989,0.04650081669073475,0.95,808,5,2000,2000,patient_within_outer_fold,percentile,comparison - reference,0.009442591883729645,,"{""model_key"":""C""}","{""model_key"":""C+M|PCA_SELECTED""}",619929595889987102
delta1_C_plus_Mk_vs_C,full_808,3026,LOCAL3,T2,auroc,0.6796145318096538,0.6897151628858946,0.010100631076240818,-0.0141335806160109,0.03640982889249431,0.95,808,5,2000,2000,patient_within_outer_fold,percentile,comparison - reference,0.010100631076240818,,"{""model_key"":""C""}","{""model_key"":""C+M|PCA_SELECTED""}",619929595889987102
delta1_C_plus_Mk_vs_C,full_808,3026,LOCAL3,T2,brier,0.22583847913185245,0.21929809144502327,0.0065403876868291855,-8.808366944907136e-05,0.01324540561525481,0.95,808,5,2000,2000,patient_within_outer_fold,percentile,reference - comparison (lower Brier is better),-0.0065403876868291855,-0.0065403876868291855,"{""model_key"":""C""}","{""model_key"":""C+M|PCA_SELECTED""}",619929595889987102
delta1_C_plus_Mk_vs_C,full_808,3026,LOCAL3,T3,auprc,0.5424197284072237,0.5563351194174152,0.013915391010191458,-0.02614099652113863,0.05495354924959638,0.95,808,5,2000,2000,patient_within_outer_fold,percentile,comparison - reference,0.013915391010191458,,"{""model_key"":""C""}","{""model_key"":""C+M|PCA_SELECTED""}",8524346463114564208
delta1_C_plus_Mk_vs_C,full_808,3026,LOCAL3,T3,auroc,0.6796145318096538,0.6930922735800784,0.0134777417704246,-0.015072085746244666,0.0429405752573231,0.95,808,5,2000,2000,patient_within_outer_fold,percentile,comparison - reference,0.0134777417704246,,"{""model_key"":""C""}","{""model_key"":""C+M|PCA_SELECTED""}",8524346463114564208
delta1_C_plus_Mk_vs_C,full_808,3026,LOCAL3,T3,brier,0.22583847913185245,0.21911824572235986,0.006720233409492599,0.0007796549363843997,0.012805759008758015,0.95,808,5,2000,2000,patient_within_outer_fold,percentile,reference - comparison (lower Brier is better),-0.006720233409492599,-0.006720233409492599,"{""model_key"":""C""}","{""model_key"":""C+M|PCA_SELECTED""}",8524346463114564208
delta2_CF_plus_Mk_vs_CF,ftv_complete_375,2026,LOCAL0,T0,auprc,0.538897485664505,0.47015472123338925,-0.06874276443111577,-0.13449063079379653,-0.00453467905752674,0.95,375,5,2000,2000,patient_within_outer_fold,percentile,comparison - reference,-0.06874276443111577,,"{""model_key"":""C+F""}","{""model_key"":""C+F+M|PCA_SELECTED""}",4514903693627997705
delta2_CF_plus_Mk_vs_CF,ftv_complete_375,2026,LOCAL0,T0,auroc,0.6880274442538593,0.6379073756432247,-0.05012006861063456,-0.10908990842165199,0.002690490483025566,0.95,375,5,2000,2000,patient_within_outer_fold,percentile,comparison - reference,-0.05012006861063456,,"{""model_key"":""C+F""}","{""model_key"":""C+F+M|PCA_SELECTED""}",4514903693627997705
delta2_CF_plus_Mk_vs_CF,ftv_complete_375,2026,LOCAL0,T0,brier,0.2356217123236572,0.2291173983323155,0.006504313991341687,-0.009201838742760565,0.019737994174254262,0.95,375,5,2000,2000,patient_within_outer_fold,percentile,reference - comparison (lower Brier is better),-0.006504313991341687,-0.006504313991341687,"{""model_key"":""C+F""}","{""model_key"":""C+F+M|PCA_SELECTED""}",4514903693627997705
delta2_CF_plus_Mk_vs_CF,ftv_complete_375,2026,LOCAL0,T1,auprc,0.5259975356624463,0.532143382122308,0.006145846459861715,-0.040312446689724925,0.05782024653061724,0.95,375,5,2000,2000,patient_within_outer_fold,percentile,comparison - reference,0.006145846459861715,,"{""model_key"":""C+F""}","{""model_key"":""C+F+M|PCA_SELECTED""}",4809150600653937752
delta2_CF_plus_Mk_vs_CF,ftv_complete_375,2026,LOCAL0,T1,auroc,0.6971526586620925,0.7132761578044596,0.016123499142367104,-0.023546554627315294,0.0560843287811634,0.95,375,5,2000,2000,patient_within_outer_fold,percentile,comparison - reference,0.016123499142367104,,"{""model_key"":""C+F""}","{""model_key"":""C+F+M|PCA_SELECTED""}",4809150600653937752
delta2_CF_plus_Mk_vs_CF,ftv_complete_375,2026,LOCAL0,T1,brier,0.19795462758831528,0.18872833076462012,0.009226296823695163,-0.004630996067834466,0.022607000725259944,0.95,375,5,2000,2000,patient_within_outer_fold,percentile,reference - comparison (lower Brier is better),-0.009226296823695163,-0.009226296823695163,"{""model_key"":""C+F""}","{""model_key"":""C+F+M|PCA_SELECTED""}",4809150600653937752
delta2_CF_plus_Mk_vs_CF,ftv_complete_375,2026,LOCAL0,T2,auprc,0.5400010651611841,0.47903616704618485,-0.06096489811499922,-0.12458730757725371,0.0036993875520877797,0.95,375,5,2000,2000,patient_within_outer_fold,percentile,comparison - reference,-0.06096489811499922,,"{""model_key"":""C+F""}","{""model_key"":""C+F+M|PCA_SELECTED""}",5645834756811734352
delta2_CF_plus_Mk_vs_CF,ftv_complete_375,2026,LOCAL0,T2,auroc,0.726106346483705,0.6841509433962264,-0.04195540308747858,-0.08622252965574008,0.00199663329127908,0.95,375,5,2000,2000,patient_within_outer_fold,percentile,comparison - reference,-0.04195540308747858,,"{""model_key"":""C+F""}","{""model_key"":""C+F+M|PCA_SELECTED""}",5645834756811734352
delta2_CF_plus_Mk_vs_CF,ftv_complete_375,2026,LOCAL0,T2,brier,0.1887354938947084,0.21536850428950446,-0.02663301039479607,-0.043538180958554905,-0.010076122405146696,0.95,375,5,2000,2000,patient_within_outer_fold,percentile,reference - comparison (lower Brier is better),0.02663301039479607,0.02663301039479607,"{""model_key"":""C+F""}","{""model_key"":""C+F+M|PCA_SELECTED""}",5645834756811734352
delta2_CF_plus_Mk_vs_CF,ftv_complete_375,2026,LOCAL0,T3,auprc,0.5393749537451002,0.48961370450506225,-0.049761249240038,-0.11899053297370016,0.01848709837396665,0.95,375,5,2000,2000,patient_within_outer_fold,percentile,comparison - reference,-0.049761249240038,,"{""model_key"":""C+F""}","{""model_key"":""C+F+M|PCA_SELECTED""}",969543145959077224
delta2_CF_plus_Mk_vs_CF,ftv_complete_375,2026,LOCAL0,T3,auroc,0.7154030874785592,0.6902572898799313,-0.025145797598627895,-0.07484336498854376,0.022707089961864706,0.95,375,5,2000,2000,patient_within_outer_fold,percentile,comparison - reference,-0.025145797598627895,,"{""model_key"":""C+F""}","{""model_key"":""C+F+M|PCA_SELECTED""}",969543145959077224
delta2_CF_plus_Mk_vs_CF,ftv_complete_375,2026,LOCAL0,T3,brier,0.19299362818294807,0.21226387228120847,-0.019270244098260392,-0.03886927282486166,-0.00024617854149647846,0.95,375,5,2000,2000,patient_within_outer_fold,percentile,reference - comparison (lower Brier is better),0.019270244098260392,0.019270244098260392,"{""model_key"":""C+F""}","{""model_key"":""C+F+M|PCA_SELECTED""}",969543145959077224
delta2_CF_plus_Mk_vs_CF,ftv_complete_375,2026,LOCAL3,T0,auprc,0.538897485664505,0.4883585337259269,-0.0505389519385781,-0.10760990202888614,0.008037459910921004,0.95,375,5,2000,2000,patient_within_outer_fold,percentile,comparison - reference,-0.0505389519385781,,"{""model_key"":""C+F""}","{""model_key"":""C+F+M|PCA_SELECTED""}",8914474268465938797
delta2_CF_plus_Mk_vs_CF,ftv_complete_375,2026,LOCAL3,T0,auroc,0.6880274442538593,0.6553001715265866,-0.032727272727272716,-0.08484705724608806,0.017124445284172302,0.95,375,5,2000,2000,patient_within_outer_fold,percentile,comparison - reference,-0.032727272727272716,,"{""model_key"":""C+F""}","{""model_key"":""C+F+M|PCA_SELECTED""}",8914474268465938797
delta2_CF_plus_Mk_vs_CF,ftv_complete_375,2026,LOCAL3,T0,brier,0.2356217123236572,0.2308986525940132,0.004723059729643986,-0.00656704940086574,0.014650817308214877,0.95,375,5,2000,2000,patient_within_outer_fold,percentile,reference - comparison (lower Brier is better),-0.004723059729643986,-0.004723059729643986,"{""model_key"":""C+F""}","{""model_key"":""C+F+M|PCA_SELECTED""}",8914474268465938797
delta2_CF_plus_Mk_vs_CF,ftv_complete_375,2026,LOCAL3,T1,auprc,0.5259975356624463,0.5116815821766543,-0.014315953485792066,-0.06524850498396445,0.0423601242868032,0.95,375,5,2000,2000,patient_within_outer_fold,percentile,comparison - reference,-0.014315953485792066,,"{""model_key"":""C+F""}","{""model_key"":""C+F+M|PCA_SELECTED""}",3886005631002225064
delta2_CF_plus_Mk_vs_CF,ftv_complete_375,2026,LOCAL3,T1,auroc,0.6971526586620925,0.7005145797598626,0.0033619210977701153,-0.04030975341115993,0.04641165258533841,0.95,375,5,2000,2000,patient_within_outer_fold,percentile,comparison - reference,0.0033619210977701153,,"{""model_key"":""C+F""}","{""model_key"":""C+F+M|PCA_SELECTED""}",3886005631002225064
delta2_CF_plus_Mk_vs_CF,ftv_complete_375,2026,LOCAL3,T1,brier,0.19795462758831528,0.19842632116132033,-0.0004716935730050553,-0.015702025702706728,0.014868910108013639,0.95,375,5,2000,2000,patient_within_outer_fold,percentile,reference - comparison (lower Brier is better),0.0004716935730050553,0.0004716935730050553,"{""model_key"":""C+F""}","{""model_key"":""C+F+M|PCA_SELECTED""}",3886005631002225064
delta2_CF_plus_Mk_vs_CF,ftv_complete_375,2026,LOCAL3,T2,auprc,0.5400010651611841,0.5131599416626581,-0.026841123498525965,-0.0715429828882883,0.019274562725937344,0.95,375,5,2000,2000,patient_within_outer_fold,percentile,comparison - reference,-0.026841123498525965,,"{""model_key"":""C+F""}","{""model_key"":""C+F+M|PCA_SELECTED""}",5103713009880324862
delta2_CF_plus_Mk_vs_CF,ftv_complete_375,2026,LOCAL3,T2,auroc,0.726106346483705,0.7091252144082333,-0.016981132075471694,-0.04805824670305546,0.012408946735765704,0.95,375,5,2000,2000,patient_within_outer_fold,percentile,comparison - reference,-0.016981132075471694,,"{""model_key"":""C+F""}","{""model_key"":""C+F+M|PCA_SELECTED""}",5103713009880324862
delta2_CF_plus_Mk_vs_CF,ftv_complete_375,2026,LOCAL3,T2,brier,0.1887354938947084,0.20208173127804496,-0.013346237383336568,-0.024680174983059116,-0.002790766561870089,0.95,375,5,2000,2000,patient_within_outer_fold,percentile,reference - comparison (lower Brier is better),0.013346237383336568,0.013346237383336568,"{""model_key"":""C+F""}","{""model_key"":""C+F+M|PCA_SELECTED""}",5103713009880324862
delta2_CF_plus_Mk_vs_CF,ftv_complete_375,2026,LOCAL3,T3,auprc,0.5393749537451002,0.5000612201197375,-0.03931373362536272,-0.1094884493136522,0.03120331797078069,0.95,375,5,2000,2000,patient_within_outer_fold,percentile,comparison - reference,-0.03931373362536272,,"{""model_key"":""C+F""}","{""model_key"":""C+F+M|PCA_SELECTED""}",6919732385051675687
delta2_CF_plus_Mk_vs_CF,ftv_complete_375,2026,LOCAL3,T3,auroc,0.7154030874785592,0.6921440823327616,-0.023259005145797595,-0.07530276470680244,0.0297652049013274,0.95,375,5,2000,2000,patient_within_outer_fold,percentile,comparison - reference,-0.023259005145797595,,"{""model_key"":""C+F""}","{""model_key"":""C+F+M|PCA_SELECTED""}",6919732385051675687
delta2_CF_plus_Mk_vs_CF,ftv_complete_375,2026,LOCAL3,T3,brier,0.19299362818294807,0.2131464639813283,-0.02015283579838023,-0.04131094232902386,-0.0007827713279928808,0.95,375,5,2000,2000,patient_within_outer_fold,percentile,reference - comparison (lower Brier is better),0.02015283579838023,0.02015283579838023,"{""model_key"":""C+F""}","{""model_key"":""C+F+M|PCA_SELECTED""}",6919732385051675687
delta2_CF_plus_Mk_vs_CF,ftv_complete_375,3026,LOCAL0,T0,auprc,0.538897485664505,0.4293869432530978,-0.10951054241140723,-0.1704259344086628,-0.04175674318640588,0.95,375,5,2000,2000,patient_within_outer_fold,percentile,comparison - reference,-0.10951054241140723,,"{""model_key"":""C+F""}","{""model_key"":""C+F+M|PCA_SELECTED""}",7538289002588022360
delta2_CF_plus_Mk_vs_CF,ftv_complete_375,3026,LOCAL0,T0,auroc,0.6880274442538593,0.6195883361921097,-0.06843910806174958,-0.12471125507725063,-0.013943555052872416,0.95,375,5,2000,2000,patient_within_outer_fold,percentile,comparison - reference,-0.06843910806174958,,"{""model_key"":""C+F""}","{""model_key"":""C+F+M|PCA_SELECTED""}",7538289002588022360
delta2_CF_plus_Mk_vs_CF,ftv_complete_375,3026,LOCAL0,T0,brier,0.2356217123236572,0.23281099631771424,0.0028107160059429592,-0.013133508300603027,0.01795216300973857,0.95,375,5,2000,2000,patient_within_outer_fold,percentile,reference - comparison (lower Brier is better),-0.0028107160059429592,-0.0028107160059429592,"{""model_key"":""C+F""}","{""model_key"":""C+F+M|PCA_SELECTED""}",7538289002588022360
delta2_CF_plus_Mk_vs_CF,ftv_complete_375,3026,LOCAL0,T1,auprc,0.5259975356624463,0.5020444815193985,-0.023953054143047825,-0.07414449185161254,0.03430181137735312,0.95,375,5,2000,2000,patient_within_outer_fold,percentile,comparison - reference,-0.023953054143047825,,"{""model_key"":""C+F""}","{""model_key"":""C+F+M|PCA_SELECTED""}",540560326741465958
delta2_CF_plus_Mk_vs_CF,ftv_complete_375,3026,LOCAL0,T1,auroc,0.6971526586620925,0.6895368782161235,-0.007615780445969,-0.05081724057304934,0.0352383541737072,0.95,375,5,2000,2000,patient_within_outer_fold,percentile,comparison - reference,-0.007615780445969,,"{""model_key"":""C+F""}","{""model_key"":""C+F+M|PCA_SELECTED""}",540560326741465958
delta2_CF_plus_Mk_vs_CF,ftv_complete_375,3026,LOCAL0,T1,brier,0.19795462758831528,0.2022806305016247,-0.0043260029133094235,-0.02024833277497899,0.010890468664198124,0.95,375,5,2000,2000,patient_within_outer_fold,percentile,reference - comparison (lower Brier is better),0.0043260029133094235,0.0043260029133094235,"{""model_key"":""C+F""}","{""model_key"":""C+F+M|PCA_SELECTED""}",540560326741465958
delta2_CF_plus_Mk_vs_CF,ftv_complete_375,3026,LOCAL0,T2,auprc,0.5400010651611841,0.47222674952357896,-0.06777431563760511,-0.12679272778205067,-0.004032793715879924,0.95,375,5,2000,2000,patient_within_outer_fold,percentile,comparison - reference,-0.06777431563760511,,"{""model_key"":""C+F""}","{""model_key"":""C+F+M|PCA_SELECTED""}",1822612929934887407
delta2_CF_plus_Mk_vs_CF,ftv_complete_375,3026,LOCAL0,T2,auroc,0.726106346483705,0.6954373927958835,-0.03066895368782152,-0.0763887730038844,0.014326756465147434,0.95,375,5,2000,2000,patient_within_outer_fold,percentile,comparison - reference,-0.03066895368782152,,"{""model_key"":""C+F""}","{""model_key"":""C+F+M|PCA_SELECTED""}",1822612929934887407
delta2_CF_plus_Mk_vs_CF,ftv_complete_375,3026,LOCAL0,T2,brier,0.1887354938947084,0.20653532504266855,-0.01779983114796016,-0.03586393557088868,-0.0007323064656869763,0.95,375,5,2000,2000,patient_within_outer_fold,percentile,reference - comparison (lower Brier is better),0.01779983114796016,0.01779983114796016,"{""model_key"":""C+F""}","{""model_key"":""C+F+M|PCA_SELECTED""}",1822612929934887407
delta2_CF_plus_Mk_vs_CF,ftv_complete_375,3026,LOCAL0,T3,auprc,0.5393749537451002,0.49401469264988324,-0.045360261095217014,-0.10602495927873638,0.01852235082610009,0.95,375,5,2000,2000,patient_within_outer_fold,percentile,comparison - reference,-0.045360261095217014,,"{""model_key"":""C+F""}","{""model_key"":""C+F+M|PCA_SELECTED""}",2710724004195225577
delta2_CF_plus_Mk_vs_CF,ftv_complete_375,3026,LOCAL0,T3,auroc,0.7154030874785592,0.6904631217838766,-0.024939965694682598,-0.07371882477681073,0.02480185191746822,0.95,375,5,2000,2000,patient_within_outer_fold,percentile,comparison - reference,-0.024939965694682598,,"{""model_key"":""C+F""}","{""model_key"":""C+F+M|PCA_SELECTED""}",2710724004195225577
delta2_CF_plus_Mk_vs_CF,ftv_complete_375,3026,LOCAL0,T3,brier,0.19299362818294807,0.20495076912291113,-0.011957140939963057,-0.030344420168423418,0.0064265187792570105,0.95,375,5,2000,2000,patient_within_outer_fold,percentile,reference - comparison (lower Brier is better),0.011957140939963057,0.011957140939963057,"{""model_key"":""C+F""}","{""model_key"":""C+F+M|PCA_SELECTED""}",2710724004195225577
delta2_CF_plus_Mk_vs_CF,ftv_complete_375,3026,LOCAL3,T0,auprc,0.538897485664505,0.4960681844590194,-0.042829301205485615,-0.09109589469099261,0.009987470281069876,0.95,375,5,2000,2000,patient_within_outer_fold,percentile,comparison - reference,-0.042829301205485615,,"{""model_key"":""C+F""}","{""model_key"":""C+F+M|PCA_SELECTED""}",5397195023119445663
delta2_CF_plus_Mk_vs_CF,ftv_complete_375,3026,LOCAL3,T0,auroc,0.6880274442538593,0.6562607204116637,-0.03176672384219559,-0.06692579386281165,0.0059720342314582954,0.95,375,5,2000,2000,patient_within_outer_fold,percentile,comparison - reference,-0.03176672384219559,,"{""model_key"":""C+F""}","{""model_key"":""C+F+M|PCA_SELECTED""}",5397195023119445663
delta2_CF_plus_Mk_vs_CF,ftv_complete_375,3026,LOCAL3,T0,brier,0.2356217123236572,0.22910502014905545,0.00651669217460174,-0.002866515053400981,0.015728606503598377,0.95,375,5,2000,2000,patient_within_outer_fold,percentile,reference - comparison (lower Brier is better),-0.00651669217460174,-0.00651669217460174,"{""model_key"":""C+F""}","{""model_key"":""C+F+M|PCA_SELECTED""}",5397195023119445663
delta2_CF_plus_Mk_vs_CF,ftv_complete_375,3026,LOCAL3,T1,auprc,0.5259975356624463,0.5221427289667038,-0.003854806695742563,-0.05326855279405338,0.04999807593156695,0.95,375,5,2000,2000,patient_within_outer_fold,percentile,comparison - reference,-0.003854806695742563,,"{""model_key"":""C+F""}","{""model_key"":""C+F+M|PCA_SELECTED""}",8639985517287741431
delta2_CF_plus_Mk_vs_CF,ftv_complete_375,3026,LOCAL3,T1,auroc,0.6971526586620925,0.7034991423670669,0.0063464837049743705,-0.03987208355716608,0.04685454704332116,0.95,375,5,2000,2000,patient_within_outer_fold,percentile,comparison - reference,0.0063464837049743705,,"{""model_key"":""C+F""}","{""model_key"":""C+F+M|PCA_SELECTED""}",8639985517287741431
delta2_CF_plus_Mk_vs_CF,ftv_complete_375,3026,LOCAL3,T1,brier,0.19795462758831528,0.19126695241091587,0.006687675177399405,-0.008466284071761103,0.021069978426317318,0.95,375,5,2000,2000,patient_within_outer_fold,percentile,reference - comparison (lower Brier is better),-0.006687675177399405,-0.006687675177399405,"{""model_key"":""C+F""}","{""model_key"":""C+F+M|PCA_SELECTED""}",8639985517287741431
delta2_CF_plus_Mk_vs_CF,ftv_complete_375,3026,LOCAL3,T2,auprc,0.5400010651611841,0.4265074364857462,-0.11349362867543789,-0.17706748371211795,-0.0516277268820499,0.95,375,5,2000,2000,patient_within_outer_fold,percentile,comparison - reference,-0.11349362867543789,,"{""model_key"":""C+F""}","{""model_key"":""C+F+M|PCA_SELECTED""}",4130871890899302499
delta2_CF_plus_Mk_vs_CF,ftv_complete_375,3026,LOCAL3,T2,auroc,0.726106346483705,0.646106346483705,-0.07999999999999996,-0.13012759647124975,-0.03336448298948295,0.95,375,5,2000,2000,patient_within_outer_fold,percentile,comparison - reference,-0.07999999999999996,,"{""model_key"":""C+F""}","{""model_key"":""C+F+M|PCA_SELECTED""}",4130871890899302499
delta2_CF_plus_Mk_vs_CF,ftv_complete_375,3026,LOCAL3,T2,brier,0.1887354938947084,0.24280922267863259,-0.05407372878392419,-0.07487936941757542,-0.03424254506050631,0.95,375,5,2000,2000,patient_within_outer_fold,percentile,reference - comparison (lower Brier is better),0.05407372878392419,0.05407372878392419,"{""model_key"":""C+F""}","{""model_key"":""C+F+M|PCA_SELECTED""}",4130871890899302499
delta2_CF_plus_Mk_vs_CF,ftv_complete_375,3026,LOCAL3,T3,auprc,0.5393749537451002,0.4968621272832051,-0.04251282646189514,-0.09895555556449022,0.01182511992184899,0.95,375,5,2000,2000,patient_within_outer_fold,percentile,comparison - reference,-0.04251282646189514,,"{""model_key"":""C+F""}","{""model_key"":""C+F+M|PCA_SELECTED""}",4678629672728411315
delta2_CF_plus_Mk_vs_CF,ftv_complete_375,3026,LOCAL3,T3,auroc,0.7154030874785592,0.6892624356775299,-0.026140651801029313,-0.07332088514754673,0.022498614575625013,0.95,375,5,2000,2000,patient_within_outer_fold,percentile,comparison - reference,-0.026140651801029313,,"{""model_key"":""C+F""}","{""model_key"":""C+F+M|PCA_SELECTED""}",4678629672728411315
delta2_CF_plus_Mk_vs_CF,ftv_complete_375,3026,LOCAL3,T3,brier,0.19299362818294807,0.20337733157606697,-0.010383703393118893,-0.02675292641163621,0.006814001844885774,0.95,375,5,2000,2000,patient_within_outer_fold,percentile,reference - comparison (lower Brier is better),0.010383703393118893,0.010383703393118893,"{""model_key"":""C+F""}","{""model_key"":""C+F+M|PCA_SELECTED""}",4678629672728411315
delta3_late_C_Mk_vs_C,ftv_complete_375,2026,LOCAL0,T0,auprc,0.5362125873999827,0.4341117410895211,-0.10210084631046157,-0.16058987046925552,-0.03524704989154954,0.95,375,5,2000,2000,patient_within_outer_fold,percentile,comparison - reference,-0.10210084631046157,,"{""model_key"":""C""}","{""model_key"":""LateFusion(C,M)|PCA_SELECTED""}",5619852965357430067
delta3_late_C_Mk_vs_C,ftv_complete_375,2026,LOCAL0,T0,auroc,0.6966723842195541,0.6031903945111492,-0.09348198970840493,-0.1564823475610535,-0.03050292292949776,0.95,375,5,2000,2000,patient_within_outer_fold,percentile,comparison - reference,-0.09348198970840493,,"{""model_key"":""C""}","{""model_key"":""LateFusion(C,M)|PCA_SELECTED""}",5619852965357430067
delta3_late_C_Mk_vs_C,ftv_complete_375,2026,LOCAL0,T0,brier,0.2430950945429407,0.21692402107543252,0.026171073467508188,0.00795075453992809,0.04374454700398276,0.95,375,5,2000,2000,patient_within_outer_fold,percentile,reference - comparison (lower Brier is better),-0.026171073467508188,-0.026171073467508188,"{""model_key"":""C""}","{""model_key"":""LateFusion(C,M)|PCA_SELECTED""}",5619852965357430067
delta3_late_C_Mk_vs_C,ftv_complete_375,2026,LOCAL0,T1,auprc,0.5362125873999827,0.50785405541611,-0.028358531983872726,-0.10023114604948424,0.04090653272139365,0.95,375,5,2000,2000,patient_within_outer_fold,percentile,comparison - reference,-0.028358531983872726,,"{""model_key"":""C""}","{""model_key"":""LateFusion(C,M)|PCA_SELECTED""}",900413143910653171
delta3_late_C_Mk_vs_C,ftv_complete_375,2026,LOCAL0,T1,auroc,0.6966723842195541,0.6560891938250429,-0.04058319039451119,-0.10910055159152068,0.023694367449585214,0.95,375,5,2000,2000,patient_within_outer_fold,percentile,comparison - reference,-0.04058319039451119,,"{""model_key"":""C""}","{""model_key"":""LateFusion(C,M)|PCA_SELECTED""}",900413143910653171
delta3_late_C_Mk_vs_C,ftv_complete_375,2026,LOCAL0,T1,brier,0.2430950945429407,0.2201685234761059,0.022926571066834794,0.009884710873099006,0.03452576697021441,0.95,375,5,2000,2000,patient_within_outer_fold,percentile,reference - comparison (lower Brier is better),-0.022926571066834794,-0.022926571066834794,"{""model_key"":""C""}","{""model_key"":""LateFusion(C,M)|PCA_SELECTED""}",900413143910653171
delta3_late_C_Mk_vs_C,ftv_complete_375,2026,LOCAL0,T2,auprc,0.5362125873999827,0.4656343650113873,-0.0705782223885954,-0.127108379791051,-0.012313264727702467,0.95,375,5,2000,2000,patient_within_outer_fold,percentile,comparison - reference,-0.0705782223885954,,"{""model_key"":""C""}","{""model_key"":""LateFusion(C,M)|PCA_SELECTED""}",2852022065072437163
delta3_late_C_Mk_vs_C,ftv_complete_375,2026,LOCAL0,T2,auroc,0.6966723842195541,0.6203430531732419,-0.07632933104631223,-0.13660299312156002,-0.016275609951984033,0.95,375,5,2000,2000,patient_within_outer_fold,percentile,comparison - reference,-0.07632933104631223,,"{""model_key"":""C""}","{""model_key"":""LateFusion(C,M)|PCA_SELECTED""}",2852022065072437163
delta3_late_C_Mk_vs_C,ftv_complete_375,2026,LOCAL0,T2,brier,0.2430950945429407,0.23036091989658167,0.012734174646359037,0.002886802644909285,0.022510126820896263,0.95,375,5,2000,2000,patient_within_outer_fold,percentile,reference - comparison (lower Brier is better),-0.012734174646359037,-0.012734174646359037,"{""model_key"":""C""}","{""model_key"":""LateFusion(C,M)|PCA_SELECTED""}",2852022065072437163
delta3_late_C_Mk_vs_C,ftv_complete_375,2026,LOCAL0,T3,auprc,0.5362125873999827,0.47922972844958206,-0.05698285895040062,-0.11766605129988686,0.006530625641309617,0.95,375,5,2000,2000,patient_within_outer_fold,percentile,comparison - reference,-0.05698285895040062,,"{""model_key"":""C""}","{""model_key"":""LateFusion(C,M)|PCA_SELECTED""}",4865126083779113744
delta3_late_C_Mk_vs_C,ftv_complete_375,2026,LOCAL0,T3,auroc,0.6966723842195541,0.635917667238422,-0.060754716981132106,-0.11395894729290162,-0.006228586466165566,0.95,375,5,2000,2000,patient_within_outer_fold,percentile,comparison - reference,-0.060754716981132106,,"{""model_key"":""C""}","{""model_key"":""LateFusion(C,M)|PCA_SELECTED""}",4865126083779113744
delta3_late_C_Mk_vs_C,ftv_complete_375,2026,LOCAL0,T3,brier,0.2430950945429407,0.21625474232560513,0.026840352217335578,0.013565362359590919,0.03876392580155337,0.95,375,5,2000,2000,patient_within_outer_fold,percentile,reference - comparison (lower Brier is better),-0.026840352217335578,-0.026840352217335578,"{""model_key"":""C""}","{""model_key"":""LateFusion(C,M)|PCA_SELECTED""}",4865126083779113744
delta3_late_C_Mk_vs_C,ftv_complete_375,2026,LOCAL3,T0,auprc,0.5362125873999827,0.45521040403561325,-0.08100218336436943,-0.1438651449701068,-0.016865543121102344,0.95,375,5,2000,2000,patient_within_outer_fold,percentile,comparison - reference,-0.08100218336436943,,"{""model_key"":""C""}","{""model_key"":""LateFusion(C,M)|PCA_SELECTED""}",816232189352892954
delta3_late_C_Mk_vs_C,ftv_complete_375,2026,LOCAL3,T0,auroc,0.6966723842195541,0.6126586620926243,-0.08401372212692981,-0.14213697941678471,-0.029518466691472206,0.95,375,5,2000,2000,patient_within_outer_fold,percentile,comparison - reference,-0.08401372212692981,,"{""model_key"":""C""}","{""model_key"":""LateFusion(C,M)|PCA_SELECTED""}",816232189352892954
delta3_late_C_Mk_vs_C,ftv_complete_375,2026,LOCAL3,T0,brier,0.2430950945429407,0.21967994700896687,0.023415147533973835,0.009812457475825221,0.036133276592356434,0.95,375,5,2000,2000,patient_within_outer_fold,percentile,reference - comparison (lower Brier is better),-0.023415147533973835,-0.023415147533973835,"{""model_key"":""C""}","{""model_key"":""LateFusion(C,M)|PCA_SELECTED""}",816232189352892954
delta3_late_C_Mk_vs_C,ftv_complete_375,2026,LOCAL3,T1,auprc,0.5362125873999827,0.4995579524244814,-0.036654634975501255,-0.09532991042221824,0.03484058590501528,0.95,375,5,2000,2000,patient_within_outer_fold,percentile,comparison - reference,-0.036654634975501255,,"{""model_key"":""C""}","{""model_key"":""LateFusion(C,M)|PCA_SELECTED""}",1664155955433091968
delta3_late_C_Mk_vs_C,ftv_complete_375,2026,LOCAL3,T1,auroc,0.6966723842195541,0.6711492281303602,-0.025523156089193977,-0.06842328194396134,0.018769257163397255,0.95,375,5,2000,2000,patient_within_outer_fold,percentile,comparison - reference,-0.025523156089193977,,"{""model_key"":""C""}","{""model_key"":""LateFusion(C,M)|PCA_SELECTED""}",1664155955433091968
delta3_late_C_Mk_vs_C,ftv_complete_375,2026,LOCAL3,T1,brier,0.2430950945429407,0.1938874791780789,0.04920761536486182,0.032989538213172596,0.06510887727629469,0.95,375,5,2000,2000,patient_within_outer_fold,percentile,reference - comparison (lower Brier is better),-0.04920761536486182,-0.04920761536486182,"{""model_key"":""C""}","{""model_key"":""LateFusion(C,M)|PCA_SELECTED""}",1664155955433091968
delta3_late_C_Mk_vs_C,ftv_complete_375,2026,LOCAL3,T2,auprc,0.5362125873999827,0.4765955538893776,-0.0596170335106051,-0.11569036942114524,0.008001451755518465,0.95,375,5,2000,2000,patient_within_outer_fold,percentile,comparison - reference,-0.0596170335106051,,"{""model_key"":""C""}","{""model_key"":""LateFusion(C,M)|PCA_SELECTED""}",7779490184413217813
delta3_late_C_Mk_vs_C,ftv_complete_375,2026,LOCAL3,T2,auroc,0.6966723842195541,0.6471698113207547,-0.049502572898799446,-0.12049878503066382,0.0149722039916837,0.95,375,5,2000,2000,patient_within_outer_fold,percentile,comparison - reference,-0.049502572898799446,,"{""model_key"":""C""}","{""model_key"":""LateFusion(C,M)|PCA_SELECTED""}",7779490184413217813
delta3_late_C_Mk_vs_C,ftv_complete_375,2026,LOCAL3,T2,brier,0.2430950945429407,0.23902973182412038,0.004065362718820326,-0.004740856216623463,0.012210290740560332,0.95,375,5,2000,2000,patient_within_outer_fold,percentile,reference - comparison (lower Brier is better),-0.004065362718820326,-0.004065362718820326,"{""model_key"":""C""}","{""model_key"":""LateFusion(C,M)|PCA_SELECTED""}",7779490184413217813
delta3_late_C_Mk_vs_C,ftv_complete_375,2026,LOCAL3,T3,auprc,0.5362125873999827,0.458290955433885,-0.07792163196609769,-0.14283580411527877,-0.00528373987923493,0.95,375,5,2000,2000,patient_within_outer_fold,percentile,comparison - reference,-0.07792163196609769,,"{""model_key"":""C""}","{""model_key"":""LateFusion(C,M)|PCA_SELECTED""}",8819429942311280321
delta3_late_C_Mk_vs_C,ftv_complete_375,2026,LOCAL3,T3,auroc,0.6966723842195541,0.6415094339622642,-0.0551629502572899,-0.12506574811735213,0.015484215076003309,0.95,375,5,2000,2000,patient_within_outer_fold,percentile,comparison - reference,-0.0551629502572899,,"{""model_key"":""C""}","{""model_key"":""LateFusion(C,M)|PCA_SELECTED""}",8819429942311280321
delta3_late_C_Mk_vs_C,ftv_complete_375,2026,LOCAL3,T3,brier,0.2430950945429407,0.21502453168145588,0.02807056286148482,0.01634108962421956,0.039365856294334485,0.95,375,5,2000,2000,patient_within_outer_fold,percentile,reference - comparison (lower Brier is better),-0.02807056286148482,-0.02807056286148482,"{""model_key"":""C""}","{""model_key"":""LateFusion(C,M)|PCA_SELECTED""}",8819429942311280321
delta3_late_C_Mk_vs_C,ftv_complete_375,3026,LOCAL0,T0,auprc,0.5362125873999827,0.5107583463453156,-0.025454241054667093,-0.09125803957082745,0.03851462849209698,0.95,375,5,2000,2000,patient_within_outer_fold,percentile,comparison - reference,-0.025454241054667093,,"{""model_key"":""C""}","{""model_key"":""LateFusion(C,M)|PCA_SELECTED""}",3859968558357546172
delta3_late_C_Mk_vs_C,ftv_complete_375,3026,LOCAL0,T0,auroc,0.6966723842195541,0.6502229845626072,-0.046449399656946944,-0.11314010733688434,0.0163007422191047,0.95,375,5,2000,2000,patient_within_outer_fold,percentile,comparison - reference,-0.046449399656946944,,"{""model_key"":""C""}","{""model_key"":""LateFusion(C,M)|PCA_SELECTED""}",3859968558357546172
delta3_late_C_Mk_vs_C,ftv_complete_375,3026,LOCAL0,T0,brier,0.2430950945429407,0.23035074423135166,0.012744350311589048,0.005900162936176298,0.019402554295155784,0.95,375,5,2000,2000,patient_within_outer_fold,percentile,reference - comparison (lower Brier is better),-0.012744350311589048,-0.012744350311589048,"{""model_key"":""C""}","{""model_key"":""LateFusion(C,M)|PCA_SELECTED""}",3859968558357546172
delta3_late_C_Mk_vs_C,ftv_complete_375,3026,LOCAL0,T1,auprc,0.5362125873999827,0.4929821738117007,-0.043230413588282,-0.10356983934361591,0.017341869257654487,0.95,375,5,2000,2000,patient_within_outer_fold,percentile,comparison - reference,-0.043230413588282,,"{""model_key"":""C""}","{""model_key"":""LateFusion(C,M)|PCA_SELECTED""}",7577918025447356667
delta3_late_C_Mk_vs_C,ftv_complete_375,3026,LOCAL0,T1,auroc,0.6966723842195541,0.6689536878216124,-0.027718696397941778,-0.07012950801819721,0.014031921097770222,0.95,375,5,2000,2000,patient_within_outer_fold,percentile,comparison - reference,-0.027718696397941778,,"{""model_key"":""C""}","{""model_key"":""LateFusion(C,M)|PCA_SELECTED""}",7577918025447356667
delta3_late_C_Mk_vs_C,ftv_complete_375,3026,LOCAL0,T1,brier,0.2430950945429407,0.19437009972938077,0.048724994813559935,0.030860688936794885,0.06683210886488845,0.95,375,5,2000,2000,patient_within_outer_fold,percentile,reference - comparison (lower Brier is better),-0.048724994813559935,-0.048724994813559935,"{""model_key"":""C""}","{""model_key"":""LateFusion(C,M)|PCA_SELECTED""}",7577918025447356667
delta3_late_C_Mk_vs_C,ftv_complete_375,3026,LOCAL0,T2,auprc,0.5362125873999827,0.4787201115328205,-0.05749247586716216,-0.10982354930104876,-0.000629279978042931,0.95,375,5,2000,2000,patient_within_outer_fold,percentile,comparison - reference,-0.05749247586716216,,"{""model_key"":""C""}","{""model_key"":""LateFusion(C,M)|PCA_SELECTED""}",8593368864118176959
delta3_late_C_Mk_vs_C,ftv_complete_375,3026,LOCAL0,T2,auroc,0.6966723842195541,0.6380789022298456,-0.058593481989708485,-0.11140206190679569,-0.0045594626578929235,0.95,375,5,2000,2000,patient_within_outer_fold,percentile,comparison - reference,-0.058593481989708485,,"{""model_key"":""C""}","{""model_key"":""LateFusion(C,M)|PCA_SELECTED""}",8593368864118176959
delta3_late_C_Mk_vs_C,ftv_complete_375,3026,LOCAL0,T2,brier,0.2430950945429407,0.21265756635277996,0.03043752819016074,0.016587521776792118,0.04437807860299435,0.95,375,5,2000,2000,patient_within_outer_fold,percentile,reference - comparison (lower Brier is better),-0.03043752819016074,-0.03043752819016074,"{""model_key"":""C""}","{""model_key"":""LateFusion(C,M)|PCA_SELECTED""}",8593368864118176959
delta3_late_C_Mk_vs_C,ftv_complete_375,3026,LOCAL0,T3,auprc,0.5362125873999827,0.4643455193355843,-0.07186706806439835,-0.1323531909621796,-0.004293171675684447,0.95,375,5,2000,2000,patient_within_outer_fold,percentile,comparison - reference,-0.07186706806439835,,"{""model_key"":""C""}","{""model_key"":""LateFusion(C,M)|PCA_SELECTED""}",8020920339845462747
delta3_late_C_Mk_vs_C,ftv_complete_375,3026,LOCAL0,T3,auroc,0.6966723842195541,0.6439451114922814,-0.052727272727272734,-0.10865407559316734,1.1894305372499623e-05,0.95,375,5,2000,2000,patient_within_outer_fold,percentile,comparison - reference,-0.052727272727272734,,"{""model_key"":""C""}","{""model_key"":""LateFusion(C,M)|PCA_SELECTED""}",8020920339845462747
delta3_late_C_Mk_vs_C,ftv_complete_375,3026,LOCAL0,T3,brier,0.2430950945429407,0.22401257397464416,0.01908252056829654,0.013340459050185029,0.024953657174576645,0.95,375,5,2000,2000,patient_within_outer_fold,percentile,reference - comparison (lower Brier is better),-0.01908252056829654,-0.01908252056829654,"{""model_key"":""C""}","{""model_key"":""LateFusion(C,M)|PCA_SELECTED""}",8020920339845462747
delta3_late_C_Mk_vs_C,ftv_complete_375,3026,LOCAL3,T0,auprc,0.5362125873999827,0.45906534796051823,-0.07714723943946444,-0.14537139672586996,0.0026635367628805957,0.95,375,5,2000,2000,patient_within_outer_fold,percentile,comparison - reference,-0.07714723943946444,,"{""model_key"":""C""}","{""model_key"":""LateFusion(C,M)|PCA_SELECTED""}",3284263159726902153
delta3_late_C_Mk_vs_C,ftv_complete_375,3026,LOCAL3,T0,auroc,0.6966723842195541,0.6266209262435678,-0.07005145797598633,-0.1459005696933549,0.0039449996827210605,0.95,375,5,2000,2000,patient_within_outer_fold,percentile,comparison - reference,-0.07005145797598633,,"{""model_key"":""C""}","{""model_key"":""LateFusion(C,M)|PCA_SELECTED""}",3284263159726902153
delta3_late_C_Mk_vs_C,ftv_complete_375,3026,LOCAL3,T0,brier,0.2430950945429407,0.21598521684126126,0.02710987770167944,0.013389955889630703,0.04043532466919194,0.95,375,5,2000,2000,patient_within_outer_fold,percentile,reference - comparison (lower Brier is better),-0.02710987770167944,-0.02710987770167944,"{""model_key"":""C""}","{""model_key"":""LateFusion(C,M)|PCA_SELECTED""}",3284263159726902153
delta3_late_C_Mk_vs_C,ftv_complete_375,3026,LOCAL3,T1,auprc,0.5362125873999827,0.48929112879424613,-0.046921458605736543,-0.11071033553880834,0.024861433475223956,0.95,375,5,2000,2000,patient_within_outer_fold,percentile,comparison - reference,-0.046921458605736543,,"{""model_key"":""C""}","{""model_key"":""LateFusion(C,M)|PCA_SELECTED""}",872681623361608195
delta3_late_C_Mk_vs_C,ftv_complete_375,3026,LOCAL3,T1,auroc,0.6966723842195541,0.6457289879931389,-0.050943396226415194,-0.11749925728865745,0.01756679062570635,0.95,375,5,2000,2000,patient_within_outer_fold,percentile,comparison - reference,-0.050943396226415194,,"{""model_key"":""C""}","{""model_key"":""LateFusion(C,M)|PCA_SELECTED""}",872681623361608195
delta3_late_C_Mk_vs_C,ftv_complete_375,3026,LOCAL3,T1,brier,0.2430950945429407,0.21948856400496206,0.02360653053797865,0.009510857594679475,0.03678584159477974,0.95,375,5,2000,2000,patient_within_outer_fold,percentile,reference - comparison (lower Brier is better),-0.02360653053797865,-0.02360653053797865,"{""model_key"":""C""}","{""model_key"":""LateFusion(C,M)|PCA_SELECTED""}",872681623361608195
delta3_late_C_Mk_vs_C,ftv_complete_375,3026,LOCAL3,T2,auprc,0.5362125873999827,0.44906030556794563,-0.08715228183203705,-0.14565661281566128,-0.012454932480204217,0.95,375,5,2000,2000,patient_within_outer_fold,percentile,comparison - reference,-0.08715228183203705,,"{""model_key"":""C""}","{""model_key"":""LateFusion(C,M)|PCA_SELECTED""}",416316384303209029
delta3_late_C_Mk_vs_C,ftv_complete_375,3026,LOCAL3,T2,auroc,0.6966723842195541,0.627958833619211,-0.06871355060034312,-0.1438464779485077,0.0075074344728034495,0.95,375,5,2000,2000,patient_within_outer_fold,percentile,comparison - reference,-0.06871355060034312,,"{""model_key"":""C""}","{""model_key"":""LateFusion(C,M)|PCA_SELECTED""}",416316384303209029
delta3_late_C_Mk_vs_C,ftv_complete_375,3026,LOCAL3,T2,brier,0.2430950945429407,0.23266044447047302,0.010434650072467688,0.004649604352402219,0.0165756111786073,0.95,375,5,2000,2000,patient_within_outer_fold,percentile,reference - comparison (lower Brier is better),-0.010434650072467688,-0.010434650072467688,"{""model_key"":""C""}","{""model_key"":""LateFusion(C,M)|PCA_SELECTED""}",416316384303209029
delta3_late_C_Mk_vs_C,ftv_complete_375,3026,LOCAL3,T3,auprc,0.5362125873999827,0.5119917922757458,-0.024220795124236916,-0.08691079479171088,0.043185143008644476,0.95,375,5,2000,2000,patient_within_outer_fold,percentile,comparison - reference,-0.024220795124236916,,"{""model_key"":""C""}","{""model_key"":""LateFusion(C,M)|PCA_SELECTED""}",6268964758726742543
delta3_late_C_Mk_vs_C,ftv_complete_375,3026,LOCAL3,T3,auroc,0.6966723842195541,0.6702572898799314,-0.026415094339622747,-0.08677808717044609,0.03545655127699309,0.95,375,5,2000,2000,patient_within_outer_fold,percentile,comparison - reference,-0.026415094339622747,,"{""model_key"":""C""}","{""model_key"":""LateFusion(C,M)|PCA_SELECTED""}",6268964758726742543
delta3_late_C_Mk_vs_C,ftv_complete_375,3026,LOCAL3,T3,brier,0.2430950945429407,0.2278380587693258,0.015257035773614896,0.011127512928518867,0.01881645945160617,0.95,375,5,2000,2000,patient_within_outer_fold,percentile,reference - comparison (lower Brier is better),-0.015257035773614896,-0.015257035773614896,"{""model_key"":""C""}","{""model_key"":""LateFusion(C,M)|PCA_SELECTED""}",6268964758726742543
delta3_late_C_Mk_vs_C,full_808,2026,LOCAL0,T0,auprc,0.5424197284072237,0.5208397083086831,-0.021580020098540653,-0.05459772191719307,0.010102204928252029,0.95,808,5,2000,2000,patient_within_outer_fold,percentile,comparison - reference,-0.021580020098540653,,"{""model_key"":""C""}","{""model_key"":""LateFusion(C,M)|PCA_SELECTED""}",8744595573768080133
delta3_late_C_Mk_vs_C,full_808,2026,LOCAL0,T0,auroc,0.6796145318096538,0.6536176019102848,-0.02599692989936897,-0.04622377313110508,-0.006416617121551295,0.95,808,5,2000,2000,patient_within_outer_fold,percentile,comparison - reference,-0.02599692989936897,,"{""model_key"":""C""}","{""model_key"":""LateFusion(C,M)|PCA_SELECTED""}",8744595573768080133
delta3_late_C_Mk_vs_C,full_808,2026,LOCAL0,T0,brier,0.22583847913185245,0.2211198768966269,0.00471860223522555,0.0001821707020255265,0.009653919881319412,0.95,808,5,2000,2000,patient_within_outer_fold,percentile,reference - comparison (lower Brier is better),-0.00471860223522555,-0.00471860223522555,"{""model_key"":""C""}","{""model_key"":""LateFusion(C,M)|PCA_SELECTED""}",8744595573768080133
delta3_late_C_Mk_vs_C,full_808,2026,LOCAL0,T1,auprc,0.5424197284072237,0.5084662720749965,-0.03395345633222724,-0.07355237567481109,0.010942555201623344,0.95,808,5,2000,2000,patient_within_outer_fold,percentile,comparison - reference,-0.03395345633222724,,"{""model_key"":""C""}","{""model_key"":""LateFusion(C,M)|PCA_SELECTED""}",9112663318711618884
delta3_late_C_Mk_vs_C,full_808,2026,LOCAL0,T1,auroc,0.6796145318096538,0.6627528568991985,-0.016861674910455315,-0.048064361177698744,0.015963054089540088,0.95,808,5,2000,2000,patient_within_outer_fold,percentile,comparison - reference,-0.016861674910455315,,"{""model_key"":""C""}","{""model_key"":""LateFusion(C,M)|PCA_SELECTED""}",9112663318711618884
delta3_late_C_Mk_vs_C,full_808,2026,LOCAL0,T1,brier,0.22583847913185245,0.21701387222664828,0.008824606905204174,0.001771101211173014,0.0153987465648979,0.95,808,5,2000,2000,patient_within_outer_fold,percentile,reference - comparison (lower Brier is better),-0.008824606905204174,-0.008824606905204174,"{""model_key"":""C""}","{""model_key"":""LateFusion(C,M)|PCA_SELECTED""}",9112663318711618884
delta3_late_C_Mk_vs_C,full_808,2026,LOCAL0,T2,auprc,0.5424197284072237,0.5293642355711016,-0.013055492836122173,-0.05190422170297019,0.027429032178989565,0.95,808,5,2000,2000,patient_within_outer_fold,percentile,comparison - reference,-0.013055492836122173,,"{""model_key"":""C""}","{""model_key"":""LateFusion(C,M)|PCA_SELECTED""}",1693129781181250512
delta3_late_C_Mk_vs_C,full_808,2026,LOCAL0,T2,auroc,0.6796145318096538,0.6592665870714651,-0.020347944738188684,-0.056565077817789466,0.018337921123046365,0.95,808,5,2000,2000,patient_within_outer_fold,percentile,comparison - reference,-0.020347944738188684,,"{""model_key"":""C""}","{""model_key"":""LateFusion(C,M)|PCA_SELECTED""}",1693129781181250512
delta3_late_C_Mk_vs_C,full_808,2026,LOCAL0,T2,brier,0.22583847913185245,0.2353834112268912,-0.009544932095038733,-0.014335062195712282,-0.0038881502070972377,0.95,808,5,2000,2000,patient_within_outer_fold,percentile,reference - comparison (lower Brier is better),0.009544932095038733,0.009544932095038733,"{""model_key"":""C""}","{""model_key"":""LateFusion(C,M)|PCA_SELECTED""}",1693129781181250512
delta3_late_C_Mk_vs_C,full_808,2026,LOCAL0,T3,auprc,0.5424197284072237,0.5233729569406245,-0.019046771466599277,-0.06571425505420883,0.03140358751886687,0.95,808,5,2000,2000,patient_within_outer_fold,percentile,comparison - reference,-0.019046771466599277,,"{""model_key"":""C""}","{""model_key"":""LateFusion(C,M)|PCA_SELECTED""}",5357555096192064746
delta3_late_C_Mk_vs_C,full_808,2026,LOCAL0,T3,auroc,0.6796145318096538,0.6672556711581101,-0.01235886065154368,-0.05306305843689017,0.03133853965238347,0.95,808,5,2000,2000,patient_within_outer_fold,percentile,comparison - reference,-0.01235886065154368,,"{""model_key"":""C""}","{""model_key"":""LateFusion(C,M)|PCA_SELECTED""}",5357555096192064746
delta3_late_C_Mk_vs_C,full_808,2026,LOCAL0,T3,brier,0.22583847913185245,0.21658705192226102,0.009251427209591434,-0.0010525755713792341,0.020437048758018092,0.95,808,5,2000,2000,patient_within_outer_fold,percentile,reference - comparison (lower Brier is better),-0.009251427209591434,-0.009251427209591434,"{""model_key"":""C""}","{""model_key"":""LateFusion(C,M)|PCA_SELECTED""}",5357555096192064746
delta3_late_C_Mk_vs_C,full_808,2026,LOCAL3,T0,auprc,0.5424197284072237,0.5245716676507379,-0.017848060756485817,-0.05381662042049527,0.016182986303034903,0.95,808,5,2000,2000,patient_within_outer_fold,percentile,comparison - reference,-0.017848060756485817,,"{""model_key"":""C""}","{""model_key"":""LateFusion(C,M)|PCA_SELECTED""}",9100633790673885742
delta3_late_C_Mk_vs_C,full_808,2026,LOCAL3,T0,auroc,0.6796145318096538,0.6702370799931776,-0.009377451816476201,-0.030432281453744037,0.01001420604544307,0.95,808,5,2000,2000,patient_within_outer_fold,percentile,comparison - reference,-0.009377451816476201,,"{""model_key"":""C""}","{""model_key"":""LateFusion(C,M)|PCA_SELECTED""}",9100633790673885742
delta3_late_C_Mk_vs_C,full_808,2026,LOCAL3,T0,brier,0.22583847913185245,0.21147107983131166,0.01436739930054079,0.00851980275775313,0.02009461456190999,0.95,808,5,2000,2000,patient_within_outer_fold,percentile,reference - comparison (lower Brier is better),-0.01436739930054079,-0.01436739930054079,"{""model_key"":""C""}","{""model_key"":""LateFusion(C,M)|PCA_SELECTED""}",9100633790673885742
delta3_late_C_Mk_vs_C,full_808,2026,LOCAL3,T1,auprc,0.5424197284072237,0.5128638048728347,-0.029555923534389072,-0.07541895971187058,0.016322396209558117,0.95,808,5,2000,2000,patient_within_outer_fold,percentile,comparison - reference,-0.029555923534389072,,"{""model_key"":""C""}","{""model_key"":""LateFusion(C,M)|PCA_SELECTED""}",7496892208451420392
delta3_late_C_Mk_vs_C,full_808,2026,LOCAL3,T1,auroc,0.6796145318096538,0.6642537949855022,-0.015360736824151622,-0.05355206848251107,0.02120742236300582,0.95,808,5,2000,2000,patient_within_outer_fold,percentile,comparison - reference,-0.015360736824151622,,"{""model_key"":""C""}","{""model_key"":""LateFusion(C,M)|PCA_SELECTED""}",7496892208451420392
delta3_late_C_Mk_vs_C,full_808,2026,LOCAL3,T1,brier,0.22583847913185245,0.22776047301216656,-0.0019219938803141101,-0.009817393592664567,0.005710271810966286,0.95,808,5,2000,2000,patient_within_outer_fold,percentile,reference - comparison (lower Brier is better),0.0019219938803141101,0.0019219938803141101,"{""model_key"":""C""}","{""model_key"":""LateFusion(C,M)|PCA_SELECTED""}",7496892208451420392
delta3_late_C_Mk_vs_C,full_808,2026,LOCAL3,T2,auprc,0.5424197284072237,0.49472752200387926,-0.047692206403344484,-0.08980232561986587,-0.002099137782306299,0.95,808,5,2000,2000,patient_within_outer_fold,percentile,comparison - reference,-0.047692206403344484,,"{""model_key"":""C""}","{""model_key"":""LateFusion(C,M)|PCA_SELECTED""}",1257937546696665861
delta3_late_C_Mk_vs_C,full_808,2026,LOCAL3,T2,auroc,0.6796145318096538,0.6526692819375746,-0.026945249872079247,-0.06475446305381237,0.011093651850328984,0.95,808,5,2000,2000,patient_within_outer_fold,percentile,comparison - reference,-0.026945249872079247,,"{""model_key"":""C""}","{""model_key"":""LateFusion(C,M)|PCA_SELECTED""}",1257937546696665861
delta3_late_C_Mk_vs_C,full_808,2026,LOCAL3,T2,brier,0.22583847913185245,0.2199354125740579,0.005903066557794545,-0.004107355462956964,0.016297105775408542,0.95,808,5,2000,2000,patient_within_outer_fold,percentile,reference - comparison (lower Brier is better),-0.005903066557794545,-0.005903066557794545,"{""model_key"":""C""}","{""model_key"":""LateFusion(C,M)|PCA_SELECTED""}",1257937546696665861
delta3_late_C_Mk_vs_C,full_808,2026,LOCAL3,T3,auprc,0.5424197284072237,0.4991972105204907,-0.043222517886733036,-0.0841145177939421,-0.0012588867538287356,0.95,808,5,2000,2000,patient_within_outer_fold,percentile,comparison - reference,-0.043222517886733036,,"{""model_key"":""C""}","{""model_key"":""LateFusion(C,M)|PCA_SELECTED""}",7061834724017816010
delta3_late_C_Mk_vs_C,full_808,2026,LOCAL3,T3,auroc,0.6796145318096538,0.6395087838990279,-0.04010574791062593,-0.07507860171230861,-0.006693614638499962,0.95,808,5,2000,2000,patient_within_outer_fold,percentile,comparison - reference,-0.04010574791062593,,"{""model_key"":""C""}","{""model_key"":""LateFusion(C,M)|PCA_SELECTED""}",7061834724017816010
delta3_late_C_Mk_vs_C,full_808,2026,LOCAL3,T3,brier,0.22583847913185245,0.22933761933924574,-0.003499140207393281,-0.011100216069097084,0.004926055358627343,0.95,808,5,2000,2000,patient_within_outer_fold,percentile,reference - comparison (lower Brier is better),0.003499140207393281,0.003499140207393281,"{""model_key"":""C""}","{""model_key"":""LateFusion(C,M)|PCA_SELECTED""}",7061834724017816010
delta3_late_C_Mk_vs_C,full_808,3026,LOCAL0,T0,auprc,0.5424197284072237,0.5386504849145398,-0.003769243492683927,-0.040188675222389295,0.031545057174700006,0.95,808,5,2000,2000,patient_within_outer_fold,percentile,comparison - reference,-0.003769243492683927,,"{""model_key"":""C""}","{""model_key"":""LateFusion(C,M)|PCA_SELECTED""}",3713429434143594749
delta3_late_C_Mk_vs_C,full_808,3026,LOCAL0,T0,auroc,0.6796145318096538,0.6818761726078799,0.0022616407982261055,-0.0226041623671365,0.027091793789412785,0.95,808,5,2000,2000,patient_within_outer_fold,percentile,comparison - reference,0.0022616407982261055,,"{""model_key"":""C""}","{""model_key"":""LateFusion(C,M)|PCA_SELECTED""}",3713429434143594749
delta3_late_C_Mk_vs_C,full_808,3026,LOCAL0,T0,brier,0.22583847913185245,0.2057725969559209,0.020065882175931554,0.011729843444748173,0.028768155168307805,0.95,808,5,2000,2000,patient_within_outer_fold,percentile,reference - comparison (lower Brier is better),-0.020065882175931554,-0.020065882175931554,"{""model_key"":""C""}","{""model_key"":""LateFusion(C,M)|PCA_SELECTED""}",3713429434143594749
delta3_late_C_Mk_vs_C,full_808,3026,LOCAL0,T1,auprc,0.5424197284072237,0.49137138799234614,-0.0510483404148776,-0.08844206962296673,-0.012747814362447082,0.95,808,5,2000,2000,patient_within_outer_fold,percentile,comparison - reference,-0.0510483404148776,,"{""model_key"":""C""}","{""model_key"":""LateFusion(C,M)|PCA_SELECTED""}",6832597907431894025
delta3_late_C_Mk_vs_C,full_808,3026,LOCAL0,T1,auroc,0.6796145318096538,0.6428313150264369,-0.03678321678321694,-0.07167566569418596,-0.0036487493856974798,0.95,808,5,2000,2000,patient_within_outer_fold,percentile,comparison - reference,-0.03678321678321694,,"{""model_key"":""C""}","{""model_key"":""LateFusion(C,M)|PCA_SELECTED""}",6832597907431894025
delta3_late_C_Mk_vs_C,full_808,3026,LOCAL0,T1,brier,0.22583847913185245,0.22489459112321386,0.0009438880086385937,-0.007841939602623511,0.009805323912621856,0.95,808,5,2000,2000,patient_within_outer_fold,percentile,reference - comparison (lower Brier is better),-0.0009438880086385937,-0.0009438880086385937,"{""model_key"":""C""}","{""model_key"":""LateFusion(C,M)|PCA_SELECTED""}",6832597907431894025
delta3_late_C_Mk_vs_C,full_808,3026,LOCAL0,T2,auprc,0.5424197284072237,0.53712866455278,-0.005291063854443778,-0.0468764986919268,0.03446510015345965,0.95,808,5,2000,2000,patient_within_outer_fold,percentile,comparison - reference,-0.005291063854443778,,"{""model_key"":""C""}","{""model_key"":""LateFusion(C,M)|PCA_SELECTED""}",7120542897970748280
delta3_late_C_Mk_vs_C,full_808,3026,LOCAL0,T2,auroc,0.6796145318096538,0.6673989425208937,-0.012215589288760098,-0.043032194127264486,0.018624150520446723,0.95,808,5,2000,2000,patient_within_outer_fold,percentile,comparison - reference,-0.012215589288760098,,"{""model_key"":""C""}","{""model_key"":""LateFusion(C,M)|PCA_SELECTED""}",7120542897970748280
delta3_late_C_Mk_vs_C,full_808,3026,LOCAL0,T2,brier,0.22583847913185245,0.2208623768527602,0.004976102279092259,-0.001359527056192888,0.011417278957029209,0.95,808,5,2000,2000,patient_within_outer_fold,percentile,reference - comparison (lower Brier is better),-0.004976102279092259,-0.004976102279092259,"{""model_key"":""C""}","{""model_key"":""LateFusion(C,M)|PCA_SELECTED""}",7120542897970748280
delta3_late_C_Mk_vs_C,full_808,3026,LOCAL0,T3,auprc,0.5424197284072237,0.5363882800788389,-0.00603144832838487,-0.044160952212579235,0.033884386198819,0.95,808,5,2000,2000,patient_within_outer_fold,percentile,comparison - reference,-0.00603144832838487,,"{""model_key"":""C""}","{""model_key"":""LateFusion(C,M)|PCA_SELECTED""}",4026509704644905336
delta3_late_C_Mk_vs_C,full_808,3026,LOCAL0,T3,auroc,0.6796145318096538,0.6731229745863891,-0.006491557223264666,-0.03738588466034233,0.0246826236628528,0.95,808,5,2000,2000,patient_within_outer_fold,percentile,comparison - reference,-0.006491557223264666,,"{""model_key"":""C""}","{""model_key"":""LateFusion(C,M)|PCA_SELECTED""}",4026509704644905336
delta3_late_C_Mk_vs_C,full_808,3026,LOCAL0,T3,brier,0.22583847913185245,0.21220504570260873,0.013633433429243724,0.003957115686985279,0.023068884873048444,0.95,808,5,2000,2000,patient_within_outer_fold,percentile,reference - comparison (lower Brier is better),-0.013633433429243724,-0.013633433429243724,"{""model_key"":""C""}","{""model_key"":""LateFusion(C,M)|PCA_SELECTED""}",4026509704644905336
delta3_late_C_Mk_vs_C,full_808,3026,LOCAL3,T0,auprc,0.5424197284072237,0.5036252355771872,-0.03879449283003655,-0.08106957275974869,0.006774494849291088,0.95,808,5,2000,2000,patient_within_outer_fold,percentile,comparison - reference,-0.03879449283003655,,"{""model_key"":""C""}","{""model_key"":""LateFusion(C,M)|PCA_SELECTED""}",5488578867084198149
delta3_late_C_Mk_vs_C,full_808,3026,LOCAL3,T0,auroc,0.6796145318096538,0.6503496503496504,-0.02926488146000339,-0.06560511128122822,0.005554824886603272,0.95,808,5,2000,2000,patient_within_outer_fold,percentile,comparison - reference,-0.02926488146000339,,"{""model_key"":""C""}","{""model_key"":""LateFusion(C,M)|PCA_SELECTED""}",5488578867084198149
delta3_late_C_Mk_vs_C,full_808,3026,LOCAL3,T0,brier,0.22583847913185245,0.22641497567893498,-0.0005764965470825278,-0.009013608398093736,0.0071849390476603926,0.95,808,5,2000,2000,patient_within_outer_fold,percentile,reference - comparison (lower Brier is better),0.0005764965470825278,0.0005764965470825278,"{""model_key"":""C""}","{""model_key"":""LateFusion(C,M)|PCA_SELECTED""}",5488578867084198149
delta3_late_C_Mk_vs_C,full_808,3026,LOCAL3,T1,auprc,0.5424197284072237,0.5558102782520049,0.013390549844781163,-0.022440076825929658,0.05277964964783529,0.95,808,5,2000,2000,patient_within_outer_fold,percentile,comparison - reference,0.013390549844781163,,"{""model_key"":""C""}","{""model_key"":""LateFusion(C,M)|PCA_SELECTED""}",6896304562171646940
delta3_late_C_Mk_vs_C,full_808,3026,LOCAL3,T1,auroc,0.6796145318096538,0.7141940985843425,0.03457956677468865,0.007661792329016193,0.06296250524347935,0.95,808,5,2000,2000,patient_within_outer_fold,percentile,comparison - reference,0.03457956677468865,,"{""model_key"":""C""}","{""model_key"":""LateFusion(C,M)|PCA_SELECTED""}",6896304562171646940
delta3_late_C_Mk_vs_C,full_808,3026,LOCAL3,T1,brier,0.22583847913185245,0.1966297924320012,0.029208686699851244,0.01890711857608025,0.039881395426632694,0.95,808,5,2000,2000,patient_within_outer_fold,percentile,reference - comparison (lower Brier is better),-0.029208686699851244,-0.029208686699851244,"{""model_key"":""C""}","{""model_key"":""LateFusion(C,M)|PCA_SELECTED""}",6896304562171646940
delta3_late_C_Mk_vs_C,full_808,3026,LOCAL3,T2,auprc,0.5424197284072237,0.5250232388777626,-0.017396489529461157,-0.06198935466852292,0.03206447427653913,0.95,808,5,2000,2000,patient_within_outer_fold,percentile,comparison - reference,-0.017396489529461157,,"{""model_key"":""C""}","{""model_key"":""LateFusion(C,M)|PCA_SELECTED""}",88983271665420194
delta3_late_C_Mk_vs_C,full_808,3026,LOCAL3,T2,auroc,0.6796145318096538,0.670093808630394,-0.009520723179259782,-0.04912120630152729,0.03024174588646656,0.95,808,5,2000,2000,patient_within_outer_fold,percentile,comparison - reference,-0.009520723179259782,,"{""model_key"":""C""}","{""model_key"":""LateFusion(C,M)|PCA_SELECTED""}",88983271665420194
delta3_late_C_Mk_vs_C,full_808,3026,LOCAL3,T2,brier,0.22583847913185245,0.22728558917722227,-0.0014471100453698205,-0.009776439246470097,0.0066946048486178555,0.95,808,5,2000,2000,patient_within_outer_fold,percentile,reference - comparison (lower Brier is better),0.0014471100453698205,0.0014471100453698205,"{""model_key"":""C""}","{""model_key"":""LateFusion(C,M)|PCA_SELECTED""}",88983271665420194
delta3_late_C_Mk_vs_C,full_808,3026,LOCAL3,T3,auprc,0.5424197284072237,0.5342596578515054,-0.008160070555718324,-0.04628931630001387,0.03254931548428288,0.95,808,5,2000,2000,patient_within_outer_fold,percentile,comparison - reference,-0.008160070555718324,,"{""model_key"":""C""}","{""model_key"":""LateFusion(C,M)|PCA_SELECTED""}",1761146863647827103
delta3_late_C_Mk_vs_C,full_808,3026,LOCAL3,T3,auroc,0.6796145318096538,0.6699846494968447,-0.009629882312809146,-0.03383650234964663,0.01390238991235667,0.95,808,5,2000,2000,patient_within_outer_fold,percentile,comparison - reference,-0.009629882312809146,,"{""model_key"":""C""}","{""model_key"":""LateFusion(C,M)|PCA_SELECTED""}",1761146863647827103
delta3_late_C_Mk_vs_C,full_808,3026,LOCAL3,T3,brier,0.22583847913185245,0.21809676209299345,0.007741717038859008,0.0017769296367427779,0.013861434583205167,0.95,808,5,2000,2000,patient_within_outer_fold,percentile,reference - comparison (lower Brier is better),-0.007741717038859008,-0.007741717038859008,"{""model_key"":""C""}","{""model_key"":""LateFusion(C,M)|PCA_SELECTED""}",1761146863647827103
delta4_late_CF_Mk_vs_CF,ftv_complete_375,2026,LOCAL0,T0,auprc,0.538897485664505,0.4350651165736922,-0.10383236909081284,-0.170462946968747,-0.034700470016282806,0.95,375,5,2000,2000,patient_within_outer_fold,percentile,comparison - reference,-0.10383236909081284,,"{""model_key"":""C+F""}","{""model_key"":""LateFusion(C+F,M)|PCA_SELECTED""}",8160812294259374289
delta4_late_CF_Mk_vs_CF,ftv_complete_375,2026,LOCAL0,T0,auroc,0.6880274442538593,0.6075128644939967,-0.08051457975986265,-0.14319640158709007,-0.01758136709298303,0.95,375,5,2000,2000,patient_within_outer_fold,percentile,comparison - reference,-0.08051457975986265,,"{""model_key"":""C+F""}","{""model_key"":""LateFusion(C+F,M)|PCA_SELECTED""}",8160812294259374289
delta4_late_CF_Mk_vs_CF,ftv_complete_375,2026,LOCAL0,T0,brier,0.2356217123236572,0.2162380931723414,0.019383619151315784,0.008186578087320763,0.029851189296802326,0.95,375,5,2000,2000,patient_within_outer_fold,percentile,reference - comparison (lower Brier is better),-0.019383619151315784,-0.019383619151315784,"{""model_key"":""C+F""}","{""model_key"":""LateFusion(C+F,M)|PCA_SELECTED""}",8160812294259374289
delta4_late_CF_Mk_vs_CF,ftv_complete_375,2026,LOCAL0,T1,auprc,0.5259975356624463,0.4657523345363164,-0.06024520112612991,-0.11540620276213309,0.002866308833651278,0.95,375,5,2000,2000,patient_within_outer_fold,percentile,comparison - reference,-0.06024520112612991,,"{""model_key"":""C+F""}","{""model_key"":""LateFusion(C+F,M)|PCA_SELECTED""}",7266937034498997348
delta4_late_CF_Mk_vs_CF,ftv_complete_375,2026,LOCAL0,T1,auroc,0.6971526586620925,0.6473413379073757,-0.04981132075471684,-0.11489093077084944,0.012553412408063569,0.95,375,5,2000,2000,patient_within_outer_fold,percentile,comparison - reference,-0.04981132075471684,,"{""model_key"":""C+F""}","{""model_key"":""LateFusion(C+F,M)|PCA_SELECTED""}",7266937034498997348
delta4_late_CF_Mk_vs_CF,ftv_complete_375,2026,LOCAL0,T1,brier,0.19795462758831528,0.21164337727166574,-0.01368874968335046,-0.03261917090850547,0.005978609259570463,0.95,375,5,2000,2000,patient_within_outer_fold,percentile,reference - comparison (lower Brier is better),0.01368874968335046,0.01368874968335046,"{""model_key"":""C+F""}","{""model_key"":""LateFusion(C+F,M)|PCA_SELECTED""}",7266937034498997348
delta4_late_CF_Mk_vs_CF,ftv_complete_375,2026,LOCAL0,T2,auprc,0.5400010651611841,0.5175680733859583,-0.02243299177522573,-0.09250747053800179,0.042412905802328114,0.95,375,5,2000,2000,patient_within_outer_fold,percentile,comparison - reference,-0.02243299177522573,,"{""model_key"":""C+F""}","{""model_key"":""LateFusion(C+F,M)|PCA_SELECTED""}",7846025065098076122
delta4_late_CF_Mk_vs_CF,ftv_complete_375,2026,LOCAL0,T2,auroc,0.726106346483705,0.6613379073756432,-0.06476843910806174,-0.12096431966322654,-0.009519794908051004,0.95,375,5,2000,2000,patient_within_outer_fold,percentile,comparison - reference,-0.06476843910806174,,"{""model_key"":""C+F""}","{""model_key"":""LateFusion(C+F,M)|PCA_SELECTED""}",7846025065098076122
delta4_late_CF_Mk_vs_CF,ftv_complete_375,2026,LOCAL0,T2,brier,0.1887354938947084,0.21847768629964212,-0.029742192404933726,-0.047311471376500325,-0.010965155138173267,0.95,375,5,2000,2000,patient_within_outer_fold,percentile,reference - comparison (lower Brier is better),0.029742192404933726,0.029742192404933726,"{""model_key"":""C+F""}","{""model_key"":""LateFusion(C+F,M)|PCA_SELECTED""}",7846025065098076122
delta4_late_CF_Mk_vs_CF,ftv_complete_375,2026,LOCAL0,T3,auprc,0.5393749537451002,0.5076053897496418,-0.031769563995458494,-0.0964469723236252,0.030942658889135517,0.95,375,5,2000,2000,patient_within_outer_fold,percentile,comparison - reference,-0.031769563995458494,,"{""model_key"":""C+F""}","{""model_key"":""LateFusion(C+F,M)|PCA_SELECTED""}",1543381856101569744
delta4_late_CF_Mk_vs_CF,ftv_complete_375,2026,LOCAL0,T3,auroc,0.7154030874785592,0.6884734133790738,-0.026929674099485434,-0.0819102901514709,0.028149782513950363,0.95,375,5,2000,2000,patient_within_outer_fold,percentile,comparison - reference,-0.026929674099485434,,"{""model_key"":""C+F""}","{""model_key"":""LateFusion(C+F,M)|PCA_SELECTED""}",1543381856101569744
delta4_late_CF_Mk_vs_CF,ftv_complete_375,2026,LOCAL0,T3,brier,0.19299362818294807,0.1980132486062051,-0.005019620423257015,-0.019061488203972177,0.009524210293344007,0.95,375,5,2000,2000,patient_within_outer_fold,percentile,reference - comparison (lower Brier is better),0.005019620423257015,0.005019620423257015,"{""model_key"":""C+F""}","{""model_key"":""LateFusion(C+F,M)|PCA_SELECTED""}",1543381856101569744
delta4_late_CF_Mk_vs_CF,ftv_complete_375,2026,LOCAL3,T0,auprc,0.538897485664505,0.4975471401700249,-0.041350345494480134,-0.0984119684254564,0.016262322184693156,0.95,375,5,2000,2000,patient_within_outer_fold,percentile,comparison - reference,-0.041350345494480134,,"{""model_key"":""C+F""}","{""model_key"":""LateFusion(C+F,M)|PCA_SELECTED""}",2178762920603452201
delta4_late_CF_Mk_vs_CF,ftv_complete_375,2026,LOCAL3,T0,auroc,0.6880274442538593,0.6384562607204117,-0.04957118353344758,-0.09791514474812238,-0.005518595930398081,0.95,375,5,2000,2000,patient_within_outer_fold,percentile,comparison - reference,-0.04957118353344758,,"{""model_key"":""C+F""}","{""model_key"":""LateFusion(C+F,M)|PCA_SELECTED""}",2178762920603452201
delta4_late_CF_Mk_vs_CF,ftv_complete_375,2026,LOCAL3,T0,brier,0.2356217123236572,0.22828439131822123,0.007337321005435965,-6.566997912488275e-05,0.014060920017172757,0.95,375,5,2000,2000,patient_within_outer_fold,percentile,reference - comparison (lower Brier is better),-0.007337321005435965,-0.007337321005435965,"{""model_key"":""C+F""}","{""model_key"":""LateFusion(C+F,M)|PCA_SELECTED""}",2178762920603452201
delta4_late_CF_Mk_vs_CF,ftv_complete_375,2026,LOCAL3,T1,auprc,0.5259975356624463,0.48690157916649607,-0.03909595649595027,-0.08364733829978692,0.013069223268227263,0.95,375,5,2000,2000,patient_within_outer_fold,percentile,comparison - reference,-0.03909595649595027,,"{""model_key"":""C+F""}","{""model_key"":""LateFusion(C+F,M)|PCA_SELECTED""}",8045305037584515403
delta4_late_CF_Mk_vs_CF,ftv_complete_375,2026,LOCAL3,T1,auroc,0.6971526586620925,0.6892967409948543,-0.007855917667238255,-0.04854442198422075,0.032525739822448725,0.95,375,5,2000,2000,patient_within_outer_fold,percentile,comparison - reference,-0.007855917667238255,,"{""model_key"":""C+F""}","{""model_key"":""LateFusion(C+F,M)|PCA_SELECTED""}",8045305037584515403
delta4_late_CF_Mk_vs_CF,ftv_complete_375,2026,LOCAL3,T1,brier,0.19795462758831528,0.19492731971458516,0.003027307873730123,-0.011015506232192558,0.017372446535459964,0.95,375,5,2000,2000,patient_within_outer_fold,percentile,reference - comparison (lower Brier is better),-0.003027307873730123,-0.003027307873730123,"{""model_key"":""C+F""}","{""model_key"":""LateFusion(C+F,M)|PCA_SELECTED""}",8045305037584515403
delta4_late_CF_Mk_vs_CF,ftv_complete_375,2026,LOCAL3,T2,auprc,0.5400010651611841,0.5156105722512765,-0.02439049290990758,-0.10239090595732454,0.05120111691562187,0.95,375,5,2000,2000,patient_within_outer_fold,percentile,comparison - reference,-0.02439049290990758,,"{""model_key"":""C+F""}","{""model_key"":""LateFusion(C+F,M)|PCA_SELECTED""}",6690808773002201489
delta4_late_CF_Mk_vs_CF,ftv_complete_375,2026,LOCAL3,T2,auroc,0.726106346483705,0.6844253859348198,-0.04168096054888515,-0.09964570009080957,0.015671068796068804,0.95,375,5,2000,2000,patient_within_outer_fold,percentile,comparison - reference,-0.04168096054888515,,"{""model_key"":""C+F""}","{""model_key"":""LateFusion(C+F,M)|PCA_SELECTED""}",6690808773002201489
delta4_late_CF_Mk_vs_CF,ftv_complete_375,2026,LOCAL3,T2,brier,0.1887354938947084,0.19887408829170938,-0.010138594397000988,-0.02795867360147954,0.008139558997214235,0.95,375,5,2000,2000,patient_within_outer_fold,percentile,reference - comparison (lower Brier is better),0.010138594397000988,0.010138594397000988,"{""model_key"":""C+F""}","{""model_key"":""LateFusion(C+F,M)|PCA_SELECTED""}",6690808773002201489
delta4_late_CF_Mk_vs_CF,ftv_complete_375,2026,LOCAL3,T3,auprc,0.5393749537451002,0.5323174445709408,-0.007057509174159482,-0.07077818539557448,0.05270981779685933,0.95,375,5,2000,2000,patient_within_outer_fold,percentile,comparison - reference,-0.007057509174159482,,"{""model_key"":""C+F""}","{""model_key"":""LateFusion(C+F,M)|PCA_SELECTED""}",5477890077325413105
delta4_late_CF_Mk_vs_CF,ftv_complete_375,2026,LOCAL3,T3,auroc,0.7154030874785592,0.6999656946826758,-0.015437392795883409,-0.07051079678726117,0.03661283666727537,0.95,375,5,2000,2000,patient_within_outer_fold,percentile,comparison - reference,-0.015437392795883409,,"{""model_key"":""C+F""}","{""model_key"":""LateFusion(C+F,M)|PCA_SELECTED""}",5477890077325413105
delta4_late_CF_Mk_vs_CF,ftv_complete_375,2026,LOCAL3,T3,brier,0.19299362818294807,0.1947788756670722,-0.0017852474841241195,-0.01611842895407616,0.013633152867901831,0.95,375,5,2000,2000,patient_within_outer_fold,percentile,reference - comparison (lower Brier is better),0.0017852474841241195,0.0017852474841241195,"{""model_key"":""C+F""}","{""model_key"":""LateFusion(C+F,M)|PCA_SELECTED""}",5477890077325413105
delta4_late_CF_Mk_vs_CF,ftv_complete_375,3026,LOCAL0,T0,auprc,0.538897485664505,0.45913154018132163,-0.07976594548318339,-0.15093157175357352,-0.0026169283171077547,0.95,375,5,2000,2000,patient_within_outer_fold,percentile,comparison - reference,-0.07976594548318339,,"{""model_key"":""C+F""}","{""model_key"":""LateFusion(C+F,M)|PCA_SELECTED""}",35333811179560017
delta4_late_CF_Mk_vs_CF,ftv_complete_375,3026,LOCAL0,T0,auroc,0.6880274442538593,0.6404116638078903,-0.047615780445969036,-0.1272242371073177,0.03176587565937843,0.95,375,5,2000,2000,patient_within_outer_fold,percentile,comparison - reference,-0.047615780445969036,,"{""model_key"":""C+F""}","{""model_key"":""LateFusion(C+F,M)|PCA_SELECTED""}",35333811179560017
delta4_late_CF_Mk_vs_CF,ftv_complete_375,3026,LOCAL0,T0,brier,0.2356217123236572,0.20981121450063725,0.025810497823019946,0.010611238896820023,0.04082859959876722,0.95,375,5,2000,2000,patient_within_outer_fold,percentile,reference - comparison (lower Brier is better),-0.025810497823019946,-0.025810497823019946,"{""model_key"":""C+F""}","{""model_key"":""LateFusion(C+F,M)|PCA_SELECTED""}",35333811179560017
delta4_late_CF_Mk_vs_CF,ftv_complete_375,3026,LOCAL0,T1,auprc,0.5259975356624463,0.5233699216345933,-0.0026276140278530535,-0.042838649719221245,0.04393312343910504,0.95,375,5,2000,2000,patient_within_outer_fold,percentile,comparison - reference,-0.0026276140278530535,,"{""model_key"":""C+F""}","{""model_key"":""LateFusion(C+F,M)|PCA_SELECTED""}",5980090598425864424
delta4_late_CF_Mk_vs_CF,ftv_complete_375,3026,LOCAL0,T1,auroc,0.6971526586620925,0.7136878216123499,0.016535162950257365,-0.027832451499118203,0.06129029214498244,0.95,375,5,2000,2000,patient_within_outer_fold,percentile,comparison - reference,0.016535162950257365,,"{""model_key"":""C+F""}","{""model_key"":""LateFusion(C+F,M)|PCA_SELECTED""}",5980090598425864424
delta4_late_CF_Mk_vs_CF,ftv_complete_375,3026,LOCAL0,T1,brier,0.19795462758831528,0.18458862901798148,0.013365998570333798,-0.0005013846655095032,0.02852566704353489,0.95,375,5,2000,2000,patient_within_outer_fold,percentile,reference - comparison (lower Brier is better),-0.013365998570333798,-0.013365998570333798,"{""model_key"":""C+F""}","{""model_key"":""LateFusion(C+F,M)|PCA_SELECTED""}",5980090598425864424
delta4_late_CF_Mk_vs_CF,ftv_complete_375,3026,LOCAL0,T2,auprc,0.5400010651611841,0.5273523135023132,-0.012648751658870916,-0.09156825449071147,0.06299973919920142,0.95,375,5,2000,2000,patient_within_outer_fold,percentile,comparison - reference,-0.012648751658870916,,"{""model_key"":""C+F""}","{""model_key"":""LateFusion(C+F,M)|PCA_SELECTED""}",4254996257215930854
delta4_late_CF_Mk_vs_CF,ftv_complete_375,3026,LOCAL0,T2,auroc,0.726106346483705,0.6845626072041167,-0.04154373927958832,-0.10893304950357623,0.026137566137566126,0.95,375,5,2000,2000,patient_within_outer_fold,percentile,comparison - reference,-0.04154373927958832,,"{""model_key"":""C+F""}","{""model_key"":""LateFusion(C+F,M)|PCA_SELECTED""}",4254996257215930854
delta4_late_CF_Mk_vs_CF,ftv_complete_375,3026,LOCAL0,T2,brier,0.1887354938947084,0.19928720491661495,-0.010551711021906551,-0.031816211698455464,0.012292150676166756,0.95,375,5,2000,2000,patient_within_outer_fold,percentile,reference - comparison (lower Brier is better),0.010551711021906551,0.010551711021906551,"{""model_key"":""C+F""}","{""model_key"":""LateFusion(C+F,M)|PCA_SELECTED""}",4254996257215930854
delta4_late_CF_Mk_vs_CF,ftv_complete_375,3026,LOCAL0,T3,auprc,0.5393749537451002,0.5416397966969231,0.002264842951822832,-0.06035679124235003,0.06131868626940343,0.95,375,5,2000,2000,patient_within_outer_fold,percentile,comparison - reference,0.002264842951822832,,"{""model_key"":""C+F""}","{""model_key"":""LateFusion(C+F,M)|PCA_SELECTED""}",6763116289523561495
delta4_late_CF_Mk_vs_CF,ftv_complete_375,3026,LOCAL0,T3,auroc,0.7154030874785592,0.705728987993139,-0.009674099485420196,-0.06261637025522704,0.044085614032489534,0.95,375,5,2000,2000,patient_within_outer_fold,percentile,comparison - reference,-0.009674099485420196,,"{""model_key"":""C+F""}","{""model_key"":""LateFusion(C+F,M)|PCA_SELECTED""}",6763116289523561495
delta4_late_CF_Mk_vs_CF,ftv_complete_375,3026,LOCAL0,T3,brier,0.19299362818294807,0.19454485907367408,-0.0015512308907260075,-0.015964642925169973,0.01419735640254243,0.95,375,5,2000,2000,patient_within_outer_fold,percentile,reference - comparison (lower Brier is better),0.0015512308907260075,0.0015512308907260075,"{""model_key"":""C+F""}","{""model_key"":""LateFusion(C+F,M)|PCA_SELECTED""}",6763116289523561495
delta4_late_CF_Mk_vs_CF,ftv_complete_375,3026,LOCAL3,T0,auprc,0.538897485664505,0.49918686968303383,-0.03971061598147119,-0.09777733303696515,0.03153819374909132,0.95,375,5,2000,2000,patient_within_outer_fold,percentile,comparison - reference,-0.03971061598147119,,"{""model_key"":""C+F""}","{""model_key"":""LateFusion(C+F,M)|PCA_SELECTED""}",6083752922967843605
delta4_late_CF_Mk_vs_CF,ftv_complete_375,3026,LOCAL3,T0,auroc,0.6880274442538593,0.6850771869639795,-0.002950257289879854,-0.06512592860546912,0.06415644347767334,0.95,375,5,2000,2000,patient_within_outer_fold,percentile,comparison - reference,-0.002950257289879854,,"{""model_key"":""C+F""}","{""model_key"":""LateFusion(C+F,M)|PCA_SELECTED""}",6083752922967843605
delta4_late_CF_Mk_vs_CF,ftv_complete_375,3026,LOCAL3,T0,brier,0.2356217123236572,0.1966882985062689,0.038933413817388296,0.02619618647678274,0.05170527966217945,0.95,375,5,2000,2000,patient_within_outer_fold,percentile,reference - comparison (lower Brier is better),-0.038933413817388296,-0.038933413817388296,"{""model_key"":""C+F""}","{""model_key"":""LateFusion(C+F,M)|PCA_SELECTED""}",6083752922967843605
delta4_late_CF_Mk_vs_CF,ftv_complete_375,3026,LOCAL3,T1,auprc,0.5259975356624463,0.46914747538705903,-0.056850060275387304,-0.12693636485862006,0.008412439411016251,0.95,375,5,2000,2000,patient_within_outer_fold,percentile,comparison - reference,-0.056850060275387304,,"{""model_key"":""C+F""}","{""model_key"":""LateFusion(C+F,M)|PCA_SELECTED""}",6149269444178071224
delta4_late_CF_Mk_vs_CF,ftv_complete_375,3026,LOCAL3,T1,auroc,0.6971526586620925,0.6235677530017152,-0.07358490566037734,-0.15694316960911,0.0025622128104282674,0.95,375,5,2000,2000,patient_within_outer_fold,percentile,comparison - reference,-0.07358490566037734,,"{""model_key"":""C+F""}","{""model_key"":""LateFusion(C+F,M)|PCA_SELECTED""}",6149269444178071224
delta4_late_CF_Mk_vs_CF,ftv_complete_375,3026,LOCAL3,T1,brier,0.19795462758831528,0.22085298772936532,-0.02289836014105004,-0.04739185503965328,0.0012384234861440707,0.95,375,5,2000,2000,patient_within_outer_fold,percentile,reference - comparison (lower Brier is better),0.02289836014105004,0.02289836014105004,"{""model_key"":""C+F""}","{""model_key"":""LateFusion(C+F,M)|PCA_SELECTED""}",6149269444178071224
delta4_late_CF_Mk_vs_CF,ftv_complete_375,3026,LOCAL3,T2,auprc,0.5400010651611841,0.5008502566117565,-0.03915080854942754,-0.1116895745839815,0.020645849259832403,0.95,375,5,2000,2000,patient_within_outer_fold,percentile,comparison - reference,-0.03915080854942754,,"{""model_key"":""C+F""}","{""model_key"":""LateFusion(C+F,M)|PCA_SELECTED""}",4851053329242292778
delta4_late_CF_Mk_vs_CF,ftv_complete_375,3026,LOCAL3,T2,auroc,0.726106346483705,0.665180102915952,-0.060926243567753,-0.11286711506307956,-0.012656926687459354,0.95,375,5,2000,2000,patient_within_outer_fold,percentile,comparison - reference,-0.060926243567753,,"{""model_key"":""C+F""}","{""model_key"":""LateFusion(C+F,M)|PCA_SELECTED""}",4851053329242292778
delta4_late_CF_Mk_vs_CF,ftv_complete_375,3026,LOCAL3,T2,brier,0.1887354938947084,0.20843113685917455,-0.01969564296446616,-0.03701889784705859,-0.0028189039121001335,0.95,375,5,2000,2000,patient_within_outer_fold,percentile,reference - comparison (lower Brier is better),0.01969564296446616,0.01969564296446616,"{""model_key"":""C+F""}","{""model_key"":""LateFusion(C+F,M)|PCA_SELECTED""}",4851053329242292778
delta4_late_CF_Mk_vs_CF,ftv_complete_375,3026,LOCAL3,T3,auprc,0.5393749537451002,0.5244776578295637,-0.014897295915536568,-0.07985462642826391,0.0511657202184058,0.95,375,5,2000,2000,patient_within_outer_fold,percentile,comparison - reference,-0.014897295915536568,,"{""model_key"":""C+F""}","{""model_key"":""LateFusion(C+F,M)|PCA_SELECTED""}",4390672744412191994
delta4_late_CF_Mk_vs_CF,ftv_complete_375,3026,LOCAL3,T3,auroc,0.7154030874785592,0.6829845626072041,-0.0324185248713551,-0.08456095579257347,0.021378273665815673,0.95,375,5,2000,2000,patient_within_outer_fold,percentile,comparison - reference,-0.0324185248713551,,"{""model_key"":""C+F""}","{""model_key"":""LateFusion(C+F,M)|PCA_SELECTED""}",4390672744412191994
delta4_late_CF_Mk_vs_CF,ftv_complete_375,3026,LOCAL3,T3,brier,0.19299362818294807,0.20525497726686728,-0.01226134908391921,-0.02562309064722593,0.0020865937347157508,0.95,375,5,2000,2000,patient_within_outer_fold,percentile,reference - comparison (lower Brier is better),0.01226134908391921,0.01226134908391921,"{""model_key"":""C+F""}","{""model_key"":""LateFusion(C+F,M)|PCA_SELECTED""}",4390672744412191994
late_vs_concat_CF_M,ftv_complete_375,2026,LOCAL0,T0,auprc,0.47015472123338925,0.4350651165736922,-0.03508960465969707,-0.10358062711367585,0.029484410971643487,0.95,375,5,2000,2000,patient_within_outer_fold,percentile,comparison - reference,-0.03508960465969707,,"{""model_key"":""C+F+M|PCA_SELECTED""}","{""model_key"":""LateFusion(C+F,M)|PCA_SELECTED""}",8281102982664869805
late_vs_concat_CF_M,ftv_complete_375,2026,LOCAL0,T0,auroc,0.6379073756432247,0.6075128644939967,-0.030394511149228087,-0.07806033928800926,0.016863542723809914,0.95,375,5,2000,2000,patient_within_outer_fold,percentile,comparison - reference,-0.030394511149228087,,"{""model_key"":""C+F+M|PCA_SELECTED""}","{""model_key"":""LateFusion(C+F,M)|PCA_SELECTED""}",8281102982664869805
late_vs_concat_CF_M,ftv_complete_375,2026,LOCAL0,T0,brier,0.2291173983323155,0.2162380931723414,0.012879305159974097,0.0008502174171724173,0.02513911881441715,0.95,375,5,2000,2000,patient_within_outer_fold,percentile,reference - comparison (lower Brier is better),-0.012879305159974097,-0.012879305159974097,"{""model_key"":""C+F+M|PCA_SELECTED""}","{""model_key"":""LateFusion(C+F,M)|PCA_SELECTED""}",8281102982664869805
late_vs_concat_CF_M,ftv_complete_375,2026,LOCAL0,T1,auprc,0.532143382122308,0.4657523345363164,-0.06639104758599162,-0.1356426337046114,-0.001038010476338593,0.95,375,5,2000,2000,patient_within_outer_fold,percentile,comparison - reference,-0.06639104758599162,,"{""model_key"":""C+F+M|PCA_SELECTED""}","{""model_key"":""LateFusion(C+F,M)|PCA_SELECTED""}",3727581402075653190
late_vs_concat_CF_M,ftv_complete_375,2026,LOCAL0,T1,auroc,0.7132761578044596,0.6473413379073757,-0.06593481989708394,-0.12386527092409445,-0.010349072535676912,0.95,375,5,2000,2000,patient_within_outer_fold,percentile,comparison - reference,-0.06593481989708394,,"{""model_key"":""C+F+M|PCA_SELECTED""}","{""model_key"":""LateFusion(C+F,M)|PCA_SELECTED""}",3727581402075653190
late_vs_concat_CF_M,ftv_complete_375,2026,LOCAL0,T1,brier,0.18872833076462012,0.21164337727166574,-0.022915046507045622,-0.04277379817220068,-0.0026720180462107774,0.95,375,5,2000,2000,patient_within_outer_fold,percentile,reference - comparison (lower Brier is better),0.022915046507045622,0.022915046507045622,"{""model_key"":""C+F+M|PCA_SELECTED""}","{""model_key"":""LateFusion(C+F,M)|PCA_SELECTED""}",3727581402075653190
late_vs_concat_CF_M,ftv_complete_375,2026,LOCAL0,T2,auprc,0.47903616704618485,0.5175680733859583,0.03853190633977349,-0.04477124681591681,0.11532826507851693,0.95,375,5,2000,2000,patient_within_outer_fold,percentile,comparison - reference,0.03853190633977349,,"{""model_key"":""C+F+M|PCA_SELECTED""}","{""model_key"":""LateFusion(C+F,M)|PCA_SELECTED""}",8123904918999397828
late_vs_concat_CF_M,ftv_complete_375,2026,LOCAL0,T2,auroc,0.6841509433962264,0.6613379073756432,-0.022813036020583155,-0.09228312335825264,0.041907767992649184,0.95,375,5,2000,2000,patient_within_outer_fold,percentile,comparison - reference,-0.022813036020583155,,"{""model_key"":""C+F+M|PCA_SELECTED""}","{""model_key"":""LateFusion(C+F,M)|PCA_SELECTED""}",8123904918999397828
late_vs_concat_CF_M,ftv_complete_375,2026,LOCAL0,T2,brier,0.21536850428950446,0.21847768629964212,-0.0031091820101376566,-0.026392505744494137,0.018735995427208472,0.95,375,5,2000,2000,patient_within_outer_fold,percentile,reference - comparison (lower Brier is better),0.0031091820101376566,0.0031091820101376566,"{""model_key"":""C+F+M|PCA_SELECTED""}","{""model_key"":""LateFusion(C+F,M)|PCA_SELECTED""}",8123904918999397828
late_vs_concat_CF_M,ftv_complete_375,2026,LOCAL0,T3,auprc,0.48961370450506225,0.5076053897496418,0.017991685244579503,-0.06609887055189499,0.09669769447844849,0.95,375,5,2000,2000,patient_within_outer_fold,percentile,comparison - reference,0.017991685244579503,,"{""model_key"":""C+F+M|PCA_SELECTED""}","{""model_key"":""LateFusion(C+F,M)|PCA_SELECTED""}",2356700307366523341
late_vs_concat_CF_M,ftv_complete_375,2026,LOCAL0,T3,auroc,0.6902572898799313,0.6884734133790738,-0.0017838765008575397,-0.06892950847602004,0.06732689997828215,0.95,375,5,2000,2000,patient_within_outer_fold,percentile,comparison - reference,-0.0017838765008575397,,"{""model_key"":""C+F+M|PCA_SELECTED""}","{""model_key"":""LateFusion(C+F,M)|PCA_SELECTED""}",2356700307366523341
late_vs_concat_CF_M,ftv_complete_375,2026,LOCAL0,T3,brier,0.21226387228120847,0.1980132486062051,0.014250623675003377,-0.00913145317171787,0.03929844985268493,0.95,375,5,2000,2000,patient_within_outer_fold,percentile,reference - comparison (lower Brier is better),-0.014250623675003377,-0.014250623675003377,"{""model_key"":""C+F+M|PCA_SELECTED""}","{""model_key"":""LateFusion(C+F,M)|PCA_SELECTED""}",2356700307366523341
late_vs_concat_CF_M,ftv_complete_375,2026,LOCAL3,T0,auprc,0.4883585337259269,0.4975471401700249,0.009188606444097969,-0.05249102699117188,0.07063980962002116,0.95,375,5,2000,2000,patient_within_outer_fold,percentile,comparison - reference,0.009188606444097969,,"{""model_key"":""C+F+M|PCA_SELECTED""}","{""model_key"":""LateFusion(C+F,M)|PCA_SELECTED""}",377782008104538940
late_vs_concat_CF_M,ftv_complete_375,2026,LOCAL3,T0,auroc,0.6553001715265866,0.6384562607204117,-0.016843910806174867,-0.07665881489757058,0.042222755422630945,0.95,375,5,2000,2000,patient_within_outer_fold,percentile,comparison - reference,-0.016843910806174867,,"{""model_key"":""C+F+M|PCA_SELECTED""}","{""model_key"":""LateFusion(C+F,M)|PCA_SELECTED""}",377782008104538940
late_vs_concat_CF_M,ftv_complete_375,2026,LOCAL3,T0,brier,0.2308986525940132,0.22828439131822123,0.002614261275791979,-0.01016101401917745,0.01581620879792625,0.95,375,5,2000,2000,patient_within_outer_fold,percentile,reference - comparison (lower Brier is better),-0.002614261275791979,-0.002614261275791979,"{""model_key"":""C+F+M|PCA_SELECTED""}","{""model_key"":""LateFusion(C+F,M)|PCA_SELECTED""}",377782008104538940
late_vs_concat_CF_M,ftv_complete_375,2026,LOCAL3,T1,auprc,0.5116815821766543,0.48690157916649607,-0.024780003010158203,-0.08001410420609897,0.028643341613326885,0.95,375,5,2000,2000,patient_within_outer_fold,percentile,comparison - reference,-0.024780003010158203,,"{""model_key"":""C+F+M|PCA_SELECTED""}","{""model_key"":""LateFusion(C+F,M)|PCA_SELECTED""}",7037666567763682169
late_vs_concat_CF_M,ftv_complete_375,2026,LOCAL3,T1,auroc,0.7005145797598626,0.6892967409948543,-0.01121783876500837,-0.04962128967856862,0.02602382793470809,0.95,375,5,2000,2000,patient_within_outer_fold,percentile,comparison - reference,-0.01121783876500837,,"{""model_key"":""C+F+M|PCA_SELECTED""}","{""model_key"":""LateFusion(C+F,M)|PCA_SELECTED""}",7037666567763682169
late_vs_concat_CF_M,ftv_complete_375,2026,LOCAL3,T1,brier,0.19842632116132033,0.19492731971458516,0.003499001446735178,-0.010167632719276877,0.017378237743260347,0.95,375,5,2000,2000,patient_within_outer_fold,percentile,reference - comparison (lower Brier is better),-0.003499001446735178,-0.003499001446735178,"{""model_key"":""C+F+M|PCA_SELECTED""}","{""model_key"":""LateFusion(C+F,M)|PCA_SELECTED""}",7037666567763682169
late_vs_concat_CF_M,ftv_complete_375,2026,LOCAL3,T2,auprc,0.5131599416626581,0.5156105722512765,0.0024506305886183855,-0.0797456879940159,0.07216157150129329,0.95,375,5,2000,2000,patient_within_outer_fold,percentile,comparison - reference,0.0024506305886183855,,"{""model_key"":""C+F+M|PCA_SELECTED""}","{""model_key"":""LateFusion(C+F,M)|PCA_SELECTED""}",6301491783291508280
late_vs_concat_CF_M,ftv_complete_375,2026,LOCAL3,T2,auroc,0.7091252144082333,0.6844253859348198,-0.024699828473413454,-0.07815983246639191,0.030514296446460375,0.95,375,5,2000,2000,patient_within_outer_fold,percentile,comparison - reference,-0.024699828473413454,,"{""model_key"":""C+F+M|PCA_SELECTED""}","{""model_key"":""LateFusion(C+F,M)|PCA_SELECTED""}",6301491783291508280
late_vs_concat_CF_M,ftv_complete_375,2026,LOCAL3,T2,brier,0.20208173127804496,0.19887408829170938,0.0032076429863355793,-0.016643211663334573,0.022821251811005937,0.95,375,5,2000,2000,patient_within_outer_fold,percentile,reference - comparison (lower Brier is better),-0.0032076429863355793,-0.0032076429863355793,"{""model_key"":""C+F+M|PCA_SELECTED""}","{""model_key"":""LateFusion(C+F,M)|PCA_SELECTED""}",6301491783291508280
late_vs_concat_CF_M,ftv_complete_375,2026,LOCAL3,T3,auprc,0.5000612201197375,0.5323174445709408,0.03225622445120324,-0.04938800810291451,0.11039227305641715,0.95,375,5,2000,2000,patient_within_outer_fold,percentile,comparison - reference,0.03225622445120324,,"{""model_key"":""C+F+M|PCA_SELECTED""}","{""model_key"":""LateFusion(C+F,M)|PCA_SELECTED""}",2000925348602228107
late_vs_concat_CF_M,ftv_complete_375,2026,LOCAL3,T3,auroc,0.6921440823327616,0.6999656946826758,0.007821612349914187,-0.06084755903064262,0.07245803629453122,0.95,375,5,2000,2000,patient_within_outer_fold,percentile,comparison - reference,0.007821612349914187,,"{""model_key"":""C+F+M|PCA_SELECTED""}","{""model_key"":""LateFusion(C+F,M)|PCA_SELECTED""}",2000925348602228107
late_vs_concat_CF_M,ftv_complete_375,2026,LOCAL3,T3,brier,0.2131464639813283,0.1947788756670722,0.01836758831425611,-0.006370572247572365,0.04204501557447387,0.95,375,5,2000,2000,patient_within_outer_fold,percentile,reference - comparison (lower Brier is better),-0.01836758831425611,-0.01836758831425611,"{""model_key"":""C+F+M|PCA_SELECTED""}","{""model_key"":""LateFusion(C+F,M)|PCA_SELECTED""}",2000925348602228107
late_vs_concat_CF_M,ftv_complete_375,3026,LOCAL0,T0,auprc,0.4293869432530978,0.45913154018132163,0.029744596928223843,-0.04422255837899995,0.10169758001046836,0.95,375,5,2000,2000,patient_within_outer_fold,percentile,comparison - reference,0.029744596928223843,,"{""model_key"":""C+F+M|PCA_SELECTED""}","{""model_key"":""LateFusion(C+F,M)|PCA_SELECTED""}",278731422120345215
late_vs_concat_CF_M,ftv_complete_375,3026,LOCAL0,T0,auroc,0.6195883361921097,0.6404116638078903,0.02082332761578054,-0.04813836898395729,0.09500601422224211,0.95,375,5,2000,2000,patient_within_outer_fold,percentile,comparison - reference,0.02082332761578054,,"{""model_key"":""C+F+M|PCA_SELECTED""}","{""model_key"":""LateFusion(C+F,M)|PCA_SELECTED""}",278731422120345215
late_vs_concat_CF_M,ftv_complete_375,3026,LOCAL0,T0,brier,0.23281099631771424,0.20981121450063725,0.022999781817076986,0.0058631883555914375,0.04040045572135699,0.95,375,5,2000,2000,patient_within_outer_fold,percentile,reference - comparison (lower Brier is better),-0.022999781817076986,-0.022999781817076986,"{""model_key"":""C+F+M|PCA_SELECTED""}","{""model_key"":""LateFusion(C+F,M)|PCA_SELECTED""}",278731422120345215
late_vs_concat_CF_M,ftv_complete_375,3026,LOCAL0,T1,auprc,0.5020444815193985,0.5233699216345933,0.02132544011519477,-0.03303126149455507,0.07662611866761088,0.95,375,5,2000,2000,patient_within_outer_fold,percentile,comparison - reference,0.02132544011519477,,"{""model_key"":""C+F+M|PCA_SELECTED""}","{""model_key"":""LateFusion(C+F,M)|PCA_SELECTED""}",5306283934049672714
late_vs_concat_CF_M,ftv_complete_375,3026,LOCAL0,T1,auroc,0.6895368782161235,0.7136878216123499,0.024150943396226365,-0.023198461058768386,0.07140097561015153,0.95,375,5,2000,2000,patient_within_outer_fold,percentile,comparison - reference,0.024150943396226365,,"{""model_key"":""C+F+M|PCA_SELECTED""}","{""model_key"":""LateFusion(C+F,M)|PCA_SELECTED""}",5306283934049672714
late_vs_concat_CF_M,ftv_complete_375,3026,LOCAL0,T1,brier,0.2022806305016247,0.18458862901798148,0.01769200148364322,0.0008329808601912159,0.0341611432656267,0.95,375,5,2000,2000,patient_within_outer_fold,percentile,reference - comparison (lower Brier is better),-0.01769200148364322,-0.01769200148364322,"{""model_key"":""C+F+M|PCA_SELECTED""}","{""model_key"":""LateFusion(C+F,M)|PCA_SELECTED""}",5306283934049672714
late_vs_concat_CF_M,ftv_complete_375,3026,LOCAL0,T2,auprc,0.47222674952357896,0.5273523135023132,0.05512556397873419,-0.0289521518064993,0.12472229061853811,0.95,375,5,2000,2000,patient_within_outer_fold,percentile,comparison - reference,0.05512556397873419,,"{""model_key"":""C+F+M|PCA_SELECTED""}","{""model_key"":""LateFusion(C+F,M)|PCA_SELECTED""}",7954865825749165528
late_vs_concat_CF_M,ftv_complete_375,3026,LOCAL0,T2,auroc,0.6954373927958835,0.6845626072041167,-0.0108747855917668,-0.07782066406559832,0.04734220262955905,0.95,375,5,2000,2000,patient_within_outer_fold,percentile,comparison - reference,-0.0108747855917668,,"{""model_key"":""C+F+M|PCA_SELECTED""}","{""model_key"":""LateFusion(C+F,M)|PCA_SELECTED""}",7954865825749165528
late_vs_concat_CF_M,ftv_complete_375,3026,LOCAL0,T2,brier,0.20653532504266855,0.19928720491661495,0.007248120126053609,-0.015834624433767867,0.029066041388497447,0.95,375,5,2000,2000,patient_within_outer_fold,percentile,reference - comparison (lower Brier is better),-0.007248120126053609,-0.007248120126053609,"{""model_key"":""C+F+M|PCA_SELECTED""}","{""model_key"":""LateFusion(C+F,M)|PCA_SELECTED""}",7954865825749165528
late_vs_concat_CF_M,ftv_complete_375,3026,LOCAL0,T3,auprc,0.49401469264988324,0.5416397966969231,0.047625104047039846,-0.03111023976586965,0.12042194654268526,0.95,375,5,2000,2000,patient_within_outer_fold,percentile,comparison - reference,0.047625104047039846,,"{""model_key"":""C+F+M|PCA_SELECTED""}","{""model_key"":""LateFusion(C+F,M)|PCA_SELECTED""}",3587683450070468090
late_vs_concat_CF_M,ftv_complete_375,3026,LOCAL0,T3,auroc,0.6904631217838766,0.705728987993139,0.015265866209262402,-0.04498953901180268,0.07628561628802993,0.95,375,5,2000,2000,patient_within_outer_fold,percentile,comparison - reference,0.015265866209262402,,"{""model_key"":""C+F+M|PCA_SELECTED""}","{""model_key"":""LateFusion(C+F,M)|PCA_SELECTED""}",3587683450070468090
late_vs_concat_CF_M,ftv_complete_375,3026,LOCAL0,T3,brier,0.20495076912291113,0.19454485907367408,0.01040591004923705,-0.011916717850316895,0.034329764596389485,0.95,375,5,2000,2000,patient_within_outer_fold,percentile,reference - comparison (lower Brier is better),-0.01040591004923705,-0.01040591004923705,"{""model_key"":""C+F+M|PCA_SELECTED""}","{""model_key"":""LateFusion(C+F,M)|PCA_SELECTED""}",3587683450070468090
late_vs_concat_CF_M,ftv_complete_375,3026,LOCAL3,T0,auprc,0.4960681844590194,0.49918686968303383,0.003118685224014428,-0.06753791875442805,0.0730612188601482,0.95,375,5,2000,2000,patient_within_outer_fold,percentile,comparison - reference,0.003118685224014428,,"{""model_key"":""C+F+M|PCA_SELECTED""}","{""model_key"":""LateFusion(C+F,M)|PCA_SELECTED""}",4644221844061839988
late_vs_concat_CF_M,ftv_complete_375,3026,LOCAL3,T0,auroc,0.6562607204116637,0.6850771869639795,0.028816466552315734,-0.047556985886515864,0.10326522803030617,0.95,375,5,2000,2000,patient_within_outer_fold,percentile,comparison - reference,0.028816466552315734,,"{""model_key"":""C+F+M|PCA_SELECTED""}","{""model_key"":""LateFusion(C+F,M)|PCA_SELECTED""}",4644221844061839988
late_vs_concat_CF_M,ftv_complete_375,3026,LOCAL3,T0,brier,0.22910502014905545,0.1966882985062689,0.032416721642786556,0.016956018639269405,0.047526956695347844,0.95,375,5,2000,2000,patient_within_outer_fold,percentile,reference - comparison (lower Brier is better),-0.032416721642786556,-0.032416721642786556,"{""model_key"":""C+F+M|PCA_SELECTED""}","{""model_key"":""LateFusion(C+F,M)|PCA_SELECTED""}",4644221844061839988
late_vs_concat_CF_M,ftv_complete_375,3026,LOCAL3,T1,auprc,0.5221427289667038,0.46914747538705903,-0.05299525357964474,-0.12471280857675576,0.006797396457127462,0.95,375,5,2000,2000,patient_within_outer_fold,percentile,comparison - reference,-0.05299525357964474,,"{""model_key"":""C+F+M|PCA_SELECTED""}","{""model_key"":""LateFusion(C+F,M)|PCA_SELECTED""}",4215810650175180694
late_vs_concat_CF_M,ftv_complete_375,3026,LOCAL3,T1,auroc,0.7034991423670669,0.6235677530017152,-0.07993138936535171,-0.14872158346795916,-0.01280891772524249,0.95,375,5,2000,2000,patient_within_outer_fold,percentile,comparison - reference,-0.07993138936535171,,"{""model_key"":""C+F+M|PCA_SELECTED""}","{""model_key"":""LateFusion(C+F,M)|PCA_SELECTED""}",4215810650175180694
late_vs_concat_CF_M,ftv_complete_375,3026,LOCAL3,T1,brier,0.19126695241091587,0.22085298772936532,-0.029586035318449444,-0.05297368379276753,-0.006061716725584199,0.95,375,5,2000,2000,patient_within_outer_fold,percentile,reference - comparison (lower Brier is better),0.029586035318449444,0.029586035318449444,"{""model_key"":""C+F+M|PCA_SELECTED""}","{""model_key"":""LateFusion(C+F,M)|PCA_SELECTED""}",4215810650175180694
late_vs_concat_CF_M,ftv_complete_375,3026,LOCAL3,T2,auprc,0.4265074364857462,0.5008502566117565,0.07434282012601034,-0.009318826055023197,0.14977068210670877,0.95,375,5,2000,2000,patient_within_outer_fold,percentile,comparison - reference,0.07434282012601034,,"{""model_key"":""C+F+M|PCA_SELECTED""}","{""model_key"":""LateFusion(C+F,M)|PCA_SELECTED""}",9182310377687435915
late_vs_concat_CF_M,ftv_complete_375,3026,LOCAL3,T2,auroc,0.646106346483705,0.665180102915952,0.019073756432246958,-0.05070020439251857,0.08287856421055466,0.95,375,5,2000,2000,patient_within_outer_fold,percentile,comparison - reference,0.019073756432246958,,"{""model_key"":""C+F+M|PCA_SELECTED""}","{""model_key"":""LateFusion(C+F,M)|PCA_SELECTED""}",9182310377687435915
late_vs_concat_CF_M,ftv_complete_375,3026,LOCAL3,T2,brier,0.24280922267863259,0.20843113685917455,0.03437808581945803,0.008486166241910136,0.06026088183507688,0.95,375,5,2000,2000,patient_within_outer_fold,percentile,reference - comparison (lower Brier is better),-0.03437808581945803,-0.03437808581945803,"{""model_key"":""C+F+M|PCA_SELECTED""}","{""model_key"":""LateFusion(C+F,M)|PCA_SELECTED""}",9182310377687435915
late_vs_concat_CF_M,ftv_complete_375,3026,LOCAL3,T3,auprc,0.4968621272832051,0.5244776578295637,0.02761553054635857,-0.035870390541182524,0.09520450989317197,0.95,375,5,2000,2000,patient_within_outer_fold,percentile,comparison - reference,0.02761553054635857,,"{""model_key"":""C+F+M|PCA_SELECTED""}","{""model_key"":""LateFusion(C+F,M)|PCA_SELECTED""}",570028994525019766
late_vs_concat_CF_M,ftv_complete_375,3026,LOCAL3,T3,auroc,0.6892624356775299,0.6829845626072041,-0.00627787307032579,-0.06099118424675693,0.052194891936271304,0.95,375,5,2000,2000,patient_within_outer_fold,percentile,comparison - reference,-0.00627787307032579,,"{""model_key"":""C+F+M|PCA_SELECTED""}","{""model_key"":""LateFusion(C+F,M)|PCA_SELECTED""}",570028994525019766
late_vs_concat_CF_M,ftv_complete_375,3026,LOCAL3,T3,brier,0.20337733157606697,0.20525497726686728,-0.001877645690800317,-0.020906540592632913,0.017886295019747447,0.95,375,5,2000,2000,patient_within_outer_fold,percentile,reference - comparison (lower Brier is better),0.001877645690800317,0.001877645690800317,"{""model_key"":""C+F+M|PCA_SELECTED""}","{""model_key"":""LateFusion(C+F,M)|PCA_SELECTED""}",570028994525019766
late_vs_concat_C_M,ftv_complete_375,2026,LOCAL0,T0,auprc,0.47991860158286803,0.4341117410895211,-0.045806860493346924,-0.106524638191304,0.013621160016462675,0.95,375,5,2000,2000,patient_within_outer_fold,percentile,comparison - reference,-0.045806860493346924,,"{""model_key"":""C+M|PCA_SELECTED""}","{""model_key"":""LateFusion(C,M)|PCA_SELECTED""}",8245789980482626340
late_vs_concat_C_M,ftv_complete_375,2026,LOCAL0,T0,auroc,0.6426758147512864,0.6031903945111492,-0.03948542024013724,-0.07856614532501922,-0.0029822873876248967,0.95,375,5,2000,2000,patient_within_outer_fold,percentile,comparison - reference,-0.03948542024013724,,"{""model_key"":""C+M|PCA_SELECTED""}","{""model_key"":""LateFusion(C,M)|PCA_SELECTED""}",8245789980482626340
late_vs_concat_C_M,ftv_complete_375,2026,LOCAL0,T0,brier,0.23027212114541049,0.21692402107543252,0.01334810006997797,0.0013542396481152276,0.02547477646822226,0.95,375,5,2000,2000,patient_within_outer_fold,percentile,reference - comparison (lower Brier is better),-0.01334810006997797,-0.01334810006997797,"{""model_key"":""C+M|PCA_SELECTED""}","{""model_key"":""LateFusion(C,M)|PCA_SELECTED""}",8245789980482626340
late_vs_concat_C_M,ftv_complete_375,2026,LOCAL0,T1,auprc,0.480132404266582,0.50785405541611,0.02772165114952796,-0.04654992196072483,0.10172151805808863,0.95,375,5,2000,2000,patient_within_outer_fold,percentile,comparison - reference,0.02772165114952796,,"{""model_key"":""C+M|PCA_SELECTED""}","{""model_key"":""LateFusion(C,M)|PCA_SELECTED""}",4858766629781241980
late_vs_concat_C_M,ftv_complete_375,2026,LOCAL0,T1,auroc,0.6576672384219554,0.6560891938250429,-0.0015780445969124646,-0.06553937981442576,0.06214832801027987,0.95,375,5,2000,2000,patient_within_outer_fold,percentile,comparison - reference,-0.0015780445969124646,,"{""model_key"":""C+M|PCA_SELECTED""}","{""model_key"":""LateFusion(C,M)|PCA_SELECTED""}",4858766629781241980
late_vs_concat_C_M,ftv_complete_375,2026,LOCAL0,T1,brier,0.20885397366624012,0.2201685234761059,-0.011314549809865793,-0.027894578284362273,0.005594901952643472,0.95,375,5,2000,2000,patient_within_outer_fold,percentile,reference - comparison (lower Brier is better),0.011314549809865793,0.011314549809865793,"{""model_key"":""C+M|PCA_SELECTED""}","{""model_key"":""LateFusion(C,M)|PCA_SELECTED""}",4858766629781241980
late_vs_concat_C_M,ftv_complete_375,2026,LOCAL0,T2,auprc,0.3882674844434033,0.4656343650113873,0.07736688056798396,-0.003049785586939834,0.14568144152752197,0.95,375,5,2000,2000,patient_within_outer_fold,percentile,comparison - reference,0.07736688056798396,,"{""model_key"":""C+M|PCA_SELECTED""}","{""model_key"":""LateFusion(C,M)|PCA_SELECTED""}",941429325479792139
late_vs_concat_C_M,ftv_complete_375,2026,LOCAL0,T2,auroc,0.6119382504288164,0.6203430531732419,0.008404802744425455,-0.05191792162133619,0.06940306758006785,0.95,375,5,2000,2000,patient_within_outer_fold,percentile,comparison - reference,0.008404802744425455,,"{""model_key"":""C+M|PCA_SELECTED""}","{""model_key"":""LateFusion(C,M)|PCA_SELECTED""}",941429325479792139
late_vs_concat_C_M,ftv_complete_375,2026,LOCAL0,T2,brier,0.24842481724349624,0.23036091989658167,0.018063897346914576,-0.008706640522195596,0.046124049101389966,0.95,375,5,2000,2000,patient_within_outer_fold,percentile,reference - comparison (lower Brier is better),-0.018063897346914576,-0.018063897346914576,"{""model_key"":""C+M|PCA_SELECTED""}","{""model_key"":""LateFusion(C,M)|PCA_SELECTED""}",941429325479792139
late_vs_concat_C_M,ftv_complete_375,2026,LOCAL0,T3,auprc,0.42409945399774707,0.47922972844958206,0.05513027445183499,-0.013200667485161403,0.12354313394176449,0.95,375,5,2000,2000,patient_within_outer_fold,percentile,comparison - reference,0.05513027445183499,,"{""model_key"":""C+M|PCA_SELECTED""}","{""model_key"":""LateFusion(C,M)|PCA_SELECTED""}",4571766995828989359
late_vs_concat_C_M,ftv_complete_375,2026,LOCAL0,T3,auroc,0.6052830188679246,0.635917667238422,0.030634648370497453,-0.03591815337504991,0.09661676781533195,0.95,375,5,2000,2000,patient_within_outer_fold,percentile,comparison - reference,0.030634648370497453,,"{""model_key"":""C+M|PCA_SELECTED""}","{""model_key"":""LateFusion(C,M)|PCA_SELECTED""}",4571766995828989359
late_vs_concat_C_M,ftv_complete_375,2026,LOCAL0,T3,brier,0.23663042403233522,0.21625474232560513,0.020375681706730098,0.0037441572590330334,0.03810270043382543,0.95,375,5,2000,2000,patient_within_outer_fold,percentile,reference - comparison (lower Brier is better),-0.020375681706730098,-0.020375681706730098,"{""model_key"":""C+M|PCA_SELECTED""}","{""model_key"":""LateFusion(C,M)|PCA_SELECTED""}",4571766995828989359
late_vs_concat_C_M,ftv_complete_375,2026,LOCAL3,T0,auprc,0.4821934965010539,0.45521040403561325,-0.026983092465440672,-0.08987419746028043,0.03743041064075786,0.95,375,5,2000,2000,patient_within_outer_fold,percentile,comparison - reference,-0.026983092465440672,,"{""model_key"":""C+M|PCA_SELECTED""}","{""model_key"":""LateFusion(C,M)|PCA_SELECTED""}",7763517704615066325
late_vs_concat_C_M,ftv_complete_375,2026,LOCAL3,T0,auroc,0.6551972555746141,0.6126586620926243,-0.04253859348198974,-0.10470616188448467,0.020016931445661634,0.95,375,5,2000,2000,patient_within_outer_fold,percentile,comparison - reference,-0.04253859348198974,,"{""model_key"":""C+M|PCA_SELECTED""}","{""model_key"":""LateFusion(C,M)|PCA_SELECTED""}",7763517704615066325
late_vs_concat_C_M,ftv_complete_375,2026,LOCAL3,T0,brier,0.22481958340107425,0.21967994700896687,0.005139636392107377,-0.008967258964552792,0.019719931907188324,0.95,375,5,2000,2000,patient_within_outer_fold,percentile,reference - comparison (lower Brier is better),-0.005139636392107377,-0.005139636392107377,"{""model_key"":""C+M|PCA_SELECTED""}","{""model_key"":""LateFusion(C,M)|PCA_SELECTED""}",7763517704615066325
late_vs_concat_C_M,ftv_complete_375,2026,LOCAL3,T1,auprc,0.4510636712092733,0.4995579524244814,0.0484942812152081,-0.022270140385362167,0.12343797474685919,0.95,375,5,2000,2000,patient_within_outer_fold,percentile,comparison - reference,0.0484942812152081,,"{""model_key"":""C+M|PCA_SELECTED""}","{""model_key"":""LateFusion(C,M)|PCA_SELECTED""}",2324671803018041303
late_vs_concat_C_M,ftv_complete_375,2026,LOCAL3,T1,auroc,0.641269296740995,0.6711492281303602,0.029879931389365177,-0.018535943744468555,0.07937792879206505,0.95,375,5,2000,2000,patient_within_outer_fold,percentile,comparison - reference,0.029879931389365177,,"{""model_key"":""C+M|PCA_SELECTED""}","{""model_key"":""LateFusion(C,M)|PCA_SELECTED""}",2324671803018041303
late_vs_concat_C_M,ftv_complete_375,2026,LOCAL3,T1,brier,0.24607653634971727,0.1938874791780789,0.05218905717163838,0.03523116352443394,0.06900983545684643,0.95,375,5,2000,2000,patient_within_outer_fold,percentile,reference - comparison (lower Brier is better),-0.05218905717163838,-0.05218905717163838,"{""model_key"":""C+M|PCA_SELECTED""}","{""model_key"":""LateFusion(C,M)|PCA_SELECTED""}",2324671803018041303
late_vs_concat_C_M,ftv_complete_375,2026,LOCAL3,T2,auprc,0.4534432915333259,0.4765955538893776,0.023152262356051667,-0.043198815903036966,0.0958766341438368,0.95,375,5,2000,2000,patient_within_outer_fold,percentile,comparison - reference,0.023152262356051667,,"{""model_key"":""C+M|PCA_SELECTED""}","{""model_key"":""LateFusion(C,M)|PCA_SELECTED""}",7972320500857561702
late_vs_concat_C_M,ftv_complete_375,2026,LOCAL3,T2,auroc,0.6472727272727272,0.6471698113207547,-0.00010291595197253756,-0.06931117428971369,0.07059817505837125,0.95,375,5,2000,2000,patient_within_outer_fold,percentile,comparison - reference,-0.00010291595197253756,,"{""model_key"":""C+M|PCA_SELECTED""}","{""model_key"":""LateFusion(C,M)|PCA_SELECTED""}",7972320500857561702
late_vs_concat_C_M,ftv_complete_375,2026,LOCAL3,T2,brier,0.24278694278398893,0.23902973182412038,0.0037572109598685566,-0.016778733387838984,0.025168154272478312,0.95,375,5,2000,2000,patient_within_outer_fold,percentile,reference - comparison (lower Brier is better),-0.0037572109598685566,-0.0037572109598685566,"{""model_key"":""C+M|PCA_SELECTED""}","{""model_key"":""LateFusion(C,M)|PCA_SELECTED""}",7972320500857561702
late_vs_concat_C_M,ftv_complete_375,2026,LOCAL3,T3,auprc,0.4307084987266453,0.458290955433885,0.02758245670723969,-0.048751415988375874,0.11112936213939757,0.95,375,5,2000,2000,patient_within_outer_fold,percentile,comparison - reference,0.02758245670723969,,"{""model_key"":""C+M|PCA_SELECTED""}","{""model_key"":""LateFusion(C,M)|PCA_SELECTED""}",3027249885955609
late_vs_concat_C_M,ftv_complete_375,2026,LOCAL3,T3,auroc,0.6305660377358492,0.6415094339622642,0.010943396226415048,-0.06533075808788033,0.08658170013352864,0.95,375,5,2000,2000,patient_within_outer_fold,percentile,comparison - reference,0.010943396226415048,,"{""model_key"":""C+M|PCA_SELECTED""}","{""model_key"":""LateFusion(C,M)|PCA_SELECTED""}",3027249885955609
late_vs_concat_C_M,ftv_complete_375,2026,LOCAL3,T3,brier,0.241818046680028,0.21502453168145588,0.026793514998572104,0.013578784765869668,0.03930187487543667,0.95,375,5,2000,2000,patient_within_outer_fold,percentile,reference - comparison (lower Brier is better),-0.026793514998572104,-0.026793514998572104,"{""model_key"":""C+M|PCA_SELECTED""}","{""model_key"":""LateFusion(C,M)|PCA_SELECTED""}",3027249885955609
late_vs_concat_C_M,ftv_complete_375,3026,LOCAL0,T0,auprc,0.4322378444136459,0.5107583463453156,0.0785205019316697,0.0003541967526271148,0.14881507397476004,0.95,375,5,2000,2000,patient_within_outer_fold,percentile,comparison - reference,0.0785205019316697,,"{""model_key"":""C+M|PCA_SELECTED""}","{""model_key"":""LateFusion(C,M)|PCA_SELECTED""}",5031525448959490758
late_vs_concat_C_M,ftv_complete_375,3026,LOCAL0,T0,auroc,0.6138250428816466,0.6502229845626072,0.036397941680960555,-0.04839552537882618,0.12320860440334373,0.95,375,5,2000,2000,patient_within_outer_fold,percentile,comparison - reference,0.036397941680960555,,"{""model_key"":""C+M|PCA_SELECTED""}","{""model_key"":""LateFusion(C,M)|PCA_SELECTED""}",5031525448959490758
late_vs_concat_C_M,ftv_complete_375,3026,LOCAL0,T0,brier,0.23442582315440674,0.23035074423135166,0.0040750789230550866,-0.014156326730608187,0.023046858436837223,0.95,375,5,2000,2000,patient_within_outer_fold,percentile,reference - comparison (lower Brier is better),-0.0040750789230550866,-0.0040750789230550866,"{""model_key"":""C+M|PCA_SELECTED""}","{""model_key"":""LateFusion(C,M)|PCA_SELECTED""}",5031525448959490758
late_vs_concat_C_M,ftv_complete_375,3026,LOCAL0,T1,auprc,0.44098184010586033,0.4929821738117007,0.05200033370584034,-0.009702247663558585,0.11353651192925984,0.95,375,5,2000,2000,patient_within_outer_fold,percentile,comparison - reference,0.05200033370584034,,"{""model_key"":""C+M|PCA_SELECTED""}","{""model_key"":""LateFusion(C,M)|PCA_SELECTED""}",1881881139239795884
late_vs_concat_C_M,ftv_complete_375,3026,LOCAL0,T1,auroc,0.6288507718696398,0.6689536878216124,0.04010291595197257,-0.011535493909184548,0.09538972823210856,0.95,375,5,2000,2000,patient_within_outer_fold,percentile,comparison - reference,0.04010291595197257,,"{""model_key"":""C+M|PCA_SELECTED""}","{""model_key"":""LateFusion(C,M)|PCA_SELECTED""}",1881881139239795884
late_vs_concat_C_M,ftv_complete_375,3026,LOCAL0,T1,brier,0.23545836214383276,0.19437009972938077,0.04108826241445199,0.027442789418233776,0.05463737218283059,0.95,375,5,2000,2000,patient_within_outer_fold,percentile,reference - comparison (lower Brier is better),-0.04108826241445199,-0.04108826241445199,"{""model_key"":""C+M|PCA_SELECTED""}","{""model_key"":""LateFusion(C,M)|PCA_SELECTED""}",1881881139239795884
late_vs_concat_C_M,ftv_complete_375,3026,LOCAL0,T2,auprc,0.4186912903116265,0.4787201115328205,0.06002882122119402,-0.012492683809805647,0.12882085697097864,0.95,375,5,2000,2000,patient_within_outer_fold,percentile,comparison - reference,0.06002882122119402,,"{""model_key"":""C+M|PCA_SELECTED""}","{""model_key"":""LateFusion(C,M)|PCA_SELECTED""}",6295544479530917255
late_vs_concat_C_M,ftv_complete_375,3026,LOCAL0,T2,auroc,0.6221269296740994,0.6380789022298456,0.015951972555746208,-0.05607430773359929,0.09036429890747064,0.95,375,5,2000,2000,patient_within_outer_fold,percentile,comparison - reference,0.015951972555746208,,"{""model_key"":""C+M|PCA_SELECTED""}","{""model_key"":""LateFusion(C,M)|PCA_SELECTED""}",6295544479530917255
late_vs_concat_C_M,ftv_complete_375,3026,LOCAL0,T2,brier,0.22703375869231202,0.21265756635277996,0.014376192339532051,-0.0037987978312932144,0.033622252670339005,0.95,375,5,2000,2000,patient_within_outer_fold,percentile,reference - comparison (lower Brier is better),-0.014376192339532051,-0.014376192339532051,"{""model_key"":""C+M|PCA_SELECTED""}","{""model_key"":""LateFusion(C,M)|PCA_SELECTED""}",6295544479530917255
late_vs_concat_C_M,ftv_complete_375,3026,LOCAL0,T3,auprc,0.448372466765527,0.4643455193355843,0.015973052570057322,-0.04782124456564063,0.08491893528585259,0.95,375,5,2000,2000,patient_within_outer_fold,percentile,comparison - reference,0.015973052570057322,,"{""model_key"":""C+M|PCA_SELECTED""}","{""model_key"":""LateFusion(C,M)|PCA_SELECTED""}",4063007348865815229
late_vs_concat_C_M,ftv_complete_375,3026,LOCAL0,T3,auroc,0.6339279588336193,0.6439451114922814,0.010017152658662098,-0.0527932079916037,0.07146993884161194,0.95,375,5,2000,2000,patient_within_outer_fold,percentile,comparison - reference,0.010017152658662098,,"{""model_key"":""C+M|PCA_SELECTED""}","{""model_key"":""LateFusion(C,M)|PCA_SELECTED""}",4063007348865815229
late_vs_concat_C_M,ftv_complete_375,3026,LOCAL0,T3,brier,0.22820120253026432,0.22401257397464416,0.004188628555620161,-0.015160268613392924,0.0233706821350452,0.95,375,5,2000,2000,patient_within_outer_fold,percentile,reference - comparison (lower Brier is better),-0.004188628555620161,-0.004188628555620161,"{""model_key"":""C+M|PCA_SELECTED""}","{""model_key"":""LateFusion(C,M)|PCA_SELECTED""}",4063007348865815229
late_vs_concat_C_M,ftv_complete_375,3026,LOCAL3,T0,auprc,0.4873491956826775,0.45906534796051823,-0.02828384772215925,-0.10353658652134105,0.050937131407772465,0.95,375,5,2000,2000,patient_within_outer_fold,percentile,comparison - reference,-0.02828384772215925,,"{""model_key"":""C+M|PCA_SELECTED""}","{""model_key"":""LateFusion(C,M)|PCA_SELECTED""}",1033738881276305599
late_vs_concat_C_M,ftv_complete_375,3026,LOCAL3,T0,auroc,0.6544082332761577,0.6266209262435678,-0.027787307032589914,-0.10431925419824628,0.049018445047325825,0.95,375,5,2000,2000,patient_within_outer_fold,percentile,comparison - reference,-0.027787307032589914,,"{""model_key"":""C+M|PCA_SELECTED""}","{""model_key"":""LateFusion(C,M)|PCA_SELECTED""}",1033738881276305599
late_vs_concat_C_M,ftv_complete_375,3026,LOCAL3,T0,brier,0.2245513811142996,0.21598521684126126,0.00856616427303833,-0.009209821330028917,0.025407478445380015,0.95,375,5,2000,2000,patient_within_outer_fold,percentile,reference - comparison (lower Brier is better),-0.00856616427303833,-0.00856616427303833,"{""model_key"":""C+M|PCA_SELECTED""}","{""model_key"":""LateFusion(C,M)|PCA_SELECTED""}",1033738881276305599
late_vs_concat_C_M,ftv_complete_375,3026,LOCAL3,T1,auprc,0.4389630937315868,0.48929112879424613,0.050328035062659315,-0.01960278086769486,0.1226131657020798,0.95,375,5,2000,2000,patient_within_outer_fold,percentile,comparison - reference,0.050328035062659315,,"{""model_key"":""C+M|PCA_SELECTED""}","{""model_key"":""LateFusion(C,M)|PCA_SELECTED""}",2640432257141102854
late_vs_concat_C_M,ftv_complete_375,3026,LOCAL3,T1,auroc,0.6380102915951973,0.6457289879931389,0.007718696397941649,-0.0569976952635232,0.07472391697962322,0.95,375,5,2000,2000,patient_within_outer_fold,percentile,comparison - reference,0.007718696397941649,,"{""model_key"":""C+M|PCA_SELECTED""}","{""model_key"":""LateFusion(C,M)|PCA_SELECTED""}",2640432257141102854
late_vs_concat_C_M,ftv_complete_375,3026,LOCAL3,T1,brier,0.22677087378471644,0.21948856400496206,0.007282309779754387,-0.011017902663128925,0.026287727112874634,0.95,375,5,2000,2000,patient_within_outer_fold,percentile,reference - comparison (lower Brier is better),-0.007282309779754387,-0.007282309779754387,"{""model_key"":""C+M|PCA_SELECTED""}","{""model_key"":""LateFusion(C,M)|PCA_SELECTED""}",2640432257141102854
late_vs_concat_C_M,ftv_complete_375,3026,LOCAL3,T2,auprc,0.417945790141208,0.44906030556794563,0.031114515426737654,-0.03297954272001229,0.10632759220491679,0.95,375,5,2000,2000,patient_within_outer_fold,percentile,comparison - reference,0.031114515426737654,,"{""model_key"":""C+M|PCA_SELECTED""}","{""model_key"":""LateFusion(C,M)|PCA_SELECTED""}",5563447571051328465
late_vs_concat_C_M,ftv_complete_375,3026,LOCAL3,T2,auroc,0.6393138936535163,0.627958833619211,-0.011355060034305309,-0.08543188847619479,0.059628554245415896,0.95,375,5,2000,2000,patient_within_outer_fold,percentile,comparison - reference,-0.011355060034305309,,"{""model_key"":""C+M|PCA_SELECTED""}","{""model_key"":""LateFusion(C,M)|PCA_SELECTED""}",5563447571051328465
late_vs_concat_C_M,ftv_complete_375,3026,LOCAL3,T2,brier,0.23208275864162534,0.23266044447047302,-0.0005776858288476794,-0.022759928774218886,0.02182762646063971,0.95,375,5,2000,2000,patient_within_outer_fold,percentile,reference - comparison (lower Brier is better),0.0005776858288476794,0.0005776858288476794,"{""model_key"":""C+M|PCA_SELECTED""}","{""model_key"":""LateFusion(C,M)|PCA_SELECTED""}",5563447571051328465
late_vs_concat_C_M,ftv_complete_375,3026,LOCAL3,T3,auprc,0.44262439641281315,0.5119917922757458,0.06936739586293261,-0.013112939885183365,0.14597410221573257,0.95,375,5,2000,2000,patient_within_outer_fold,percentile,comparison - reference,0.06936739586293261,,"{""model_key"":""C+M|PCA_SELECTED""}","{""model_key"":""LateFusion(C,M)|PCA_SELECTED""}",2166642357125517747
late_vs_concat_C_M,ftv_complete_375,3026,LOCAL3,T3,auroc,0.6286106346483704,0.6702572898799314,0.04164665523156097,-0.03172145769736838,0.10947242669059357,0.95,375,5,2000,2000,patient_within_outer_fold,percentile,comparison - reference,0.04164665523156097,,"{""model_key"":""C+M|PCA_SELECTED""}","{""model_key"":""LateFusion(C,M)|PCA_SELECTED""}",2166642357125517747
late_vs_concat_C_M,ftv_complete_375,3026,LOCAL3,T3,brier,0.22855471138097538,0.2278380587693258,0.0007166526116495764,-0.016328805939157077,0.018108245770599114,0.95,375,5,2000,2000,patient_within_outer_fold,percentile,reference - comparison (lower Brier is better),-0.0007166526116495764,-0.0007166526116495764,"{""model_key"":""C+M|PCA_SELECTED""}","{""model_key"":""LateFusion(C,M)|PCA_SELECTED""}",2166642357125517747
late_vs_concat_C_M,full_808,2026,LOCAL0,T0,auprc,0.5182865863682665,0.5208397083086831,0.0025531219404165695,-0.03223167631045255,0.03708204076449634,0.95,808,5,2000,2000,patient_within_outer_fold,percentile,comparison - reference,0.0025531219404165695,,"{""model_key"":""C+M|PCA_SELECTED""}","{""model_key"":""LateFusion(C,M)|PCA_SELECTED""}",8511322157523056619
late_vs_concat_C_M,full_808,2026,LOCAL0,T0,auroc,0.6640695889476378,0.6536176019102848,-0.01045198703735295,-0.03905756359835368,0.016925710494049537,0.95,808,5,2000,2000,patient_within_outer_fold,percentile,comparison - reference,-0.01045198703735295,,"{""model_key"":""C+M|PCA_SELECTED""}","{""model_key"":""LateFusion(C,M)|PCA_SELECTED""}",8511322157523056619
late_vs_concat_C_M,full_808,2026,LOCAL0,T0,brier,0.22804033880909327,0.2211198768966269,0.006920461912466369,0.0005410251647794927,0.013238135811925372,0.95,808,5,2000,2000,patient_within_outer_fold,percentile,reference - comparison (lower Brier is better),-0.006920461912466369,-0.006920461912466369,"{""model_key"":""C+M|PCA_SELECTED""}","{""model_key"":""LateFusion(C,M)|PCA_SELECTED""}",8511322157523056619
late_vs_concat_C_M,full_808,2026,LOCAL0,T1,auprc,0.5271138331394585,0.5084662720749965,-0.01864756106446197,-0.06864101332240563,0.032791376858723374,0.95,808,5,2000,2000,patient_within_outer_fold,percentile,comparison - reference,-0.01864756106446197,,"{""model_key"":""C+M|PCA_SELECTED""}","{""model_key"":""LateFusion(C,M)|PCA_SELECTED""}",1304394319993189191
late_vs_concat_C_M,full_808,2026,LOCAL0,T1,auroc,0.6673648302916596,0.6627528568991985,-0.004611973392461111,-0.044759586300300594,0.03469717125743657,0.95,808,5,2000,2000,patient_within_outer_fold,percentile,comparison - reference,-0.004611973392461111,,"{""model_key"":""C+M|PCA_SELECTED""}","{""model_key"":""LateFusion(C,M)|PCA_SELECTED""}",1304394319993189191
late_vs_concat_C_M,full_808,2026,LOCAL0,T1,brier,0.2216320190502964,0.21701387222664828,0.004618146823648112,-0.004942711164351116,0.01415893110962144,0.95,808,5,2000,2000,patient_within_outer_fold,percentile,reference - comparison (lower Brier is better),-0.004618146823648112,-0.004618146823648112,"{""model_key"":""C+M|PCA_SELECTED""}","{""model_key"":""LateFusion(C,M)|PCA_SELECTED""}",1304394319993189191
late_vs_concat_C_M,full_808,2026,LOCAL0,T2,auprc,0.5391807491775237,0.5293642355711016,-0.009816513606422106,-0.05563018289710273,0.03771569494554885,0.95,808,5,2000,2000,patient_within_outer_fold,percentile,comparison - reference,-0.009816513606422106,,"{""model_key"":""C+M|PCA_SELECTED""}","{""model_key"":""LateFusion(C,M)|PCA_SELECTED""}",8661324549108313895
late_vs_concat_C_M,full_808,2026,LOCAL0,T2,auroc,0.6828790721473649,0.6592665870714651,-0.023612485075899747,-0.06389136819265527,0.015850280644701356,0.95,808,5,2000,2000,patient_within_outer_fold,percentile,comparison - reference,-0.023612485075899747,,"{""model_key"":""C+M|PCA_SELECTED""}","{""model_key"":""LateFusion(C,M)|PCA_SELECTED""}",8661324549108313895
late_vs_concat_C_M,full_808,2026,LOCAL0,T2,brier,0.228895062557263,0.2353834112268912,-0.006488348669628191,-0.014128856690372312,0.0017368483797985267,0.95,808,5,2000,2000,patient_within_outer_fold,percentile,reference - comparison (lower Brier is better),0.006488348669628191,0.006488348669628191,"{""model_key"":""C+M|PCA_SELECTED""}","{""model_key"":""LateFusion(C,M)|PCA_SELECTED""}",8661324549108313895
late_vs_concat_C_M,full_808,2026,LOCAL0,T3,auprc,0.49522673972552345,0.5233729569406245,0.02814621721510102,-0.01318313931816369,0.06897867819858661,0.95,808,5,2000,2000,patient_within_outer_fold,percentile,comparison - reference,0.02814621721510102,,"{""model_key"":""C+M|PCA_SELECTED""}","{""model_key"":""LateFusion(C,M)|PCA_SELECTED""}",3166757552719700050
late_vs_concat_C_M,full_808,2026,LOCAL0,T3,auroc,0.656394337369947,0.6672556711581101,0.010861333788163119,-0.022411250012372468,0.04456142777934261,0.95,808,5,2000,2000,patient_within_outer_fold,percentile,comparison - reference,0.010861333788163119,,"{""model_key"":""C+M|PCA_SELECTED""}","{""model_key"":""LateFusion(C,M)|PCA_SELECTED""}",3166757552719700050
late_vs_concat_C_M,full_808,2026,LOCAL0,T3,brier,0.22730764665075856,0.21658705192226102,0.01072059472849754,0.0033107619990904525,0.018478405744855937,0.95,808,5,2000,2000,patient_within_outer_fold,percentile,reference - comparison (lower Brier is better),-0.01072059472849754,-0.01072059472849754,"{""model_key"":""C+M|PCA_SELECTED""}","{""model_key"":""LateFusion(C,M)|PCA_SELECTED""}",3166757552719700050
late_vs_concat_C_M,full_808,2026,LOCAL3,T0,auprc,0.5156510462734701,0.5245716676507379,0.00892062137726779,-0.03406889140839707,0.04794230739282785,0.95,808,5,2000,2000,patient_within_outer_fold,percentile,comparison - reference,0.00892062137726779,,"{""model_key"":""C+M|PCA_SELECTED""}","{""model_key"":""LateFusion(C,M)|PCA_SELECTED""}",6256511545396312527
late_vs_concat_C_M,full_808,2026,LOCAL3,T0,auroc,0.6622411734606857,0.6702370799931776,0.007995906532491937,-0.023061779489080884,0.040654848322038396,0.95,808,5,2000,2000,patient_within_outer_fold,percentile,comparison - reference,0.007995906532491937,,"{""model_key"":""C+M|PCA_SELECTED""}","{""model_key"":""LateFusion(C,M)|PCA_SELECTED""}",6256511545396312527
late_vs_concat_C_M,full_808,2026,LOCAL3,T0,brier,0.22717586871925008,0.21147107983131166,0.015704788887938415,0.0078050260372719065,0.023508384850277692,0.95,808,5,2000,2000,patient_within_outer_fold,percentile,reference - comparison (lower Brier is better),-0.015704788887938415,-0.015704788887938415,"{""model_key"":""C+M|PCA_SELECTED""}","{""model_key"":""LateFusion(C,M)|PCA_SELECTED""}",6256511545396312527
late_vs_concat_C_M,full_808,2026,LOCAL3,T1,auprc,0.5405446061850211,0.5128638048728347,-0.02768080131218642,-0.07405486238301347,0.02369853961580581,0.95,808,5,2000,2000,patient_within_outer_fold,percentile,comparison - reference,-0.02768080131218642,,"{""model_key"":""C+M|PCA_SELECTED""}","{""model_key"":""LateFusion(C,M)|PCA_SELECTED""}",5825693916789853954
late_vs_concat_C_M,full_808,2026,LOCAL3,T1,auroc,0.6715196998123828,0.6642537949855022,-0.007265904826880609,-0.04869664240057436,0.03667125673281029,0.95,808,5,2000,2000,patient_within_outer_fold,percentile,comparison - reference,-0.007265904826880609,,"{""model_key"":""C+M|PCA_SELECTED""}","{""model_key"":""LateFusion(C,M)|PCA_SELECTED""}",5825693916789853954
late_vs_concat_C_M,full_808,2026,LOCAL3,T1,brier,0.22186248689935187,0.22776047301216656,-0.005897986112814696,-0.015340688177700073,0.00288509515884234,0.95,808,5,2000,2000,patient_within_outer_fold,percentile,reference - comparison (lower Brier is better),0.005897986112814696,0.005897986112814696,"{""model_key"":""C+M|PCA_SELECTED""}","{""model_key"":""LateFusion(C,M)|PCA_SELECTED""}",5825693916789853954
late_vs_concat_C_M,full_808,2026,LOCAL3,T2,auprc,0.5284829090692255,0.49472752200387926,-0.0337553870653462,-0.07980461653174865,0.01632202993735028,0.95,808,5,2000,2000,patient_within_outer_fold,percentile,comparison - reference,-0.0337553870653462,,"{""model_key"":""C+M|PCA_SELECTED""}","{""model_key"":""LateFusion(C,M)|PCA_SELECTED""}",1584177955785586243
late_vs_concat_C_M,full_808,2026,LOCAL3,T2,auroc,0.6753198021490705,0.6526692819375746,-0.02265052021149594,-0.05878412894587032,0.01065420966350686,0.95,808,5,2000,2000,patient_within_outer_fold,percentile,comparison - reference,-0.02265052021149594,,"{""model_key"":""C+M|PCA_SELECTED""}","{""model_key"":""LateFusion(C,M)|PCA_SELECTED""}",1584177955785586243
late_vs_concat_C_M,full_808,2026,LOCAL3,T2,brier,0.2309779613242686,0.2199354125740579,0.011042548750210684,0.0027095704658823536,0.0193264757299257,0.95,808,5,2000,2000,patient_within_outer_fold,percentile,reference - comparison (lower Brier is better),-0.011042548750210684,-0.011042548750210684,"{""model_key"":""C+M|PCA_SELECTED""}","{""model_key"":""LateFusion(C,M)|PCA_SELECTED""}",1584177955785586243
late_vs_concat_C_M,full_808,2026,LOCAL3,T3,auprc,0.5165522904432154,0.4991972105204907,-0.01735507992272467,-0.060613418913444836,0.02576324596724585,0.95,808,5,2000,2000,patient_within_outer_fold,percentile,comparison - reference,-0.01735507992272467,,"{""model_key"":""C+M|PCA_SELECTED""}","{""model_key"":""LateFusion(C,M)|PCA_SELECTED""}",7532485452821626877
late_vs_concat_C_M,full_808,2026,LOCAL3,T3,auroc,0.658318267098755,0.6395087838990279,-0.018809483199727084,-0.05969574543266318,0.021864882803032563,0.95,808,5,2000,2000,patient_within_outer_fold,percentile,comparison - reference,-0.018809483199727084,,"{""model_key"":""C+M|PCA_SELECTED""}","{""model_key"":""LateFusion(C,M)|PCA_SELECTED""}",7532485452821626877
late_vs_concat_C_M,full_808,2026,LOCAL3,T3,brier,0.23010604055085992,0.22933761933924574,0.0007684212116141897,-0.005412202532467601,0.00707911051189364,0.95,808,5,2000,2000,patient_within_outer_fold,percentile,reference - comparison (lower Brier is better),-0.0007684212116141897,-0.0007684212116141897,"{""model_key"":""C+M|PCA_SELECTED""}","{""model_key"":""LateFusion(C,M)|PCA_SELECTED""}",7532485452821626877
late_vs_concat_C_M,full_808,3026,LOCAL0,T0,auprc,0.5020652203461111,0.5386504849145398,0.0365852645684287,-0.010639763753847963,0.07875662041958688,0.95,808,5,2000,2000,patient_within_outer_fold,percentile,comparison - reference,0.0365852645684287,,"{""model_key"":""C+M|PCA_SELECTED""}","{""model_key"":""LateFusion(C,M)|PCA_SELECTED""}",6025007703726270674
late_vs_concat_C_M,full_808,3026,LOCAL0,T0,auroc,0.6683267951560634,0.6818761726078799,0.013549377451816502,-0.023385206631509992,0.0475786014992598,0.95,808,5,2000,2000,patient_within_outer_fold,percentile,comparison - reference,0.013549377451816502,,"{""model_key"":""C+M|PCA_SELECTED""}","{""model_key"":""LateFusion(C,M)|PCA_SELECTED""}",6025007703726270674
late_vs_concat_C_M,full_808,3026,LOCAL0,T0,brier,0.2159017413177085,0.2057725969559209,0.010129144361787606,-0.0008936836063240943,0.02071906293577199,0.95,808,5,2000,2000,patient_within_outer_fold,percentile,reference - comparison (lower Brier is better),-0.010129144361787606,-0.010129144361787606,"{""model_key"":""C+M|PCA_SELECTED""}","{""model_key"":""LateFusion(C,M)|PCA_SELECTED""}",6025007703726270674
late_vs_concat_C_M,full_808,3026,LOCAL0,T1,auprc,0.49737573978015615,0.49137138799234614,-0.006004351787810003,-0.0498030283220617,0.03520772719912393,0.95,808,5,2000,2000,patient_within_outer_fold,percentile,comparison - reference,-0.006004351787810003,,"{""model_key"":""C+M|PCA_SELECTED""}","{""model_key"":""LateFusion(C,M)|PCA_SELECTED""}",3145887162485049375
late_vs_concat_C_M,full_808,3026,LOCAL0,T1,auroc,0.6672010915913356,0.6428313150264369,-0.024369776564898693,-0.05978169353889583,0.00951060122048202,0.95,808,5,2000,2000,patient_within_outer_fold,percentile,comparison - reference,-0.024369776564898693,,"{""model_key"":""C+M|PCA_SELECTED""}","{""model_key"":""LateFusion(C,M)|PCA_SELECTED""}",3145887162485049375
late_vs_concat_C_M,full_808,3026,LOCAL0,T1,brier,0.2268620845738679,0.22489459112321386,0.0019674934506540287,-0.00704529742790784,0.010446698141539089,0.95,808,5,2000,2000,patient_within_outer_fold,percentile,reference - comparison (lower Brier is better),-0.0019674934506540287,-0.0019674934506540287,"{""model_key"":""C+M|PCA_SELECTED""}","{""model_key"":""LateFusion(C,M)|PCA_SELECTED""}",3145887162485049375
late_vs_concat_C_M,full_808,3026,LOCAL0,T2,auprc,0.5526810319050532,0.53712866455278,-0.015552367352273277,-0.05429423414763779,0.02253201829895072,0.95,808,5,2000,2000,patient_within_outer_fold,percentile,comparison - reference,-0.015552367352273277,,"{""model_key"":""C+M|PCA_SELECTED""}","{""model_key"":""LateFusion(C,M)|PCA_SELECTED""}",1694949717887623833
late_vs_concat_C_M,full_808,3026,LOCAL0,T2,auroc,0.6858945932116665,0.6673989425208937,-0.018495650690772747,-0.053234847228780156,0.017207013037411206,0.95,808,5,2000,2000,patient_within_outer_fold,percentile,comparison - reference,-0.018495650690772747,,"{""model_key"":""C+M|PCA_SELECTED""}","{""model_key"":""LateFusion(C,M)|PCA_SELECTED""}",1694949717887623833
late_vs_concat_C_M,full_808,3026,LOCAL0,T2,brier,0.21988963578540305,0.2208623768527602,-0.0009727410673571468,-0.0075530548165476845,0.0052755227831556735,0.95,808,5,2000,2000,patient_within_outer_fold,percentile,reference - comparison (lower Brier is better),0.0009727410673571468,0.0009727410673571468,"{""model_key"":""C+M|PCA_SELECTED""}","{""model_key"":""LateFusion(C,M)|PCA_SELECTED""}",1694949717887623833
late_vs_concat_C_M,full_808,3026,LOCAL0,T3,auprc,0.5540148790871375,0.5363882800788389,-0.01762659900829866,-0.05815319678872737,0.024331276993202672,0.95,808,5,2000,2000,patient_within_outer_fold,percentile,comparison - reference,-0.01762659900829866,,"{""model_key"":""C+M|PCA_SELECTED""}","{""model_key"":""LateFusion(C,M)|PCA_SELECTED""}",4414674879479970152
late_vs_concat_C_M,full_808,3026,LOCAL0,T3,auroc,0.6851441241685144,0.6731229745863891,-0.012021149582125301,-0.04226661655451687,0.019697334496264863,0.95,808,5,2000,2000,patient_within_outer_fold,percentile,comparison - reference,-0.012021149582125301,,"{""model_key"":""C+M|PCA_SELECTED""}","{""model_key"":""LateFusion(C,M)|PCA_SELECTED""}",4414674879479970152
late_vs_concat_C_M,full_808,3026,LOCAL0,T3,brier,0.21774780115197132,0.21220504570260873,0.005542755449362585,-0.0018565784728590098,0.012857408820925963,0.95,808,5,2000,2000,patient_within_outer_fold,percentile,reference - comparison (lower Brier is better),-0.005542755449362585,-0.005542755449362585,"{""model_key"":""C+M|PCA_SELECTED""}","{""model_key"":""LateFusion(C,M)|PCA_SELECTED""}",4414674879479970152
late_vs_concat_C_M,full_808,3026,LOCAL3,T0,auprc,0.5131884608519354,0.5036252355771872,-0.009563225274748177,-0.06098509408033307,0.044897415529108614,0.95,808,5,2000,2000,patient_within_outer_fold,percentile,comparison - reference,-0.009563225274748177,,"{""model_key"":""C+M|PCA_SELECTED""}","{""model_key"":""LateFusion(C,M)|PCA_SELECTED""}",5167697221408890115
late_vs_concat_C_M,full_808,3026,LOCAL3,T0,auroc,0.6736960600375235,0.6503496503496504,-0.02334640968787305,-0.06631771518655799,0.02018585104668557,0.95,808,5,2000,2000,patient_within_outer_fold,percentile,comparison - reference,-0.02334640968787305,,"{""model_key"":""C+M|PCA_SELECTED""}","{""model_key"":""LateFusion(C,M)|PCA_SELECTED""}",5167697221408890115
late_vs_concat_C_M,full_808,3026,LOCAL3,T0,brier,0.21796850421535574,0.22641497567893498,-0.008446471463579242,-0.019021422224502624,0.0021883509288366425,0.95,808,5,2000,2000,patient_within_outer_fold,percentile,reference - comparison (lower Brier is better),0.008446471463579242,0.008446471463579242,"{""model_key"":""C+M|PCA_SELECTED""}","{""model_key"":""LateFusion(C,M)|PCA_SELECTED""}",5167697221408890115
late_vs_concat_C_M,full_808,3026,LOCAL3,T1,auprc,0.5030833427823737,0.5558102782520049,0.05272693546963125,0.007047797587513094,0.1004341369954716,0.95,808,5,2000,2000,patient_within_outer_fold,percentile,comparison - reference,0.05272693546963125,,"{""model_key"":""C+M|PCA_SELECTED""}","{""model_key"":""LateFusion(C,M)|PCA_SELECTED""}",4552120311384960850
late_vs_concat_C_M,full_808,3026,LOCAL3,T1,auroc,0.6661572573767696,0.7141940985843425,0.0480368412075729,0.016695807847073953,0.07896666849722296,0.95,808,5,2000,2000,patient_within_outer_fold,percentile,comparison - reference,0.0480368412075729,,"{""model_key"":""C+M|PCA_SELECTED""}","{""model_key"":""LateFusion(C,M)|PCA_SELECTED""}",4552120311384960850
late_vs_concat_C_M,full_808,3026,LOCAL3,T1,brier,0.22523757084075546,0.1966297924320012,0.028607778408754253,0.01785279476003037,0.039307813734393196,0.95,808,5,2000,2000,patient_within_outer_fold,percentile,reference - comparison (lower Brier is better),-0.028607778408754253,-0.028607778408754253,"{""model_key"":""C+M|PCA_SELECTED""}","{""model_key"":""LateFusion(C,M)|PCA_SELECTED""}",4552120311384960850
late_vs_concat_C_M,full_808,3026,LOCAL3,T2,auprc,0.5518623202909534,0.5250232388777626,-0.026839081413190802,-0.07571637548667219,0.02495508919292865,0.95,808,5,2000,2000,patient_within_outer_fold,percentile,comparison - reference,-0.026839081413190802,,"{""model_key"":""C+M|PCA_SELECTED""}","{""model_key"":""LateFusion(C,M)|PCA_SELECTED""}",3239381711134751317
late_vs_concat_C_M,full_808,3026,LOCAL3,T2,auroc,0.6897151628858946,0.670093808630394,-0.0196213542555006,-0.06141660133077361,0.02072748023134287,0.95,808,5,2000,2000,patient_within_outer_fold,percentile,comparison - reference,-0.0196213542555006,,"{""model_key"":""C+M|PCA_SELECTED""}","{""model_key"":""LateFusion(C,M)|PCA_SELECTED""}",3239381711134751317
late_vs_concat_C_M,full_808,3026,LOCAL3,T2,brier,0.21929809144502327,0.22728558917722227,-0.007987497732199006,-0.018166086633346103,0.003177227525423317,0.95,808,5,2000,2000,patient_within_outer_fold,percentile,reference - comparison (lower Brier is better),0.007987497732199006,0.007987497732199006,"{""model_key"":""C+M|PCA_SELECTED""}","{""model_key"":""LateFusion(C,M)|PCA_SELECTED""}",3239381711134751317
late_vs_concat_C_M,full_808,3026,LOCAL3,T3,auprc,0.5563351194174152,0.5342596578515054,-0.022075461565909782,-0.0569935939321822,0.012495006069663207,0.95,808,5,2000,2000,patient_within_outer_fold,percentile,comparison - reference,-0.022075461565909782,,"{""model_key"":""C+M|PCA_SELECTED""}","{""model_key"":""LateFusion(C,M)|PCA_SELECTED""}",6118721673467564194
late_vs_concat_C_M,full_808,3026,LOCAL3,T3,auroc,0.6930922735800784,0.6699846494968447,-0.023107624083233747,-0.045697852386035374,-0.0007063620293644163,0.95,808,5,2000,2000,patient_within_outer_fold,percentile,comparison - reference,-0.023107624083233747,,"{""model_key"":""C+M|PCA_SELECTED""}","{""model_key"":""LateFusion(C,M)|PCA_SELECTED""}",6118721673467564194
late_vs_concat_C_M,full_808,3026,LOCAL3,T3,brier,0.21911824572235986,0.21809676209299345,0.0010214836293664098,-0.0034391804486943764,0.0053219741607375675,0.95,808,5,2000,2000,patient_within_outer_fold,percentile,reference - comparison (lower Brier is better),-0.0010214836293664098,-0.0010214836293664098,"{""model_key"":""C+M|PCA_SELECTED""}","{""model_key"":""LateFusion(C,M)|PCA_SELECTED""}",6118721673467564194
raw_vs_compact_CF_plus_M,ftv_complete_375,2026,LOCAL0,T0,auprc,0.36720766474513,0.47015472123338925,0.10294705648825925,0.03605917280946395,0.16788346063312265,0.95,375,5,2000,2000,patient_within_outer_fold,percentile,comparison - reference,0.10294705648825925,,"{""model_key"":""C+F+M|RAW""}","{""model_key"":""C+F+M|PCA_SELECTED""}",1442608697231221431
raw_vs_compact_CF_plus_M,ftv_complete_375,2026,LOCAL0,T0,auroc,0.5856260720411663,0.6379073756432247,0.052281303602058404,-0.009950942963807326,0.11751682222704563,0.95,375,5,2000,2000,patient_within_outer_fold,percentile,comparison - reference,0.052281303602058404,,"{""model_key"":""C+F+M|RAW""}","{""model_key"":""C+F+M|PCA_SELECTED""}",1442608697231221431
raw_vs_compact_CF_plus_M,ftv_complete_375,2026,LOCAL0,T0,brier,0.24667769235052356,0.2291173983323155,0.01756029401820805,-0.006896872084420737,0.042327559119467686,0.95,375,5,2000,2000,patient_within_outer_fold,percentile,reference - comparison (lower Brier is better),-0.01756029401820805,-0.01756029401820805,"{""model_key"":""C+F+M|RAW""}","{""model_key"":""C+F+M|PCA_SELECTED""}",1442608697231221431
raw_vs_compact_CF_plus_M,ftv_complete_375,2026,LOCAL0,T1,auprc,0.422152208719028,0.532143382122308,0.10999117340328007,0.05282368186391735,0.1764960369409184,0.95,375,5,2000,2000,patient_within_outer_fold,percentile,comparison - reference,0.10999117340328007,,"{""model_key"":""C+F+M|RAW""}","{""model_key"":""C+F+M|PCA_SELECTED""}",6669662919832341343
raw_vs_compact_CF_plus_M,ftv_complete_375,2026,LOCAL0,T1,auroc,0.6471012006861063,0.7132761578044596,0.0661749571183533,0.01812221601714472,0.11332930425923435,0.95,375,5,2000,2000,patient_within_outer_fold,percentile,comparison - reference,0.0661749571183533,,"{""model_key"":""C+F+M|RAW""}","{""model_key"":""C+F+M|PCA_SELECTED""}",6669662919832341343
raw_vs_compact_CF_plus_M,ftv_complete_375,2026,LOCAL0,T1,brier,0.21824736186985183,0.18872833076462012,0.029519031105231713,0.012845151022350164,0.047514213840497685,0.95,375,5,2000,2000,patient_within_outer_fold,percentile,reference - comparison (lower Brier is better),-0.029519031105231713,-0.029519031105231713,"{""model_key"":""C+F+M|RAW""}","{""model_key"":""C+F+M|PCA_SELECTED""}",6669662919832341343
raw_vs_compact_CF_plus_M,ftv_complete_375,2026,LOCAL0,T2,auprc,0.41238919391103424,0.47903616704618485,0.06664697313515061,-0.0007551422165080231,0.13739793271020417,0.95,375,5,2000,2000,patient_within_outer_fold,percentile,comparison - reference,0.06664697313515061,,"{""model_key"":""C+F+M|RAW""}","{""model_key"":""C+F+M|PCA_SELECTED""}",7188041604015171499
raw_vs_compact_CF_plus_M,ftv_complete_375,2026,LOCAL0,T2,auroc,0.6190394511149228,0.6841509433962264,0.06511149228130364,0.006956478890884357,0.1271116706689537,0.95,375,5,2000,2000,patient_within_outer_fold,percentile,comparison - reference,0.06511149228130364,,"{""model_key"":""C+F+M|RAW""}","{""model_key"":""C+F+M|PCA_SELECTED""}",7188041604015171499
raw_vs_compact_CF_plus_M,ftv_complete_375,2026,LOCAL0,T2,brier,0.23788565824297378,0.21536850428950446,0.022517153953469315,0.0004433817509237463,0.04642756618439005,0.95,375,5,2000,2000,patient_within_outer_fold,percentile,reference - comparison (lower Brier is better),-0.022517153953469315,-0.022517153953469315,"{""model_key"":""C+F+M|RAW""}","{""model_key"":""C+F+M|PCA_SELECTED""}",7188041604015171499
raw_vs_compact_CF_plus_M,ftv_complete_375,2026,LOCAL0,T3,auprc,0.4024634631574642,0.48961370450506225,0.08715024134759808,0.02022662194331744,0.14876866586172907,0.95,375,5,2000,2000,patient_within_outer_fold,percentile,comparison - reference,0.08715024134759808,,"{""model_key"":""C+F+M|RAW""}","{""model_key"":""C+F+M|PCA_SELECTED""}",2701658839130931830
raw_vs_compact_CF_plus_M,ftv_complete_375,2026,LOCAL0,T3,auroc,0.6227444253859349,0.6902572898799313,0.0675128644939964,0.017033297647155856,0.11911562734449894,0.95,375,5,2000,2000,patient_within_outer_fold,percentile,comparison - reference,0.0675128644939964,,"{""model_key"":""C+F+M|RAW""}","{""model_key"":""C+F+M|PCA_SELECTED""}",2701658839130931830
raw_vs_compact_CF_plus_M,ftv_complete_375,2026,LOCAL0,T3,brier,0.24550206631554208,0.21226387228120847,0.03323819403433362,0.01015178124188574,0.0555226283971581,0.95,375,5,2000,2000,patient_within_outer_fold,percentile,reference - comparison (lower Brier is better),-0.03323819403433362,-0.03323819403433362,"{""model_key"":""C+F+M|RAW""}","{""model_key"":""C+F+M|PCA_SELECTED""}",2701658839130931830
raw_vs_compact_CF_plus_M,ftv_complete_375,2026,LOCAL3,T0,auprc,0.32966634473255374,0.4883585337259269,0.15869218899337317,0.08360114467511112,0.2224237480998028,0.95,375,5,2000,2000,patient_within_outer_fold,percentile,comparison - reference,0.15869218899337317,,"{""model_key"":""C+F+M|RAW""}","{""model_key"":""C+F+M|PCA_SELECTED""}",2929440456500361588
raw_vs_compact_CF_plus_M,ftv_complete_375,2026,LOCAL3,T0,auroc,0.5541166380789022,0.6553001715265866,0.10118353344768438,0.03160032148926663,0.17270040433369688,0.95,375,5,2000,2000,patient_within_outer_fold,percentile,comparison - reference,0.10118353344768438,,"{""model_key"":""C+F+M|RAW""}","{""model_key"":""C+F+M|PCA_SELECTED""}",2929440456500361588
raw_vs_compact_CF_plus_M,ftv_complete_375,2026,LOCAL3,T0,brier,0.2746834136004967,0.2308986525940132,0.043784761006483486,0.015537907929219148,0.07226114112509227,0.95,375,5,2000,2000,patient_within_outer_fold,percentile,reference - comparison (lower Brier is better),-0.043784761006483486,-0.043784761006483486,"{""model_key"":""C+F+M|RAW""}","{""model_key"":""C+F+M|PCA_SELECTED""}",2929440456500361588
raw_vs_compact_CF_plus_M,ftv_complete_375,2026,LOCAL3,T1,auprc,0.4209662162244224,0.5116815821766543,0.0907153659522319,0.03480662366155486,0.15384140464420823,0.95,375,5,2000,2000,patient_within_outer_fold,percentile,comparison - reference,0.0907153659522319,,"{""model_key"":""C+F+M|RAW""}","{""model_key"":""C+F+M|PCA_SELECTED""}",7105552588379358260
raw_vs_compact_CF_plus_M,ftv_complete_375,2026,LOCAL3,T1,auroc,0.6482332761578045,0.7005145797598626,0.05228130360205818,0.002904606647453889,0.10212557501018464,0.95,375,5,2000,2000,patient_within_outer_fold,percentile,comparison - reference,0.05228130360205818,,"{""model_key"":""C+F+M|RAW""}","{""model_key"":""C+F+M|PCA_SELECTED""}",7105552588379358260
raw_vs_compact_CF_plus_M,ftv_complete_375,2026,LOCAL3,T1,brier,0.2187685498014889,0.19842632116132033,0.020342228640168575,0.0023310982572071143,0.038547329227402505,0.95,375,5,2000,2000,patient_within_outer_fold,percentile,reference - comparison (lower Brier is better),-0.020342228640168575,-0.020342228640168575,"{""model_key"":""C+F+M|RAW""}","{""model_key"":""C+F+M|PCA_SELECTED""}",7105552588379358260
raw_vs_compact_CF_plus_M,ftv_complete_375,2026,LOCAL3,T2,auprc,0.40821731043473697,0.5131599416626581,0.10494263122792113,0.026993512408149227,0.18465405152396658,0.95,375,5,2000,2000,patient_within_outer_fold,percentile,comparison - reference,0.10494263122792113,,"{""model_key"":""C+F+M|RAW""}","{""model_key"":""C+F+M|PCA_SELECTED""}",4471771409483359496
raw_vs_compact_CF_plus_M,ftv_complete_375,2026,LOCAL3,T2,auroc,0.6220583190394511,0.7091252144082333,0.0870668953687822,0.0313609901528231,0.13972143143377133,0.95,375,5,2000,2000,patient_within_outer_fold,percentile,comparison - reference,0.0870668953687822,,"{""model_key"":""C+F+M|RAW""}","{""model_key"":""C+F+M|PCA_SELECTED""}",4471771409483359496
raw_vs_compact_CF_plus_M,ftv_complete_375,2026,LOCAL3,T2,brier,0.26047565228365027,0.20208173127804496,0.05839392100560531,0.03191354136406829,0.0839394895682278,0.95,375,5,2000,2000,patient_within_outer_fold,percentile,reference - comparison (lower Brier is better),-0.05839392100560531,-0.05839392100560531,"{""model_key"":""C+F+M|RAW""}","{""model_key"":""C+F+M|PCA_SELECTED""}",4471771409483359496
raw_vs_compact_CF_plus_M,ftv_complete_375,2026,LOCAL3,T3,auprc,0.3952456199032556,0.5000612201197375,0.10481560021648195,0.03889190057319276,0.17038996159509434,0.95,375,5,2000,2000,patient_within_outer_fold,percentile,comparison - reference,0.10481560021648195,,"{""model_key"":""C+F+M|RAW""}","{""model_key"":""C+F+M|PCA_SELECTED""}",98888807660813761
raw_vs_compact_CF_plus_M,ftv_complete_375,2026,LOCAL3,T3,auroc,0.6174957118353345,0.6921440823327616,0.07464837049742712,0.02409261475545743,0.12638308365624576,0.95,375,5,2000,2000,patient_within_outer_fold,percentile,comparison - reference,0.07464837049742712,,"{""model_key"":""C+F+M|RAW""}","{""model_key"":""C+F+M|PCA_SELECTED""}",98888807660813761
raw_vs_compact_CF_plus_M,ftv_complete_375,2026,LOCAL3,T3,brier,0.24988839076427832,0.2131464639813283,0.03674192678295002,0.014872996850911237,0.060270834172322964,0.95,375,5,2000,2000,patient_within_outer_fold,percentile,reference - comparison (lower Brier is better),-0.03674192678295002,-0.03674192678295002,"{""model_key"":""C+F+M|RAW""}","{""model_key"":""C+F+M|PCA_SELECTED""}",98888807660813761
raw_vs_compact_CF_plus_M,ftv_complete_375,3026,LOCAL0,T0,auprc,0.4062251239531152,0.4293869432530978,0.023161819299982567,-0.03687784316967457,0.0878425241810136,0.95,375,5,2000,2000,patient_within_outer_fold,percentile,comparison - reference,0.023161819299982567,,"{""model_key"":""C+F+M|RAW""}","{""model_key"":""C+F+M|PCA_SELECTED""}",4734895888329999604
raw_vs_compact_CF_plus_M,ftv_complete_375,3026,LOCAL0,T0,auroc,0.6305317324185249,0.6195883361921097,-0.010943396226415159,-0.07356770106880826,0.055183688799932185,0.95,375,5,2000,2000,patient_within_outer_fold,percentile,comparison - reference,-0.010943396226415159,,"{""model_key"":""C+F+M|RAW""}","{""model_key"":""C+F+M|PCA_SELECTED""}",4734895888329999604
raw_vs_compact_CF_plus_M,ftv_complete_375,3026,LOCAL0,T0,brier,0.23337597353004208,0.23281099631771424,0.000564977212327844,-0.024623227524779263,0.027079931014856153,0.95,375,5,2000,2000,patient_within_outer_fold,percentile,reference - comparison (lower Brier is better),-0.000564977212327844,-0.000564977212327844,"{""model_key"":""C+F+M|RAW""}","{""model_key"":""C+F+M|PCA_SELECTED""}",4734895888329999604
raw_vs_compact_CF_plus_M,ftv_complete_375,3026,LOCAL0,T1,auprc,0.45992823654230697,0.5020444815193985,0.042116244977091544,-0.027288020410856026,0.12457548949273252,0.95,375,5,2000,2000,patient_within_outer_fold,percentile,comparison - reference,0.042116244977091544,,"{""model_key"":""C+F+M|RAW""}","{""model_key"":""C+F+M|PCA_SELECTED""}",2865157961212662862
raw_vs_compact_CF_plus_M,ftv_complete_375,3026,LOCAL0,T1,auroc,0.6482332761578045,0.6895368782161235,0.04130360205831907,-0.01349632077430882,0.09862947123873347,0.95,375,5,2000,2000,patient_within_outer_fold,percentile,comparison - reference,0.04130360205831907,,"{""model_key"":""C+F+M|RAW""}","{""model_key"":""C+F+M|PCA_SELECTED""}",2865157961212662862
raw_vs_compact_CF_plus_M,ftv_complete_375,3026,LOCAL0,T1,brier,0.23782837571301865,0.2022806305016247,0.03554774521139395,0.011085747613959366,0.06192940525506973,0.95,375,5,2000,2000,patient_within_outer_fold,percentile,reference - comparison (lower Brier is better),-0.03554774521139395,-0.03554774521139395,"{""model_key"":""C+F+M|RAW""}","{""model_key"":""C+F+M|PCA_SELECTED""}",2865157961212662862
raw_vs_compact_CF_plus_M,ftv_complete_375,3026,LOCAL0,T2,auprc,0.45647681471997587,0.47222674952357896,0.015749934803603094,-0.05761986732213313,0.09203507968361467,0.95,375,5,2000,2000,patient_within_outer_fold,percentile,comparison - reference,0.015749934803603094,,"{""model_key"":""C+F+M|RAW""}","{""model_key"":""C+F+M|PCA_SELECTED""}",28530934154180264
raw_vs_compact_CF_plus_M,ftv_complete_375,3026,LOCAL0,T2,auroc,0.6646998284734134,0.6954373927958835,0.0307375643224701,-0.023215983194437618,0.08711098804138338,0.95,375,5,2000,2000,patient_within_outer_fold,percentile,comparison - reference,0.0307375643224701,,"{""model_key"":""C+F+M|RAW""}","{""model_key"":""C+F+M|PCA_SELECTED""}",28530934154180264
raw_vs_compact_CF_plus_M,ftv_complete_375,3026,LOCAL0,T2,brier,0.23529230666184514,0.20653532504266855,0.028756981619176586,0.004346399524593723,0.05284647554767434,0.95,375,5,2000,2000,patient_within_outer_fold,percentile,reference - comparison (lower Brier is better),-0.028756981619176586,-0.028756981619176586,"{""model_key"":""C+F+M|RAW""}","{""model_key"":""C+F+M|PCA_SELECTED""}",28530934154180264
raw_vs_compact_CF_plus_M,ftv_complete_375,3026,LOCAL0,T3,auprc,0.4257312372510493,0.49401469264988324,0.06828345539883396,-0.00889401874769432,0.1474050395067193,0.95,375,5,2000,2000,patient_within_outer_fold,percentile,comparison - reference,0.06828345539883396,,"{""model_key"":""C+F+M|RAW""}","{""model_key"":""C+F+M|PCA_SELECTED""}",4140890161320719643
raw_vs_compact_CF_plus_M,ftv_complete_375,3026,LOCAL0,T3,auroc,0.6588679245283019,0.6904631217838766,0.03159519725557469,-0.028124233836878582,0.08831525727702716,0.95,375,5,2000,2000,patient_within_outer_fold,percentile,comparison - reference,0.03159519725557469,,"{""model_key"":""C+F+M|RAW""}","{""model_key"":""C+F+M|PCA_SELECTED""}",4140890161320719643
raw_vs_compact_CF_plus_M,ftv_complete_375,3026,LOCAL0,T3,brier,0.24772832731384717,0.20495076912291113,0.04277755819093604,0.013167361414476027,0.07167411743235641,0.95,375,5,2000,2000,patient_within_outer_fold,percentile,reference - comparison (lower Brier is better),-0.04277755819093604,-0.04277755819093604,"{""model_key"":""C+F+M|RAW""}","{""model_key"":""C+F+M|PCA_SELECTED""}",4140890161320719643
raw_vs_compact_CF_plus_M,ftv_complete_375,3026,LOCAL3,T0,auprc,0.3981845931354563,0.4960681844590194,0.09788359132356311,0.012210208802878469,0.17867304969352113,0.95,375,5,2000,2000,patient_within_outer_fold,percentile,comparison - reference,0.09788359132356311,,"{""model_key"":""C+F+M|RAW""}","{""model_key"":""C+F+M|PCA_SELECTED""}",2463716108262364722
raw_vs_compact_CF_plus_M,ftv_complete_375,3026,LOCAL3,T0,auroc,0.6299485420240137,0.6562607204116637,0.026312178387649987,-0.04152397125835765,0.09109115174299395,0.95,375,5,2000,2000,patient_within_outer_fold,percentile,comparison - reference,0.026312178387649987,,"{""model_key"":""C+F+M|RAW""}","{""model_key"":""C+F+M|PCA_SELECTED""}",2463716108262364722
raw_vs_compact_CF_plus_M,ftv_complete_375,3026,LOCAL3,T0,brier,0.24243579483623118,0.22910502014905545,0.013330774687175723,-0.011249887919129202,0.037381839228565056,0.95,375,5,2000,2000,patient_within_outer_fold,percentile,reference - comparison (lower Brier is better),-0.013330774687175723,-0.013330774687175723,"{""model_key"":""C+F+M|RAW""}","{""model_key"":""C+F+M|PCA_SELECTED""}",2463716108262364722
raw_vs_compact_CF_plus_M,ftv_complete_375,3026,LOCAL3,T1,auprc,0.47004982294581216,0.5221427289667038,0.052092906020891616,-0.019295436099027095,0.13558312025744884,0.95,375,5,2000,2000,patient_within_outer_fold,percentile,comparison - reference,0.052092906020891616,,"{""model_key"":""C+F+M|RAW""}","{""model_key"":""C+F+M|PCA_SELECTED""}",5260970622044421255
raw_vs_compact_CF_plus_M,ftv_complete_375,3026,LOCAL3,T1,auroc,0.6579759862778731,0.7034991423670669,0.04552315608919377,-0.010484651426566896,0.10326242147344378,0.95,375,5,2000,2000,patient_within_outer_fold,percentile,comparison - reference,0.04552315608919377,,"{""model_key"":""C+F+M|RAW""}","{""model_key"":""C+F+M|PCA_SELECTED""}",5260970622044421255
raw_vs_compact_CF_plus_M,ftv_complete_375,3026,LOCAL3,T1,brier,0.2238766744489745,0.19126695241091587,0.03260972203805862,0.009152280940021261,0.05614806234892887,0.95,375,5,2000,2000,patient_within_outer_fold,percentile,reference - comparison (lower Brier is better),-0.03260972203805862,-0.03260972203805862,"{""model_key"":""C+F+M|RAW""}","{""model_key"":""C+F+M|PCA_SELECTED""}",5260970622044421255
raw_vs_compact_CF_plus_M,ftv_complete_375,3026,LOCAL3,T2,auprc,0.4665531890879071,0.4265074364857462,-0.04004575260216092,-0.1158232025870806,0.031544432237127086,0.95,375,5,2000,2000,patient_within_outer_fold,percentile,comparison - reference,-0.04004575260216092,,"{""model_key"":""C+F+M|RAW""}","{""model_key"":""C+F+M|PCA_SELECTED""}",1703239275710280753
raw_vs_compact_CF_plus_M,ftv_complete_375,3026,LOCAL3,T2,auroc,0.675540308747856,0.646106346483705,-0.02943396226415096,-0.08799740237191639,0.033583538797463355,0.95,375,5,2000,2000,patient_within_outer_fold,percentile,comparison - reference,-0.02943396226415096,,"{""model_key"":""C+F+M|RAW""}","{""model_key"":""C+F+M|PCA_SELECTED""}",1703239275710280753
raw_vs_compact_CF_plus_M,ftv_complete_375,3026,LOCAL3,T2,brier,0.23450193072009362,0.24280922267863259,-0.008307291958538965,-0.035038969663354284,0.02197261830073409,0.95,375,5,2000,2000,patient_within_outer_fold,percentile,reference - comparison (lower Brier is better),0.008307291958538965,0.008307291958538965,"{""model_key"":""C+F+M|RAW""}","{""model_key"":""C+F+M|PCA_SELECTED""}",1703239275710280753
raw_vs_compact_CF_plus_M,ftv_complete_375,3026,LOCAL3,T3,auprc,0.45430504727953414,0.4968621272832051,0.04255708000367098,-0.04879139200191253,0.12786278920751712,0.95,375,5,2000,2000,patient_within_outer_fold,percentile,comparison - reference,0.04255708000367098,,"{""model_key"":""C+F+M|RAW""}","{""model_key"":""C+F+M|PCA_SELECTED""}",5251832520549139122
raw_vs_compact_CF_plus_M,ftv_complete_375,3026,LOCAL3,T3,auroc,0.682572898799314,0.6892624356775299,0.006689536878215829,-0.05753792500177443,0.07192053349641057,0.95,375,5,2000,2000,patient_within_outer_fold,percentile,comparison - reference,0.006689536878215829,,"{""model_key"":""C+F+M|RAW""}","{""model_key"":""C+F+M|PCA_SELECTED""}",5251832520549139122
raw_vs_compact_CF_plus_M,ftv_complete_375,3026,LOCAL3,T3,brier,0.2330489494038298,0.20337733157606697,0.029671617827762842,-0.0008247195866687389,0.060861952781928165,0.95,375,5,2000,2000,patient_within_outer_fold,percentile,reference - comparison (lower Brier is better),-0.029671617827762842,-0.029671617827762842,"{""model_key"":""C+F+M|RAW""}","{""model_key"":""C+F+M|PCA_SELECTED""}",5251832520549139122
raw_vs_compact_C_plus_M,ftv_complete_375,2026,LOCAL0,T0,auprc,0.38578671529558084,0.47991860158286803,0.09413188628728719,0.0248362650813829,0.16194951576930317,0.95,375,5,2000,2000,patient_within_outer_fold,percentile,comparison - reference,0.09413188628728719,,"{""model_key"":""C+M|RAW""}","{""model_key"":""C+M|PCA_SELECTED""}",3700746695614626439
raw_vs_compact_C_plus_M,ftv_complete_375,2026,LOCAL0,T0,auroc,0.6052830188679246,0.6426758147512864,0.03739279588336186,-0.02513406983176042,0.1030105733749643,0.95,375,5,2000,2000,patient_within_outer_fold,percentile,comparison - reference,0.03739279588336186,,"{""model_key"":""C+M|RAW""}","{""model_key"":""C+M|PCA_SELECTED""}",3700746695614626439
raw_vs_compact_C_plus_M,ftv_complete_375,2026,LOCAL0,T0,brier,0.2371506910786505,0.23027212114541049,0.006878569933240014,-0.013354974102606594,0.03016152789038755,0.95,375,5,2000,2000,patient_within_outer_fold,percentile,reference - comparison (lower Brier is better),-0.006878569933240014,-0.006878569933240014,"{""model_key"":""C+M|RAW""}","{""model_key"":""C+M|PCA_SELECTED""}",3700746695614626439
raw_vs_compact_C_plus_M,ftv_complete_375,2026,LOCAL0,T1,auprc,0.3989570334474615,0.480132404266582,0.08117537081912052,0.023300112937537518,0.142589320924318,0.95,375,5,2000,2000,patient_within_outer_fold,percentile,comparison - reference,0.08117537081912052,,"{""model_key"":""C+M|RAW""}","{""model_key"":""C+M|PCA_SELECTED""}",11167779294462821
raw_vs_compact_C_plus_M,ftv_complete_375,2026,LOCAL0,T1,auroc,0.6245626072041166,0.6576672384219554,0.0331046312178388,-0.021308222470239124,0.08763564346358349,0.95,375,5,2000,2000,patient_within_outer_fold,percentile,comparison - reference,0.0331046312178388,,"{""model_key"":""C+M|RAW""}","{""model_key"":""C+M|PCA_SELECTED""}",11167779294462821
raw_vs_compact_C_plus_M,ftv_complete_375,2026,LOCAL0,T1,brier,0.22362637784740802,0.20885397366624012,0.014772404181167903,-0.002591107697193176,0.031865174476876645,0.95,375,5,2000,2000,patient_within_outer_fold,percentile,reference - comparison (lower Brier is better),-0.014772404181167903,-0.014772404181167903,"{""model_key"":""C+M|RAW""}","{""model_key"":""C+M|PCA_SELECTED""}",11167779294462821
raw_vs_compact_C_plus_M,ftv_complete_375,2026,LOCAL0,T2,auprc,0.392215078659754,0.3882674844434033,-0.003947594216350714,-0.05875374131132465,0.04487176101813554,0.95,375,5,2000,2000,patient_within_outer_fold,percentile,comparison - reference,-0.003947594216350714,,"{""model_key"":""C+M|RAW""}","{""model_key"":""C+M|PCA_SELECTED""}",5030855255638629956
raw_vs_compact_C_plus_M,ftv_complete_375,2026,LOCAL0,T2,auroc,0.6017152658662093,0.6119382504288164,0.010222984562607174,-0.03842462794918328,0.061239591668916904,0.95,375,5,2000,2000,patient_within_outer_fold,percentile,comparison - reference,0.010222984562607174,,"{""model_key"":""C+M|RAW""}","{""model_key"":""C+M|PCA_SELECTED""}",5030855255638629956
raw_vs_compact_C_plus_M,ftv_complete_375,2026,LOCAL0,T2,brier,0.2340507033777801,0.24842481724349624,-0.014374113865716132,-0.036094795951543586,0.006718114097613668,0.95,375,5,2000,2000,patient_within_outer_fold,percentile,reference - comparison (lower Brier is better),0.014374113865716132,0.014374113865716132,"{""model_key"":""C+M|RAW""}","{""model_key"":""C+M|PCA_SELECTED""}",5030855255638629956
raw_vs_compact_C_plus_M,ftv_complete_375,2026,LOCAL0,T3,auprc,0.35516639583797527,0.42409945399774707,0.0689330581597718,0.011745071709990307,0.12080345651487041,0.95,375,5,2000,2000,patient_within_outer_fold,percentile,comparison - reference,0.0689330581597718,,"{""model_key"":""C+M|RAW""}","{""model_key"":""C+M|PCA_SELECTED""}",5366342534167344117
raw_vs_compact_C_plus_M,ftv_complete_375,2026,LOCAL0,T3,auroc,0.5685763293310463,0.6052830188679246,0.03670668953687828,-0.013898296541999903,0.08628287452835579,0.95,375,5,2000,2000,patient_within_outer_fold,percentile,comparison - reference,0.03670668953687828,,"{""model_key"":""C+M|RAW""}","{""model_key"":""C+M|PCA_SELECTED""}",5366342534167344117
raw_vs_compact_C_plus_M,ftv_complete_375,2026,LOCAL0,T3,brier,0.25788039496992105,0.23663042403233522,0.02124997093758582,0.0031078614957115243,0.03970661047281458,0.95,375,5,2000,2000,patient_within_outer_fold,percentile,reference - comparison (lower Brier is better),-0.02124997093758582,-0.02124997093758582,"{""model_key"":""C+M|RAW""}","{""model_key"":""C+M|PCA_SELECTED""}",5366342534167344117
raw_vs_compact_C_plus_M,ftv_complete_375,2026,LOCAL3,T0,auprc,0.35381418256711633,0.4821934965010539,0.1283793139339376,0.05991607355367237,0.191043265492207,0.95,375,5,2000,2000,patient_within_outer_fold,percentile,comparison - reference,0.1283793139339376,,"{""model_key"":""C+M|RAW""}","{""model_key"":""C+M|PCA_SELECTED""}",6796009516735322428
raw_vs_compact_C_plus_M,ftv_complete_375,2026,LOCAL3,T0,auroc,0.5754716981132075,0.6551972555746141,0.07972555746140653,0.013815335737295606,0.14902606832753892,0.95,375,5,2000,2000,patient_within_outer_fold,percentile,comparison - reference,0.07972555746140653,,"{""model_key"":""C+M|RAW""}","{""model_key"":""C+M|PCA_SELECTED""}",6796009516735322428
raw_vs_compact_C_plus_M,ftv_complete_375,2026,LOCAL3,T0,brier,0.25220848621925285,0.22481958340107425,0.0273889028181786,0.0037485784766432538,0.05191418432353725,0.95,375,5,2000,2000,patient_within_outer_fold,percentile,reference - comparison (lower Brier is better),-0.0273889028181786,-0.0273889028181786,"{""model_key"":""C+M|RAW""}","{""model_key"":""C+M|PCA_SELECTED""}",6796009516735322428
raw_vs_compact_C_plus_M,ftv_complete_375,2026,LOCAL3,T1,auprc,0.4040585680087159,0.4510636712092733,0.0470051032005574,-0.01336464464065109,0.11099467973341368,0.95,375,5,2000,2000,patient_within_outer_fold,percentile,comparison - reference,0.0470051032005574,,"{""model_key"":""C+M|RAW""}","{""model_key"":""C+M|PCA_SELECTED""}",2660701207700632976
raw_vs_compact_C_plus_M,ftv_complete_375,2026,LOCAL3,T1,auroc,0.62483704974271,0.641269296740995,0.01643224699828494,-0.045296841288301165,0.07774560421842067,0.95,375,5,2000,2000,patient_within_outer_fold,percentile,comparison - reference,0.01643224699828494,,"{""model_key"":""C+M|RAW""}","{""model_key"":""C+M|PCA_SELECTED""}",2660701207700632976
raw_vs_compact_C_plus_M,ftv_complete_375,2026,LOCAL3,T1,brier,0.2274952690889509,0.24607653634971727,-0.018581267260766365,-0.039921208173308596,0.0039058066692085392,0.95,375,5,2000,2000,patient_within_outer_fold,percentile,reference - comparison (lower Brier is better),0.018581267260766365,0.018581267260766365,"{""model_key"":""C+M|RAW""}","{""model_key"":""C+M|PCA_SELECTED""}",2660701207700632976
raw_vs_compact_C_plus_M,ftv_complete_375,2026,LOCAL3,T2,auprc,0.37945359417725766,0.4534432915333259,0.07398969735606825,0.013605512457360278,0.13477623701533378,0.95,375,5,2000,2000,patient_within_outer_fold,percentile,comparison - reference,0.07398969735606825,,"{""model_key"":""C+M|RAW""}","{""model_key"":""C+M|PCA_SELECTED""}",3303605640867684813
raw_vs_compact_C_plus_M,ftv_complete_375,2026,LOCAL3,T2,auroc,0.6015094339622642,0.6472727272727272,0.04576329331046303,-0.016569220923741173,0.10687698914601639,0.95,375,5,2000,2000,patient_within_outer_fold,percentile,comparison - reference,0.04576329331046303,,"{""model_key"":""C+M|RAW""}","{""model_key"":""C+M|PCA_SELECTED""}",3303605640867684813
raw_vs_compact_C_plus_M,ftv_complete_375,2026,LOCAL3,T2,brier,0.2602240434223839,0.24278694278398893,0.017437100638394987,-0.008351013547189664,0.0442450540641176,0.95,375,5,2000,2000,patient_within_outer_fold,percentile,reference - comparison (lower Brier is better),-0.017437100638394987,-0.017437100638394987,"{""model_key"":""C+M|RAW""}","{""model_key"":""C+M|PCA_SELECTED""}",3303605640867684813
raw_vs_compact_C_plus_M,ftv_complete_375,2026,LOCAL3,T3,auprc,0.3629340702282097,0.4307084987266453,0.06777442849843557,0.00928368555518764,0.12165205834140884,0.95,375,5,2000,2000,patient_within_outer_fold,percentile,comparison - reference,0.06777442849843557,,"{""model_key"":""C+M|RAW""}","{""model_key"":""C+M|PCA_SELECTED""}",9211639153564523116
raw_vs_compact_C_plus_M,ftv_complete_375,2026,LOCAL3,T3,auroc,0.573344768439108,0.6305660377358492,0.057221269296741206,0.004625665186010099,0.11094971857466523,0.95,375,5,2000,2000,patient_within_outer_fold,percentile,comparison - reference,0.057221269296741206,,"{""model_key"":""C+M|RAW""}","{""model_key"":""C+M|PCA_SELECTED""}",9211639153564523116
raw_vs_compact_C_plus_M,ftv_complete_375,2026,LOCAL3,T3,brier,0.2593728142385988,0.241818046680028,0.017554767558570827,-0.0051839346226119545,0.041409858984670894,0.95,375,5,2000,2000,patient_within_outer_fold,percentile,reference - comparison (lower Brier is better),-0.017554767558570827,-0.017554767558570827,"{""model_key"":""C+M|RAW""}","{""model_key"":""C+M|PCA_SELECTED""}",9211639153564523116
raw_vs_compact_C_plus_M,ftv_complete_375,3026,LOCAL0,T0,auprc,0.4079632391761423,0.4322378444136459,0.024274605237503577,-0.0405934981532054,0.09271162713368392,0.95,375,5,2000,2000,patient_within_outer_fold,percentile,comparison - reference,0.024274605237503577,,"{""model_key"":""C+M|RAW""}","{""model_key"":""C+M|PCA_SELECTED""}",1379692550956587020
raw_vs_compact_C_plus_M,ftv_complete_375,3026,LOCAL0,T0,auroc,0.6317324185248714,0.6138250428816466,-0.017907375643224754,-0.08013787118994838,0.04689082326771512,0.95,375,5,2000,2000,patient_within_outer_fold,percentile,comparison - reference,-0.017907375643224754,,"{""model_key"":""C+M|RAW""}","{""model_key"":""C+M|PCA_SELECTED""}",1379692550956587020
raw_vs_compact_C_plus_M,ftv_complete_375,3026,LOCAL0,T0,brier,0.23274993235634994,0.23442582315440674,-0.0016758907980568005,-0.02510866248663182,0.026327873555433035,0.95,375,5,2000,2000,patient_within_outer_fold,percentile,reference - comparison (lower Brier is better),0.0016758907980568005,0.0016758907980568005,"{""model_key"":""C+M|RAW""}","{""model_key"":""C+M|PCA_SELECTED""}",1379692550956587020
raw_vs_compact_C_plus_M,ftv_complete_375,3026,LOCAL0,T1,auprc,0.41952698141709294,0.44098184010586033,0.021454858688767398,-0.056661457448998226,0.09710315443192888,0.95,375,5,2000,2000,patient_within_outer_fold,percentile,comparison - reference,0.021454858688767398,,"{""model_key"":""C+M|RAW""}","{""model_key"":""C+M|PCA_SELECTED""}",404142872897308441
raw_vs_compact_C_plus_M,ftv_complete_375,3026,LOCAL0,T1,auroc,0.6296740994854203,0.6288507718696398,-0.0008233276157805225,-0.06122170146739606,0.06461479835278909,0.95,375,5,2000,2000,patient_within_outer_fold,percentile,comparison - reference,-0.0008233276157805225,,"{""model_key"":""C+M|RAW""}","{""model_key"":""C+M|PCA_SELECTED""}",404142872897308441
raw_vs_compact_C_plus_M,ftv_complete_375,3026,LOCAL0,T1,brier,0.24007249699227792,0.23545836214383276,0.004614134848445167,-0.02042402934917695,0.03337757913610019,0.95,375,5,2000,2000,patient_within_outer_fold,percentile,reference - comparison (lower Brier is better),-0.004614134848445167,-0.004614134848445167,"{""model_key"":""C+M|RAW""}","{""model_key"":""C+M|PCA_SELECTED""}",404142872897308441
raw_vs_compact_C_plus_M,ftv_complete_375,3026,LOCAL0,T2,auprc,0.38223578292618376,0.4186912903116265,0.03645550738544273,-0.04453352600303735,0.11103492039923062,0.95,375,5,2000,2000,patient_within_outer_fold,percentile,comparison - reference,0.03645550738544273,,"{""model_key"":""C+M|RAW""}","{""model_key"":""C+M|PCA_SELECTED""}",5862558274046257431
raw_vs_compact_C_plus_M,ftv_complete_375,3026,LOCAL0,T2,auroc,0.6069296740994854,0.6221269296740994,0.015197255574614044,-0.049341554169827974,0.07393989153677304,0.95,375,5,2000,2000,patient_within_outer_fold,percentile,comparison - reference,0.015197255574614044,,"{""model_key"":""C+M|RAW""}","{""model_key"":""C+M|PCA_SELECTED""}",5862558274046257431
raw_vs_compact_C_plus_M,ftv_complete_375,3026,LOCAL0,T2,brier,0.25267598021952176,0.22703375869231202,0.02564222152720974,4.160861005478023e-05,0.051407175475499826,0.95,375,5,2000,2000,patient_within_outer_fold,percentile,reference - comparison (lower Brier is better),-0.02564222152720974,-0.02564222152720974,"{""model_key"":""C+M|RAW""}","{""model_key"":""C+M|PCA_SELECTED""}",5862558274046257431
raw_vs_compact_C_plus_M,ftv_complete_375,3026,LOCAL0,T3,auprc,0.37192256265144913,0.448372466765527,0.07644990411407787,-0.010379488946886888,0.154668754744608,0.95,375,5,2000,2000,patient_within_outer_fold,percentile,comparison - reference,0.07644990411407787,,"{""model_key"":""C+M|RAW""}","{""model_key"":""C+M|PCA_SELECTED""}",8965903243082176117
raw_vs_compact_C_plus_M,ftv_complete_375,3026,LOCAL0,T3,auroc,0.6046998284734134,0.6339279588336193,0.029228130360205884,-0.04021806746884433,0.10002561450886938,0.95,375,5,2000,2000,patient_within_outer_fold,percentile,comparison - reference,0.029228130360205884,,"{""model_key"":""C+M|RAW""}","{""model_key"":""C+M|PCA_SELECTED""}",8965903243082176117
raw_vs_compact_C_plus_M,ftv_complete_375,3026,LOCAL0,T3,brier,0.2752971408649286,0.22820120253026432,0.0470959383346643,0.015630172610244568,0.07956511665281511,0.95,375,5,2000,2000,patient_within_outer_fold,percentile,reference - comparison (lower Brier is better),-0.0470959383346643,-0.0470959383346643,"{""model_key"":""C+M|RAW""}","{""model_key"":""C+M|PCA_SELECTED""}",8965903243082176117
raw_vs_compact_C_plus_M,ftv_complete_375,3026,LOCAL3,T0,auprc,0.39507205512712573,0.4873491956826775,0.09227714055555175,0.014700583269963279,0.17484345757456024,0.95,375,5,2000,2000,patient_within_outer_fold,percentile,comparison - reference,0.09227714055555175,,"{""model_key"":""C+M|RAW""}","{""model_key"":""C+M|PCA_SELECTED""}",2964792501850544059
raw_vs_compact_C_plus_M,ftv_complete_375,3026,LOCAL3,T0,auroc,0.62778730703259,0.6544082332761577,0.02662092624356771,-0.04271120170652839,0.09263545204911793,0.95,375,5,2000,2000,patient_within_outer_fold,percentile,comparison - reference,0.02662092624356771,,"{""model_key"":""C+M|RAW""}","{""model_key"":""C+M|PCA_SELECTED""}",2964792501850544059
raw_vs_compact_C_plus_M,ftv_complete_375,3026,LOCAL3,T0,brier,0.24218855458554034,0.2245513811142996,0.017637173471240747,-0.006883334442195026,0.04493254651777743,0.95,375,5,2000,2000,patient_within_outer_fold,percentile,reference - comparison (lower Brier is better),-0.017637173471240747,-0.017637173471240747,"{""model_key"":""C+M|RAW""}","{""model_key"":""C+M|PCA_SELECTED""}",2964792501850544059
raw_vs_compact_C_plus_M,ftv_complete_375,3026,LOCAL3,T1,auprc,0.43058152534027905,0.4389630937315868,0.00838156839130777,-0.05538569555443993,0.07156458552144816,0.95,375,5,2000,2000,patient_within_outer_fold,percentile,comparison - reference,0.00838156839130777,,"{""model_key"":""C+M|RAW""}","{""model_key"":""C+M|PCA_SELECTED""}",82473243554964221
raw_vs_compact_C_plus_M,ftv_complete_375,3026,LOCAL3,T1,auroc,0.6313207547169811,0.6380102915951973,0.006689536878216162,-0.04754910071643943,0.06034757244918944,0.95,375,5,2000,2000,patient_within_outer_fold,percentile,comparison - reference,0.006689536878216162,,"{""model_key"":""C+M|RAW""}","{""model_key"":""C+M|PCA_SELECTED""}",82473243554964221
raw_vs_compact_C_plus_M,ftv_complete_375,3026,LOCAL3,T1,brier,0.23723624156902043,0.22677087378471644,0.010465367784303986,-0.013148415587529579,0.03354975989083762,0.95,375,5,2000,2000,patient_within_outer_fold,percentile,reference - comparison (lower Brier is better),-0.010465367784303986,-0.010465367784303986,"{""model_key"":""C+M|RAW""}","{""model_key"":""C+M|PCA_SELECTED""}",82473243554964221
raw_vs_compact_C_plus_M,ftv_complete_375,3026,LOCAL3,T2,auprc,0.45206328894907255,0.417945790141208,-0.03411749880786458,-0.08472451168808613,0.021111763975898243,0.95,375,5,2000,2000,patient_within_outer_fold,percentile,comparison - reference,-0.03411749880786458,,"{""model_key"":""C+M|RAW""}","{""model_key"":""C+M|PCA_SELECTED""}",98987130178155345
raw_vs_compact_C_plus_M,ftv_complete_375,3026,LOCAL3,T2,auroc,0.6575300171526587,0.6393138936535163,-0.018216123499142367,-0.06624986190246253,0.029771537626935893,0.95,375,5,2000,2000,patient_within_outer_fold,percentile,comparison - reference,-0.018216123499142367,,"{""model_key"":""C+M|RAW""}","{""model_key"":""C+M|PCA_SELECTED""}",98987130178155345
raw_vs_compact_C_plus_M,ftv_complete_375,3026,LOCAL3,T2,brier,0.22460077429832484,0.23208275864162534,-0.007481984343300496,-0.026292207219424754,0.011494666492896353,0.95,375,5,2000,2000,patient_within_outer_fold,percentile,reference - comparison (lower Brier is better),0.007481984343300496,0.007481984343300496,"{""model_key"":""C+M|RAW""}","{""model_key"":""C+M|PCA_SELECTED""}",98987130178155345
raw_vs_compact_C_plus_M,ftv_complete_375,3026,LOCAL3,T3,auprc,0.40778696832224715,0.44262439641281315,0.034837428090566,-0.049093277951081614,0.11403008485462973,0.95,375,5,2000,2000,patient_within_outer_fold,percentile,comparison - reference,0.034837428090566,,"{""model_key"":""C+M|RAW""}","{""model_key"":""C+M|PCA_SELECTED""}",5155801810461683730
raw_vs_compact_C_plus_M,ftv_complete_375,3026,LOCAL3,T3,auroc,0.6503945111492281,0.6286106346483704,-0.02178387650085767,-0.09267666736802117,0.05094634824063116,0.95,375,5,2000,2000,patient_within_outer_fold,percentile,comparison - reference,-0.02178387650085767,,"{""model_key"":""C+M|RAW""}","{""model_key"":""C+M|PCA_SELECTED""}",5155801810461683730
raw_vs_compact_C_plus_M,ftv_complete_375,3026,LOCAL3,T3,brier,0.24634791517972057,0.22855471138097538,0.01779320379874519,-0.009642975120943219,0.0475881854712731,0.95,375,5,2000,2000,patient_within_outer_fold,percentile,reference - comparison (lower Brier is better),-0.01779320379874519,-0.01779320379874519,"{""model_key"":""C+M|RAW""}","{""model_key"":""C+M|PCA_SELECTED""}",5155801810461683730
raw_vs_compact_C_plus_M,full_808,2026,LOCAL0,T0,auprc,0.49028666974244767,0.5182865863682665,0.027999916625818855,-0.022471823523739595,0.07471659818912121,0.95,808,5,2000,2000,patient_within_outer_fold,percentile,comparison - reference,0.027999916625818855,,"{""model_key"":""C+M|RAW""}","{""model_key"":""C+M|PCA_SELECTED""}",3158029024715357519
raw_vs_compact_C_plus_M,full_808,2026,LOCAL0,T0,auroc,0.6751492410028995,0.6640695889476378,-0.011079652055261735,-0.04687255739201227,0.023865550739236706,0.95,808,5,2000,2000,patient_within_outer_fold,percentile,comparison - reference,-0.011079652055261735,,"{""model_key"":""C+M|RAW""}","{""model_key"":""C+M|PCA_SELECTED""}",3158029024715357519
raw_vs_compact_C_plus_M,full_808,2026,LOCAL0,T0,brier,0.22089239190996077,0.22804033880909327,-0.007147946899132507,-0.021768035981645385,0.00801905622124066,0.95,808,5,2000,2000,patient_within_outer_fold,percentile,reference - comparison (lower Brier is better),0.007147946899132507,0.007147946899132507,"{""model_key"":""C+M|RAW""}","{""model_key"":""C+M|PCA_SELECTED""}",3158029024715357519
raw_vs_compact_C_plus_M,full_808,2026,LOCAL0,T1,auprc,0.4969747691732148,0.5271138331394585,0.030139063966243662,-0.016886918601985542,0.07538191285958805,0.95,808,5,2000,2000,patient_within_outer_fold,percentile,comparison - reference,0.030139063966243662,,"{""model_key"":""C+M|RAW""}","{""model_key"":""C+M|PCA_SELECTED""}",7704504106346520119
raw_vs_compact_C_plus_M,full_808,2026,LOCAL0,T1,auroc,0.6862357155040082,0.6673648302916596,-0.018870885212348587,-0.051856426303940384,0.014753309955409653,0.95,808,5,2000,2000,patient_within_outer_fold,percentile,comparison - reference,-0.018870885212348587,,"{""model_key"":""C+M|RAW""}","{""model_key"":""C+M|PCA_SELECTED""}",7704504106346520119
raw_vs_compact_C_plus_M,full_808,2026,LOCAL0,T1,brier,0.2121982777506467,0.2216320190502964,-0.00943374129964969,-0.020800386207529525,0.0025047793647820322,0.95,808,5,2000,2000,patient_within_outer_fold,percentile,reference - comparison (lower Brier is better),0.00943374129964969,0.00943374129964969,"{""model_key"":""C+M|RAW""}","{""model_key"":""C+M|PCA_SELECTED""}",7704504106346520119
raw_vs_compact_C_plus_M,full_808,2026,LOCAL0,T2,auprc,0.4852085413461796,0.5391807491775237,0.0539722078313441,0.0045127102551343135,0.10172677024112185,0.95,808,5,2000,2000,patient_within_outer_fold,percentile,comparison - reference,0.0539722078313441,,"{""model_key"":""C+M|RAW""}","{""model_key"":""C+M|PCA_SELECTED""}",1018659022410084634
raw_vs_compact_C_plus_M,full_808,2026,LOCAL0,T2,auroc,0.6620910796520553,0.6828790721473649,0.020787992495309604,-0.01622284767851553,0.058733129177537306,0.95,808,5,2000,2000,patient_within_outer_fold,percentile,comparison - reference,0.020787992495309604,,"{""model_key"":""C+M|RAW""}","{""model_key"":""C+M|PCA_SELECTED""}",1018659022410084634
raw_vs_compact_C_plus_M,full_808,2026,LOCAL0,T2,brier,0.2247553200978408,0.228895062557263,-0.0041397424594221965,-0.019129681777860025,0.012230970902908344,0.95,808,5,2000,2000,patient_within_outer_fold,percentile,reference - comparison (lower Brier is better),0.0041397424594221965,0.0041397424594221965,"{""model_key"":""C+M|RAW""}","{""model_key"":""C+M|PCA_SELECTED""}",1018659022410084634
raw_vs_compact_C_plus_M,full_808,2026,LOCAL0,T3,auprc,0.47457794532083025,0.49522673972552345,0.020648794404693194,-0.02138473820379127,0.065164677761767,0.95,808,5,2000,2000,patient_within_outer_fold,percentile,comparison - reference,0.020648794404693194,,"{""model_key"":""C+M|RAW""}","{""model_key"":""C+M|PCA_SELECTED""}",674254215184821481
raw_vs_compact_C_plus_M,full_808,2026,LOCAL0,T3,auroc,0.6633736994712606,0.656394337369947,-0.006979362101313558,-0.04472268156130327,0.02904578711219338,0.95,808,5,2000,2000,patient_within_outer_fold,percentile,comparison - reference,-0.006979362101313558,,"{""model_key"":""C+M|RAW""}","{""model_key"":""C+M|PCA_SELECTED""}",674254215184821481
raw_vs_compact_C_plus_M,full_808,2026,LOCAL0,T3,brier,0.23066741880125122,0.22730764665075856,0.003359772150492657,-0.011352413020889322,0.01815384691409083,0.95,808,5,2000,2000,patient_within_outer_fold,percentile,reference - comparison (lower Brier is better),-0.003359772150492657,-0.003359772150492657,"{""model_key"":""C+M|RAW""}","{""model_key"":""C+M|PCA_SELECTED""}",674254215184821481
raw_vs_compact_C_plus_M,full_808,2026,LOCAL3,T0,auprc,0.5037571895562248,0.5156510462734701,0.0118938567172453,-0.03088877934721555,0.05693325083890626,0.95,808,5,2000,2000,patient_within_outer_fold,percentile,comparison - reference,0.0118938567172453,,"{""model_key"":""C+M|RAW""}","{""model_key"":""C+M|PCA_SELECTED""}",288747944705096080
raw_vs_compact_C_plus_M,full_808,2026,LOCAL3,T0,auroc,0.6823264540337711,0.6622411734606857,-0.02008528057308545,-0.053144838030359805,0.01304644713739401,0.95,808,5,2000,2000,patient_within_outer_fold,percentile,comparison - reference,-0.02008528057308545,,"{""model_key"":""C+M|RAW""}","{""model_key"":""C+M|PCA_SELECTED""}",288747944705096080
raw_vs_compact_C_plus_M,full_808,2026,LOCAL3,T0,brier,0.214277061178407,0.22717586871925008,-0.012898807540843077,-0.024658460522607582,-0.0007100748675063357,0.95,808,5,2000,2000,patient_within_outer_fold,percentile,reference - comparison (lower Brier is better),0.012898807540843077,0.012898807540843077,"{""model_key"":""C+M|RAW""}","{""model_key"":""C+M|PCA_SELECTED""}",288747944705096080
raw_vs_compact_C_plus_M,full_808,2026,LOCAL3,T1,auprc,0.4991452699533665,0.5405446061850211,0.04139933623165459,-0.0064947342043670635,0.08386040537353717,0.95,808,5,2000,2000,patient_within_outer_fold,percentile,comparison - reference,0.04139933623165459,,"{""model_key"":""C+M|RAW""}","{""model_key"":""C+M|PCA_SELECTED""}",2049965105269693942
raw_vs_compact_C_plus_M,full_808,2026,LOCAL3,T1,auroc,0.6887600204673375,0.6715196998123828,-0.017240320654954733,-0.051261890218416234,0.0163331281375697,0.95,808,5,2000,2000,patient_within_outer_fold,percentile,comparison - reference,-0.017240320654954733,,"{""model_key"":""C+M|RAW""}","{""model_key"":""C+M|PCA_SELECTED""}",2049965105269693942
raw_vs_compact_C_plus_M,full_808,2026,LOCAL3,T1,brier,0.21159511065187667,0.22186248689935187,-0.010267376247475202,-0.022486670454576634,0.0018903635443695461,0.95,808,5,2000,2000,patient_within_outer_fold,percentile,reference - comparison (lower Brier is better),0.010267376247475202,0.010267376247475202,"{""model_key"":""C+M|RAW""}","{""model_key"":""C+M|PCA_SELECTED""}",2049965105269693942
raw_vs_compact_C_plus_M,full_808,2026,LOCAL3,T2,auprc,0.5000077170332358,0.5284829090692255,0.028475192035989694,-0.019152006516066845,0.07602138293618839,0.95,808,5,2000,2000,patient_within_outer_fold,percentile,comparison - reference,0.028475192035989694,,"{""model_key"":""C+M|RAW""}","{""model_key"":""C+M|PCA_SELECTED""}",469956326991007307
raw_vs_compact_C_plus_M,full_808,2026,LOCAL3,T2,auroc,0.6721678321678323,0.6753198021490705,0.003151969981238234,-0.028949510849163484,0.03822754664669694,0.95,808,5,2000,2000,patient_within_outer_fold,percentile,comparison - reference,0.003151969981238234,,"{""model_key"":""C+M|RAW""}","{""model_key"":""C+M|PCA_SELECTED""}",469956326991007307
raw_vs_compact_C_plus_M,full_808,2026,LOCAL3,T2,brier,0.2185433718009897,0.2309779613242686,-0.012434589523278888,-0.024658399348421248,0.0007813732425797306,0.95,808,5,2000,2000,patient_within_outer_fold,percentile,reference - comparison (lower Brier is better),0.012434589523278888,0.012434589523278888,"{""model_key"":""C+M|RAW""}","{""model_key"":""C+M|PCA_SELECTED""}",469956326991007307
raw_vs_compact_C_plus_M,full_808,2026,LOCAL3,T3,auprc,0.5167373671200775,0.5165522904432154,-0.00018507667686207263,-0.047889812830900394,0.04731994789038518,0.95,808,5,2000,2000,patient_within_outer_fold,percentile,comparison - reference,-0.00018507667686207263,,"{""model_key"":""C+M|RAW""}","{""model_key"":""C+M|PCA_SELECTED""}",5086915947323444171
raw_vs_compact_C_plus_M,full_808,2026,LOCAL3,T3,auroc,0.6785536414804707,0.658318267098755,-0.020235374381715743,-0.05450092777467442,0.013993194475183653,0.95,808,5,2000,2000,patient_within_outer_fold,percentile,comparison - reference,-0.020235374381715743,,"{""model_key"":""C+M|RAW""}","{""model_key"":""C+M|PCA_SELECTED""}",5086915947323444171
raw_vs_compact_C_plus_M,full_808,2026,LOCAL3,T3,brier,0.21594121111811454,0.23010604055085992,-0.014164829432745385,-0.026613035703387012,-0.002298698433115042,0.95,808,5,2000,2000,patient_within_outer_fold,percentile,reference - comparison (lower Brier is better),0.014164829432745385,0.014164829432745385,"{""model_key"":""C+M|RAW""}","{""model_key"":""C+M|PCA_SELECTED""}",5086915947323444171
raw_vs_compact_C_plus_M,full_808,3026,LOCAL0,T0,auprc,0.49304278458584944,0.5020652203461111,0.009022435760261682,-0.032627513470236305,0.04960423133002713,0.95,808,5,2000,2000,patient_within_outer_fold,percentile,comparison - reference,0.009022435760261682,,"{""model_key"":""C+M|RAW""}","{""model_key"":""C+M|PCA_SELECTED""}",321940073261547424
raw_vs_compact_C_plus_M,full_808,3026,LOCAL0,T0,auroc,0.6685587583148559,0.6683267951560634,-0.00023196315879248086,-0.03198899743627285,0.028297355488056508,0.95,808,5,2000,2000,patient_within_outer_fold,percentile,comparison - reference,-0.00023196315879248086,,"{""model_key"":""C+M|RAW""}","{""model_key"":""C+M|PCA_SELECTED""}",321940073261547424
raw_vs_compact_C_plus_M,full_808,3026,LOCAL0,T0,brier,0.22159462230661559,0.2159017413177085,0.005692880988907079,-0.005908102034319917,0.016706861557572176,0.95,808,5,2000,2000,patient_within_outer_fold,percentile,reference - comparison (lower Brier is better),-0.005692880988907079,-0.005692880988907079,"{""model_key"":""C+M|RAW""}","{""model_key"":""C+M|PCA_SELECTED""}",321940073261547424
raw_vs_compact_C_plus_M,full_808,3026,LOCAL0,T1,auprc,0.485071443273668,0.49737573978015615,0.012304296506488122,-0.03600860330198487,0.06449226937555072,0.95,808,5,2000,2000,patient_within_outer_fold,percentile,comparison - reference,0.012304296506488122,,"{""model_key"":""C+M|RAW""}","{""model_key"":""C+M|PCA_SELECTED""}",5085822453789969402
raw_vs_compact_C_plus_M,full_808,3026,LOCAL0,T1,auroc,0.6528944226505201,0.6672010915913356,0.014306668940815448,-0.025039269904162685,0.05438253000063656,0.95,808,5,2000,2000,patient_within_outer_fold,percentile,comparison - reference,0.014306668940815448,,"{""model_key"":""C+M|RAW""}","{""model_key"":""C+M|PCA_SELECTED""}",5085822453789969402
raw_vs_compact_C_plus_M,full_808,3026,LOCAL0,T1,brier,0.2311191902552849,0.2268620845738679,0.004257105681417017,-0.010848916168441521,0.020074634092802596,0.95,808,5,2000,2000,patient_within_outer_fold,percentile,reference - comparison (lower Brier is better),-0.004257105681417017,-0.004257105681417017,"{""model_key"":""C+M|RAW""}","{""model_key"":""C+M|PCA_SELECTED""}",5085822453789969402
raw_vs_compact_C_plus_M,full_808,3026,LOCAL0,T2,auprc,0.5416804111731158,0.5526810319050532,0.011000620731937416,-0.03376707234153064,0.057468056653865084,0.95,808,5,2000,2000,patient_within_outer_fold,percentile,comparison - reference,0.011000620731937416,,"{""model_key"":""C+M|RAW""}","{""model_key"":""C+M|PCA_SELECTED""}",3364933856882100001
raw_vs_compact_C_plus_M,full_808,3026,LOCAL0,T2,auroc,0.6903223605662631,0.6858945932116665,-0.004427767354596601,-0.03701573073350098,0.027767564660039726,0.95,808,5,2000,2000,patient_within_outer_fold,percentile,comparison - reference,-0.004427767354596601,,"{""model_key"":""C+M|RAW""}","{""model_key"":""C+M|PCA_SELECTED""}",3364933856882100001
raw_vs_compact_C_plus_M,full_808,3026,LOCAL0,T2,brier,0.20658483909562014,0.21988963578540305,-0.013304796689782905,-0.023588207330010214,-0.002493855619843022,0.95,808,5,2000,2000,patient_within_outer_fold,percentile,reference - comparison (lower Brier is better),0.013304796689782905,0.013304796689782905,"{""model_key"":""C+M|RAW""}","{""model_key"":""C+M|PCA_SELECTED""}",3364933856882100001
raw_vs_compact_C_plus_M,full_808,3026,LOCAL0,T3,auprc,0.47840141177423967,0.5540148790871375,0.07561346731289786,0.016229624633194113,0.13215583424569632,0.95,808,5,2000,2000,patient_within_outer_fold,percentile,comparison - reference,0.07561346731289786,,"{""model_key"":""C+M|RAW""}","{""model_key"":""C+M|PCA_SELECTED""}",7447530737785176168
raw_vs_compact_C_plus_M,full_808,3026,LOCAL0,T3,auroc,0.6378850417874808,0.6851441241685144,0.0472590823810336,0.00587081171436506,0.08987911250835501,0.95,808,5,2000,2000,patient_within_outer_fold,percentile,comparison - reference,0.0472590823810336,,"{""model_key"":""C+M|RAW""}","{""model_key"":""C+M|PCA_SELECTED""}",7447530737785176168
raw_vs_compact_C_plus_M,full_808,3026,LOCAL0,T3,brier,0.23961504566770583,0.21774780115197132,0.02186724451573452,0.0044140370558538675,0.03876768693372036,0.95,808,5,2000,2000,patient_within_outer_fold,percentile,reference - comparison (lower Brier is better),-0.02186724451573452,-0.02186724451573452,"{""model_key"":""C+M|RAW""}","{""model_key"":""C+M|PCA_SELECTED""}",7447530737785176168
raw_vs_compact_C_plus_M,full_808,3026,LOCAL3,T0,auprc,0.539404867366311,0.5131884608519354,-0.026216406514375623,-0.06953486954298271,0.012462098351442508,0.95,808,5,2000,2000,patient_within_outer_fold,percentile,comparison - reference,-0.026216406514375623,,"{""model_key"":""C+M|RAW""}","{""model_key"":""C+M|PCA_SELECTED""}",4408866529690324978
raw_vs_compact_C_plus_M,full_808,3026,LOCAL3,T0,auroc,0.7017431349138668,0.6736960600375235,-0.02804707487634328,-0.05959996558766865,0.0037536498824322574,0.95,808,5,2000,2000,patient_within_outer_fold,percentile,comparison - reference,-0.02804707487634328,,"{""model_key"":""C+M|RAW""}","{""model_key"":""C+M|PCA_SELECTED""}",4408866529690324978
raw_vs_compact_C_plus_M,full_808,3026,LOCAL3,T0,brier,0.20355928681512217,0.21796850421535574,-0.01440921740023357,-0.024101912597652098,-0.0038274644868955083,0.95,808,5,2000,2000,patient_within_outer_fold,percentile,reference - comparison (lower Brier is better),0.01440921740023357,0.01440921740023357,"{""model_key"":""C+M|RAW""}","{""model_key"":""C+M|PCA_SELECTED""}",4408866529690324978
raw_vs_compact_C_plus_M,full_808,3026,LOCAL3,T1,auprc,0.4855262283467583,0.5030833427823737,0.017557114435615362,-0.035515054760233936,0.06747935487080255,0.95,808,5,2000,2000,patient_within_outer_fold,percentile,comparison - reference,0.017557114435615362,,"{""model_key"":""C+M|RAW""}","{""model_key"":""C+M|PCA_SELECTED""}",7995989213792947501
raw_vs_compact_C_plus_M,full_808,3026,LOCAL3,T1,auroc,0.6605287395531299,0.6661572573767696,0.0056285178236397115,-0.034707885067646244,0.04596320257933555,0.95,808,5,2000,2000,patient_within_outer_fold,percentile,comparison - reference,0.0056285178236397115,,"{""model_key"":""C+M|RAW""}","{""model_key"":""C+M|PCA_SELECTED""}",7995989213792947501
raw_vs_compact_C_plus_M,full_808,3026,LOCAL3,T1,brier,0.23008768783317868,0.22523757084075546,0.004850116992423215,-0.009917063420562788,0.020023828921228816,0.95,808,5,2000,2000,patient_within_outer_fold,percentile,reference - comparison (lower Brier is better),-0.004850116992423215,-0.004850116992423215,"{""model_key"":""C+M|RAW""}","{""model_key"":""C+M|PCA_SELECTED""}",7995989213792947501
raw_vs_compact_C_plus_M,full_808,3026,LOCAL3,T2,auprc,0.55106469666838,0.5518623202909534,0.0007976236225734068,-0.04864015571386784,0.046105091681573285,0.95,808,5,2000,2000,patient_within_outer_fold,percentile,comparison - reference,0.0007976236225734068,,"{""model_key"":""C+M|RAW""}","{""model_key"":""C+M|PCA_SELECTED""}",7609353542720862815
raw_vs_compact_C_plus_M,full_808,3026,LOCAL3,T2,auroc,0.7029097731536755,0.6897151628858946,-0.013194610267780904,-0.04315688758564912,0.015199850817634732,0.95,808,5,2000,2000,patient_within_outer_fold,percentile,comparison - reference,-0.013194610267780904,,"{""model_key"":""C+M|RAW""}","{""model_key"":""C+M|PCA_SELECTED""}",7609353542720862815
raw_vs_compact_C_plus_M,full_808,3026,LOCAL3,T2,brier,0.20264039434942702,0.21929809144502327,-0.016657697095596252,-0.025757839151423063,-0.007725224886993121,0.95,808,5,2000,2000,patient_within_outer_fold,percentile,reference - comparison (lower Brier is better),0.016657697095596252,0.016657697095596252,"{""model_key"":""C+M|RAW""}","{""model_key"":""C+M|PCA_SELECTED""}",7609353542720862815
raw_vs_compact_C_plus_M,full_808,3026,LOCAL3,T3,auprc,0.4848106146238429,0.5563351194174152,0.07152450479357231,0.013257469324363436,0.12441318944528569,0.95,808,5,2000,2000,patient_within_outer_fold,percentile,comparison - reference,0.07152450479357231,,"{""model_key"":""C+M|RAW""}","{""model_key"":""C+M|PCA_SELECTED""}",4274072231508601816
raw_vs_compact_C_plus_M,full_808,3026,LOCAL3,T3,auroc,0.6516254477230087,0.6930922735800784,0.04146682585706973,-0.0010465394222587256,0.08420330888623556,0.95,808,5,2000,2000,patient_within_outer_fold,percentile,comparison - reference,0.04146682585706973,,"{""model_key"":""C+M|RAW""}","{""model_key"":""C+M|PCA_SELECTED""}",4274072231508601816
raw_vs_compact_C_plus_M,full_808,3026,LOCAL3,T3,brier,0.23453136387048823,0.21911824572235986,0.015413118148128374,-0.0009968561810227271,0.03235331372860201,0.95,808,5,2000,2000,patient_within_outer_fold,percentile,reference - comparison (lower Brier is better),-0.015413118148128374,-0.015413118148128374,"{""model_key"":""C+M|RAW""}","{""model_key"":""C+M|PCA_SELECTED""}",4274072231508601816
raw_vs_compact_M,ftv_complete_375,2026,LOCAL0,T0,auprc,0.3107822292406562,0.2815980306435987,-0.02918419859705751,-0.07746194723687531,0.014085037280189892,0.95,375,5,2000,2000,patient_within_outer_fold,percentile,comparison - reference,-0.02918419859705751,,"{""model_key"":""M|RAW""}","{""model_key"":""M|PCA_SELECTED""}",6076944915063964541
raw_vs_compact_M,ftv_complete_375,2026,LOCAL0,T0,auroc,0.5169811320754718,0.46939965694682684,-0.04758147512864497,-0.11092816164178165,0.020045599472687744,0.95,375,5,2000,2000,patient_within_outer_fold,percentile,comparison - reference,-0.04758147512864497,,"{""model_key"":""M|RAW""}","{""model_key"":""M|PCA_SELECTED""}",6076944915063964541
raw_vs_compact_M,ftv_complete_375,2026,LOCAL0,T0,brier,0.2825110910137554,0.2576367489443889,0.02487434206936645,0.0014316970785509069,0.050578337799043874,0.95,375,5,2000,2000,patient_within_outer_fold,percentile,reference - comparison (lower Brier is better),-0.02487434206936645,-0.02487434206936645,"{""model_key"":""M|RAW""}","{""model_key"":""M|PCA_SELECTED""}",6076944915063964541
raw_vs_compact_M,ftv_complete_375,2026,LOCAL0,T1,auprc,0.3114418269349859,0.3011069570922324,-0.010334869842753502,-0.06825555153416525,0.05514299511790185,0.95,375,5,2000,2000,patient_within_outer_fold,percentile,comparison - reference,-0.010334869842753502,,"{""model_key"":""M|RAW""}","{""model_key"":""M|PCA_SELECTED""}",8766615888254061649
raw_vs_compact_M,ftv_complete_375,2026,LOCAL0,T1,auroc,0.5129331046312179,0.5014408233276157,-0.011492281303602137,-0.09667480825232769,0.071274333223041,0.95,375,5,2000,2000,patient_within_outer_fold,percentile,comparison - reference,-0.011492281303602137,,"{""model_key"":""M|RAW""}","{""model_key"":""M|PCA_SELECTED""}",8766615888254061649
raw_vs_compact_M,ftv_complete_375,2026,LOCAL0,T1,brier,0.2823936303150286,0.22387826036766445,0.05851536994736417,0.03143491681824672,0.08431823218839454,0.95,375,5,2000,2000,patient_within_outer_fold,percentile,reference - comparison (lower Brier is better),-0.05851536994736417,-0.05851536994736417,"{""model_key"":""M|RAW""}","{""model_key"":""M|PCA_SELECTED""}",8766615888254061649
raw_vs_compact_M,ftv_complete_375,2026,LOCAL0,T2,auprc,0.3159548717287429,0.28042381014690954,-0.03553106158183339,-0.09405326751075267,0.01936667496526404,0.95,375,5,2000,2000,patient_within_outer_fold,percentile,comparison - reference,-0.03553106158183339,,"{""model_key"":""M|RAW""}","{""model_key"":""M|PCA_SELECTED""}",3515780759043560475
raw_vs_compact_M,ftv_complete_375,2026,LOCAL0,T2,auroc,0.5176672384219554,0.4828130360205831,-0.03485420240137227,-0.10519083147769924,0.036234715140341246,0.95,375,5,2000,2000,patient_within_outer_fold,percentile,comparison - reference,-0.03485420240137227,,"{""model_key"":""M|RAW""}","{""model_key"":""M|PCA_SELECTED""}",3515780759043560475
raw_vs_compact_M,ftv_complete_375,2026,LOCAL0,T2,brier,0.2977587664598866,0.27433514046380825,0.023423625996078334,-0.0073708826183328914,0.054330733766855085,0.95,375,5,2000,2000,patient_within_outer_fold,percentile,reference - comparison (lower Brier is better),-0.023423625996078334,-0.023423625996078334,"{""model_key"":""M|RAW""}","{""model_key"":""M|PCA_SELECTED""}",3515780759043560475
raw_vs_compact_M,ftv_complete_375,2026,LOCAL0,T3,auprc,0.345116550669754,0.30040986671366243,-0.044706683956091564,-0.1047450499364916,0.020256287235226825,0.95,375,5,2000,2000,patient_within_outer_fold,percentile,comparison - reference,-0.044706683956091564,,"{""model_key"":""M|RAW""}","{""model_key"":""M|PCA_SELECTED""}",4099694638374989481
raw_vs_compact_M,ftv_complete_375,2026,LOCAL0,T3,auroc,0.525934819897084,0.500754716981132,-0.025180102915951963,-0.09522911347176054,0.05248286154998628,0.95,375,5,2000,2000,patient_within_outer_fold,percentile,comparison - reference,-0.025180102915951963,,"{""model_key"":""M|RAW""}","{""model_key"":""M|PCA_SELECTED""}",4099694638374989481
raw_vs_compact_M,ftv_complete_375,2026,LOCAL0,T3,brier,0.28714717110440646,0.2621226606423417,0.025024510462064775,-0.0011671695291670173,0.054475035165871974,0.95,375,5,2000,2000,patient_within_outer_fold,percentile,reference - comparison (lower Brier is better),-0.025024510462064775,-0.025024510462064775,"{""model_key"":""M|RAW""}","{""model_key"":""M|PCA_SELECTED""}",4099694638374989481
raw_vs_compact_M,ftv_complete_375,2026,LOCAL3,T0,auprc,0.29568930983362657,0.31118712484802824,0.015497815014401672,-0.03536676131291276,0.06932670061147003,0.95,375,5,2000,2000,patient_within_outer_fold,percentile,comparison - reference,0.015497815014401672,,"{""model_key"":""M|RAW""}","{""model_key"":""M|PCA_SELECTED""}",7911627209840812976
raw_vs_compact_M,ftv_complete_375,2026,LOCAL3,T0,auroc,0.5036020583190395,0.5167066895368783,0.01310463121783878,-0.06654403569956595,0.08885645886237425,0.95,375,5,2000,2000,patient_within_outer_fold,percentile,comparison - reference,0.01310463121783878,,"{""model_key"":""M|RAW""}","{""model_key"":""M|PCA_SELECTED""}",7911627209840812976
raw_vs_compact_M,ftv_complete_375,2026,LOCAL3,T0,brier,0.31405110302620803,0.24403768745635643,0.0700134155698516,0.03966727215734271,0.10115293600075727,0.95,375,5,2000,2000,patient_within_outer_fold,percentile,reference - comparison (lower Brier is better),-0.0700134155698516,-0.0700134155698516,"{""model_key"":""M|RAW""}","{""model_key"":""M|PCA_SELECTED""}",7911627209840812976
raw_vs_compact_M,ftv_complete_375,2026,LOCAL3,T1,auprc,0.3268956615625282,0.29809648986910936,-0.028799171693418835,-0.0906503865134945,0.022467833160575608,0.95,375,5,2000,2000,patient_within_outer_fold,percentile,comparison - reference,-0.028799171693418835,,"{""model_key"":""M|RAW""}","{""model_key"":""M|PCA_SELECTED""}",2723993649351488077
raw_vs_compact_M,ftv_complete_375,2026,LOCAL3,T1,auroc,0.5239451114922813,0.4874785591766724,-0.03646655231560891,-0.10855049024697765,0.028477954426760724,0.95,375,5,2000,2000,patient_within_outer_fold,percentile,comparison - reference,-0.03646655231560891,,"{""model_key"":""M|RAW""}","{""model_key"":""M|PCA_SELECTED""}",2723993649351488077
raw_vs_compact_M,ftv_complete_375,2026,LOCAL3,T1,brier,0.28004981894835856,0.25407770810827546,0.025972110840083107,0.0017191724478834013,0.04719164642996933,0.95,375,5,2000,2000,patient_within_outer_fold,percentile,reference - comparison (lower Brier is better),-0.025972110840083107,-0.025972110840083107,"{""model_key"":""M|RAW""}","{""model_key"":""M|PCA_SELECTED""}",2723993649351488077
raw_vs_compact_M,ftv_complete_375,2026,LOCAL3,T2,auprc,0.3475310363097695,0.3095487079427682,-0.03798232836700133,-0.1053725986029911,0.01890898019720472,0.95,375,5,2000,2000,patient_within_outer_fold,percentile,comparison - reference,-0.03798232836700133,,"{""model_key"":""M|RAW""}","{""model_key"":""M|PCA_SELECTED""}",2800967555310758471
raw_vs_compact_M,ftv_complete_375,2026,LOCAL3,T2,auroc,0.5556432246998285,0.5065523156089193,-0.049090909090909185,-0.11422978030264752,0.01727308754232356,0.95,375,5,2000,2000,patient_within_outer_fold,percentile,comparison - reference,-0.049090909090909185,,"{""model_key"":""M|RAW""}","{""model_key"":""M|PCA_SELECTED""}",2800967555310758471
raw_vs_compact_M,ftv_complete_375,2026,LOCAL3,T2,brier,0.27462162051144934,0.2651326031262439,0.009489017385205412,-0.017430820248511836,0.03730518659725374,0.95,375,5,2000,2000,patient_within_outer_fold,percentile,reference - comparison (lower Brier is better),-0.009489017385205412,-0.009489017385205412,"{""model_key"":""M|RAW""}","{""model_key"":""M|PCA_SELECTED""}",2800967555310758471
raw_vs_compact_M,ftv_complete_375,2026,LOCAL3,T3,auprc,0.36047864594455925,0.31210204888356335,-0.048376597060995896,-0.11711066756405847,0.02341103720081297,0.95,375,5,2000,2000,patient_within_outer_fold,percentile,comparison - reference,-0.048376597060995896,,"{""model_key"":""M|RAW""}","{""model_key"":""M|PCA_SELECTED""}",9133584621053035061
raw_vs_compact_M,ftv_complete_375,2026,LOCAL3,T3,auroc,0.5772898799313894,0.5065180102915952,-0.0707718696397942,-0.13521188610287693,-0.0034649406195620424,0.95,375,5,2000,2000,patient_within_outer_fold,percentile,comparison - reference,-0.0707718696397942,,"{""model_key"":""M|RAW""}","{""model_key"":""M|PCA_SELECTED""}",9133584621053035061
raw_vs_compact_M,ftv_complete_375,2026,LOCAL3,T3,brier,0.2711178269082221,0.26710441866859197,0.004013408239630145,-0.02340587743868214,0.03184239807689313,0.95,375,5,2000,2000,patient_within_outer_fold,percentile,reference - comparison (lower Brier is better),-0.004013408239630145,-0.004013408239630145,"{""model_key"":""M|RAW""}","{""model_key"":""M|PCA_SELECTED""}",9133584621053035061
raw_vs_compact_M,ftv_complete_375,3026,LOCAL0,T0,auprc,0.293370504941492,0.2851648245887295,-0.008205680352762534,-0.05914216188329839,0.04437442978650767,0.95,375,5,2000,2000,patient_within_outer_fold,percentile,comparison - reference,-0.008205680352762534,,"{""model_key"":""M|RAW""}","{""model_key"":""M|PCA_SELECTED""}",769053499055811442
raw_vs_compact_M,ftv_complete_375,3026,LOCAL0,T0,auroc,0.4770497427101201,0.46734133790737564,-0.00970840480274443,-0.07946969754325393,0.05854828322831526,0.95,375,5,2000,2000,patient_within_outer_fold,percentile,comparison - reference,-0.00970840480274443,,"{""model_key"":""M|RAW""}","{""model_key"":""M|PCA_SELECTED""}",769053499055811442
raw_vs_compact_M,ftv_complete_375,3026,LOCAL0,T0,brier,0.2786728978217708,0.25673759035131444,0.021935307470456356,0.0002475869058869579,0.04418655569260157,0.95,375,5,2000,2000,patient_within_outer_fold,percentile,reference - comparison (lower Brier is better),-0.021935307470456356,-0.021935307470456356,"{""model_key"":""M|RAW""}","{""model_key"":""M|PCA_SELECTED""}",769053499055811442
raw_vs_compact_M,ftv_complete_375,3026,LOCAL0,T1,auprc,0.3084478135164356,0.30656660028118643,-0.0018812132352491462,-0.049481207783663134,0.04958603734730913,0.95,375,5,2000,2000,patient_within_outer_fold,percentile,comparison - reference,-0.0018812132352491462,,"{""model_key"":""M|RAW""}","{""model_key"":""M|PCA_SELECTED""}",2558863948816423984
raw_vs_compact_M,ftv_complete_375,3026,LOCAL0,T1,auroc,0.5394511149228131,0.5243910806174957,-0.015060034305317327,-0.07990531341618287,0.048174652940629975,0.95,375,5,2000,2000,patient_within_outer_fold,percentile,comparison - reference,-0.015060034305317327,,"{""model_key"":""M|RAW""}","{""model_key"":""M|PCA_SELECTED""}",2558863948816423984
raw_vs_compact_M,ftv_complete_375,3026,LOCAL0,T1,brier,0.3059455382645371,0.2560377767931547,0.04990776147138237,0.021633898509817652,0.07956135012925494,0.95,375,5,2000,2000,patient_within_outer_fold,percentile,reference - comparison (lower Brier is better),-0.04990776147138237,-0.04990776147138237,"{""model_key"":""M|RAW""}","{""model_key"":""M|PCA_SELECTED""}",2558863948816423984
raw_vs_compact_M,ftv_complete_375,3026,LOCAL0,T2,auprc,0.27164480715782446,0.3259261853263371,0.05428137816851264,0.010668036859247523,0.10969630112925702,0.95,375,5,2000,2000,patient_within_outer_fold,percentile,comparison - reference,0.05428137816851264,,"{""model_key"":""M|RAW""}","{""model_key"":""M|PCA_SELECTED""}",6568141443001196176
raw_vs_compact_M,ftv_complete_375,3026,LOCAL0,T2,auroc,0.47879931389365354,0.5326929674099485,0.05389365351629499,-0.015587938913594425,0.12085975077288247,0.95,375,5,2000,2000,patient_within_outer_fold,percentile,comparison - reference,0.05389365351629499,,"{""model_key"":""M|RAW""}","{""model_key"":""M|PCA_SELECTED""}",6568141443001196176
raw_vs_compact_M,ftv_complete_375,3026,LOCAL0,T2,brier,0.3268544807420908,0.2571839506909977,0.06967053005109308,0.03728442839726568,0.10065590109952745,0.95,375,5,2000,2000,patient_within_outer_fold,percentile,reference - comparison (lower Brier is better),-0.06967053005109308,-0.06967053005109308,"{""model_key"":""M|RAW""}","{""model_key"":""M|PCA_SELECTED""}",6568141443001196176
raw_vs_compact_M,ftv_complete_375,3026,LOCAL0,T3,auprc,0.33333265649549265,0.34472402361194476,0.011391367116452111,-0.04028803162838891,0.05989682947531656,0.95,375,5,2000,2000,patient_within_outer_fold,percentile,comparison - reference,0.011391367116452111,,"{""model_key"":""M|RAW""}","{""model_key"":""M|PCA_SELECTED""}",3684816729048787094
raw_vs_compact_M,ftv_complete_375,3026,LOCAL0,T3,auroc,0.5312521440823328,0.5735506003430532,0.042298456260720374,-0.012745935495069246,0.09494742306788823,0.95,375,5,2000,2000,patient_within_outer_fold,percentile,comparison - reference,0.042298456260720374,,"{""model_key"":""M|RAW""}","{""model_key"":""M|PCA_SELECTED""}",3684816729048787094
raw_vs_compact_M,ftv_complete_375,3026,LOCAL0,T3,brier,0.2668996662295793,0.2448521156783743,0.02204755055120497,0.005849690248422553,0.03739149378327331,0.95,375,5,2000,2000,patient_within_outer_fold,percentile,reference - comparison (lower Brier is better),-0.02204755055120497,-0.02204755055120497,"{""model_key"":""M|RAW""}","{""model_key"":""M|PCA_SELECTED""}",3684816729048787094
raw_vs_compact_M,ftv_complete_375,3026,LOCAL3,T0,auprc,0.3219058609924963,0.2874578244915529,-0.03444803650094341,-0.08592104411675876,0.01077528485590542,0.95,375,5,2000,2000,patient_within_outer_fold,percentile,comparison - reference,-0.03444803650094341,,"{""model_key"":""M|RAW""}","{""model_key"":""M|PCA_SELECTED""}",8304632492304176607
raw_vs_compact_M,ftv_complete_375,3026,LOCAL3,T0,auroc,0.5489879931389365,0.49636363636363634,-0.052624356775300196,-0.12166380506235568,0.01517734152769626,0.95,375,5,2000,2000,patient_within_outer_fold,percentile,comparison - reference,-0.052624356775300196,,"{""model_key"":""M|RAW""}","{""model_key"":""M|PCA_SELECTED""}",8304632492304176607
raw_vs_compact_M,ftv_complete_375,3026,LOCAL3,T0,brier,0.25948521298914706,0.27643261925692003,-0.01694740626777297,-0.04182800617384605,0.006721728671142283,0.95,375,5,2000,2000,patient_within_outer_fold,percentile,reference - comparison (lower Brier is better),0.01694740626777297,0.01694740626777297,"{""model_key"":""M|RAW""}","{""model_key"":""M|PCA_SELECTED""}",8304632492304176607
raw_vs_compact_M,ftv_complete_375,3026,LOCAL3,T1,auprc,0.29889198005421985,0.3216056422406183,0.02271366218639842,-0.02080297527208642,0.06535717733290321,0.95,375,5,2000,2000,patient_within_outer_fold,percentile,comparison - reference,0.02271366218639842,,"{""model_key"":""M|RAW""}","{""model_key"":""M|PCA_SELECTED""}",7632882930470533746
raw_vs_compact_M,ftv_complete_375,3026,LOCAL3,T1,auroc,0.5093310463121784,0.5322813036020584,0.022950257289879983,-0.02713536425568712,0.07084785403401363,0.95,375,5,2000,2000,patient_within_outer_fold,percentile,comparison - reference,0.022950257289879983,,"{""model_key"":""M|RAW""}","{""model_key"":""M|PCA_SELECTED""}",7632882930470533746
raw_vs_compact_M,ftv_complete_375,3026,LOCAL3,T1,brier,0.2839318435311871,0.2586045036599887,0.025327339871198395,0.004022330544912467,0.04729967417634106,0.95,375,5,2000,2000,patient_within_outer_fold,percentile,reference - comparison (lower Brier is better),-0.025327339871198395,-0.025327339871198395,"{""model_key"":""M|RAW""}","{""model_key"":""M|PCA_SELECTED""}",7632882930470533746
raw_vs_compact_M,ftv_complete_375,3026,LOCAL3,T2,auprc,0.33739488071636703,0.3211067054239275,-0.016288175292439533,-0.06618907306779279,0.03575073966793046,0.95,375,5,2000,2000,patient_within_outer_fold,percentile,comparison - reference,-0.016288175292439533,,"{""model_key"":""M|RAW""}","{""model_key"":""M|PCA_SELECTED""}",9111315239680039816
raw_vs_compact_M,ftv_complete_375,3026,LOCAL3,T2,auroc,0.5672384219554032,0.526106346483705,-0.04113207547169817,-0.10032287517587146,0.018525411598494506,0.95,375,5,2000,2000,patient_within_outer_fold,percentile,comparison - reference,-0.04113207547169817,,"{""model_key"":""M|RAW""}","{""model_key"":""M|PCA_SELECTED""}",9111315239680039816
raw_vs_compact_M,ftv_complete_375,3026,LOCAL3,T2,brier,0.26749421060197254,0.2645986425606163,0.0028955680413562113,-0.024508650814449473,0.030697054463567488,0.95,375,5,2000,2000,patient_within_outer_fold,percentile,reference - comparison (lower Brier is better),-0.0028955680413562113,-0.0028955680413562113,"{""model_key"":""M|RAW""}","{""model_key"":""M|PCA_SELECTED""}",9111315239680039816
raw_vs_compact_M,ftv_complete_375,3026,LOCAL3,T3,auprc,0.34598356611223746,0.365174214273127,0.019190648160889556,-0.05478440897966415,0.08733988556809424,0.95,375,5,2000,2000,patient_within_outer_fold,percentile,comparison - reference,0.019190648160889556,,"{""model_key"":""M|RAW""}","{""model_key"":""M|PCA_SELECTED""}",67425694494212201
raw_vs_compact_M,ftv_complete_375,3026,LOCAL3,T3,auroc,0.5625042881646656,0.5763979416809606,0.013893653516295013,-0.04300434864813758,0.07536934344232983,0.95,375,5,2000,2000,patient_within_outer_fold,percentile,comparison - reference,0.013893653516295013,,"{""model_key"":""M|RAW""}","{""model_key"":""M|PCA_SELECTED""}",67425694494212201
raw_vs_compact_M,ftv_complete_375,3026,LOCAL3,T3,brier,0.2818583157905828,0.2356487963954814,0.0462095193951014,0.020912404601838446,0.07273149387038275,0.95,375,5,2000,2000,patient_within_outer_fold,percentile,reference - comparison (lower Brier is better),-0.0462095193951014,-0.0462095193951014,"{""model_key"":""M|RAW""}","{""model_key"":""M|PCA_SELECTED""}",67425694494212201
raw_vs_compact_M,full_808,2026,LOCAL0,T0,auprc,0.35452849617507326,0.354320263365289,-0.00020823280978427006,-0.03798877320354467,0.035520276663981866,0.95,808,5,2000,2000,patient_within_outer_fold,percentile,comparison - reference,-0.00020823280978427006,,"{""model_key"":""M|RAW""}","{""model_key"":""M|PCA_SELECTED""}",8064341582870427726
raw_vs_compact_M,full_808,2026,LOCAL0,T0,auroc,0.5062118369435442,0.5226743987719598,0.016462561828415545,-0.029772632760175652,0.05793821118966861,0.95,808,5,2000,2000,patient_within_outer_fold,percentile,comparison - reference,0.016462561828415545,,"{""model_key"":""M|RAW""}","{""model_key"":""M|PCA_SELECTED""}",8064341582870427726
raw_vs_compact_M,full_808,2026,LOCAL0,T0,brier,0.2780097106951712,0.24760825319554175,0.03040145749962947,0.015728631617421468,0.04539190412098864,0.95,808,5,2000,2000,patient_within_outer_fold,percentile,reference - comparison (lower Brier is better),-0.03040145749962947,-0.03040145749962947,"{""model_key"":""M|RAW""}","{""model_key"":""M|PCA_SELECTED""}",8064341582870427726
raw_vs_compact_M,full_808,2026,LOCAL0,T1,auprc,0.3874599093620804,0.3764228748880854,-0.011037034473995011,-0.05402595957484808,0.03526835473461861,0.95,808,5,2000,2000,patient_within_outer_fold,percentile,comparison - reference,-0.011037034473995011,,"{""model_key"":""M|RAW""}","{""model_key"":""M|PCA_SELECTED""}",6005454176498073497
raw_vs_compact_M,full_808,2026,LOCAL0,T1,auroc,0.5410131332082552,0.5462391267269315,0.005225993518676364,-0.03744922554788742,0.049404022895979866,0.95,808,5,2000,2000,patient_within_outer_fold,percentile,comparison - reference,0.005225993518676364,,"{""model_key"":""M|RAW""}","{""model_key"":""M|PCA_SELECTED""}",6005454176498073497
raw_vs_compact_M,full_808,2026,LOCAL0,T1,brier,0.25445453013438124,0.23021489813573282,0.024239631998648425,0.011422028054790099,0.037557338910643126,0.95,808,5,2000,2000,patient_within_outer_fold,percentile,reference - comparison (lower Brier is better),-0.024239631998648425,-0.024239631998648425,"{""model_key"":""M|RAW""}","{""model_key"":""M|PCA_SELECTED""}",6005454176498073497
raw_vs_compact_M,full_808,2026,LOCAL0,T2,auprc,0.3729294131836608,0.38731534449240823,0.014385931308747435,-0.031083132240286623,0.05425149809316127,0.95,808,5,2000,2000,patient_within_outer_fold,percentile,comparison - reference,0.014385931308747435,,"{""model_key"":""M|RAW""}","{""model_key"":""M|PCA_SELECTED""}",2007109333125865615
raw_vs_compact_M,full_808,2026,LOCAL0,T2,auroc,0.5307453522087668,0.5487429643527205,0.01799761214395368,-0.025592485624736372,0.06113776241539726,0.95,808,5,2000,2000,patient_within_outer_fold,percentile,comparison - reference,0.01799761214395368,,"{""model_key"":""M|RAW""}","{""model_key"":""M|PCA_SELECTED""}",2007109333125865615
raw_vs_compact_M,full_808,2026,LOCAL0,T2,brier,0.2859429657682377,0.2449674375361229,0.04097552823211478,0.024171908479186224,0.05766316062296865,0.95,808,5,2000,2000,patient_within_outer_fold,percentile,reference - comparison (lower Brier is better),-0.04097552823211478,-0.04097552823211478,"{""model_key"":""M|RAW""}","{""model_key"":""M|PCA_SELECTED""}",2007109333125865615
raw_vs_compact_M,full_808,2026,LOCAL0,T3,auprc,0.37268564371412644,0.3657475975698602,-0.006938046144266241,-0.04035300296977211,0.029227795003449197,0.95,808,5,2000,2000,patient_within_outer_fold,percentile,comparison - reference,-0.006938046144266241,,"{""model_key"":""M|RAW""}","{""model_key"":""M|PCA_SELECTED""}",2120290259154170639
raw_vs_compact_M,full_808,2026,LOCAL0,T3,auroc,0.5458775370970492,0.5329285348797543,-0.012949002217294892,-0.04816752941365768,0.022465342737622084,0.95,808,5,2000,2000,patient_within_outer_fold,percentile,comparison - reference,-0.012949002217294892,,"{""model_key"":""M|RAW""}","{""model_key"":""M|PCA_SELECTED""}",2120290259154170639
raw_vs_compact_M,full_808,2026,LOCAL0,T3,brier,0.26110818380815326,0.24489621814860343,0.016211965659549826,0.004899736901478071,0.028818102486571913,0.95,808,5,2000,2000,patient_within_outer_fold,percentile,reference - comparison (lower Brier is better),-0.016211965659549826,-0.016211965659549826,"{""model_key"":""M|RAW""}","{""model_key"":""M|PCA_SELECTED""}",2120290259154170639
raw_vs_compact_M,full_808,2026,LOCAL3,T0,auprc,0.3549562201221319,0.3541806626249927,-0.000775557497139201,-0.038366529552625823,0.0357923922310483,0.95,808,5,2000,2000,patient_within_outer_fold,percentile,comparison - reference,-0.000775557497139201,,"{""model_key"":""M|RAW""}","{""model_key"":""M|PCA_SELECTED""}",7011669778891293890
raw_vs_compact_M,full_808,2026,LOCAL3,T0,auroc,0.5211734606856558,0.5126249360395702,-0.008548524646085687,-0.05613446706121638,0.038428715157522816,0.95,808,5,2000,2000,patient_within_outer_fold,percentile,comparison - reference,-0.008548524646085687,,"{""model_key"":""M|RAW""}","{""model_key"":""M|PCA_SELECTED""}",7011669778891293890
raw_vs_compact_M,full_808,2026,LOCAL3,T0,brier,0.2699949348433606,0.2412588087843251,0.028736126059035527,0.014238709875419664,0.043274032956570965,0.95,808,5,2000,2000,patient_within_outer_fold,percentile,reference - comparison (lower Brier is better),-0.028736126059035527,-0.028736126059035527,"{""model_key"":""M|RAW""}","{""model_key"":""M|PCA_SELECTED""}",7011669778891293890
raw_vs_compact_M,full_808,2026,LOCAL3,T1,auprc,0.3611126560022133,0.3554169637933237,-0.005695692208889602,-0.04415816180769615,0.034293299899815104,0.95,808,5,2000,2000,patient_within_outer_fold,percentile,comparison - reference,-0.005695692208889602,,"{""model_key"":""M|RAW""}","{""model_key"":""M|PCA_SELECTED""}",6064349121144283854
raw_vs_compact_M,full_808,2026,LOCAL3,T1,auroc,0.5299607709363807,0.5260719768036841,-0.0038887941326966047,-0.053244266377675764,0.042861658666084365,0.95,808,5,2000,2000,patient_within_outer_fold,percentile,comparison - reference,-0.0038887941326966047,,"{""model_key"":""M|RAW""}","{""model_key"":""M|PCA_SELECTED""}",6064349121144283854
raw_vs_compact_M,full_808,2026,LOCAL3,T1,brier,0.26685115491295197,0.23605492682530754,0.03079622808764443,0.015718840778100356,0.045328344215849824,0.95,808,5,2000,2000,patient_within_outer_fold,percentile,reference - comparison (lower Brier is better),-0.03079622808764443,-0.03079622808764443,"{""model_key"":""M|RAW""}","{""model_key"":""M|PCA_SELECTED""}",6064349121144283854
raw_vs_compact_M,full_808,2026,LOCAL3,T2,auprc,0.36077267680921116,0.3678219791341998,0.007049302324988627,-0.03464188123315992,0.051975220089359356,0.95,808,5,2000,2000,patient_within_outer_fold,percentile,comparison - reference,0.007049302324988627,,"{""model_key"":""M|RAW""}","{""model_key"":""M|PCA_SELECTED""}",6849105848782564639
raw_vs_compact_M,full_808,2026,LOCAL3,T2,auroc,0.5265154357837284,0.5341975098072659,0.0076820740235374885,-0.04002755460362526,0.055109971323837645,0.95,808,5,2000,2000,patient_within_outer_fold,percentile,comparison - reference,0.0076820740235374885,,"{""model_key"":""M|RAW""}","{""model_key"":""M|PCA_SELECTED""}",6849105848782564639
raw_vs_compact_M,full_808,2026,LOCAL3,T2,brier,0.29002865741890077,0.2423052710470941,0.047723386371806675,0.029250155668975802,0.06574554584096536,0.95,808,5,2000,2000,patient_within_outer_fold,percentile,reference - comparison (lower Brier is better),-0.047723386371806675,-0.047723386371806675,"{""model_key"":""M|RAW""}","{""model_key"":""M|PCA_SELECTED""}",6849105848782564639
raw_vs_compact_M,full_808,2026,LOCAL3,T3,auprc,0.36717932157251576,0.3561396138371252,-0.011039707735390536,-0.04395395008775974,0.022236215697168802,0.95,808,5,2000,2000,patient_within_outer_fold,percentile,comparison - reference,-0.011039707735390536,,"{""model_key"":""M|RAW""}","{""model_key"":""M|PCA_SELECTED""}",3341203971423880247
raw_vs_compact_M,full_808,2026,LOCAL3,T3,auroc,0.5461436124850759,0.5189220535561999,-0.02722155892887601,-0.06024173481180607,0.00497177285482074,0.95,808,5,2000,2000,patient_within_outer_fold,percentile,comparison - reference,-0.02722155892887601,,"{""model_key"":""M|RAW""}","{""model_key"":""M|PCA_SELECTED""}",3341203971423880247
raw_vs_compact_M,full_808,2026,LOCAL3,T3,brier,0.24977594870586214,0.2479057375878338,0.0018702111180283476,-0.007713435656345048,0.011311748769439049,0.95,808,5,2000,2000,patient_within_outer_fold,percentile,reference - comparison (lower Brier is better),-0.0018702111180283476,-0.0018702111180283476,"{""model_key"":""M|RAW""}","{""model_key"":""M|PCA_SELECTED""}",3341203971423880247
raw_vs_compact_M,full_808,3026,LOCAL0,T0,auprc,0.3550692971435697,0.3641474952758187,0.009078198132248971,-0.017480370825952423,0.03665286717224806,0.95,808,5,2000,2000,patient_within_outer_fold,percentile,comparison - reference,0.009078198132248971,,"{""model_key"":""M|RAW""}","{""model_key"":""M|PCA_SELECTED""}",1319737631422867814
raw_vs_compact_M,full_808,3026,LOCAL0,T0,auroc,0.5138052191710728,0.5158587753709705,0.002053556199897666,-0.030405530760332516,0.032674460725006696,0.95,808,5,2000,2000,patient_within_outer_fold,percentile,comparison - reference,0.002053556199897666,,"{""model_key"":""M|RAW""}","{""model_key"":""M|PCA_SELECTED""}",1319737631422867814
raw_vs_compact_M,full_808,3026,LOCAL0,T0,brier,0.24949464298088886,0.24583038831232734,0.0036642546685615174,-0.005368562511899237,0.012893636333638974,0.95,808,5,2000,2000,patient_within_outer_fold,percentile,reference - comparison (lower Brier is better),-0.0036642546685615174,-0.0036642546685615174,"{""model_key"":""M|RAW""}","{""model_key"":""M|PCA_SELECTED""}",1319737631422867814
raw_vs_compact_M,full_808,3026,LOCAL0,T1,auprc,0.357868487992803,0.3773818807614673,0.01951339276866426,-0.023576307701596324,0.06722937465219217,0.95,808,5,2000,2000,patient_within_outer_fold,percentile,comparison - reference,0.01951339276866426,,"{""model_key"":""M|RAW""}","{""model_key"":""M|PCA_SELECTED""}",6522856359087024521
raw_vs_compact_M,full_808,3026,LOCAL0,T1,auroc,0.5257308545113424,0.5307180624253796,0.004987207914037173,-0.04818758542010293,0.059396007573364884,0.95,808,5,2000,2000,patient_within_outer_fold,percentile,comparison - reference,0.004987207914037173,,"{""model_key"":""M|RAW""}","{""model_key"":""M|PCA_SELECTED""}",6522856359087024521
raw_vs_compact_M,full_808,3026,LOCAL0,T1,brier,0.2944404151040312,0.2375808220195222,0.056859593084509,0.037748477828322864,0.07577229714859268,0.95,808,5,2000,2000,patient_within_outer_fold,percentile,reference - comparison (lower Brier is better),-0.056859593084509,-0.056859593084509,"{""model_key"":""M|RAW""}","{""model_key"":""M|PCA_SELECTED""}",6522856359087024521
raw_vs_compact_M,full_808,3026,LOCAL0,T2,auprc,0.35416547989567204,0.3989647795930738,0.04479929969740176,-0.002018692295232903,0.09573575095531268,0.95,808,5,2000,2000,patient_within_outer_fold,percentile,comparison - reference,0.04479929969740176,,"{""model_key"":""M|RAW""}","{""model_key"":""M|PCA_SELECTED""}",940642245163370878
raw_vs_compact_M,full_808,3026,LOCAL0,T2,auroc,0.5161112058673034,0.5448814600034112,0.028770254136107787,-0.01866076966267442,0.07961550598551992,0.95,808,5,2000,2000,patient_within_outer_fold,percentile,comparison - reference,0.028770254136107787,,"{""model_key"":""M|RAW""}","{""model_key"":""M|PCA_SELECTED""}",940642245163370878
raw_vs_compact_M,full_808,3026,LOCAL0,T2,brier,0.3027902138958045,0.23968844461423028,0.06310176928157424,0.04341513278909374,0.0832507452065314,0.95,808,5,2000,2000,patient_within_outer_fold,percentile,reference - comparison (lower Brier is better),-0.06310176928157424,-0.06310176928157424,"{""model_key"":""M|RAW""}","{""model_key"":""M|PCA_SELECTED""}",940642245163370878
raw_vs_compact_M,full_808,3026,LOCAL0,T3,auprc,0.37485018992936536,0.4061250616149944,0.031274871685629035,-0.015913032406094735,0.07534570003549591,0.95,808,5,2000,2000,patient_within_outer_fold,percentile,comparison - reference,0.031274871685629035,,"{""model_key"":""M|RAW""}","{""model_key"":""M|PCA_SELECTED""}",7246547073839791731
raw_vs_compact_M,full_808,3026,LOCAL0,T3,auroc,0.5419682756268122,0.5731673204843937,0.031199044857581515,-0.01629586348405631,0.08106484484654151,0.95,808,5,2000,2000,patient_within_outer_fold,percentile,comparison - reference,0.031199044857581515,,"{""model_key"":""M|RAW""}","{""model_key"":""M|PCA_SELECTED""}",7246547073839791731
raw_vs_compact_M,full_808,3026,LOCAL0,T3,brier,0.2663780503680862,0.23283465931032937,0.03354339105775683,0.018400203511580736,0.04948281518379533,0.95,808,5,2000,2000,patient_within_outer_fold,percentile,reference - comparison (lower Brier is better),-0.03354339105775683,-0.03354339105775683,"{""model_key"":""M|RAW""}","{""model_key"":""M|PCA_SELECTED""}",7246547073839791731
raw_vs_compact_M,full_808,3026,LOCAL3,T0,auprc,0.37082403749069487,0.39322919910591947,0.0224051616152246,-0.01986742781613509,0.0639327218087427,0.95,808,5,2000,2000,patient_within_outer_fold,percentile,comparison - reference,0.0224051616152246,,"{""model_key"":""M|RAW""}","{""model_key"":""M|PCA_SELECTED""}",402192050076176046
raw_vs_compact_M,full_808,3026,LOCAL3,T0,auroc,0.5382568650861334,0.545932116663824,0.007675251577690667,-0.043365025610521336,0.058662315036330424,0.95,808,5,2000,2000,patient_within_outer_fold,percentile,comparison - reference,0.007675251577690667,,"{""model_key"":""M|RAW""}","{""model_key"":""M|PCA_SELECTED""}",402192050076176046
raw_vs_compact_M,full_808,3026,LOCAL3,T0,brier,0.25669388671489063,0.2355007937737282,0.021193092941162422,0.008169993800758606,0.03506344394018068,0.95,808,5,2000,2000,patient_within_outer_fold,percentile,reference - comparison (lower Brier is better),-0.021193092941162422,-0.021193092941162422,"{""model_key"":""M|RAW""}","{""model_key"":""M|PCA_SELECTED""}",402192050076176046
raw_vs_compact_M,full_808,3026,LOCAL3,T1,auprc,0.37778026804811027,0.38870960412289723,0.010929336074786966,-0.037404477250233915,0.05994888567573118,0.95,808,5,2000,2000,patient_within_outer_fold,percentile,comparison - reference,0.010929336074786966,,"{""model_key"":""M|RAW""}","{""model_key"":""M|PCA_SELECTED""}",4030147444136344386
raw_vs_compact_M,full_808,3026,LOCAL3,T1,auroc,0.5428620160327478,0.5437625788845302,0.000900562851782416,-0.04585539569732565,0.04565405541302636,0.95,808,5,2000,2000,patient_within_outer_fold,percentile,comparison - reference,0.000900562851782416,,"{""model_key"":""M|RAW""}","{""model_key"":""M|PCA_SELECTED""}",4030147444136344386
raw_vs_compact_M,full_808,3026,LOCAL3,T1,brier,0.2805108778476043,0.23553032001356072,0.04498055783404359,0.02720931322690262,0.06107883663111034,0.95,808,5,2000,2000,patient_within_outer_fold,percentile,reference - comparison (lower Brier is better),-0.04498055783404359,-0.04498055783404359,"{""model_key"":""M|RAW""}","{""model_key"":""M|PCA_SELECTED""}",4030147444136344386
raw_vs_compact_M,full_808,3026,LOCAL3,T2,auprc,0.35269259890249327,0.373651641841815,0.020959042939321715,-0.016355127743418567,0.058342327019253425,0.95,808,5,2000,2000,patient_within_outer_fold,percentile,comparison - reference,0.020959042939321715,,"{""model_key"":""M|RAW""}","{""model_key"":""M|PCA_SELECTED""}",5856636527554659576
raw_vs_compact_M,full_808,3026,LOCAL3,T2,auroc,0.5173733583489681,0.5276888964693843,0.01031553812041619,-0.029354528801382902,0.046339019984388,0.95,808,5,2000,2000,patient_within_outer_fold,percentile,comparison - reference,0.01031553812041619,,"{""model_key"":""M|RAW""}","{""model_key"":""M|PCA_SELECTED""}",5856636527554659576
raw_vs_compact_M,full_808,3026,LOCAL3,T2,brier,0.28111584049728083,0.2381616237949844,0.04295421670229643,0.029400952620257655,0.05574920750436329,0.95,808,5,2000,2000,patient_within_outer_fold,percentile,reference - comparison (lower Brier is better),-0.04295421670229643,-0.04295421670229643,"{""model_key"":""M|RAW""}","{""model_key"":""M|PCA_SELECTED""}",5856636527554659576
raw_vs_compact_M,full_808,3026,LOCAL3,T3,auprc,0.3768611532793622,0.3966818209368583,0.01982066765749607,-0.02291936656553609,0.06289163038054411,0.95,808,5,2000,2000,patient_within_outer_fold,percentile,comparison - reference,0.01982066765749607,,"{""model_key"":""M|RAW""}","{""model_key"":""M|PCA_SELECTED""}",7067359360689768645
raw_vs_compact_M,full_808,3026,LOCAL3,T3,auroc,0.5483813747228381,0.5679345045198704,0.019553129797032276,-0.02255480236419634,0.06113831962649697,0.95,808,5,2000,2000,patient_within_outer_fold,percentile,comparison - reference,0.019553129797032276,,"{""model_key"":""M|RAW""}","{""model_key"":""M|PCA_SELECTED""}",7067359360689768645
raw_vs_compact_M,full_808,3026,LOCAL3,T3,brier,0.26650484191048185,0.24063684542973965,0.0258679964807422,0.00969976816511151,0.041022258812814696,0.95,808,5,2000,2000,patient_within_outer_fold,percentile,reference - comparison (lower Brier is better),-0.0258679964807422,-0.0258679964807422,"{""model_key"":""M|RAW""}","{""model_key"":""M|PCA_SELECTED""}",7067359360689768645
residual_beyond_ftv,ftv_complete_375,2026,LOCAL0,T0,auprc,0.538897485664505,0.4691280586200437,-0.06976942704446132,-0.13312664558163406,-0.003064822399793349,0.95,375,5,2000,2000,patient_within_outer_fold,percentile,comparison - reference,-0.06976942704446132,,"{""model_key"":""C+F""}","{""model_key"":""C+F+M_residual|PCA_SELECTED""}",583769388783572920
residual_beyond_ftv,ftv_complete_375,2026,LOCAL0,T0,auroc,0.6880274442538593,0.6377358490566039,-0.050291595197255456,-0.10496553959855862,0.005554802701222006,0.95,375,5,2000,2000,patient_within_outer_fold,percentile,comparison - reference,-0.050291595197255456,,"{""model_key"":""C+F""}","{""model_key"":""C+F+M_residual|PCA_SELECTED""}",583769388783572920
residual_beyond_ftv,ftv_complete_375,2026,LOCAL0,T0,brier,0.2356217123236572,0.22913293158114975,0.006488780742507444,-0.007908157993446874,0.019783108089488053,0.95,375,5,2000,2000,patient_within_outer_fold,percentile,reference - comparison (lower Brier is better),-0.006488780742507444,-0.006488780742507444,"{""model_key"":""C+F""}","{""model_key"":""C+F+M_residual|PCA_SELECTED""}",583769388783572920
residual_beyond_ftv,ftv_complete_375,2026,LOCAL0,T1,auprc,0.5259975356624463,0.5057226811011039,-0.02027485456134248,-0.06841517146727251,0.03644117856327126,0.95,375,5,2000,2000,patient_within_outer_fold,percentile,comparison - reference,-0.02027485456134248,,"{""model_key"":""C+F""}","{""model_key"":""C+F+M_residual|PCA_SELECTED""}",4350692210720023499
residual_beyond_ftv,ftv_complete_375,2026,LOCAL0,T1,auroc,0.6971526586620925,0.694442538593482,-0.0027101200686104887,-0.046653145976899096,0.041252631616473114,0.95,375,5,2000,2000,patient_within_outer_fold,percentile,comparison - reference,-0.0027101200686104887,,"{""model_key"":""C+F""}","{""model_key"":""C+F+M_residual|PCA_SELECTED""}",4350692210720023499
residual_beyond_ftv,ftv_complete_375,2026,LOCAL0,T1,brier,0.19795462758831528,0.19920348132716018,-0.0012488537388448961,-0.016947273135916267,0.014141338641200868,0.95,375,5,2000,2000,patient_within_outer_fold,percentile,reference - comparison (lower Brier is better),0.0012488537388448961,0.0012488537388448961,"{""model_key"":""C+F""}","{""model_key"":""C+F+M_residual|PCA_SELECTED""}",4350692210720023499
residual_beyond_ftv,ftv_complete_375,2026,LOCAL0,T2,auprc,0.5400010651611841,0.4921749777785167,-0.04782608738266736,-0.09533761308023463,0.0005836617170157463,0.95,375,5,2000,2000,patient_within_outer_fold,percentile,comparison - reference,-0.04782608738266736,,"{""model_key"":""C+F""}","{""model_key"":""C+F+M_residual|PCA_SELECTED""}",6578594994723224705
residual_beyond_ftv,ftv_complete_375,2026,LOCAL0,T2,auroc,0.726106346483705,0.6966037735849058,-0.029502572898799206,-0.05841244220400225,-0.0014987413995380362,0.95,375,5,2000,2000,patient_within_outer_fold,percentile,comparison - reference,-0.029502572898799206,,"{""model_key"":""C+F""}","{""model_key"":""C+F+M_residual|PCA_SELECTED""}",6578594994723224705
residual_beyond_ftv,ftv_complete_375,2026,LOCAL0,T2,brier,0.1887354938947084,0.2062052205448084,-0.017469726650099993,-0.02938860994333467,-0.006275064299298037,0.95,375,5,2000,2000,patient_within_outer_fold,percentile,reference - comparison (lower Brier is better),0.017469726650099993,0.017469726650099993,"{""model_key"":""C+F""}","{""model_key"":""C+F+M_residual|PCA_SELECTED""}",6578594994723224705
residual_beyond_ftv,ftv_complete_375,2026,LOCAL0,T3,auprc,0.5393749537451002,0.4970050999220649,-0.042369853823035375,-0.11713258797732141,0.026893161522896197,0.95,375,5,2000,2000,patient_within_outer_fold,percentile,comparison - reference,-0.042369853823035375,,"{""model_key"":""C+F""}","{""model_key"":""C+F+M_residual|PCA_SELECTED""}",4078808096751559058
residual_beyond_ftv,ftv_complete_375,2026,LOCAL0,T3,auroc,0.7154030874785592,0.6963293310463123,-0.019073756432246847,-0.07077898153880087,0.030395722752806463,0.95,375,5,2000,2000,patient_within_outer_fold,percentile,comparison - reference,-0.019073756432246847,,"{""model_key"":""C+F""}","{""model_key"":""C+F+M_residual|PCA_SELECTED""}",4078808096751559058
residual_beyond_ftv,ftv_complete_375,2026,LOCAL0,T3,brier,0.19299362818294807,0.20830875380413735,-0.01531512562118928,-0.0349217333843442,0.0032354920582116217,0.95,375,5,2000,2000,patient_within_outer_fold,percentile,reference - comparison (lower Brier is better),0.01531512562118928,0.01531512562118928,"{""model_key"":""C+F""}","{""model_key"":""C+F+M_residual|PCA_SELECTED""}",4078808096751559058
residual_beyond_ftv,ftv_complete_375,2026,LOCAL3,T0,auprc,0.538897485664505,0.4866538918037299,-0.052243593860775095,-0.10490440891364963,0.0036972725780210682,0.95,375,5,2000,2000,patient_within_outer_fold,percentile,comparison - reference,-0.052243593860775095,,"{""model_key"":""C+F""}","{""model_key"":""C+F+M_residual|PCA_SELECTED""}",799830769308666768
residual_beyond_ftv,ftv_complete_375,2026,LOCAL3,T0,auroc,0.6880274442538593,0.6491938250428817,-0.03883361921097761,-0.08687948139025736,0.006106273695670084,0.95,375,5,2000,2000,patient_within_outer_fold,percentile,comparison - reference,-0.03883361921097761,,"{""model_key"":""C+F""}","{""model_key"":""C+F+M_residual|PCA_SELECTED""}",799830769308666768
residual_beyond_ftv,ftv_complete_375,2026,LOCAL3,T0,brier,0.2356217123236572,0.22837775575368505,0.007243956569972149,-0.005676131604762096,0.01931642536649772,0.95,375,5,2000,2000,patient_within_outer_fold,percentile,reference - comparison (lower Brier is better),-0.007243956569972149,-0.007243956569972149,"{""model_key"":""C+F""}","{""model_key"":""C+F+M_residual|PCA_SELECTED""}",799830769308666768
residual_beyond_ftv,ftv_complete_375,2026,LOCAL3,T1,auprc,0.5259975356624463,0.5205118819667176,-0.005485653695728732,-0.048112779577730636,0.04555812238789247,0.95,375,5,2000,2000,patient_within_outer_fold,percentile,comparison - reference,-0.005485653695728732,,"{""model_key"":""C+F""}","{""model_key"":""C+F+M_residual|PCA_SELECTED""}",7489435892103542088
residual_beyond_ftv,ftv_complete_375,2026,LOCAL3,T1,auroc,0.6971526586620925,0.7057632933104632,0.00861063464837064,-0.033265465826840736,0.0485099379616152,0.95,375,5,2000,2000,patient_within_outer_fold,percentile,comparison - reference,0.00861063464837064,,"{""model_key"":""C+F""}","{""model_key"":""C+F+M_residual|PCA_SELECTED""}",7489435892103542088
residual_beyond_ftv,ftv_complete_375,2026,LOCAL3,T1,brier,0.19795462758831528,0.18954240589176766,0.008412221696547623,-0.005193791715691474,0.02151292820926234,0.95,375,5,2000,2000,patient_within_outer_fold,percentile,reference - comparison (lower Brier is better),-0.008412221696547623,-0.008412221696547623,"{""model_key"":""C+F""}","{""model_key"":""C+F+M_residual|PCA_SELECTED""}",7489435892103542088
residual_beyond_ftv,ftv_complete_375,2026,LOCAL3,T2,auprc,0.5400010651611841,0.49330527359719023,-0.04669579156399384,-0.08916892300983514,0.0008204686800025583,0.95,375,5,2000,2000,patient_within_outer_fold,percentile,comparison - reference,-0.04669579156399384,,"{""model_key"":""C+F""}","{""model_key"":""C+F+M_residual|PCA_SELECTED""}",3924468813522504154
residual_beyond_ftv,ftv_complete_375,2026,LOCAL3,T2,auroc,0.726106346483705,0.7017495711835335,-0.02435677530017144,-0.05150334843101696,0.004379766931187852,0.95,375,5,2000,2000,patient_within_outer_fold,percentile,comparison - reference,-0.02435677530017144,,"{""model_key"":""C+F""}","{""model_key"":""C+F+M_residual|PCA_SELECTED""}",3924468813522504154
residual_beyond_ftv,ftv_complete_375,2026,LOCAL3,T2,brier,0.1887354938947084,0.2027957714465878,-0.014060277551879413,-0.024825258038815034,-0.0030161551134642744,0.95,375,5,2000,2000,patient_within_outer_fold,percentile,reference - comparison (lower Brier is better),0.014060277551879413,0.014060277551879413,"{""model_key"":""C+F""}","{""model_key"":""C+F+M_residual|PCA_SELECTED""}",3924468813522504154
residual_beyond_ftv,ftv_complete_375,2026,LOCAL3,T3,auprc,0.5393749537451002,0.4722236620826556,-0.06715129166244466,-0.12577180575732747,0.001254053529783055,0.95,375,5,2000,2000,patient_within_outer_fold,percentile,comparison - reference,-0.06715129166244466,,"{""model_key"":""C+F""}","{""model_key"":""C+F+M_residual|PCA_SELECTED""}",4717638629001159794
residual_beyond_ftv,ftv_complete_375,2026,LOCAL3,T3,auroc,0.7154030874785592,0.6653173241852486,-0.0500857632933106,-0.09700774118723782,-0.005862845454539276,0.95,375,5,2000,2000,patient_within_outer_fold,percentile,comparison - reference,-0.0500857632933106,,"{""model_key"":""C+F""}","{""model_key"":""C+F+M_residual|PCA_SELECTED""}",4717638629001159794
residual_beyond_ftv,ftv_complete_375,2026,LOCAL3,T3,brier,0.19299362818294807,0.2306164279536994,-0.037622799770751336,-0.05531861428521035,-0.020294206199732306,0.95,375,5,2000,2000,patient_within_outer_fold,percentile,reference - comparison (lower Brier is better),0.037622799770751336,0.037622799770751336,"{""model_key"":""C+F""}","{""model_key"":""C+F+M_residual|PCA_SELECTED""}",4717638629001159794
residual_beyond_ftv,ftv_complete_375,3026,LOCAL0,T0,auprc,0.538897485664505,0.4316463084650707,-0.10725117719943433,-0.16773728840528707,-0.04036486971478329,0.95,375,5,2000,2000,patient_within_outer_fold,percentile,comparison - reference,-0.10725117719943433,,"{""model_key"":""C+F""}","{""model_key"":""C+F+M_residual|PCA_SELECTED""}",8620893906728018106
residual_beyond_ftv,ftv_complete_375,3026,LOCAL0,T0,auroc,0.6880274442538593,0.6155746140651801,-0.07245283018867921,-0.12518997718786956,-0.020755461910287005,0.95,375,5,2000,2000,patient_within_outer_fold,percentile,comparison - reference,-0.07245283018867921,,"{""model_key"":""C+F""}","{""model_key"":""C+F+M_residual|PCA_SELECTED""}",8620893906728018106
residual_beyond_ftv,ftv_complete_375,3026,LOCAL0,T0,brier,0.2356217123236572,0.23438340143176606,0.0012383108918911367,-0.009323376695966477,0.010989341714013565,0.95,375,5,2000,2000,patient_within_outer_fold,percentile,reference - comparison (lower Brier is better),-0.0012383108918911367,-0.0012383108918911367,"{""model_key"":""C+F""}","{""model_key"":""C+F+M_residual|PCA_SELECTED""}",8620893906728018106
residual_beyond_ftv,ftv_complete_375,3026,LOCAL0,T1,auprc,0.5259975356624463,0.5204825965831993,-0.00551493907924705,-0.05447627875348339,0.047550502837965004,0.95,375,5,2000,2000,patient_within_outer_fold,percentile,comparison - reference,-0.00551493907924705,,"{""model_key"":""C+F""}","{""model_key"":""C+F+M_residual|PCA_SELECTED""}",1894965150420565377
residual_beyond_ftv,ftv_complete_375,3026,LOCAL0,T1,auroc,0.6971526586620925,0.6968096054888508,-0.00034305317324168083,-0.04113711021365511,0.039589993293229,0.95,375,5,2000,2000,patient_within_outer_fold,percentile,comparison - reference,-0.00034305317324168083,,"{""model_key"":""C+F""}","{""model_key"":""C+F+M_residual|PCA_SELECTED""}",1894965150420565377
residual_beyond_ftv,ftv_complete_375,3026,LOCAL0,T1,brier,0.19795462758831528,0.19387212294085876,0.00408250464745652,-0.011008499559769415,0.018908830447054627,0.95,375,5,2000,2000,patient_within_outer_fold,percentile,reference - comparison (lower Brier is better),-0.00408250464745652,-0.00408250464745652,"{""model_key"":""C+F""}","{""model_key"":""C+F+M_residual|PCA_SELECTED""}",1894965150420565377
residual_beyond_ftv,ftv_complete_375,3026,LOCAL0,T2,auprc,0.5400010651611841,0.47776100595905613,-0.06224005920212794,-0.12594299056317557,-0.0014202625053111294,0.95,375,5,2000,2000,patient_within_outer_fold,percentile,comparison - reference,-0.06224005920212794,,"{""model_key"":""C+F""}","{""model_key"":""C+F+M_residual|PCA_SELECTED""}",2708851162804553392
residual_beyond_ftv,ftv_complete_375,3026,LOCAL0,T2,auroc,0.726106346483705,0.6978730703259006,-0.028233276157804355,-0.0759370708994709,0.01838242230321543,0.95,375,5,2000,2000,patient_within_outer_fold,percentile,comparison - reference,-0.028233276157804355,,"{""model_key"":""C+F""}","{""model_key"":""C+F+M_residual|PCA_SELECTED""}",2708851162804553392
residual_beyond_ftv,ftv_complete_375,3026,LOCAL0,T2,brier,0.1887354938947084,0.20449885125212686,-0.01576335735741846,-0.033675634080314334,0.0008434411758009065,0.95,375,5,2000,2000,patient_within_outer_fold,percentile,reference - comparison (lower Brier is better),0.01576335735741846,0.01576335735741846,"{""model_key"":""C+F""}","{""model_key"":""C+F+M_residual|PCA_SELECTED""}",2708851162804553392
residual_beyond_ftv,ftv_complete_375,3026,LOCAL0,T3,auprc,0.5393749537451002,0.5131449858024241,-0.02622996794267618,-0.08035017385010682,0.02778249253795076,0.95,375,5,2000,2000,patient_within_outer_fold,percentile,comparison - reference,-0.02622996794267618,,"{""model_key"":""C+F""}","{""model_key"":""C+F+M_residual|PCA_SELECTED""}",1487194686279294179
residual_beyond_ftv,ftv_complete_375,3026,LOCAL0,T3,auroc,0.7154030874785592,0.7058662092624357,-0.009536878216123479,-0.05388808319940472,0.034500900005991826,0.95,375,5,2000,2000,patient_within_outer_fold,percentile,comparison - reference,-0.009536878216123479,,"{""model_key"":""C+F""}","{""model_key"":""C+F+M_residual|PCA_SELECTED""}",1487194686279294179
residual_beyond_ftv,ftv_complete_375,3026,LOCAL0,T3,brier,0.19299362818294807,0.19490237272587158,-0.0019087445429235017,-0.016766729948931535,0.012865551299619995,0.95,375,5,2000,2000,patient_within_outer_fold,percentile,reference - comparison (lower Brier is better),0.0019087445429235017,0.0019087445429235017,"{""model_key"":""C+F""}","{""model_key"":""C+F+M_residual|PCA_SELECTED""}",1487194686279294179
residual_beyond_ftv,ftv_complete_375,3026,LOCAL3,T0,auprc,0.538897485664505,0.49764365866487287,-0.04125382699963215,-0.09119244650555788,0.00965025826698706,0.95,375,5,2000,2000,patient_within_outer_fold,percentile,comparison - reference,-0.04125382699963215,,"{""model_key"":""C+F""}","{""model_key"":""C+F+M_residual|PCA_SELECTED""}",1395243275865725609
residual_beyond_ftv,ftv_complete_375,3026,LOCAL3,T0,auroc,0.6880274442538593,0.6566723842195541,-0.031355060034305215,-0.06859288675057328,0.007822137407296563,0.95,375,5,2000,2000,patient_within_outer_fold,percentile,comparison - reference,-0.031355060034305215,,"{""model_key"":""C+F""}","{""model_key"":""C+F+M_residual|PCA_SELECTED""}",1395243275865725609
residual_beyond_ftv,ftv_complete_375,3026,LOCAL3,T0,brier,0.2356217123236572,0.22901631925113725,0.0066053930725199494,-0.0029845276778757597,0.015612673506153687,0.95,375,5,2000,2000,patient_within_outer_fold,percentile,reference - comparison (lower Brier is better),-0.0066053930725199494,-0.0066053930725199494,"{""model_key"":""C+F""}","{""model_key"":""C+F+M_residual|PCA_SELECTED""}",1395243275865725609
residual_beyond_ftv,ftv_complete_375,3026,LOCAL3,T1,auprc,0.5259975356624463,0.4829113323743402,-0.04308620328810614,-0.08479697630752192,0.004195436061335476,0.95,375,5,2000,2000,patient_within_outer_fold,percentile,comparison - reference,-0.04308620328810614,,"{""model_key"":""C+F""}","{""model_key"":""C+F+M_residual|PCA_SELECTED""}",3928540537773369475
residual_beyond_ftv,ftv_complete_375,3026,LOCAL3,T1,auroc,0.6971526586620925,0.6760548885077187,-0.021097770154373863,-0.055626508543175114,0.013773201686542811,0.95,375,5,2000,2000,patient_within_outer_fold,percentile,comparison - reference,-0.021097770154373863,,"{""model_key"":""C+F""}","{""model_key"":""C+F+M_residual|PCA_SELECTED""}",3928540537773369475
residual_beyond_ftv,ftv_complete_375,3026,LOCAL3,T1,brier,0.19795462758831528,0.20269510310210626,-0.004740475513790976,-0.01662211830711896,0.006621465166861466,0.95,375,5,2000,2000,patient_within_outer_fold,percentile,reference - comparison (lower Brier is better),0.004740475513790976,0.004740475513790976,"{""model_key"":""C+F""}","{""model_key"":""C+F+M_residual|PCA_SELECTED""}",3928540537773369475
residual_beyond_ftv,ftv_complete_375,3026,LOCAL3,T2,auprc,0.5400010651611841,0.4747632967832252,-0.06523776837795886,-0.12140685211175573,-0.00992229683715089,0.95,375,5,2000,2000,patient_within_outer_fold,percentile,comparison - reference,-0.06523776837795886,,"{""model_key"":""C+F""}","{""model_key"":""C+F+M_residual|PCA_SELECTED""}",6226561952714344588
residual_beyond_ftv,ftv_complete_375,3026,LOCAL3,T2,auroc,0.726106346483705,0.6881303602058318,-0.03797598627787313,-0.07598660683525407,-0.001620635315702914,0.95,375,5,2000,2000,patient_within_outer_fold,percentile,comparison - reference,-0.03797598627787313,,"{""model_key"":""C+F""}","{""model_key"":""C+F+M_residual|PCA_SELECTED""}",6226561952714344588
residual_beyond_ftv,ftv_complete_375,3026,LOCAL3,T2,brier,0.1887354938947084,0.20908055934067452,-0.02034506544596612,-0.03583400477402921,-0.005358522038511199,0.95,375,5,2000,2000,patient_within_outer_fold,percentile,reference - comparison (lower Brier is better),0.02034506544596612,0.02034506544596612,"{""model_key"":""C+F""}","{""model_key"":""C+F+M_residual|PCA_SELECTED""}",6226561952714344588
residual_beyond_ftv,ftv_complete_375,3026,LOCAL3,T3,auprc,0.5393749537451002,0.5220754279347557,-0.01729952581034455,-0.07127015291040882,0.03918643395874161,0.95,375,5,2000,2000,patient_within_outer_fold,percentile,comparison - reference,-0.01729952581034455,,"{""model_key"":""C+F""}","{""model_key"":""C+F+M_residual|PCA_SELECTED""}",8122739507219045110
residual_beyond_ftv,ftv_complete_375,3026,LOCAL3,T3,auroc,0.7154030874785592,0.7107375643224699,-0.004665523156089257,-0.052819941719219284,0.04185037842497982,0.95,375,5,2000,2000,patient_within_outer_fold,percentile,comparison - reference,-0.004665523156089257,,"{""model_key"":""C+F""}","{""model_key"":""C+F+M_residual|PCA_SELECTED""}",8122739507219045110
residual_beyond_ftv,ftv_complete_375,3026,LOCAL3,T3,brier,0.19299362818294807,0.1900523194564186,0.002941308726529479,-0.013237276650942681,0.01747378391167017,0.95,375,5,2000,2000,patient_within_outer_fold,percentile,reference - comparison (lower Brier is better),-0.002941308726529479,-0.002941308726529479,"{""model_key"":""C+F""}","{""model_key"":""C+F+M_residual|PCA_SELECTED""}",8122739507219045110
