seed_base,fold,task,endpoint,target_semantics,metric,L3_minus_L1,N3_minus_N1,N1_minus_L1,difference_in_differences
2026,0,delta,T0→T1,literal_ftv_end_minus_ftv_start,spearman,0.13346729996346363,-0.0028498355864085,-0.28947753014249167,-0.13631713554987213
2026,0,delta,T1→T2,literal_ftv_end_minus_ftv_start,spearman,0.09722323712093522,0.04278407014979907,-0.04117647058823537,-0.054439166971136155
2026,0,delta,T2→T3,literal_ftv_end_minus_ftv_start,spearman,-0.1677383997077092,0.020094994519547,0.08074534161490671,0.1878333942272562
2026,0,delta,macro,literal_ftv_end_minus_ftv_start,spearman,0.0209840457922299,0.020009743027645896,-0.08330288637194011,-0.0009743027645840036
2026,0,static,T0,static_ftv_log_winsor_median_iqr_inverse_natural,spearman,0.02553891121666052,-0.05911582024113998,-0.41465107782243343,-0.0846547314578005
2026,0,static,T1,static_ftv_log_winsor_median_iqr_inverse_natural,spearman,0.04596273291925479,-0.05060284983558638,-0.0732188527584946,-0.09656558275484117
2026,0,static,T2,static_ftv_log_winsor_median_iqr_inverse_natural,spearman,0.06459627329192552,-0.05217391304347829,-0.35232005845816594,-0.11677018633540381
2026,0,static,T3,static_ftv_log_winsor_median_iqr_inverse_natural,spearman,0.09404457435147967,0.0676653270003654,-0.2425283156740958,-0.02637924735111427
2026,0,static,macro,static_ftv_log_winsor_median_iqr_inverse_natural,spearman,0.057535622944830056,-0.023556814029959905,-0.27067957617829747,-0.08109243697478996
2026,1,delta,T0→T1,literal_ftv_end_minus_ftv_start,spearman,-0.06608667890494058,0.0668050123712986,-0.4971266661345679,0.13289169127623918
2026,1,delta,T1→T2,literal_ftv_end_minus_ftv_start,spearman,0.0893926091467794,0.15583845478489908,0.04481602681778271,0.06644584563811967
2026,1,delta,T2→T3,literal_ftv_end_minus_ftv_start,spearman,0.03926889616090662,0.07115492058424461,-0.2141032803894965,0.03188602442333799
2026,1,delta,macro,literal_ftv_end_minus_ftv_start,spearman,0.0208582754675819,0.0979327959134807,-0.2221379732354272,0.0770745204458988
2026,1,static,T0,static_ftv_log_winsor_median_iqr_inverse_natural,spearman,0.04725037912044061,0.09346316545614164,-0.28785218293558945,0.04621278633570103
2026,1,static,T1,static_ftv_log_winsor_median_iqr_inverse_natural,spearman,0.01923537393247665,-0.0134887062016123,-0.2954345917471466,-0.03272408013408895
2026,1,static,T2,static_ftv_log_winsor_median_iqr_inverse_natural,spearman,0.11102242796711637,0.053635565488067694,-0.2965519993614814,-0.05738686247904867
2026,1,static,T3,static_ftv_log_winsor_median_iqr_inverse_natural,spearman,-0.06053954824806451,0.21745550323250068,-0.3841088674275682,0.2779950514805652
2026,1,static,macro,static_ftv_log_winsor_median_iqr_inverse_natural,spearman,0.02924215819299225,0.0877663819937744,-0.31598691036794635,0.05852422380078215
2026,2,delta,T0→T1,literal_ftv_end_minus_ftv_start,spearman,0.1856135342764787,0.0390831619159565,-0.25332689643591777,-0.1465303723605222
2026,2,delta,T1→T2,literal_ftv_end_minus_ftv_start,spearman,0.04380588556315862,0.044729440409722515,-0.0950631795474581,0.0009235548465638954
2026,2,delta,T2→T3,literal_ftv_end_minus_ftv_start,spearman,0.06727257461903369,0.021388690651106212,-0.3393434364636244,-0.045883883967927475
2026,2,delta,macro,literal_ftv_end_minus_ftv_start,spearman,0.0988973314862237,0.0350670976589283,-0.2292445041490001,-0.06383023382729541
2026,2,static,T0,static_ftv_log_winsor_median_iqr_inverse_natural,spearman,0.13695898576885945,0.04162293774400738,-0.1593132110322824,-0.09533604802485207
2026,2,static,T1,static_ftv_log_winsor_median_iqr_inverse_natural,spearman,0.09623861298853953,0.049095336048024796,-0.3701775744091348,-0.04714327694051473
2026,2,static,T2,static_ftv_log_winsor_median_iqr_inverse_natural,spearman,0.08395953150581426,0.2336383862978045,-0.5150287561395407,0.14967885479199025
2026,2,static,T3,static_ftv_log_winsor_median_iqr_inverse_natural,spearman,-0.04739515553503226,0.0861844590907182,-0.5167709164182864,0.13357961462575046
2026,2,static,macro,static_ftv_log_winsor_median_iqr_inverse_natural,spearman,0.06744049368204519,0.1026352797951387,-0.39032261449981115,0.03519478611309351
2026,3,delta,T0→T1,literal_ftv_end_minus_ftv_start,spearman,0.13029776834523127,0.03736574699337579,-0.3452955173966171,-0.09293202135185548
2026,3,delta,T1→T2,literal_ftv_end_minus_ftv_start,spearman,0.265933500546659,-0.018039745321242612,0.16811370506141882,-0.2839732458679016
2026,3,delta,T2→T3,literal_ftv_end_minus_ftv_start,spearman,0.1576307158016591,0.014888417261560295,0.0687182455463373,-0.14274229854009882
2026,3,delta,macro,literal_ftv_end_minus_ftv_start,spearman,0.18462066156451648,0.011404806311231001,-0.0361545222629536,-0.17321585525328548
2026,3,static,T0,static_ftv_log_winsor_median_iqr_inverse_natural,spearman,0.0498102771882436,0.11174352048363238,-0.4007331661200078,0.06193324329538878
2026,3,static,T1,static_ftv_log_winsor_median_iqr_inverse_natural,spearman,0.13727570904881342,0.037751623898643005,-0.15647308508585767,-0.09952408515017042
2026,3,static,T2,static_ftv_log_winsor_median_iqr_inverse_natural,spearman,0.09981349282912089,0.049745964370699086,-0.5179432760949256,-0.0500675284584218
2026,3,static,T3,static_ftv_log_winsor_median_iqr_inverse_natural,spearman,0.0547623641391729,0.07476365039552388,-0.3636246703968101,0.020001286256350975
2026,3,static,macro,static_ftv_log_winsor_median_iqr_inverse_natural,spearman,0.08541546080133772,0.0685011897871245,-0.3596935494244003,-0.016914271014213222
2026,4,delta,T0→T1,literal_ftv_end_minus_ftv_start,spearman,0.05264756505011642,-0.01518679761061048,-0.0725928925787182,-0.0678343626607269
2026,4,delta,T1→T2,literal_ftv_end_minus_ftv_start,spearman,-0.0071074212817656135,0.04657284600587221,-0.255846917080085,0.05368026728763782
2026,4,delta,T2→T3,literal_ftv_end_minus_ftv_start,spearman,-0.010387769565657595,0.0071074212817657245,0.188356788498532,0.01749519084742332
2026,4,delta,macro,literal_ftv_end_minus_ftv_start,spearman,0.011717458067564357,0.012831156559009183,-0.04669434038675713,0.0011136984914448256
2026,4,static,T0,static_ftv_log_winsor_median_iqr_inverse_natural,spearman,0.05046066619418843,-0.037440518376025134,-0.26277209679052355,-0.08790118457021356
2026,4,static,T1,static_ftv_log_winsor_median_iqr_inverse_natural,spearman,0.04153082919914952,-0.031527791839627284,-0.15267793864533769,-0.0730586210387768
2026,4,static,T2,static_ftv_log_winsor_median_iqr_inverse_natural,spearman,0.13532449124228013,0.0017616685228307727,-0.011177483041409253,-0.13356282271944936
2026,4,static,T3,static_ftv_log_winsor_median_iqr_inverse_natural,spearman,-0.006337956869494843,-0.05777057811076239,-0.33981978333502083,-0.051432621241267545
2026,4,static,macro,static_ftv_log_winsor_median_iqr_inverse_natural,spearman,0.055244507441530755,-0.03124430495089603,-0.19161182545307287,-0.08648881239242678
3026,0,delta,T0→T1,literal_ftv_end_minus_ftv_start,spearman,-0.015527950310559008,0.2280964559736939,-0.1,0.24362440628425291
3026,0,delta,T1→T2,literal_ftv_end_minus_ftv_start,spearman,0.019473876507124566,0.20843989769820978,-0.2048227986846913,0.18896602119108522
3026,0,delta,T2→T3,literal_ftv_end_minus_ftv_start,spearman,0.07946656923639028,0.002082572159298496,-0.0011326269638290004,-0.07738399707709179
3026,0,delta,macro,literal_ftv_end_minus_ftv_start,spearman,0.027804165144318604,0.14620630861040068,-0.10198514188284011,0.11840214346608208
3026,0,static,T0,static_ftv_log_winsor_median_iqr_inverse_natural,spearman,0.12473511143587879,0.008366824990865884,-0.25655827548410665,-0.1163682864450129
3026,0,static,T1,static_ftv_log_winsor_median_iqr_inverse_natural,spearman,-0.011362805991962044,0.15896967482645236,-0.2779685787358422,0.1703324808184144
3026,0,static,T2,static_ftv_log_winsor_median_iqr_inverse_natural,spearman,0.024990865911582005,0.2141395688710267,-0.36521739130434777,0.1891487029594447
3026,0,static,T3,static_ftv_log_winsor_median_iqr_inverse_natural,spearman,0.09674826452320073,0.0451954694921447,-0.19382535622944827,-0.05155279503105603
3026,0,static,macro,static_ftv_log_winsor_median_iqr_inverse_natural,spearman,0.05877785896967491,0.10666788454512238,-0.27339240043843627,0.04789002557544747
3026,1,delta,T0→T1,literal_ftv_end_minus_ftv_start,spearman,0.041822970707957485,0.008141112618724605,-0.29112459094899845,-0.03368185808923288
3026,1,delta,T1→T2,literal_ftv_end_minus_ftv_start,spearman,0.09226594301221169,-0.0348391731183653,-0.10886742756804219,-0.12710511613057698
3026,1,delta,T2→T3,literal_ftv_end_minus_ftv_start,spearman,0.2102721685689201,-0.0416234336339691,-0.1811397557666215,-0.2518956022028892
3026,1,delta,macro,literal_ftv_end_minus_ftv_start,spearman,0.11478702742969638,-0.02277383137787,-0.1937105914278874,-0.13756085880756638
3026,1,static,T0,static_ftv_log_winsor_median_iqr_inverse_natural,spearman,0.08177029292042459,0.024582967515364262,-0.3186607071593902,-0.05718732540506033
3026,1,static,T1,static_ftv_log_winsor_median_iqr_inverse_natural,spearman,0.09454066565567876,0.008939260914678004,-0.3892569239364675,-0.08560140474100075
3026,1,static,T2,static_ftv_log_winsor_median_iqr_inverse_natural,spearman,0.08093223720967346,0.04134408173038551,-0.6126586319738208,-0.039588155479287956
3026,1,static,T3,static_ftv_log_winsor_median_iqr_inverse_natural,spearman,0.14598132332987468,-0.039508340649692796,-0.1689280868385345,-0.18548966397956748
3026,1,static,macro,static_ftv_log_winsor_median_iqr_inverse_natural,spearman,0.10080612977891296,0.008839492377683805,-0.3723760874770533,-0.09196663740122915
3026,2,delta,T0→T1,literal_ftv_end_minus_ftv_start,spearman,0.2102766466563116,-0.010117123546450599,-0.07986650434490579,-0.22039377020276218
3026,2,delta,T1→T2,literal_ftv_end_minus_ftv_start,spearman,0.19978170521808492,0.00919356869988669,0.25072415095923767,-0.19058813651819823
3026,2,delta,T2→T3,literal_ftv_end_minus_ftv_start,spearman,0.11708156668485789,0.0018051299273749988,-0.1124218126862852,-0.11527643675748289
3026,2,delta,macro,literal_ftv_end_minus_ftv_start,spearman,0.17571330618641817,0.0002938583602704048,0.0194786113093489,-0.17541944782614777
3026,2,static,T0,static_ftv_log_winsor_median_iqr_inverse_natural,spearman,0.10190588136518208,-0.0031274925485915706,-0.04006968641114972,-0.10503337391377365
3026,2,static,T1,static_ftv_log_winsor_median_iqr_inverse_natural,spearman,0.06546744469165866,0.04315519919398847,-0.2768565551404223,-0.02231224549767019
3026,2,static,T2,static_ftv_log_winsor_median_iqr_inverse_natural,spearman,0.1625456529952562,0.08037026153394061,-0.19249821585995552,-0.08217539146131558
3026,2,static,T3,static_ftv_log_winsor_median_iqr_inverse_natural,spearman,0.1638470257335964,0.03893623273582139,-0.1263171151504975,-0.12491079299777502
3026,2,static,macro,static_ftv_log_winsor_median_iqr_inverse_natural,spearman,0.12344150119642322,0.039833550228789705,-0.1589353931405063,-0.08360795096763352
3026,3,delta,T0→T1,literal_ftv_end_minus_ftv_start,spearman,0.06923274808669372,0.08727249340793619,-0.36741912663193776,0.018039745321242473
3026,3,delta,T1→T2,literal_ftv_end_minus_ftv_start,spearman,0.199530516431925,-0.1431603318541385,0.15300019293845263,-0.3426908482860635
3026,3,delta,T2→T3,literal_ftv_end_minus_ftv_start,spearman,0.09193517267991502,-0.0791690783973245,-0.2564473599588399,-0.17110425107723953
3026,3,delta,macro,literal_ftv_end_minus_ftv_start,spearman,0.12023281239951117,-0.0450189722811756,-0.1569554312174417,-0.16525178468068677
3026,3,static,T0,static_ftv_log_winsor_median_iqr_inverse_natural,spearman,0.07900829635346329,-0.040131198147790814,-0.24815100649559463,-0.1191394945012541
3026,3,static,T1,static_ftv_log_winsor_median_iqr_inverse_natural,spearman,0.00794263296675024,-0.1265033121101034,-0.24509614766222926,-0.13444594507685365
3026,3,static,T2,static_ftv_log_winsor_median_iqr_inverse_natural,spearman,0.0008360666280790019,0.1450575599717023,-0.484661393015628,0.1442214933436233
3026,3,static,T3,static_ftv_log_winsor_median_iqr_inverse_natural,spearman,0.06714258151649619,-0.026207473149398586,-0.015242137758055302,-0.09335005466589477
3026,3,static,macro,static_ftv_log_winsor_median_iqr_inverse_natural,spearman,0.03873239436619719,-0.011946105858897604,-0.24828767123287682,-0.05067850022509479
3026,4,delta,T0→T1,literal_ftv_end_minus_ftv_start,spearman,0.028632175761870993,0.0776956565758833,-0.3512807532651615,0.04906348081401231
3026,4,delta,T1→T2,literal_ftv_end_minus_ftv_start,spearman,0.23164928622051228,0.0172319530221727,-0.1284600587222841,-0.21441733319833958
3026,4,delta,T2→T3,literal_ftv_end_minus_ftv_start,spearman,0.3310316897843474,-0.018710134656272193,0.2498126961628024,-0.3497418244406196
3026,4,delta,macro,literal_ftv_end_minus_ftv_start,spearman,0.1971043839222436,0.0254058249805946,-0.076642705274881,-0.171698558941649
3026,4,static,T0,static_ftv_log_winsor_median_iqr_inverse_natural,spearman,0.07018325402450143,-0.00010124531740396403,-0.21753568897438497,-0.0702844993419054
3026,4,static,T1,static_ftv_log_winsor_median_iqr_inverse_natural,spearman,0.10578110762377246,0.05438898450946647,-0.29948364888123924,-0.05139212311430599
3026,4,static,T2,static_ftv_log_winsor_median_iqr_inverse_natural,spearman,0.16027133745064304,0.03225675812493667,-0.079578819479599,-0.12801457932570637
3026,4,static,T3,static_ftv_log_winsor_median_iqr_inverse_natural,spearman,0.0350308798218083,-0.1632479497823226,-0.152313455502683,-0.1982788296041309
3026,4,static,macro,static_ftv_log_winsor_median_iqr_inverse_natural,spearman,0.09281664473018131,-0.019175863116330794,-0.18722790320947652,-0.1119925078465121
2026,0,delta,T0→T1,literal_ftv_end_minus_ftv_start,pearson,-0.02314782457617226,0.06748575993584544,-0.6202180441175635,0.0906335845120177
2026,0,delta,T1→T2,literal_ftv_end_minus_ftv_start,pearson,0.035557369868512684,0.01765490147995849,0.04139479226240089,-0.017902468388554194
2026,0,delta,T2→T3,literal_ftv_end_minus_ftv_start,pearson,-0.026437718188488002,0.0033413846267640983,-0.15853924154103322,0.0297791028152521
2026,0,delta,macro,literal_ftv_end_minus_ftv_start,pearson,-0.004676057632049091,0.029494015347522703,-0.24578749779873188,0.034170072979571794
2026,0,static,T0,static_ftv_log_winsor_median_iqr_inverse_natural,pearson,0.010521736428862283,-0.10318206552705231,-0.0755285966260536,-0.11370380195591459
2026,0,static,T1,static_ftv_log_winsor_median_iqr_inverse_natural,pearson,0.00143393604316841,-0.06160042919767189,0.12897745804827168,-0.0630343652408403
2026,0,static,T2,static_ftv_log_winsor_median_iqr_inverse_natural,pearson,-0.07209771130591139,-0.0408478334796174,0.15251376358340002,0.031249877826293987
2026,0,static,T3,static_ftv_log_winsor_median_iqr_inverse_natural,pearson,-0.05301834184745288,0.11447190671955829,-0.13799018096105378,0.16749024856701117
2026,0,static,macro,static_ftv_log_winsor_median_iqr_inverse_natural,pearson,-0.02829009517033329,-0.022789605371195787,0.016993111011141093,0.0055004897991375035
2026,1,delta,T0→T1,literal_ftv_end_minus_ftv_start,pearson,-0.027590113073665823,0.248646838833574,-0.42034335464201034,0.27623695190723985
2026,1,delta,T1→T2,literal_ftv_end_minus_ftv_start,pearson,0.13431842398686517,0.2556481130913316,-0.12505022244458622,0.12132968910446645
2026,1,delta,T2→T3,literal_ftv_end_minus_ftv_start,pearson,0.040916123089276335,0.1469959021241228,-0.519255872590572,0.10607977903484647
2026,1,delta,macro,literal_ftv_end_minus_ftv_start,pearson,0.049214811334158615,0.21709695134967602,-0.3548831498923894,0.1678821400155174
2026,1,static,T0,static_ftv_log_winsor_median_iqr_inverse_natural,pearson,0.022979207962376513,0.051773166501029366,-0.25345911206775573,0.028793958538652853
2026,1,static,T1,static_ftv_log_winsor_median_iqr_inverse_natural,pearson,0.06176653181188663,-0.05406495207045531,-0.08959980752604646,-0.11583148388234193
2026,1,static,T2,static_ftv_log_winsor_median_iqr_inverse_natural,pearson,0.12876829945879753,-0.1083575067733083,-0.16858308849837017,-0.23712580623210583
2026,1,static,T3,static_ftv_log_winsor_median_iqr_inverse_natural,pearson,-0.07311279082693539,0.10994277341264021,-0.41009213618090307,0.18305556423957559
2026,1,static,macro,static_ftv_log_winsor_median_iqr_inverse_natural,pearson,0.03510031210153142,-0.00017662973252358105,-0.23043353606826877,-0.035276941834055
2026,2,delta,T0→T1,literal_ftv_end_minus_ftv_start,pearson,0.1539567742890209,0.017972766409341402,-0.0271663765630155,-0.1359840078796795
2026,2,delta,T1→T2,literal_ftv_end_minus_ftv_start,pearson,0.009628034586970702,0.0831872663450616,-0.10635440691058959,0.0735592317580909
2026,2,delta,T2→T3,literal_ftv_end_minus_ftv_start,pearson,-0.0450506091737895,0.06803770802524291,-0.1295685111616574,0.11308831719903241
2026,2,delta,macro,literal_ftv_end_minus_ftv_start,pearson,0.03951139990073399,0.0563992469265486,-0.0876964315450875,0.016887847025814612
2026,2,static,T0,static_ftv_log_winsor_median_iqr_inverse_natural,pearson,0.10015036535475774,0.02274935658940097,-0.07784064813876745,-0.07740100876535677
2026,2,static,T1,static_ftv_log_winsor_median_iqr_inverse_natural,pearson,0.19914291941572332,0.07712184937859978,0.00030112407801219376,-0.12202107003712354
2026,2,static,T2,static_ftv_log_winsor_median_iqr_inverse_natural,pearson,0.07411366561101859,0.06014255810864472,-0.002894791954175413,-0.013971107502373875
2026,2,static,T3,static_ftv_log_winsor_median_iqr_inverse_natural,pearson,0.1883924170116278,0.027027323164882402,-0.6843899352404954,-0.16136509384674538
2026,2,static,macro,static_ftv_log_winsor_median_iqr_inverse_natural,pearson,0.14044984184828185,0.046760271810382004,-0.19120606281385652,-0.09368957003789985
2026,3,delta,T0→T1,literal_ftv_end_minus_ftv_start,pearson,-0.0633695362255868,0.016506289845752475,-0.3565595161864764,0.07987582607133928
2026,3,delta,T1→T2,literal_ftv_end_minus_ftv_start,pearson,0.27310064207374773,0.1322295339239502,0.2697607720979713,-0.14087110814979753
2026,3,delta,T2→T3,literal_ftv_end_minus_ftv_start,pearson,0.1811898310802513,-0.0264676264160065,0.0126602938322747,-0.2076574574962578
2026,3,delta,macro,literal_ftv_end_minus_ftv_start,pearson,0.1303069789761375,0.04075606578456541,-0.024712816752076802,-0.08955091319157209
2026,3,static,T0,static_ftv_log_winsor_median_iqr_inverse_natural,pearson,0.06539273414942781,0.09373257837884777,-0.009520250440920086,0.028339844229419958
2026,3,static,T1,static_ftv_log_winsor_median_iqr_inverse_natural,pearson,-0.22457611286417567,0.07872655044114973,-0.29556055335659137,0.3033026633053254
2026,3,static,T2,static_ftv_log_winsor_median_iqr_inverse_natural,pearson,0.267316497537212,0.012920875878177002,-0.6084035304294344,-0.25439562165903495
2026,3,static,T3,static_ftv_log_winsor_median_iqr_inverse_natural,pearson,0.18887906966290535,0.038441400277736404,-0.6706312978901539,-0.15043766938516895
2026,3,static,macro,static_ftv_log_winsor_median_iqr_inverse_natural,pearson,0.07425304712134229,0.055955351243977686,-0.396028908029275,-0.0182976958773646
2026,4,delta,T0→T1,literal_ftv_end_minus_ftv_start,pearson,0.0491514015327385,0.005219328016616787,0.04869932028108698,-0.04393207351612172
2026,4,delta,T1→T2,literal_ftv_end_minus_ftv_start,pearson,-0.08203229405919843,0.0776488379138808,-0.22620471183462632,0.15968113197307923
2026,4,delta,T2→T3,literal_ftv_end_minus_ftv_start,pearson,0.016899497129354596,0.05073389734015099,-0.008783914817281413,0.033834400210796395
2026,4,delta,macro,literal_ftv_end_minus_ftv_start,pearson,-0.005327131799035156,0.0445340210902162,-0.06209643545694027,0.04986115288925136
2026,4,static,T0,static_ftv_log_winsor_median_iqr_inverse_natural,pearson,0.05215882370071956,-0.05026459309198858,-0.3482943482469754,-0.10242341679270814
2026,4,static,T1,static_ftv_log_winsor_median_iqr_inverse_natural,pearson,0.053418747532259225,-0.08629637687064495,0.29893865559822025,-0.13971512440290418
2026,4,static,T2,static_ftv_log_winsor_median_iqr_inverse_natural,pearson,0.02150238344582489,0.054503075403598805,-0.13199212463106189,0.033000691957773914
2026,4,static,T3,static_ftv_log_winsor_median_iqr_inverse_natural,pearson,-0.035668293083889496,-0.020951705455139198,0.002075281520640501,0.014716587628750298
2026,4,static,macro,static_ftv_log_winsor_median_iqr_inverse_natural,pearson,0.02285291539872858,-0.025752400003543507,-0.044818133939794114,-0.04860531540227209
3026,0,delta,T0→T1,literal_ftv_end_minus_ftv_start,pearson,-0.01827870038860402,0.438030826821924,-0.4084721101673018,0.45630952721052803
3026,0,delta,T1→T2,literal_ftv_end_minus_ftv_start,pearson,0.00048174056707459,0.06798341189579887,0.02965819791927299,0.06750167132872428
3026,0,delta,T2→T3,literal_ftv_end_minus_ftv_start,pearson,0.06501384580455438,0.012964316731118801,-0.15309458068345141,-0.05204952907343558
3026,0,delta,macro,literal_ftv_end_minus_ftv_start,pearson,0.015738961994341716,0.1729928518162806,-0.1773028309771601,0.15725388982193889
3026,0,static,T0,static_ftv_log_winsor_median_iqr_inverse_natural,pearson,0.0954767108176881,0.4893974065438814,-0.2567849216814902,0.3939206957261933
3026,0,static,T1,static_ftv_log_winsor_median_iqr_inverse_natural,pearson,0.2161517209295889,0.096450411102672,-0.11069065712772191,-0.1197013098269169
3026,0,static,T2,static_ftv_log_winsor_median_iqr_inverse_natural,pearson,0.07679367229561009,0.4780404024032974,0.030694214547888093,0.40124673010768735
3026,0,static,T3,static_ftv_log_winsor_median_iqr_inverse_natural,pearson,0.06720691914552163,0.4101901159589515,-0.38792133532883066,0.34298319681342987
3026,0,static,macro,static_ftv_log_winsor_median_iqr_inverse_natural,pearson,0.11390725579710231,0.3685195840022006,-0.1811756748975386,0.25461232820509827
3026,1,delta,T0→T1,literal_ftv_end_minus_ftv_start,pearson,0.02359469687466642,-0.0015280497294702933,-0.2710887061197701,-0.025122746604136714
3026,1,delta,T1→T2,literal_ftv_end_minus_ftv_start,pearson,0.1375941577868675,-0.003037128298712194,-0.15913383123348288,-0.1406312860855797
3026,1,delta,T2→T3,literal_ftv_end_minus_ftv_start,pearson,0.13324421820821397,0.003887438718925079,-0.5549269550261865,-0.1293567794892889
3026,1,delta,macro,literal_ftv_end_minus_ftv_start,pearson,0.09814435762324919,-0.0002259131030858015,-0.3283831641264799,-0.09837027072633499
3026,1,static,T0,static_ftv_log_winsor_median_iqr_inverse_natural,pearson,0.01270273652163123,0.02596916171472652,-0.522351563607216,0.013266425193095288
3026,1,static,T1,static_ftv_log_winsor_median_iqr_inverse_natural,pearson,-0.000575705903948176,0.008557345598741911,-0.3190357641954315,0.009133051502690087
3026,1,static,T2,static_ftv_log_winsor_median_iqr_inverse_natural,pearson,0.10943288434705478,0.0706704061746153,-0.5852541978181686,-0.03876247817243948
3026,1,static,T3,static_ftv_log_winsor_median_iqr_inverse_natural,pearson,0.0879895135602987,-0.050497529727114396,0.0407660704136381,-0.1384870432874131
3026,1,static,macro,static_ftv_log_winsor_median_iqr_inverse_natural,pearson,0.05238735713125919,0.013674845940242292,-0.3464688638017945,-0.0387125111910169
3026,2,delta,T0→T1,literal_ftv_end_minus_ftv_start,pearson,0.1984760890428427,0.008331701949259702,-0.1256153896448603,-0.190144387093583
3026,2,delta,T1→T2,literal_ftv_end_minus_ftv_start,pearson,0.06521509510474449,0.04499051690296324,0.4712220434845424,-0.02022457820178125
3026,2,delta,T2→T3,literal_ftv_end_minus_ftv_start,pearson,-0.029434755514829998,-0.01405001519193351,-0.021838995130483194,0.015384740322896488
3026,2,delta,macro,literal_ftv_end_minus_ftv_start,pearson,0.0780854762109191,0.013090734553429795,0.1079225529030663,-0.06499474165748931
3026,2,static,T0,static_ftv_log_winsor_median_iqr_inverse_natural,pearson,0.03146623511928909,0.028657105737038724,0.09365081594577018,-0.002809129382250364
3026,2,static,T1,static_ftv_log_winsor_median_iqr_inverse_natural,pearson,0.07698178951763429,0.07932654352096574,0.1839293124154025,0.0023447540033314507
3026,2,static,T2,static_ftv_log_winsor_median_iqr_inverse_natural,pearson,0.023851906290482006,0.04947420446159881,-0.0376005864492287,0.025622298171116803
3026,2,static,T3,static_ftv_log_winsor_median_iqr_inverse_natural,pearson,0.05264970280206249,-0.05539862228301273,-0.26059865305986896,-0.10804832508507523
3026,2,static,macro,static_ftv_log_winsor_median_iqr_inverse_natural,pearson,0.0462374084323669,0.025514807859147615,-0.005154777786981313,-0.020722600573219285
3026,3,delta,T0→T1,literal_ftv_end_minus_ftv_start,pearson,-0.06837948828810331,-0.023318209902534408,-0.1342553209884355,0.0450612783855689
3026,3,delta,T1→T2,literal_ftv_end_minus_ftv_start,pearson,0.1401919492039227,-0.08906642633841211,0.06599103906529613,-0.2292583755423348
3026,3,delta,T2→T3,literal_ftv_end_minus_ftv_start,pearson,0.16869403032440267,-0.0714913537046782,-0.33810388262526453,-0.24018538402908085
3026,3,delta,macro,literal_ftv_end_minus_ftv_start,pearson,0.08016883041340722,-0.06129199664854158,-0.135456054849468,-0.1414608270619488
3026,3,static,T0,static_ftv_log_winsor_median_iqr_inverse_natural,pearson,0.015357889176340733,-0.05905117309821151,-0.05035272118958917,-0.07440906227455224
3026,3,static,T1,static_ftv_log_winsor_median_iqr_inverse_natural,pearson,0.07136288467640384,0.08499116707363519,-0.3282616987852413,0.01362828239723135
3026,3,static,T2,static_ftv_log_winsor_median_iqr_inverse_natural,pearson,0.07561740211077783,0.0640467296830928,-0.6118507382469127,-0.01157067242768503
3026,3,static,T3,static_ftv_log_winsor_median_iqr_inverse_natural,pearson,0.04374973216975686,0.03382263393592411,-0.39992174727117114,-0.009927098233832754
3026,3,static,macro,static_ftv_log_winsor_median_iqr_inverse_natural,pearson,0.05152197703331984,0.030952339398610196,-0.34759672637322864,-0.020569637634709648
3026,4,delta,T0→T1,literal_ftv_end_minus_ftv_start,pearson,-0.09591807390786827,0.0458258416007321,-0.4015509987940509,0.14174391550860038
3026,4,delta,T1→T2,literal_ftv_end_minus_ftv_start,pearson,-0.055610456348450965,0.0534999493971461,-0.3881255781577749,0.10911040574559706
3026,4,delta,T2→T3,literal_ftv_end_minus_ftv_start,pearson,0.2107291368298906,-0.014919514555780503,0.2747892172939344,-0.2256486513856711
3026,4,delta,macro,literal_ftv_end_minus_ftv_start,pearson,0.01973353552452381,0.028135425480699198,-0.1716291198859637,0.008401889956175388
3026,4,static,T0,static_ftv_log_winsor_median_iqr_inverse_natural,pearson,0.013257571800146972,0.01866941739307909,-0.43815428317805444,0.0054118455929321185
3026,4,static,T1,static_ftv_log_winsor_median_iqr_inverse_natural,pearson,0.09193536337825575,0.036423613579555314,-0.1568156112574834,-0.05551174979870044
3026,4,static,T2,static_ftv_log_winsor_median_iqr_inverse_natural,pearson,0.161696429013458,0.036433696892512496,-0.025497320460674697,-0.1252627321209455
3026,4,static,T3,static_ftv_log_winsor_median_iqr_inverse_natural,pearson,0.135500139637172,-0.0708441019801016,-0.0346520113302795,-0.2063442416172736
3026,4,static,macro,static_ftv_log_winsor_median_iqr_inverse_natural,pearson,0.10059737595725826,0.005170656471261192,-0.16377980655662291,-0.09542671948599707
2026,0,delta,T0→T1,literal_ftv_end_minus_ftv_start,r2,0.1074824982188007,0.017864938730939306,-0.016837108749582205,-0.08961755948786139
2026,0,delta,T1→T2,literal_ftv_end_minus_ftv_start,r2,0.025295495938393697,0.44286931870750457,-0.5890156390519203,0.41757382276911087
2026,0,delta,T2→T3,literal_ftv_end_minus_ftv_start,r2,-0.0018897970410972,0.0008920931404660937,-0.0402007823598397,0.0027818901815632935
2026,0,delta,macro,literal_ftv_end_minus_ftv_start,r2,0.0436293990386991,0.15387545019297,-0.2153511767204475,0.1102460511542709
2026,0,static,T0,static_ftv_log_winsor_median_iqr_inverse_natural,r2,1.0222364738238086,-0.0439198927105556,1.071706329064082,-1.066156366534364
2026,0,static,T1,static_ftv_log_winsor_median_iqr_inverse_natural,r2,0.0049071895291431,-0.0278580090234807,0.0565017735287739,-0.0327651985526238
2026,0,static,T2,static_ftv_log_winsor_median_iqr_inverse_natural,r2,0.0006367395936767994,-0.0015711849071896947,-0.012051666020652503,-0.002207924500866494
2026,0,static,T3,static_ftv_log_winsor_median_iqr_inverse_natural,r2,0.0036482261386758946,0.018792922461767995,-0.009501453780032601,0.0151446963230921
2026,0,static,macro,static_ftv_log_winsor_median_iqr_inverse_natural,r2,0.25785715727132613,-0.0136390410448645,0.2766637456980428,-0.27149619831619065
2026,1,delta,T0→T1,literal_ftv_end_minus_ftv_start,r2,-0.017631373436187703,0.0812961666081834,-0.178728483293145,0.0989275400443711
2026,1,delta,T1→T2,literal_ftv_end_minus_ftv_start,r2,0.118624155125997,0.1732053610101587,-0.0027706229575246988,0.05458120588416171
2026,1,delta,T2→T3,literal_ftv_end_minus_ftv_start,r2,0.1203847555492612,0.6101102963397427,-2.0172086849682707,0.4897255407904815
2026,1,delta,macro,literal_ftv_end_minus_ftv_start,r2,0.07379251241302359,0.28820394131936156,-0.73290259707298,0.21441142890633796
2026,1,static,T0,static_ftv_log_winsor_median_iqr_inverse_natural,r2,-0.06595098255312093,0.006989659729264408,-0.3261042832050387,0.07294064228238534
2026,1,static,T1,static_ftv_log_winsor_median_iqr_inverse_natural,r2,0.09223694127330329,-0.0562256614877122,-0.0920940317581482,-0.14846260276101547
2026,1,static,T2,static_ftv_log_winsor_median_iqr_inverse_natural,r2,0.2781052654503021,-0.2036565365101439,-0.08054299177671428,-0.48176180196044605
2026,1,static,T3,static_ftv_log_winsor_median_iqr_inverse_natural,r2,-0.06956893986408681,0.0538139405129335,-0.2592209064793986,0.1233828803770203
2026,1,static,macro,static_ftv_log_winsor_median_iqr_inverse_natural,r2,0.058705571076599516,-0.0497696494389146,-0.1894905533048249,-0.10847522051551411
2026,2,delta,T0→T1,literal_ftv_end_minus_ftv_start,r2,0.06418608034495629,0.008276415686929509,0.013831622016996892,-0.055909664658026784
2026,2,delta,T1→T2,literal_ftv_end_minus_ftv_start,r2,0.007258019251568493,0.029328270688425195,-0.0414432765778677,0.022070251436856703
2026,2,delta,T2→T3,literal_ftv_end_minus_ftv_start,r2,-0.0108061030327118,0.0021072125035297012,0.0082464578206594,0.0129133155362415
2026,2,delta,macro,literal_ftv_end_minus_ftv_start,r2,0.020212665521271,0.0132372996262948,-0.006455065580070401,-0.0069753658949762
2026,2,static,T0,static_ftv_log_winsor_median_iqr_inverse_natural,r2,0.08351175355928911,0.004160972070760292,-0.08258998775640339,-0.07935078148852881
2026,2,static,T1,static_ftv_log_winsor_median_iqr_inverse_natural,r2,0.1000231642451749,0.014353708426641396,-0.016154585509803296,-0.08566945581853351
2026,2,static,T2,static_ftv_log_winsor_median_iqr_inverse_natural,r2,0.02623221745604261,0.012894144267188795,-0.01720768667730159,-0.013338073188853813
2026,2,static,T3,static_ftv_log_winsor_median_iqr_inverse_natural,r2,0.0863319674402618,0.0003612525458614041,-0.022726011527782107,-0.08597071489440039
2026,2,static,macro,static_ftv_log_winsor_median_iqr_inverse_natural,r2,0.07402477567519211,0.007942519327613001,-0.0346695678678226,-0.06608225634757911
2026,3,delta,T0→T1,literal_ftv_end_minus_ftv_start,r2,-0.0066853390540364994,-0.0014189228111781,-0.04888032413197731,0.0052664162428583995
2026,3,delta,T1→T2,literal_ftv_end_minus_ftv_start,r2,0.1115485873798892,0.0890781900404914,0.1183473057092237,-0.02247039733939779
2026,3,delta,T2→T3,literal_ftv_end_minus_ftv_start,r2,0.07846338869152181,0.0017393117355493093,-0.1955568937380005,-0.0767240769559725
2026,3,delta,macro,literal_ftv_end_minus_ftv_start,r2,0.061108879005791594,0.029799526321620903,-0.0420299707202513,-0.03130935268417069
2026,3,static,T0,static_ftv_log_winsor_median_iqr_inverse_natural,r2,0.0662770730952522,0.025280785303319623,0.0324802877438366,-0.04099628779193258
2026,3,static,T1,static_ftv_log_winsor_median_iqr_inverse_natural,r2,-0.3770176529055469,0.0282913213510394,-0.4900834322700912,0.4053089742565863
2026,3,static,T2,static_ftv_log_winsor_median_iqr_inverse_natural,r2,0.2754168644777013,0.0009673207312650978,-0.2373191685056199,-0.2744495437464362
2026,3,static,T3,static_ftv_log_winsor_median_iqr_inverse_natural,r2,0.3519060987212417,0.0009285217796008993,-0.07792432798574589,-0.3509775769416408
2026,3,static,macro,static_ftv_log_winsor_median_iqr_inverse_natural,r2,0.07914559584716208,0.0138669872913062,-0.19321166025440512,-0.06527860855585588
2026,4,delta,T0→T1,literal_ftv_end_minus_ftv_start,r2,0.030727692636084394,-0.0017752802767280057,-0.010353587944890802,-0.0325029729128124
2026,4,delta,T1→T2,literal_ftv_end_minus_ftv_start,r2,-0.021936287182258193,0.0422403186404702,-0.1049512455289385,0.06417660582272838
2026,4,delta,T2→T3,literal_ftv_end_minus_ftv_start,r2,0.0032021177965644004,0.0529644453296043,-0.06691669334490549,0.0497623275330399
2026,4,delta,macro,literal_ftv_end_minus_ftv_start,r2,0.003997841083463502,0.0311431612311155,-0.0607405089395782,0.027145320147652
2026,4,static,T0,static_ftv_log_winsor_median_iqr_inverse_natural,r2,0.13923844049356401,-0.045169809848371,-0.2815594347686158,-0.184408250341935
2026,4,static,T1,static_ftv_log_winsor_median_iqr_inverse_natural,r2,0.09347082081647361,-0.1542421504476057,0.3463781237591166,-0.24771297126407932
2026,4,static,T2,static_ftv_log_winsor_median_iqr_inverse_natural,r2,0.0247363685200738,0.00626206194182391,-0.100899930510433,-0.018474306578249892
2026,4,static,T3,static_ftv_log_winsor_median_iqr_inverse_natural,r2,-1.0060110090696583,-0.002950142678217707,0.028909859401706997,1.0030608663914407
2026,4,static,macro,static_ftv_log_winsor_median_iqr_inverse_natural,r2,-0.1871413448098867,-0.0490250102580926,-0.0017928455295562994,0.13811633455179412
3026,0,delta,T0→T1,literal_ftv_end_minus_ftv_start,r2,-0.10216480627925151,0.3961171598922265,0.2061204906522643,0.498281966171478
3026,0,delta,T1→T2,literal_ftv_end_minus_ftv_start,r2,-0.010224209349233702,0.0059146555014659985,0.004474544023565896,0.0161388648506997
3026,0,delta,T2→T3,literal_ftv_end_minus_ftv_start,r2,0.0179883444281484,-0.0057811932851582,-0.0376539168034299,-0.023769537713306598
3026,0,delta,macro,literal_ftv_end_minus_ftv_start,r2,-0.0314668904001123,0.1320835407028447,0.057647039290800006,0.163550431102957
3026,0,static,T0,static_ftv_log_winsor_median_iqr_inverse_natural,r2,0.2569260154660095,0.37930476591645734,0.05691845761871381,0.12237875045044783
3026,0,static,T1,static_ftv_log_winsor_median_iqr_inverse_natural,r2,0.1711622543348871,0.0236926447657386,-0.0565226010292834,-0.1474696095691485
3026,0,static,T2,static_ftv_log_winsor_median_iqr_inverse_natural,r2,0.0203328622951431,0.0408672119656541,-0.0164917574954606,0.020534349670510998
3026,0,static,T3,static_ftv_log_winsor_median_iqr_inverse_natural,r2,0.0473257004136964,0.1219200104872495,-0.0793458349118312,0.0745943100735531
3026,0,static,macro,static_ftv_log_winsor_median_iqr_inverse_natural,r2,0.123936708127434,0.1414461582837748,-0.023860433954465302,0.017509450156340797
3026,1,delta,T0→T1,literal_ftv_end_minus_ftv_start,r2,0.01374944129230049,0.0007663806044637999,-0.1152300148820209,-0.012983060687836692
3026,1,delta,T1→T2,literal_ftv_end_minus_ftv_start,r2,0.10737983978352181,-0.0005511207346975003,-0.0838766062560109,-0.10793096051821931
3026,1,delta,T2→T3,literal_ftv_end_minus_ftv_start,r2,0.1478648872959541,0.10416213380217254,-2.0042289513821907,-0.043702753493781554
3026,1,delta,macro,literal_ftv_end_minus_ftv_start,r2,0.089664722790592,0.034792464557312885,-0.7344451908400741,-0.05487225823327911
3026,1,static,T0,static_ftv_log_winsor_median_iqr_inverse_natural,r2,0.08536494852904358,0.0018582231795463006,-0.3868099467257526,-0.08350672534949728
3026,1,static,T1,static_ftv_log_winsor_median_iqr_inverse_natural,r2,-0.009217465978498984,-0.005605156035378499,-0.2421518018392731,0.0036123099431204855
3026,1,static,T2,static_ftv_log_winsor_median_iqr_inverse_natural,r2,0.08838633045562422,0.016291427389307805,-0.315565384663129,-0.07209490306631641
3026,1,static,T3,static_ftv_log_winsor_median_iqr_inverse_natural,r2,0.031174645986798803,-0.008006646336735201,0.005346888352601803,-0.039181292323534005
3026,1,static,macro,static_ftv_log_winsor_median_iqr_inverse_natural,r2,0.04892711474824191,0.0011344620491851032,-0.2347950612188881,-0.0477926526990568
3026,2,delta,T0→T1,literal_ftv_end_minus_ftv_start,r2,0.1074009143076108,0.0009417472242042035,-0.0713687334167766,-0.1064591670834066
3026,2,delta,T1→T2,literal_ftv_end_minus_ftv_start,r2,0.010193814486218398,0.036917539304199914,0.23059455024313888,0.026723724817981517
3026,2,delta,T2→T3,literal_ftv_end_minus_ftv_start,r2,-0.014925348269531995,-0.0023113660110925006,0.004767378885634402,0.012613982258439495
3026,2,delta,macro,literal_ftv_end_minus_ftv_start,r2,0.0342231268414324,0.011849306839103901,0.054664398570665504,-0.0223738200023285
3026,2,static,T0,static_ftv_log_winsor_median_iqr_inverse_natural,r2,0.032329079057291,0.019942680899991405,0.1558723741004418,-0.012386398157299597
3026,2,static,T1,static_ftv_log_winsor_median_iqr_inverse_natural,r2,0.028219989685594398,0.010394704666829806,0.020869048959040702,-0.01782528501876459
3026,2,static,T2,static_ftv_log_winsor_median_iqr_inverse_natural,r2,0.0029594667364748056,0.006412768375854805,-0.026995717312286498,0.0034533016393799992
3026,2,static,T3,static_ftv_log_winsor_median_iqr_inverse_natural,r2,0.0541701431679833,-0.0010464150359729973,-0.016999805393697803,-0.055216558203956295
3026,2,static,macro,static_ftv_log_winsor_median_iqr_inverse_natural,r2,0.0294196696618358,0.0089259347266758,0.0331864750883744,-0.02049373493516
3026,3,delta,T0→T1,literal_ftv_end_minus_ftv_start,r2,-0.0220153785751092,-0.001559631304106704,-0.0499907856807571,0.020455747271002495
3026,3,delta,T1→T2,literal_ftv_end_minus_ftv_start,r2,0.1304152501459111,-0.0189021503657964,0.0393918769233369,-0.1493174005117075
3026,3,delta,T2→T3,literal_ftv_end_minus_ftv_start,r2,0.2066896742591724,0.026902860073062307,-0.3261767454750136,-0.1797868141861101
3026,3,delta,macro,literal_ftv_end_minus_ftv_start,r2,0.1050298486099914,0.0021470261343864983,-0.11225855141081129,-0.1028828224756049
3026,3,static,T0,static_ftv_log_winsor_median_iqr_inverse_natural,r2,0.004147892468997716,-0.0370095638782851,-0.11795341971901309,-0.041157456347282816
3026,3,static,T1,static_ftv_log_winsor_median_iqr_inverse_natural,r2,0.022709555563330874,0.0998347228517391,-0.339163695277553,0.07712516728840822
3026,3,static,T2,static_ftv_log_winsor_median_iqr_inverse_natural,r2,0.04238478080197039,0.013752920429831603,-0.3466396914432626,-0.028631860372138787
3026,3,static,T3,static_ftv_log_winsor_median_iqr_inverse_natural,r2,0.0250010149661953,0.004493012619657202,-0.06634033269460701,-0.020508002346538098
3026,3,static,macro,static_ftv_log_winsor_median_iqr_inverse_natural,r2,0.023560810950123606,0.0202677730057356,-0.21752428478360888,-0.0032930379443880074
3026,4,delta,T0→T1,literal_ftv_end_minus_ftv_start,r2,-0.05562516739546121,0.004837946067513,-0.1349379254918202,0.060463113462974206
3026,4,delta,T1→T2,literal_ftv_end_minus_ftv_start,r2,0.0009390415654522144,0.0110873973469919,-0.1378150894007146,0.010148355781539685
3026,4,delta,T2→T3,literal_ftv_end_minus_ftv_start,r2,0.20642988830227377,-0.020158831790526605,0.30409971786210677,-0.22658872009280037
3026,4,delta,macro,literal_ftv_end_minus_ftv_start,r2,0.0505812541574216,-0.0014111627920072034,0.010448900989857304,-0.051992416949428806
3026,4,static,T0,static_ftv_log_winsor_median_iqr_inverse_natural,r2,0.1051192938846926,0.016809152690796303,-0.3765934599600404,-0.0883101411938963
3026,4,static,T1,static_ftv_log_winsor_median_iqr_inverse_natural,r2,0.1168818132092844,0.021180367479352702,-0.22182912970411012,-0.0957014457299317
3026,4,static,T2,static_ftv_log_winsor_median_iqr_inverse_natural,r2,-0.019838392602078703,0.006342898050465409,-0.024240290734261205,0.026181290652544112
3026,4,static,T3,static_ftv_log_winsor_median_iqr_inverse_natural,r2,0.041575055672154804,-0.010946667044553507,-0.002706102627151097,-0.05252172271670831
3026,4,static,macro,static_ftv_log_winsor_median_iqr_inverse_natural,r2,0.0609344425410133,0.008346437794015199,-0.1563422457563906,-0.0525880047469981
2026,0,delta,T0→T1,literal_ftv_end_minus_ftv_start,rmse,-0.8051061527379328,-0.1300014869828523,0.12249355185443989,0.6751046657550805
2026,0,delta,T1→T2,literal_ftv_end_minus_ftv_start,rmse,-0.21708029410105212,-3.2609872280040975,4.4669671340132915,-3.0439069339030453
2026,0,delta,T2→T3,literal_ftv_end_minus_ftv_start,rmse,0.042319591044638116,-0.019600733301700757,0.8917920262399619,-0.06192032434633887
2026,0,delta,macro,literal_ftv_end_minus_ftv_start,rmse,-0.3266222852647829,-1.1368631494295478,1.8270842373692275,-0.8102408641647649
2026,0,static,T0,static_ftv_log_winsor_median_iqr_inverse_natural,rmse,-23.53232022023716,1.2417507466591644,-24.929016940760327,24.774070966896325
2026,0,static,T1,static_ftv_log_winsor_median_iqr_inverse_natural,rmse,-0.1386318369403412,0.8029025424612115,-1.6168574145918981,0.9415343794015527
2026,0,static,T2,static_ftv_log_winsor_median_iqr_inverse_natural,rmse,-0.01445442790550544,0.03543983467648104,0.2727379015982194,0.04989426258198648
2026,0,static,T3,static_ftv_log_winsor_median_iqr_inverse_natural,rmse,-0.012696291100701806,-0.06534334176339573,0.032964955318699474,-0.05264705066269393
2026,0,static,macro,static_ftv_log_winsor_median_iqr_inverse_natural,rmse,-5.9245256940459186,0.5036874455083691,-6.5600428746088255,6.428213139554288
2026,1,delta,T0→T1,literal_ftv_end_minus_ftv_start,rmse,0.20868015507988247,-0.8977984154649761,2.0257259865864725,-1.1064785705448585
2026,1,delta,T1→T2,literal_ftv_end_minus_ftv_start,rmse,-0.676263240567545,-1.0009565631834239,0.015308331923232998,-0.3246933226158788
2026,1,delta,T2→T3,literal_ftv_end_minus_ftv_start,rmse,-0.31494207071400737,-1.0990739144686135,4.160079604857101,-0.7841318437546061
2026,1,delta,macro,literal_ftv_end_minus_ftv_start,rmse,-0.26084171873389117,-0.9992762977056717,2.067037974455605,-0.7384345789717806
2026,1,static,T0,static_ftv_log_winsor_median_iqr_inverse_natural,rmse,1.3670488335288518,-0.1123262818399624,5.994546020118655,-1.4793751153688142
2026,1,static,T1,static_ftv_log_winsor_median_iqr_inverse_natural,rmse,-0.7513195888509365,0.4144761142094744,0.7081359630757866,1.165795703060411
2026,1,static,T2,static_ftv_log_winsor_median_iqr_inverse_natural,rmse,-1.3582745980139777,0.8132436890116495,0.34727285680323305,2.171518287025627
2026,1,static,T3,static_ftv_log_winsor_median_iqr_inverse_natural,rmse,0.10041473643275989,-0.07009443240208979,0.3559857114964262,-0.17050916883484968
2026,1,static,macro,static_ftv_log_winsor_median_iqr_inverse_natural,rmse,-0.16053265422582896,0.2613247722447696,1.8514851378735244,0.42185742647059854
2026,2,delta,T0→T1,literal_ftv_end_minus_ftv_start,rmse,-0.6832414870104344,-0.08752018054124377,-0.14553190842457653,0.5957213064691906
2026,2,delta,T1→T2,literal_ftv_end_minus_ftv_start,rmse,-0.08298220717276905,-0.32991805712324407,0.46770821785517924,-0.24693584995047502
2026,2,delta,T2→T3,literal_ftv_end_minus_ftv_start,rmse,0.1986313846889871,-0.03901217940854451,-0.15228546004809118,-0.23764356409753162
2026,2,delta,macro,literal_ftv_end_minus_ftv_start,rmse,-0.18919743649806264,-0.1521501390243536,0.056630283127518055,0.03704729747370905
2026,2,static,T0,static_ftv_log_winsor_median_iqr_inverse_natural,rmse,-1.796170270861552,-0.08416006577629531,1.7025643611568384,1.7120102050852566
2026,2,static,T1,static_ftv_log_winsor_median_iqr_inverse_natural,rmse,-2.5004316559698836,-0.3487042855401725,0.39261973219161916,2.151727370429711
2026,2,static,T2,static_ftv_log_winsor_median_iqr_inverse_natural,rmse,-0.6006102171847871,-0.2919252851254228,0.38997686001952303,0.3086849320593643
2026,2,static,T3,static_ftv_log_winsor_median_iqr_inverse_natural,rmse,-0.9117241868949968,-0.003695375974523074,0.23369826208958244,0.9080288109204737
2026,2,static,macro,static_ftv_log_winsor_median_iqr_inverse_natural,rmse,-1.4522340827278057,-0.18212125310409988,0.6797148038643925,1.2701128296237059
2026,3,delta,T0→T1,literal_ftv_end_minus_ftv_start,rmse,0.12113453814953345,0.025145301965082467,0.8767070290170551,-0.09598923618445099
2026,3,delta,T1→T2,literal_ftv_end_minus_ftv_start,rmse,-0.7961327082218723,-0.6717021884021221,-0.8460987418858554,0.12443051981975017
2026,3,delta,T2→T3,literal_ftv_end_minus_ftv_start,rmse,-0.4509615403795486,-0.009135551918081575,1.0647920349669775,0.44182598846146703
2026,3,delta,macro,literal_ftv_end_minus_ftv_start,rmse,-0.3753199034839625,-0.21856414611837138,0.36513344069938825,0.1567557573655911
2026,3,static,T0,static_ftv_log_winsor_median_iqr_inverse_natural,rmse,-1.6535388430450837,-0.6343775761862958,-0.8036648937453776,1.019161266858788
2026,3,static,T1,static_ftv_log_winsor_median_iqr_inverse_natural,rmse,4.710195181546036,-0.28790125476984585,5.8895410452413,-4.9980964363158815
2026,3,static,T2,static_ftv_log_winsor_median_iqr_inverse_natural,rmse,-2.0269414010009434,-0.0057107727127228,1.488406068929189,2.0212306282882206
2026,3,static,T3,static_ftv_log_winsor_median_iqr_inverse_natural,rmse,-2.647977041282502,-0.00603858021495185,0.5165130784603669,2.64193846106755
2026,3,static,macro,static_ftv_log_winsor_median_iqr_inverse_natural,rmse,-0.40456552594562467,-0.23350704597094918,1.7726988247213669,0.1710584799746755
2026,4,delta,T0→T1,literal_ftv_end_minus_ftv_start,rmse,-0.39944536758802585,0.02274159873459425,0.13306978861020013,0.4221869663226201
2026,4,delta,T1→T2,literal_ftv_end_minus_ftv_start,rmse,0.20222648901985707,-0.37470905395178633,0.9465311576694511,-0.5769355429716434
2026,4,delta,T2→T3,literal_ftv_end_minus_ftv_start,rmse,-0.016184793412760357,-0.26234311400220633,0.33256746193059783,-0.24615832058944598
2026,4,delta,macro,literal_ftv_end_minus_ftv_start,rmse,-0.07113455732697815,-0.20477018973980066,0.4707228027367485,-0.1336356324128225
2026,4,static,T0,static_ftv_log_winsor_median_iqr_inverse_natural,rmse,-2.697015375509771,0.7035464513412322,4.781769406993522,3.4005618268510034
2026,4,static,T1,static_ftv_log_winsor_median_iqr_inverse_natural,rmse,-1.1284840342388591,2.125609491921118,-4.509632714950417,3.254093526159977
2026,4,static,T2,static_ftv_log_winsor_median_iqr_inverse_natural,rmse,-0.14362070723296938,-0.03451903875389917,0.5685231682755401,0.10910166847907021
2026,4,static,T3,static_ftv_log_winsor_median_iqr_inverse_natural,rmse,2.2831859790553333,0.008065763440936458,-0.07857411122850522,-2.275120215614397
2026,4,static,macro,static_ftv_log_winsor_median_iqr_inverse_natural,rmse,-0.42148353448156683,0.7006756669873404,0.1905214372725368,1.1221592014689072
3026,0,delta,T0→T1,literal_ftv_end_minus_ftv_start,rmse,0.6179843846154824,-2.8415842364708084,-1.312062700429422,-3.459568621086291
3026,0,delta,T1→T2,literal_ftv_end_minus_ftv_start,rmse,0.09127468421527496,-0.053150886766676564,-0.040099602868824746,-0.14442557098195152
3026,0,delta,T2→T3,literal_ftv_end_minus_ftv_start,rmse,-0.4051336901238898,0.12705998506085336,0.8363886196843282,0.5321936751847431
3026,0,delta,macro,literal_ftv_end_minus_ftv_start,rmse,0.10137512623562728,-0.9225583793922247,-0.17192456120463362,-1.023933505627852
3026,0,static,T0,static_ftv_log_winsor_median_iqr_inverse_natural,rmse,-7.339540594213652,-11.622889541556134,-1.5437423991241062,-4.283348947342482
3026,0,static,T1,static_ftv_log_winsor_median_iqr_inverse_natural,rmse,-5.215194234362919,-0.6731220169791996,1.6191425063946596,4.542072217383719
3026,0,static,T2,static_ftv_log_winsor_median_iqr_inverse_natural,rmse,-0.4612295602454708,-0.9242603475561708,0.3707795787534707,-0.4630307873107
3026,0,static,T3,static_ftv_log_winsor_median_iqr_inverse_natural,rmse,-0.17086729898827535,-0.431298808417206,0.2777725787128844,-0.2604315094289307
3026,0,static,macro,static_ftv_log_winsor_median_iqr_inverse_natural,rmse,-3.2967079219525743,-3.4128926786271805,0.18098806618423424,-0.11618475667460615
3026,1,delta,T0→T1,literal_ftv_end_minus_ftv_start,rmse,-0.16196085934780768,-0.008458602945292881,1.3105637782757427,0.1535022564025148
3026,1,delta,T1→T2,literal_ftv_end_minus_ftv_start,rmse,-0.6413620792577408,0.0030568846824383655,0.4754098352783185,0.6444189639401792
3026,1,delta,T2→T3,literal_ftv_end_minus_ftv_start,rmse,-0.46127314064648495,-0.1938408328895722,4.591879358248978,0.26743230775691273
3026,1,delta,macro,literal_ftv_end_minus_ftv_start,rmse,-0.42153202641734566,-0.06641418371747143,2.125950990601009,0.35511784269987423
3026,1,static,T0,static_ftv_log_winsor_median_iqr_inverse_natural,rmse,-1.5875278187109387,-0.025826816830729626,6.050136368091401,1.561701001880209
3026,1,static,T1,static_ftv_log_winsor_median_iqr_inverse_natural,rmse,0.07298113939180162,0.03891130909112661,1.7951111023156,-0.03406983030067501
3026,1,static,T2,static_ftv_log_winsor_median_iqr_inverse_natural,rmse,-0.40843638666344173,-0.0618924858979657,1.2956406642952123,0.34654390076547603
3026,1,static,T3,static_ftv_log_winsor_median_iqr_inverse_natural,rmse,-0.04087674799046637,0.010427760806219766,-0.006968067927089816,0.05130450879668613
3026,1,static,macro,static_ftv_log_winsor_median_iqr_inverse_natural,rmse,-0.49096495349326297,-0.009595058207835905,2.2834800166937814,0.48136989528542706
3026,2,delta,T0→T1,literal_ftv_end_minus_ftv_start,rmse,-1.210971013312328,-0.00998806666251184,0.769593716330828,1.200982946649816
3026,2,delta,T1→T2,literal_ftv_end_minus_ftv_start,rmse,-0.11026107701102816,-0.45725862650895266,-2.644922010476332,-0.3469975494979245
3026,2,delta,T2→T3,literal_ftv_end_minus_ftv_start,rmse,0.2743147076808299,0.042710207539983,-0.08804039995042956,-0.23160450014084688
3026,2,delta,macro,literal_ftv_end_minus_ftv_start,rmse,-0.34897246088084444,-0.14151216187715576,-0.6544562313653124,0.20746029900368868
3026,2,static,T0,static_ftv_log_winsor_median_iqr_inverse_natural,rmse,-0.6958568677861692,-0.4682649632097693,-3.4747093716960435,0.22759190457639988
3026,2,static,T1,static_ftv_log_winsor_median_iqr_inverse_natural,rmse,-0.7038179025205409,-0.2607800723751481,-0.5195388775952097,0.4430378301453928
3026,2,static,T2,static_ftv_log_winsor_median_iqr_inverse_natural,rmse,-0.06767192150128665,-0.1449109333219738,0.612967280271107,-0.07723901182068715
3026,2,static,T3,static_ftv_log_winsor_median_iqr_inverse_natural,rmse,-0.5704986140489332,0.01078409046876061,0.17595079660286927,0.5812827045176938
3026,2,static,macro,static_ftv_log_winsor_median_iqr_inverse_natural,rmse,-0.5094613264642334,-0.21579296960953798,-0.8013325431043157,0.2936683568546954
3026,3,delta,T0→T1,literal_ftv_end_minus_ftv_start,rmse,0.40295289650075006,0.02799357239631206,0.9087026120676285,-0.374959324104438
3026,3,delta,T1→T2,literal_ftv_end_minus_ftv_start,rmse,-0.9825989071297538,0.13968243690847792,-0.2895629500185901,1.1222813440382318
3026,3,delta,T2→T3,literal_ftv_end_minus_ftv_start,rmse,-1.2813507405528828,-0.14043401060213512,1.8023687518834421,1.1409167299507477
3026,3,delta,macro,literal_ftv_end_minus_ftv_start,rmse,-0.620332250393961,0.009080666234218882,0.8071694713108251,0.6294129166281799
3026,3,static,T0,static_ftv_log_winsor_median_iqr_inverse_natural,rmse,-0.11734778396473189,0.966417161136448,3.2179483730524794,1.08376494510118
3026,3,static,T1,static_ftv_log_winsor_median_iqr_inverse_natural,rmse,-0.2648088876804682,-0.9706075174004489,3.5341229290347513,-0.7057986297199808
3026,3,static,T2,static_ftv_log_winsor_median_iqr_inverse_natural,rmse,-0.30853234829906917,-0.08138608713346152,2.2438171938011315,0.22714626116560765
3026,3,static,T3,static_ftv_log_winsor_median_iqr_inverse_natural,rmse,-0.1696780242144822,-0.029339841504180342,0.43990671191486186,0.14033818271030185
3026,3,static,macro,static_ftv_log_winsor_median_iqr_inverse_natural,rmse,-0.2150917610396874,-0.028729071225409797,2.358948801950806,0.18636268981427762
3026,4,delta,T0→T1,literal_ftv_end_minus_ftv_start,rmse,0.7214782264709889,-0.05938200665729099,1.7137523484730615,-0.7808602331282799
3026,4,delta,T1→T2,literal_ftv_end_minus_ftv_start,rmse,-0.008847666002914423,-0.09731487653137094,1.2505294844883679,-0.08846721052845652
3026,4,delta,T2→T3,literal_ftv_end_minus_ftv_start,rmse,-0.8933907004396957,0.09388952751403146,-1.3411656176215292,0.9872802279537272
3026,4,delta,macro,literal_ftv_end_minus_ftv_start,rmse,-0.06025337999054159,-0.0209357852248786,0.5410387384466375,0.03931759476566299
3026,4,static,T0,static_ftv_log_winsor_median_iqr_inverse_natural,rmse,-2.0795311711657867,-0.25962158223694587,6.406639571523211,1.8199095889288408
3026,4,static,T1,static_ftv_log_winsor_median_iqr_inverse_natural,rmse,-1.531008954652524,-0.2404971107114342,2.647658159862324,1.2905118439410899
3026,4,static,T2,static_ftv_log_winsor_median_iqr_inverse_natural,rmse,0.10982574873427531,-0.03493873757326682,0.13406231035034466,-0.14476448630754213
3026,4,static,T3,static_ftv_log_winsor_median_iqr_inverse_natural,rmse,-0.11555533551700581,0.030013643625655284,0.007443135455577732,0.1455689791426611
3026,4,static,macro,static_ftv_log_winsor_median_iqr_inverse_natural,rmse,-0.904067428150265,-0.1262609467239919,2.298950794297859,0.7778064814262731
2026,0,delta,T0→T1,literal_ftv_end_minus_ftv_start,mae,-0.6914244535558787,0.051573191782827266,-0.36944611980166897,0.7429976453387059
2026,0,delta,T1→T2,literal_ftv_end_minus_ftv_start,mae,-0.2617203193995028,-1.7773681442744227,2.149671234740838,-1.51564782487492
2026,0,delta,T2→T3,literal_ftv_end_minus_ftv_start,mae,0.4294538543619524,-0.03988737000861953,1.0593235111537371,-0.4693412243705719
2026,0,delta,macro,literal_ftv_end_minus_ftv_start,mae,-0.17456363953114362,-0.5885607741667389,0.9465162086976378,-0.4139971346355953
2026,0,static,T0,static_ftv_log_winsor_median_iqr_inverse_natural,mae,-6.161330844685935,0.4808857706056777,-3.022103655817425,6.642216615291613
2026,0,static,T1,static_ftv_log_winsor_median_iqr_inverse_natural,mae,-0.2971320127077348,0.13719211307558155,-0.26920858978306583,0.43432412578331636
2026,0,static,T2,static_ftv_log_winsor_median_iqr_inverse_natural,mae,0.18463580996638207,0.023597632780035127,0.8186081828595047,-0.16103817718634694
2026,0,static,T3,static_ftv_log_winsor_median_iqr_inverse_natural,mae,-0.010258480447675744,-0.029770401438024674,0.03658051628780701,-0.01951192099034893
2026,0,static,macro,static_ftv_log_winsor_median_iqr_inverse_natural,mae,-1.571021381968741,0.1529762787558191,-0.6090308866132936,1.7239976607245602
2026,1,delta,T0→T1,literal_ftv_end_minus_ftv_start,mae,0.1357060658908349,-0.03287652397602869,1.8308764540215279,-0.16858258986686359
2026,1,delta,T1→T2,literal_ftv_end_minus_ftv_start,mae,-0.6674603449168659,-1.2079119870178872,-0.13021980715662984,-0.5404516421010213
2026,1,delta,T2→T3,literal_ftv_end_minus_ftv_start,mae,-0.4247490000544234,-0.6590200987521282,2.378534286823692,-0.2342710986977048
2026,1,delta,macro,literal_ftv_end_minus_ftv_start,mae,-0.31883442636015147,-0.6332695365820165,1.35973031122953,-0.314435110221865
2026,1,static,T0,static_ftv_log_winsor_median_iqr_inverse_natural,mae,0.8557739487808025,-1.0871681319912856,5.1320605096658625,-1.942942080772088
2026,1,static,T1,static_ftv_log_winsor_median_iqr_inverse_natural,mae,-0.4097700973086287,0.145546809820571,1.316616004252201,0.5553169071291997
2026,1,static,T2,static_ftv_log_winsor_median_iqr_inverse_natural,mae,-0.37150287203538657,0.20742373342291076,0.6736133621661007,0.5789266054582973
2026,1,static,T3,static_ftv_log_winsor_median_iqr_inverse_natural,mae,0.10283757754629597,-0.01174754204966888,0.17999232044470093,-0.11458511959596485
2026,1,static,macro,static_ftv_log_winsor_median_iqr_inverse_natural,mae,0.04433463924577019,-0.18648628269936918,1.825570549132216,-0.23082092194513937
2026,2,delta,T0→T1,literal_ftv_end_minus_ftv_start,mae,-0.6913440206535704,-0.17015704269084964,0.5730258873340883,0.5211869779627207
2026,2,delta,T1→T2,literal_ftv_end_minus_ftv_start,mae,-0.22667955536291196,-0.2447473044371371,0.7345871830650132,-0.018067749074225148
2026,2,delta,T2→T3,literal_ftv_end_minus_ftv_start,mae,-0.5769522612725826,-0.06345407515820511,-0.19325054712937018,0.5134981861143775
2026,2,delta,macro,literal_ftv_end_minus_ftv_start,mae,-0.49832527909635616,-0.15945280742873003,0.371454174423242,0.33887247166762613
2026,2,static,T0,static_ftv_log_winsor_median_iqr_inverse_natural,mae,-1.352108146020246,-0.158800558215745,2.571070792052769,1.193307587804501
2026,2,static,T1,static_ftv_log_winsor_median_iqr_inverse_natural,mae,-1.0517536539873298,-0.14269419744641,1.3844674080565014,0.9090594565409198
2026,2,static,T2,static_ftv_log_winsor_median_iqr_inverse_natural,mae,-0.7262648993611958,-0.08067270480971445,0.8335725363086368,0.6455921945514813
2026,2,static,T3,static_ftv_log_winsor_median_iqr_inverse_natural,mae,-0.14625934985449884,-0.008321406250797914,0.1384299905561246,0.13793794360370093
2026,2,static,macro,static_ftv_log_winsor_median_iqr_inverse_natural,mae,-0.8190965123058174,-0.09762221668066573,1.2318851817435057,0.7214742956251516
2026,3,delta,T0→T1,literal_ftv_end_minus_ftv_start,mae,-0.18922396926499196,-0.02254854931144834,0.9568795747632048,0.16667541995354362
2026,3,delta,T1→T2,literal_ftv_end_minus_ftv_start,mae,-0.7178776755267968,-0.03204380470224777,-0.42069967452268386,0.685833870824549
2026,3,delta,T2→T3,literal_ftv_end_minus_ftv_start,mae,-0.36034003742718035,-0.1640481583192912,1.6794769581763376,0.19629187910788914
2026,3,delta,macro,literal_ftv_end_minus_ftv_start,mae,-0.4224805607396558,-0.07288017077766185,0.7385522861389529,0.34960038996199394
2026,3,static,T0,static_ftv_log_winsor_median_iqr_inverse_natural,mae,-1.067779259349937,-0.8840636320094326,2.257588001685974,0.18371562734050428
2026,3,static,T1,static_ftv_log_winsor_median_iqr_inverse_natural,mae,0.9505903584137707,-0.2721873350228883,1.6680714092039528,-1.222777693436659
2026,3,static,T2,static_ftv_log_winsor_median_iqr_inverse_natural,mae,-0.597856477391546,-0.02740771631591965,0.29044190906703893,0.5704487610756264
2026,3,static,T3,static_ftv_log_winsor_median_iqr_inverse_natural,mae,-0.4283616716526799,-0.005470514103423696,0.08190247708668741,0.4228911575492562
2026,3,static,macro,static_ftv_log_winsor_median_iqr_inverse_natural,mae,-0.28585176249509736,-0.29728229936291584,1.074500949260912,-0.011430536867818475
2026,4,delta,T0→T1,literal_ftv_end_minus_ftv_start,mae,-0.2208280587326641,-0.006168295074541419,0.391247461762779,0.21465976365812267
2026,4,delta,T1→T2,literal_ftv_end_minus_ftv_start,mae,-0.23593431778005503,-0.24794255618042094,0.7877237341663239,-0.012008238400365912
2026,4,delta,T2→T3,literal_ftv_end_minus_ftv_start,mae,-0.2955758373050159,-0.10942173653677312,0.38804473931766914,0.1861541007682428
2026,4,delta,macro,literal_ftv_end_minus_ftv_start,mae,-0.25077940460591286,-0.12117752926391212,0.5223386450822538,0.12960187534200074
2026,4,static,T0,static_ftv_log_winsor_median_iqr_inverse_natural,mae,-1.5894527883890195,0.473202493121871,2.8961335090909834,2.0626552815108905
2026,4,static,T1,static_ftv_log_winsor_median_iqr_inverse_natural,mae,-1.0349890128009154,0.5226034876187597,-0.8668909802358797,1.5575925004196751
2026,4,static,T2,static_ftv_log_winsor_median_iqr_inverse_natural,mae,-0.1354108663824416,-0.02975323571320665,0.4293941333787137,0.10565763066923495
2026,4,static,T3,static_ftv_log_winsor_median_iqr_inverse_natural,mae,0.5320672890063518,0.0483290813518682,-0.014534998620230333,-0.4837382076544836
2026,4,static,macro,static_ftv_log_winsor_median_iqr_inverse_natural,mae,-0.5569463446415082,0.2535954565948195,0.6110254159033985,0.8105418012363277
3026,0,delta,T0→T1,literal_ftv_end_minus_ftv_start,mae,0.7225933452238973,-1.6413479076132411,-2.141942885420434,-2.3639412528371384
3026,0,delta,T1→T2,literal_ftv_end_minus_ftv_start,mae,-0.1337855023606931,-0.4344880016519479,0.16692652285463083,-0.3007024992912548
3026,0,delta,T2→T3,literal_ftv_end_minus_ftv_start,mae,0.11495161376086749,-0.13154726069980427,1.4600008420562887,-0.24649887446067176
3026,0,delta,macro,literal_ftv_end_minus_ftv_start,mae,0.23458648554135486,-0.7357943899883299,-0.17167184016984116,-0.9703808755296848
3026,0,static,T0,static_ftv_log_winsor_median_iqr_inverse_natural,mae,-3.8364050048138942,-2.519585001652249,1.8212627825234868,1.316820003161645
3026,0,static,T1,static_ftv_log_winsor_median_iqr_inverse_natural,mae,-1.9306761638498067,-1.1600847078957237,-1.504274992350208,0.770591455954083
3026,0,static,T2,static_ftv_log_winsor_median_iqr_inverse_natural,mae,-0.5239334840400609,-0.2868636501332915,0.477417211772476,0.2370698339067694
3026,0,static,T3,static_ftv_log_winsor_median_iqr_inverse_natural,mae,-0.026859749629782215,-0.005982476679655235,0.10721249357857543,0.02087727295012698
3026,0,static,macro,static_ftv_log_winsor_median_iqr_inverse_natural,mae,-1.5794686005833878,-0.9931289590902281,0.2254043738810818,0.5863396414931596
3026,1,delta,T0→T1,literal_ftv_end_minus_ftv_start,mae,-0.41644211919263086,-0.05944605199391617,1.0444310887373955,0.3569960671987147
3026,1,delta,T1→T2,literal_ftv_end_minus_ftv_start,mae,-0.36127073079427774,0.013475568366663637,0.29418251179068644,0.3747462991609414
3026,1,delta,T2→T3,literal_ftv_end_minus_ftv_start,mae,-0.6230484172614066,-0.20795297100711707,2.917147417618615,0.4150954462542895
3026,1,delta,macro,literal_ftv_end_minus_ftv_start,mae,-0.46692042241610565,-0.08464115154478868,1.418587006048897,0.38227927087131697
3026,1,static,T0,static_ftv_log_winsor_median_iqr_inverse_natural,mae,-0.772668963834743,-0.25207068995374726,4.173854268339271,0.5205982738809958
3026,1,static,T1,static_ftv_log_winsor_median_iqr_inverse_natural,mae,-0.289866301133924,-0.08141335618572754,1.5907062004112245,0.20845294494819644
3026,1,static,T2,static_ftv_log_winsor_median_iqr_inverse_natural,mae,-0.2889222703977854,-0.11215407046615855,0.8780164812213411,0.17676819993162685
3026,1,static,T3,static_ftv_log_winsor_median_iqr_inverse_natural,mae,-0.015670622126182643,0.009745838898831627,0.03687138552768676,0.02541646102501427
3026,1,static,macro,static_ftv_log_winsor_median_iqr_inverse_natural,mae,-0.3417820393731592,-0.1089730694267006,1.6698620838748806,0.2328089699464586
3026,2,delta,T0→T1,literal_ftv_end_minus_ftv_start,mae,-0.8070155451521543,0.014240857268500662,0.901006156275697,0.821256402420655
3026,2,delta,T1→T2,literal_ftv_end_minus_ftv_start,mae,-0.3126216610969532,-0.0017983524886844293,-0.5448736044755513,0.3108233086082688
3026,2,delta,T2→T3,literal_ftv_end_minus_ftv_start,mae,-0.7234016683626869,0.03522685743445386,0.23040459491689447,0.7586285257971408
3026,2,delta,macro,literal_ftv_end_minus_ftv_start,mae,-0.6143462915372631,0.015889787404757882,0.19551238223901457,0.6302360789420209
3026,2,static,T0,static_ftv_log_winsor_median_iqr_inverse_natural,mae,-1.8388211370883774,-0.4378686932924083,0.0584760190652851,1.400952443795969
3026,2,static,T1,static_ftv_log_winsor_median_iqr_inverse_natural,mae,-0.047451784106169015,-0.11789727392934779,0.5671465450482813,-0.07044548982317878
3026,2,static,T2,static_ftv_log_winsor_median_iqr_inverse_natural,mae,-0.22736509486010803,-0.1134685655113099,0.6270561873996119,0.11389652934879813
3026,2,static,T3,static_ftv_log_winsor_median_iqr_inverse_natural,mae,-0.24163874665018348,0.008689949188195989,0.0684274817957986,0.25032869583837947
3026,2,static,macro,static_ftv_log_winsor_median_iqr_inverse_natural,mae,-0.5888191906762028,-0.16513614588621728,0.33027655832724534,0.42368304478998553
3026,3,delta,T0→T1,literal_ftv_end_minus_ftv_start,mae,-0.4056499747024027,-0.3475571312777266,0.7412605660681564,0.05809284342467613
3026,3,delta,T1→T2,literal_ftv_end_minus_ftv_start,mae,-1.0416742468529847,0.6253523209700784,-0.8638511345370752,1.6670265678230631
3026,3,delta,T2→T3,literal_ftv_end_minus_ftv_start,mae,-1.0731131050811014,-0.45257719828788545,0.7409927528416791,0.6205359067932159
3026,3,delta,macro,literal_ftv_end_minus_ftv_start,mae,-0.840145775545496,-0.05826066953184572,0.20613406145758795,0.7818851060136502
3026,3,static,T0,static_ftv_log_winsor_median_iqr_inverse_natural,mae,-3.5867176686897366,0.6722601149933425,0.6505185115457905,4.258977783683079
3026,3,static,T1,static_ftv_log_winsor_median_iqr_inverse_natural,mae,-0.22831653408549357,-0.9645583969488527,2.807938278457133,-0.7362418628633591
3026,3,static,T2,static_ftv_log_winsor_median_iqr_inverse_natural,mae,-0.1424187874324776,0.15307998283337998,0.5259209991840952,0.2954987702658576
3026,3,static,T3,static_ftv_log_winsor_median_iqr_inverse_natural,mae,-0.07005590744641355,-0.007327571229611252,0.01022251494292803,0.0627283362168023
3026,3,static,macro,static_ftv_log_winsor_median_iqr_inverse_natural,mae,-1.0068772244135316,-0.03663646758793604,0.9986500760324866,0.9702407568255955
3026,4,delta,T0→T1,literal_ftv_end_minus_ftv_start,mae,0.20307026733829225,-0.03091731078931481,1.0579588928190322,-0.23398757812760707
3026,4,delta,T1→T2,literal_ftv_end_minus_ftv_start,mae,-0.1261069736667899,-0.07344537231767667,0.29066399686701594,0.05266160134911324
3026,4,delta,T2→T3,literal_ftv_end_minus_ftv_start,mae,-1.3166423374758915,0.034783252530566244,-0.6949499259214651,1.3514255900064578
3026,4,delta,macro,literal_ftv_end_minus_ftv_start,mae,-0.4132263479347955,-0.023193143525478632,0.21789098792153005,0.3900332044093169
3026,4,static,T0,static_ftv_log_winsor_median_iqr_inverse_natural,mae,-0.8571112919425108,-0.052212045313943634,3.429641010947817,0.8048992466285672
3026,4,static,T1,static_ftv_log_winsor_median_iqr_inverse_natural,mae,-0.30997806840937336,-0.03020358995568806,2.4053514072042024,0.2797744784536853
3026,4,static,T2,static_ftv_log_winsor_median_iqr_inverse_natural,mae,0.18398584941038543,-0.017276595930565186,-0.058586334731747236,-0.2012624453409506
3026,4,static,T3,static_ftv_log_winsor_median_iqr_inverse_natural,mae,-0.0003628300574347598,-0.14293955209106146,0.15119187457278604,-0.1425767220336267
3026,4,static,macro,static_ftv_log_winsor_median_iqr_inverse_natural,mae,-0.24586658524973437,-0.06065794582281825,1.481899489498268,0.18520863942691612
2026,0,delta,T0→T1,literal_ftv_end_minus_ftv_start,b0_rmse,0.0,0.0,0.0,0.0
2026,0,delta,T1→T2,literal_ftv_end_minus_ftv_start,b0_rmse,0.0,0.0,0.0,0.0
2026,0,delta,T2→T3,literal_ftv_end_minus_ftv_start,b0_rmse,0.0,0.0,0.0,0.0
2026,0,delta,macro,literal_ftv_end_minus_ftv_start,b0_rmse,0.0,0.0,0.0,0.0
2026,0,static,T0,static_ftv_log_winsor_median_iqr_inverse_natural,b0_rmse,0.0,0.0,0.0,0.0
2026,0,static,T1,static_ftv_log_winsor_median_iqr_inverse_natural,b0_rmse,0.0,0.0,0.0,0.0
2026,0,static,T2,static_ftv_log_winsor_median_iqr_inverse_natural,b0_rmse,0.0,0.0,0.0,0.0
2026,0,static,T3,static_ftv_log_winsor_median_iqr_inverse_natural,b0_rmse,0.0,0.0,0.0,0.0
2026,0,static,macro,static_ftv_log_winsor_median_iqr_inverse_natural,b0_rmse,0.0,0.0,0.0,0.0
2026,1,delta,T0→T1,literal_ftv_end_minus_ftv_start,b0_rmse,0.0,0.0,0.0,0.0
2026,1,delta,T1→T2,literal_ftv_end_minus_ftv_start,b0_rmse,0.0,0.0,0.0,0.0
2026,1,delta,T2→T3,literal_ftv_end_minus_ftv_start,b0_rmse,0.0,0.0,0.0,0.0
2026,1,delta,macro,literal_ftv_end_minus_ftv_start,b0_rmse,0.0,0.0,0.0,0.0
2026,1,static,T0,static_ftv_log_winsor_median_iqr_inverse_natural,b0_rmse,0.0,0.0,0.0,0.0
2026,1,static,T1,static_ftv_log_winsor_median_iqr_inverse_natural,b0_rmse,0.0,0.0,0.0,0.0
2026,1,static,T2,static_ftv_log_winsor_median_iqr_inverse_natural,b0_rmse,0.0,0.0,0.0,0.0
2026,1,static,T3,static_ftv_log_winsor_median_iqr_inverse_natural,b0_rmse,0.0,0.0,0.0,0.0
2026,1,static,macro,static_ftv_log_winsor_median_iqr_inverse_natural,b0_rmse,0.0,0.0,0.0,0.0
2026,2,delta,T0→T1,literal_ftv_end_minus_ftv_start,b0_rmse,0.0,0.0,0.0,0.0
2026,2,delta,T1→T2,literal_ftv_end_minus_ftv_start,b0_rmse,0.0,0.0,0.0,0.0
2026,2,delta,T2→T3,literal_ftv_end_minus_ftv_start,b0_rmse,0.0,0.0,0.0,0.0
2026,2,delta,macro,literal_ftv_end_minus_ftv_start,b0_rmse,0.0,0.0,0.0,0.0
2026,2,static,T0,static_ftv_log_winsor_median_iqr_inverse_natural,b0_rmse,0.0,0.0,0.0,0.0
2026,2,static,T1,static_ftv_log_winsor_median_iqr_inverse_natural,b0_rmse,0.0,0.0,0.0,0.0
2026,2,static,T2,static_ftv_log_winsor_median_iqr_inverse_natural,b0_rmse,0.0,0.0,0.0,0.0
2026,2,static,T3,static_ftv_log_winsor_median_iqr_inverse_natural,b0_rmse,0.0,0.0,0.0,0.0
2026,2,static,macro,static_ftv_log_winsor_median_iqr_inverse_natural,b0_rmse,0.0,0.0,0.0,0.0
2026,3,delta,T0→T1,literal_ftv_end_minus_ftv_start,b0_rmse,0.0,0.0,0.0,0.0
2026,3,delta,T1→T2,literal_ftv_end_minus_ftv_start,b0_rmse,0.0,0.0,0.0,0.0
2026,3,delta,T2→T3,literal_ftv_end_minus_ftv_start,b0_rmse,0.0,0.0,0.0,0.0
2026,3,delta,macro,literal_ftv_end_minus_ftv_start,b0_rmse,0.0,0.0,0.0,0.0
2026,3,static,T0,static_ftv_log_winsor_median_iqr_inverse_natural,b0_rmse,0.0,0.0,0.0,0.0
2026,3,static,T1,static_ftv_log_winsor_median_iqr_inverse_natural,b0_rmse,0.0,0.0,0.0,0.0
2026,3,static,T2,static_ftv_log_winsor_median_iqr_inverse_natural,b0_rmse,0.0,0.0,0.0,0.0
2026,3,static,T3,static_ftv_log_winsor_median_iqr_inverse_natural,b0_rmse,0.0,0.0,0.0,0.0
2026,3,static,macro,static_ftv_log_winsor_median_iqr_inverse_natural,b0_rmse,0.0,0.0,0.0,0.0
2026,4,delta,T0→T1,literal_ftv_end_minus_ftv_start,b0_rmse,0.0,0.0,0.0,0.0
2026,4,delta,T1→T2,literal_ftv_end_minus_ftv_start,b0_rmse,0.0,0.0,0.0,0.0
2026,4,delta,T2→T3,literal_ftv_end_minus_ftv_start,b0_rmse,0.0,0.0,0.0,0.0
2026,4,delta,macro,literal_ftv_end_minus_ftv_start,b0_rmse,0.0,0.0,0.0,0.0
2026,4,static,T0,static_ftv_log_winsor_median_iqr_inverse_natural,b0_rmse,0.0,0.0,0.0,0.0
2026,4,static,T1,static_ftv_log_winsor_median_iqr_inverse_natural,b0_rmse,0.0,0.0,0.0,0.0
2026,4,static,T2,static_ftv_log_winsor_median_iqr_inverse_natural,b0_rmse,0.0,0.0,0.0,0.0
2026,4,static,T3,static_ftv_log_winsor_median_iqr_inverse_natural,b0_rmse,0.0,0.0,0.0,0.0
2026,4,static,macro,static_ftv_log_winsor_median_iqr_inverse_natural,b0_rmse,0.0,0.0,0.0,0.0
3026,0,delta,T0→T1,literal_ftv_end_minus_ftv_start,b0_rmse,0.0,0.0,0.0,0.0
3026,0,delta,T1→T2,literal_ftv_end_minus_ftv_start,b0_rmse,0.0,0.0,0.0,0.0
3026,0,delta,T2→T3,literal_ftv_end_minus_ftv_start,b0_rmse,0.0,0.0,0.0,0.0
3026,0,delta,macro,literal_ftv_end_minus_ftv_start,b0_rmse,0.0,0.0,0.0,0.0
3026,0,static,T0,static_ftv_log_winsor_median_iqr_inverse_natural,b0_rmse,0.0,0.0,0.0,0.0
3026,0,static,T1,static_ftv_log_winsor_median_iqr_inverse_natural,b0_rmse,0.0,0.0,0.0,0.0
3026,0,static,T2,static_ftv_log_winsor_median_iqr_inverse_natural,b0_rmse,0.0,0.0,0.0,0.0
3026,0,static,T3,static_ftv_log_winsor_median_iqr_inverse_natural,b0_rmse,0.0,0.0,0.0,0.0
3026,0,static,macro,static_ftv_log_winsor_median_iqr_inverse_natural,b0_rmse,0.0,0.0,0.0,0.0
3026,1,delta,T0→T1,literal_ftv_end_minus_ftv_start,b0_rmse,0.0,0.0,0.0,0.0
3026,1,delta,T1→T2,literal_ftv_end_minus_ftv_start,b0_rmse,0.0,0.0,0.0,0.0
3026,1,delta,T2→T3,literal_ftv_end_minus_ftv_start,b0_rmse,0.0,0.0,0.0,0.0
3026,1,delta,macro,literal_ftv_end_minus_ftv_start,b0_rmse,0.0,0.0,0.0,0.0
3026,1,static,T0,static_ftv_log_winsor_median_iqr_inverse_natural,b0_rmse,0.0,0.0,0.0,0.0
3026,1,static,T1,static_ftv_log_winsor_median_iqr_inverse_natural,b0_rmse,0.0,0.0,0.0,0.0
3026,1,static,T2,static_ftv_log_winsor_median_iqr_inverse_natural,b0_rmse,0.0,0.0,0.0,0.0
3026,1,static,T3,static_ftv_log_winsor_median_iqr_inverse_natural,b0_rmse,0.0,0.0,0.0,0.0
3026,1,static,macro,static_ftv_log_winsor_median_iqr_inverse_natural,b0_rmse,0.0,0.0,0.0,0.0
3026,2,delta,T0→T1,literal_ftv_end_minus_ftv_start,b0_rmse,0.0,0.0,0.0,0.0
3026,2,delta,T1→T2,literal_ftv_end_minus_ftv_start,b0_rmse,0.0,0.0,0.0,0.0
3026,2,delta,T2→T3,literal_ftv_end_minus_ftv_start,b0_rmse,0.0,0.0,0.0,0.0
3026,2,delta,macro,literal_ftv_end_minus_ftv_start,b0_rmse,0.0,0.0,0.0,0.0
3026,2,static,T0,static_ftv_log_winsor_median_iqr_inverse_natural,b0_rmse,0.0,0.0,0.0,0.0
3026,2,static,T1,static_ftv_log_winsor_median_iqr_inverse_natural,b0_rmse,0.0,0.0,0.0,0.0
3026,2,static,T2,static_ftv_log_winsor_median_iqr_inverse_natural,b0_rmse,0.0,0.0,0.0,0.0
3026,2,static,T3,static_ftv_log_winsor_median_iqr_inverse_natural,b0_rmse,0.0,0.0,0.0,0.0
3026,2,static,macro,static_ftv_log_winsor_median_iqr_inverse_natural,b0_rmse,0.0,0.0,0.0,0.0
3026,3,delta,T0→T1,literal_ftv_end_minus_ftv_start,b0_rmse,0.0,0.0,0.0,0.0
3026,3,delta,T1→T2,literal_ftv_end_minus_ftv_start,b0_rmse,0.0,0.0,0.0,0.0
3026,3,delta,T2→T3,literal_ftv_end_minus_ftv_start,b0_rmse,0.0,0.0,0.0,0.0
3026,3,delta,macro,literal_ftv_end_minus_ftv_start,b0_rmse,0.0,0.0,0.0,0.0
3026,3,static,T0,static_ftv_log_winsor_median_iqr_inverse_natural,b0_rmse,0.0,0.0,0.0,0.0
3026,3,static,T1,static_ftv_log_winsor_median_iqr_inverse_natural,b0_rmse,0.0,0.0,0.0,0.0
3026,3,static,T2,static_ftv_log_winsor_median_iqr_inverse_natural,b0_rmse,0.0,0.0,0.0,0.0
3026,3,static,T3,static_ftv_log_winsor_median_iqr_inverse_natural,b0_rmse,0.0,0.0,0.0,0.0
3026,3,static,macro,static_ftv_log_winsor_median_iqr_inverse_natural,b0_rmse,0.0,0.0,0.0,0.0
3026,4,delta,T0→T1,literal_ftv_end_minus_ftv_start,b0_rmse,0.0,0.0,0.0,0.0
3026,4,delta,T1→T2,literal_ftv_end_minus_ftv_start,b0_rmse,0.0,0.0,0.0,0.0
3026,4,delta,T2→T3,literal_ftv_end_minus_ftv_start,b0_rmse,0.0,0.0,0.0,0.0
3026,4,delta,macro,literal_ftv_end_minus_ftv_start,b0_rmse,0.0,0.0,0.0,0.0
3026,4,static,T0,static_ftv_log_winsor_median_iqr_inverse_natural,b0_rmse,0.0,0.0,0.0,0.0
3026,4,static,T1,static_ftv_log_winsor_median_iqr_inverse_natural,b0_rmse,0.0,0.0,0.0,0.0
3026,4,static,T2,static_ftv_log_winsor_median_iqr_inverse_natural,b0_rmse,0.0,0.0,0.0,0.0
3026,4,static,T3,static_ftv_log_winsor_median_iqr_inverse_natural,b0_rmse,0.0,0.0,0.0,0.0
3026,4,static,macro,static_ftv_log_winsor_median_iqr_inverse_natural,b0_rmse,0.0,0.0,0.0,0.0
2026,0,delta,T0→T1,literal_ftv_end_minus_ftv_start,rmse_gain_over_b0,0.0523913574466688,0.008459697333022605,-0.007971127084662903,-0.043931660113646194
2026,0,delta,T1→T2,literal_ftv_end_minus_ftv_start,rmse_gain_over_b0,0.0124064474755692,0.18637005689655828,-0.2552935233146111,0.17396360942098907
2026,0,delta,T2→T3,literal_ftv_end_minus_ftv_start,rmse_gain_over_b0,-0.0009393822993799001,0.00043508411740250143,-0.0197954097262984,0.0013744664167824015
2026,0,delta,macro,literal_ftv_end_minus_ftv_start,rmse_gain_over_b0,0.021286140874286,0.0650882794489944,-0.0943533533751908,0.043802138574708396
2026,0,static,T0,static_ftv_log_winsor_median_iqr_inverse_natural,rmse_gain_over_b0,0.42099345911439817,-0.022214934069457497,0.4459803783048451,-0.4432083931838557
2026,0,static,T1,static_ftv_log_winsor_median_iqr_inverse_natural,rmse_gain_over_b0,0.002413662199808499,-0.013979007705876002,0.0281504430022086,-0.0163926699056845
2026,0,static,T2,static_ftv_log_winsor_median_iqr_inverse_natural,rmse_gain_over_b0,0.0003133342142431,-0.0007682429788195989,-0.005912244791025201,-0.0010815771930626989
2026,0,static,T3,static_ftv_log_winsor_median_iqr_inverse_natural,rmse_gain_over_b0,0.0017634901017064032,0.009076062883103999,-0.004578768078537895,0.007312572781397596
2026,0,static,macro,static_ftv_log_winsor_median_iqr_inverse_natural,rmse_gain_over_b0,0.10637098640753909,-0.006971530467762201,0.11590995210937269,-0.11334251687530128
2026,1,delta,T0→T1,literal_ftv_end_minus_ftv_start,rmse_gain_over_b0,-0.009466662300184309,0.0407281392406195,-0.0918959630846595,0.05019480154080381
2026,1,delta,T1→T2,literal_ftv_end_minus_ftv_start,rmse_gain_over_b0,0.05957393886696499,0.0881770907044014,-0.0013485541952342004,0.028603151837436405
2026,1,delta,T2→T3,literal_ftv_end_minus_ftv_start,rmse_gain_over_b0,0.0402781507484959,0.14056129341610235,-0.5320353456440439,0.10028314266760645
2026,1,delta,macro,literal_ftv_end_minus_ftv_start,rmse_gain_over_b0,0.030128475771758784,0.08982217445370781,-0.20842662097464582,0.05969369868194903
2026,1,static,T0,static_ftv_log_winsor_median_iqr_inverse_natural,rmse_gain_over_b0,-0.04737622973667904,0.00389276198728028,-0.2077460456793867,0.05126899172395932
2026,1,static,T1,static_ftv_log_winsor_median_iqr_inverse_natural,rmse_gain_over_b0,0.04490564947004727,-0.02477283884859649,-0.042324605676326704,-0.06967848831864376
2026,1,static,T2,static_ftv_log_winsor_median_iqr_inverse_natural,rmse_gain_over_b0,0.1307655423139304,-0.07829363236453263,-0.03343309483751039,-0.20905917467846302
2026,1,static,T3,static_ftv_log_winsor_median_iqr_inverse_natural,rmse_gain_over_b0,-0.027199625236644986,0.0189866782530356,-0.09642686209495718,0.046186303489680586
2026,1,static,macro,static_ftv_log_winsor_median_iqr_inverse_natural,rmse_gain_over_b0,0.025273834202663326,-0.020046757743203303,-0.09498265207204529,-0.04532059194586663
2026,2,delta,T0→T1,literal_ftv_end_minus_ftv_start,rmse_gain_over_b0,0.0298126620351127,0.0038188687504105007,0.0063501612294813,-0.0259937932847022
2026,2,delta,T1→T2,literal_ftv_end_minus_ftv_start,rmse_gain_over_b0,0.0037827356163403977,0.015039281644505097,-0.0213204323434346,0.011256546028164699
2026,2,delta,T2→T3,literal_ftv_end_minus_ftv_start,rmse_gain_over_b0,-0.005281730132681699,0.0010373577360210003,0.0040493636207824,0.006319087868702699
2026,2,delta,macro,literal_ftv_end_minus_ftv_start,rmse_gain_over_b0,0.0094378891729239,0.006631836043645501,-0.0036403024977235995,-0.0028060531292784
2026,2,static,T0,static_ftv_log_winsor_median_iqr_inverse_natural,rmse_gain_over_b0,0.043060780090568,0.0020176250234129993,-0.0408167035916076,-0.041043155067155
2026,2,static,T1,static_ftv_log_winsor_median_iqr_inverse_natural,rmse_gain_over_b0,0.0491153004996999,0.0068495036562780005,-0.007712122857932501,-0.042265796843421896
2026,2,static,T2,static_ftv_log_winsor_median_iqr_inverse_natural,rmse_gain_over_b0,0.0126007902360912,0.0061245865908152,-0.008181706653391203,-0.006476203645275999
2026,2,static,T3,static_ftv_log_winsor_median_iqr_inverse_natural,rmse_gain_over_b0,0.0423973693151389,0.00017184387800809817,-0.0108675317256436,-0.042225525437130804
2026,2,static,macro,static_ftv_log_winsor_median_iqr_inverse_natural,rmse_gain_over_b0,0.0367935600353744,0.0037908897871286006,-0.0168945162071438,-0.0330026702482458
2026,3,delta,T0→T1,literal_ftv_end_minus_ftv_start,rmse_gain_over_b0,-0.003249404357601699,-0.0006745165749315989,-0.0235174516198778,0.0025748877826701003
2026,3,delta,T1→T2,literal_ftv_end_minus_ftv_start,rmse_gain_over_b0,0.0545710268203854,0.046041919594626605,0.0579959555226309,-0.008529107225758795
2026,3,delta,T2→T3,literal_ftv_end_minus_ftv_start,rmse_gain_over_b0,0.0329302048092303,0.0006670981198409892,-0.0777534593331147,-0.03226310668938931
2026,3,delta,macro,literal_ftv_end_minus_ftv_start,rmse_gain_over_b0,0.0280839424240047,0.0153448337131786,-0.014424985143453799,-0.0127391087108261
2026,3,static,T0,static_ftv_log_winsor_median_iqr_inverse_natural,rmse_gain_over_b0,0.0327421303345182,0.012561466800826147,0.0159135667159956,-0.02018066353369205
2026,3,static,T1,static_ftv_log_winsor_median_iqr_inverse_natural,rmse_gain_over_b0,-0.22667631010534028,0.013855135846940814,-0.2834318708446921,0.2405314459522811
2026,3,static,T2,static_ftv_log_winsor_median_iqr_inverse_natural,rmse_gain_over_b0,0.14993824555403337,0.0004224410438705972,-0.11010135494642971,-0.14951580451016278
2026,3,static,T3,static_ftv_log_winsor_median_iqr_inverse_natural,rmse_gain_over_b0,0.1995064686696477,0.00045496459964789945,-0.0389156320839579,-0.1990515040699998
2026,3,static,macro,static_ftv_log_winsor_median_iqr_inverse_natural,rmse_gain_over_b0,0.03887763361321481,0.0068235020728213,-0.104133822789771,-0.03205413154039351
2026,4,delta,T0→T1,literal_ftv_end_minus_ftv_start,rmse_gain_over_b0,0.016224539911137502,-0.0009237107405712999,-0.005404984689920102,-0.017148250651708802
2026,4,delta,T1→T2,literal_ftv_end_minus_ftv_start,rmse_gain_over_b0,-0.011457063299508206,0.0212289961163442,-0.053625355614569804,0.03268605941585241
2026,4,delta,T2→T3,literal_ftv_end_minus_ftv_start,rmse_gain_over_b0,0.0015338736398900002,0.0248629177347049,-0.0315182560772323,0.0233290440948149
2026,4,delta,macro,literal_ftv_end_minus_ftv_start,rmse_gain_over_b0,0.0021004500838397028,0.0150560677034926,-0.0301828654605741,0.012955617619652898
2026,4,static,T0,static_ftv_log_winsor_median_iqr_inverse_natural,rmse_gain_over_b0,0.08391610471637781,-0.021890449057016204,-0.1487820447486306,-0.10580655377339401
2026,4,static,T1,static_ftv_log_winsor_median_iqr_inverse_natural,rmse_gain_over_b0,0.0473791956258041,-0.08924332545805401,0.18933610411801072,-0.1366225210838581
2026,4,static,T2,static_ftv_log_winsor_median_iqr_inverse_natural,rmse_gain_over_b0,0.011697602323719102,0.0028115025731295005,-0.0463050075607866,-0.0088860997505896
2026,4,static,T3,static_ftv_log_winsor_median_iqr_inverse_natural,rmse_gain_over_b0,-0.393431929364025,-0.0013898687629793002,0.013539661009781,0.3920420606010457
2026,4,static,macro,static_ftv_log_winsor_median_iqr_inverse_natural,rmse_gain_over_b0,-0.06260975667453089,-0.0274280351762301,0.0019471782045935998,0.03518172149830079
3026,0,delta,T0→T1,literal_ftv_end_minus_ftv_start,rmse_gain_over_b0,-0.0402146234763511,0.1849128278817437,0.085380972057998,0.2251274513580948
3026,0,delta,T1→T2,literal_ftv_end_minus_ftv_start,rmse_gain_over_b0,-0.005216477986891,0.003037648754261199,0.0022917493218047,0.0082541267411522
3026,0,delta,T2→T3,literal_ftv_end_minus_ftv_start,rmse_gain_over_b0,0.0089928897702116,-0.0028203935335704006,-0.0185656015415071,-0.011813283303782
3026,0,delta,macro,literal_ftv_end_minus_ftv_start,rmse_gain_over_b0,-0.012146070564343497,0.0617100277008114,0.023035706612765106,0.07385609826515491
3026,0,static,T0,static_ftv_log_winsor_median_iqr_inverse_natural,rmse_gain_over_b0,0.1313044593202213,0.2079336175612761,0.0276175679451241,0.07662915824105479
3026,0,static,T1,static_ftv_log_winsor_median_iqr_inverse_natural,rmse_gain_over_b0,0.0907996133208415,0.011719452068868501,-0.0281902278007739,-0.079080161251973
3026,0,static,T2,static_ftv_log_winsor_median_iqr_inverse_natural,rmse_gain_over_b0,0.0099982512479883,0.0200355483904838,-0.008037532078446099,0.010037297142495499
3026,0,static,T3,static_ftv_log_winsor_median_iqr_inverse_natural,rmse_gain_over_b0,0.0237331349825828,0.0599065643256588,-0.0385820700864791,0.036173429343076005
3026,0,static,macro,static_ftv_log_winsor_median_iqr_inverse_natural,rmse_gain_over_b0,0.0639588647179084,0.07489879558657181,-0.011798065505143802,0.010939930868663406
3026,1,delta,T0→T1,literal_ftv_end_minus_ftv_start,rmse_gain_over_b0,0.0073472667331805075,0.0003837199449259999,-0.0594530165412272,-0.006963546788254508
3026,1,delta,T1→T2,literal_ftv_end_minus_ftv_start,rmse_gain_over_b0,0.0564993969940231,-0.0002692896053938989,-0.0418801951143399,-0.056768686599417
3026,1,delta,T2→T3,literal_ftv_end_minus_ftv_start,rmse_gain_over_b0,0.058992528540471614,0.024790432953716468,-0.5872585030991645,-0.034202095586755146
3026,1,delta,macro,literal_ftv_end_minus_ftv_start,rmse_gain_over_b0,0.0409463974225583,0.008301621097749512,-0.2295305715849105,-0.03264477632480879
3026,1,static,T0,static_ftv_log_winsor_median_iqr_inverse_natural,rmse_gain_over_b0,0.05501711483010546,0.0008950501090593949,-0.2096725760505806,-0.05412206472104607
3026,1,static,T1,static_ftv_log_winsor_median_iqr_inverse_natural,rmse_gain_over_b0,-0.004362012533794202,-0.0023256915331319183,-0.10729206467737659,0.0020363210006622834
3026,1,static,T2,static_ftv_log_winsor_median_iqr_inverse_natural,rmse_gain_over_b0,0.03932150809628665,0.005958592243010791,-0.12473556846183542,-0.03336291585327586
3026,1,static,T3,static_ftv_log_winsor_median_iqr_inverse_natural,rmse_gain_over_b0,0.01107240098148321,-0.002824597226090214,0.0018874603765678122,-0.013896998207573424
3026,1,static,macro,static_ftv_log_winsor_median_iqr_inverse_natural,rmse_gain_over_b0,0.025262252843520183,0.00042583839821208613,-0.10995318720330632,-0.024836414445308097
3026,2,delta,T0→T1,literal_ftv_end_minus_ftv_start,rmse_gain_over_b0,0.0528396917350064,0.00043582080633969983,-0.0335805682258974,-0.0524038709286667
3026,2,delta,T1→T2,literal_ftv_end_minus_ftv_start,rmse_gain_over_b0,0.005026240170224702,0.020844088766801605,0.12056850537418279,0.0158178485965769
3026,2,delta,T2→T3,literal_ftv_end_minus_ftv_start,rmse_gain_over_b0,-0.007294196028810501,-0.001135690568186,0.0023410481381861995,0.006158505460624501
3026,2,delta,macro,literal_ftv_end_minus_ftv_start,rmse_gain_over_b0,0.0168572452921402,0.006714739668318495,0.0297763284288239,-0.010142505623821706
3026,2,static,T0,static_ftv_log_winsor_median_iqr_inverse_natural,rmse_gain_over_b0,0.016682237783547795,0.011226026247067394,0.0833015101967317,-0.005456211536480401
3026,2,static,T1,static_ftv_log_winsor_median_iqr_inverse_natural,rmse_gain_over_b0,0.0138249040707958,0.0051224321962403995,0.010205161190245601,-0.0087024718745554
3026,2,static,T2,static_ftv_log_winsor_median_iqr_inverse_natural,rmse_gain_over_b0,0.0014197555474628996,0.0030402284567606006,-0.012860041170273902,0.001620472909297701
3026,2,static,T3,static_ftv_log_winsor_median_iqr_inverse_natural,rmse_gain_over_b0,0.0265295588087687,-0.0005014861653379991,-0.008182135575749401,-0.0270310449741067
3026,2,static,macro,static_ftv_log_winsor_median_iqr_inverse_natural,rmse_gain_over_b0,0.0146141140526438,0.004721800183682599,0.0181161236602385,-0.009892313868961201
3026,3,delta,T0→T1,literal_ftv_end_minus_ftv_start,rmse_gain_over_b0,-0.010809112890506598,-0.0007509207325917002,-0.024375725309419498,0.010058192157914899
3026,3,delta,T1→T2,literal_ftv_end_minus_ftv_start,rmse_gain_over_b0,0.0673523782667092,-0.009574551996355103,0.019848132539293503,-0.0769269302630643
3026,3,delta,T2→T3,literal_ftv_end_minus_ftv_start,rmse_gain_over_b0,0.0935670529317254,0.010254800725174207,-0.13161293553176462,-0.0833122522065512
3026,3,delta,macro,literal_ftv_end_minus_ftv_start,rmse_gain_over_b0,0.050036772769309304,-2.3557334590900564e-05,-0.045380176100630096,-0.05006033010390021
3026,3,static,T0,static_ftv_log_winsor_median_iqr_inverse_natural,rmse_gain_over_b0,0.002323632404041112,-0.0191362644914791,-0.063719389165485,-0.021459896895520213
3026,3,static,T1,static_ftv_log_winsor_median_iqr_inverse_natural,rmse_gain_over_b0,0.012743824667326403,0.046710109055952805,-0.17007829063026808,0.0339662843886264
3026,3,static,T2,static_ftv_log_winsor_median_iqr_inverse_natural,rmse_gain_over_b0,0.022822958264991783,0.0060203452903341,-0.1659811246720694,-0.016802612974657682
3026,3,static,T3,static_ftv_log_winsor_median_iqr_inverse_natural,rmse_gain_over_b0,0.0127840471779464,0.002210550952130401,-0.03314388050574,-0.010573496225816
3026,3,static,macro,static_ftv_log_winsor_median_iqr_inverse_natural,rmse_gain_over_b0,0.012668615628576407,0.008951185201734595,-0.1082306712433907,-0.0037174304268418126
3026,4,delta,T0→T1,literal_ftv_end_minus_ftv_start,rmse_gain_over_b0,-0.029304764131018804,0.002411958718741,-0.0696086264399581,0.03171672284975981
3026,4,delta,T1→T2,literal_ftv_end_minus_ftv_start,rmse_gain_over_b0,0.0005012610857243055,0.0055133365851703,-0.0708482629111846,0.0050120754994459945
3026,4,delta,T2→T3,literal_ftv_end_minus_ftv_start,rmse_gain_over_b0,0.08466888705832741,-0.0088981470224982,0.12710564386781842,-0.09356703408082562
3026,4,delta,macro,literal_ftv_end_minus_ftv_start,rmse_gain_over_b0,0.0186217946710109,-0.0003242839061956028,-0.004450415161108199,-0.018946078577206503
3026,4,static,T0,static_ftv_log_winsor_median_iqr_inverse_natural,rmse_gain_over_b0,0.06470343369382389,0.008077978375451197,-0.1993389589269262,-0.056625455318372694
3026,4,static,T1,static_ftv_log_winsor_median_iqr_inverse_natural,rmse_gain_over_b0,0.0642791307333517,0.010097227173907798,-0.1111614432285547,-0.054181903559443904
3026,4,static,T2,static_ftv_log_winsor_median_iqr_inverse_natural,rmse_gain_over_b0,-0.0089450745533116,0.0028456861527766,-0.0109190911484199,0.011790760706088201
3026,4,static,T3,static_ftv_log_winsor_median_iqr_inverse_natural,rmse_gain_over_b0,0.0199121574054046,-0.0051718632766708,-0.0012825793297913009,-0.025084020682075398
3026,4,static,macro,static_ftv_log_winsor_median_iqr_inverse_natural,rmse_gain_over_b0,0.034987411819817196,0.003962257106366201,-0.080675518158423,-0.031025154713450995
2026,0,delta,T0→T1,literal_ftv_end_minus_ftv_start,prediction_target_variance_ratio,-0.22358669693792776,-0.0006437547795631986,-0.47490434381263896,0.22294294215836458
2026,0,delta,T1→T2,literal_ftv_end_minus_ftv_start,prediction_target_variance_ratio,0.010812035333632397,-0.5583447448732511,0.8862401470454844,-0.5691567802068835
2026,0,delta,T2→T3,literal_ftv_end_minus_ftv_start,prediction_target_variance_ratio,0.0008153299155457001,-4.285864658839719e-05,0.017033372305829398,-0.0008581885621340973
2026,0,delta,macro,literal_ftv_end_minus_ftv_start,prediction_target_variance_ratio,-0.07065311056291651,-0.18634378609980093,0.14278972517955832,-0.11569067553688442
2026,0,static,T0,static_ftv_log_winsor_median_iqr_inverse_natural,prediction_target_variance_ratio,-1.5718378294210962,-0.005403944738267705,-2.242217119146391,1.5664338846828285
2026,0,static,T1,static_ftv_log_winsor_median_iqr_inverse_natural,prediction_target_variance_ratio,0.015704993620294795,0.019554781370145193,0.009301094724887299,0.0038497877498503974
2026,0,static,T2,static_ftv_log_winsor_median_iqr_inverse_natural,prediction_target_variance_ratio,0.030928797348524897,3.0308809410399973e-05,-0.0038840011906457004,-0.030898488539114498
2026,0,static,T3,static_ftv_log_winsor_median_iqr_inverse_natural,prediction_target_variance_ratio,0.004002044105375,0.0008592202501950998,-0.0009594166175537992,-0.0031428238551799003
2026,0,static,macro,static_ftv_log_winsor_median_iqr_inverse_natural,prediction_target_variance_ratio,-0.3803004985867254,0.003760091422870801,-0.5594398605574259,0.3840605900095962
2026,1,delta,T0→T1,literal_ftv_end_minus_ftv_start,prediction_target_variance_ratio,0.004216774562976894,0.0145847505048857,-0.0654740604384977,0.010367975941908806
2026,1,delta,T1→T2,literal_ftv_end_minus_ftv_start,prediction_target_variance_ratio,0.0901668504157015,0.167693829222852,-0.2521871416598639,0.07752697880715051
2026,1,delta,T2→T3,literal_ftv_end_minus_ftv_start,prediction_target_variance_ratio,0.03391026558703958,-0.15216105028454274,0.43682212342936966,-0.18607131587158232
2026,1,delta,macro,literal_ftv_end_minus_ftv_start,prediction_target_variance_ratio,0.04276463018857274,0.010039176481064782,0.039720307110336084,-0.03272545370750796
2026,1,static,T0,static_ftv_log_winsor_median_iqr_inverse_natural,prediction_target_variance_ratio,-0.18231223688787732,-0.043663708477112706,-0.22433342627793873,0.1386485284107646
2026,1,static,T1,static_ftv_log_winsor_median_iqr_inverse_natural,prediction_target_variance_ratio,0.1406532537801973,0.021355479569047806,-0.10596832893339979,-0.1192977742111495
2026,1,static,T2,static_ftv_log_winsor_median_iqr_inverse_natural,prediction_target_variance_ratio,0.32918724063760985,0.28698614195674654,0.071947735835522,-0.0422010986808633
2026,1,static,T3,static_ftv_log_winsor_median_iqr_inverse_natural,prediction_target_variance_ratio,-0.0367048429743248,0.08522156448039771,-0.1456479601805633,0.12192640745472251
2026,1,static,macro,static_ftv_log_winsor_median_iqr_inverse_natural,prediction_target_variance_ratio,0.06270585363890122,0.08747486938226989,-0.10100049488909499,0.024769015743368678
2026,2,delta,T0→T1,literal_ftv_end_minus_ftv_start,prediction_target_variance_ratio,0.029553261271980998,1.7175389112200276e-05,-0.042490549763098406,-0.029536085882868796
2026,2,delta,T1→T2,literal_ftv_end_minus_ftv_start,prediction_target_variance_ratio,0.007668721977280697,-0.0004969095437856973,-0.014959264585567802,-0.008165631521066394
2026,2,delta,T2→T3,literal_ftv_end_minus_ftv_start,prediction_target_variance_ratio,-0.0011436825703625975,0.00020092000072030006,-0.0178221392975804,0.0013446025710828974
2026,2,delta,macro,literal_ftv_end_minus_ftv_start,prediction_target_variance_ratio,0.012026100226299602,-9.293805131770083e-05,-0.0250906512154156,-0.012119038277617303
2026,2,static,T0,static_ftv_log_winsor_median_iqr_inverse_natural,prediction_target_variance_ratio,0.020083403330753605,0.00014160143103019926,-0.040261504300706095,-0.019941801899723405
2026,2,static,T1,static_ftv_log_winsor_median_iqr_inverse_natural,prediction_target_variance_ratio,0.016697458261207804,0.0008776752571615001,-0.005878036971443799,-0.015819783004046302
2026,2,static,T2,static_ftv_log_winsor_median_iqr_inverse_natural,prediction_target_variance_ratio,0.004398407950106899,0.0005846964394805959,-0.002867897218150996,-0.0038137115106263034
2026,2,static,T3,static_ftv_log_winsor_median_iqr_inverse_natural,prediction_target_variance_ratio,0.0038344789459558997,-4.72328917576824e-06,-0.0002635172213454748,-0.003839202235131668
2026,2,static,macro,static_ftv_log_winsor_median_iqr_inverse_natural,prediction_target_variance_ratio,0.011253437122006,0.00039981245962420007,-0.0123177389279117,-0.010853624662381801
2026,3,delta,T0→T1,literal_ftv_end_minus_ftv_start,prediction_target_variance_ratio,0.0136331521286738,0.0008357117684474999,-0.007190354794645,-0.0127974403602263
2026,3,delta,T1→T2,literal_ftv_end_minus_ftv_start,prediction_target_variance_ratio,0.08473409387494249,0.0771062992189312,-0.005493723777569799,-0.007627794656011294
2026,3,delta,T2→T3,literal_ftv_end_minus_ftv_start,prediction_target_variance_ratio,0.012474311748699195,-0.031117490011377702,0.1976966821142663,-0.0435918017600769
2026,3,delta,macro,literal_ftv_end_minus_ftv_start,prediction_target_variance_ratio,0.0369471859174384,0.015608173658666999,0.061670867847350395,-0.021339012258771405
2026,3,static,T0,static_ftv_log_winsor_median_iqr_inverse_natural,prediction_target_variance_ratio,-0.06271591316944929,0.002678526562000502,-0.1220888098127062,0.06539443973144979
2026,3,static,T1,static_ftv_log_winsor_median_iqr_inverse_natural,prediction_target_variance_ratio,-0.2953230635291536,0.002773712098885498,-0.36009274964000776,0.2980967756280391
2026,3,static,T2,static_ftv_log_winsor_median_iqr_inverse_natural,prediction_target_variance_ratio,0.0863623757464076,1.9462422658000217e-05,-0.0657990339667458,-0.08634291332374959
2026,3,static,T3,static_ftv_log_winsor_median_iqr_inverse_natural,prediction_target_variance_ratio,0.0648626972953572,2.2402411163100007e-05,-0.0028238038094238,-0.0648402948841941
2026,3,static,macro,static_ftv_log_winsor_median_iqr_inverse_natural,prediction_target_variance_ratio,-0.05170347591420951,0.0013735258736767997,-0.1377010993072209,0.05307700178788631
2026,4,delta,T0→T1,literal_ftv_end_minus_ftv_start,prediction_target_variance_ratio,0.015302660493808393,-0.002146337476740902,-0.0630445364620664,-0.017448997970549295
2026,4,delta,T1→T2,literal_ftv_end_minus_ftv_start,prediction_target_variance_ratio,0.054844397036734605,0.003935265511601102,0.0349896466847911,-0.0509091315251335
2026,4,delta,T2→T3,literal_ftv_end_minus_ftv_start,prediction_target_variance_ratio,0.030104241738025714,0.00028449394463278543,0.1452094701642267,-0.02981974779339293
2026,4,delta,macro,literal_ftv_end_minus_ftv_start,prediction_target_variance_ratio,0.0334170997561896,0.0006911406598309883,0.03905152679565051,-0.032725959096358614
2026,4,static,T0,static_ftv_log_winsor_median_iqr_inverse_natural,prediction_target_variance_ratio,0.16725116731359807,0.0220441789748735,-0.037127753859620014,-0.14520698833872459
2026,4,static,T1,static_ftv_log_winsor_median_iqr_inverse_natural,prediction_target_variance_ratio,-0.018026956341566425,-0.6946437274283599,0.34545206898754083,-0.6766167710867934
2026,4,static,T2,static_ftv_log_winsor_median_iqr_inverse_natural,prediction_target_variance_ratio,0.0234097394106145,0.0003710327987569,-0.0638137758661392,-0.0230387066118576
2026,4,static,T3,static_ftv_log_winsor_median_iqr_inverse_natural,prediction_target_variance_ratio,1.0871049079033435,0.002088338790121101,-0.08827660021285161,-1.0850165691132223
2026,4,static,macro,static_ftv_log_winsor_median_iqr_inverse_natural,prediction_target_variance_ratio,0.3149347145714974,-0.1675350442161521,0.03905848476223259,-0.4824697587876495
3026,0,delta,T0→T1,literal_ftv_end_minus_ftv_start,prediction_target_variance_ratio,0.05361501810342506,-0.09569638801545541,-0.7771451571601036,-0.14931140611888047
3026,0,delta,T1→T2,literal_ftv_end_minus_ftv_start,prediction_target_variance_ratio,0.0376186412053616,0.1550716313791466,0.0404825515563907,0.117452990173785
3026,0,delta,T2→T3,literal_ftv_end_minus_ftv_start,prediction_target_variance_ratio,0.0064568109807136,0.001012991072534001,0.015250858416943701,-0.005443819908179599
3026,0,delta,macro,literal_ftv_end_minus_ftv_start,prediction_target_variance_ratio,0.032563490096500225,0.0201294114787417,-0.2404705823955897,-0.012434078617758526
3026,0,static,T0,static_ftv_log_winsor_median_iqr_inverse_natural,prediction_target_variance_ratio,-0.25394956593836787,0.163122217177457,-0.6680948047774397,0.4170717831158249
3026,0,static,T1,static_ftv_log_winsor_median_iqr_inverse_natural,prediction_target_variance_ratio,-0.09030280801634129,0.000644621102621,-0.1938309199454572,0.09094742911896228
3026,0,static,T2,static_ftv_log_winsor_median_iqr_inverse_natural,prediction_target_variance_ratio,0.0040146277451924995,0.0009419582797446,-0.00671361936457,-0.0030726694654478995
3026,0,static,T3,static_ftv_log_winsor_median_iqr_inverse_natural,prediction_target_variance_ratio,0.009506001955905499,0.0140900113492058,-0.0067267686201187,0.0045840093933003
3026,0,static,macro,static_ftv_log_winsor_median_iqr_inverse_natural,prediction_target_variance_ratio,-0.0826829360634028,0.0446997019772571,-0.2188415281768964,0.1273826380406599
3026,1,delta,T0→T1,literal_ftv_end_minus_ftv_start,prediction_target_variance_ratio,0.0044707112172564095,-0.0025158200665506003,-0.04901246296534209,-0.00698653128380701
3026,1,delta,T1→T2,literal_ftv_end_minus_ftv_start,prediction_target_variance_ratio,0.13200414835322732,-0.013866742485479408,-0.009520637666299292,-0.14587089083870675
3026,1,delta,T2→T3,literal_ftv_end_minus_ftv_start,prediction_target_variance_ratio,0.1984632124243466,-0.06542329887782228,1.0307991189372163,-0.2638865113021689
3026,1,delta,macro,literal_ftv_end_minus_ftv_start,prediction_target_variance_ratio,0.11164602399827679,-0.027268620476617378,0.324088672768525,-0.13891464447489416
3026,1,static,T0,static_ftv_log_winsor_median_iqr_inverse_natural,prediction_target_variance_ratio,0.0882431273555557,-0.0016186455206727984,-0.1314427518753345,-0.0898617728762285
3026,1,static,T1,static_ftv_log_winsor_median_iqr_inverse_natural,prediction_target_variance_ratio,-0.040750120460941175,0.0153085648431249,-0.2648682805581684,0.056058685304066075
3026,1,static,T2,static_ftv_log_winsor_median_iqr_inverse_natural,prediction_target_variance_ratio,-0.36527982285228644,-0.0035061013155933997,-0.5292789438715628,0.361773721536693
3026,1,static,T3,static_ftv_log_winsor_median_iqr_inverse_natural,prediction_target_variance_ratio,0.007769594348967596,0.0005529393431857,-0.027864513116482303,-0.007216655005781896
3026,1,static,macro,static_ftv_log_winsor_median_iqr_inverse_natural,prediction_target_variance_ratio,-0.07750430540217612,0.002684189337511099,-0.23836362235538702,0.08018849473968723
3026,2,delta,T0→T1,literal_ftv_end_minus_ftv_start,prediction_target_variance_ratio,0.0315836445663947,0.0009548435614020016,-0.0206964775049758,-0.0306288010049927
3026,2,delta,T1→T2,literal_ftv_end_minus_ftv_start,prediction_target_variance_ratio,0.016509471030026,0.0141090404504597,0.09308504072763779,-0.0024004305795662997
3026,2,delta,T2→T3,literal_ftv_end_minus_ftv_start,prediction_target_variance_ratio,0.0072339483258112005,0.0005168688159132,-0.0030890280797963997,-0.0067170795098980005
3026,2,delta,macro,literal_ftv_end_minus_ftv_start,prediction_target_variance_ratio,0.018442354640743903,0.005193584275924999,0.023099845047621803,-0.013248770364818904
3026,2,static,T0,static_ftv_log_winsor_median_iqr_inverse_natural,prediction_target_variance_ratio,0.01995469851133571,-0.005163438119448804,0.1049521458111918,-0.025118136630784514
3026,2,static,T1,static_ftv_log_winsor_median_iqr_inverse_natural,prediction_target_variance_ratio,0.0031544774105305984,-0.0015899297065992014,-0.0088060785400684,-0.0047444071171298
3026,2,static,T2,static_ftv_log_winsor_median_iqr_inverse_natural,prediction_target_variance_ratio,0.00019074824886580006,0.00023314643859269915,-0.003235873594697499,4.239818972689909e-05
3026,2,static,T3,static_ftv_log_winsor_median_iqr_inverse_natural,prediction_target_variance_ratio,0.0037727278562828,6.774605207400004e-05,-0.0002582611739063,-0.0037049818042088
3026,2,static,macro,static_ftv_log_winsor_median_iqr_inverse_natural,prediction_target_variance_ratio,0.006768163006753699,-0.001613118833845302,0.0231629831256299,-0.008381281840599001
3026,3,delta,T0→T1,literal_ftv_end_minus_ftv_start,prediction_target_variance_ratio,0.015376097227423002,-0.0040533157700941,-0.0292854037575979,-0.019429412997517104
3026,3,delta,T1→T2,literal_ftv_end_minus_ftv_start,prediction_target_variance_ratio,0.0034189733088187957,0.04828609591901449,-0.16477203427973802,0.044867122610195695
3026,3,delta,T2→T3,literal_ftv_end_minus_ftv_start,prediction_target_variance_ratio,-0.04240645854971559,-0.08841139274470311,0.07199694175025412,-0.04600493419498752
3026,3,delta,macro,literal_ftv_end_minus_ftv_start,prediction_target_variance_ratio,-0.007870462671157985,-0.01472620419859419,-0.040686832095694,-0.006855741527436204
3026,3,static,T0,static_ftv_log_winsor_median_iqr_inverse_natural,prediction_target_variance_ratio,-0.13051863074500417,-0.0137802637437545,-0.2631749738958298,0.11673836700124966
3026,3,static,T1,static_ftv_log_winsor_median_iqr_inverse_natural,prediction_target_variance_ratio,-0.1454658549221468,-0.2272504517963998,-0.022285995617539633,-0.08178459687425299
3026,3,static,T2,static_ftv_log_winsor_median_iqr_inverse_natural,prediction_target_variance_ratio,-0.021196487695451405,0.012790260764032101,-0.1489427535092384,0.033986748459483504
3026,3,static,T3,static_ftv_log_winsor_median_iqr_inverse_natural,prediction_target_variance_ratio,0.0018363697500307996,0.00023914969808329998,-0.0026488376917338,-0.0015972200519474996
3026,3,static,macro,static_ftv_log_winsor_median_iqr_inverse_natural,prediction_target_variance_ratio,-0.0738361509031429,-0.057000326269509696,-0.1092631401785855,0.0168358246336332
3026,4,delta,T0→T1,literal_ftv_end_minus_ftv_start,prediction_target_variance_ratio,0.007017686717330496,-0.0004215348463015001,-0.0722048635653421,-0.007439221563631996
3026,4,delta,T1→T2,literal_ftv_end_minus_ftv_start,prediction_target_variance_ratio,0.0652293273148362,-0.0009331781034431011,-0.041515407305096196,-0.06616250541827931
3026,4,delta,T2→T3,literal_ftv_end_minus_ftv_start,prediction_target_variance_ratio,0.03508933228465069,0.008864551624224198,-0.03766374486342361,-0.026224780660426494
3026,4,delta,macro,literal_ftv_end_minus_ftv_start,prediction_target_variance_ratio,0.035778782105605894,0.002503279558159807,-0.0504613385779539,-0.03327550254744609
3026,4,static,T0,static_ftv_log_winsor_median_iqr_inverse_natural,prediction_target_variance_ratio,-0.58096613361484,0.0106927796374226,-0.9315451943561814,0.5916589132522625
3026,4,static,T1,static_ftv_log_winsor_median_iqr_inverse_natural,prediction_target_variance_ratio,0.107453858350542,0.0045196637993818,-0.2793986580587282,-0.1029341945511602
3026,4,static,T2,static_ftv_log_winsor_median_iqr_inverse_natural,prediction_target_variance_ratio,0.4813167659916827,0.0007902295377508,-0.0265052190315783,-0.4805265364539319
3026,4,static,T3,static_ftv_log_winsor_median_iqr_inverse_natural,prediction_target_variance_ratio,0.1257587990975398,-0.0342913446745468,-0.0087901650411851,-0.1600501437720866
3026,4,static,macro,static_ftv_log_winsor_median_iqr_inverse_natural,prediction_target_variance_ratio,0.033390822456231206,-0.0045721679249979,-0.3115598091219182,-0.037962990381229106
