arm,seed_base,fold,state,eigen_index,eigenvalue,explained_fraction,pcr_labels_used
F1,2026,0,z_R,0,31.53561419685481,0.46345570953406295,False
F1,2026,0,z_R,1,15.000313493311662,0.22044856617917047,False
F1,2026,0,z_R,2,11.173944467301261,0.1642152370669163,False
F1,2026,0,z_R,3,2.1994833478362943,0.03232418779658624,False
F1,2026,0,z_R,4,1.7575432640174933,0.025829319682103367,False
F1,2026,0,z_R,5,1.3148132466691222,0.01932284249598021,False
F1,2026,0,z_R,6,1.232036413976839,0.0181063323151761,False
F1,2026,0,z_R,7,0.6183147919697881,0.009086917376619376,False
F1,2026,0,z_R,8,0.5301953590372573,0.007791890932594753,False
F1,2026,0,z_R,9,0.33309607450959955,0.004895267826121937,False
F1,2026,0,z_R,10,0.2973970947664993,0.00437062619766966,False
F1,2026,0,z_R,11,0.2940897167509807,0.004322020097426577,False
F1,2026,0,z_R,12,0.18953102228162927,0.0027853979269891437,False
F1,2026,0,z_R,13,0.1629189030499668,0.002394299198937565,False
F1,2026,0,z_R,14,0.13624647673214774,0.0020023141820307844,False
F1,2026,0,z_R,15,0.11679099013240779,0.0017163912160112352,False
F1,2026,0,z_R,16,0.1021964125844987,0.001501905452372907,False
F1,2026,0,z_R,17,0.09045549200086954,0.0013293577846565877,False
F1,2026,0,z_R,18,0.07676880146882516,0.0011282145682249762,False
F1,2026,0,z_R,19,0.07154354174786774,0.0010514227722460158,False
F1,2026,0,z_R,20,0.060446022681695626,0.0008883307030452979,False
F1,2026,0,z_R,21,0.05716512940261891,0.0008401138294791667,False
F1,2026,0,z_R,22,0.05311941336193658,0.0007806569187463239,False
F1,2026,0,z_R,23,0.04586513086409066,0.0006740460685116382,False
F1,2026,0,z_R,24,0.043957491312129074,0.0006460108941665077,False
F1,2026,0,z_R,25,0.04066304313117006,0.000597594814184725,False
F1,2026,0,z_R,26,0.03681921563111672,0.000541104910730064,False
F1,2026,0,z_R,27,0.03365498581071512,0.000494602554143988,False
F1,2026,0,z_R,28,0.030114355128632038,0.0004425685111499389,False
F1,2026,0,z_R,29,0.028085962066248377,0.0004127587113447793,False
F1,2026,0,z_R,30,0.02681488518292038,0.0003940786299879407,False
F1,2026,0,z_R,31,0.024537929311944158,0.0003606158855437154,False
F1,2026,0,z_R,32,0.02325842816056917,0.0003418119989202138,False
F1,2026,0,z_R,33,0.021267335983565016,0.0003125503827715353,False
F1,2026,0,z_R,34,0.020162134567946473,0.00029630805106820577,False
F1,2026,0,z_R,35,0.018295757454534448,0.000268879280410529,False
F1,2026,0,z_R,36,0.017716836864434038,0.00026037131062202167,False
F1,2026,0,z_R,37,0.015727044355511692,0.00023112879473849904,False
F1,2026,0,z_R,38,0.01488731975635433,0.0002187879803980415,False
F1,2026,0,z_R,39,0.014495743713155766,0.00021303327551725845,False
F1,2026,0,z_R,40,0.012219956476901831,0.00017958770563735347,False
F1,2026,0,z_R,41,0.01111800232296071,0.00016339309654869567,False
F1,2026,0,z_R,42,0.010155072281594797,0.00014924162251152875,False
F1,2026,0,z_R,43,0.009279719985247504,0.00013637721412983414,False
F1,2026,0,z_R,44,0.009056260297874598,0.00013309319158576083,False
F1,2026,0,z_R,45,0.008802115250544654,0.00012935820889287215,False
F1,2026,0,z_R,46,0.008409549378373475,0.00012358895722425878,False
F1,2026,0,z_R,47,0.00794052729752388,0.00011669608493357192,False
F1,2026,0,z_R,48,0.007481029558452249,0.00010994318488344448,False
F1,2026,0,z_R,49,0.007186571411115828,0.0001056157502328932,False
F1,2026,0,z_R,50,0.006077546737560235,8.931723092183592e-05,False
F1,2026,0,z_R,51,0.005548792685494826,8.154652181690828e-05,False
F1,2026,0,z_R,52,0.00542898348180059,7.978577413778551e-05,False
F1,2026,0,z_R,53,0.005183370933357566,7.617618730054916e-05,False
F1,2026,0,z_R,54,0.005044211717126837,7.413106673007843e-05,False
F1,2026,0,z_R,55,0.004640561148458959,6.819891143612961e-05,False
F1,2026,0,z_R,56,0.00432689863855718,6.358924440464804e-05,False
F1,2026,0,z_R,57,0.004072651643504702,5.98527634611216e-05,False
F1,2026,0,z_R,58,0.0038985414974937204,5.729399480188786e-05,False
F1,2026,0,z_R,59,0.003623412090284583,5.32506204177443e-05,False
F1,2026,0,z_R,60,0.003398813730007811,4.994986363614211e-05,False
F1,2026,0,z_R,61,0.0033012598297332764,4.85161857699898e-05,False
F1,2026,0,z_R,62,0.00324550805158528,4.769684292357895e-05,False
F1,2026,0,z_R,63,0.002880077391597377,4.232637749509569e-05,False
F1,2026,0,z_R,64,0.0027318173446277193,4.014750871407385e-05,False
F1,2026,0,z_R,65,0.002483404405265837,3.6496766592777685e-05,False
F1,2026,0,z_R,66,0.002445264934478549,3.5936258863813295e-05,False
F1,2026,0,z_R,67,0.0021778456444392635,3.2006194396554136e-05,False
F1,2026,0,z_R,68,0.0019172038733505548,2.8175734136605247e-05,False
F1,2026,0,z_R,69,0.0018215069877624108,2.6769347448412042e-05,False
F1,2026,0,z_R,70,0.0016906202856151091,2.484580192830287e-05,False
F1,2026,0,z_R,71,0.0014860730356186995,2.183972155553556e-05,False
F1,2026,0,z_R,72,0.0014479800294132869,2.127989668232996e-05,False
F1,2026,0,z_R,73,0.0013153124477046788,1.9330178886154502e-05,False
F1,2026,0,z_R,74,0.0012493141621402215,1.836025066235736e-05,False
F1,2026,0,z_R,75,0.001129700086424355,1.660237063550547e-05,False
F1,2026,0,z_R,76,0.0011119653005338284,1.6341735541258646e-05,False
F1,2026,0,z_R,77,0.0010379295952283611,1.5253687275605326e-05,False
F1,2026,0,z_R,78,0.0008769225979479091,1.288748594847205e-05,False
F1,2026,0,z_R,79,0.000806358286135058,1.1850454197802375e-05,False
F1,2026,0,z_R,80,0.0007505843017516844,1.103078500269546e-05,False
F1,2026,0,z_R,81,0.0007179530041443868,1.055122684057425e-05,False
F1,2026,0,z_R,82,0.0006469865173307946,9.508284619946331e-06,False
F1,2026,0,z_R,83,0.0006315958383956641,9.282099140203771e-06,False
F1,2026,0,z_R,84,0.0005402349951844606,7.939436075207829e-06,False
F1,2026,0,z_R,85,0.0005223858798340758,7.677120765043586e-06,False
F1,2026,0,z_R,86,0.00038228577179622584,5.618172600242774e-06,False
F1,2026,0,z_R,87,0.00037233956487540525,5.472000518199696e-06,False
F1,2026,0,z_R,88,0.0003274020383496626,4.811586767870046e-06,False
F1,2026,0,z_R,89,0.00030292593933593613,4.451879556708009e-06,False
F1,2026,0,z_R,90,0.00025540117677869584,3.753443102801861e-06,False
F1,2026,0,z_R,91,0.00022173530657947516,3.258680588811643e-06,False
F1,2026,0,z_R,92,0.00019607292557379219,2.881539464396554e-06,False
F1,2026,0,z_R,93,0.00013749765357720284,2.0207018071728827e-06,False
F1,2026,0,z_R,94,0.00010335555213560716,1.5189404731514634e-06,False
F1,2026,0,z_R,95,1.285364635933859e-14,1.88900579401473e-16,False
F1,2026,0,z_P,0,0.32708754650538174,0.19562361084591742,False
F1,2026,0,z_P,1,0.24127470209484897,0.1443009033325908,False
F1,2026,0,z_P,2,0.19808675674218015,0.11847117699427476,False
F1,2026,0,z_P,3,0.13742123807334877,0.08218851217676254,False
F1,2026,0,z_P,4,0.12852041058365235,0.07686513000689944,False
F1,2026,0,z_P,5,0.08678483353019686,0.05190403206488212,False
F1,2026,0,z_P,6,0.08152648157347406,0.048759131539432475,False
F1,2026,0,z_P,7,0.06960560022721132,0.0416295239516875,False
F1,2026,0,z_P,8,0.053952085141197155,0.03226751314976677,False
F1,2026,0,z_P,9,0.04716539375101286,0.02820854762316912,False
F1,2026,0,z_P,10,0.040313911102895825,0.024110831921080322,False
F1,2026,0,z_P,11,0.02911712703446942,0.017414290421015673,False
F1,2026,0,z_P,12,0.02679465177924019,0.016025270874468183,False
F1,2026,0,z_P,13,0.022212974963888812,0.013285074337106854,False
F1,2026,0,z_P,14,0.01913986399595092,0.011447116669500235,False
F1,2026,0,z_P,15,0.016192278176100493,0.009684232733630555,False
F1,2026,0,z_P,16,0.01493187513908053,0.008930414387877826,False
F1,2026,0,z_P,17,0.013646152150671177,0.008161452755961635,False
F1,2026,0,z_P,18,0.012031859560669506,0.007195981129811726,False
F1,2026,0,z_P,19,0.010432430054163578,0.006239398775334817,False
F1,2026,0,z_P,20,0.009920245135555877,0.005933072642562862,False
F1,2026,0,z_P,21,0.008038131841395327,0.004807423553936575,False
F1,2026,0,z_P,22,0.0076879416487560005,0.004597982776692537,False
F1,2026,0,z_P,23,0.0067745433334466575,0.004051700050583148,False
F1,2026,0,z_P,24,0.0062264935116522115,0.0037239239361809232,False
F1,2026,0,z_P,25,0.00551301992905445,0.0032972116386258995,False
F1,2026,0,z_P,26,0.0050380096975745645,0.0030131188394238325,False
F1,2026,0,z_P,27,0.004466465129066532,0.0026712910521984527,False
F1,2026,0,z_P,28,0.0038062077005961803,0.002276406124217604,False
F1,2026,0,z_P,29,0.0034557031279898475,0.002066777323476553,False
F1,2026,0,z_P,30,0.0028785176687713796,0.0017215758480109687,False
F1,2026,0,z_P,31,0.0026874530432231245,0.0016073044477268317,False
F1,2026,0,z_P,32,0.00250495280407814,0.0014981552118625494,False
F1,2026,0,z_P,33,0.002227717959276505,0.0013323473663122115,False
F1,2026,0,z_P,34,0.002160626165421636,0.00129222129268989,False
F1,2026,0,z_P,35,0.0018847093195149326,0.001127201712255947,False
F1,2026,0,z_P,36,0.001780020576917881,0.001064589760010871,False
F1,2026,0,z_P,37,0.0016648704152857114,0.0009957210713412905,False
F1,2026,0,z_P,38,0.0014164457030492773,0.000847143909812918,False
F1,2026,0,z_P,39,0.0013804723436703515,0.0008256290630046262,False
F1,2026,0,z_P,40,0.001200466003909479,0.0007179713715535102,False
F1,2026,0,z_P,41,0.0011178342923229914,0.0006685512271193009,False
F1,2026,0,z_P,42,0.0009377489615338347,0.0005608462929335028,False
F1,2026,0,z_P,43,0.0008639529348958858,0.0005167105703991705,False
F1,2026,0,z_P,44,0.0008266911761199135,0.0004944251612599225,False
F1,2026,0,z_P,45,0.0008138652148665522,0.00048675424599653406,False
F1,2026,0,z_P,46,0.0007327365144822137,0.0004382330183252759,False
F1,2026,0,z_P,47,0.0006583379411153617,0.0003937369263177833,False
F1,2026,0,z_P,48,0.0006406977121076765,0.0003831867071746173,False
F1,2026,0,z_P,49,0.0006001494490077468,0.0003589357146624092,False
F1,2026,0,z_P,50,0.0005068598870049145,0.0003031413526690893,False
F1,2026,0,z_P,51,0.00048647648807765653,0.00029095050608362504,False
F1,2026,0,z_P,52,0.00048140431950870373,0.000287916957601334,False
F1,2026,0,z_P,53,0.0004254869794484244,0.0002544740702509563,False
F1,2026,0,z_P,54,0.0003985829531119742,0.00023838338494526102,False
F1,2026,0,z_P,55,0.00034792298136168736,0.00020808480982363004,False
F1,2026,0,z_P,56,0.0003041957542022585,0.00018193255132097744,False
F1,2026,0,z_P,57,0.0002960094373915305,0.00017703650171238468,False
F1,2026,0,z_P,58,0.0002598854714871802,0.0001554315805718987,False
F1,2026,0,z_P,59,0.00023576233288280957,0.00014100408087298894,False
F1,2026,0,z_P,60,0.00023271983907220122,0.00013918443462975367,False
F1,2026,0,z_P,61,0.00021343867270927805,0.00012765280823329037,False
F1,2026,0,z_P,62,0.00018365574242410485,0.00010984031605434419,False
F1,2026,0,z_P,63,0.00016691318504691814,9.982697386533998e-05,False
F1,2026,0,z_P,64,0.0001595459947887896,9.54208251889939e-05,False
F1,2026,0,z_P,65,0.00013680723932267764,8.182129351024814e-05,False
F1,2026,0,z_P,66,0.00012323505626544765,7.370407998413357e-05,False
F1,2026,0,z_P,67,0.0001124842381121054,6.727426053923445e-05,False
F1,2026,0,z_P,68,0.00010096587904132604,6.038539235541135e-05,False
F1,2026,0,z_P,69,9.876822930204178e-05,5.907102810655328e-05,False
F1,2026,0,z_P,70,7.511395465888838e-05,4.492394526260723e-05,False
F1,2026,0,z_P,71,6.845092880134914e-05,4.093894127411054e-05,False
F1,2026,0,z_P,72,6.30932551859013e-05,3.773463872702301e-05,False
F1,2026,0,z_P,73,5.801658319733129e-05,3.4698396852042146e-05,False
F1,2026,0,z_P,74,5.173314775603355e-05,3.094041724481901e-05,False
F1,2026,0,z_P,75,4.755374993796799e-05,2.844081461223122e-05,False
F1,2026,0,z_P,76,4.087747428365226e-05,2.4447886222099298e-05,False
F1,2026,0,z_P,77,3.748227144518687e-05,2.241729274365276e-05,False
F1,2026,0,z_P,78,3.173206439102399e-05,1.897822488837903e-05,False
F1,2026,0,z_P,79,2.6455870928464984e-05,1.5822653764699967e-05,False
F1,2026,0,z_P,80,1.860019433535498e-05,1.1124352538619356e-05,False
F1,2026,0,z_P,81,1.5326742593813852e-05,9.16657561787806e-06,False
F1,2026,0,z_P,82,1.4075538601756065e-05,8.418259011372395e-06,False
F1,2026,0,z_P,83,1.1519148399059155e-05,6.889340263087162e-06,False
F1,2026,0,z_P,84,9.830662774956493e-06,5.879495473282697e-06,False
F1,2026,0,z_P,85,8.837675110555904e-06,5.285612170445604e-06,False
F1,2026,0,z_P,86,8.127070440950614e-06,4.860615704400481e-06,False
F1,2026,0,z_P,87,5.332883514749459e-06,3.1894761525529118e-06,False
F1,2026,0,z_P,88,4.970523858759003e-06,2.9727570964864616e-06,False
F1,2026,0,z_P,89,3.2397265892285764e-06,1.9376066753675522e-06,False
F1,2026,0,z_P,90,2.7130743372299884e-06,1.6226279600455286e-06,False
F1,2026,0,z_P,91,2.3937539228305617e-06,1.4316496939848771e-06,False
F1,2026,0,z_P,92,2.1893953764270998e-06,1.3094275024591278e-06,False
F1,2026,0,z_P,93,1.4985388126933332e-06,8.96241928694159e-07,False
F1,2026,0,z_P,94,1.4061636631274486e-06,8.409944559499996e-07,False
F1,2026,0,z_P,95,8.267707748768e-15,4.944727674632381e-15,False
F1,2026,1,z_R,0,25.50056472338126,0.35351829387446904,False
F1,2026,1,z_R,1,20.500938050803455,0.28420769191441025,False
F1,2026,1,z_R,2,16.9231414781101,0.2346081417111641,False
F1,2026,1,z_R,3,2.2575737954657216,0.03129709655947289,False
F1,2026,1,z_R,4,1.7117489992610764,0.02373024253871768,False
F1,2026,1,z_R,5,1.053335599612053,0.014602555201872359,False
F1,2026,1,z_R,6,0.6615543519202001,0.009171230846571184,False
F1,2026,1,z_R,7,0.4769071059548178,0.006611437364725263,False
F1,2026,1,z_R,8,0.4055156690437834,0.005621726774085088,False
F1,2026,1,z_R,9,0.37512574227544115,0.005200426493928396,False
F1,2026,1,z_R,10,0.2889324586245124,0.004005515600375675,False
F1,2026,1,z_R,11,0.2620074317879851,0.003632249766735292,False
F1,2026,1,z_R,12,0.19203848027016804,0.0026622593122852967,False
F1,2026,1,z_R,13,0.17346840519784237,0.002404819474073788,False
F1,2026,1,z_R,14,0.14595524676004334,0.0020234002805956685,False
F1,2026,1,z_R,15,0.12050815016642724,0.0016706232237179593,False
F1,2026,1,z_R,16,0.09532382313313556,0.0013214889821133902,False
F1,2026,1,z_R,17,0.0777443718166869,0.001077782315062913,False
F1,2026,1,z_R,18,0.07251878239980908,0.0010053391564433976,False
F1,2026,1,z_R,19,0.06316635018401383,0.0008756849344146172,False
F1,2026,1,z_R,20,0.05689355887222555,0.000788724253095245,False
F1,2026,1,z_R,21,0.054273158276937496,0.0007523972321934488,False
F1,2026,1,z_R,22,0.050033776031101734,0.0006936260169326579,False
F1,2026,1,z_R,23,0.045296882206502714,0.0006279577212967833,False
F1,2026,1,z_R,24,0.040238162713143025,0.0005578279063738098,False
F1,2026,1,z_R,25,0.03686690809625208,0.0005110916794193156,False
F1,2026,1,z_R,26,0.03455411474802047,0.00047902906561369293,False
F1,2026,1,z_R,27,0.03394490143188355,0.0004705834466847575,False
F1,2026,1,z_R,28,0.029339980036510525,0.0004067447053557986,False
F1,2026,1,z_R,29,0.02558748160101744,0.0003547232360639518,False
F1,2026,1,z_R,30,0.02501186587726488,0.0003467433857823718,False
F1,2026,1,z_R,31,0.023474170400666808,0.0003254260742921281,False
F1,2026,1,z_R,32,0.0229780484396743,0.0003185482584042739,False
F1,2026,1,z_R,33,0.0209139017393585,0.0002899326717410817,False
F1,2026,1,z_R,34,0.0191783031485089,0.00026587179860576994,False
F1,2026,1,z_R,35,0.01821927511965413,0.0002525766439213062,False
F1,2026,1,z_R,36,0.015845112242002232,0.00021966325478690627,False
F1,2026,1,z_R,37,0.01478559584051008,0.0002049750141675096,False
F1,2026,1,z_R,38,0.014231416771682649,0.00019729234356636856,False
F1,2026,1,z_R,39,0.013101912875295807,0.00018163385542280497,False
F1,2026,1,z_R,40,0.012937819526647236,0.00017935900381541283,False
F1,2026,1,z_R,41,0.012197984676544052,0.00016910255825059982,False
F1,2026,1,z_R,42,0.010700598622945165,0.00014834406255915565,False
F1,2026,1,z_R,43,0.010296861871355206,0.000142746997194339,False
F1,2026,1,z_R,44,0.009410313348215443,0.00013045663716753004,False
F1,2026,1,z_R,45,0.008703651587046581,0.00012066007529273803,False
F1,2026,1,z_R,46,0.00791251147246252,0.00010969237686890779,False
F1,2026,1,z_R,47,0.007466068049211311,0.00010350326227433824,False
F1,2026,1,z_R,48,0.006959879726176626,9.648589484426224e-05,False
F1,2026,1,z_R,49,0.006406012053196277,8.880754117216863e-05,False
F1,2026,1,z_R,50,0.005916841102765606,8.202608822455432e-05,False
F1,2026,1,z_R,51,0.005685729625513402,7.882215387959861e-05,False
F1,2026,1,z_R,52,0.005606118458272233,7.771849188929578e-05,False
F1,2026,1,z_R,53,0.004625931680266454,6.413001017535161e-05,False
F1,2026,1,z_R,54,0.004557232126335213,6.317761757702451e-05,False
F1,2026,1,z_R,55,0.004194807254550774,5.8153265225586885e-05,False
F1,2026,1,z_R,56,0.003919615600492702,5.433824053549041e-05,False
F1,2026,1,z_R,57,0.0037436604771703633,5.1898947301393866e-05,False
F1,2026,1,z_R,58,0.003518584456122309,4.87786834242568e-05,False
F1,2026,1,z_R,59,0.003347004701627503,4.640004660854783e-05,False
F1,2026,1,z_R,60,0.003120137041142029,4.3254944955305596e-05,False
F1,2026,1,z_R,61,0.003032299236155596,4.203723580677013e-05,False
F1,2026,1,z_R,62,0.0029187883367146053,4.0463616557870035e-05,False
F1,2026,1,z_R,63,0.002722329450838128,3.774007647533016e-05,False
F1,2026,1,z_R,64,0.002597240155461178,3.6005944123230806e-05,False
F1,2026,1,z_R,65,0.0023176165656047447,3.212947881803449e-05,False
F1,2026,1,z_R,66,0.0020996367154692717,2.91075902616509e-05,False
F1,2026,1,z_R,67,0.002010802403738973,2.7876066385177166e-05,False
F1,2026,1,z_R,68,0.0019129155283145168,2.6519045410617037e-05,False
F1,2026,1,z_R,69,0.001754814402571369,2.43272649211009e-05,False
F1,2026,1,z_R,70,0.0016581617490451775,2.29873541566271e-05,False
F1,2026,1,z_R,71,0.0014850752231884545,2.058782873523814e-05,False
F1,2026,1,z_R,72,0.001432833418524809,1.9863592474043438e-05,False
F1,2026,1,z_R,73,0.001393372434809259,1.931653872095778e-05,False
F1,2026,1,z_R,74,0.0012228075566682937,1.6951971293946478e-05,False
F1,2026,1,z_R,75,0.0011231090829979895,1.5569835851216514e-05,False
F1,2026,1,z_R,76,0.0010674445758264766,1.4798150132955013e-05,False
F1,2026,1,z_R,77,0.0009793537042455621,1.3576932682870613e-05,False
F1,2026,1,z_R,78,0.0008754385495162641,1.2136340734962886e-05,False
F1,2026,1,z_R,79,0.0008537151216732097,1.1835185476972056e-05,False
F1,2026,1,z_R,80,0.0007643164189486248,1.0595837360386678e-05,False
F1,2026,1,z_R,81,0.0007290660658617827,1.0107156234422945e-05,False
F1,2026,1,z_R,82,0.0006457830918599609,8.952591416063426e-06,False
F1,2026,1,z_R,83,0.0005976549590789382,8.285383627817431e-06,False
F1,2026,1,z_R,84,0.0005407953304892542,7.497129755504921e-06,False
F1,2026,1,z_R,85,0.0004689696411103201,6.501399055379802e-06,False
F1,2026,1,z_R,86,0.0004355992914820655,6.03878070968652e-06,False
F1,2026,1,z_R,87,0.0003806370741906538,5.27683094523278e-06,False
F1,2026,1,z_R,88,0.0003377756947046619,4.682636976849758e-06,False
F1,2026,1,z_R,89,0.0003000547308783764,4.15970539004681e-06,False
F1,2026,1,z_R,90,0.0002576875379280668,3.5723624064496255e-06,False
F1,2026,1,z_R,91,0.0002301432182543109,3.1905112199121367e-06,False
F1,2026,1,z_R,92,0.0001837089888014501,2.5467862768915662e-06,False
F1,2026,1,z_R,93,0.00016165731668372598,2.241080517481884e-06,False
F1,2026,1,z_R,94,9.305030870494439e-05,1.2899708980838158e-06,False
F1,2026,1,z_R,95,1.2900948685213012e-14,1.7884785760751763e-16,False
F1,2026,1,z_P,0,0.3562777841998067,0.2506858519548942,False
F1,2026,1,z_P,1,0.16798237465408988,0.11819654935304717,False
F1,2026,1,z_P,2,0.13067596490994962,0.09194683768187742,False
F1,2026,1,z_P,3,0.1184904193351431,0.08337278673223299,False
F1,2026,1,z_P,4,0.10311155504643081,0.0725518378342449,False
F1,2026,1,z_P,5,0.08368589413003505,0.058883462839854205,False
F1,2026,1,z_P,6,0.060007978567909674,0.04222309641106056,False
F1,2026,1,z_P,7,0.05098742620892766,0.03587601288943703,False
F1,2026,1,z_P,8,0.04816471236180382,0.033889881682349826,False
F1,2026,1,z_P,9,0.03652755065943029,0.025701687174941753,False
F1,2026,1,z_P,10,0.03354384298849606,0.023602276735549824,False
F1,2026,1,z_P,11,0.03114906394870618,0.021917251032412606,False
F1,2026,1,z_P,12,0.023809494414685772,0.01675294856053513,False
F1,2026,1,z_P,13,0.019798654146772315,0.013930822247284565,False
F1,2026,1,z_P,14,0.017016224784615466,0.011973036199178283,False
F1,2026,1,z_P,15,0.013095773690465596,0.009214509941943883,False
F1,2026,1,z_P,16,0.012737573450075864,0.008962471402313278,False
F1,2026,1,z_P,17,0.010571769688732009,0.0074385583626635455,False
F1,2026,1,z_P,18,0.010272152490754227,0.007227740299157021,False
F1,2026,1,z_P,19,0.008431803082708515,0.005932824983887485,False
F1,2026,1,z_P,20,0.0076119951896290415,0.0053559878943183,False
F1,2026,1,z_P,21,0.00683942290568777,0.004812386946446847,False
F1,2026,1,z_P,22,0.005652481128188929,0.003977225384573311,False
F1,2026,1,z_P,23,0.005542640333457618,0.0038999386874292107,False
F1,2026,1,z_P,24,0.005301173549080493,0.0037300366917256537,False
F1,2026,1,z_P,25,0.004367247947108642,0.0030729035625336825,False
F1,2026,1,z_P,26,0.0038695393439752267,0.0027227034918725036,False
F1,2026,1,z_P,27,0.0036327182708633505,0.0025560703334024585,False
F1,2026,1,z_P,28,0.0034313974546533337,0.002414416032836922,False
F1,2026,1,z_P,29,0.0033177356821594084,0.002334440801329466,False
F1,2026,1,z_P,30,0.003004068389938991,0.0021137367443609238,False
F1,2026,1,z_P,31,0.0028175035444575214,0.0019824651093938487,False
F1,2026,1,z_P,32,0.0026687470286372223,0.0018777963493531165,False
F1,2026,1,z_P,33,0.0022976164332824942,0.001616659692483009,False
F1,2026,1,z_P,34,0.0020288433250447847,0.0014275442926203314,False
F1,2026,1,z_P,35,0.0018705152775814393,0.0013161407664199873,False
F1,2026,1,z_P,36,0.0017869815813198596,0.0012573643937609177,False
F1,2026,1,z_P,37,0.0015930205366036071,0.0011208886102652893,False
F1,2026,1,z_P,38,0.001391157605950335,0.0009788528645827922,False
F1,2026,1,z_P,39,0.0013326944061326908,0.0009377167126691606,False
F1,2026,1,z_P,40,0.001210971753891632,0.000852069647001585,False
F1,2026,1,z_P,41,0.0010792284324424339,0.0007593717908862061,False
F1,2026,1,z_P,42,0.0010079588379201595,0.0007092247432351056,False
F1,2026,1,z_P,43,0.0009076767948918677,0.000638663819969045,False
F1,2026,1,z_P,44,0.0008907114725838822,0.0006267266000101334,False
F1,2026,1,z_P,45,0.0007848606244378239,0.0005522473278679183,False
F1,2026,1,z_P,46,0.0007281212327280126,0.0005123240899311977,False
F1,2026,1,z_P,47,0.0006931407645951487,0.0004877109682476123,False
F1,2026,1,z_P,48,0.0006572778726465321,0.0004624769513641365,False
F1,2026,1,z_P,49,0.0005890078764747485,0.0004144404952271944,False
F1,2026,1,z_P,50,0.0005445544551513184,0.00038316196961886103,False
F1,2026,1,z_P,51,0.0005072018455450892,0.0003568797505832089,False
F1,2026,1,z_P,52,0.0004916292615330484,0.0003459224957014162,False
F1,2026,1,z_P,53,0.00042621707484290114,0.00029989686492715514,False
F1,2026,1,z_P,54,0.0003798572926384778,0.00026727697670016,False
F1,2026,1,z_P,55,0.0003736166798948213,0.00026288592737925496,False
F1,2026,1,z_P,56,0.0003196637311030955,0.00022492329952775983,False
F1,2026,1,z_P,57,0.0003039280029965696,0.0002138512524300863,False
F1,2026,1,z_P,58,0.0002676612051918594,0.000188333037406466,False
F1,2026,1,z_P,59,0.0002490930384606199,0.00017526801650791116,False
F1,2026,1,z_P,60,0.00022313457642257316,0.00015700300123040213,False
F1,2026,1,z_P,61,0.00021211409016827677,0.0001492487148052173,False
F1,2026,1,z_P,62,0.00018460635793473844,0.00012989359473844272,False
F1,2026,1,z_P,63,0.00017085624854254794,0.00012021867802929099,False
F1,2026,1,z_P,64,0.0001391410756612121,9.790309876433285e-05,False
F1,2026,1,z_P,65,0.0001342133098602914,9.443580099045536e-05,False
F1,2026,1,z_P,66,0.00011534019582184077,8.115621163183985e-05,False
F1,2026,1,z_P,67,0.00010070079183024704,7.08555652696563e-05,False
F1,2026,1,z_P,68,9.020550692049207e-05,6.347082348728418e-05,False
F1,2026,1,z_P,69,8.240433390642335e-05,5.798172540144174e-05,False
F1,2026,1,z_P,70,7.679043745372892e-05,5.403164914790523e-05,False
F1,2026,1,z_P,71,7.316343639808651e-05,5.147960158839447e-05,False
F1,2026,1,z_P,72,6.464370920458381e-05,4.548491102770342e-05,False
F1,2026,1,z_P,73,5.8875550252111184e-05,4.142629186777031e-05,False
F1,2026,1,z_P,74,5.238175465883379e-05,3.685709683817305e-05,False
F1,2026,1,z_P,75,4.730098924420458e-05,3.328214475574126e-05,False
F1,2026,1,z_P,76,4.622960573005095e-05,3.252829284319706e-05,False
F1,2026,1,z_P,77,3.501017541740951e-05,2.463402446300596e-05,False
F1,2026,1,z_P,78,3.212577095004198e-05,2.2604486211249524e-05,False
F1,2026,1,z_P,79,3.0088097590949598e-05,2.117072888849883e-05,False
F1,2026,1,z_P,80,2.4765096607668016e-05,1.742533387475212e-05,False
F1,2026,1,z_P,81,2.2119998808094456e-05,1.5564177707298684e-05,False
F1,2026,1,z_P,82,1.973774446737208e-05,1.3887964691888453e-05,False
F1,2026,1,z_P,83,1.5509887124241698e-05,1.0913139802408379e-05,False
F1,2026,1,z_P,84,1.0623786622941548e-05,7.475158762819528e-06,False
F1,2026,1,z_P,85,1.0314017526042585e-05,7.257197572396652e-06,False
F1,2026,1,z_P,86,7.041627673169886e-06,4.9546632169683e-06,False
F1,2026,1,z_P,87,6.023793934631574e-06,4.238490249666989e-06,False
F1,2026,1,z_P,88,4.914616773718873e-06,3.4580457934491593e-06,False
F1,2026,1,z_P,89,4.097024540229244e-06,2.8827676967124067e-06,False
F1,2026,1,z_P,90,3.7181771899185937e-06,2.616201340387989e-06,False
F1,2026,1,z_P,91,1.9142866084635025e-06,1.3469393563405305e-06,False
F1,2026,1,z_P,92,1.7967127989643806e-06,1.2642115189367248e-06,False
F1,2026,1,z_P,93,1.3588719787367743e-06,9.561358995547663e-07,False
F1,2026,1,z_P,94,1.0196128066246872e-06,7.174247635645006e-07,False
F1,2026,1,z_P,95,1.0236992178678088e-14,7.203000634831323e-15,False
F1,2026,2,z_R,0,31.138537352037655,0.4466224749918139,False
F1,2026,2,z_R,1,23.381909292246576,0.33536855248128383,False
F1,2026,2,z_R,2,7.760042082162,0.11130289010023216,False
F1,2026,2,z_R,3,1.9352851189577396,0.027757945720824666,False
F1,2026,2,z_R,4,0.9599282805411924,0.013768326354670237,False
F1,2026,2,z_R,5,0.8074127045911769,0.011580783528380727,False
F1,2026,2,z_R,6,0.6825064886763861,0.009789243910991627,False
F1,2026,2,z_R,7,0.6102759149985536,0.008753235147273601,False
F1,2026,2,z_R,8,0.31944050962743537,0.004581760196681669,False
F1,2026,2,z_R,9,0.31672566811271236,0.00454282101264717,False
F1,2026,2,z_R,10,0.20870438545360379,0.002993463312650888,False
F1,2026,2,z_R,11,0.19675310962340983,0.002822045229320722,False
F1,2026,2,z_R,12,0.17457474301844886,0.0025039391836706596,False
F1,2026,2,z_R,13,0.13233715862210288,0.0018981222094338395,False
F1,2026,2,z_R,14,0.10299077661025144,0.0014772047585590747,False
F1,2026,2,z_R,15,0.09252581692363135,0.0013271050238449144,False
F1,2026,2,z_R,16,0.07911794827432131,0.0011347949158645814,False
F1,2026,2,z_R,17,0.06425104789745514,0.000921557801779703,False
F1,2026,2,z_R,18,0.058163412908087915,0.0008342423773248021,False
F1,2026,2,z_R,19,0.05206644156594814,0.0007467930408323661,False
F1,2026,2,z_R,20,0.049750379519080165,0.0007135735818734471,False
F1,2026,2,z_R,21,0.0450509586527486,0.0006461694210864333,False
F1,2026,2,z_R,22,0.03911572002393631,0.0005610398295420926,False
F1,2026,2,z_R,23,0.0354052340258368,0.00050782003886412,False
F1,2026,2,z_R,24,0.03279673296211694,0.000470406104229804,False
F1,2026,2,z_R,25,0.029433972186240488,0.0004221737635919721,False
F1,2026,2,z_R,26,0.02767437481897853,0.0003969357210252685,False
F1,2026,2,z_R,27,0.025991258773970436,0.00037279465604134253,False
F1,2026,2,z_R,28,0.025175060559761955,0.0003610878612618557,False
F1,2026,2,z_R,29,0.022727044329325343,0.0003259757731346276,False
F1,2026,2,z_R,30,0.02053815615268942,0.00029458037893620735,False
F1,2026,2,z_R,31,0.01975733624868088,0.00028338101802504546,False
F1,2026,2,z_R,32,0.017533327801935773,0.0002514818910474901,False
F1,2026,2,z_R,33,0.016953930842203174,0.000243171555169059,False
F1,2026,2,z_R,34,0.015540468302911286,0.00022289815149342213,False
F1,2026,2,z_R,35,0.01511087572909393,0.00021673647163070834,False
F1,2026,2,z_R,36,0.01353269032675883,0.000194100435055897,False
F1,2026,2,z_R,37,0.011987767935046467,0.00017194149244224543,False
F1,2026,2,z_R,38,0.011210995171452338,0.00016080017998236718,False
F1,2026,2,z_R,39,0.01061954923892272,0.00015231702474537487,False
F1,2026,2,z_R,40,0.009990735203098034,0.00014329789588217427,False
F1,2026,2,z_R,41,0.009857749642578812,0.0001413904735936517,False
F1,2026,2,z_R,42,0.009181620764818653,0.00013169270425449813,False
F1,2026,2,z_R,43,0.008954893983394914,0.00012844074430783827,False
F1,2026,2,z_R,44,0.007804957740350782,0.000111947118896189,False
F1,2026,2,z_R,45,0.007634428207063523,0.00010950120047186164,False
F1,2026,2,z_R,46,0.007548765085877854,0.00010827252762936656,False
F1,2026,2,z_R,47,0.00655856556400835,9.407001849435966e-05,False
F1,2026,2,z_R,48,0.00648376205860263,9.299710596977121e-05,False
F1,2026,2,z_R,49,0.006164425721331472,8.841683992533762e-05,False
F1,2026,2,z_R,50,0.0057415156097073315,8.235100714015454e-05,False
F1,2026,2,z_R,51,0.00510457018726253,7.3215249163122e-05,False
F1,2026,2,z_R,52,0.004932498037187954,7.074720486564503e-05,False
F1,2026,2,z_R,53,0.004553439691459241,6.531034138610264e-05,False
F1,2026,2,z_R,54,0.004467096661803362,6.40719165632785e-05,False
F1,2026,2,z_R,55,0.004311853953986311,6.184525827147066e-05,False
F1,2026,2,z_R,56,0.0038769938994671657,5.560802652135102e-05,False
F1,2026,2,z_R,57,0.003419820939252476,4.905075902088966e-05,False
F1,2026,2,z_R,58,0.0031802360043989004,4.561437357460747e-05,False
F1,2026,2,z_R,59,0.003106618224746846,4.455846800717878e-05,False
F1,2026,2,z_R,60,0.0027988740010841547,4.0144468554257426e-05,False
F1,2026,2,z_R,61,0.002722434103200975,3.904808512446626e-05,False
F1,2026,2,z_R,62,0.002537555834425001,3.639636166554394e-05,False
F1,2026,2,z_R,63,0.002378293377794747,3.411204780232949e-05,False
F1,2026,2,z_R,64,0.002190041420010062,3.1411935258271654e-05,False
F1,2026,2,z_R,65,0.0020212173871746804,2.8990478960225487e-05,False
F1,2026,2,z_R,66,0.001898576813733502,2.7231435629915368e-05,False
F1,2026,2,z_R,67,0.0018655943604909,2.6758365725186887e-05,False
F1,2026,2,z_R,68,0.0016636395238721386,2.386171171901096e-05,False
F1,2026,2,z_R,69,0.0016342903857801908,2.3440754737463962e-05,False
F1,2026,2,z_R,70,0.0015561878996117966,2.232052467395202e-05,False
F1,2026,2,z_R,71,0.001360183617740389,1.9509219939605762e-05,False
F1,2026,2,z_R,72,0.001319475911783602,1.892534613140104e-05,False
F1,2026,2,z_R,73,0.001241218394156099,1.7802892439554023e-05,False
F1,2026,2,z_R,74,0.001164052254851722,1.6696092472296453e-05,False
F1,2026,2,z_R,75,0.000998785756170467,1.4325662164675617e-05,False
F1,2026,2,z_R,76,0.0009247580837305608,1.3263877472954038e-05,False
F1,2026,2,z_R,77,0.0008883509942582502,1.2741687743117298e-05,False
F1,2026,2,z_R,78,0.00074020824732939,1.0616864745253405e-05,False
F1,2026,2,z_R,79,0.0006944456284538022,9.96048792596826e-06,False
F1,2026,2,z_R,80,0.0006542997527182135,9.384672492538177e-06,False
F1,2026,2,z_R,81,0.0005737702058310237,8.22963090744033e-06,False
F1,2026,2,z_R,82,0.0005281868859780975,7.575825788051023e-06,False
F1,2026,2,z_R,83,0.00046827359736210125,6.71648480667946e-06,False
F1,2026,2,z_R,84,0.00042832381905785684,6.143482014033892e-06,False
F1,2026,2,z_R,85,0.00041335177016701974,5.928736746594845e-06,False
F1,2026,2,z_R,86,0.00034987851080589696,5.018334826582796e-06,False
F1,2026,2,z_R,87,0.00032804173221912154,4.705128204575688e-06,False
F1,2026,2,z_R,88,0.000289510911778108,4.152477635466522e-06,False
F1,2026,2,z_R,89,0.0002572036322369975,3.6890917999093182e-06,False
F1,2026,2,z_R,90,0.0002223209195261139,3.188766325105224e-06,False
F1,2026,2,z_R,91,0.00019106839856154132,2.7405089742499967e-06,False
F1,2026,2,z_R,92,0.00015429255103640291,2.213030118839851e-06,False
F1,2026,2,z_R,93,0.00013895249051145786,1.9930064317694354e-06,False
F1,2026,2,z_R,94,0.0001168954686883669,1.6766408438099e-06,False
F1,2026,2,z_R,95,1.0341183395843293e-14,1.48324401701339e-16,False
F1,2026,2,z_P,0,0.4272271081476778,0.2361366509003512,False
F1,2026,2,z_P,1,0.2751049589427188,0.15205580922163062,False
F1,2026,2,z_P,2,0.17714362044826304,0.09791069073865175,False
F1,2026,2,z_P,3,0.15488995529622326,0.08561066141222594,False
F1,2026,2,z_P,4,0.11850400320872051,0.06549944491424668,False
F1,2026,2,z_P,5,0.1130763179114474,0.06249945871534632,False
F1,2026,2,z_P,6,0.0833107376697845,0.046047449242337064,False
F1,2026,2,z_P,7,0.05838567935830064,0.03227088946669832,False
F1,2026,2,z_P,8,0.054867422345596446,0.030326281055521688,False
F1,2026,2,z_P,9,0.038334398189622254,0.021188160184931113,False
F1,2026,2,z_P,10,0.03581399394607178,0.019795084217520086,False
F1,2026,2,z_P,11,0.029684720667525782,0.01640731682905987,False
F1,2026,2,z_P,12,0.025468981809663116,0.014077196768836413,False
F1,2026,2,z_P,13,0.022129128599703292,0.01223119557542411,False
F1,2026,2,z_P,14,0.018228256321614913,0.010075108338049164,False
F1,2026,2,z_P,15,0.016673159954239663,0.009215576625252606,False
F1,2026,2,z_P,16,0.015844601398809995,0.008757616353952677,False
F1,2026,2,z_P,17,0.014257271865120465,0.007880268749336032,False
F1,2026,2,z_P,18,0.012627227736485417,0.006979311965426594,False
F1,2026,2,z_P,19,0.011377506083419718,0.006288566738626573,False
F1,2026,2,z_P,20,0.00941132718941276,0.0052018217960718705,False
F1,2026,2,z_P,21,0.00877523983959691,0.004850244067034894,False
F1,2026,2,z_P,22,0.007440267291308016,0.00411237902854609,False
F1,2026,2,z_P,23,0.007054474349139342,0.0038991438391881776,False
F1,2026,2,z_P,24,0.0067860609039675735,0.003750786558503691,False
F1,2026,2,z_P,25,0.006308262964229159,0.003486698435008688,False
F1,2026,2,z_P,26,0.005086744488974437,0.0028115416477669758,False
F1,2026,2,z_P,27,0.004477548965335961,0.002474827548984297,False
F1,2026,2,z_P,28,0.0041917536889218565,0.002316862995404895,False
F1,2026,2,z_P,29,0.0037788586253930416,0.0020886479415949673,False
F1,2026,2,z_P,30,0.0036211770265103744,0.0020014942850065495,False
F1,2026,2,z_P,31,0.0034738593478572024,0.0019200689667340266,False
F1,2026,2,z_P,32,0.00304823896121008,0.0016848203817518604,False
F1,2026,2,z_P,33,0.00287364000692174,0.0015883161770090738,False
F1,2026,2,z_P,34,0.0025878706220838453,0.0014303659342025047,False
F1,2026,2,z_P,35,0.0023622587344640654,0.0013056658987182729,False
F1,2026,2,z_P,36,0.002148539128097933,0.001187538956123621,False
F1,2026,2,z_P,37,0.0020267205028706714,0.001120207455781402,False
F1,2026,2,z_P,38,0.0018328038470826478,0.0010130259853683593,False
F1,2026,2,z_P,39,0.0016616530212778143,0.0009184276276480136,False
F1,2026,2,z_P,40,0.0014381303456747223,0.000794882339882812,False
F1,2026,2,z_P,41,0.0013542714733286824,0.000748531926048049,False
F1,2026,2,z_P,42,0.0013404966815049153,0.000740918333309946,False
F1,2026,2,z_P,43,0.0011754277553895707,0.000649681558682992,False
F1,2026,2,z_P,44,0.00107508310889302,0.0005942191399656745,False
F1,2026,2,z_P,45,0.0009614240462568346,0.0005313975870175299,False
F1,2026,2,z_P,46,0.0008679990260605545,0.0004797597790256702,False
F1,2026,2,z_P,47,0.0008482592426871341,0.00046884922057466793,False
F1,2026,2,z_P,48,0.0007217684712796868,0.0003989353350549509,False
F1,2026,2,z_P,49,0.000689873204640504,0.0003813062068931047,False
F1,2026,2,z_P,50,0.0006610036255522145,0.0003653494345141969,False
F1,2026,2,z_P,51,0.0006165378957085723,0.0003407723692370377,False
F1,2026,2,z_P,52,0.0005496309977951218,0.00030379163815956895,False
F1,2026,2,z_P,53,0.0004680124176767277,0.00025867947698617847,False
F1,2026,2,z_P,54,0.0004489012834150277,0.00024811638500676025,False
F1,2026,2,z_P,55,0.00038581040305676726,0.0002132448403270518,False
F1,2026,2,z_P,56,0.00037730177646235684,0.0002085419585354984,False
F1,2026,2,z_P,57,0.00031779667587772273,0.00017565234339739024,False
F1,2026,2,z_P,58,0.0002922794925288029,0.00016154850470946383,False
F1,2026,2,z_P,59,0.0002510885501401688,0.00013878147752981402,False
F1,2026,2,z_P,60,0.000244980130396152,0.00013540523629151902,False
F1,2026,2,z_P,61,0.00023723023247800663,0.00013112171845215508,False
F1,2026,2,z_P,62,0.0002207473245161845,0.00012201129776729064,False
F1,2026,2,z_P,63,0.00020095902592720785,0.0001110739240222663,False
F1,2026,2,z_P,64,0.00017609637262214713,9.733185669557365e-05,False
F1,2026,2,z_P,65,0.0001588950543149485,8.782435677651716e-05,False
F1,2026,2,z_P,66,0.00013972235552515093,7.722723689671062e-05,False
F1,2026,2,z_P,67,0.00012737625745819277,7.04033107140793e-05,False
F1,2026,2,z_P,68,0.00012128310587646436,6.703550848313994e-05,False
F1,2026,2,z_P,69,0.00011440170508305544,6.3232025731533e-05,False
F1,2026,2,z_P,70,0.00010005979264239593,5.530497450595214e-05,False
F1,2026,2,z_P,71,8.563884001643857e-05,4.733423624767407e-05,False
F1,2026,2,z_P,72,7.625359512907406e-05,4.2146830642279215e-05,False
F1,2026,2,z_P,73,7.369769638955511e-05,4.073413618333629e-05,False
F1,2026,2,z_P,74,6.927361635830047e-05,3.828886194400951e-05,False
F1,2026,2,z_P,75,5.015203961313385e-05,2.7719998202861098e-05,False
F1,2026,2,z_P,76,4.6594641375878326e-05,2.575375568303026e-05,False
F1,2026,2,z_P,77,4.201231269170562e-05,2.322101436542846e-05,False
F1,2026,2,z_P,78,3.340281315436376e-05,1.8462378155543375e-05,False
F1,2026,2,z_P,79,3.136073972902766e-05,1.7333684843824044e-05,False
F1,2026,2,z_P,80,2.902305647962457e-05,1.6041602289013213e-05,False
F1,2026,2,z_P,81,2.3050314130755155e-05,1.2740352560109775e-05,False
F1,2026,2,z_P,82,2.0256750540726354e-05,1.1196296160957921e-05,False
F1,2026,2,z_P,83,1.5379540257673603e-05,8.500568104350775e-06,False
F1,2026,2,z_P,84,1.1916638850815342e-05,6.586555802652525e-06,False
F1,2026,2,z_P,85,1.1714382837810573e-05,6.4747650088930255e-06,False
F1,2026,2,z_P,86,9.346096334108183e-06,5.165767446024251e-06,False
F1,2026,2,z_P,87,8.40763825790489e-06,4.647063592970921e-06,False
F1,2026,2,z_P,88,5.890462998863042e-06,3.255772347486791e-06,False
F1,2026,2,z_P,89,4.035770321779043e-06,2.230647984206374e-06,False
F1,2026,2,z_P,90,3.7327340942067354e-06,2.0631540248678523e-06,False
F1,2026,2,z_P,91,2.0277380543155535e-06,1.1207698760626314e-06,False
F1,2026,2,z_P,92,1.83833678445498e-06,1.0160841464162587e-06,False
F1,2026,2,z_P,93,1.570055281431063e-06,8.677997926980439e-07,False
F1,2026,2,z_P,94,9.82530478167092e-07,5.430635184359587e-07,False
F1,2026,2,z_P,95,1.5610388991501386e-14,8.628162645593781e-15,False
F1,2026,3,z_R,0,32.16638307066681,0.48894613114680513,False
F1,2026,3,z_R,1,20.270359323042026,0.30812024299353447,False
F1,2026,3,z_R,2,4.451102538149211,0.06765912600694106,False
F1,2026,3,z_R,3,2.4444698562885243,0.03715724196629372,False
F1,2026,3,z_R,4,1.6028381546234365,0.024363992458707222,False
F1,2026,3,z_R,5,0.8249673214650017,0.012539942065189536,False
F1,2026,3,z_R,6,0.6229595222736575,0.009469316074723119,False
F1,2026,3,z_R,7,0.49474867361398583,0.007520442983039967,False
F1,2026,3,z_R,8,0.3959124683300221,0.0060180800942856326,False
F1,2026,3,z_R,9,0.36613629411216037,0.0055654664089921395,False
F1,2026,3,z_R,10,0.25861557937861934,0.003931094357536796,False
F1,2026,3,z_R,11,0.2223433708894031,0.003379737496244994,False
F1,2026,3,z_R,12,0.18219749266379953,0.0027694987946547036,False
F1,2026,3,z_R,13,0.150545378939341,0.002288369831096916,False
F1,2026,3,z_R,14,0.1297169249792965,0.0019717662527847456,False
F1,2026,3,z_R,15,0.12155170306684826,0.0018476505368437953,False
F1,2026,3,z_R,16,0.10635461128089375,0.0016166466587546413,False
F1,2026,3,z_R,17,0.08797435198717783,0.0013372569415025049,False
F1,2026,3,z_R,18,0.08037711919823759,0.0012217749623376966,False
F1,2026,3,z_R,19,0.07393970444831856,0.0011239228342434253,False
F1,2026,3,z_R,20,0.06581772949694856,0.0010004644951128114,False
F1,2026,3,z_R,21,0.05420418407634795,0.0008239324277732723,False
F1,2026,3,z_R,22,0.04871802042082786,0.0007405398222598804,False
F1,2026,3,z_R,23,0.04625584275989071,0.0007031134122446014,False
F1,2026,3,z_R,24,0.042205556902633716,0.000641546912971316,False
F1,2026,3,z_R,25,0.03748277295073542,0.0005697580849750255,False
F1,2026,3,z_R,26,0.03330191205477744,0.000506206775663977,False
F1,2026,3,z_R,27,0.028695206412015166,0.0004361823997056241,False
F1,2026,3,z_R,28,0.025500756560558974,0.00038762506291769243,False
F1,2026,3,z_R,29,0.024349708598365844,0.0003701285216795209,False
F1,2026,3,z_R,30,0.021578505321969463,0.0003280047579464767,False
F1,2026,3,z_R,31,0.021269165399706563,0.00032330262659812417,False
F1,2026,3,z_R,32,0.019991573332052783,0.0003038825476513925,False
F1,2026,3,z_R,33,0.01807514986110562,0.00027475189159659213,False
F1,2026,3,z_R,34,0.01629437897979974,0.00024768322705446627,False
F1,2026,3,z_R,35,0.015339430517909295,0.00023316750252118116,False
F1,2026,3,z_R,36,0.014466340233932057,0.00021989606583043837,False
F1,2026,3,z_R,37,0.01374912934615687,0.0002089940788702124,False
F1,2026,3,z_R,38,0.012024360433107643,0.00018277667403159565,False
F1,2026,3,z_R,39,0.011335895989767152,0.00017231164831627222,False
F1,2026,3,z_R,40,0.010893885885890214,0.00016559285964352558,False
F1,2026,3,z_R,41,0.010612887913923615,0.00016132154101403196,False
F1,2026,3,z_R,42,0.009955692336960148,0.0001513318186987459,False
F1,2026,3,z_R,43,0.009347064572246587,0.00014208035296162986,False
F1,2026,3,z_R,44,0.008529704652930455,0.0001296560474552849,False
F1,2026,3,z_R,45,0.007850939260141937,0.00011933845246702724,False
F1,2026,3,z_R,46,0.007365581817835051,0.00011196076119480981,False
F1,2026,3,z_R,47,0.006857505319553527,0.00010423772818809577,False
F1,2026,3,z_R,48,0.0060493690893505415,9.195362766211387e-05,False
F1,2026,3,z_R,49,0.005670991398506826,8.62020855119177e-05,False
F1,2026,3,z_R,50,0.005256040808470754,7.989461584181234e-05,False
F1,2026,3,z_R,51,0.00510544594224787,7.760549377768457e-05,False
F1,2026,3,z_R,52,0.0047577143726453535,7.231978897023909e-05,False
F1,2026,3,z_R,53,0.0044948109585276445,6.832351724407899e-05,False
F1,2026,3,z_R,54,0.004169629988893536,6.338059355023802e-05,False
F1,2026,3,z_R,55,0.003945467858634263,5.9973209944219625e-05,False
F1,2026,3,z_R,56,0.00378887471702166,5.759291090383956e-05,False
F1,2026,3,z_R,57,0.00366505601459846,5.5710800771020504e-05,False
F1,2026,3,z_R,58,0.0034368973896323203,5.224266831982489e-05,False
F1,2026,3,z_R,59,0.003178494931703261,4.831481352167523e-05,False
F1,2026,3,z_R,60,0.0028520477793666024,4.335264317730545e-05,False
F1,2026,3,z_R,61,0.002735793568159617,4.1585517334331375e-05,False
F1,2026,3,z_R,62,0.002658132987793333,4.040503520709658e-05,False
F1,2026,3,z_R,63,0.0023680913138745523,3.5996247497817114e-05,False
F1,2026,3,z_R,64,0.0022540436764441163,3.426266274986649e-05,False
F1,2026,3,z_R,65,0.0021169496045319878,3.2178759939987785e-05,False
F1,2026,3,z_R,66,0.001969280287474197,2.9934107779193856e-05,False
F1,2026,3,z_R,67,0.0018314689318426585,2.7839301875275342e-05,False
F1,2026,3,z_R,68,0.0018051985277423512,2.7439977760397725e-05,False
F1,2026,3,z_R,69,0.0016674033944495336,2.534541844465602e-05,False
F1,2026,3,z_R,70,0.001484332897181298,2.256264951568517e-05,False
F1,2026,3,z_R,71,0.0013412689969234549,2.03880021397533e-05,False
F1,2026,3,z_R,72,0.0012366165295526466,1.879722897375857e-05,False
F1,2026,3,z_R,73,0.0012269421981210536,1.865017399047004e-05,False
F1,2026,3,z_R,74,0.001083024004007037,1.6462540893547385e-05,False
F1,2026,3,z_R,75,0.0010030128005848974,1.5246328045627578e-05,False
F1,2026,3,z_R,76,0.0009212178090218545,1.4003000669214961e-05,False
F1,2026,3,z_R,77,0.0008407256422822831,1.2779476923058159e-05,False
F1,2026,3,z_R,78,0.0007823617165706789,1.1892314209969296e-05,False
F1,2026,3,z_R,79,0.0007252441161234608,1.1024096303787488e-05,False
F1,2026,3,z_R,80,0.0006663859263496827,1.0129420514067228e-05,False
F1,2026,3,z_R,81,0.0006001187312904261,9.12212390334815e-06,False
F1,2026,3,z_R,82,0.0005865989557705655,8.916616124625048e-06,False
F1,2026,3,z_R,83,0.000531443018326057,8.078216539442572e-06,False
F1,2026,3,z_R,84,0.00046775925716752896,7.110189498076683e-06,False
F1,2026,3,z_R,85,0.000402332570083666,6.115669055628185e-06,False
F1,2026,3,z_R,86,0.0003467904352587279,5.271399064854716e-06,False
F1,2026,3,z_R,87,0.0003029646544862612,4.605223887306493e-06,False
F1,2026,3,z_R,88,0.00026220054870035184,3.985587797980199e-06,False
F1,2026,3,z_R,89,0.00022862576707733103,3.4752332597466107e-06,False
F1,2026,3,z_R,90,0.00021574376503320905,3.2794199770700605e-06,False
F1,2026,3,z_R,91,0.00018985974274000618,2.8859690711669855e-06,False
F1,2026,3,z_R,92,0.00017206863876045644,2.615534828046749e-06,False
F1,2026,3,z_R,93,0.00013273238465085995,2.0176028436380303e-06,False
F1,2026,3,z_R,94,8.176176596023689e-05,1.2428223295781216e-06,False
F1,2026,3,z_R,95,1.1370368739637643e-14,1.728356524494736e-16,False
F1,2026,3,z_P,0,0.4739894831424626,0.22883936861435952,False
F1,2026,3,z_P,1,0.37856916188436457,0.18277099189655904,False
F1,2026,3,z_P,2,0.246331981045943,0.11892764927684109,False
F1,2026,3,z_P,3,0.15269311779093941,0.07371935013278418,False
F1,2026,3,z_P,4,0.11291943221693848,0.05451684582007816,False
F1,2026,3,z_P,5,0.10650273290680727,0.05141890067373558,False
F1,2026,3,z_P,6,0.09345593907990868,0.04511998441509817,False
F1,2026,3,z_P,7,0.07106713916133414,0.034310801891822826,False
F1,2026,3,z_P,8,0.06027105474367818,0.029098515059498405,False
F1,2026,3,z_P,9,0.04279774828940153,0.02066250422210169,False
F1,2026,3,z_P,10,0.04138340302815227,0.019979666547220803,False
F1,2026,3,z_P,11,0.03466719371580684,0.01673711971194204,False
F1,2026,3,z_P,12,0.03016694155810865,0.014564424116365849,False
F1,2026,3,z_P,13,0.025067569463043674,0.012102476895875269,False
F1,2026,3,z_P,14,0.020799613998877226,0.010041932794308135,False
F1,2026,3,z_P,15,0.019461700441155236,0.00939599590182719,False
F1,2026,3,z_P,16,0.017128820822314903,0.008269695175723792,False
F1,2026,3,z_P,17,0.0142378856690342,0.006873968479857475,False
F1,2026,3,z_P,18,0.012701238221133513,0.0061320840198287084,False
F1,2026,3,z_P,19,0.011888996001511295,0.005739938195267432,False
F1,2026,3,z_P,20,0.009755167200977232,0.004709738047770518,False
F1,2026,3,z_P,21,0.009092715267349807,0.004389910103016102,False
F1,2026,3,z_P,22,0.008038700725586467,0.0038810380060059226,False
F1,2026,3,z_P,23,0.007518857035768148,0.0036300604928182975,False
F1,2026,3,z_P,24,0.006316102884597788,0.0030493777765534733,False
F1,2026,3,z_P,25,0.0058950016532416955,0.0028460725486244096,False
F1,2026,3,z_P,26,0.005258516388320468,0.0025387811606567582,False
F1,2026,3,z_P,27,0.0049081719764083815,0.0023696369140629274,False
F1,2026,3,z_P,28,0.004504016680361393,0.0021745130852463615,False
F1,2026,3,z_P,29,0.004046943867100224,0.0019538409865659835,False
F1,2026,3,z_P,30,0.0036913962091519744,0.0017821846430164008,False
F1,2026,3,z_P,31,0.003366275601395921,0.0016252183025205079,False
F1,2026,3,z_P,32,0.002938484436166481,0.001418683213385455,False
F1,2026,3,z_P,33,0.0027150499271681246,0.0013108103305804256,False
F1,2026,3,z_P,34,0.0023033380704443017,0.0011120382381721902,False
F1,2026,3,z_P,35,0.002113048342807274,0.0010201674632394737,False
F1,2026,3,z_P,36,0.0020236769637173024,0.0009770194806564998,False
F1,2026,3,z_P,37,0.0016818911247461449,0.0008120072633538203,False
F1,2026,3,z_P,38,0.0016311353246957244,0.0007875026579772409,False
F1,2026,3,z_P,39,0.0014687587333636891,0.0007091081830791415,False
F1,2026,3,z_P,40,0.0014144465853212797,0.000682886593554171,False
F1,2026,3,z_P,41,0.0013752425283117902,0.0006639591026029077,False
F1,2026,3,z_P,42,0.00118500363027775,0.0005721128679071969,False
F1,2026,3,z_P,43,0.0010853789430876684,0.0005240146477445163,False
F1,2026,3,z_P,44,0.0009416028446090043,0.0004546003827284199,False
F1,2026,3,z_P,45,0.000933924909428686,0.00045089352023164607,False
F1,2026,3,z_P,46,0.0008033344091715693,0.00038784518542947933,False
F1,2026,3,z_P,47,0.0007606973012536482,0.0003672602374454187,False
F1,2026,3,z_P,48,0.0006908757867625284,0.0003335508159073803,False
F1,2026,3,z_P,49,0.0005945421370783332,0.00028704148953183643,False
F1,2026,3,z_P,50,0.0005499012487155914,0.0002654891279908452,False
F1,2026,3,z_P,51,0.0005331852662866878,0.0002574187487928973,False
F1,2026,3,z_P,52,0.0004679105603953235,0.00022590450003017056,False
F1,2026,3,z_P,53,0.0004190646851423056,0.00020232199524924325,False
F1,2026,3,z_P,54,0.0003916103355033667,0.00018906719475147708,False
F1,2026,3,z_P,55,0.0003748733334847213,0.00018098666741772417,False
F1,2026,3,z_P,56,0.0003261522174173762,0.0001574643956467973,False
F1,2026,3,z_P,57,0.0003083551115731004,0.0001488720563451615,False
F1,2026,3,z_P,58,0.00027038375980296687,0.00013053970832152526,False
F1,2026,3,z_P,59,0.0002640478836928691,0.00012748078414658148,False
F1,2026,3,z_P,60,0.00023733662240563513,0.00011458474238772542,False
F1,2026,3,z_P,61,0.00022351905693075786,0.00010791370205557503,False
F1,2026,3,z_P,62,0.0001963476572511188,9.479550815423869e-05,False
F1,2026,3,z_P,63,0.00017533621670828294,8.465130673520521e-05,False
F1,2026,3,z_P,64,0.00015255368115803358,7.365203093653464e-05,False
F1,2026,3,z_P,65,0.00014156098019782606,6.834481877979513e-05,False
F1,2026,3,z_P,66,0.00012440335121025547,6.006121518925938e-05,False
F1,2026,3,z_P,67,0.00011695342557592022,5.6464434376566116e-05,False
F1,2026,3,z_P,68,0.00011378176383301054,5.493317451422942e-05,False
F1,2026,3,z_P,69,0.00010544942864477655,5.091037149565362e-05,False
F1,2026,3,z_P,70,9.397831645807921e-05,4.537218517830169e-05,False
F1,2026,3,z_P,71,7.919969018860779e-05,3.8237150278219414e-05,False
F1,2026,3,z_P,72,6.715748285605659e-05,3.242324254247339e-05,False
F1,2026,3,z_P,73,5.856010182368976e-05,2.8272476930248678e-05,False
F1,2026,3,z_P,74,5.315654129336623e-05,2.5663669300529493e-05,False
F1,2026,3,z_P,75,4.3658503384937915e-05,2.10780717812978e-05,False
F1,2026,3,z_P,76,4.0267380549587196e-05,1.9440857378584663e-05,False
F1,2026,3,z_P,77,3.2820155604907276e-05,1.5845380443166162e-05,False
F1,2026,3,z_P,78,2.8608658669756955e-05,1.3812094191387782e-05,False
F1,2026,3,z_P,79,2.6794997704675598e-05,1.2936469214693976e-05,False
F1,2026,3,z_P,80,1.9055026019035972e-05,9.199655853578882e-06,False
F1,2026,3,z_P,81,1.6212358612784487e-05,7.827232545545926e-06,False
F1,2026,3,z_P,82,1.3085618341565402e-05,6.317660508750737e-06,False
F1,2026,3,z_P,83,1.0899748060155985e-05,5.262335036644684e-06,False
F1,2026,3,z_P,84,8.808942574996002e-06,4.252906295847824e-06,False
F1,2026,3,z_P,85,7.998039122362566e-06,3.8614068202105865e-06,False
F1,2026,3,z_P,86,6.174471289250585e-06,2.9809988651898285e-06,False
F1,2026,3,z_P,87,5.877991542263075e-06,2.8378601658715255e-06,False
F1,2026,3,z_P,88,4.681262455622761e-06,2.2600863157565904e-06,False
F1,2026,3,z_P,89,3.906738039732142e-06,1.8861504276990426e-06,False
F1,2026,3,z_P,90,2.617645960607874e-06,1.2637842614355908e-06,False
F1,2026,3,z_P,91,2.336897927288044e-06,1.1282407420758518e-06,False
F1,2026,3,z_P,92,1.9042671027198366e-06,9.193690935301351e-07,False
F1,2026,3,z_P,93,1.037127653806577e-06,5.007192056163308e-07,False
F1,2026,3,z_P,94,9.85786139647941e-07,4.759318208712643e-07,False
F1,2026,3,z_P,95,1.0375657018837019e-14,5.009306926829371e-15,False
F1,2026,4,z_R,0,29.624577545723298,0.42776463277581167,False
F1,2026,4,z_R,1,22.855368915035687,0.3300205201510913,False
F1,2026,4,z_R,2,8.130033739254717,0.11739377182880069,False
F1,2026,4,z_R,3,1.9830103713132041,0.028633714758166284,False
F1,2026,4,z_R,4,1.7019258844346372,0.024574990135916082,False
F1,2026,4,z_R,5,1.0194176109917739,0.014719899358498836,False
F1,2026,4,z_R,6,0.8169625823817326,0.011796546246262031,False
F1,2026,4,z_R,7,0.5223302191293582,0.007542196813734307,False
F1,2026,4,z_R,8,0.38161691188038566,0.005510364423580401,False
F1,2026,4,z_R,9,0.3475207028100938,0.005018031585095545,False
F1,2026,4,z_R,10,0.26141948438370555,0.003774771456748804,False
F1,2026,4,z_R,11,0.22837233294431436,0.0032975865052355096,False
F1,2026,4,z_R,12,0.1754456476474086,0.002533350658660872,False
F1,2026,4,z_R,13,0.1360996049530853,0.0019652127509272852,False
F1,2026,4,z_R,14,0.11729330547315689,0.001693658843416295,False
F1,2026,4,z_R,15,0.09420553650320482,0.0013602825783944135,False
F1,2026,4,z_R,16,0.08858507936316243,0.0012791258840641174,False
F1,2026,4,z_R,17,0.07044598703072746,0.001017206126440747,False
F1,2026,4,z_R,18,0.06002953418624572,0.0008667975638555383,False
F1,2026,4,z_R,19,0.050903159358509524,0.0007350171065397994,False
F1,2026,4,z_R,20,0.04818066760204025,0.0006957056367089198,False
F1,2026,4,z_R,21,0.04553818565710734,0.000657549470024473,False
F1,2026,4,z_R,22,0.03526028127143113,0.0005091414804604704,False
F1,2026,4,z_R,23,0.031329228498057374,0.0004523789715798225,False
F1,2026,4,z_R,24,0.029574115222952665,0.0004270359811372971,False
F1,2026,4,z_R,25,0.02890011766441138,0.00041730378098435927,False
F1,2026,4,z_R,26,0.025648829832268738,0.0003703567504851601,False
F1,2026,4,z_R,27,0.023510766735665732,0.0003394841490460914,False
F1,2026,4,z_R,28,0.022684579903517358,0.0003275544090755317,False
F1,2026,4,z_R,29,0.020626240799181718,0.00029783298369029994,False
F1,2026,4,z_R,30,0.018543330206124208,0.00026775675784137734,False
F1,2026,4,z_R,31,0.016917519707466078,0.00024428083721944924,False
F1,2026,4,z_R,32,0.015756717618439126,0.00022751941408787475,False
F1,2026,4,z_R,33,0.015159660768246513,0.0002188982007093975,False
F1,2026,4,z_R,34,0.013645987707310483,0.00019704149068358942,False
F1,2026,4,z_R,35,0.012958073924290638,0.00018710834695113526,False
F1,2026,4,z_R,36,0.012587948577492035,0.00018176391519308032,False
F1,2026,4,z_R,37,0.011068571808691132,0.00015982484637256836,False
F1,2026,4,z_R,38,0.010343158472214533,0.0001493502271477151,False
F1,2026,4,z_R,39,0.009684323829161234,0.0001398369721920723,False
F1,2026,4,z_R,40,0.008979685185463533,0.00012966232952600303,False
F1,2026,4,z_R,41,0.008704309336287191,0.00012568603488293393,False
F1,2026,4,z_R,42,0.008004171232761466,0.00011557637784952008,False
F1,2026,4,z_R,43,0.007930999807026863,0.00011451981770074715,False
F1,2026,4,z_R,44,0.0070307536882967675,0.00010152069729836955,False
F1,2026,4,z_R,45,0.006829211129089541,9.861051980487066e-05,False
F1,2026,4,z_R,46,0.006279498706468148,9.067293715978452e-05,False
F1,2026,4,z_R,47,0.00582159518151432,8.406103078251024e-05,False
F1,2026,4,z_R,48,0.005677327238110265,8.197787115816427e-05,False
F1,2026,4,z_R,49,0.00534653159849571,7.720134143094162e-05,False
F1,2026,4,z_R,50,0.004796214298708764,6.92550246508894e-05,False
F1,2026,4,z_R,51,0.004632996669041776,6.68982406829399e-05,False
F1,2026,4,z_R,52,0.004513067348003939,6.516651904425584e-05,False
F1,2026,4,z_R,53,0.004141709584097638,5.980429177668901e-05,False
F1,2026,4,z_R,54,0.0037948155489326094,5.4795308970589564e-05,False
F1,2026,4,z_R,55,0.0035101475548387625,5.068484022994213e-05,False
F1,2026,4,z_R,56,0.0032495537026328964,4.6921990504222784e-05,False
F1,2026,4,z_R,57,0.002955021574992015,4.2669088425652265e-05,False
F1,2026,4,z_R,58,0.002883711659588791,4.163940758957439e-05,False
F1,2026,4,z_R,59,0.0027995314371406935,4.042388571801626e-05,False
F1,2026,4,z_R,60,0.0025968670020771784,3.749750887743994e-05,False
F1,2026,4,z_R,61,0.002374581779738568,3.428781731784191e-05,False
F1,2026,4,z_R,62,0.0022605417825221474,3.264113467888292e-05,False
F1,2026,4,z_R,63,0.0021569800635198484,3.114575333107209e-05,False
F1,2026,4,z_R,64,0.0018915209001886348,2.731265085580173e-05,False
F1,2026,4,z_R,65,0.0018629642996348351,2.690030729645922e-05,False
F1,2026,4,z_R,66,0.0017783836289427457,2.5679003145110853e-05,False
F1,2026,4,z_R,67,0.0016308104812881754,2.354811796315014e-05,False
F1,2026,4,z_R,68,0.0015013697278447437,2.1679055821167042e-05,False
F1,2026,4,z_R,69,0.00133191858030402,1.923226285713837e-05,False
F1,2026,4,z_R,70,0.0012799404408933915,1.8481723556348667e-05,False
F1,2026,4,z_R,71,0.0012190510229216397,1.76025096847443e-05,False
F1,2026,4,z_R,72,0.0011120821701644877,1.605793096636461e-05,False
F1,2026,4,z_R,73,0.0010045683793620276,1.4505483605048933e-05,False
F1,2026,4,z_R,74,0.0009254531836737656,1.3363098280622204e-05,False
F1,2026,4,z_R,75,0.0008840438437447258,1.2765167354488487e-05,False
F1,2026,4,z_R,76,0.0008088170228172764,1.1678928288994447e-05,False
F1,2026,4,z_R,77,0.0007539291487897371,1.0886373821643913e-05,False
F1,2026,4,z_R,78,0.0006345553550120421,9.162673729058358e-06,False
F1,2026,4,z_R,79,0.0006008911584005686,8.676578942424731e-06,False
F1,2026,4,z_R,80,0.0005368836214600459,7.752340934575078e-06,False
F1,2026,4,z_R,81,0.00048818328119363267,7.0491314748632464e-06,False
F1,2026,4,z_R,82,0.0004703257613176908,6.791277487908358e-06,False
F1,2026,4,z_R,83,0.0004200297555882839,6.065027387371959e-06,False
F1,2026,4,z_R,84,0.0003915698444546384,5.6540799766915465e-06,False
F1,2026,4,z_R,85,0.000382282785776804,5.519979321964581e-06,False
F1,2026,4,z_R,86,0.00034014602795351834,4.911544831757203e-06,False
F1,2026,4,z_R,87,0.0003029040748776192,4.373788964799167e-06,False
F1,2026,4,z_R,88,0.00023182745160527964,3.3474767547394397e-06,False
F1,2026,4,z_R,89,0.00021718983441732935,3.136116611917069e-06,False
F1,2026,4,z_R,90,0.00019710570017676974,2.8461113858586355e-06,False
F1,2026,4,z_R,91,0.00016257129583791482,2.347451218727432e-06,False
F1,2026,4,z_R,92,0.00012956402453079,1.8708421171180778e-06,False
F1,2026,4,z_R,93,9.262772157256676e-05,1.3374996906603732e-06,False
F1,2026,4,z_R,94,5.149226090029363e-05,7.435234490960774e-07,False
F1,2026,4,z_R,95,1.287722039119915e-14,1.859408608717768e-16,False
F1,2026,4,z_P,0,0.26195084791238343,0.23813709774551442,False
F1,2026,4,z_P,1,0.14602853352988165,0.13275319182960207,False
F1,2026,4,z_P,2,0.10522562488863302,0.09565964423913072,False
F1,2026,4,z_P,3,0.08828242810142652,0.08025674044404153,False
F1,2026,4,z_P,4,0.08020488077274086,0.07291351673209301,False
F1,2026,4,z_P,5,0.05839505793889166,0.053086408122259905,False
F1,2026,4,z_P,6,0.05460552937016133,0.04964138268190327,False
F1,2026,4,z_P,7,0.04292472207783163,0.03902246859901994,False
F1,2026,4,z_P,8,0.03837468240377967,0.034886069533161236,False
F1,2026,4,z_P,9,0.02923478808736619,0.02657707598128911,False
F1,2026,4,z_P,10,0.02520306239781857,0.022911871374140694,False
F1,2026,4,z_P,11,0.024179912870607206,0.021981735583737352,False
F1,2026,4,z_P,12,0.01784941360110829,0.016226737135239092,False
F1,2026,4,z_P,13,0.015116321058325544,0.01374210793401625,False
F1,2026,4,z_P,14,0.012537603572211143,0.011397819671760687,False
F1,2026,4,z_P,15,0.011666641902864778,0.010606036458082734,False
F1,2026,4,z_P,16,0.00891757409926353,0.00810688429471885,False
F1,2026,4,z_P,17,0.008472678830864883,0.00770243411308553,False
F1,2026,4,z_P,18,0.007585148871613476,0.006895588819998264,False
F1,2026,4,z_P,19,0.0067127389079928755,0.006102488975364937,False
F1,2026,4,z_P,20,0.005534328001875014,0.005031206498629334,False
F1,2026,4,z_P,21,0.004956207749821661,0.004505642714167224,False
F1,2026,4,z_P,22,0.004250404708675934,0.003864003684792448,False
F1,2026,4,z_P,23,0.0039898063283622135,0.003627096102856129,False
F1,2026,4,z_P,24,0.0035791091270133213,0.0032537350682923355,False
F1,2026,4,z_P,25,0.0032319997754017655,0.002938181160939644,False
F1,2026,4,z_P,26,0.00264883065779909,0.0024080274994131732,False
F1,2026,4,z_P,27,0.002500532547727707,0.002273211056500356,False
F1,2026,4,z_P,28,0.0023104401404612234,0.0021003998038143564,False
F1,2026,4,z_P,29,0.002158749188265299,0.0019624989594457464,False
F1,2026,4,z_P,30,0.0018492467448465073,0.0016811331451783741,False
F1,2026,4,z_P,31,0.0017414770952544293,0.0015831607515654604,False
F1,2026,4,z_P,32,0.0014740482638585246,0.0013400436696028308,False
F1,2026,4,z_P,33,0.0013438646303162898,0.001221694930086314,False
F1,2026,4,z_P,34,0.0012580613218802002,0.0011436919344450555,False
F1,2026,4,z_P,35,0.0011000816894696154,0.0010000741089446655,False
F1,2026,4,z_P,36,0.000997221451684781,0.0009065648162864988,False
F1,2026,4,z_P,37,0.0009250003922015563,0.0008409093177893388,False
F1,2026,4,z_P,38,0.0008876920132926778,0.0008069926149202496,False
F1,2026,4,z_P,39,0.0008364501019966962,0.0007604090663797248,False
F1,2026,4,z_P,40,0.0007922408850519328,0.0007202188753544638,False
F1,2026,4,z_P,41,0.0007080609343900028,0.0006436916592803335,False
F1,2026,4,z_P,42,0.0006463942258756593,0.0005876310238208285,False
F1,2026,4,z_P,43,0.0005949646171918093,0.0005408768413176438,False
F1,2026,4,z_P,44,0.0005566714448337751,0.0005060648718146432,False
F1,2026,4,z_P,45,0.000534781387014232,0.0004861648223199722,False
F1,2026,4,z_P,46,0.0004962428052187685,0.0004511297533628011,False
F1,2026,4,z_P,47,0.00046163714828414076,0.00041967007009143567,False
F1,2026,4,z_P,48,0.0003755853650724675,0.00034144118832538697,False
F1,2026,4,z_P,49,0.0003629292886298603,0.00032993566606078287,False
F1,2026,4,z_P,50,0.00031649553757123554,0.0002877231716074833,False
F1,2026,4,z_P,51,0.0003044566634344393,0.00027677874226164243,False
F1,2026,4,z_P,52,0.0002780141087613692,0.00025274005990193427,False
F1,2026,4,z_P,53,0.00026289002077947466,0.00023899089112939859,False
F1,2026,4,z_P,54,0.00024084885343601196,0.00021895346936143766,False
F1,2026,4,z_P,55,0.0001926862627272921,0.00017516930274130956,False
F1,2026,4,z_P,56,0.0001767271898017597,0.0001606610568643332,False
F1,2026,4,z_P,57,0.0001638061971209451,0.00014891470169304014,False
F1,2026,4,z_P,58,0.00014772481953520707,0.00013429526977847605,False
F1,2026,4,z_P,59,0.00014039315706109394,0.00012763012310248981,False
F1,2026,4,z_P,60,0.00012414347202210064,0.00011285768443583248,False
F1,2026,4,z_P,61,0.00011662151629345647,0.00010601954391876607,False
F1,2026,4,z_P,62,0.00010801082389349957,9.819164294403456e-05,False
F1,2026,4,z_P,63,0.00010158414645475548,9.234920980970476e-05,False
F1,2026,4,z_P,64,8.535785418842807e-05,7.75980372967372e-05,False
F1,2026,4,z_P,65,7.971905110517379e-05,7.247185346604476e-05,False
F1,2026,4,z_P,66,6.936032980244118e-05,6.305483555201051e-05,False
F1,2026,4,z_P,67,6.654301314659621e-05,6.04936389870831e-05,False
F1,2026,4,z_P,68,4.905372105171756e-05,4.459428498884364e-05,False
F1,2026,4,z_P,69,4.681737833740174e-05,4.2561246471138124e-05,False
F1,2026,4,z_P,70,4.107347926814913e-05,3.7339520849725027e-05,False
F1,2026,4,z_P,71,3.708435870198242e-05,3.37130481669505e-05,False
F1,2026,4,z_P,72,3.6327273049091746e-05,3.302478858863275e-05,False
F1,2026,4,z_P,73,3.2318056971725085e-05,2.93800472621298e-05,False
F1,2026,4,z_P,74,2.8669990603359005e-05,2.6063623802274115e-05,False
F1,2026,4,z_P,75,2.8088441574579154e-05,2.553494294854129e-05,False
F1,2026,4,z_P,76,2.372674364606587e-05,2.1569763624952344e-05,False
F1,2026,4,z_P,77,2.2887937440128727e-05,2.0807212646229763e-05,False
F1,2026,4,z_P,78,1.9639342838325715e-05,1.785394528179707e-05,False
F1,2026,4,z_P,79,1.7079982765092718e-05,1.5527254664901985e-05,False
F1,2026,4,z_P,80,1.4358026674203086e-05,1.3052749509293595e-05,False
F1,2026,4,z_P,81,1.1703710775458121e-05,1.0639735427971274e-05,False
F1,2026,4,z_P,82,8.96248002501569e-06,8.147707857289533e-06,False
F1,2026,4,z_P,83,7.667378878037769e-06,6.970343359766067e-06,False
F1,2026,4,z_P,84,6.44521366959866e-06,5.859284250690085e-06,False
F1,2026,4,z_P,85,5.427727383204246e-06,4.934296860235554e-06,False
F1,2026,4,z_P,86,4.102707789084035e-06,3.729733778594886e-06,False
F1,2026,4,z_P,87,3.834803411528236e-06,3.4861843820081057e-06,False
F1,2026,4,z_P,88,2.6832915902004177e-06,2.439355614947281e-06,False
F1,2026,4,z_P,89,1.561284684185716e-06,1.419349494035106e-06,False
F1,2026,4,z_P,90,1.3379971704306e-06,1.2163608764672787e-06,False
F1,2026,4,z_P,91,1.1483144126997863e-06,1.0439220323926453e-06,False
F1,2026,4,z_P,92,6.169588369964995e-07,5.608715835114836e-07,False
F1,2026,4,z_P,93,4.687507208653646e-07,4.2613695325900355e-07,False
F1,2026,4,z_P,94,4.5002096543170803e-07,4.0910990549030874e-07,False
F1,2026,4,z_P,95,9.737978063797727e-15,8.852705965654741e-15,False
F2,2026,0,z_R,0,31.041808311750017,0.4604733278044234,False
F2,2026,0,z_R,1,14.63541241762011,0.21710130389474666,False
F2,2026,0,z_R,2,11.19645599911898,0.1660879192910479,False
F2,2026,0,z_R,3,2.355578009106254,0.03494257917782126,False
F2,2026,0,z_R,4,1.687600816467248,0.025033823937054202,False
F2,2026,0,z_R,5,1.3556635003176667,0.020109874950100044,False
F2,2026,0,z_R,6,1.2823197848749814,0.0190218962993637,False
F2,2026,0,z_R,7,0.6350319072202222,0.009420045786089074,False
F2,2026,0,z_R,8,0.5217055003383995,0.007738964993987209,False
F2,2026,0,z_R,9,0.3767168262693598,0.005588207004245671,False
F2,2026,0,z_R,10,0.3112851302195061,0.004617595030826617,False
F2,2026,0,z_R,11,0.2736676444061645,0.004059578284439184,False
F2,2026,0,z_R,12,0.1799307664513059,0.002669088023807927,False
F2,2026,0,z_R,13,0.14771302182370472,0.002191170889147667,False
F2,2026,0,z_R,14,0.13825887054779554,0.0020509282700365734,False
F2,2026,0,z_R,15,0.1172689678817315,0.0017395646331676829,False
F2,2026,0,z_R,16,0.09867560158801303,0.0014637511507065361,False
F2,2026,0,z_R,17,0.09399050668417326,0.001394252582202264,False
F2,2026,0,z_R,18,0.08574158794614793,0.0012718883492961223,False
F2,2026,0,z_R,19,0.07380084196497086,0.0010947596529521455,False
F2,2026,0,z_R,20,0.0650236418719719,0.000964558909005838,False
F2,2026,0,z_R,21,0.05939060215968907,0.0008809985533745099,False
F2,2026,0,z_R,22,0.050447233057030874,0.0007483328629248509,False
F2,2026,0,z_R,23,0.04834434245668025,0.0007171386417948414,False
F2,2026,0,z_R,24,0.04234711286142759,0.0006281759034904542,False
F2,2026,0,z_R,25,0.039494501121446625,0.0005858603396659785,False
F2,2026,0,z_R,26,0.03703712979474038,0.0005494077612241717,False
F2,2026,0,z_R,27,0.032352753347133396,0.0004799198502798288,False
F2,2026,0,z_R,28,0.029027701622164833,0.00043059612475644947,False
F2,2026,0,z_R,29,0.027034606069645615,0.00040103060033584655,False
F2,2026,0,z_R,30,0.025937930082095387,0.0003847625390025992,False
F2,2026,0,z_R,31,0.024886029314697182,0.0003691586720493801,False
F2,2026,0,z_R,32,0.023192781930171942,0.00034404108707758766,False
F2,2026,0,z_R,33,0.02044816274443633,0.0003033274818224081,False
F2,2026,0,z_R,34,0.018513954839271273,0.000274635495137475,False
F2,2026,0,z_R,35,0.01729833937918892,0.0002566030889511786,False
F2,2026,0,z_R,36,0.016336702926937827,0.0002423382003577365,False
F2,2026,0,z_R,37,0.01501762997115963,0.00022277110853550879,False
F2,2026,0,z_R,38,0.0145486361997713,0.0002158140678740282,False
F2,2026,0,z_R,39,0.013777686807708063,0.00020437782586882968,False
F2,2026,0,z_R,40,0.012945475355881602,0.0001920328241598143,False
F2,2026,0,z_R,41,0.011570594386246878,0.00017163787780022892,False
F2,2026,0,z_R,42,0.009690829828556334,0.00014375350222920483,False
F2,2026,0,z_R,43,0.009364740331311325,0.00013891629962649294,False
F2,2026,0,z_R,44,0.009050875859263332,0.00013426044271016725,False
F2,2026,0,z_R,45,0.008459185765740547,0.00012548332819231823,False
F2,2026,0,z_R,46,0.007970042707736108,0.00011822739356925443,False
F2,2026,0,z_R,47,0.007922986197923584,0.0001175293586013614,False
F2,2026,0,z_R,48,0.006954970283620443,0.00010316983724389962,False
F2,2026,0,z_R,49,0.006787965446430669,0.00010069249209802737,False
F2,2026,0,z_R,50,0.006444093778347316,9.559150926385198e-05,False
F2,2026,0,z_R,51,0.005964103168254387,8.84713418005182e-05,False
F2,2026,0,z_R,52,0.005596783787440611,8.302253624280989e-05,False
F2,2026,0,z_R,53,0.005254471675192284,7.794468781685063e-05,False
F2,2026,0,z_R,54,0.004949565411804754,7.342171672056553e-05,False
F2,2026,0,z_R,55,0.004454593527969355,6.607931745598926e-05,False
F2,2026,0,z_R,56,0.004356799958626556,6.462865034726591e-05,False
F2,2026,0,z_R,57,0.004047951603039287,6.004720236408377e-05,False
F2,2026,0,z_R,58,0.003931354112349702,5.831759840505296e-05,False
F2,2026,0,z_R,59,0.0037368778598025655,5.543274304192592e-05,False
F2,2026,0,z_R,60,0.0033970140443413915,5.0391212582939186e-05,False
F2,2026,0,z_R,61,0.0031192519975014317,4.6270898045794435e-05,False
F2,2026,0,z_R,62,0.0029557925499289176,4.384614511165891e-05,False
F2,2026,0,z_R,63,0.0029336602040661124,4.351783450393872e-05,False
F2,2026,0,z_R,64,0.002700498902551598,4.00591261920599e-05,False
F2,2026,0,z_R,65,0.002489920571401679,3.693541303932448e-05,False
F2,2026,0,z_R,66,0.0023273925456648572,3.452447679099423e-05,False
F2,2026,0,z_R,67,0.002191941337892163,3.251519731307761e-05,False
F2,2026,0,z_R,68,0.0019108394916171748,2.8345340283285457e-05,False
F2,2026,0,z_R,69,0.0017145523986973647,2.543362296404577e-05,False
F2,2026,0,z_R,70,0.0016553478726531745,2.4555384658633238e-05,False
F2,2026,0,z_R,71,0.0015548248534672706,2.3064228966264637e-05,False
F2,2026,0,z_R,72,0.0014492133202801173,2.149759039763435e-05,False
F2,2026,0,z_R,73,0.0013705048442132753,2.0330031035855974e-05,False
F2,2026,0,z_R,74,0.0012761489872587322,1.8930358857825983e-05,False
F2,2026,0,z_R,75,0.0011836466022667037,1.75581810317358e-05,False
F2,2026,0,z_R,76,0.0010654411624187103,1.5804724799265348e-05,False
F2,2026,0,z_R,77,0.0010001266644960145,1.4835851339630119e-05,False
F2,2026,0,z_R,78,0.0009385985827539347,1.3923145473120605e-05,False
F2,2026,0,z_R,79,0.0008525340105638075,1.2646465984463016e-05,False
F2,2026,0,z_R,80,0.0007865364885799327,1.1667460564754361e-05,False
F2,2026,0,z_R,81,0.0007519843622755636,1.1154915276725211e-05,False
F2,2026,0,z_R,82,0.0006921673922439096,1.0267591994104877e-05,False
F2,2026,0,z_R,83,0.0006477306239643208,9.608418199811745e-06,False
F2,2026,0,z_R,84,0.0005676970006081462,8.421201639714834e-06,False
F2,2026,0,z_R,85,0.0005194041736566675,7.704827177502429e-06,False
F2,2026,0,z_R,86,0.0004207044235917638,6.2407178089561465e-06,False
F2,2026,0,z_R,87,0.00034529172816016027,5.122047966163917e-06,False
F2,2026,0,z_R,88,0.00031464853407642604,4.667487670816921e-06,False
F2,2026,0,z_R,89,0.00025849020164030395,3.834436517317598e-06,False
F2,2026,0,z_R,90,0.00024816369032891174,3.681253333515548e-06,False
F2,2026,0,z_R,91,0.00022588955908165289,3.350839485315364e-06,False
F2,2026,0,z_R,92,0.00019426741954054835,2.8817575400706817e-06,False
F2,2026,0,z_R,93,0.00012682273519724755,1.8812849538611005e-06,False
F2,2026,0,z_R,94,0.00010116992117100427,1.5007518185623763e-06,False
F2,2026,0,z_R,95,1.1555626303953634e-14,1.714158416805802e-16,False
F2,2026,0,z_P,0,0.3705448896240944,0.21723615294709359,False
F2,2026,0,z_P,1,0.24198019050929265,0.14186363689692463,False
F2,2026,0,z_P,2,0.17263708889661797,0.10121045546177218,False
F2,2026,0,z_P,3,0.1605507500974224,0.09412470197420954,False
F2,2026,0,z_P,4,0.12120862987251299,0.07105993685192831,False
F2,2026,0,z_P,5,0.09565054692193012,0.05607622024334199,False
F2,2026,0,z_P,6,0.07458945709234055,0.043728916962234486,False
F2,2026,0,z_P,7,0.06293308589741776,0.036895236869446915,False
F2,2026,0,z_P,8,0.05779788714747844,0.03388466823851199,False
F2,2026,0,z_P,9,0.047226702496066586,0.027687191090478076,False
F2,2026,0,z_P,10,0.041779608571755694,0.024493770368742552,False
F2,2026,0,z_P,11,0.0348006565213185,0.020402280410326934,False
F2,2026,0,z_P,12,0.027350280981988134,0.016034413073613255,False
F2,2026,0,z_P,13,0.023638839568896727,0.013858538363031156,False
F2,2026,0,z_P,14,0.019488547767957255,0.011425382624846256,False
F2,2026,0,z_P,15,0.01695072099519912,0.009937552835803967,False
F2,2026,0,z_P,16,0.01496374594733064,0.00877266613114936,False
F2,2026,0,z_P,17,0.013627605294828636,0.00798933848779632,False
F2,2026,0,z_P,18,0.01096971239153143,0.006431118565121336,False
F2,2026,0,z_P,19,0.010041970567909989,0.005887219376831092,False
F2,2026,0,z_P,20,0.008747188838979044,0.0051281388724838655,False
F2,2026,0,z_P,21,0.007427880018240497,0.004354679081803291,False
F2,2026,0,z_P,22,0.006249143202358189,0.0036636312266320912,False
F2,2026,0,z_P,23,0.005832819675545058,0.0034195568273386622,False
F2,2026,0,z_P,24,0.0047227511212440815,0.002768766520964388,False
F2,2026,0,z_P,25,0.004503998192671795,0.0026405201303660386,False
F2,2026,0,z_P,26,0.004410058731323228,0.002585447053487318,False
F2,2026,0,z_P,27,0.004099014846532288,0.002403094040878642,False
F2,2026,0,z_P,28,0.0036729270947951226,0.0021532952537488053,False
F2,2026,0,z_P,29,0.0032387545420501846,0.001898756660140857,False
F2,2026,0,z_P,30,0.002846393876380826,0.0016687307605413773,False
F2,2026,0,z_P,31,0.002799051877789328,0.001640975975804562,False
F2,2026,0,z_P,32,0.0024314568051520373,0.001425469186591944,False
F2,2026,0,z_P,33,0.0022132184541103915,0.001297524472919332,False
F2,2026,0,z_P,34,0.002106996237925684,0.001235250491419035,False
F2,2026,0,z_P,35,0.001883337835007226,0.0011041282107323782,False
F2,2026,0,z_P,36,0.0017923475894116242,0.0010507841451079618,False
F2,2026,0,z_P,37,0.0016478696186731279,0.0009660822927071,False
F2,2026,0,z_P,38,0.0014492684617752529,0.0008496501072865858,False
F2,2026,0,z_P,39,0.0013815829202858997,0.0008099686893126275,False
F2,2026,0,z_P,40,0.001146986211675153,0.000672433702595231,False
F2,2026,0,z_P,41,0.0011365954155685182,0.0006663419802817675,False
F2,2026,0,z_P,42,0.001042446475235852,0.0006111460939677981,False
F2,2026,0,z_P,43,0.000854656279191629,0.0005010519572190427,False
F2,2026,0,z_P,44,0.0007957496569919889,0.00046651728045494145,False
F2,2026,0,z_P,45,0.0007772258675873659,0.00045565749838550126,False
F2,2026,0,z_P,46,0.0007120397322367511,0.00041744138566722375,False
F2,2026,0,z_P,47,0.000648736495869233,0.00038032914387775823,False
F2,2026,0,z_P,48,0.0005985122242917938,0.00035088459384464,False
F2,2026,0,z_P,49,0.0005410345841708156,0.00031718767406516146,False
F2,2026,0,z_P,50,0.0004948965832553996,0.0002901387466499101,False
F2,2026,0,z_P,51,0.00046905379329024343,0.00027498811731821026,False
F2,2026,0,z_P,52,0.0003821684929152111,0.00022405062248385328,False
F2,2026,0,z_P,53,0.0003675952579959347,0.0002155068978812296,False
F2,2026,0,z_P,54,0.00034880869712972156,0.00020449306305591944,False
F2,2026,0,z_P,55,0.000309713130544871,0.0001815728428073128,False
F2,2026,0,z_P,56,0.000284687469124563,0.000166901264372054,False
F2,2026,0,z_P,57,0.00026294753087441705,0.0001541559784889857,False
F2,2026,0,z_P,58,0.00024028094677178117,0.0001408674359431592,False
F2,2026,0,z_P,59,0.0002205985738744881,0.00012932842113333231,False
F2,2026,0,z_P,60,0.0002078661372162315,0.00012186388543271,False
F2,2026,0,z_P,61,0.0001893098316347025,0.00011098504038499809,False
F2,2026,0,z_P,62,0.00017025238285731513,9.981239444300227e-05,False
F2,2026,0,z_P,63,0.00014713925245430062,8.626205905338449e-05,False
F2,2026,0,z_P,64,0.0001352229331700308,7.927598143879333e-05,False
F2,2026,0,z_P,65,0.0001304970327253664,7.650536859118034e-05,False
F2,2026,0,z_P,66,0.00010704885497170825,6.275860788428784e-05,False
F2,2026,0,z_P,67,9.872396363166235e-05,5.787804572014956e-05,False
F2,2026,0,z_P,68,9.002215467089602e-05,5.2776511317030096e-05,False
F2,2026,0,z_P,69,8.35903257234348e-05,4.9005778496027845e-05,False
F2,2026,0,z_P,70,7.76485257839457e-05,4.552233075034355e-05,False
F2,2026,0,z_P,71,6.540543999877257e-05,3.834468256075341e-05,False
F2,2026,0,z_P,72,5.790952668830092e-05,3.395011818815145e-05,False
F2,2026,0,z_P,73,5.307542124714449e-05,3.1116068931547826e-05,False
F2,2026,0,z_P,74,4.430681528401871e-05,2.597537402661794e-05,False
F2,2026,0,z_P,75,4.172277618358707e-05,2.4460451735253712e-05,False
F2,2026,0,z_P,76,3.5726976002267066e-05,2.0945345734059654e-05,False
F2,2026,0,z_P,77,2.8964277506720463e-05,1.6980636880015014e-05,False
F2,2026,0,z_P,78,2.403444929433168e-05,1.4090469060845203e-05,False
F2,2026,0,z_P,79,1.7754440249299235e-05,1.0408742383141509e-05,False
F2,2026,0,z_P,80,1.5518290177031014e-05,9.097773988449264e-06,False
F2,2026,0,z_P,81,1.4495756266046504e-05,8.49830186158883e-06,False
F2,2026,0,z_P,82,1.125882403966866e-05,6.600613554722299e-06,False
F2,2026,0,z_P,83,1.066926462644349e-05,6.254977648118085e-06,False
F2,2026,0,z_P,84,8.54098774479046e-06,5.007251137450056e-06,False
F2,2026,0,z_P,85,7.6094257427469974e-06,4.461112326141902e-06,False
F2,2026,0,z_P,86,7.025947984908996e-06,4.119041859129094e-06,False
F2,2026,0,z_P,87,4.743023227814075e-06,2.780651273842417e-06,False
F2,2026,0,z_P,88,4.44114278553452e-06,2.603670433552579e-06,False
F2,2026,0,z_P,89,3.1416331030913525e-06,1.841818112723549e-06,False
F2,2026,0,z_P,90,2.6053662666194296e-06,1.5274255849344042e-06,False
F2,2026,0,z_P,91,1.7958579165285279e-06,1.0528421142766517e-06,False
F2,2026,0,z_P,92,1.695882281042717e-06,9.94230261706209e-07,False
F2,2026,0,z_P,93,1.3384098963596086e-06,7.846580133555127e-07,False
F2,2026,0,z_P,94,1.0494719319964815e-06,6.152648478411104e-07,False
F2,2026,0,z_P,95,1.0195922711706368e-14,5.977475570865264e-15,False
F2,2026,1,z_R,0,22.231382636087837,0.34719369588062876,False
F2,2026,1,z_R,1,18.878805345616723,0.29483556236919173,False
F2,2026,1,z_R,2,14.379270578554209,0.22456507442464488,False
F2,2026,1,z_R,3,2.2436599000495243,0.03503986170130704,False
F2,2026,1,z_R,4,1.7142362684207306,0.026771705358508747,False
F2,2026,1,z_R,5,0.9352179569911461,0.01460555936879085,False
F2,2026,1,z_R,6,0.550156873690312,0.008591953159971556,False
F2,2026,1,z_R,7,0.4249686248281004,0.0066368534023550484,False
F2,2026,1,z_R,8,0.3852442282012457,0.00601646643374981,False
F2,2026,1,z_R,9,0.3449595202332644,0.005387328926837801,False
F2,2026,1,z_R,10,0.25577918781496634,0.003994574831466761,False
F2,2026,1,z_R,11,0.23525732299619848,0.003674079151579327,False
F2,2026,1,z_R,12,0.17407526690831038,0.00271858193746328,False
F2,2026,1,z_R,13,0.1416721335215848,0.0022125331764479375,False
F2,2026,1,z_R,14,0.11569861538446093,0.0018068975079577525,False
F2,2026,1,z_R,15,0.10999678673960113,0.0017178504615867635,False
F2,2026,1,z_R,16,0.07471235034759369,0.0011668035888601014,False
F2,2026,1,z_R,17,0.07247776063959062,0.001131905378874772,False
F2,2026,1,z_R,18,0.06411161883880723,0.0010012490117192582,False
F2,2026,1,z_R,19,0.05574898569611301,0.0008706474402545705,False
F2,2026,1,z_R,20,0.04858842972089545,0.0007588190427908762,False
F2,2026,1,z_R,21,0.04634424313631147,0.00072377095571047,False
F2,2026,1,z_R,22,0.043164305789531475,0.0006741089882939588,False
F2,2026,1,z_R,23,0.04015473647422915,0.0006271077058864232,False
F2,2026,1,z_R,24,0.033838571712688406,0.0005284664012385256,False
F2,2026,1,z_R,25,0.03237183828472648,0.0005055600166891848,False
F2,2026,1,z_R,26,0.030561882378602773,0.00047729343108294446,False
F2,2026,1,z_R,27,0.02374157513669886,0.00037077879287442594,False
F2,2026,1,z_R,28,0.022225711455175812,0.00034710512746843935,False
F2,2026,1,z_R,29,0.022026290776128398,0.0003439907191688357,False
F2,2026,1,z_R,30,0.01991707588382029,0.0003110505226073239,False
F2,2026,1,z_R,31,0.018851691737667958,0.00029441212160050514,False
F2,2026,1,z_R,32,0.01672148699626562,0.0002611441207183042,False
F2,2026,1,z_R,33,0.01585391917754061,0.0002475950724048954,False
F2,2026,1,z_R,34,0.014662804920039643,0.00022899310922305682,False
F2,2026,1,z_R,35,0.013558837846970597,0.00021175214789808853,False
F2,2026,1,z_R,36,0.012994876486001707,0.00020294460621461205,False
F2,2026,1,z_R,37,0.012656710143514268,0.00019766336823708475,False
F2,2026,1,z_R,38,0.012165731860865251,0.00018999562361946823,False
F2,2026,1,z_R,39,0.010896040616749618,0.00017016650174757033,False
F2,2026,1,z_R,40,0.010104175552923119,0.00015779972444680173,False
F2,2026,1,z_R,41,0.00931990637911925,0.0001455515742765913,False
F2,2026,1,z_R,42,0.009091748883020362,0.00014198837509954798,False
F2,2026,1,z_R,43,0.008803806336768506,0.00013749149613925436,False
F2,2026,1,z_R,44,0.007888553894034872,0.0001231977437686468,False
F2,2026,1,z_R,45,0.007273504284395581,0.00011359234267344163,False
F2,2026,1,z_R,46,0.006999537051799299,0.00010931372007977151,False
F2,2026,1,z_R,47,0.006342200894108033,9.904791818338691e-05,False
F2,2026,1,z_R,48,0.00607054226943128,9.480534976273162e-05,False
F2,2026,1,z_R,49,0.005526725783272145,8.631241620114937e-05,False
F2,2026,1,z_R,50,0.0050599028188433965,7.902191191740457e-05,False
F2,2026,1,z_R,51,0.004614756400598723,7.20699362941021e-05,False
F2,2026,1,z_R,52,0.004493162669428285,7.01709731206443e-05,False
F2,2026,1,z_R,53,0.0040654463249426885,6.349120781493416e-05,False
F2,2026,1,z_R,54,0.003859874074675253,6.0280728713873246e-05,False
F2,2026,1,z_R,55,0.0037062026092208036,5.788079862783737e-05,False
F2,2026,1,z_R,56,0.0035519587561653448,5.547192940517992e-05,False
F2,2026,1,z_R,57,0.003258654139128951,5.0891309491670205e-05,False
F2,2026,1,z_R,58,0.0030553595800833443,4.7716401728943326e-05,False
F2,2026,1,z_R,59,0.0029081646443878833,4.541761741239522e-05,False
F2,2026,1,z_R,60,0.0026857998077400354,4.1944883811726804e-05,False
F2,2026,1,z_R,61,0.002519425736411304,3.9346573591040746e-05,False
F2,2026,1,z_R,62,0.0024128753266972024,3.768254615955823e-05,False
F2,2026,1,z_R,63,0.0022329776918065735,3.487303467931084e-05,False
F2,2026,1,z_R,64,0.002121996319886854,3.3139807676678904e-05,False
F2,2026,1,z_R,65,0.0018933486827099478,2.956895382987593e-05,False
F2,2026,1,z_R,66,0.001849651602403881,2.8886524353536093e-05,False
F2,2026,1,z_R,67,0.0016925914763397637,2.643367261074074e-05,False
F2,2026,1,z_R,68,0.0016350546675177363,2.5535104238674243e-05,False
F2,2026,1,z_R,69,0.0015750255125137093,2.4597612201961816e-05,False
F2,2026,1,z_R,70,0.001492619275541893,2.3310651042316434e-05,False
F2,2026,1,z_R,71,0.0014243794266415625,2.2244930311677672e-05,False
F2,2026,1,z_R,72,0.0013954482077484394,2.1793103406520213e-05,False
F2,2026,1,z_R,73,0.0012386123712659514,1.9343754456604105e-05,False
F2,2026,1,z_R,74,0.0011781422600984223,1.8399375884644016e-05,False
F2,2026,1,z_R,75,0.001037078107950108,1.619633772267483e-05,False
F2,2026,1,z_R,76,0.0009503774995013858,1.4842310167341983e-05,False
F2,2026,1,z_R,77,0.0008950206925009916,1.39777874910322e-05,False
F2,2026,1,z_R,78,0.0008255027357902147,1.2892106194660453e-05,False
F2,2026,1,z_R,79,0.0007291400917466076,1.1387183937777518e-05,False
F2,2026,1,z_R,80,0.000664688836878328,1.0380630735569661e-05,False
F2,2026,1,z_R,81,0.000610635539550689,9.536465332953027e-06,False
F2,2026,1,z_R,82,0.0005552324249681002,8.671219458231675e-06,False
F2,2026,1,z_R,83,0.0005202443686479981,8.124801235653975e-06,False
F2,2026,1,z_R,84,0.0004340577799254212,6.778801269580746e-06,False
F2,2026,1,z_R,85,0.00037973408434772667,5.930412982165035e-06,False
F2,2026,1,z_R,86,0.0003671498138162551,5.73388092352956e-06,False
F2,2026,1,z_R,87,0.000319248470886526,4.985792306566026e-06,False
F2,2026,1,z_R,88,0.00028255647596126925,4.412763200105783e-06,False
F2,2026,1,z_R,89,0.00023763091940676154,3.7111482679632376e-06,False
F2,2026,1,z_R,90,0.00020997724788190492,3.2792731759571094e-06,False
F2,2026,1,z_R,91,0.00017691224909575505,2.7628878786154746e-06,False
F2,2026,1,z_R,92,0.00015674493957495406,2.4479293875889508e-06,False
F2,2026,1,z_R,93,0.00014813333240296412,2.313439519349183e-06,False
F2,2026,1,z_R,94,7.164742063288868e-05,1.1189377276727089e-06,False
F2,2026,1,z_R,95,1.3894318997658934e-14,2.1699145048724439e-16,False
F2,2026,1,z_P,0,0.29395460289019026,0.20524992844313425,False
F2,2026,1,z_P,1,0.16813613892416474,0.1173988437111877,False
F2,2026,1,z_P,2,0.13752636786035422,0.09602597436763542,False
F2,2026,1,z_P,3,0.12190719612812637,0.08512009349738975,False
F2,2026,1,z_P,4,0.10826272632676232,0.07559302223250929,False
F2,2026,1,z_P,5,0.10663852501906299,0.0744589450692166,False
F2,2026,1,z_P,6,0.06726857895576759,0.046969398952736656,False
F2,2026,1,z_P,7,0.05740068278029115,0.04007927046355148,False
F2,2026,1,z_P,8,0.0466975097158269,0.03260592089189529,False
F2,2026,1,z_P,9,0.04549342112709374,0.031765181899388345,False
F2,2026,1,z_P,10,0.03853221821098414,0.02690461368116123,False
F2,2026,1,z_P,11,0.030390023438447197,0.02121943345944666,False
F2,2026,1,z_P,12,0.02296591238460827,0.016035645733137264,False
F2,2026,1,z_P,13,0.02235982284967027,0.015612451700953225,False
F2,2026,1,z_P,14,0.0189499258676518,0.013231536060658938,False
F2,2026,1,z_P,15,0.016760105117421608,0.011702522573988215,False
F2,2026,1,z_P,16,0.01552121215889076,0.010837481888838102,False
F2,2026,1,z_P,17,0.010359631089519795,0.007233475914018985,False
F2,2026,1,z_P,18,0.0094614533115858,0.0066063351145975455,False
F2,2026,1,z_P,19,0.008405435818616925,0.005868984813784165,False
F2,2026,1,z_P,20,0.007973679712406114,0.005567516801263336,False
F2,2026,1,z_P,21,0.006962945221609376,0.004861784760086438,False
F2,2026,1,z_P,22,0.006127265931443693,0.004278282706294854,False
F2,2026,1,z_P,23,0.005920671792693094,0.004134031070911646,False
F2,2026,1,z_P,24,0.005537256022640947,0.0038663160612012176,False
F2,2026,1,z_P,25,0.005126451094908963,0.0035794769330091195,False
F2,2026,1,z_P,26,0.00438590601238476,0.003062401086254008,False
F2,2026,1,z_P,27,0.004034217898102445,0.0028168394941543227,False
F2,2026,1,z_P,28,0.0034918480633463964,0.002438136903077772,False
F2,2026,1,z_P,29,0.003391397412001647,0.0023679985592727666,False
F2,2026,1,z_P,30,0.003154304056687594,0.0022024512477692593,False
F2,2026,1,z_P,31,0.002575729048682965,0.0017984688714963587,False
F2,2026,1,z_P,32,0.0024376407280905076,0.0017020505210375906,False
F2,2026,1,z_P,33,0.0022216157007737916,0.0015512138919706,False
F2,2026,1,z_P,34,0.0019866457188886565,0.0013871491979871402,False
F2,2026,1,z_P,35,0.0018595069332076567,0.0012983762160137288,False
F2,2026,1,z_P,36,0.0016199376037777024,0.0011311000882062105,False
F2,2026,1,z_P,37,0.0015100112138203212,0.0010543454347633691,False
F2,2026,1,z_P,38,0.0013564167823553305,0.0009471001466899935,False
F2,2026,1,z_P,39,0.0013057450332989062,0.000911719265541469,False
F2,2026,1,z_P,40,0.0011148887424243567,0.0007784563750823021,False
F2,2026,1,z_P,41,0.0009958147082303936,0.0006953144995768656,False
F2,2026,1,z_P,42,0.0009230876842010375,0.0006445338132697229,False
F2,2026,1,z_P,43,0.0007905828343610341,0.0005520140476983415,False
F2,2026,1,z_P,44,0.000713595666826245,0.0004982587723184287,False
F2,2026,1,z_P,45,0.0006816018350553848,0.00047591950082199357,False
F2,2026,1,z_P,46,0.0006202869895622488,0.00043310721781559625,False
F2,2026,1,z_P,47,0.0005688656048933613,0.00039720291347755974,False
F2,2026,1,z_P,48,0.0005313373032336583,0.00037099927130113906,False
F2,2026,1,z_P,49,0.00044574286867253516,0.0003112340851258987,False
F2,2026,1,z_P,50,0.00042472984173428795,0.00029656201592526767,False
F2,2026,1,z_P,51,0.0003955996481412384,0.00027622224205637,False
F2,2026,1,z_P,52,0.0003606198697213228,0.0002517980726538369,False
F2,2026,1,z_P,53,0.0003322524207201921,0.00023199087514663756,False
F2,2026,1,z_P,54,0.0002893989002347436,0.00020206896908803298,False
F2,2026,1,z_P,55,0.0002785599427127004,0.00019450080980791244,False
F2,2026,1,z_P,56,0.00027011197048756614,0.00018860212450871975,False
F2,2026,1,z_P,57,0.00025712830244546133,0.00017953644936578988,False
F2,2026,1,z_P,58,0.00023336457424239244,0.00016294373924910556,False
F2,2026,1,z_P,59,0.000196033829719423,0.00013687803874047746,False
F2,2026,1,z_P,60,0.00017817368797741042,0.00012440743008699872,False
F2,2026,1,z_P,61,0.00017087872988555945,0.0001193138217147311,False
F2,2026,1,z_P,62,0.0001551817684927681,0.00010835362523892153,False
F2,2026,1,z_P,63,0.00014752928988513473,0.00010301038287705212,False
F2,2026,1,z_P,64,0.00013184996827865758,9.206250314962187e-05,False
F2,2026,1,z_P,65,0.0001189233442498063,8.303665823735782e-05,False
F2,2026,1,z_P,66,0.00010140719247177696,7.080623604396008e-05,False
F2,2026,1,z_P,67,9.56340818041212e-05,6.677523758440107e-05,False
F2,2026,1,z_P,68,8.985716190313326e-05,6.274157937785674e-05,False
F2,2026,1,z_P,69,7.1859589646205e-05,5.017501167806605e-05,False
F2,2026,1,z_P,70,6.936750126668662e-05,4.843494380179882e-05,False
F2,2026,1,z_P,71,5.699085708210697e-05,3.9793115069489205e-05,False
F2,2026,1,z_P,72,5.351275030121317e-05,3.7364572835834475e-05,False
F2,2026,1,z_P,73,4.794416492910836e-05,3.347638146915274e-05,False
F2,2026,1,z_P,74,4.286721924288617e-05,2.9931471035496254e-05,False
F2,2026,1,z_P,75,3.705816265190336e-05,2.5875373808582828e-05,False
F2,2026,1,z_P,76,3.480734933828705e-05,2.4303773068140676e-05,False
F2,2026,1,z_P,77,2.9761821057079224e-05,2.0780799423592666e-05,False
F2,2026,1,z_P,78,2.5337215887715106e-05,1.7691377160861994e-05,False
F2,2026,1,z_P,79,1.887949844042432e-05,1.3182361037520164e-05,False
F2,2026,1,z_P,80,1.813180908102706e-05,1.2660296793568492e-05,False
F2,2026,1,z_P,81,1.4484012373349297e-05,1.011327080430154e-05,False
F2,2026,1,z_P,82,1.3006732506419072e-05,9.081779601249417e-06,False
F2,2026,1,z_P,83,1.2050897369576211e-05,8.414380310639507e-06,False
F2,2026,1,z_P,84,1.014650800396914e-05,7.084665527555355e-06,False
F2,2026,1,z_P,85,8.764336160388825e-06,6.119582248703109e-06,False
F2,2026,1,z_P,86,7.46938157655131e-06,5.215397272327534e-06,False
F2,2026,1,z_P,87,6.963580999974053e-06,4.8622286839528195e-06,False
F2,2026,1,z_P,88,4.024084963847779e-06,2.809764306318376e-06,False
F2,2026,1,z_P,89,3.4728359836685193e-06,2.424861968938036e-06,False
F2,2026,1,z_P,90,2.6710684850963204e-06,1.8650383768187842e-06,False
F2,2026,1,z_P,91,2.2062743965596756e-06,1.5405020284338078e-06,False
F2,2026,1,z_P,92,1.3504203186644264e-06,9.429131949247589e-07,False
F2,2026,1,z_P,93,1.1274440131974136e-06,7.872229274765056e-07,False
F2,2026,1,z_P,94,8.562739244048909e-07,5.978819858026815e-07,False
F2,2026,1,z_P,95,1.346718359645614e-14,9.403283508153624e-15,False
F2,2026,2,z_R,0,30.627534385386948,0.44760090960461996,False
F2,2026,2,z_R,1,24.028866083787733,0.35116579025057254,False
F2,2026,2,z_R,2,6.767796792112893,0.09890681900970424,False
F2,2026,2,z_R,3,1.8443745039871926,0.02695429854876342,False
F2,2026,2,z_R,4,0.9036708784730645,0.01320654487227472,False
F2,2026,2,z_R,5,0.7921343467495718,0.011576513135949264,False
F2,2026,2,z_R,6,0.7048940622169765,0.010301554785740488,False
F2,2026,2,z_R,7,0.5250772936479641,0.007673653102213032,False
F2,2026,2,z_R,8,0.3048787530521937,0.004455598856511091,False
F2,2026,2,z_R,9,0.25208406599588273,0.003684039851749321,False
F2,2026,2,z_R,10,0.19289544457943203,0.0028190377771165308,False
F2,2026,2,z_R,11,0.1614660466361744,0.0023597181684692297,False
F2,2026,2,z_R,12,0.15191209493729416,0.0022200935608554435,False
F2,2026,2,z_R,13,0.14196386065200828,0.002074706777217438,False
F2,2026,2,z_R,14,0.09705189536738215,0.0014183484735884927,False
F2,2026,2,z_R,15,0.09199775929717147,0.0013444856587165525,False
F2,2026,2,z_R,16,0.07531753579769249,0.001100715359846612,False
F2,2026,2,z_R,17,0.060581446521190484,0.0008853572810283505,False
F2,2026,2,z_R,18,0.054526905088607615,0.0007968742115666455,False
F2,2026,2,z_R,19,0.04682078077194073,0.0006842543640051619,False
F2,2026,2,z_R,20,0.045867890536361956,0.0006703285111816345,False
F2,2026,2,z_R,21,0.044147482226184934,0.0006451858955588114,False
F2,2026,2,z_R,22,0.03488488950474932,0.0005098193043326554,False
F2,2026,2,z_R,23,0.03316474686828269,0.00048468057135323846,False
F2,2026,2,z_R,24,0.029400550826773078,0.000429669366373131,False
F2,2026,2,z_R,25,0.02839975371142114,0.0004150433865758497,False
F2,2026,2,z_R,26,0.0257033528501989,0.0003756372932561864,False
F2,2026,2,z_R,27,0.02443076179576892,0.0003570392270080153,False
F2,2026,2,z_R,28,0.02123982976534182,0.0003104058917439419,False
F2,2026,2,z_R,29,0.019906692336343627,0.00029092298076785435,False
F2,2026,2,z_R,30,0.018980304149291354,0.0002773844376401577,False
F2,2026,2,z_R,31,0.017683142209582982,0.00025842728435409424,False
F2,2026,2,z_R,32,0.01641738863430584,0.0002399291432859819,False
F2,2026,2,z_R,33,0.015546681974264176,0.0002272043483962112,False
F2,2026,2,z_R,34,0.014413770153069048,0.0002106476006251366,False
F2,2026,2,z_R,35,0.013711936511361057,0.00020039077183615307,False
F2,2026,2,z_R,36,0.01275030745676486,0.00018633720702341207,False
F2,2026,2,z_R,37,0.011389418367933253,0.00016644872411887045,False
F2,2026,2,z_R,38,0.01085922308546228,0.00015870027503655338,False
F2,2026,2,z_R,39,0.010099561046777415,0.00014759832294243772,False
F2,2026,2,z_R,40,0.009313082617167052,0.0001361044672487854,False
F2,2026,2,z_R,41,0.008785717830447617,0.00012839738396683214,False
F2,2026,2,z_R,42,0.008700891571730332,0.0001271577049876999,False
F2,2026,2,z_R,43,0.008184354122691664,0.00011960885599694112,False
F2,2026,2,z_R,44,0.00796932280982964,0.00011646631732505772,False
F2,2026,2,z_R,45,0.007416594873116773,0.00010838856858683069,False
F2,2026,2,z_R,46,0.0071259489835061385,0.00010414097350047486,False
F2,2026,2,z_R,47,0.006409914309018673,9.36766061251515e-05,False
F2,2026,2,z_R,48,0.005811495647959473,8.49311180409956e-05,False
F2,2026,2,z_R,49,0.005622362255863936,8.216706014219976e-05,False
F2,2026,2,z_R,50,0.005235261345584837,7.65098395063666e-05,False
F2,2026,2,z_R,51,0.004980701635928918,7.27896197799938e-05,False
F2,2026,2,z_R,52,0.004741790527758148,6.92980938874327e-05,False
F2,2026,2,z_R,53,0.004380301224583451,6.401516974220558e-05,False
F2,2026,2,z_R,54,0.003979122178206666,5.8152206572756366e-05,False
F2,2026,2,z_R,55,0.003930330135306393,5.7439143532525156e-05,False
F2,2026,2,z_R,56,0.00361883769284451,5.288689003322206e-05,False
F2,2026,2,z_R,57,0.0032583367613760444,4.761841027875686e-05,False
F2,2026,2,z_R,58,0.003117367440795192,4.5558238038824925e-05,False
F2,2026,2,z_R,59,0.0029456460679324614,4.3048645143597126e-05,False
F2,2026,2,z_R,60,0.0027293622864695867,3.988780248165242e-05,False
F2,2026,2,z_R,61,0.002629156330677689,3.842335952663434e-05,False
F2,2026,2,z_R,62,0.002460344883999422,3.595629325436806e-05,False
F2,2026,2,z_R,63,0.002382073892045459,3.481241511016572e-05,False
F2,2026,2,z_R,64,0.002166965240937802,3.16687461916011e-05,False
F2,2026,2,z_R,65,0.001941050879667589,2.8367159053540766e-05,False
F2,2026,2,z_R,66,0.0016875592014685445,2.466254789185256e-05,False
F2,2026,2,z_R,67,0.001666460450832732,2.4354203777132813e-05,False
F2,2026,2,z_R,68,0.001555166613843852,2.2727718861867193e-05,False
F2,2026,2,z_R,69,0.0014347060423425297,2.096726825892183e-05,False
F2,2026,2,z_R,70,0.001357627735044125,1.984082040244628e-05,False
F2,2026,2,z_R,71,0.0012946590703896825,1.892057552666665e-05,False
F2,2026,2,z_R,72,0.001198239544958363,1.7511468716315773e-05,False
F2,2026,2,z_R,73,0.0011259239244322482,1.6454624338351243e-05,False
F2,2026,2,z_R,74,0.0010525234028148165,1.5381924857289152e-05,False
F2,2026,2,z_R,75,0.000951921857423813,1.3911700625131302e-05,False
F2,2026,2,z_R,76,0.0009036055370947949,1.320558995177801e-05,False
F2,2026,2,z_R,77,0.0008173406714151131,1.1944886695051975e-05,False
F2,2026,2,z_R,78,0.0007407660014187475,1.082579916055556e-05,False
F2,2026,2,z_R,79,0.0006609966054509812,9.660022844887824e-06,False
F2,2026,2,z_R,80,0.0005874270887289936,8.584853613516544e-06,False
F2,2026,2,z_R,81,0.0005390726791555987,7.878186291357811e-06,False
F2,2026,2,z_R,82,0.0004957074010013752,7.244431784617338e-06,False
F2,2026,2,z_R,83,0.00046109245671918517,6.738557548981384e-06,False
F2,2026,2,z_R,84,0.00042362079170879736,6.1909342525056605e-06,False
F2,2026,2,z_R,85,0.0004144618980349384,6.057083153432296e-06,False
F2,2026,2,z_R,86,0.0003478041224156521,5.082924390797828e-06,False
F2,2026,2,z_R,87,0.000327392443573385,4.784621370339372e-06,False
F2,2026,2,z_R,88,0.0002762485106706531,4.037187032335895e-06,False
F2,2026,2,z_R,89,0.00023027712380639464,3.3653459916138696e-06,False
F2,2026,2,z_R,90,0.00020815645369461414,3.042067207938068e-06,False
F2,2026,2,z_R,91,0.0001615858317323007,2.3614687474518065e-06,False
F2,2026,2,z_R,92,0.00014391355520149292,2.1032002577183327e-06,False
F2,2026,2,z_R,93,0.00012880662104485796,1.88242252926125e-06,False
F2,2026,2,z_R,94,0.0001157960638282304,1.692281946237238e-06,False
F2,2026,2,z_R,95,9.755771805496652e-15,1.425740733514236e-16,False
F2,2026,2,z_P,0,0.4343340680977547,0.23706977439145013,False
F2,2026,2,z_P,1,0.26669645328541114,0.1455692119392814,False
F2,2026,2,z_P,2,0.2038015924639714,0.11123971406999497,False
F2,2026,2,z_P,3,0.14912186280668027,0.08139422847312958,False
F2,2026,2,z_P,4,0.10589323938825386,0.057799026637033304,False
F2,2026,2,z_P,5,0.09430494636778247,0.05147386309649599,False
F2,2026,2,z_P,6,0.08695073959746966,0.047459763655708545,False
F2,2026,2,z_P,7,0.0822222620334144,0.04487884912087792,False
F2,2026,2,z_P,8,0.057557057991652,0.03141599923873687,False
F2,2026,2,z_P,9,0.04735520739828994,0.025847588662205063,False
F2,2026,2,z_P,10,0.03364528477623555,0.018364389664784594,False
F2,2026,2,z_P,11,0.03145806960103078,0.017170556055548465,False
F2,2026,2,z_P,12,0.02649337024471286,0.014460706097246862,False
F2,2026,2,z_P,13,0.023745987025833658,0.012961119563040302,False
F2,2026,2,z_P,14,0.01721330282002688,0.009395426506485872,False
F2,2026,2,z_P,15,0.016585534873906474,0.009052775960999643,False
F2,2026,2,z_P,16,0.016503178328171754,0.00900782381666867,False
F2,2026,2,z_P,17,0.012426361447510364,0.0067826010466323,False
F2,2026,2,z_P,18,0.010850628591853796,0.005922528903943226,False
F2,2026,2,z_P,19,0.009872788460397663,0.0053888007062669685,False
F2,2026,2,z_P,20,0.009534992119151185,0.005204423499200779,False
F2,2026,2,z_P,21,0.008490745950103728,0.0046344493205934065,False
F2,2026,2,z_P,22,0.008409519029114375,0.004590113752080913,False
F2,2026,2,z_P,23,0.007122914629257064,0.0038878547371685238,False
F2,2026,2,z_P,24,0.006418274600477729,0.003503245596601856,False
F2,2026,2,z_P,25,0.0050046818772595475,0.0027316733608745286,False
F2,2026,2,z_P,26,0.004923939734526887,0.0026876023957638526,False
F2,2026,2,z_P,27,0.004710711123230392,0.0025712171925601174,False
F2,2026,2,z_P,28,0.004437509160566019,0.0024220971202254574,False
F2,2026,2,z_P,29,0.0037923255328287508,0.0020699406851140707,False
F2,2026,2,z_P,30,0.0037873101020002202,0.002067203144722171,False
F2,2026,2,z_P,31,0.0032332228015708657,0.0017647692327767918,False
F2,2026,2,z_P,32,0.0030905283136564133,0.0016868832170540532,False
F2,2026,2,z_P,33,0.0029402831502413763,0.0016048758646255241,False
F2,2026,2,z_P,34,0.0025471099719786435,0.0013902726743306817,False
F2,2026,2,z_P,35,0.0023346052352193006,0.0012742825789156626,False
F2,2026,2,z_P,36,0.002144573746998626,0.0011705589123908269,False
F2,2026,2,z_P,37,0.0019678250939913545,0.001074085330486596,False
F2,2026,2,z_P,38,0.0019064316027948957,0.0010405753155554804,False
F2,2026,2,z_P,39,0.0017680522060604924,0.0009650445783330286,False
F2,2026,2,z_P,40,0.001317938396564279,0.0007193618490571689,False
F2,2026,2,z_P,41,0.0012878643248415722,0.0007029467116732653,False
F2,2026,2,z_P,42,0.0011595709887875704,0.0006329211841629449,False
F2,2026,2,z_P,43,0.0011328175388199432,0.0006183185204211938,False
F2,2026,2,z_P,44,0.001033281467698909,0.0005639893861034041,False
F2,2026,2,z_P,45,0.0008518600256434234,0.00046496528576922216,False
F2,2026,2,z_P,46,0.0008133010591915912,0.00044391889279908565,False
F2,2026,2,z_P,47,0.0007858370310949948,0.0004289283787616854,False
F2,2026,2,z_P,48,0.0007034840439218568,0.0003839781767775212,False
F2,2026,2,z_P,49,0.0006337429946427387,0.0003459118678397144,False
F2,2026,2,z_P,50,0.0006055233803262855,0.0003305089370295308,False
F2,2026,2,z_P,51,0.0005575493679253854,0.0003043235900077211,False
F2,2026,2,z_P,52,0.0005051565825192201,0.0002757263725009799,False
F2,2026,2,z_P,53,0.00046455919679062386,0.00025356736223104443,False
F2,2026,2,z_P,54,0.00043629388167931347,0.00023813948684956856,False
F2,2026,2,z_P,55,0.00038541317979175937,0.00021036760017673626,False
F2,2026,2,z_P,56,0.00035279739613463233,0.0001925651364946675,False
F2,2026,2,z_P,57,0.00033420619097789456,0.00018241761840686,False
F2,2026,2,z_P,58,0.0003211129329701336,0.00017527100949463824,False
F2,2026,2,z_P,59,0.0002661875824856855,0.00014529145825946136,False
F2,2026,2,z_P,60,0.0002555721475542085,0.00013949730360036618,False
F2,2026,2,z_P,61,0.0002448083320161732,0.00013362215930793437,False
F2,2026,2,z_P,62,0.00019793100237910577,0.00010803540759443077,False
F2,2026,2,z_P,63,0.00018168628277821365,9.91686566446317e-05,False
F2,2026,2,z_P,64,0.00017713553260093032,9.668474990766904e-05,False
F2,2026,2,z_P,65,0.0001626185626321189,8.876104544113615e-05,False
F2,2026,2,z_P,66,0.00014417887567573062,7.869622955932959e-05,False
F2,2026,2,z_P,67,0.00014169930055498822,7.734281899903075e-05,False
F2,2026,2,z_P,68,0.00012054122713829494,6.579424369748594e-05,False
F2,2026,2,z_P,69,0.00011836663527173764,6.460730018772148e-05,False
F2,2026,2,z_P,70,0.00010558191231584803,5.762909698094981e-05,False
F2,2026,2,z_P,71,9.143242344743326e-05,4.990597236288633e-05,False
F2,2026,2,z_P,72,8.415809281105145e-05,4.593547119918827e-05,False
F2,2026,2,z_P,73,7.190307102834829e-05,3.924639138117626e-05,False
F2,2026,2,z_P,74,6.94499666700701e-05,3.790742918711507e-05,False
F2,2026,2,z_P,75,5.686341860530476e-05,3.1037394508164934e-05,False
F2,2026,2,z_P,76,4.9501804212597604e-05,2.701925181242976e-05,False
F2,2026,2,z_P,77,4.700591806905744e-05,2.5656938311333084e-05,False
F2,2026,2,z_P,78,3.924943527544836e-05,2.142326713281939e-05,False
F2,2026,2,z_P,79,3.685949172636986e-05,2.0118779597522432e-05,False
F2,2026,2,z_P,80,2.8090222028929768e-05,1.533230544905199e-05,False
F2,2026,2,z_P,81,2.5659525670390076e-05,1.4005574069547516e-05,False
F2,2026,2,z_P,82,2.1377883439805413e-05,1.1668552794483371e-05,False
F2,2026,2,z_P,83,1.496716999969745e-05,8.169434257476101e-06,False
F2,2026,2,z_P,84,1.3964405664284937e-05,7.622101841658025e-06,False
F2,2026,2,z_P,85,1.1939544765610282e-05,6.516885024277655e-06,False
F2,2026,2,z_P,86,8.941561531242406e-06,4.880515093376956e-06,False
F2,2026,2,z_P,87,7.65423967471365e-06,4.177864473698264e-06,False
F2,2026,2,z_P,88,5.544230662643368e-06,3.026171808542545e-06,False
F2,2026,2,z_P,89,4.8670360725352695e-06,2.656543035466645e-06,False
F2,2026,2,z_P,90,2.8639833958897217e-06,1.563229659828624e-06,False
F2,2026,2,z_P,91,1.6084833603078058e-06,8.779481402659612e-07,False
F2,2026,2,z_P,92,1.4877646371583184e-06,8.120570150608536e-07,False
F2,2026,2,z_P,93,1.3285702141292174e-06,7.251649457438505e-07,False
F2,2026,2,z_P,94,9.908041248972222e-07,5.408042509403994e-07,False
F2,2026,2,z_P,95,1.0967433677372954e-14,5.986283873460304e-15,False
F2,2026,3,z_R,0,32.06759061242601,0.5018582259925051,False
F2,2026,3,z_R,1,19.64388724887046,0.30742710063458367,False
F2,2026,3,z_R,2,3.337432657177303,0.05223086613970407,False
F2,2026,3,z_R,3,2.5256140221066006,0.039525893541408286,False
F2,2026,3,z_R,4,1.7373541488652258,0.027189615883781503,False
F2,2026,3,z_R,5,0.7070221368344027,0.011064905986159463,False
F2,2026,3,z_R,6,0.668464033762255,0.010461471152551293,False
F2,2026,3,z_R,7,0.5058940243647054,0.007917248310807,False
F2,2026,3,z_R,8,0.3468594142635844,0.005428354515779215,False
F2,2026,3,z_R,9,0.29953819807670595,0.004687776843624694,False
F2,2026,3,z_R,10,0.28741233378968595,0.00449800690383534,False
F2,2026,3,z_R,11,0.22838932459559164,0.0035742960131453032,False
F2,2026,3,z_R,12,0.1902738443932659,0.002977788233425194,False
F2,2026,3,z_R,13,0.14265529162633164,0.0022325572397787967,False
F2,2026,3,z_R,14,0.1318721388195686,0.002063800752781884,False
F2,2026,3,z_R,15,0.10742146532087493,0.0016811473824466174,False
F2,2026,3,z_R,16,0.08387954314150735,0.0013127159825268213,False
F2,2026,3,z_R,17,0.07938467195888445,0.0012423711878386335,False
F2,2026,3,z_R,18,0.07266767939887461,0.0011372501635960092,False
F2,2026,3,z_R,19,0.06751905917698371,0.0010566741876177556,False
F2,2026,3,z_R,20,0.06011969237301916,0.0009408739972452819,False
F2,2026,3,z_R,21,0.05193386841688077,0.0008127657418242248,False
F2,2026,3,z_R,22,0.04635356145879767,0.0007254338625968522,False
F2,2026,3,z_R,23,0.04454781668189408,0.0006971739324610062,False
F2,2026,3,z_R,24,0.03804487944534844,0.0005954028769203137,False
F2,2026,3,z_R,25,0.03331064085805311,0.0005213119791175756,False
F2,2026,3,z_R,26,0.031318464773094246,0.0004901343964938678,False
F2,2026,3,z_R,27,0.024182564029689442,0.00037845745352590955,False
F2,2026,3,z_R,28,0.023166975652620728,0.0003625634817144815,False
F2,2026,3,z_R,29,0.02146656286893082,0.00033595199869439706,False
F2,2026,3,z_R,30,0.021188832754995682,0.000331605518661994,False
F2,2026,3,z_R,31,0.018629590794478835,0.00029155334743049285,False
F2,2026,3,z_R,32,0.017551491184715797,0.0002746810739835057,False
F2,2026,3,z_R,33,0.01605426653480735,0.0002512494880001128,False
F2,2026,3,z_R,34,0.013600423238046602,0.00021284680727926198,False
F2,2026,3,z_R,35,0.013318845801254899,0.00020844011659221538,False
F2,2026,3,z_R,36,0.012025167308354026,0.000188194030713836,False
F2,2026,3,z_R,37,0.011696042605317336,0.00018304322466817382,False
F2,2026,3,z_R,38,0.010796642878893647,0.0001689676068078712,False
F2,2026,3,z_R,39,0.010250483864361249,0.00016042021085736798,False
F2,2026,3,z_R,40,0.00998269684014525,0.0001562293403132998,False
F2,2026,3,z_R,41,0.009262267411738339,0.00014495461003303402,False
F2,2026,3,z_R,42,0.00881540183849123,0.00013796115777909334,False
F2,2026,3,z_R,43,0.008161433508093199,0.00012772654457988213,False
F2,2026,3,z_R,44,0.0073596527047082375,0.00011517866418297752,False
F2,2026,3,z_R,45,0.0071034877665780705,0.00011116967944304918,False
F2,2026,3,z_R,46,0.006483040647806273,0.00010145967365832025,False
F2,2026,3,z_R,47,0.006288317123190811,9.841224786934763e-05,False
F2,2026,3,z_R,48,0.0058981988709828695,9.23068919557509e-05,False
F2,2026,3,z_R,49,0.0054794277512156785,8.575311827804216e-05,False
F2,2026,3,z_R,50,0.005189561439469099,8.121670658605307e-05,False
F2,2026,3,z_R,51,0.004960294149877489,7.762867040886768e-05,False
F2,2026,3,z_R,52,0.0042849762151858746,6.70599356142452e-05,False
F2,2026,3,z_R,53,0.004229473714047042,6.619132072214638e-05,False
F2,2026,3,z_R,54,0.0038372239533078565,6.0052606671260605e-05,False
F2,2026,3,z_R,55,0.003631156122137176,5.6827642331552236e-05,False
F2,2026,3,z_R,56,0.0036026328283200577,5.6381252398253815e-05,False
F2,2026,3,z_R,57,0.003290234544482258,5.149221503885862e-05,False
F2,2026,3,z_R,58,0.0030340773352264317,4.748335125591805e-05,False
F2,2026,3,z_R,59,0.002891928486434721,4.525871985333797e-05,False
F2,2026,3,z_R,60,0.0026962680050337455,4.219663067802327e-05,False
F2,2026,3,z_R,61,0.0024382050919922326,3.815794260510996e-05,False
F2,2026,3,z_R,62,0.002332195956860354,3.6498898209187395e-05,False
F2,2026,3,z_R,63,0.002002873197355446,3.1344992577123876e-05,False
F2,2026,3,z_R,64,0.0019383438874659323,3.033510800621623e-05,False
F2,2026,3,z_R,65,0.0017446757746971042,2.7304199426891337e-05,False
F2,2026,3,z_R,66,0.0016851659041415017,2.6372869149321136e-05,False
F2,2026,3,z_R,67,0.001602305344951188,2.507610027938664e-05,False
F2,2026,3,z_R,68,0.0014289637375407723,2.2363301783325904e-05,False
F2,2026,3,z_R,69,0.001384750425667789,2.167136285564012e-05,False
F2,2026,3,z_R,70,0.0013342231311439376,2.088061001423036e-05,False
F2,2026,3,z_R,71,0.0011725557299216993,1.8350513002614773e-05,False
F2,2026,3,z_R,72,0.0011142911421004277,1.7438671416647996e-05,False
F2,2026,3,z_R,73,0.0010087605750814692,1.5787116618153238e-05,False
F2,2026,3,z_R,74,0.0009551118876834651,1.4947513936124612e-05,False
F2,2026,3,z_R,75,0.0008942628331106173,1.3995225410605724e-05,False
F2,2026,3,z_R,76,0.0008272270665999401,1.294611475974005e-05,False
F2,2026,3,z_R,77,0.0007731615220785122,1.209998825810233e-05,False
F2,2026,3,z_R,78,0.0006942987793091476,1.0865785269125653e-05,False
F2,2026,3,z_R,79,0.0006354152683090157,9.944257527054335e-06,False
F2,2026,3,z_R,80,0.0006209446353533674,9.717791925946895e-06,False
F2,2026,3,z_R,81,0.0005684096202420231,8.89561823023892e-06,False
F2,2026,3,z_R,82,0.000494930546817008,7.745669739180104e-06,False
F2,2026,3,z_R,83,0.0004625674968710366,7.239187570628954e-06,False
F2,2026,3,z_R,84,0.00043291675133773095,6.7751530027517565e-06,False
F2,2026,3,z_R,85,0.0003500636140895571,5.4785002863119425e-06,False
F2,2026,3,z_R,86,0.00031756735638681854,4.969933414569099e-06,False
F2,2026,3,z_R,87,0.00025993498875407554,4.067986083087679e-06,False
F2,2026,3,z_R,88,0.00022322978133858576,3.493549091520041e-06,False
F2,2026,3,z_R,89,0.00019181098229598852,3.0018444623539525e-06,False
F2,2026,3,z_R,90,0.00017821190749318426,2.7890187581044366e-06,False
F2,2026,3,z_R,91,0.00015026074522778753,2.351582691314153e-06,False
F2,2026,3,z_R,92,0.0001365460808405235,2.1369480085073985e-06,False
F2,2026,3,z_R,93,0.00011466823599858734,1.7945594413832183e-06,False
F2,2026,3,z_R,94,6.919566251385182e-05,1.0829130524736546e-06,False
F2,2026,3,z_R,95,1.0569883591415939e-14,1.6541882089762604e-16,False
F2,2026,3,z_P,0,0.5120324429947798,0.22387996412675507,False
F2,2026,3,z_P,1,0.39399654935129114,0.17227020385450775,False
F2,2026,3,z_P,2,0.22176856489048208,0.0969656103463531,False
F2,2026,3,z_P,3,0.19216354117600642,0.08402117345012286,False
F2,2026,3,z_P,4,0.18434591837875042,0.08060301287191898,False
F2,2026,3,z_P,5,0.1143101651587843,0.04998073076266572,False
F2,2026,3,z_P,6,0.10448863830938195,0.045686387486576524,False
F2,2026,3,z_P,7,0.08352785842675409,0.03652154117186873,False
F2,2026,3,z_P,8,0.06906154199500136,0.03019632008852401,False
F2,2026,3,z_P,9,0.05454642287221528,0.023849760621513724,False
F2,2026,3,z_P,10,0.046408277387461914,0.020291455392789235,False
F2,2026,3,z_P,11,0.03933635070694587,0.017199341380870824,False
F2,2026,3,z_P,12,0.03814761309101263,0.016679580302344846,False
F2,2026,3,z_P,13,0.03136598591337625,0.013714396220706998,False
F2,2026,3,z_P,14,0.025018594201532365,0.010939076320204992,False
F2,2026,3,z_P,15,0.02177050139898986,0.009518887209022048,False
F2,2026,3,z_P,16,0.01767212533948467,0.007726922075302333,False
F2,2026,3,z_P,17,0.015754072791874883,0.006888276904616364,False
F2,2026,3,z_P,18,0.012574149722299366,0.005497894180860585,False
F2,2026,3,z_P,19,0.011239606539327627,0.0049143813897924524,False
F2,2026,3,z_P,20,0.009673064811671668,0.004229430054014972,False
F2,2026,3,z_P,21,0.00907956961289629,0.003969931489755857,False
F2,2026,3,z_P,22,0.008192437654261291,0.00358204382015183,False
F2,2026,3,z_P,23,0.005803390258314114,0.002537461874965938,False
F2,2026,3,z_P,24,0.005703628382328478,0.002493842206871763,False
F2,2026,3,z_P,25,0.004783705305566668,0.002091617019303115,False
F2,2026,3,z_P,26,0.004197366356285723,0.0018352474381817183,False
F2,2026,3,z_P,27,0.003989004770362093,0.0017441438664839153,False
F2,2026,3,z_P,28,0.003661747198954967,0.0016010544698075737,False
F2,2026,3,z_P,29,0.00325694316678843,0.0014240588254110054,False
F2,2026,3,z_P,30,0.003171279489776869,0.0013866034235147048,False
F2,2026,3,z_P,31,0.0029572449938616518,0.0012930194408531305,False
F2,2026,3,z_P,32,0.002848900585046656,0.0012456471645634366,False
F2,2026,3,z_P,33,0.00270238927301728,0.0011815868735993444,False
F2,2026,3,z_P,34,0.002424900257170077,0.0010602581731168365,False
F2,2026,3,z_P,35,0.0022630502372136593,0.0009894912184882862,False
F2,2026,3,z_P,36,0.0021168043534117984,0.0009255469827915259,False
F2,2026,3,z_P,37,0.0020214144837322734,0.000883838921331589,False
F2,2026,3,z_P,38,0.0017874850726402984,0.0007815561287469045,False
F2,2026,3,z_P,39,0.0016751805701608346,0.0007324523496204875,False
F2,2026,3,z_P,40,0.0015499321870540523,0.0006776890159674939,False
F2,2026,3,z_P,41,0.0013041335060668124,0.0005702165293415088,False
F2,2026,3,z_P,42,0.0011522485176882042,0.0005038066636878551,False
F2,2026,3,z_P,43,0.0010954843664990768,0.0004789872283068101,False
F2,2026,3,z_P,44,0.000936977109755935,0.00040968185627622035,False
F2,2026,3,z_P,45,0.0008721137679447668,0.00038132114820684155,False
F2,2026,3,z_P,46,0.0007703173293866103,0.00033681189234927115,False
F2,2026,3,z_P,47,0.0006860596497108125,0.0002999712457041258,False
F2,2026,3,z_P,48,0.0006292807196583281,0.000275145348444652,False
F2,2026,3,z_P,49,0.0005808888585795012,0.0002539865951848217,False
F2,2026,3,z_P,50,0.0005751895804637523,0.00025149465507915287,False
F2,2026,3,z_P,51,0.0005089180142209373,0.00022251821798800444,False
F2,2026,3,z_P,52,0.0004631131524001462,0.0002024905987197968,False
F2,2026,3,z_P,53,0.0004245993396960795,0.00018565090208624006,False
F2,2026,3,z_P,54,0.0003843065961479103,0.00016803338955642439,False
F2,2026,3,z_P,55,0.00036390998889470493,0.00015911522086881706,False
F2,2026,3,z_P,56,0.0003148069068730098,0.00013764549489357785,False
F2,2026,3,z_P,57,0.0002699395824755999,0.00011802780247197084,False
F2,2026,3,z_P,58,0.00024445017251366254,0.00010688286768128832,False
F2,2026,3,z_P,59,0.00023220146535337315,0.00010152726930629889,False
F2,2026,3,z_P,60,0.00020801607796190882,9.095250253971743e-05,False
F2,2026,3,z_P,61,0.00019361856193848883,8.465736359894037e-05,False
F2,2026,3,z_P,62,0.0001817213360880666,7.945544615593258e-05,False
F2,2026,3,z_P,63,0.00016732181397542364,7.315943007701825e-05,False
F2,2026,3,z_P,64,0.00014016722463588388,6.128641583663953e-05,False
F2,2026,3,z_P,65,0.00012354576442676852,5.401888432323312e-05,False
F2,2026,3,z_P,66,0.00011645831739801387,5.091998422763108e-05,False
F2,2026,3,z_P,67,9.547074851906965e-05,4.174342474979008e-05,False
F2,2026,3,z_P,68,8.340191506983835e-05,3.6466473969362225e-05,False
F2,2026,3,z_P,69,7.472157436178124e-05,3.2671100467320965e-05,False
F2,2026,3,z_P,70,6.459225534425726e-05,2.8242178805622965e-05,False
F2,2026,3,z_P,71,5.925852474051003e-05,2.5910069907904387e-05,False
F2,2026,3,z_P,72,5.322404145051913e-05,2.327156541278895e-05,False
F2,2026,3,z_P,73,4.2190189585815086e-05,1.8447147754404253e-05,False
F2,2026,3,z_P,74,3.897042578176667e-05,1.7039345153594576e-05,False
F2,2026,3,z_P,75,3.421488497015329e-05,1.4960042717053116e-05,False
F2,2026,3,z_P,76,3.356683406370283e-05,1.4676690332505249e-05,False
F2,2026,3,z_P,77,3.073972769709541e-05,1.3440572425138503e-05,False
F2,2026,3,z_P,78,2.269369987361869e-05,9.922544524509546e-06,False
F2,2026,3,z_P,79,2.1009310170535393e-05,9.186065593416484e-06,False
F2,2026,3,z_P,80,1.5940761633561188e-05,6.969904332236261e-06,False
F2,2026,3,z_P,81,1.5691493736181523e-05,6.860914972896232e-06,False
F2,2026,3,z_P,82,1.2663945817203876e-05,5.5371564322686454e-06,False
F2,2026,3,z_P,83,9.98131365223199e-06,4.364208114098681e-06,False
F2,2026,3,z_P,84,8.906993657532482e-06,3.894474750198469e-06,False
F2,2026,3,z_P,85,7.481540587319885e-06,3.2712127155566084e-06,False
F2,2026,3,z_P,86,6.542352400328582e-06,2.8605640926254465e-06,False
F2,2026,3,z_P,87,5.275676169388263e-06,2.306725301699413e-06,False
F2,2026,3,z_P,88,4.787828764126564e-06,2.09341995145536e-06,False
F2,2026,3,z_P,89,4.27437217014995e-06,1.868917294616285e-06,False
F2,2026,3,z_P,90,3.752317437842044e-06,1.6406552062655899e-06,False
F2,2026,3,z_P,91,2.4551384394642094e-06,1.0734794509086768e-06,False
F2,2026,3,z_P,92,1.922256817739181e-06,8.404834367150553e-07,False
F2,2026,3,z_P,93,1.6443389385826046e-06,7.189672209615303e-07,False
F2,2026,3,z_P,94,1.188888699513169e-06,5.198271379855248e-07,False
F2,2026,3,z_P,95,1.0864110613777275e-14,4.75020035889865e-15,False
F2,2026,4,z_R,0,29.152968768415803,0.4333596904076013,False
F2,2026,4,z_R,1,23.062764106953644,0.3428286289717752,False
F2,2026,4,z_R,2,6.3412560450695015,0.09426294722559676,False
F2,2026,4,z_R,3,2.235829639412053,0.03323566968553364,False
F2,2026,4,z_R,4,1.8078932285827767,0.02687438305348293,False
F2,2026,4,z_R,5,0.8999022223298176,0.013377071527907862,False
F2,2026,4,z_R,6,0.8055449496808936,0.011974448049398049,False
F2,2026,4,z_R,7,0.4437831000906832,0.006596848108031459,False
F2,2026,4,z_R,8,0.42278080683896013,0.006284648435548122,False
F2,2026,4,z_R,9,0.3135279141481774,0.004660601151420177,False
F2,2026,4,z_R,10,0.25338757958518043,0.0037666134078643367,False
F2,2026,4,z_R,11,0.18579289658188536,0.002761816567713923,False
F2,2026,4,z_R,12,0.15987659978322652,0.002376570096028816,False
F2,2026,4,z_R,13,0.15452840222257855,0.0022970689907543486,False
F2,2026,4,z_R,14,0.11091973951013345,0.0016488250083909132,False
F2,2026,4,z_R,15,0.08792095002267405,0.0013069473639146863,False
F2,2026,4,z_R,16,0.08204612801184066,0.001219617971562277,False
F2,2026,4,z_R,17,0.0651997918646316,0.0009691967168608944,False
F2,2026,4,z_R,18,0.052119405862832084,0.0007747564156627194,False
F2,2026,4,z_R,19,0.04813991190888852,0.0007156011275149039,False
F2,2026,4,z_R,20,0.046024889300090153,0.0006841612576946151,False
F2,2026,4,z_R,21,0.037993480233886795,0.0005647741388692611,False
F2,2026,4,z_R,22,0.036774017338322036,0.0005466467890585606,False
F2,2026,4,z_R,23,0.03473831588604274,0.0005163860304329134,False
F2,2026,4,z_R,24,0.030792118119778555,0.0004577256910396866,False
F2,2026,4,z_R,25,0.02745121402637125,0.00040806305890429216,False
F2,2026,4,z_R,26,0.026309366046521756,0.0003910894569712973,False
F2,2026,4,z_R,27,0.02487587478942192,0.00036978056962217034,False
F2,2026,4,z_R,28,0.022752437931307008,0.0003382156217521022,False
F2,2026,4,z_R,29,0.020787850747556,0.00030901197870318397,False
F2,2026,4,z_R,30,0.018998373871085758,0.000282411355235331,False
F2,2026,4,z_R,31,0.016748136755672077,0.0002489615180188945,False
F2,2026,4,z_R,32,0.015177137330514944,0.0002256085679325829,False
F2,2026,4,z_R,33,0.014089558588027183,0.00020944167972018917,False
F2,2026,4,z_R,34,0.013259349219192992,0.00019710059439507268,False
F2,2026,4,z_R,35,0.012529874916447315,0.00018625693862507592,False
F2,2026,4,z_R,36,0.01194838314549267,0.0001776130473000702,False
F2,2026,4,z_R,37,0.011305606028568126,0.00016805814760514461,False
F2,2026,4,z_R,38,0.010410152279873238,0.0001547472027613674,False
F2,2026,4,z_R,39,0.009794473093524676,0.00014559511455704432,False
F2,2026,4,z_R,40,0.008988982782380197,0.00013362147871100755,False
F2,2026,4,z_R,41,0.00876575750271263,0.0001303032287291158,False
F2,2026,4,z_R,42,0.008391994617976163,0.00012474723306699548,False
F2,2026,4,z_R,43,0.007959413113956107,0.0001183168969956557,False
F2,2026,4,z_R,44,0.007003727483770494,0.00010411060356069943,False
F2,2026,4,z_R,45,0.006759916425045762,0.00010048634540139428,False
F2,2026,4,z_R,46,0.006591464654455798,9.798230515316517e-05,False
F2,2026,4,z_R,47,0.006047085988053841,8.989010115807701e-05,False
F2,2026,4,z_R,48,0.0057575097156863765,8.558554182693583e-05,False
F2,2026,4,z_R,49,0.00559359893152182,8.314900346803718e-05,False
F2,2026,4,z_R,50,0.005055464265623969,7.514961671385711e-05,False
F2,2026,4,z_R,51,0.0047363268602859795,7.040563032010804e-05,False
F2,2026,4,z_R,52,0.0043409546848599346,6.452841195173254e-05,False
F2,2026,4,z_R,53,0.00416818411813461,6.196017267900542e-05,False
F2,2026,4,z_R,54,0.0039016384941413435,5.799796457557665e-05,False
F2,2026,4,z_R,55,0.0037743647602188107,5.610603698604611e-05,False
F2,2026,4,z_R,56,0.0031419777468034323,4.6705586468348515e-05,False
F2,2026,4,z_R,57,0.0030886141555866464,4.591233520284453e-05,False
F2,2026,4,z_R,58,0.002989415436368889,4.443774348662756e-05,False
F2,2026,4,z_R,59,0.0028832314598871067,4.2859315727179384e-05,False
F2,2026,4,z_R,60,0.0025990488412182293,3.863493320806559e-05,False
F2,2026,4,z_R,61,0.0024461968328446907,3.636278385843569e-05,False
F2,2026,4,z_R,62,0.0022978087331416374,3.4156990635168646e-05,False
F2,2026,4,z_R,63,0.0021321265246957207,3.169412000512983e-05,False
F2,2026,4,z_R,64,0.0020532768084678635,3.0522016783510376e-05,False
F2,2026,4,z_R,65,0.0019095310620459692,2.8385232270699788e-05,False
F2,2026,4,z_R,66,0.0017029513028749969,2.5314418413285768e-05,False
F2,2026,4,z_R,67,0.0016360566538702259,2.432002759796545e-05,False
F2,2026,4,z_R,68,0.0015788489948300739,2.3469634157505867e-05,False
F2,2026,4,z_R,69,0.0013976754790919635,2.0776484814328676e-05,False
F2,2026,4,z_R,70,0.0013325514332632323,1.9808414064395138e-05,False
F2,2026,4,z_R,71,0.0012575104493472561,1.869292775437168e-05,False
F2,2026,4,z_R,72,0.001144663128017319,1.7015449188694672e-05,False
F2,2026,4,z_R,73,0.0010149180651342136,1.5086785225529022e-05,False
F2,2026,4,z_R,74,0.0009958210992827394,1.4802908297767021e-05,False
F2,2026,4,z_R,75,0.0008620478615657787,1.2814365403821653e-05,False
F2,2026,4,z_R,76,0.0007073932735877348,1.0515420658307756e-05,False
F2,2026,4,z_R,77,0.0006867162121020143,1.0208055565058706e-05,False
F2,2026,4,z_R,78,0.0006446521278783011,9.582771784827832e-06,False
F2,2026,4,z_R,79,0.0006000167590694413,8.919265787826495e-06,False
F2,2026,4,z_R,80,0.0005370576163488602,7.983376382721435e-06,False
F2,2026,4,z_R,81,0.0004428037322671189,6.5822897781342035e-06,False
F2,2026,4,z_R,82,0.0004315845234401022,6.415515927329629e-06,False
F2,2026,4,z_R,83,0.0003949508284725188,5.870955034209271e-06,False
F2,2026,4,z_R,84,0.00035295429507328254,5.246675398860335e-06,False
F2,2026,4,z_R,85,0.0003317200509789386,4.931027770659471e-06,False
F2,2026,4,z_R,86,0.00029889980035509506,4.443153833619555e-06,False
F2,2026,4,z_R,87,0.0002794622591199491,4.154214243320478e-06,False
F2,2026,4,z_R,88,0.00024337513948722653,3.617778207732857e-06,False
F2,2026,4,z_R,89,0.00019084652340814158,2.8369388708405473e-06,False
F2,2026,4,z_R,90,0.0001856313057913456,2.75941451612469e-06,False
F2,2026,4,z_R,91,0.00015496986558835203,2.3036313559473286e-06,False
F2,2026,4,z_R,92,0.00013905445553544666,2.0670483434923714e-06,False
F2,2026,4,z_R,93,8.505242383937249e-05,1.2643066425323605e-06,False
F2,2026,4,z_R,94,3.942638277752953e-05,5.860742749764981e-07,False
F2,2026,4,z_R,95,1.3097018248017568e-14,1.9468754000013363e-16,False
F2,2026,4,z_P,0,0.2937841827422786,0.24654622803508694,False
F2,2026,4,z_P,1,0.18502707171487331,0.15527631947325624,False
F2,2026,4,z_P,2,0.12472837334391515,0.10467313008430706,False
F2,2026,4,z_P,3,0.10169450345588278,0.08534290718075761,False
F2,2026,4,z_P,4,0.08011153624351788,0.06723029435611984,False
F2,2026,4,z_P,5,0.06157624847296522,0.05167532048816493,False
F2,2026,4,z_P,6,0.05729396769661259,0.04808159340952541,False
F2,2026,4,z_P,7,0.047284683165622454,0.03968171522884613,False
F2,2026,4,z_P,8,0.03926815216746508,0.03295417305461041,False
F2,2026,4,z_P,9,0.02789702406523759,0.023411423966013853,False
F2,2026,4,z_P,10,0.024576325535222137,0.020624665028296723,False
F2,2026,4,z_P,11,0.020821456649681797,0.017473546571696925,False
F2,2026,4,z_P,12,0.019044815093613533,0.015982573605996888,False
F2,2026,4,z_P,13,0.01373383283797909,0.01152555134541923,False
F2,2026,4,z_P,14,0.010709629411355153,0.008987613663801438,False
F2,2026,4,z_P,15,0.009067543117185611,0.0076095606380850445,False
F2,2026,4,z_P,16,0.008227742063605978,0.006904792327799312,False
F2,2026,4,z_P,17,0.007738525809392344,0.006494237814469252,False
F2,2026,4,z_P,18,0.0058799739998791865,0.004934525055374847,False
F2,2026,4,z_P,19,0.005677361088755476,0.004764490547313598,False
F2,2026,4,z_P,20,0.005209447823609999,0.0043718136867271305,False
F2,2026,4,z_P,21,0.00440906021706468,0.0037001214822053883,False
F2,2026,4,z_P,22,0.003715934687573694,0.0031184445407999497,False
F2,2026,4,z_P,23,0.003443693991517719,0.0028899777931904367,False
F2,2026,4,z_P,24,0.0032969589388590964,0.0027668364674191667,False
F2,2026,4,z_P,25,0.002767457520919291,0.002322474296135048,False
F2,2026,4,z_P,26,0.002625892677895776,0.002203671855023218,False
F2,2026,4,z_P,27,0.0022965713093508425,0.0019273025131879144,False
F2,2026,4,z_P,28,0.001845673683636476,0.0015489053244346499,False
F2,2026,4,z_P,29,0.0016998560919474412,0.0014265339398471084,False
F2,2026,4,z_P,30,0.0015037927014164983,0.0012619958461350343,False
F2,2026,4,z_P,31,0.0013082272898249643,0.0010978756606575225,False
F2,2026,4,z_P,32,0.001245234060766523,0.001045011197802035,False
F2,2026,4,z_P,33,0.0011950358290610346,0.0010028844074299458,False
F2,2026,4,z_P,34,0.0010039138077156333,0.0008424931534920635,False
F2,2026,4,z_P,35,0.0009623851061155534,0.0008076419077948903,False
F2,2026,4,z_P,36,0.000896135078139493,0.0007520443111092806,False
F2,2026,4,z_P,37,0.0007524281268192806,0.0006314441941809249,False
F2,2026,4,z_P,38,0.0007018102028717519,0.0005889651944480568,False
F2,2026,4,z_P,39,0.0006183529741222317,0.000518927165993319,False
F2,2026,4,z_P,40,0.0005380315916854463,0.000451520766896179,False
F2,2026,4,z_P,41,0.0004923845826973741,0.00041321340200660786,False
F2,2026,4,z_P,42,0.0004417670503984636,0.0003707347309486489,False
F2,2026,4,z_P,43,0.0004097192654083839,0.00034383995250131846,False
F2,2026,4,z_P,44,0.0003852875861745259,0.00032333667590063437,False
F2,2026,4,z_P,45,0.00035566497437528104,0.0002984771237781216,False
F2,2026,4,z_P,46,0.00032217509092427084,0.0002703721238250625,False
F2,2026,4,z_P,47,0.000289600388718486,0.0002430351518913223,False
F2,2026,4,z_P,48,0.0002554424815808369,0.00021436954068056524,False
F2,2026,4,z_P,49,0.0002356473984297695,0.00019775733562928823,False
F2,2026,4,z_P,50,0.00020632728678596107,0.0001731516442545078,False
F2,2026,4,z_P,51,0.00019458234725856937,0.00016329518938362447,False
F2,2026,4,z_P,52,0.0001782447326019414,0.00014958452180756943,False
F2,2026,4,z_P,53,0.00015738161739929077,0.0001320760150177832,False
F2,2026,4,z_P,54,0.00014013203130937353,0.00011760001312435799,False
F2,2026,4,z_P,55,0.0001316604747241051,0.00011049060954044899,False
F2,2026,4,z_P,56,0.0001202303132672914,0.00010089831914991564,False
F2,2026,4,z_P,57,0.00011398581550467705,9.56578825989231e-05,False
F2,2026,4,z_P,58,0.00010150625438642115,8.518492693289793e-05,False
F2,2026,4,z_P,59,9.613616456656169e-05,8.067830109301252e-05,False
F2,2026,4,z_P,60,8.857783676342632e-05,7.433528700450223e-05,False
F2,2026,4,z_P,61,7.697807417866747e-05,6.460066587997545e-05,False
F2,2026,4,z_P,62,7.373498254936172e-05,6.187903532480387e-05,False
F2,2026,4,z_P,63,6.266702197815241e-05,5.259070705130208e-05,False
F2,2026,4,z_P,64,5.4554385290445056e-05,4.5782512150870944e-05,False
F2,2026,4,z_P,65,5.1008929928961516e-05,4.2807135335546066e-05,False
F2,2026,4,z_P,66,4.509788492601546e-05,3.784653522556515e-05,False
F2,2026,4,z_P,67,4.1740153067715373e-05,3.5028697598332016e-05,False
F2,2026,4,z_P,68,3.599567248712449e-05,3.0207879792739272e-05,False
F2,2026,4,z_P,69,3.136286900812311e-05,2.6319991029246483e-05,False
F2,2026,4,z_P,70,3.0403818264042678e-05,2.5515147346921013e-05,False
F2,2026,4,z_P,71,2.478712991529198e-05,2.0801573887971744e-05,False
F2,2026,4,z_P,72,2.336033773066585e-05,1.96041975417506e-05,False
F2,2026,4,z_P,73,2.0665783779136736e-05,1.7342904551823622e-05,False
F2,2026,4,z_P,74,1.819184538723304e-05,1.526675404834293e-05,False
F2,2026,4,z_P,75,1.5415967007559866e-05,1.2937212894682721e-05,False
F2,2026,4,z_P,76,1.41246006564212e-05,1.1853487079654853e-05,False
F2,2026,4,z_P,77,1.3471445060544557e-05,1.1305353252366196e-05,False
F2,2026,4,z_P,78,1.1364209641932572e-05,9.536943056857203e-06,False
F2,2026,4,z_P,79,1.0422130025566736e-05,8.746341691747314e-06,False
F2,2026,4,z_P,80,9.061061884450354e-06,7.604121531496732e-06,False
F2,2026,4,z_P,81,8.513087586178703e-06,7.144256759207184e-06,False
F2,2026,4,z_P,82,6.583915907501079e-06,5.5252791948931445e-06,False
F2,2026,4,z_P,83,5.208138449521367e-06,4.370714848662992e-06,False
F2,2026,4,z_P,84,4.564050223045794e-06,3.830190436228351e-06,False
F2,2026,4,z_P,85,3.3567297114934643e-06,2.8169966169622535e-06,False
F2,2026,4,z_P,86,2.4254414834535026e-06,2.035451478304624e-06,False
F2,2026,4,z_P,87,2.237462962150233e-06,1.8776982768002711e-06,False
F2,2026,4,z_P,88,1.5665598149419884e-06,1.3146705508788735e-06,False
F2,2026,4,z_P,89,1.320974146903621e-06,1.1085729334062127e-06,False
F2,2026,4,z_P,90,9.995565447582686e-07,8.388365007183582e-07,False
F2,2026,4,z_P,91,6.83728900481079e-07,5.737912090388666e-07,False
F2,2026,4,z_P,92,6.749930414736095e-07,5.664600005754506e-07,False
F2,2026,4,z_P,93,4.736840083064687e-07,3.9751971817676107e-07,False
F2,2026,4,z_P,94,4.6000273493994283e-07,3.860382751945401e-07,False
F2,2026,4,z_P,95,1.064414964677486e-14,8.932662478822024e-15,False
F1,3026,0,z_R,0,28.142664767561783,0.4390745513399162,False
F1,3026,0,z_R,1,22.037526973047203,0.343823776044301,False
F1,3026,0,z_R,2,4.093185032831082,0.06386081050551752,False
F1,3026,0,z_R,3,2.7667850715897835,0.04316666257427448,False
F1,3026,0,z_R,4,1.6184782158917903,0.025251077052064228,False
F1,3026,0,z_R,5,1.2316592832235638,0.01921602846253432,False
F1,3026,0,z_R,6,0.7766708798553206,0.012117417484371283,False
F1,3026,0,z_R,7,0.611406410878244,0.009539004133401814,False
F1,3026,0,z_R,8,0.3911231983572616,0.006102202625648026,False
F1,3026,0,z_R,9,0.33908999116262734,0.005290394032095983,False
F1,3026,0,z_R,10,0.2482045667874352,0.003872423230096031,False
F1,3026,0,z_R,11,0.2327873718490511,0.0036318881561646687,False
F1,3026,0,z_R,12,0.1597068799852657,0.0024917052899786113,False
F1,3026,0,z_R,13,0.1503914389603154,0.00234636819690852,False
F1,3026,0,z_R,14,0.11571744088688882,0.0018053934785229623,False
F1,3026,0,z_R,15,0.11247960384454828,0.0017548775853614845,False
F1,3026,0,z_R,16,0.09229883187036808,0.001440022418893039,False
F1,3026,0,z_R,17,0.08579045553929573,0.0013384804206096794,False
F1,3026,0,z_R,18,0.06789297916037625,0.001059248639394398,False
F1,3026,0,z_R,19,0.06601755842857766,0.001029988811897992,False
F1,3026,0,z_R,20,0.059191067110114313,0.0009234836661473676,False
F1,3026,0,z_R,21,0.05287669988109362,0.0008249685475196041,False
F1,3026,0,z_R,22,0.04648721802511266,0.0007252815099778342,False
F1,3026,0,z_R,23,0.04227556177901884,0.000659572342351921,False
F1,3026,0,z_R,24,0.03922456147691764,0.0006119714275186135,False
F1,3026,0,z_R,25,0.03672337772635501,0.0005729486078187958,False
F1,3026,0,z_R,26,0.03219465764690123,0.0005022926925579855,False
F1,3026,0,z_R,27,0.03066120164697307,0.0004783681100520662,False
F1,3026,0,z_R,28,0.02810821678349449,0.0004385371028333929,False
F1,3026,0,z_R,29,0.025694248044561573,0.00040087498910856736,False
F1,3026,0,z_R,30,0.023856760311895316,0.0003722069824192017,False
F1,3026,0,z_R,31,0.022575461154283213,0.000352216485520372,False
F1,3026,0,z_R,32,0.01972899589080777,0.00030780667327310707,False
F1,3026,0,z_R,33,0.01904492267151747,0.0002971339404553625,False
F1,3026,0,z_R,34,0.017699973065774467,0.0002761503857851212,False
F1,3026,0,z_R,35,0.01638655003312067,0.0002556587005255685,False
F1,3026,0,z_R,36,0.014511802996304852,0.0002264093838434277,False
F1,3026,0,z_R,37,0.013644446890755184,0.0002128771190049139,False
F1,3026,0,z_R,38,0.013325441232376055,0.0002079000755200639,False
F1,3026,0,z_R,39,0.012802504895241403,0.0001997413585150065,False
F1,3026,0,z_R,40,0.012380214364082117,0.00019315289125239048,False
F1,3026,0,z_R,41,0.012060950589288393,0.0001881718207022335,False
F1,3026,0,z_R,42,0.011158648769846048,0.0001740943419056454,False
F1,3026,0,z_R,43,0.0095410221529428,0.00014885655127996986,False
F1,3026,0,z_R,44,0.009248358880539322,0.0001442904948640066,False
F1,3026,0,z_R,45,0.008603692645991519,0.00013423257959422266,False
F1,3026,0,z_R,46,0.00826055036125482,0.00012887896272954742,False
F1,3026,0,z_R,47,0.007751037092236133,0.00012092966894930901,False
F1,3026,0,z_R,48,0.00762004324757606,0.00011888593698407212,False
F1,3026,0,z_R,49,0.006453438965185532,0.00010068487975965973,False
F1,3026,0,z_R,50,0.0064125692184766785,0.00010004724057915648,False
F1,3026,0,z_R,51,0.006278663426481576,9.795807716738766e-05,False
F1,3026,0,z_R,52,0.005903808122628706,9.210968200950273e-05,False
F1,3026,0,z_R,53,0.005517716846363884,8.608598612631721e-05,False
F1,3026,0,z_R,54,0.005133885022408046,8.009754163162082e-05,False
F1,3026,0,z_R,55,0.005057620689342226,7.890768530135925e-05,False
F1,3026,0,z_R,56,0.004754956437730548,7.418559620352068e-05,False
F1,3026,0,z_R,57,0.004566458756332936,7.124470430249259e-05,False
F1,3026,0,z_R,58,0.0039046418761069157,6.0919209110247554e-05,False
F1,3026,0,z_R,59,0.003628918869016853,5.66174503168975e-05,False
F1,3026,0,z_R,60,0.003378408581100944,5.270905382419961e-05,False
F1,3026,0,z_R,61,0.003169434224228422,4.944869014708575e-05,False
F1,3026,0,z_R,62,0.0030765885452368443,4.800013596134051e-05,False
F1,3026,0,z_R,63,0.002766582571715444,4.3163503223793405e-05,False
F1,3026,0,z_R,64,0.002568517077563254,4.007333679147208e-05,False
F1,3026,0,z_R,65,0.0024274405676193937,3.787229769940999e-05,False
F1,3026,0,z_R,66,0.0022461098590667366,3.504322304853766e-05,False
F1,3026,0,z_R,67,0.002180502615288222,3.401963585931373e-05,False
F1,3026,0,z_R,68,0.002079410456399032,3.2442422234560736e-05,False
F1,3026,0,z_R,69,0.0019130566123005286,2.9847012735691558e-05,False
F1,3026,0,z_R,70,0.0017306498777142798,2.7001150205923194e-05,False
F1,3026,0,z_R,71,0.0016866919246070456,2.6315329630729235e-05,False
F1,3026,0,z_R,72,0.0015026687163794282,2.3444247298760237e-05,False
F1,3026,0,z_R,73,0.0014600143713632725,2.277876527865482e-05,False
F1,3026,0,z_R,74,0.001259041574488895,1.964323986384562e-05,False
F1,3026,0,z_R,75,0.0011541644618973973,1.8006974373805202e-05,False
F1,3026,0,z_R,76,0.0011047986423692352,1.7236781670311156e-05,False
F1,3026,0,z_R,77,0.000987264018241701,1.5403036970513353e-05,False
F1,3026,0,z_R,78,0.0008784924103979195,1.370601057635404e-05,False
F1,3026,0,z_R,79,0.000820834216777106,1.2806442404532974e-05,False
F1,3026,0,z_R,80,0.0007416713722202789,1.157136425029066e-05,False
F1,3026,0,z_R,81,0.0006452060996224975,1.0066338104558578e-05,False
F1,3026,0,z_R,82,0.0006333390453228644,9.881191403442213e-06,False
F1,3026,0,z_R,83,0.0005909791128171628,9.220302730910815e-06,False
F1,3026,0,z_R,84,0.0005277826618471602,8.23432810536959e-06,False
F1,3026,0,z_R,85,0.0004974471231592881,7.761040904280352e-06,False
F1,3026,0,z_R,86,0.0004444047675367769,6.933487838878714e-06,False
F1,3026,0,z_R,87,0.00034880923594382936,5.4420311665647824e-06,False
F1,3026,0,z_R,88,0.0003151188486598951,4.916402488422977e-06,False
F1,3026,0,z_R,89,0.0002489864232396228,3.884621551534027e-06,False
F1,3026,0,z_R,90,0.00024518305185924487,3.82528233841362e-06,False
F1,3026,0,z_R,91,0.00022515972110794536,3.5128835290410537e-06,False
F1,3026,0,z_R,92,0.00017257283775561527,2.6924366237820086e-06,False
F1,3026,0,z_R,93,0.00016522237296945404,2.577756579984464e-06,False
F1,3026,0,z_R,94,9.276908045200043e-05,1.4473591152117347e-06,False
F1,3026,0,z_R,95,1.4705322589486372e-14,2.2942862630868274e-16,False
F1,3026,0,z_P,0,0.30069444736498546,0.15674822958377632,False
F1,3026,0,z_P,1,0.27410016504695556,0.142884965040875,False
F1,3026,0,z_P,2,0.24752882333287576,0.1290336591459842,False
F1,3026,0,z_P,3,0.19435182577334248,0.10131315983154206,False
F1,3026,0,z_P,4,0.13479112242152236,0.07026491506023061,False
F1,3026,0,z_P,5,0.10469139923452962,0.054574308326824555,False
F1,3026,0,z_P,6,0.09572157935193562,0.04989845415458124,False
F1,3026,0,z_P,7,0.07723531526351426,0.04026179743254689,False
F1,3026,0,z_P,8,0.05604027315140083,0.029213088831038375,False
F1,3026,0,z_P,9,0.053293464595480046,0.02778121211392847,False
F1,3026,0,z_P,10,0.04330040212562443,0.022571954463857388,False
F1,3026,0,z_P,11,0.03835347683414364,0.01999318459258801,False
F1,3026,0,z_P,12,0.035102754682306496,0.018298624062340688,False
F1,3026,0,z_P,13,0.029367229901452394,0.015308767205950176,False
F1,3026,0,z_P,14,0.022997326028702338,0.01198821651596534,False
F1,3026,0,z_P,15,0.02111409528125808,0.011006512037726965,False
F1,3026,0,z_P,16,0.019209124363002063,0.010013474682159282,False
F1,3026,0,z_P,17,0.016899556676117918,0.008809526125092768,False
F1,3026,0,z_P,18,0.015438676039941571,0.00804798744235177,False
F1,3026,0,z_P,19,0.012635429253450781,0.006586690186218904,False
F1,3026,0,z_P,20,0.011453991961984902,0.005970821800805237,False
F1,3026,0,z_P,21,0.010479950886979372,0.005463066451855704,False
F1,3026,0,z_P,22,0.009819475444803452,0.005118768919420815,False
F1,3026,0,z_P,23,0.009077931807136333,0.004732211557347725,False
F1,3026,0,z_P,24,0.007829575548542007,0.0040814591568986,False
F1,3026,0,z_P,25,0.00707586540655501,0.003688559549303266,False
F1,3026,0,z_P,26,0.006234566525758078,0.0032500010349331486,False
F1,3026,0,z_P,27,0.005630862674073962,0.0029352978178513586,False
F1,3026,0,z_P,28,0.005362467316004485,0.0027953866968627203,False
F1,3026,0,z_P,29,0.005002405255284146,0.0026076908778917334,False
F1,3026,0,z_P,30,0.004357770810466397,0.0022716510579370497,False
F1,3026,0,z_P,31,0.003794520719234404,0.00197803587685474,False
F1,3026,0,z_P,32,0.0035643721141440546,0.001858062306656753,False
F1,3026,0,z_P,33,0.002966268722485427,0.0015462785388748847,False
F1,3026,0,z_P,34,0.002854163240321652,0.001487839362462432,False
F1,3026,0,z_P,35,0.002686789154199345,0.0014005893586536513,False
F1,3026,0,z_P,36,0.002339062956046708,0.0012193240695272313,False
F1,3026,0,z_P,37,0.0022529510829003047,0.0011744350342286923,False
F1,3026,0,z_P,38,0.001982177762462427,0.0010332843113966211,False
F1,3026,0,z_P,39,0.0017569679765587402,0.0009158852854595201,False
F1,3026,0,z_P,40,0.0015397185337730401,0.0008026358861668686,False
F1,3026,0,z_P,41,0.0015055269544681227,0.0007848122463568069,False
F1,3026,0,z_P,42,0.0013724787882337531,0.0007154559124126308,False
F1,3026,0,z_P,43,0.0011592897503829144,0.0006043231510908834,False
F1,3026,0,z_P,44,0.0011086699174711063,0.000577935669511879,False
F1,3026,0,z_P,45,0.0010663468304841761,0.0005558731771251506,False
F1,3026,0,z_P,46,0.0010236166558546425,0.000533598475075681,False
F1,3026,0,z_P,47,0.0009007675530275589,0.00046955878447664875,False
F1,3026,0,z_P,48,0.0008386856176081989,0.000437196253171549,False
F1,3026,0,z_P,49,0.000776809115293532,0.00040494081155746523,False
F1,3026,0,z_P,50,0.000638207472765471,0.00033268952034121494,False
F1,3026,0,z_P,51,0.0006036741895615597,0.0003146877545907558,False
F1,3026,0,z_P,52,0.0005837047305664424,0.0003042779270377015,False
F1,3026,0,z_P,53,0.0005569771067060334,0.0002903451532275654,False
F1,3026,0,z_P,54,0.0004883400554749451,0.00025456552258056183,False
F1,3026,0,z_P,55,0.00044700271159645575,0.00023301688566548096,False
F1,3026,0,z_P,56,0.00041457642990987224,0.00021611347327826354,False
F1,3026,0,z_P,57,0.00041201197728375115,0.0002147766564114458,False
F1,3026,0,z_P,58,0.00038516096277170286,0.00020077956060813315,False
F1,3026,0,z_P,59,0.000328538998029658,0.00017126324327455266,False
F1,3026,0,z_P,60,0.0003156023503463098,0.0001645195317132529,False
F1,3026,0,z_P,61,0.00029687526766330026,0.0001547573392898335,False
F1,3026,0,z_P,62,0.0002709535741489905,0.00014124468682222944,False
F1,3026,0,z_P,63,0.0002476666015318698,0.00012910548118645355,False
F1,3026,0,z_P,64,0.0002096192640171172,0.00010927188316668402,False
F1,3026,0,z_P,65,0.00016408145467946552,8.553359649278237e-05,False
F1,3026,0,z_P,66,0.00015372072490619506,8.013267850647579e-05,False
F1,3026,0,z_P,67,0.00013166884665810887,6.86373120150924e-05,False
F1,3026,0,z_P,68,0.00011102004142843461,5.787334982312359e-05,False
F1,3026,0,z_P,69,0.00010850458317113594,5.656207310392012e-05,False
F1,3026,0,z_P,70,0.0001040424543638194,5.42360215361216e-05,False
F1,3026,0,z_P,71,9.835864266542108e-05,5.127312205853305e-05,False
F1,3026,0,z_P,72,7.98081255323666e-05,4.160297103329534e-05,False
F1,3026,0,z_P,73,7.484345297880669e-05,3.9014949737747136e-05,False
F1,3026,0,z_P,74,6.439128076063778e-05,3.356636395620108e-05,False
F1,3026,0,z_P,75,5.886351306197552e-05,3.068480825103713e-05,False
F1,3026,0,z_P,76,4.6052329660847996e-05,2.4006499640428447e-05,False
F1,3026,0,z_P,77,4.2534536772633635e-05,2.2172718497803297e-05,False
F1,3026,0,z_P,78,3.95573571204849e-05,2.06207522286666e-05,False
F1,3026,0,z_P,79,3.2792014397194226e-05,1.709406424458119e-05,False
F1,3026,0,z_P,80,2.8003035980149188e-05,1.4597630090359636e-05,False
F1,3026,0,z_P,81,2.20881261758527e-05,1.1514262079756465e-05,False
F1,3026,0,z_P,82,2.0123633976861287e-05,1.049019702993107e-05,False
F1,3026,0,z_P,83,1.5176798721570583e-05,7.911474093394001e-06,False
F1,3026,0,z_P,84,1.1560443265718496e-05,6.026313525189731e-06,False
F1,3026,0,z_P,85,9.339682234285187e-06,4.86865875950899e-06,False
F1,3026,0,z_P,86,8.039382937850972e-06,4.190829107411374e-06,False
F1,3026,0,z_P,87,5.505654550785897e-06,2.870028399586747e-06,False
F1,3026,0,z_P,88,4.807367561331255e-06,2.506020183613466e-06,False
F1,3026,0,z_P,89,3.493230316212179e-06,1.8209769830900937e-06,False
F1,3026,0,z_P,90,2.8977081497615403e-06,1.5105387755107993e-06,False
F1,3026,0,z_P,91,2.4977407777966453e-06,1.3020408202071076e-06,False
F1,3026,0,z_P,92,1.7780659100321635e-06,9.268833725503045e-07,False
F1,3026,0,z_P,93,1.3060378810477235e-06,6.808211040062456e-07,False
F1,3026,0,z_P,94,1.249133569735568e-06,6.51157602960489e-07,False
F1,3026,0,z_P,95,1.2308900330947921e-14,6.416474770009055e-15,False
F1,3026,1,z_R,0,30.226634633792294,0.49043412299592026,False
F1,3026,1,z_R,1,20.5436720471887,0.3333258202788791,False
F1,3026,1,z_R,2,3.221113407730207,0.052263308447327676,False
F1,3026,1,z_R,3,2.3087144725709003,0.03745942515007801,False
F1,3026,1,z_R,4,1.2077140723304476,0.019595439554195015,False
F1,3026,1,z_R,5,0.9052557956705094,0.01468798421046515,False
F1,3026,1,z_R,6,0.5660675471837735,0.009184576596865262,False
F1,3026,1,z_R,7,0.4108050921504131,0.006665407430630953,False
F1,3026,1,z_R,8,0.3539280342519412,0.005742564039463606,False
F1,3026,1,z_R,9,0.21972044959813847,0.0035650150044313007,False
F1,3026,1,z_R,10,0.18662756938107983,0.003028075385340601,False
F1,3026,1,z_R,11,0.17549226351932784,0.0028474024777952033,False
F1,3026,1,z_R,12,0.14201252628979147,0.0023041860143935846,False
F1,3026,1,z_R,13,0.12369863088675996,0.002007038834780559,False
F1,3026,1,z_R,14,0.1124143133176728,0.0018239481778929525,False
F1,3026,1,z_R,15,0.09098436651637855,0.0014762423451836703,False
F1,3026,1,z_R,16,0.08273800808740896,0.0013424432764808534,False
F1,3026,1,z_R,17,0.060466181107015654,0.0009810777435665576,False
F1,3026,1,z_R,18,0.0543571724170563,0.0008819576676622036,False
F1,3026,1,z_R,19,0.045569823057733404,0.000739380896258076,False
F1,3026,1,z_R,20,0.04443599420946252,0.0007209842615163592,False
F1,3026,1,z_R,21,0.04136590605802396,0.0006711713727077704,False
F1,3026,1,z_R,22,0.03629905985419909,0.0005889606236636155,False
F1,3026,1,z_R,23,0.03339799646273675,0.0005418902005951874,False
F1,3026,1,z_R,24,0.03139618973594519,0.0005094104244522031,False
F1,3026,1,z_R,25,0.028426328953134544,0.0004612237478312676,False
F1,3026,1,z_R,26,0.026775997949018148,0.0004344467464064399,False
F1,3026,1,z_R,27,0.02368507211958558,0.00038429576146323084,False
F1,3026,1,z_R,28,0.0217645202527144,0.00035313436417541873,False
F1,3026,1,z_R,29,0.020757818105944896,0.00033680038950537555,False
F1,3026,1,z_R,30,0.018984518781610317,0.0003080281987049148,False
F1,3026,1,z_R,31,0.018005301340546495,0.000292140169728194,False
F1,3026,1,z_R,32,0.017097922339513655,0.0002774177360207064,False
F1,3026,1,z_R,33,0.015337750725155112,0.00024885854534437607,False
F1,3026,1,z_R,34,0.014061028468001014,0.00022814343206488679,False
F1,3026,1,z_R,35,0.012658742998506962,0.00020539102668620853,False
F1,3026,1,z_R,36,0.01167906313365386,0.000189495494776783,False
F1,3026,1,z_R,37,0.011470685457260842,0.000186114518885425,False
F1,3026,1,z_R,38,0.010640037433777089,0.00017263706299755998,False
F1,3026,1,z_R,39,0.010408060101390452,0.00016887317724109595,False
F1,3026,1,z_R,40,0.009462779277650173,0.00015353577771274625,False
F1,3026,1,z_R,41,0.00906543503523903,0.00014708877567579014,False
F1,3026,1,z_R,42,0.008370063626669016,0.00013580621408564839,False
F1,3026,1,z_R,43,0.007807440576894964,0.00012667752525421798,False
F1,3026,1,z_R,44,0.007254717881141929,0.00011770947195170017,False
F1,3026,1,z_R,45,0.006961000580764234,0.00011294384096549628,False
F1,3026,1,z_R,46,0.006683418648682647,0.00010844001005380916,False
F1,3026,1,z_R,47,0.00607844141135184,9.86241147542667e-05,False
F1,3026,1,z_R,48,0.005735521102965265,9.306015360746271e-05,False
F1,3026,1,z_R,49,0.005506355233331334,8.934188448302417e-05,False
F1,3026,1,z_R,50,0.005281237128150941,8.568929127103556e-05,False
F1,3026,1,z_R,51,0.0044143468230952035,7.162379600023982e-05,False
F1,3026,1,z_R,52,0.004258367150718028,6.909298981707415e-05,False
F1,3026,1,z_R,53,0.004187572502310776,6.79443303078346e-05,False
F1,3026,1,z_R,54,0.004011477048835313,6.508714093378974e-05,False
F1,3026,1,z_R,55,0.0036846106656827204,5.978365842902312e-05,False
F1,3026,1,z_R,56,0.003430010553623458,5.565271285121628e-05,False
F1,3026,1,z_R,57,0.0031058697158645844,5.039345294949657e-05,False
F1,3026,1,z_R,58,0.003026954325948466,4.911303253507424e-05,False
F1,3026,1,z_R,59,0.002832449232443066,4.5957142502747735e-05,False
F1,3026,1,z_R,60,0.002684702586420616,4.355991907230334e-05,False
F1,3026,1,z_R,61,0.002524258232796532,4.0956672405494286e-05,False
F1,3026,1,z_R,62,0.0022346927129761984,3.625840501703094e-05,False
F1,3026,1,z_R,63,0.002212800265606772,3.590319500586232e-05,False
F1,3026,1,z_R,64,0.0020746676548835477,3.36619615169894e-05,False
F1,3026,1,z_R,65,0.0019010579000960362,3.08451031778357e-05,False
F1,3026,1,z_R,66,0.001753909815827556,2.8457591549992674e-05,False
F1,3026,1,z_R,67,0.0015949653896806222,2.5878681552671503e-05,False
F1,3026,1,z_R,68,0.0015339111148208616,2.488806185223938e-05,False
F1,3026,1,z_R,69,0.00144322406435177,2.3416643528541074e-05,False
F1,3026,1,z_R,70,0.0013257164475134258,2.1510055325532e-05,False
F1,3026,1,z_R,71,0.0012320943534265176,1.999101524175031e-05,False
F1,3026,1,z_R,72,0.0011513777229982907,1.8681369284307292e-05,False
F1,3026,1,z_R,73,0.001122382122454319,1.8210908973531413e-05,False
F1,3026,1,z_R,74,0.000967623196625982,1.5699909684859077e-05,False
F1,3026,1,z_R,75,0.0008837362530612187,1.4338824665093138e-05,False
F1,3026,1,z_R,76,0.0008198319321324437,1.3301962309423692e-05,False
F1,3026,1,z_R,77,0.0007620173050755051,1.2363906642276849e-05,False
F1,3026,1,z_R,78,0.000703491030026066,1.1414304322209088e-05,False
F1,3026,1,z_R,79,0.0006708220938189874,1.088424329252316e-05,False
F1,3026,1,z_R,80,0.0006433062763343079,1.0437792803406254e-05,False
F1,3026,1,z_R,81,0.0005892070797360812,9.560020852943292e-06,False
F1,3026,1,z_R,82,0.0005584230041844369,9.06054212240237e-06,False
F1,3026,1,z_R,83,0.0004835063651481086,7.845002363883978e-06,False
F1,3026,1,z_R,84,0.0004189453360886982,6.797484767232048e-06,False
F1,3026,1,z_R,85,0.00039500560874286994,6.409057165950665e-06,False
F1,3026,1,z_R,86,0.00037011138495088194,6.005142639540284e-06,False
F1,3026,1,z_R,87,0.0003055728084278409,4.957989340472812e-06,False
F1,3026,1,z_R,88,0.0002871122057025105,4.658461800696624e-06,False
F1,3026,1,z_R,89,0.00021440103928000877,3.4787063443427963e-06,False
F1,3026,1,z_R,90,0.0001963456867507346,3.185754082526087e-06,False
F1,3026,1,z_R,91,0.00018419913736029308,2.9886735153408795e-06,False
F1,3026,1,z_R,92,0.00015716287203393337,2.550003870669468e-06,False
F1,3026,1,z_R,93,0.00012586063696950374,2.042117882446583e-06,False
F1,3026,1,z_R,94,8.637273183585074e-05,1.4014175081641457e-06,False
F1,3026,1,z_R,95,1.113056815569569e-14,1.805960371712099e-16,False
F1,3026,1,z_P,0,0.4608695177062806,0.27166196121074765,False
F1,3026,1,z_P,1,0.21547387415181463,0.12701220842960098,False
F1,3026,1,z_P,2,0.16758811468256288,0.09878569564952656,False
F1,3026,1,z_P,3,0.1431191723308784,0.08436234888297442,False
F1,3026,1,z_P,4,0.12264470083576781,0.0722935639722307,False
F1,3026,1,z_P,5,0.08974339508612295,0.0528997162497191,False
F1,3026,1,z_P,6,0.07204617697545368,0.04246799795373326,False
F1,3026,1,z_P,7,0.05725075766672755,0.03374676022391338,False
F1,3026,1,z_P,8,0.04871041339771834,0.028712609375575786,False
F1,3026,1,z_P,9,0.04101172840255367,0.024174579013014258,False
F1,3026,1,z_P,10,0.03206885510802268,0.01890315531343292,False
F1,3026,1,z_P,11,0.026760448618247973,0.01577408718783142,False
F1,3026,1,z_P,12,0.021799313973785657,0.012849720277967443,False
F1,3026,1,z_P,13,0.019730658711797966,0.011630340553447097,False
F1,3026,1,z_P,14,0.0161923123644772,0.009544643688659751,False
F1,3026,1,z_P,15,0.014199991697777734,0.008370259792823055,False
F1,3026,1,z_P,16,0.012597658296991566,0.007425755942063986,False
F1,3026,1,z_P,17,0.01191133248459254,0.007021197582132041,False
F1,3026,1,z_P,18,0.010517035952871288,0.006199322158038275,False
F1,3026,1,z_P,19,0.009374671196525733,0.005525949244005253,False
F1,3026,1,z_P,20,0.00822517780527592,0.004848374318634004,False
F1,3026,1,z_P,21,0.007987753577271032,0.004708423358675175,False
F1,3026,1,z_P,22,0.007253377540331686,0.004275541541161992,False
F1,3026,1,z_P,23,0.006909435703901546,0.004072803216674699,False
F1,3026,1,z_P,24,0.006059535368111567,0.003571824993590035,False
F1,3026,1,z_P,25,0.005809148176615944,0.0034242329466213253,False
F1,3026,1,z_P,26,0.0054738157459981555,0.003226569481672331,False
F1,3026,1,z_P,27,0.004617261117097887,0.0027216688505147493,False
F1,3026,1,z_P,28,0.004481739758273391,0.002641785072764728,False
F1,3026,1,z_P,29,0.004108245332580916,0.0024216268191013463,False
F1,3026,1,z_P,30,0.0037123505984613596,0.0021882645858184997,False
F1,3026,1,z_P,31,0.003519722521386461,0.0020747189526361103,False
F1,3026,1,z_P,32,0.003107891342529705,0.001831962898183269,False
F1,3026,1,z_P,33,0.002763973447042495,0.0016292386858107067,False
F1,3026,1,z_P,34,0.002586953267211468,0.0015248932097503345,False
F1,3026,1,z_P,35,0.0022508046131456062,0.0013267486175968476,False
F1,3026,1,z_P,36,0.0020966749248851786,0.0012358960621880646,False
F1,3026,1,z_P,37,0.001905165417394926,0.0011230097757305964,False
F1,3026,1,z_P,38,0.001815339998641582,0.0010700617101988205,False
F1,3026,1,z_P,39,0.0015652525379710543,0.0009226463411414335,False
F1,3026,1,z_P,40,0.0015392802124599724,0.0009073368172643496,False
F1,3026,1,z_P,41,0.0013006696232803088,0.0007666865504712415,False
F1,3026,1,z_P,42,0.0011912923986109266,0.000702213570107177,False
F1,3026,1,z_P,43,0.0011466512925886324,0.0006758996353670576,False
F1,3026,1,z_P,44,0.001017695277800953,0.0005998858341907561,False
F1,3026,1,z_P,45,0.0009337313646164741,0.0005503928639458427,False
F1,3026,1,z_P,46,0.000815017014564657,0.00048041606591536556,False
F1,3026,1,z_P,47,0.0007941775688044717,0.00046813214500444737,False
F1,3026,1,z_P,48,0.0006873852974354375,0.00040518287895914643,False
F1,3026,1,z_P,49,0.0006563107656247737,0.0003868658327431049,False
F1,3026,1,z_P,50,0.000600407772189536,0.0003539135192341717,False
F1,3026,1,z_P,51,0.0005544401201068801,0.00032681764494164314,False
F1,3026,1,z_P,52,0.0005128780041785453,0.0003023186371067277,False
F1,3026,1,z_P,53,0.00045443973345666883,0.0002678718910665887,False
F1,3026,1,z_P,54,0.0004212827270198506,0.0002483273192291342,False
F1,3026,1,z_P,55,0.0004158885229929708,0.00024514767729402363,False
F1,3026,1,z_P,56,0.0003718728087379663,0.00021920238302045652,False
F1,3026,1,z_P,57,0.00032089467432035596,0.00018915305356235335,False
F1,3026,1,z_P,58,0.00030029732408714155,0.0001770118371331388,False
F1,3026,1,z_P,59,0.0002636917509107023,0.0001554344894928622,False
F1,3026,1,z_P,60,0.00025751857660608616,0.00015179567943045187,False
F1,3026,1,z_P,61,0.00024282495518138098,0.00014313444699878638,False
F1,3026,1,z_P,62,0.00020031171193473583,0.00011807479216352409,False
F1,3026,1,z_P,63,0.00019080407808303213,0.00011247046738309108,False
F1,3026,1,z_P,64,0.0001587859996110842,9.359724262485825e-05,False
F1,3026,1,z_P,65,0.0001440626020305092,8.491845848150401e-05,False
F1,3026,1,z_P,66,0.00013003206371814378,7.664808387797275e-05,False
F1,3026,1,z_P,67,0.000119521485402857,7.045256820837339e-05,False
F1,3026,1,z_P,68,0.00010451717930697323,6.16082010631982e-05,False
F1,3026,1,z_P,69,9.623092109251258e-05,5.672382257611049e-05,False
F1,3026,1,z_P,70,8.631281395116307e-05,5.0877542156162006e-05,False
F1,3026,1,z_P,71,7.972085675718176e-05,4.699187831697628e-05,False
F1,3026,1,z_P,72,7.269402132922855e-05,4.284987321548133e-05,False
F1,3026,1,z_P,73,6.116847381370476e-05,3.605607861244941e-05,False
F1,3026,1,z_P,74,5.534124748922416e-05,3.262118940648506e-05,False
F1,3026,1,z_P,75,5.27689650209312e-05,3.110494397632008e-05,False
F1,3026,1,z_P,76,3.8326309306693755e-05,2.25916446026742e-05,False
F1,3026,1,z_P,77,3.721614476175916e-05,2.1937252272618262e-05,False
F1,3026,1,z_P,78,3.1804271375618106e-05,1.8747195040757008e-05,False
F1,3026,1,z_P,79,2.8883259108935928e-05,1.702538899674509e-05,False
F1,3026,1,z_P,80,2.3875720814327718e-05,1.4073669211237024e-05,False
F1,3026,1,z_P,81,2.0990637581622434e-05,1.237304172527587e-05,False
F1,3026,1,z_P,82,1.7547587682999077e-05,1.0343517853396372e-05,False
F1,3026,1,z_P,83,1.652354639563154e-05,9.739891330488991e-06,False
F1,3026,1,z_P,84,1.194177099172541e-05,7.039139720256509e-06,False
F1,3026,1,z_P,85,1.044641840181249e-05,6.157696271145145e-06,False
F1,3026,1,z_P,86,7.391340793871854e-06,4.356864706595606e-06,False
F1,3026,1,z_P,87,5.994803682428171e-06,3.533668560999854e-06,False
F1,3026,1,z_P,88,4.581558652412748e-06,2.7006238449246776e-06,False
F1,3026,1,z_P,89,4.2919315287022364e-06,2.5299016135247483e-06,False
F1,3026,1,z_P,90,3.3744922575998906e-06,1.9891122097910384e-06,False
F1,3026,1,z_P,91,2.9768376760500955e-06,1.7547126251843074e-06,False
F1,3026,1,z_P,92,1.925657079235332e-06,1.135088693580789e-06,False
F1,3026,1,z_P,93,1.5359961060147973e-06,9.054009834470874e-07,False
F1,3026,1,z_P,94,1.2997344171260493e-06,7.661352882847838e-07,False
F1,3026,1,z_P,95,8.893890754298365e-15,5.242550683611643e-15,False
F1,3026,2,z_R,0,30.94654322301367,0.4394687324991874,False
F1,3026,2,z_R,1,26.399223762485036,0.3748927084442204,False
F1,3026,2,z_R,2,3.666274685867434,0.052064396258443,False
F1,3026,2,z_R,3,3.3078257251810768,0.04697409879667874,False
F1,3026,2,z_R,4,1.6597502677209723,0.023569945798601884,False
F1,3026,2,z_R,5,1.0316880247565505,0.014650897365402047,False
F1,3026,2,z_R,6,0.5812474172017728,0.008254235824185016,False
F1,3026,2,z_R,7,0.4289261687529665,0.006091137170287224,False
F1,3026,2,z_R,8,0.34590025830391335,0.004912094607546247,False
F1,3026,2,z_R,9,0.321182853313316,0.004561085237497806,False
F1,3026,2,z_R,10,0.24703652457410688,0.0035081407171464606,False
F1,3026,2,z_R,11,0.19155549472438693,0.002720260219796631,False
F1,3026,2,z_R,12,0.16740427470217026,0.0023772911852590487,False
F1,3026,2,z_R,13,0.11613325090735441,0.0016491965583836543,False
F1,3026,2,z_R,14,0.10121169838854895,0.001437297099206485,False
F1,3026,2,z_R,15,0.09281519837298688,0.001318059251131603,False
F1,3026,2,z_R,16,0.08183160670251668,0.0011620823759463782,False
F1,3026,2,z_R,17,0.07108595773818249,0.0010094845010817854,False
F1,3026,2,z_R,18,0.06453487623915244,0.0009164532548411189,False
F1,3026,2,z_R,19,0.05460032308881454,0.000775373669652488,False
F1,3026,2,z_R,20,0.051956776240419576,0.0007378329280454445,False
F1,3026,2,z_R,21,0.04392581831799107,0.0006237861062892968,False
F1,3026,2,z_R,22,0.038761657022026816,0.000550450373674384,False
F1,3026,2,z_R,23,0.03385852484682206,0.000480821489220795,False
F1,3026,2,z_R,24,0.03153017358496778,0.0004477568082809527,False
F1,3026,2,z_R,25,0.028619181808377338,0.000406418108279642,False
F1,3026,2,z_R,26,0.027700267686503674,0.00039336870171086217,False
F1,3026,2,z_R,27,0.02209137277875015,0.0003137173520247842,False
F1,3026,2,z_R,28,0.01925571712385258,0.00027344849267330566,False
F1,3026,2,z_R,29,0.017531089583819007,0.0002489572312878301,False
F1,3026,2,z_R,30,0.015440128175237594,0.0002192636996609881,False
F1,3026,2,z_R,31,0.01463447248313631,0.00020782266460621642,False
F1,3026,2,z_R,32,0.014623383621520557,0.00020766519280317802,False
F1,3026,2,z_R,33,0.01297069211242573,0.00018419548772238733,False
F1,3026,2,z_R,34,0.01079536149689082,0.00015330383751491363,False
F1,3026,2,z_R,35,0.01064645501043634,0.00015118923155096244,False
F1,3026,2,z_R,36,0.010054232710135183,0.00014277914252113,False
F1,3026,2,z_R,37,0.009509534909746847,0.00013504394411119122,False
F1,3026,2,z_R,38,0.008538726093994082,0.00012125758623970429,False
F1,3026,2,z_R,39,0.0076537445916873255,0.00010869005337177635,False
F1,3026,2,z_R,40,0.007136944753388843,0.00010135103110178914,False
F1,3026,2,z_R,41,0.006592542648908338,9.362003183955106e-05,False
F1,3026,2,z_R,42,0.006110360886716702,8.677261736945934e-05,False
F1,3026,2,z_R,43,0.00597243671130519,8.481397009463165e-05,False
F1,3026,2,z_R,44,0.005504083097292006,7.816292775919164e-05,False
F1,3026,2,z_R,45,0.005317461688468296,7.55127359945755e-05,False
F1,3026,2,z_R,46,0.005072021196400908,7.202726037374369e-05,False
F1,3026,2,z_R,47,0.004746261229469509,6.740117600837083e-05,False
F1,3026,2,z_R,48,0.004449506430205994,6.318699109745633e-05,False
F1,3026,2,z_R,49,0.004239686573601143,6.020736052060007e-05,False
F1,3026,2,z_R,50,0.003684416638675385,5.232202829663593e-05,False
F1,3026,2,z_R,51,0.003443560182312503,4.890165010352884e-05,False
F1,3026,2,z_R,52,0.003224299958766973,4.578795782989923e-05,False
F1,3026,2,z_R,53,0.003204222568559777,4.550284084081702e-05,False
F1,3026,2,z_R,54,0.0029387965624994793,4.173355295573604e-05,False
F1,3026,2,z_R,55,0.002701479372462344,3.836343552600224e-05,False
F1,3026,2,z_R,56,0.0025513455040536617,3.6231399634972656e-05,False
F1,3026,2,z_R,57,0.0024823498748688683,3.525159967840509e-05,False
F1,3026,2,z_R,58,0.0024401323295357093,3.4652072584115835e-05,False
F1,3026,2,z_R,59,0.0020795062511794983,2.9530858094366335e-05,False
F1,3026,2,z_R,60,0.0019030585146158495,2.7025141621247894e-05,False
F1,3026,2,z_R,61,0.0018595585886315362,2.6407403568943613e-05,False
F1,3026,2,z_R,62,0.0018131756372894168,2.5748723964924578e-05,False
F1,3026,2,z_R,63,0.0016396485259867,2.3284482995944908e-05,False
F1,3026,2,z_R,64,0.001595134663465165,2.265234613335554e-05,False
F1,3026,2,z_R,65,0.0015256931378162914,2.166621404616896e-05,False
F1,3026,2,z_R,66,0.0014825622345596729,2.1053716448323028e-05,False
F1,3026,2,z_R,67,0.0014510808769884276,2.0606652871319045e-05,False
F1,3026,2,z_R,68,0.0012108280225695193,1.7194846368411437e-05,False
F1,3026,2,z_R,69,0.0011643642516952085,1.653501905438429e-05,False
F1,3026,2,z_R,70,0.0010940539201096154,1.5536549141901797e-05,False
F1,3026,2,z_R,71,0.0010593921608146523,1.5044321001466992e-05,False
F1,3026,2,z_R,72,0.0009176362106114445,1.3031259080105328e-05,False
F1,3026,2,z_R,73,0.0008608466380824658,1.2224796100423602e-05,False
F1,3026,2,z_R,74,0.0007609129194933998,1.0805647463182351e-05,False
F1,3026,2,z_R,75,0.0007356326272691336,1.0446644588420385e-05,False
F1,3026,2,z_R,76,0.0006778640642503305,9.626279063740614e-06,False
F1,3026,2,z_R,77,0.0006742353085601083,9.57474747094723e-06,False
F1,3026,2,z_R,78,0.0005706343052538104,8.103520094094216e-06,False
F1,3026,2,z_R,79,0.0005224015235817453,7.418571236524582e-06,False
F1,3026,2,z_R,80,0.00045709401252350037,6.491145872708823e-06,False
F1,3026,2,z_R,81,0.0004315309471290995,6.128127364738059e-06,False
F1,3026,2,z_R,82,0.00039118696259283917,5.5552065179621214e-06,False
F1,3026,2,z_R,83,0.00035923511579832607,5.101461571051522e-06,False
F1,3026,2,z_R,84,0.0003420869662564135,4.857942432594515e-06,False
F1,3026,2,z_R,85,0.0002886150146604091,4.0985926524653235e-06,False
F1,3026,2,z_R,86,0.0002609803809047867,3.706156011573192e-06,False
F1,3026,2,z_R,87,0.00023594724253219745,3.350662943678702e-06,False
F1,3026,2,z_R,88,0.0002142918666695904,3.043137139793242e-06,False
F1,3026,2,z_R,89,0.00018643586922567607,2.6475569355372175e-06,False
F1,3026,2,z_R,90,0.0001814350630912082,2.576540993060178e-06,False
F1,3026,2,z_R,91,0.0001409719922501144,2.0019290137055212e-06,False
F1,3026,2,z_R,92,0.00012757637704614662,1.8116992361077224e-06,False
F1,3026,2,z_R,93,9.963151942304355e-05,1.4148571374282627e-06,False
F1,3026,2,z_R,94,8.13566859862539e-05,1.155338074855638e-06,False
F1,3026,2,z_R,95,1.0909357456029972e-14,1.5492268260891612e-16,False
F1,3026,2,z_P,0,0.4145496561208758,0.19282607335675342,False
F1,3026,2,z_P,1,0.3448014821556338,0.16038299612597706,False
F1,3026,2,z_P,2,0.2445975909219687,0.1137735668420196,False
F1,3026,2,z_P,3,0.21029543873240672,0.0978180613513327,False
F1,3026,2,z_P,4,0.15730498927437317,0.07316977098724003,False
F1,3026,2,z_P,5,0.1309700641644451,0.06092018851596445,False
F1,3026,2,z_P,6,0.11059827778218732,0.051444335581695116,False
F1,3026,2,z_P,7,0.07096224973272017,0.033007799597672104,False
F1,3026,2,z_P,8,0.05781006568356128,0.026890115096384875,False
F1,3026,2,z_P,9,0.05557931931558439,0.02585249256687444,False
F1,3026,2,z_P,10,0.04330496526589758,0.020143127091724833,False
F1,3026,2,z_P,11,0.03971615285221716,0.018473805707600495,False
F1,3026,2,z_P,12,0.03238791066114875,0.01506510388998523,False
F1,3026,2,z_P,13,0.02663841659828131,0.012390750293108935,False
F1,3026,2,z_P,14,0.021521493686373256,0.01001063457427033,False
F1,3026,2,z_P,15,0.01958729095400602,0.009110948101367968,False
F1,3026,2,z_P,16,0.017665626161828745,0.008217093599953498,False
F1,3026,2,z_P,17,0.015787528623505947,0.007343504228092642,False
F1,3026,2,z_P,18,0.012936560758081578,0.006017388211255878,False
F1,3026,2,z_P,19,0.011483880924593676,0.005341680141064311,False
F1,3026,2,z_P,20,0.010252880313725586,0.004769085252638579,False
F1,3026,2,z_P,21,0.00955190127794689,0.0044430277273726625,False
F1,3026,2,z_P,22,0.007782229911591885,0.00361987234497713,False
F1,3026,2,z_P,23,0.007407862067901795,0.003445736676972267,False
F1,3026,2,z_P,24,0.007267435864144661,0.0033804180038843126,False
F1,3026,2,z_P,25,0.0058839448674561255,0.002736892837533469,False
F1,3026,2,z_P,26,0.005785990413457317,0.00269132972475914,False
F1,3026,2,z_P,27,0.004636580200830218,0.002156686275646233,False
F1,3026,2,z_P,28,0.004532169315693772,0.0021081199803923453,False
F1,3026,2,z_P,29,0.003941307777139497,0.0018332831576023398,False
F1,3026,2,z_P,30,0.0038393058802534265,0.0017858373933589693,False
F1,3026,2,z_P,31,0.0035478435133032608,0.0016502648680403662,False
F1,3026,2,z_P,32,0.003238777881776634,0.001506504256357631,False
F1,3026,2,z_P,33,0.00302388739947077,0.001406548829322621,False
F1,3026,2,z_P,34,0.0027318919704075522,0.0012707283523470878,False
F1,3026,2,z_P,35,0.0024990922441476457,0.0011624425138946353,False
F1,3026,2,z_P,36,0.0022606745578073037,0.0010515435043380933,False
F1,3026,2,z_P,37,0.0019855111124551764,0.00092355235559355,False
F1,3026,2,z_P,38,0.0018410811535273925,0.0008563713521988656,False
F1,3026,2,z_P,39,0.0015536528215170037,0.0007226752416974885,False
F1,3026,2,z_P,40,0.0015092079570470838,0.0007020018951633189,False
F1,3026,2,z_P,41,0.001404035642848444,0.0006530814243021559,False
F1,3026,2,z_P,42,0.0012070219191111598,0.0005614412982406941,False
F1,3026,2,z_P,43,0.0011935970240659058,0.0005551967633373819,False
F1,3026,2,z_P,44,0.0010848670786633642,0.0005046214749040152,False
F1,3026,2,z_P,45,0.0009812600112236326,0.00045642907215700504,False
F1,3026,2,z_P,46,0.0009127748723825655,0.0004245734905372136,False
F1,3026,2,z_P,47,0.0008574883565334466,0.00039885719430260034,False
F1,3026,2,z_P,48,0.0007672717378137529,0.0003568933038919194,False
F1,3026,2,z_P,49,0.0006971116192486854,0.0003242586123190442,False
F1,3026,2,z_P,50,0.0006578882564412801,0.0003060140258809024,False
F1,3026,2,z_P,51,0.0006362112778826945,0.0002959310681556358,False
F1,3026,2,z_P,52,0.000565856565389409,0.0002632058620146666,False
F1,3026,2,z_P,53,0.0005545053782116753,0.00025792590382605886,False
F1,3026,2,z_P,54,0.00047721626477144287,0.00022197518950787086,False
F1,3026,2,z_P,55,0.0004294803724096005,0.00019977103483929056,False
F1,3026,2,z_P,56,0.00035803523916364845,0.00016653862395471855,False
F1,3026,2,z_P,57,0.00035166118068074334,0.0001635737567778742,False
F1,3026,2,z_P,58,0.00029240021537247014,0.00013600876166811306,False
F1,3026,2,z_P,59,0.00028633325114751424,0.00013318673812661233,False
F1,3026,2,z_P,60,0.0002751382091089916,0.000127979410209489,False
F1,3026,2,z_P,61,0.00022938421112752276,0.00010669712558839903,False
F1,3026,2,z_P,62,0.0002180029075979264,0.00010140315890216564,False
F1,3026,2,z_P,63,0.0001904481422993573,8.858617276711806e-05,False
F1,3026,2,z_P,64,0.0001888106989508335,8.782452270523038e-05,False
F1,3026,2,z_P,65,0.0001683364175355941,7.830099462648413e-05,False
F1,3026,2,z_P,66,0.00014266712336013303,6.636102765603684e-05,False
F1,3026,2,z_P,67,0.000133236775738507,6.197454011366839e-05,False
F1,3026,2,z_P,68,0.00011299026504338585,5.2556958651781075e-05,False
F1,3026,2,z_P,69,0.00011040842768583277,5.13560275875479e-05,False
F1,3026,2,z_P,70,9.420317253572738e-05,4.381821957781701e-05,False
F1,3026,2,z_P,71,8.918058080019812e-05,4.148198161901915e-05,False
F1,3026,2,z_P,72,7.752795750655913e-05,3.606181165664755e-05,False
F1,3026,2,z_P,73,7.155776799974169e-05,3.3284802478621295e-05,False
F1,3026,2,z_P,74,6.571097064583638e-05,3.0565188654752915e-05,False
F1,3026,2,z_P,75,6.178861895508858e-05,2.874072284303702e-05,False
F1,3026,2,z_P,76,5.779687726202156e-05,2.6883980556163386e-05,False
F1,3026,2,z_P,77,4.5679284380635666e-05,2.1247531895904266e-05,False
F1,3026,2,z_P,78,3.790665281249369e-05,1.7632124181040437e-05,False
F1,3026,2,z_P,79,3.2439645194981004e-05,1.5089167996343833e-05,False
F1,3026,2,z_P,80,2.7667914580209015e-05,1.2869617059617451e-05,False
F1,3026,2,z_P,81,2.5443248408126138e-05,1.1834822708305147e-05,False
F1,3026,2,z_P,82,2.47689285586576e-05,1.1521165594278687e-05,False
F1,3026,2,z_P,83,1.670373723966393e-05,7.769674910472498e-06,False
F1,3026,2,z_P,84,1.6120258584282338e-05,7.49827220552874e-06,False
F1,3026,2,z_P,85,1.373956478385286e-05,6.390902242429003e-06,False
F1,3026,2,z_P,86,1.2320137551759143e-05,5.730661483477634e-06,False
F1,3026,2,z_P,87,1.129849883026274e-05,5.2554504197445984e-06,False
F1,3026,2,z_P,88,6.506661658164132e-06,3.0265470002920358e-06,False
F1,3026,2,z_P,89,5.298916541178352e-06,2.4647693095242614e-06,False
F1,3026,2,z_P,90,4.1480929595392005e-06,1.9294684376086233e-06,False
F1,3026,2,z_P,91,3.938054185655317e-06,1.8317697628595436e-06,False
F1,3026,2,z_P,92,1.966573541390165e-06,9.147436220354262e-07,False
F1,3026,2,z_P,93,1.7097125129390815e-06,7.952657674930556e-07,False
F1,3026,2,z_P,94,1.0306358270163265e-06,4.793960304876023e-07,False
F1,3026,2,z_P,95,1.2256722808147174e-14,5.7011643754157326e-15,False
F1,3026,3,z_R,0,33.986715539596055,0.4811338416229786,False
F1,3026,3,z_R,1,23.32250833285684,0.3301657089340711,False
F1,3026,3,z_R,2,4.137408892356115,0.0585713389228558,False
F1,3026,3,z_R,3,2.6141594254136935,0.03700741736867339,False
F1,3026,3,z_R,4,1.708966659320966,0.02419303192292106,False
F1,3026,3,z_R,5,0.958288588344738,0.013566037864312111,False
F1,3026,3,z_R,6,0.8072391027220983,0.011427701807445251,False
F1,3026,3,z_R,7,0.4915827125789446,0.006959103732839353,False
F1,3026,3,z_R,8,0.35109599718279233,0.004970299813355106,False
F1,3026,3,z_R,9,0.2988921803850248,0.004231275093710467,False
F1,3026,3,z_R,10,0.20884983621552605,0.0029565882558918264,False
F1,3026,3,z_R,11,0.1938294093798163,0.002743951184272996,False
F1,3026,3,z_R,12,0.16554783356748198,0.0023435823047945744,False
F1,3026,3,z_R,13,0.12656083425380443,0.0017916618130574945,False
F1,3026,3,z_R,14,0.11208027370328183,0.0015866673728501105,False
F1,3026,3,z_R,15,0.10737128026559975,0.001520004382123343,False
F1,3026,3,z_R,16,0.09036615942907683,0.0012792709371451975,False
F1,3026,3,z_R,17,0.08770226480126331,0.0012415594420621993,False
F1,3026,3,z_R,18,0.07757578912703524,0.0010982037201017563,False
F1,3026,3,z_R,19,0.06305609239981833,0.0008926552475690824,False
F1,3026,3,z_R,20,0.06061474964558693,0.0008580943139980435,False
F1,3026,3,z_R,21,0.05445313859511011,0.0007708673034371476,False
F1,3026,3,z_R,22,0.04755138106093758,0.0006731623895128222,False
F1,3026,3,z_R,23,0.04422488946041187,0.0006260708227792594,False
F1,3026,3,z_R,24,0.038633838263767276,0.0005469209579499161,False
F1,3026,3,z_R,25,0.03768922934555263,0.0005335485766992936,False
F1,3026,3,z_R,26,0.03153135562999662,0.0004463744738195117,False
F1,3026,3,z_R,27,0.02683917430591457,0.0003799494842256504,False
F1,3026,3,z_R,28,0.024567659416554487,0.0003477927233362867,False
F1,3026,3,z_R,29,0.023748530227488254,0.0003361966992055702,False
F1,3026,3,z_R,30,0.02345774571409592,0.0003320802005150767,False
F1,3026,3,z_R,31,0.020147550197208996,0.0002852193297225619,False
F1,3026,3,z_R,32,0.018725638323952548,0.0002650899965061127,False
F1,3026,3,z_R,33,0.01852247160565116,0.0002622138614599828,False
F1,3026,3,z_R,34,0.016800049707986136,0.00023783035009791476,False
F1,3026,3,z_R,35,0.015598750189971072,0.00022082412155049775,False
F1,3026,3,z_R,36,0.014470384877024805,0.00020485038801512697,False
F1,3026,3,z_R,37,0.013680781429441959,0.00019367234582827087,False
F1,3026,3,z_R,38,0.011946974055293007,0.00016912765566582603,False
F1,3026,3,z_R,39,0.011158019187001277,0.0001579587951089385,False
F1,3026,3,z_R,40,0.010725821840580657,0.00015184038189009288,False
F1,3026,3,z_R,41,0.010430881242492598,0.0001476650474761699,False
F1,3026,3,z_R,42,0.009735870867959184,0.00013782611464144206,False
F1,3026,3,z_R,43,0.009342541169982914,0.0001322579323205805,False
F1,3026,3,z_R,44,0.008606141827267067,0.00012183307545800051,False
F1,3026,3,z_R,45,0.00824376530563194,0.0001167030826004926,False
F1,3026,3,z_R,46,0.007733966338948177,0.00010948609998238054,False
F1,3026,3,z_R,47,0.007348019885009619,0.00010402243875192463,False
F1,3026,3,z_R,48,0.006697617159443591,9.481499528510711e-05,False
F1,3026,3,z_R,49,0.006356896554669716,8.999157499008124e-05,False
F1,3026,3,z_R,50,0.006277463582735169,8.886708001221634e-05,False
F1,3026,3,z_R,51,0.005723269741413158,8.102162017163817e-05,False
F1,3026,3,z_R,52,0.005562178720328958,7.874113085118851e-05,False
F1,3026,3,z_R,53,0.004857014109895905,6.875844930613155e-05,False
F1,3026,3,z_R,54,0.004707803254017336,6.664614186009225e-05,False
F1,3026,3,z_R,55,0.004675935132094583,6.619499994530086e-05,False
F1,3026,3,z_R,56,0.0042328510098825455,5.99224677956833e-05,False
F1,3026,3,z_R,57,0.003935440231898574,5.571216421442681e-05,False
F1,3026,3,z_R,58,0.0036709374688891493,5.19677238215812e-05,False
F1,3026,3,z_R,59,0.0034879274517237006,4.937693765068115e-05,False
F1,3026,3,z_R,60,0.0033215208364728464,4.702119798016658e-05,False
F1,3026,3,z_R,61,0.003017821270015438,4.272186699778172e-05,False
F1,3026,3,z_R,62,0.002730618097333529,3.865606765221787e-05,False
F1,3026,3,z_R,63,0.0026203722914930833,3.7095369972413027e-05,False
F1,3026,3,z_R,64,0.0025878975596778982,3.663564056856074e-05,False
F1,3026,3,z_R,65,0.002299365793841434,3.255103295870136e-05,False
F1,3026,3,z_R,66,0.0022162669465699385,3.137464191922021e-05,False
F1,3026,3,z_R,67,0.0021407686341502613,3.030584805332837e-05,False
F1,3026,3,z_R,68,0.0018842305856161647,2.667416035258919e-05,False
F1,3026,3,z_R,69,0.001689456694089333,2.3916838581705425e-05,False
F1,3026,3,z_R,70,0.0016436989738224913,2.3269068198884935e-05,False
F1,3026,3,z_R,71,0.0015644161992333502,2.2146699493731276e-05,False
F1,3026,3,z_R,72,0.0015214056401656132,2.153781937142281e-05,False
F1,3026,3,z_R,73,0.0012467806734123008,1.7650083732312142e-05,False
F1,3026,3,z_R,74,0.0011534479121209887,1.632881601707639e-05,False
F1,3026,3,z_R,75,0.0011265296296479896,1.5947746635981365e-05,False
F1,3026,3,z_R,76,0.0010444216578370433,1.4785382951286774e-05,False
F1,3026,3,z_R,77,0.0009819234445995104,1.3900625334902413e-05,False
F1,3026,3,z_R,78,0.0008801663809357102,1.2460098759282035e-05,False
F1,3026,3,z_R,79,0.0007964899397507241,1.1275530996216865e-05,False
F1,3026,3,z_R,80,0.0007364482757763566,1.042554958475133e-05,False
F1,3026,3,z_R,81,0.0006946896174672998,9.83439202879832e-06,False
F1,3026,3,z_R,82,0.0006649742514580136,9.413725660298428e-06,False
F1,3026,3,z_R,83,0.0005359302875601912,7.5869113564542784e-06,False
F1,3026,3,z_R,84,0.0005126806808784964,7.257777681682009e-06,False
F1,3026,3,z_R,85,0.0004751425038131562,6.726367480601266e-06,False
F1,3026,3,z_R,86,0.00046966611430858033,6.6488408270624566e-06,False
F1,3026,3,z_R,87,0.00039478352237180716,5.588763424547621e-06,False
F1,3026,3,z_R,88,0.0003383968231731839,4.79052361904874e-06,False
F1,3026,3,z_R,89,0.00024797637266463094,3.51048410879433e-06,False
F1,3026,3,z_R,90,0.00022601622429083804,3.1996046848210433e-06,False
F1,3026,3,z_R,91,0.00017733640890888478,2.510467584858282e-06,False
F1,3026,3,z_R,92,0.0001405534834340842,1.9897491229873743e-06,False
F1,3026,3,z_R,93,0.0001249137157497832,1.768344336188488e-06,False
F1,3026,3,z_R,94,7.755931341973122e-05,1.0979704813135185e-06,False
F1,3026,3,z_R,95,1.615051484194782e-14,2.2863519250756185e-16,False
F1,3026,3,z_P,0,0.2322317076166917,0.1685887005866898,False
F1,3026,3,z_P,1,0.19865428722902345,0.1442131588904053,False
F1,3026,3,z_P,2,0.17257258044601187,0.1252791334691715,False
F1,3026,3,z_P,3,0.1236285273153329,0.08974817861624339,False
F1,3026,3,z_P,4,0.11875948237524085,0.08621349350380737,False
F1,3026,3,z_P,5,0.07679226384407278,0.055747374505598954,False
F1,3026,3,z_P,6,0.06098260715423214,0.04427034793840366,False
F1,3026,3,z_P,7,0.0552033678366343,0.04007490685530456,False
F1,3026,3,z_P,8,0.04313220323794229,0.03131184010982597,False
F1,3026,3,z_P,9,0.03863257539249567,0.02804533348429828,False
F1,3026,3,z_P,10,0.03155941140704238,0.022910567273508754,False
F1,3026,3,z_P,11,0.027031827422038357,0.01962376587734112,False
F1,3026,3,z_P,12,0.021897025199541252,0.01589615415995558,False
F1,3026,3,z_P,13,0.018753635419886668,0.013614209098154905,False
F1,3026,3,z_P,14,0.017707271733686098,0.012854600963641176,False
F1,3026,3,z_P,15,0.016276635246181257,0.011816029836056651,False
F1,3026,3,z_P,16,0.01238011947049803,0.008987352657649005,False
F1,3026,3,z_P,17,0.01117558404562184,0.008112919686481732,False
F1,3026,3,z_P,18,0.010513697636407523,0.0076324229842415275,False
F1,3026,3,z_P,19,0.009044513402664803,0.006565868104931266,False
F1,3026,3,z_P,20,0.007917099137145263,0.005747421270097867,False
F1,3026,3,z_P,21,0.007770775968608539,0.005641197907653107,False
F1,3026,3,z_P,22,0.007074570793942005,0.005135787483971908,False
F1,3026,3,z_P,23,0.005067150808374814,0.003678500146374087,False
F1,3026,3,z_P,24,0.004498986673263059,0.0032660411663258063,False
F1,3026,3,z_P,25,0.004047222199713489,0.002938082566922743,False
F1,3026,3,z_P,26,0.003991400341288601,0.0028975586665786982,False
F1,3026,3,z_P,27,0.003425159746968141,0.0024864960817335448,False
F1,3026,3,z_P,28,0.0032222734793627915,0.0023392107150043595,False
F1,3026,3,z_P,29,0.0028587058787303485,0.002075278670603207,False
F1,3026,3,z_P,30,0.002604456484971978,0.0018907062219975868,False
F1,3026,3,z_P,31,0.0022065160984479225,0.0016018212399959574,False
F1,3026,3,z_P,32,0.0021030156390423405,0.0015266850402909937,False
F1,3026,3,z_P,33,0.0019345927829387574,0.001404418400860051,False
F1,3026,3,z_P,34,0.00171900857969175,0.0012479149626972537,False
F1,3026,3,z_P,35,0.001691379863255593,0.0012278578850025148,False
F1,3026,3,z_P,36,0.0015184160856607934,0.0011022947618074606,False
F1,3026,3,z_P,37,0.0013479815619309567,0.000978567751462473,False
F1,3026,3,z_P,38,0.0012764546220819745,0.0009266427410070296,False
F1,3026,3,z_P,39,0.0011580083530417736,0.0008406566248484724,False
F1,3026,3,z_P,40,0.0010910356897878707,0.0007920377933001058,False
F1,3026,3,z_P,41,0.0009885248173528295,0.0007176199846503221,False
F1,3026,3,z_P,42,0.0009081810834963915,0.0006592944190755454,False
F1,3026,3,z_P,43,0.0008956422241381121,0.0006501918291331734,False
F1,3026,3,z_P,44,0.0007987332147042292,0.0005798406951589627,False
F1,3026,3,z_P,45,0.0007123186948216535,0.0005171080400519692,False
F1,3026,3,z_P,46,0.0006660402465246193,0.00048351218208909837,False
F1,3026,3,z_P,47,0.0006457030920181053,0.00046874841667966945,False
F1,3026,3,z_P,48,0.0005079927632270506,0.00036877754867671185,False
F1,3026,3,z_P,49,0.0005000802680369388,0.0003630334696437955,False
F1,3026,3,z_P,50,0.00048368631364742844,0.000351132271928939,False
F1,3026,3,z_P,51,0.00046142705520118194,0.00033497315439934684,False
F1,3026,3,z_P,52,0.00041229215850221404,0.000299303656582052,False
F1,3026,3,z_P,53,0.0003736194684295122,0.00027122920182969,False
F1,3026,3,z_P,54,0.00033704822572699645,0.00024468029363221847,False
F1,3026,3,z_P,55,0.0003257989768444864,0.0002365138969280747,False
F1,3026,3,z_P,56,0.0003122446541758969,0.00022667413099136685,False
F1,3026,3,z_P,57,0.00026770040112234275,0.00019433721275581567,False
F1,3026,3,z_P,58,0.0002552720039929677,0.00018531481291248747,False
F1,3026,3,z_P,59,0.00023515852775146058,0.0001707134268285778,False
F1,3026,3,z_P,60,0.00020408506627094637,0.0001481556350976698,False
F1,3026,3,z_P,61,0.00019582052948696247,0.0001421559913295481,False
F1,3026,3,z_P,62,0.00018122692460968584,0.00013156175805974628,False
F1,3026,3,z_P,63,0.00016975024725261365,0.0001232302595639637,False
F1,3026,3,z_P,64,0.0001406808916218163,0.00010212734927241376,False
F1,3026,3,z_P,65,0.00013569832117805257,9.851025027539721e-05,False
F1,3026,3,z_P,66,0.00010668721258480972,7.744962444394583e-05,False
F1,3026,3,z_P,67,8.973220610090007e-05,6.514113073782723e-05,False
F1,3026,3,z_P,68,8.718045057797234e-05,6.328868280020385e-05,False
F1,3026,3,z_P,69,8.214099451968978e-05,5.963028766868343e-05,False
F1,3026,3,z_P,70,6.441488739315357e-05,4.6762013144105085e-05,False
F1,3026,3,z_P,71,6.322108551997974e-05,4.5895372199068746e-05,False
F1,3026,3,z_P,72,6.0376092215694464e-05,4.383004817734238e-05,False
F1,3026,3,z_P,73,5.211666726735142e-05,3.783411534833898e-05,False
F1,3026,3,z_P,74,5.0051885478393245e-05,3.633518618673598e-05,False
F1,3026,3,z_P,75,4.54939983660175e-05,3.3026386223190364e-05,False
F1,3026,3,z_P,76,3.954560338381213e-05,2.870814651803517e-05,False
F1,3026,3,z_P,77,3.204853273160156e-05,2.326564509377254e-05,False
F1,3026,3,z_P,78,3.0163519562995673e-05,2.189721903367314e-05,False
F1,3026,3,z_P,79,2.4137899059655292e-05,1.7522917430709533e-05,False
F1,3026,3,z_P,80,1.9462908932826436e-05,1.412910648720755e-05,False
F1,3026,3,z_P,81,1.9057428225761207e-05,1.383474760650755e-05,False
F1,3026,3,z_P,82,1.4711920942825494e-05,1.068012486468402e-05,False
F1,3026,3,z_P,83,1.1587262378116923e-05,8.411777735829568e-06,False
F1,3026,3,z_P,84,9.759730479210287e-06,7.085080226349382e-06,False
F1,3026,3,z_P,85,7.813529168481672e-06,5.672234610119383e-06,False
F1,3026,3,z_P,86,7.129205544673763e-06,5.175449603013584e-06,False
F1,3026,3,z_P,87,6.058374548534815e-06,4.3980794151106105e-06,False
F1,3026,3,z_P,88,3.8049479735125774e-06,2.762203495972305e-06,False
F1,3026,3,z_P,89,3.190556882216333e-06,2.3161860386807522e-06,False
F1,3026,3,z_P,90,2.5967957210137964e-06,1.8851448873526944e-06,False
F1,3026,3,z_P,91,1.5453458201117406e-06,1.1218444132517988e-06,False
F1,3026,3,z_P,92,8.982446601519031e-07,6.520810685933128e-07,False
F1,3026,3,z_P,93,8.189080769430242e-07,5.944866444320389e-07,False
F1,3026,3,z_P,94,5.759210224435567e-07,4.180900954945155e-07,False
F1,3026,3,z_P,95,1.3082553839564966e-14,9.497285167484774e-15,False
F1,3026,4,z_R,0,32.82567726119423,0.4570125972111899,False
F1,3026,4,z_R,1,26.922333132234655,0.37482380911277513,False
F1,3026,4,z_R,2,4.717309810493303,0.06567632988008418,False
F1,3026,4,z_R,3,1.712216279370137,0.02383818017205956,False
F1,3026,4,z_R,4,1.1995129194090097,0.016700112851458178,False
F1,3026,4,z_R,5,0.7493439629711139,0.010432675249835668,False
F1,3026,4,z_R,6,0.640918209755173,0.008923127261304876,False
F1,3026,4,z_R,7,0.5883952983178462,0.008191881658112323,False
F1,3026,4,z_R,8,0.4526620873537699,0.006302147996962872,False
F1,3026,4,z_R,9,0.27835123308515547,0.00387532049855279,False
F1,3026,4,z_R,10,0.2400695868150681,0.003342347653904277,False
F1,3026,4,z_R,11,0.17628343177682404,0.002454290534832882,False
F1,3026,4,z_R,12,0.14548183600312378,0.002025458033654631,False
F1,3026,4,z_R,13,0.13970349791799241,0.001945009631178802,False
F1,3026,4,z_R,14,0.10074357931255633,0.0014025935997491693,False
F1,3026,4,z_R,15,0.09308830124553336,0.0012960136658777077,False
F1,3026,4,z_R,16,0.08165193535473195,0.0011367918701832944,False
F1,3026,4,z_R,17,0.07555542987380802,0.001051913810194474,False
F1,3026,4,z_R,18,0.05835125606066985,0.0008123902172872254,False
F1,3026,4,z_R,19,0.05034649860951457,0.000700944687506098,False
F1,3026,4,z_R,20,0.045368766065360444,0.0006316426450798216,False
F1,3026,4,z_R,21,0.03975815238385523,0.000553529370824104,False
F1,3026,4,z_R,22,0.03592093826099294,0.0005001060955511858,False
F1,3026,4,z_R,23,0.03467835808765009,0.0004828063826543592,False
F1,3026,4,z_R,24,0.030718626673150784,0.0004276773711917872,False
F1,3026,4,z_R,25,0.02927798139371123,0.0004076201143200441,False
F1,3026,4,z_R,26,0.02593428472663903,0.0003610677923086544,False
F1,3026,4,z_R,27,0.02347597919614077,0.0003268422503254037,False
F1,3026,4,z_R,28,0.020641758197015747,0.0002873830583771582,False
F1,3026,4,z_R,29,0.019263242814039294,0.0002681907995105173,False
F1,3026,4,z_R,30,0.018894096189629565,0.0002630513881822803,False
F1,3026,4,z_R,31,0.017940604871363574,0.00024977648937937866,False
F1,3026,4,z_R,32,0.0162949028971238,0.00022686434875548894,False
F1,3026,4,z_R,33,0.015270151177496779,0.00021259733329814085,False
F1,3026,4,z_R,34,0.014093128661806056,0.00019621034110932237,False
F1,3026,4,z_R,35,0.012511943181345405,0.0001741964256812251,False
F1,3026,4,z_R,36,0.012107561524142352,0.0001685664577158297,False
F1,3026,4,z_R,37,0.01144041603467706,0.00015927818346539397,False
F1,3026,4,z_R,38,0.009986459682593082,0.00013903560435848443,False
F1,3026,4,z_R,39,0.009557436080910192,0.00013306256109391225,False
F1,3026,4,z_R,40,0.00884500811394428,0.00012314384554333067,False
F1,3026,4,z_R,41,0.00821133410171188,0.00011432157498326761,False
F1,3026,4,z_R,42,0.00784903491782472,0.00010927749654192181,False
F1,3026,4,z_R,43,0.007194426963688465,0.00010016377502158693,False
F1,3026,4,z_R,44,0.006642060549811037,9.24735023301905e-05,False
F1,3026,4,z_R,45,0.006443972734652531,8.971564219036332e-05,False
F1,3026,4,z_R,46,0.005882618208539211,8.19002332989042e-05,False
F1,3026,4,z_R,47,0.005608562355617428,7.80847148519238e-05,False
F1,3026,4,z_R,48,0.005124085831625235,7.133963316615247e-05,False
F1,3026,4,z_R,49,0.004757098474629587,6.623028404809105e-05,False
F1,3026,4,z_R,50,0.004735254722166306,6.592616633052964e-05,False
F1,3026,4,z_R,51,0.004288337070669253,5.9703994735256873e-05,False
F1,3026,4,z_R,52,0.004189512560744031,5.8328119209835784e-05,False
F1,3026,4,z_R,53,0.003985497215443534,5.5487733554276396e-05,False
F1,3026,4,z_R,54,0.003918451599304049,5.455429687543129e-05,False
F1,3026,4,z_R,55,0.0033324881491860955,4.639627240944978e-05,False
F1,3026,4,z_R,56,0.003311988300834555,4.611086507838312e-05,False
F1,3026,4,z_R,57,0.003093271751002308,4.3065803199033205e-05,False
F1,3026,4,z_R,58,0.003027325669699357,4.214767469699646e-05,False
F1,3026,4,z_R,59,0.002611246626700346,3.635485090929294e-05,False
F1,3026,4,z_R,60,0.002528258634264896,3.519945790221237e-05,False
F1,3026,4,z_R,61,0.002245889743993021,3.1268201925740966e-05,False
F1,3026,4,z_R,62,0.0021924899988278665,3.0524748682288983e-05,False
F1,3026,4,z_R,63,0.001989122136447037,2.7693377550585807e-05,False
F1,3026,4,z_R,64,0.0018440766091091432,2.5673993985850608e-05,False
F1,3026,4,z_R,65,0.001770238060993412,2.4645983310544106e-05,False
F1,3026,4,z_R,66,0.0016820911011629176,2.3418765034806414e-05,False
F1,3026,4,z_R,67,0.0014962822001618663,2.0831856994623057e-05,False
F1,3026,4,z_R,68,0.001413711481844832,1.96822734496623e-05,False
F1,3026,4,z_R,69,0.0013195572239133263,1.8371419095816615e-05,False
F1,3026,4,z_R,70,0.0012375125049439192,1.7229158730392346e-05,False
F1,3026,4,z_R,71,0.0011014101021895907,1.5334285029097197e-05,False
F1,3026,4,z_R,72,0.0010721022745645312,1.4926249383252946e-05,False
F1,3026,4,z_R,73,0.0010266303573316434,1.4293170625138749e-05,False
F1,3026,4,z_R,74,0.0009498089155810368,1.3223630876222215e-05,False
F1,3026,4,z_R,75,0.0008828977148229246,1.2292065583671972e-05,False
F1,3026,4,z_R,76,0.0008689001696373828,1.2097185995082711e-05,False
F1,3026,4,z_R,77,0.0007836327464004739,1.0910057813661365e-05,False
F1,3026,4,z_R,78,0.0006971146153761462,9.705516763352886e-06,False
F1,3026,4,z_R,79,0.0006655793668875746,9.266470046942867e-06,False
F1,3026,4,z_R,80,0.0005926068546590486,8.250516679911845e-06,False
F1,3026,4,z_R,81,0.0005344376869016316,7.440661570970723e-06,False
F1,3026,4,z_R,82,0.0004829825521294453,6.724281994245635e-06,False
F1,3026,4,z_R,83,0.00043432942510224476,6.046913123278495e-06,False
F1,3026,4,z_R,84,0.00037938787534785086,5.281994241383965e-06,False
F1,3026,4,z_R,85,0.0003621539817098902,5.042056876836219e-06,False
F1,3026,4,z_R,86,0.00033445055277714884,4.65635833031529e-06,False
F1,3026,4,z_R,87,0.00031664647256834927,4.408482593512173e-06,False
F1,3026,4,z_R,88,0.0003062735827243064,4.2640669493050155e-06,False
F1,3026,4,z_R,89,0.00028556544739339045,3.975759761134044e-06,False
F1,3026,4,z_R,90,0.0002103278385818554,2.9282707866546736e-06,False
F1,3026,4,z_R,91,0.00015599173424217812,2.171781165160396e-06,False
F1,3026,4,z_R,92,0.0001178418725336515,1.6406430794498938e-06,False
F1,3026,4,z_R,93,9.484760250121013e-05,1.3205073824806016e-06,False
F1,3026,4,z_R,94,7.848839979821625e-05,1.0927478253476269e-06,False
F1,3026,4,z_R,95,1.2892995169016432e-14,1.7950158837969266e-16,False
F1,3026,4,z_P,0,0.45257709889996434,0.2524297832595326,False
F1,3026,4,z_P,1,0.3212270933726036,0.17916789372291933,False
F1,3026,4,z_P,2,0.22264280667376923,0.12418143907316034,False
F1,3026,4,z_P,3,0.1171091811686432,0.06531891536702823,False
F1,3026,4,z_P,4,0.1039076050051048,0.05795559314470164,False
F1,3026,4,z_P,5,0.0898332432611621,0.05010546530311369,False
F1,3026,4,z_P,6,0.08196785482882159,0.04571845963699931,False
F1,3026,4,z_P,7,0.07014707670568288,0.03912529249081439,False
F1,3026,4,z_P,8,0.040234950330580416,0.02244147973039931,False
F1,3026,4,z_P,9,0.03695998700745107,0.020614833433337802,False
F1,3026,4,z_P,10,0.031197753200654224,0.017400885059732647,False
F1,3026,4,z_P,11,0.024068904057958824,0.013424692167174766,False
F1,3026,4,z_P,12,0.0222850932098609,0.012429752328513392,False
F1,3026,4,z_P,13,0.018814203107594192,0.010493825746363235,False
F1,3026,4,z_P,14,0.0181227565532029,0.010108163934740894,False
F1,3026,4,z_P,15,0.01556698279645922,0.008682653415001117,False
F1,3026,4,z_P,16,0.013886441327668456,0.00774531319218247,False
F1,3026,4,z_P,17,0.012661640049722658,0.0070621670014464795,False
F1,3026,4,z_P,18,0.010525459225727805,0.005870688988717027,False
F1,3026,4,z_P,19,0.008554554830073368,0.004771395695641501,False
F1,3026,4,z_P,20,0.008039415847043293,0.004484071343280578,False
F1,3026,4,z_P,21,0.007293663955686695,0.004068120141246507,False
F1,3026,4,z_P,22,0.006040637576986838,0.0033692310945791335,False
F1,3026,4,z_P,23,0.005781147548869825,0.0032244977182885534,False
F1,3026,4,z_P,24,0.005417268704133534,0.003021540347858694,False
F1,3026,4,z_P,25,0.004796391280960843,0.002675239234207201,False
F1,3026,4,z_P,26,0.0038403872518206015,0.0021420176229995777,False
F1,3026,4,z_P,27,0.003733213271010745,0.0020822401733392865,False
F1,3026,4,z_P,28,0.0034550120911884486,0.0019270704493391528,False
F1,3026,4,z_P,29,0.00301183052866582,0.0016798811283502534,False
F1,3026,4,z_P,30,0.0025779339650066754,0.0014378706161353094,False
F1,3026,4,z_P,31,0.0024309150690212593,0.0013558692330806678,False
F1,3026,4,z_P,32,0.0021878516729396907,0.0012202979888875137,False
F1,3026,4,z_P,33,0.001901106695685316,0.0010603628692470906,False
F1,3026,4,z_P,34,0.0016183320569824937,0.0009026422489758829,False
F1,3026,4,z_P,35,0.001527647940269067,0.0008520621997805253,False
F1,3026,4,z_P,36,0.0014900659356002657,0.0008311004292533312,False
F1,3026,4,z_P,37,0.001297987726491983,0.0007239667258204048,False
F1,3026,4,z_P,38,0.0012320581806007428,0.0006871938068632223,False
F1,3026,4,z_P,39,0.0010550635735360778,0.0005884731459901119,False
F1,3026,4,z_P,40,0.0010018275202073434,0.0005587801601186909,False
F1,3026,4,z_P,41,0.0009119441562692805,0.0005086467394646821,False
F1,3026,4,z_P,42,0.0008991385351800408,0.0005015042654775593,False
F1,3026,4,z_P,43,0.0007823948073123916,0.0004363891856510072,False
F1,3026,4,z_P,44,0.0007684883594494127,0.00042863271359686625,False
F1,3026,4,z_P,45,0.0006516909439500685,0.00036348768891171344,False
F1,3026,4,z_P,46,0.0006356213101461816,0.0003545246764481246,False
F1,3026,4,z_P,47,0.0005967913944348889,0.0003328668700084884,False
F1,3026,4,z_P,48,0.0005250153579751878,0.00029283300755546254,False
F1,3026,4,z_P,49,0.0004859860266370772,0.0002710639748881215,False
F1,3026,4,z_P,50,0.000443264179774524,0.0002472354016567903,False
F1,3026,4,z_P,51,0.0004165730354564587,0.00023234812655706767,False
F1,3026,4,z_P,52,0.0003383736727459772,0.00018873158425296044,False
F1,3026,4,z_P,53,0.00032681306804875854,0.0001822835316555994,False
F1,3026,4,z_P,54,0.00029926446398424836,0.00016691799908665232,False
F1,3026,4,z_P,55,0.00027607952721609363,0.00015398634925837656,False
F1,3026,4,z_P,56,0.0002606187176291128,0.00014536291510197635,False
F1,3026,4,z_P,57,0.00021924732004993122,0.00012228756959854618,False
F1,3026,4,z_P,58,0.00021558507150033464,0.00012024491076789789,False
F1,3026,4,z_P,59,0.00018960714213181644,0.00010575543903818502,False
F1,3026,4,z_P,60,0.0001873172965665264,0.00010447825285013239,False
F1,3026,4,z_P,61,0.0001568212616720064,8.746875878291185e-05,False
F1,3026,4,z_P,62,0.00014388729610318146,8.025469927092934e-05,False
F1,3026,4,z_P,63,0.0001288881166753785,7.188874434030207e-05,False
F1,3026,4,z_P,64,0.00012004012851050036,6.695368302108852e-05,False
F1,3026,4,z_P,65,0.00011085334134881993,6.18296528885187e-05,False
F1,3026,4,z_P,66,9.242323500699148e-05,5.155006127722019e-05,False
F1,3026,4,z_P,67,8.145845328066847e-05,4.5434335401140034e-05,False
F1,3026,4,z_P,68,7.132441373154097e-05,3.978196498039272e-05,False
F1,3026,4,z_P,69,6.463501642357449e-05,3.6050881112713155e-05,False
F1,3026,4,z_P,70,5.935412952848392e-05,3.310540919735124e-05,False
F1,3026,4,z_P,71,5.1588900751643475e-05,2.8774268664913937e-05,False
F1,3026,4,z_P,72,4.550417230820223e-05,2.5380445411584695e-05,False
F1,3026,4,z_P,73,4.2840663536771314e-05,2.3894844519457403e-05,False
F1,3026,4,z_P,74,4.2430741774784024e-05,2.3666206212783628e-05,False
F1,3026,4,z_P,75,3.416876271594225e-05,1.9057997825334465e-05,False
F1,3026,4,z_P,76,2.910700481874583e-05,1.623474748410598e-05,False
F1,3026,4,z_P,77,2.7548012642058923e-05,1.5365202696663327e-05,False
F1,3026,4,z_P,78,2.1473666956485096e-05,1.1977170539093193e-05,False
F1,3026,4,z_P,79,1.979140216629285e-05,1.1038869115080497e-05,False
F1,3026,4,z_P,80,1.529629782935433e-05,8.53167594012671e-06,False
F1,3026,4,z_P,81,1.1784124029121122e-05,6.572722927882838e-06,False
F1,3026,4,z_P,82,1.0719491828378365e-05,5.978912776335565e-06,False
F1,3026,4,z_P,83,9.584959631600122e-06,5.346115144219859e-06,False
F1,3026,4,z_P,84,7.46619918784917e-06,4.1643535374242346e-06,False
F1,3026,4,z_P,85,6.743326885394075e-06,3.7611636741355657e-06,False
F1,3026,4,z_P,86,6.0435016111288336e-06,3.3708285406705707e-06,False
F1,3026,4,z_P,87,5.309585053629782e-06,2.961478624401349e-06,False
F1,3026,4,z_P,88,3.876401782173451e-06,2.1621051177342e-06,False
F1,3026,4,z_P,89,3.4709262536341748e-06,1.9359467459672765e-06,False
F1,3026,4,z_P,90,2.5470349944475595e-06,1.4206363803329706e-06,False
F1,3026,4,z_P,91,2.1309729750543096e-06,1.1885732785250374e-06,False
F1,3026,4,z_P,92,1.545759052829373e-06,8.621638691519963e-07,False
F1,3026,4,z_P,93,1.346485759342483e-06,7.51017029405632e-07,False
F1,3026,4,z_P,94,8.637979618243721e-07,4.817926775644224e-07,False
F1,3026,4,z_P,95,1.1865576704344562e-14,6.61815404050992e-15,False
F2,3026,0,z_R,0,28.038815307147594,0.4356557476042163,False
F2,3026,0,z_R,1,22.164932741528528,0.3443897410903172,False
F2,3026,0,z_R,2,3.811648485764427,0.05922384924183556,False
F2,3026,0,z_R,3,2.8847575169472846,0.044822193054004714,False
F2,3026,0,z_R,4,1.765214221073885,0.02742718309384132,False
F2,3026,0,z_R,5,1.3476336502953308,0.020938985438031254,False
F2,3026,0,z_R,6,0.8606472241962464,0.013372387733697469,False
F2,3026,0,z_R,7,0.6353731611243035,0.009872170649331977,False
F2,3026,0,z_R,8,0.40726569978107097,0.0063279293710546795,False
F2,3026,0,z_R,9,0.3537852492245255,0.005496971806899577,False
F2,3026,0,z_R,10,0.2663754042490653,0.004138833064459724,False
F2,3026,0,z_R,11,0.22591181359691137,0.0035101261935306456,False
F2,3026,0,z_R,12,0.1554536793193624,0.0024153762610804315,False
F2,3026,0,z_R,13,0.1363029318275015,0.00211781970869573,False
F2,3026,0,z_R,14,0.11494862288971948,0.001786025111707558,False
F2,3026,0,z_R,15,0.10614509570355767,0.0016492394745175418,False
F2,3026,0,z_R,16,0.09870485039431359,0.0015336359585683068,False
F2,3026,0,z_R,17,0.07994738771981945,0.0012421901062704107,False
F2,3026,0,z_R,18,0.07373998918588083,0.0011457420638208077,False
F2,3026,0,z_R,19,0.06803711049513629,0.00105713304620375,False
F2,3026,0,z_R,20,0.058740842112151935,0.0009126913960144113,False
F2,3026,0,z_R,21,0.056051180405117904,0.0008709005225789834,False
F2,3026,0,z_R,22,0.04773298842833012,0.0007416558271570949,False
F2,3026,0,z_R,23,0.042806591444775506,0.0006651114675842947,False
F2,3026,0,z_R,24,0.0398993476312533,0.000619939891568211,False
F2,3026,0,z_R,25,0.03655481004840156,0.0005679738222073475,False
F2,3026,0,z_R,26,0.03132053627824604,0.0004866457979123644,False
F2,3026,0,z_R,27,0.029920157643413867,0.0004648872822830945,False
F2,3026,0,z_R,28,0.02947979577598195,0.00045804511807355546,False
F2,3026,0,z_R,29,0.025972268863447303,0.000403546586570598,False
F2,3026,0,z_R,30,0.025117805272539345,0.0003902702776245957,False
F2,3026,0,z_R,31,0.023068676647347765,0.0003584317475952093,False
F2,3026,0,z_R,32,0.021774565253274234,0.00033832436928081527,False
F2,3026,0,z_R,33,0.018613757034632677,0.00028921301231222,False
F2,3026,0,z_R,34,0.017283670528784382,0.00026854666729243223,False
F2,3026,0,z_R,35,0.015589389802565173,0.00024222162009101628,False
F2,3026,0,z_R,36,0.015073869299376935,0.000234211671462248,False
F2,3026,0,z_R,37,0.014375379833835156,0.0002233588252570554,False
F2,3026,0,z_R,38,0.013577390507738835,0.00021095999054765685,False
F2,3026,0,z_R,39,0.012332598987131165,0.0001916189244369399,False
F2,3026,0,z_R,40,0.012160231650337541,0.00018894075062143525,False
F2,3026,0,z_R,41,0.011065039147719948,0.00017192409341706426,False
F2,3026,0,z_R,42,0.010119430772309226,0.00015723161375208531,False
F2,3026,0,z_R,43,0.009478189107392688,0.00014726826066944018,False
F2,3026,0,z_R,44,0.00915241374855781,0.00014220649518650047,False
F2,3026,0,z_R,45,0.008967871177072245,0.00013933914750919495,False
F2,3026,0,z_R,46,0.008298002929541842,0.00012893100618876653,False
F2,3026,0,z_R,47,0.007878370382075391,0.00012241092575088314,False
F2,3026,0,z_R,48,0.007257684563354527,0.00011276696107477067,False
F2,3026,0,z_R,49,0.006968570073498517,0.00010827481731471232,False
F2,3026,0,z_R,50,0.006598857172456566,0.00010253036810963852,False
F2,3026,0,z_R,51,0.006091235292783492,9.464314509159412e-05,False
F2,3026,0,z_R,52,0.005669517934904749,8.809067171453583e-05,False
F2,3026,0,z_R,53,0.005502824967012309,8.550066394309357e-05,False
F2,3026,0,z_R,54,0.005283889139625439,8.209892779580134e-05,False
F2,3026,0,z_R,55,0.005260309067601236,8.173255019411834e-05,False
F2,3026,0,z_R,56,0.004926258284386689,7.654220452134632e-05,False
F2,3026,0,z_R,57,0.004544998294756232,7.061834133402788e-05,False
F2,3026,0,z_R,58,0.00407430618453275,6.330491810538869e-05,False
F2,3026,0,z_R,59,0.00391399443027206,6.081405904493542e-05,False
F2,3026,0,z_R,60,0.003737613278555429,5.807352020002876e-05,False
F2,3026,0,z_R,61,0.0036206921240472885,5.625684669153687e-05,False
F2,3026,0,z_R,62,0.0030619179652749628,4.757484029379084e-05,False
F2,3026,0,z_R,63,0.002904939198767504,4.513576784612714e-05,False
F2,3026,0,z_R,64,0.0028263315210748,4.391439361124939e-05,False
F2,3026,0,z_R,65,0.0025378625292358722,3.943227933774845e-05,False
F2,3026,0,z_R,66,0.0023437846534436818,3.641677596695763e-05,False
F2,3026,0,z_R,67,0.0022534325725112984,3.501292195476048e-05,False
F2,3026,0,z_R,68,0.0020466841690016564,3.180054905988961e-05,False
F2,3026,0,z_R,69,0.0018201047065165865,2.828004920854491e-05,False
F2,3026,0,z_R,70,0.0017217779610629736,2.675228809129245e-05,False
F2,3026,0,z_R,71,0.001617315514448261,2.5129192936309317e-05,False
F2,3026,0,z_R,72,0.0015331585462929449,2.3821596075451135e-05,False
F2,3026,0,z_R,73,0.0014812130929683922,2.3014488676124638e-05,False
F2,3026,0,z_R,74,0.0013055345071091365,2.028486601474724e-05,False
F2,3026,0,z_R,75,0.0011429427515253848,1.7758581217861954e-05,False
F2,3026,0,z_R,76,0.001034969187839002,1.6080931748938372e-05,False
F2,3026,0,z_R,77,0.0009679204252313708,1.5039155251615428e-05,False
F2,3026,0,z_R,78,0.0009464765894793481,1.4705969623274418e-05,False
F2,3026,0,z_R,79,0.0008381364559005871,1.3022624539940463e-05,False
F2,3026,0,z_R,80,0.0007560855600103762,1.1747750976308362e-05,False
F2,3026,0,z_R,81,0.0007268508112933656,1.1293513300115105e-05,False
F2,3026,0,z_R,82,0.0006611388996654184,1.0272508251464643e-05,False
F2,3026,0,z_R,83,0.0006263960586897888,9.732688070286236e-06,False
F2,3026,0,z_R,84,0.0005780530711356904,8.981554323956615e-06,False
F2,3026,0,z_R,85,0.00048571703318134915,7.546874391685893e-06,False
F2,3026,0,z_R,86,0.0004185784839299071,6.5037028258835634e-06,False
F2,3026,0,z_R,87,0.00037393687761746883,5.8100796410501924e-06,False
F2,3026,0,z_R,88,0.0003194540336139664,4.963547293804441e-06,False
F2,3026,0,z_R,89,0.0002747024594257951,4.268215472689896e-06,False
F2,3026,0,z_R,90,0.0002458480691584861,3.819887651921953e-06,False
F2,3026,0,z_R,91,0.00023423874948783665,3.639506748346336e-06,False
F2,3026,0,z_R,92,0.00017867155036490893,2.776126130763669e-06,False
F2,3026,0,z_R,93,0.00016830236938453913,2.6150139995070085e-06,False
F2,3026,0,z_R,94,9.760721220694439e-05,1.5165813013055454e-06,False
F2,3026,0,z_R,95,1.2797869135843243e-14,1.9884810342523382e-16,False
F2,3026,0,z_P,0,0.3684324999226036,0.1768565542249748,False
F2,3026,0,z_P,1,0.31656177754716,0.15195734683581025,False
F2,3026,0,z_P,2,0.2500297396133283,0.1200203516548352,False
F2,3026,0,z_P,3,0.18709516776293467,0.08981022762554118,False
F2,3026,0,z_P,4,0.1444038924012931,0.06931737789725834,False
F2,3026,0,z_P,5,0.13217370642770201,0.06344659139152306,False
F2,3026,0,z_P,6,0.10113155875033288,0.048545606068253276,False
F2,3026,0,z_P,7,0.08888567919526592,0.04266728626199794,False
F2,3026,0,z_P,8,0.0639453323251928,0.03069531362238728,False
F2,3026,0,z_P,9,0.05931516698824754,0.028472721730640273,False
F2,3026,0,z_P,10,0.047789359965726454,0.022940054240412608,False
F2,3026,0,z_P,11,0.0424512920660419,0.020377651913920023,False
F2,3026,0,z_P,12,0.035024070754256176,0.016812405175522467,False
F2,3026,0,z_P,13,0.02789826390038595,0.013391844702402055,False
F2,3026,0,z_P,14,0.026514854463792054,0.0127277745509097,False
F2,3026,0,z_P,15,0.020790430841370902,0.00997991208764132,False
F2,3026,0,z_P,16,0.019103237099917934,0.009170018086742926,False
F2,3026,0,z_P,17,0.013864244008853254,0.006655174076269396,False
F2,3026,0,z_P,18,0.013326199679023336,0.006396899721498862,False
F2,3026,0,z_P,19,0.011798707307437218,0.005663666259466046,False
F2,3026,0,z_P,20,0.01133073666614566,0.005439028978241772,False
F2,3026,0,z_P,21,0.010453254105171155,0.005017816022926869,False
F2,3026,0,z_P,22,0.008881135182620995,0.004263160731842318,False
F2,3026,0,z_P,23,0.008105068441711006,0.0038906298349350703,False
F2,3026,0,z_P,24,0.007805356108207776,0.0037467606307436847,False
F2,3026,0,z_P,25,0.006516213567699297,0.003127940880403924,False
F2,3026,0,z_P,26,0.005775481003316834,0.0027723712469800766,False
F2,3026,0,z_P,27,0.005237508858431874,0.0025141315427374823,False
F2,3026,0,z_P,28,0.00482126022836113,0.0023143220839339225,False
F2,3026,0,z_P,29,0.004497480608634796,0.0021588999974320494,False
F2,3026,0,z_P,30,0.003601844923263465,0.0017289731012191149,False
F2,3026,0,z_P,31,0.003231245061823182,0.0015510761607908136,False
F2,3026,0,z_P,32,0.0030848881969927585,0.0014808213086631738,False
F2,3026,0,z_P,33,0.002733476486950844,0.0013121351472486008,False
F2,3026,0,z_P,34,0.002506977780044008,0.0012034102631833504,False
F2,3026,0,z_P,35,0.0024790470719464547,0.0011900028444777947,False
F2,3026,0,z_P,36,0.00190980259240908,0.00091675165956952,False
F2,3026,0,z_P,37,0.0017869101093903677,0.0008577602809821087,False
F2,3026,0,z_P,38,0.0016290650407515146,0.0007819908118209015,False
F2,3026,0,z_P,39,0.001556201164444395,0.000747014380333834,False
F2,3026,0,z_P,40,0.0014627981118819587,0.0007021786450668399,False
F2,3026,0,z_P,41,0.0011757251270351683,0.0005643766354131119,False
F2,3026,0,z_P,42,0.001106101713774252,0.0005309557049433685,False
F2,3026,0,z_P,43,0.0010312896222888263,0.000495044082821934,False
F2,3026,0,z_P,44,0.0009374635182440353,0.0004500052725617058,False
F2,3026,0,z_P,45,0.0008598733724290228,0.0004127601168451523,False
F2,3026,0,z_P,46,0.0008186884623719573,0.00039299035907327216,False
F2,3026,0,z_P,47,0.0006768841714322474,0.0003249208530574314,False
F2,3026,0,z_P,48,0.0006353939989906116,0.00030500456192196116,False
F2,3026,0,z_P,49,0.0005670478615276212,0.0002721967548777124,False
F2,3026,0,z_P,50,0.0005221431564029112,0.00025064140506868884,False
F2,3026,0,z_P,51,0.00043260723974642784,0.00020766198902214946,False
F2,3026,0,z_P,52,0.0004163809763204199,0.00019987298821990388,False
F2,3026,0,z_P,53,0.00036609991068220146,0.00017573685469910117,False
F2,3026,0,z_P,54,0.0003382060445809712,0.0001623471210471765,False
F2,3026,0,z_P,55,0.00032722161638679647,0.0001570743285520478,False
F2,3026,0,z_P,56,0.0002816483863702206,0.00013519807054731983,False
F2,3026,0,z_P,57,0.0002684860236276719,0.00012887981653716773,False
F2,3026,0,z_P,58,0.0002431387330190082,0.00011671250101280702,False
F2,3026,0,z_P,59,0.00022412709438979027,0.00010758645241817916,False
F2,3026,0,z_P,60,0.00021793206937876304,0.00010461268985103871,False
F2,3026,0,z_P,61,0.00021205692669523906,0.00010179247857541456,False
F2,3026,0,z_P,62,0.0001936244052510033,9.294442030425146e-05,False
F2,3026,0,z_P,63,0.00018017095146349106,8.648643551793598e-05,False
F2,3026,0,z_P,64,0.00014919906155177302,7.161917562970032e-05,False
F2,3026,0,z_P,65,0.00013179071111471462,6.326274433309717e-05,False
F2,3026,0,z_P,66,0.00011460040474819993,5.501097948962627e-05,False
F2,3026,0,z_P,67,0.00010507322566576983,5.043770198463744e-05,False
F2,3026,0,z_P,68,9.47608131211914e-05,4.548749333376197e-05,False
F2,3026,0,z_P,69,8.792781520972552e-05,4.220748826932774e-05,False
F2,3026,0,z_P,70,7.883362966102855e-05,3.7842058183863036e-05,False
F2,3026,0,z_P,71,7.22205735283287e-05,3.466763051862904e-05,False
F2,3026,0,z_P,72,6.091789297077517e-05,2.9242069154377915e-05,False
F2,3026,0,z_P,73,5.859538023216263e-05,2.8127206594259275e-05,False
F2,3026,0,z_P,74,4.5613189309040685e-05,2.189543943626858e-05,False
F2,3026,0,z_P,75,4.172792937828171e-05,2.003042024342663e-05,False
F2,3026,0,z_P,76,3.395548632064667e-05,1.6299458676865797e-05,False
F2,3026,0,z_P,77,2.7479459891274333e-05,1.3190808599553785e-05,False
F2,3026,0,z_P,78,2.4547727190100495e-05,1.1783505651124418e-05,False
F2,3026,0,z_P,79,2.27201367918e-05,1.0906217842785106e-05,False
F2,3026,0,z_P,80,1.961683853066616e-05,9.416559255902079e-06,False
F2,3026,0,z_P,81,1.7295329855229305e-05,8.302178670510191e-06,False
F2,3026,0,z_P,82,1.3422804780474918e-05,6.4432725180541875e-06,False
F2,3026,0,z_P,83,9.396033562280362e-06,4.510324467999438e-06,False
F2,3026,0,z_P,84,7.880482873485974e-06,3.7828233039333777e-06,False
F2,3026,0,z_P,85,7.045298658237531e-06,3.3819145825720483e-06,False
F2,3026,0,z_P,86,6.349212450035402e-06,3.0477762851850967e-06,False
F2,3026,0,z_P,87,4.591834734034011e-06,2.204192270775258e-06,False
F2,3026,0,z_P,88,4.345548313086872e-06,2.085968803056578e-06,False
F2,3026,0,z_P,89,3.784388098536782e-06,1.8165982618195133e-06,False
F2,3026,0,z_P,90,3.1189739069124905e-06,1.497183277832512e-06,False
F2,3026,0,z_P,91,2.835261796378859e-06,1.3609945695306825e-06,False
F2,3026,0,z_P,92,1.935388849299798e-06,9.290336847170245e-07,False
F2,3026,0,z_P,93,1.589450890045576e-06,7.629750567127802e-07,False
F2,3026,0,z_P,94,1.4399950417795177e-06,6.912326172193632e-07,False
F2,3026,0,z_P,95,7.92621742854705e-15,3.804777001880256e-15,False
F2,3026,1,z_R,0,30.30302151813486,0.5014488872281307,False
F2,3026,1,z_R,1,19.60962864256006,0.32449656731042226,False
F2,3026,1,z_R,2,3.2836770012054264,0.05433768963552562,False
F2,3026,1,z_R,3,2.2647998043455617,0.03747749514034173,False
F2,3026,1,z_R,4,0.993603486842701,0.016441969739720185,False
F2,3026,1,z_R,5,0.8881982291118854,0.014697742710561379,False
F2,3026,1,z_R,6,0.5344773821170965,0.008844434484885604,False
F2,3026,1,z_R,7,0.3765674669872818,0.006231369936957715,False
F2,3026,1,z_R,8,0.33148047890882243,0.00548527866065112,False
F2,3026,1,z_R,9,0.21075627273223393,0.0034875564594996173,False
F2,3026,1,z_R,10,0.19710749806903297,0.0032616990194158377,False
F2,3026,1,z_R,11,0.17050146164688879,0.0028214271689849806,False
F2,3026,1,z_R,12,0.1260568857488461,0.0020859664125695778,False
F2,3026,1,z_R,13,0.11563153805314497,0.0019134496555245045,False
F2,3026,1,z_R,14,0.10426470965566856,0.0017253534471046094,False
F2,3026,1,z_R,15,0.09603593230316936,0.001589185136489466,False
F2,3026,1,z_R,16,0.06885393155751933,0.001139382333215102,False
F2,3026,1,z_R,17,0.060925972668906814,0.001008191911814187,False
F2,3026,1,z_R,18,0.05513628155649622,0.0009123851565711347,False
F2,3026,1,z_R,19,0.04821913748741411,0.0007979215149120973,False
F2,3026,1,z_R,20,0.04267779344320371,0.0007062243617732718,False
F2,3026,1,z_R,21,0.03898055596263062,0.0006450431485618434,False
F2,3026,1,z_R,22,0.03777087736519112,0.0006250256072012662,False
F2,3026,1,z_R,23,0.034354219846699015,0.0005684873801580593,False
F2,3026,1,z_R,24,0.0314654488801477,0.0005206845237410122,False
F2,3026,1,z_R,25,0.028175094319592017,0.0004662363350681685,False
F2,3026,1,z_R,26,0.026958048174137283,0.0004460968768633708,False
F2,3026,1,z_R,27,0.02469523169114374,0.00040865220136394805,False
F2,3026,1,z_R,28,0.02248648488860091,0.00037210226110003853,False
F2,3026,1,z_R,29,0.020943870532808755,0.0003465753593793243,False
F2,3026,1,z_R,30,0.019679643072869863,0.00032565515336586726,False
F2,3026,1,z_R,31,0.018411113684986498,0.00030466375983141,False
F2,3026,1,z_R,32,0.017727701822045454,0.000293354784652641,False
F2,3026,1,z_R,33,0.0153779677480919,0.0002544718126704281,False
F2,3026,1,z_R,34,0.014506379417328146,0.00024004892753598858,False
F2,3026,1,z_R,35,0.013561768314825508,0.0002244176748594258,False
F2,3026,1,z_R,36,0.012638283224755869,0.00020913601159327065,False
F2,3026,1,z_R,37,0.010715468006052229,0.0001773176151608478,False
F2,3026,1,z_R,38,0.010411098750872426,0.00017228096809827588,False
F2,3026,1,z_R,39,0.009405559173741536,0.00015564148210793084,False
F2,3026,1,z_R,40,0.00895749817853889,0.00014822705027247058,False
F2,3026,1,z_R,41,0.008111861296608581,0.0001342336049921295,False
F2,3026,1,z_R,42,0.007858438428574225,0.000130040009475658,False
F2,3026,1,z_R,43,0.007675488112105489,0.00012701258092182946,False
F2,3026,1,z_R,44,0.007048173728429321,0.0001166318966244447,False
F2,3026,1,z_R,45,0.0069783863182103535,0.00011547706725616234,False
F2,3026,1,z_R,46,0.006702217997309065,0.00011090708412359794,False
F2,3026,1,z_R,47,0.006199108672873811,0.00010258172255062162,False
F2,3026,1,z_R,48,0.005765378914319041,9.540444141201119e-05,False
F2,3026,1,z_R,49,0.005153110903792827,8.527274176021196e-05,False
F2,3026,1,z_R,50,0.00495697283727313,8.202708471771144e-05,False
F2,3026,1,z_R,51,0.0044576924962239,7.376508446522217e-05,False
F2,3026,1,z_R,52,0.004292620991092487,7.103351122881461e-05,False
F2,3026,1,z_R,53,0.0040221549343056546,6.65578881254362e-05,False
F2,3026,1,z_R,54,0.003798647233271553,6.28593233501911e-05,False
F2,3026,1,z_R,55,0.0037108212361272107,6.140599472712374e-05,False
F2,3026,1,z_R,56,0.003464682064852701,5.7332928499553244e-05,False
F2,3026,1,z_R,57,0.0030529849282813376,5.0520239181256355e-05,False
F2,3026,1,z_R,58,0.0028800707872188368,4.765888743222668e-05,False
F2,3026,1,z_R,59,0.002716536919074132,4.4952758732941735e-05,False
F2,3026,1,z_R,60,0.002540456319930997,4.203900901164918e-05,False
F2,3026,1,z_R,61,0.0023483946987869803,3.886080824562122e-05,False
F2,3026,1,z_R,62,0.0021714615583184743,3.593295082557436e-05,False
F2,3026,1,z_R,63,0.0020550220371228158,3.400613081199925e-05,False
F2,3026,1,z_R,64,0.0019303033458036832,3.194230859740258e-05,False
F2,3026,1,z_R,65,0.0017409233640127198,2.8808483111533762e-05,False
F2,3026,1,z_R,66,0.0016445057817569507,2.7212982501060052e-05,False
F2,3026,1,z_R,67,0.0015267324189191598,2.526409031864906e-05,False
F2,3026,1,z_R,68,0.0014694353692409846,2.4315949164296466e-05,False
F2,3026,1,z_R,69,0.0014187220143410985,2.3476753793401372e-05,False
F2,3026,1,z_R,70,0.0013009793444018715,2.152836951149203e-05,False
F2,3026,1,z_R,71,0.0012412166682214368,2.053942761833726e-05,False
F2,3026,1,z_R,72,0.0012120612278231503,2.0056968694707564e-05,False
F2,3026,1,z_R,73,0.001102373670482081,1.824187895065235e-05,False
F2,3026,1,z_R,74,0.0009516470942775216,1.574768298843616e-05,False
F2,3026,1,z_R,75,0.0008857083811224924,1.4656541158996592e-05,False
F2,3026,1,z_R,76,0.000777747956291797,1.2870031689515789e-05,False
F2,3026,1,z_R,77,0.0007625317195317125,1.261823617181212e-05,False
F2,3026,1,z_R,78,0.0006938538200496462,1.1481766785357113e-05,False
F2,3026,1,z_R,79,0.0006228856660905882,1.030739868446964e-05,False
F2,3026,1,z_R,80,0.0005882640096714856,9.734485812564641e-06,False
F2,3026,1,z_R,81,0.0005693215296382003,9.421029099069996e-06,False
F2,3026,1,z_R,82,0.000518964515072561,8.587730383199079e-06,False
F2,3026,1,z_R,83,0.00043126865806241083,7.136555295396688e-06,False
F2,3026,1,z_R,84,0.00040690701658313355,6.733423284170563e-06,False
F2,3026,1,z_R,85,0.00039717257774429663,6.572339561195814e-06,False
F2,3026,1,z_R,86,0.00038013973313042067,6.290483147212597e-06,False
F2,3026,1,z_R,87,0.0003093075951152256,5.1183658134195705e-06,False
F2,3026,1,z_R,88,0.0002481986110720513,4.107145462678209e-06,False
F2,3026,1,z_R,89,0.0002417485483527953,4.0004109982226775e-06,False
F2,3026,1,z_R,90,0.00020735971919842386,3.4313509095375267e-06,False
F2,3026,1,z_R,91,0.00017298671294568805,2.8625526553500734e-06,False
F2,3026,1,z_R,92,0.00014719873639316224,2.435817910816746e-06,False
F2,3026,1,z_R,93,0.0001234094172021924,2.0421565846982382e-06,False
F2,3026,1,z_R,94,9.954038691340917e-05,1.6471762138344953e-06,False
F2,3026,1,z_R,95,1.1847295875592605e-14,1.9604689683908422e-16,False
F2,3026,1,z_P,0,0.42310821178717195,0.2509536552437876,False
F2,3026,1,z_P,1,0.23329454412077077,0.13837150157934028,False
F2,3026,1,z_P,2,0.18284901352031285,0.10845128272699354,False
F2,3026,1,z_P,3,0.1433641318004631,0.08503203649537187,False
F2,3026,1,z_P,4,0.12190131105472436,0.07230202282999156,False
F2,3026,1,z_P,5,0.09113651450259516,0.054054827591266646,False
F2,3026,1,z_P,6,0.06598418424815555,0.039136494551619654,False
F2,3026,1,z_P,7,0.058019568788705296,0.03441252723905514,False
F2,3026,1,z_P,8,0.05111650841603242,0.030318188758661407,False
F2,3026,1,z_P,9,0.03901393828348751,0.02313992058046265,False
F2,3026,1,z_P,10,0.026018856644715413,0.015432286583792108,False
F2,3026,1,z_P,11,0.02520619188182834,0.014950279411506543,False
F2,3026,1,z_P,12,0.022809808548003244,0.013528938155924384,False
F2,3026,1,z_P,13,0.019822889126633218,0.011757338537128723,False
F2,3026,1,z_P,14,0.017064576966875765,0.01012133030209426,False
F2,3026,1,z_P,15,0.01657954726542119,0.009833649814949625,False
F2,3026,1,z_P,16,0.014951055990605552,0.00886776017593414,False
F2,3026,1,z_P,17,0.013910037967603716,0.008250312273083267,False
F2,3026,1,z_P,18,0.01194097867292703,0.007082425161406437,False
F2,3026,1,z_P,19,0.009473668697595597,0.005619015944380091,False
F2,3026,1,z_P,20,0.008889095610665743,0.005272294352041951,False
F2,3026,1,z_P,21,0.007947068203601889,0.004713559696092007,False
F2,3026,1,z_P,22,0.007378836620796117,0.00437653056558248,False
F2,3026,1,z_P,23,0.006222841670972101,0.0036908876259752954,False
F2,3026,1,z_P,24,0.005957805785839323,0.003533689721770356,False
F2,3026,1,z_P,25,0.0054437545893153624,0.0032287960251785714,False
F2,3026,1,z_P,26,0.0048302751554558125,0.002864929519979697,False
F2,3026,1,z_P,27,0.004751513695860281,0.0028182145765510477,False
F2,3026,1,z_P,28,0.004440639509766689,0.002633829090408872,False
F2,3026,1,z_P,29,0.003789085734299699,0.002247379957571955,False
F2,3026,1,z_P,30,0.003504721434242863,0.0020787179970331226,False
F2,3026,1,z_P,31,0.0033508404296092326,0.0019874482000649166,False
F2,3026,1,z_P,32,0.0028530210725758597,0.0016921819210887997,False
F2,3026,1,z_P,33,0.0026720842368973385,0.0015848647879847758,False
F2,3026,1,z_P,34,0.002567114723248203,0.0015226053413336584,False
F2,3026,1,z_P,35,0.0023429382775746574,0.001389641960113265,False
F2,3026,1,z_P,36,0.0018927503895564298,0.0011226268256930344,False
F2,3026,1,z_P,37,0.0017787792092550556,0.0010550283166301437,False
F2,3026,1,z_P,38,0.00159088266066995,0.000943583243333285,False
F2,3026,1,z_P,39,0.0014959292515467101,0.0008872645417966624,False
F2,3026,1,z_P,40,0.0013892586618244876,0.0008239961540602706,False
F2,3026,1,z_P,41,0.0012517047547214116,0.0007424102740917082,False
F2,3026,1,z_P,42,0.0011845358235566717,0.0007025710832534818,False
F2,3026,1,z_P,43,0.0009849717307588083,0.0005842057640565438,False
F2,3026,1,z_P,44,0.0009430663216591385,0.0005593508562691756,False
F2,3026,1,z_P,45,0.0008443205624486671,0.000500782838624187,False
F2,3026,1,z_P,46,0.0007998447032198924,0.0004744033472018284,False
F2,3026,1,z_P,47,0.0006910490708122064,0.0004098745555909442,False
F2,3026,1,z_P,48,0.0006043295249900739,0.0003584395174638844,False
F2,3026,1,z_P,49,0.0005159288644635321,0.000306007377724985,False
F2,3026,1,z_P,50,0.0004991763415603577,0.0002960711327172383,False
F2,3026,1,z_P,51,0.00048148358223374624,0.0002855772153205342,False
F2,3026,1,z_P,52,0.0004664485849344733,0.00027665966793260756,False
F2,3026,1,z_P,53,0.0003834567420388191,0.00022743560243382958,False
F2,3026,1,z_P,54,0.00037804586949913857,0.00022422630938760031,False
F2,3026,1,z_P,55,0.00031911898541468184,0.00018927563591648397,False
F2,3026,1,z_P,56,0.00029253992368693534,0.00017351108087427792,False
F2,3026,1,z_P,57,0.00027495397411181474,0.00016308051440484393,False
F2,3026,1,z_P,58,0.00024393567103688256,0.00014468295954946957,False
F2,3026,1,z_P,59,0.00023387278029073818,0.000138714464623793,False
F2,3026,1,z_P,60,0.00021306233304504128,0.00012637138628573277,False
F2,3026,1,z_P,61,0.00018307272019173237,0.0001085839674760274,False
F2,3026,1,z_P,62,0.00017221571146679843,0.00010214446583405414,False
F2,3026,1,z_P,63,0.000166393788318613,9.86913707300516e-05,False
F2,3026,1,z_P,64,0.00014794248196710704,8.774754443706893e-05,False
F2,3026,1,z_P,65,0.0001319923782187131,7.828722973348544e-05,False
F2,3026,1,z_P,66,0.00011937876637374952,7.080585284186371e-05,False
F2,3026,1,z_P,67,0.000108313629361392,6.424290629139302e-05,False
F2,3026,1,z_P,68,0.00010390985233246995,6.163094105058952e-05,False
F2,3026,1,z_P,69,7.319378559495424e-05,4.3412648406415905e-05,False
F2,3026,1,z_P,70,7.007858079426843e-05,4.156496025055866e-05,False
F2,3026,1,z_P,71,6.559965983243428e-05,3.8908425691296335e-05,False
F2,3026,1,z_P,72,5.5795278206320804e-05,3.3093257519339806e-05,False
F2,3026,1,z_P,73,5.216648573648486e-05,3.094095059393195e-05,False
F2,3026,1,z_P,74,4.328835624169395e-05,2.567516045709063e-05,False
F2,3026,1,z_P,75,4.021088479730364e-05,2.3849852683894763e-05,False
F2,3026,1,z_P,76,3.2272369714603515e-05,1.9141366009063615e-05,False
F2,3026,1,z_P,77,2.6383345287399138e-05,1.564847184001762e-05,False
F2,3026,1,z_P,78,2.4889632464515952e-05,1.4762521904884697e-05,False
F2,3026,1,z_P,79,2.2266484388955592e-05,1.320668209967972e-05,False
F2,3026,1,z_P,80,1.9985117030672302e-05,1.185355904140394e-05,False
F2,3026,1,z_P,81,1.8087880595933393e-05,1.0728271455638732e-05,False
F2,3026,1,z_P,82,1.1749961398342539e-05,6.969129125224097e-06,False
F2,3026,1,z_P,83,1.0198421398347794e-05,6.0488807740730165e-06,False
F2,3026,1,z_P,84,8.918251079219432e-06,5.289587023751131e-06,False
F2,3026,1,z_P,85,6.921195360002673e-06,4.105094691763374e-06,False
F2,3026,1,z_P,86,4.848137139966518e-06,2.8755238081026708e-06,False
F2,3026,1,z_P,87,4.4266437907794405e-06,2.625527959067603e-06,False
F2,3026,1,z_P,88,3.901298358148309e-06,2.313935432825813e-06,False
F2,3026,1,z_P,89,3.3925273265690032e-06,2.012173504080259e-06,False
F2,3026,1,z_P,90,3.111250301587255e-06,1.8453426660374032e-06,False
F2,3026,1,z_P,91,1.9812422111869987e-06,1.1751130348440472e-06,False
F2,3026,1,z_P,92,1.5633136491636724e-06,9.272315299507083e-07,False
F2,3026,1,z_P,93,1.1995120286053094e-06,7.114537598216373e-07,False
F2,3026,1,z_P,94,1.1205832547693153e-06,6.646395790843078e-07,False
F2,3026,1,z_P,95,1.0822799938767265e-14,6.419211749953163e-15,False
F2,3026,2,z_R,0,29.433006431208092,0.42524944917653984,False
F2,3026,2,z_R,1,26.788861706968966,0.3870467229224693,False
F2,3026,2,z_R,2,4.143321044042493,0.05986289561885969,False
F2,3026,2,z_R,3,3.0633118479651777,0.04425887240054163,False
F2,3026,2,z_R,4,1.5351613144137555,0.022180082244652535,False
F2,3026,2,z_R,5,0.9595020586142441,0.013862930477833475,False
F2,3026,2,z_R,6,0.5443692694924678,0.00786507258581826,False
F2,3026,2,z_R,7,0.46154105961301706,0.006668366747770797,False
F2,3026,2,z_R,8,0.31998617339275837,0.004623175151930752,False
F2,3026,2,z_R,9,0.25925340356459564,0.0037457052619025415,False
F2,3026,2,z_R,10,0.25732099190805785,0.003717785688193832,False
F2,3026,2,z_R,11,0.1940720745991248,0.0028039623820528183,False
F2,3026,2,z_R,12,0.16559273730456645,0.00239249158902562,False
F2,3026,2,z_R,13,0.10998084161860741,0.0015890083273550728,False
F2,3026,2,z_R,14,0.10091020062039571,0.0014579552833113713,False
F2,3026,2,z_R,15,0.08382179898371468,0.001211061259750088,False
F2,3026,2,z_R,16,0.07602167453849397,0.0010983646980994397,False
F2,3026,2,z_R,17,0.07198818810913134,0.0010400886981143066,False
F2,3026,2,z_R,18,0.0609983089751059,0.0008813064120035077,False
F2,3026,2,z_R,19,0.0513919382571606,0.0007425131199917068,False
F2,3026,2,z_R,20,0.045576736785404776,0.0006584948180049713,False
F2,3026,2,z_R,21,0.041400252955552386,0.0005981527849105778,False
F2,3026,2,z_R,22,0.03787401612245467,0.0005472055507418364,False
F2,3026,2,z_R,23,0.03332494465431793,0.00048148035407831436,False
F2,3026,2,z_R,24,0.03132354835482633,0.00045256408703192976,False
F2,3026,2,z_R,25,0.029716390270787887,0.0004293437921030261,False
F2,3026,2,z_R,26,0.024607735903717804,0.0003555337156262172,False
F2,3026,2,z_R,27,0.02326080525095634,0.00033607319875701675,False
F2,3026,2,z_R,28,0.021801652801457024,0.0003149912961364181,False
F2,3026,2,z_R,29,0.01730311920481719,0.0002499962729965163,False
F2,3026,2,z_R,30,0.01551528231295176,0.00022416552222831947,False
F2,3026,2,z_R,31,0.014721616206202978,0.00021269859731482685,False
F2,3026,2,z_R,32,0.01365601635025819,0.00019730276091455186,False
F2,3026,2,z_R,33,0.012491204000392905,0.000180473497776518,False
F2,3026,2,z_R,34,0.01131961579012008,0.0001635463366914043,False
F2,3026,2,z_R,35,0.01053006631622074,0.0001521388890812507,False
F2,3026,2,z_R,36,0.009876840764735346,0.00014270105585797966,False
F2,3026,2,z_R,37,0.009800242424990125,0.0001415943594740875,False
F2,3026,2,z_R,38,0.009318217044435442,0.00013463003430230866,False
F2,3026,2,z_R,39,0.008321377991223667,0.00012022765718576307,False
F2,3026,2,z_R,40,0.007641184895754464,0.00011040019562970307,False
F2,3026,2,z_R,41,0.007233959554263473,0.00010451658490972727,False
F2,3026,2,z_R,42,0.006432370713465633,9.293519196531133e-05,False
F2,3026,2,z_R,43,0.006098367167083605,8.810949315489803e-05,False
F2,3026,2,z_R,44,0.005650196197592879,8.163429809256934e-05,False
F2,3026,2,z_R,45,0.005290660472679461,7.64397091763448e-05,False
F2,3026,2,z_R,46,0.0051155248840029505,7.390934202577988e-05,False
F2,3026,2,z_R,47,0.00459204390834647,6.634606448318128e-05,False
F2,3026,2,z_R,48,0.004393797049995291,6.348178463083738e-05,False
F2,3026,2,z_R,49,0.004004447542792088,5.7856444798078615e-05,False
F2,3026,2,z_R,50,0.003758703285767059,5.430592031521823e-05,False
F2,3026,2,z_R,51,0.003656441696801906,5.282844011009587e-05,False
F2,3026,2,z_R,52,0.0033819337358338,4.8862336291612424e-05,False
F2,3026,2,z_R,53,0.00305809988381284,4.418356969947066e-05,False
F2,3026,2,z_R,54,0.0027878580333533082,4.027910284451445e-05,False
F2,3026,2,z_R,55,0.002574820099482718,3.720112084346006e-05,False
F2,3026,2,z_R,56,0.0025275970378493117,3.651883984729437e-05,False
F2,3026,2,z_R,57,0.0023357073233819816,3.374640830617415e-05,False
F2,3026,2,z_R,58,0.0021583414992984045,3.1183818610467406e-05,False
F2,3026,2,z_R,59,0.0020711577469887683,2.9924183692319666e-05,False
F2,3026,2,z_R,60,0.0019201355577620762,2.7742208061247514e-05,False
F2,3026,2,z_R,61,0.0018176431394244126,2.626139282258914e-05,False
F2,3026,2,z_R,62,0.0017855622589190965,2.579788676533775e-05,False
F2,3026,2,z_R,63,0.0016740107494674671,2.4186185355901745e-05,False
F2,3026,2,z_R,64,0.0015982608347177877,2.3091747055901386e-05,False
F2,3026,2,z_R,65,0.0015761694681590576,2.277256996189253e-05,False
F2,3026,2,z_R,66,0.001373460945829187,1.98438277803678e-05,False
F2,3026,2,z_R,67,0.0013156183840328053,1.9008115750733263e-05,False
F2,3026,2,z_R,68,0.0011323743758202107,1.6360597776671217e-05,False
F2,3026,2,z_R,69,0.001087949231271947,1.5718741216999278e-05,False
F2,3026,2,z_R,70,0.00107004281466932,1.5460028475071603e-05,False
F2,3026,2,z_R,71,0.0010000099925379787,1.4448190995769657e-05,False
F2,3026,2,z_R,72,0.000872250291151215,1.2602312873578437e-05,False
F2,3026,2,z_R,73,0.0008247866404948387,1.1916555835991867e-05,False
F2,3026,2,z_R,74,0.0008014675157282721,1.1579640034154275e-05,False
F2,3026,2,z_R,75,0.0007225673585954349,1.0439686885327941e-05,False
F2,3026,2,z_R,76,0.0006318310061720443,9.128723835103394e-06,False
F2,3026,2,z_R,77,0.000594120697850339,8.583883542299352e-06,False
F2,3026,2,z_R,78,0.0005540899165809273,8.005516948159171e-06,False
F2,3026,2,z_R,79,0.0005284313001582351,7.634800061799488e-06,False
F2,3026,2,z_R,80,0.00045875115231739093,6.6280580370894215e-06,False
F2,3026,2,z_R,81,0.00038485341688118197,5.5603801101644525e-06,False
F2,3026,2,z_R,82,0.0003706872350309987,5.355706454321479e-06,False
F2,3026,2,z_R,83,0.0003415698165766663,4.935016634948534e-06,False
F2,3026,2,z_R,84,0.0003150369774000416,4.5516689374810455e-06,False
F2,3026,2,z_R,85,0.00030597883084871886,4.420796413788526e-06,False
F2,3026,2,z_R,86,0.00029483509228596995,4.259791159478125e-06,False
F2,3026,2,z_R,87,0.00023471967090208298,3.391240748555518e-06,False
F2,3026,2,z_R,88,0.00021979060299136637,3.1755448793418335e-06,False
F2,3026,2,z_R,89,0.00019293848157772174,2.7875841772279496e-06,False
F2,3026,2,z_R,90,0.00015373537660764305,2.221175888849379e-06,False
F2,3026,2,z_R,91,0.00014561556810646593,2.103860517053606e-06,False
F2,3026,2,z_R,92,0.00012860983179133578,1.8581608459122045e-06,False
F2,3026,2,z_R,93,8.362144712799196e-05,1.2081665667975785e-06,False
F2,3026,2,z_R,94,8.117081615687986e-05,1.1727597362709011e-06,False
F2,3026,2,z_R,95,1.1495474099762954e-14,1.6608714574818677e-16,False
F2,3026,2,z_P,0,0.49732775604076385,0.24770265244673478,False
F2,3026,2,z_P,1,0.2979080293351789,0.14837822372708073,False
F2,3026,2,z_P,2,0.2322338816395746,0.11566808361568424,False
F2,3026,2,z_P,3,0.16270874497443955,0.08103989213733831,False
F2,3026,2,z_P,4,0.12889625219235212,0.06419899788555512,False
F2,3026,2,z_P,5,0.09289496745056658,0.04626793810915386,False
F2,3026,2,z_P,6,0.07029918942144205,0.03501372178213866,False
F2,3026,2,z_P,7,0.06726565065799286,0.033502815566108436,False
F2,3026,2,z_P,8,0.06477431801459133,0.032261964444484904,False
F2,3026,2,z_P,9,0.053886695668270285,0.026839196659529403,False
F2,3026,2,z_P,10,0.04932862408715103,0.024568970622531827,False
F2,3026,2,z_P,11,0.04058860443189652,0.02021585333770912,False
F2,3026,2,z_P,12,0.03311682991748588,0.016494407383359996,False
F2,3026,2,z_P,13,0.026347461538312356,0.01312280689948735,False
F2,3026,2,z_P,14,0.021710486186888117,0.0108132814810352,False
F2,3026,2,z_P,15,0.01792731597332093,0.0089290084132733,False
F2,3026,2,z_P,16,0.014579497873589985,0.007261569962191613,False
F2,3026,2,z_P,17,0.013881870640750558,0.006914104706342836,False
F2,3026,2,z_P,18,0.010868297250787293,0.005413142588363613,False
F2,3026,2,z_P,19,0.009974188953957122,0.0049678165553615206,False
F2,3026,2,z_P,20,0.008757415124646348,0.004361781397888136,False
F2,3026,2,z_P,21,0.00850076040527801,0.004233950095536094,False
F2,3026,2,z_P,22,0.008180085351351998,0.004074232363183222,False
F2,3026,2,z_P,23,0.007193102218570954,0.003582648418912045,False
F2,3026,2,z_P,24,0.006661266228383983,0.003317758346247067,False
F2,3026,2,z_P,25,0.005964222895381707,0.0029705839117664303,False
F2,3026,2,z_P,26,0.005460528375702355,0.0027197101830593743,False
F2,3026,2,z_P,27,0.004728243271407424,0.0023549829775538354,False
F2,3026,2,z_P,28,0.004124291927354097,0.00205417461113216,False
F2,3026,2,z_P,29,0.0037462166100687365,0.0018658676892306435,False
F2,3026,2,z_P,30,0.0033530641409730967,0.0016700513322545998,False
F2,3026,2,z_P,31,0.0029387761946291337,0.0014637080869005263,False
F2,3026,2,z_P,32,0.002833042414061642,0.0014110455568453128,False
F2,3026,2,z_P,33,0.0028063506263470758,0.0013977512523647452,False
F2,3026,2,z_P,34,0.0024196223681949318,0.0012051345842684247,False
F2,3026,2,z_P,35,0.002137819022887352,0.0010647775757299167,False
F2,3026,2,z_P,36,0.001935484430710976,0.0009640013480710913,False
F2,3026,2,z_P,37,0.0017596932762631474,0.0008764455366278394,False
F2,3026,2,z_P,38,0.001626267723161598,0.0008099906424338432,False
F2,3026,2,z_P,39,0.001366079887312411,0.0006803996105813266,False
F2,3026,2,z_P,40,0.001252810004443838,0.000623983595009944,False
F2,3026,2,z_P,41,0.0011551550860537186,0.0005753448813731381,False
F2,3026,2,z_P,42,0.0010882729099464992,0.00054203306191014,False
F2,3026,2,z_P,43,0.0009874964666213668,0.0004918396190295113,False
F2,3026,2,z_P,44,0.0009387069719220763,0.0004675391710819418,False
F2,3026,2,z_P,45,0.0008613594013256154,0.00042901488168860247,False
F2,3026,2,z_P,46,0.0007999006133829639,0.00039840427408698617,False
F2,3026,2,z_P,47,0.0006933942780426318,0.0003453569598244393,False
F2,3026,2,z_P,48,0.0006663395043879225,0.00033188186394608206,False
F2,3026,2,z_P,49,0.000596458179138352,0.00029707626661000096,False
F2,3026,2,z_P,50,0.0005820802355592017,0.00028991508423474436,False
F2,3026,2,z_P,51,0.0004892712408811781,0.00024368996634533175,False
F2,3026,2,z_P,52,0.0004378970055718194,0.00021810214382993653,False
F2,3026,2,z_P,53,0.0003991842198154503,0.00019882057428353704,False
F2,3026,2,z_P,54,0.00035495224806789816,0.00017679007911865495,False
F2,3026,2,z_P,55,0.00033637235631778955,0.00016753604410296626,False
F2,3026,2,z_P,56,0.00028518113761221147,0.00014203937615847042,False
F2,3026,2,z_P,57,0.00027873170758069694,0.0001388271264777089,False
F2,3026,2,z_P,58,0.00026070874486057,0.00012985047955523524,False
F2,3026,2,z_P,59,0.00022710078480780852,0.00011311145635116822,False
F2,3026,2,z_P,60,0.00022118323147714768,0.00011016411701972027,False
F2,3026,2,z_P,61,0.000206266051470854,0.00010273435865674349,False
F2,3026,2,z_P,62,0.00018843479648178652,9.385319507076406e-05,False
F2,3026,2,z_P,63,0.00014721378534448024,7.332236068393316e-05,False
F2,3026,2,z_P,64,0.00014062835310754744,7.004237276292361e-05,False
F2,3026,2,z_P,65,0.00013355386071018863,6.651880000782405e-05,False
F2,3026,2,z_P,66,0.0001193065575612453,5.942268534834642e-05,False
F2,3026,2,z_P,67,0.00011378107028621543,5.667062126694133e-05,False
F2,3026,2,z_P,68,9.811215140654386e-05,4.886644641379029e-05,False
F2,3026,2,z_P,69,9.105215577646328e-05,4.535009402325535e-05,False
F2,3026,2,z_P,70,8.565980176069157e-05,4.266433925406251e-05,False
F2,3026,2,z_P,71,7.244990299521077e-05,3.6084921710967975e-05,False
F2,3026,2,z_P,72,6.40805848058147e-05,3.191643867437231e-05,False
F2,3026,2,z_P,73,5.6158328097349474e-05,2.7970622306363424e-05,False
F2,3026,2,z_P,74,4.077869784087935e-05,2.031053263329589e-05,False
F2,3026,2,z_P,75,3.586925209576467e-05,1.7865298643563444e-05,False
F2,3026,2,z_P,76,3.436531979208695e-05,1.7116239263312877e-05,False
F2,3026,2,z_P,77,3.215471968248671e-05,1.601521181411871e-05,False
F2,3026,2,z_P,78,2.7937611546336192e-05,1.3914808491981247e-05,False
F2,3026,2,z_P,79,2.5843848401827788e-05,1.2871973705081803e-05,False
F2,3026,2,z_P,80,1.995435271835845e-05,9.938608967945808e-06,False
F2,3026,2,z_P,81,1.8586709760371137e-05,9.257430843100132e-06,False
F2,3026,2,z_P,82,1.6703411710914167e-05,8.319421820816611e-06,False
F2,3026,2,z_P,83,1.2653024452370647e-05,6.3020567025595636e-06,False
F2,3026,2,z_P,84,1.2610950918858827e-05,6.2811012547244135e-06,False
F2,3026,2,z_P,85,1.0074128804665263e-05,5.017593318883861e-06,False
F2,3026,2,z_P,86,8.30199030534429e-06,4.134949224616174e-06,False
F2,3026,2,z_P,87,6.775432132368485e-06,3.374620640563941e-06,False
F2,3026,2,z_P,88,5.268461896475987e-06,2.624048165863259e-06,False
F2,3026,2,z_P,89,3.4862076128375193e-06,1.7363657310312518e-06,False
F2,3026,2,z_P,90,2.9632475207011026e-06,1.4758964522255833e-06,False
F2,3026,2,z_P,91,2.4601400521298374e-06,1.2253151144314184e-06,False
F2,3026,2,z_P,92,1.977062794115975e-06,9.847101679081413e-07,False
F2,3026,2,z_P,93,1.2877156551014567e-06,6.413689553648617e-07,False
F2,3026,2,z_P,94,8.238362188942526e-07,4.103258145621551e-07,False
F2,3026,2,z_P,95,7.89821702217133e-15,3.933842988307757e-15,False
F2,3026,3,z_R,0,32.49436250359531,0.47760536279185517,False
F2,3026,3,z_R,1,23.42910643639825,0.3443633300455389,False
F2,3026,3,z_R,2,3.6649384705069012,0.05386762911943893,False
F2,3026,3,z_R,3,2.310022110478383,0.03395293408234009,False
F2,3026,3,z_R,4,1.628759803697192,0.023939673131286008,False
F2,3026,3,z_R,5,0.8727266666033808,0.012827423100702947,False
F2,3026,3,z_R,6,0.7608417700275362,0.011182927794351791,False
F2,3026,3,z_R,7,0.45868840823841794,0.006741847715919619,False
F2,3026,3,z_R,8,0.3100431895780579,0.004557045549768464,False
F2,3026,3,z_R,9,0.26590658447562077,0.00390832135060875,False
F2,3026,3,z_R,10,0.21210246283033515,0.0031175030345008247,False
F2,3026,3,z_R,11,0.17961688718870844,0.0026400268218776442,False
F2,3026,3,z_R,12,0.16755206276207474,0.0024626968358942335,False
F2,3026,3,z_R,13,0.12155604449391375,0.0017866427976125096,False
F2,3026,3,z_R,14,0.10548773122286487,0.001550469135537331,False
F2,3026,3,z_R,15,0.08485613837733334,0.0012472239377011318,False
F2,3026,3,z_R,16,0.08225089802804114,0.0012089318566656597,False
F2,3026,3,z_R,17,0.077063906133776,0.001132692935370164,False
F2,3026,3,z_R,18,0.07437134187412085,0.0010931173588395982,False
F2,3026,3,z_R,19,0.06698018184979443,0.0009844813557642802,False
F2,3026,3,z_R,20,0.05812600839462952,0.0008543418361842866,False
F2,3026,3,z_R,21,0.051220370479576796,0.0007528420852240077,False
F2,3026,3,z_R,22,0.045309243223200985,0.000665959750558177,False
F2,3026,3,z_R,23,0.03695015257918396,0.0005430970072375771,False
F2,3026,3,z_R,24,0.03390885690616533,0.0004983957418070383,False
F2,3026,3,z_R,25,0.028584243689093857,0.0004201340486599777,False
F2,3026,3,z_R,26,0.028316785200832133,0.0004162029172736067,False
F2,3026,3,z_R,27,0.025611970586517426,0.0003764472838152936,False
F2,3026,3,z_R,28,0.024495767686517646,0.0003600412228887335,False
F2,3026,3,z_R,29,0.02274874364486883,0.00033436329025886714,False
F2,3026,3,z_R,30,0.021336042264831042,0.0003135992652666904,False
F2,3026,3,z_R,31,0.018927205358011314,0.00027819394150750747,False
F2,3026,3,z_R,32,0.01821095480566824,0.0002676664198531334,False
F2,3026,3,z_R,33,0.016496176402492912,0.00024246243681559654,False
F2,3026,3,z_R,34,0.015528325120487492,0.00022823686268348006,False
F2,3026,3,z_R,35,0.013669199724027453,0.00020091125322265114,False
F2,3026,3,z_R,36,0.012434359925658734,0.0001827614553977374,False
F2,3026,3,z_R,37,0.011724048549593037,0.00017232122834532165,False
F2,3026,3,z_R,38,0.010772575826820441,0.00015833638790119602,False
F2,3026,3,z_R,39,0.010693497149026327,0.0001571740816521419,False
F2,3026,3,z_R,40,0.009803478344662886,0.00014409249699564826,False
F2,3026,3,z_R,41,0.009645298934816946,0.00014176756034187294,False
F2,3026,3,z_R,42,0.009120036781478874,0.00013404720511785205,False
F2,3026,3,z_R,43,0.008427827847200909,0.00012387304955018975,False
F2,3026,3,z_R,44,0.008229199127439264,0.00012095358492760649,False
F2,3026,3,z_R,45,0.00772144062085887,0.00011349050003960023,False
F2,3026,3,z_R,46,0.0071533015117161486,0.00010513993506672754,False
F2,3026,3,z_R,47,0.006673754334071787,9.809150308935595e-05,False
F2,3026,3,z_R,48,0.006506064851640948,9.562678644554125e-05,False
F2,3026,3,z_R,49,0.005823091555998453,8.55883772105119e-05,False
F2,3026,3,z_R,50,0.0056388040189453825,8.287970071370386e-05,False
F2,3026,3,z_R,51,0.0054803686957506795,8.055100262014753e-05,False
F2,3026,3,z_R,52,0.005198477708652942,7.640774093450365e-05,False
F2,3026,3,z_R,53,0.005051718330734196,7.425065704260598e-05,False
F2,3026,3,z_R,54,0.0049128419824936405,7.220943870273856e-05,False
F2,3026,3,z_R,55,0.004413963087725875,6.487686722981321e-05,False
F2,3026,3,z_R,56,0.004153621169529452,6.105033589606654e-05,False
F2,3026,3,z_R,57,0.004063005848648204,5.971846292274078e-05,False
F2,3026,3,z_R,58,0.003762438090766294,5.53006882077932e-05,False
F2,3026,3,z_R,59,0.003258514874498471,4.789397479717612e-05,False
F2,3026,3,z_R,60,0.0030477879437763567,4.479668947002395e-05,False
F2,3026,3,z_R,61,0.002788360704771511,4.0983602181750804e-05,False
F2,3026,3,z_R,62,0.0024975842058956926,3.670974036274867e-05,False
F2,3026,3,z_R,63,0.0024732604614302153,3.635222755422365e-05,False
F2,3026,3,z_R,64,0.002324807104013936,3.417024538366633e-05,False
F2,3026,3,z_R,65,0.00213866445957261,3.143430233448055e-05,False
F2,3026,3,z_R,66,0.0019677170219690536,2.892169994242097e-05,False
F2,3026,3,z_R,67,0.0018869630949979832,2.7734770714816717e-05,False
F2,3026,3,z_R,68,0.0017983480185517233,2.6432297532575916e-05,False
F2,3026,3,z_R,69,0.0015485109674837618,2.2760167777731255e-05,False
F2,3026,3,z_R,70,0.0014867512617593942,2.1852417497812973e-05,False
F2,3026,3,z_R,71,0.0014021342903450318,2.06087088598536e-05,False
F2,3026,3,z_R,72,0.001226507970515215,1.8027335792791978e-05,False
F2,3026,3,z_R,73,0.0012123918444763607,1.7819855572268905e-05,False
F2,3026,3,z_R,74,0.0011021764231423465,1.619989837859678e-05,False
F2,3026,3,z_R,75,0.0009619581375531066,1.4138956110488237e-05,False
F2,3026,3,z_R,76,0.0008616309115718396,1.2664336592798614e-05,False
F2,3026,3,z_R,77,0.0008423945507554313,1.2381598653702281e-05,False
F2,3026,3,z_R,78,0.000801724635887805,1.1783828211431953e-05,False
F2,3026,3,z_R,79,0.0007354046426798123,1.0809050373800823e-05,False
F2,3026,3,z_R,80,0.0006698522855177279,9.845555326904781e-06,False
F2,3026,3,z_R,81,0.0006293593551258584,9.250386220012028e-06,False
F2,3026,3,z_R,82,0.0005897422337553974,8.668089840976605e-06,False
F2,3026,3,z_R,83,0.0005553926046781588,8.163215586084391e-06,False
F2,3026,3,z_R,84,0.0005151197292611,7.571280869035938e-06,False
F2,3026,3,z_R,85,0.0004703737321078926,6.913599765075938e-06,False
F2,3026,3,z_R,86,0.0004064611391747584,5.974206135444943e-06,False
F2,3026,3,z_R,87,0.0003679370591751879,5.407975386884126e-06,False
F2,3026,3,z_R,88,0.00032442909321542355,4.768490988190359e-06,False
F2,3026,3,z_R,89,0.00030329600086682445,4.457874700920539e-06,False
F2,3026,3,z_R,90,0.00024031032341280192,3.5321049669308113e-06,False
F2,3026,3,z_R,91,0.00017932913076148374,2.6357973493712938e-06,False
F2,3026,3,z_R,92,0.00013768937119685245,2.0237720335574837e-06,False
F2,3026,3,z_R,93,9.878536426917785e-05,1.4519570813271384e-06,False
F2,3026,3,z_R,94,7.993063983313611e-05,1.174828471599226e-06,False
F2,3026,3,z_R,95,1.691016059282561e-14,2.485472175030793e-16,False
F2,3026,3,z_P,0,0.399948482440695,0.24436577420297637,False
F2,3026,3,z_P,1,0.26059852107612624,0.159223905464777,False
F2,3026,3,z_P,2,0.19384673334301822,0.11843902189854812,False
F2,3026,3,z_P,3,0.13136728994316438,0.08026451135908066,False
F2,3026,3,z_P,4,0.10233637740479007,0.0625268233074435,False
F2,3026,3,z_P,5,0.08124269666440068,0.04963872933729074,False
F2,3026,3,z_P,6,0.058867676935519336,0.03596774605092281,False
F2,3026,3,z_P,7,0.05316657577796451,0.03248441242336755,False
F2,3026,3,z_P,8,0.04812903684118971,0.029406510752506353,False
F2,3026,3,z_P,9,0.03330928158287459,0.020351742135566304,False
F2,3026,3,z_P,10,0.02856731549900064,0.01745443344656049,False
F2,3026,3,z_P,11,0.025086430307674434,0.015327636516367779,False
F2,3026,3,z_P,12,0.02301073008718797,0.01405939794649728,False
F2,3026,3,z_P,13,0.022923564630866162,0.014006140451712328,False
F2,3026,3,z_P,14,0.01794013950545299,0.010961301947706432,False
F2,3026,3,z_P,15,0.017059615318462378,0.010423307720686673,False
F2,3026,3,z_P,16,0.013177894785223097,0.00805160315124813,False
F2,3026,3,z_P,17,0.012744466428150197,0.007786781403728814,False
F2,3026,3,z_P,18,0.010471013822085103,0.006397717485284644,False
F2,3026,3,z_P,19,0.009684081686840363,0.0059169073586884105,False
F2,3026,3,z_P,20,0.008523199805698772,0.00520761650724622,False
F2,3026,3,z_P,21,0.007643968358236673,0.004670412135194282,False
F2,3026,3,z_P,22,0.006449824875514415,0.003940798673770202,False
F2,3026,3,z_P,23,0.006113149356671691,0.0037350922454944292,False
F2,3026,3,z_P,24,0.006093280159673748,0.003722952302675884,False
F2,3026,3,z_P,25,0.0053998613927013096,0.0032992782014415606,False
F2,3026,3,z_P,26,0.004873404619666942,0.002977616731089514,False
F2,3026,3,z_P,27,0.004389427023547137,0.0026819097459023686,False
F2,3026,3,z_P,28,0.004105432777349351,0.0025083912131708356,False
F2,3026,3,z_P,29,0.003474097685070574,0.0021226498105163397,False
F2,3026,3,z_P,30,0.002917171815277963,0.001782371931437957,False
F2,3026,3,z_P,31,0.0028454820627779012,0.0017385699853343236,False
F2,3026,3,z_P,32,0.0026617664936146746,0.0016263210351251695,False
F2,3026,3,z_P,33,0.0023852311338440025,0.0014573598307408544,False
F2,3026,3,z_P,34,0.0023006426170025097,0.00140567682826886,False
F2,3026,3,z_P,35,0.0019071415291343791,0.001165250367841253,False
F2,3026,3,z_P,36,0.0018001461866926423,0.0010998769489140676,False
F2,3026,3,z_P,37,0.001650518931459208,0.0010084557242506982,False
F2,3026,3,z_P,38,0.001486580820305384,0.0009082906649685489,False
F2,3026,3,z_P,39,0.001330696761715645,0.0008130465764531432,False
F2,3026,3,z_P,40,0.0012864801763085095,0.0007860305466392812,False
F2,3026,3,z_P,41,0.0011596236428967762,0.0007085220765216066,False
F2,3026,3,z_P,42,0.0011126769212462557,0.0006798379522253675,False
F2,3026,3,z_P,43,0.0010100146980175574,0.0006171120393588283,False
F2,3026,3,z_P,44,0.0009376320957583964,0.0005728867668138606,False
F2,3026,3,z_P,45,0.0008198223407013636,0.0005009058160986802,False
F2,3026,3,z_P,46,0.0007571147793735421,0.00046259192707292065,False
F2,3026,3,z_P,47,0.0006913549337033506,0.00042241311329020454,False
F2,3026,3,z_P,48,0.0006515005722021052,0.00039806237230430454,False
F2,3026,3,z_P,49,0.0006084971945166974,0.00037178760407088364,False
F2,3026,3,z_P,50,0.0005293583375535902,0.00032343430633285334,False
F2,3026,3,z_P,51,0.0004920150079882699,0.0003006177886032242,False
F2,3026,3,z_P,52,0.00046847440183155596,0.000286234640019717,False
F2,3026,3,z_P,53,0.00045245936890259825,0.000276449564960328,False
F2,3026,3,z_P,54,0.00037852674961374674,0.00023127724266241043,False
F2,3026,3,z_P,55,0.00034396162157552526,0.0002101581869731881,False
F2,3026,3,z_P,56,0.0003130796507272934,0.0001912895150152668,False
F2,3026,3,z_P,57,0.0002739828988182474,0.0001674016682836758,False
F2,3026,3,z_P,58,0.00025190301944948737,0.00015391101372904718,False
F2,3026,3,z_P,59,0.00023460789265222255,0.00014334381011331913,False
F2,3026,3,z_P,60,0.00020635672253462551,0.0001260825393221485,False
F2,3026,3,z_P,61,0.00019618140600363097,0.00011986549084959797,False
F2,3026,3,z_P,62,0.00016154225579294762,9.870120812170444e-05,False
F2,3026,3,z_P,63,0.0001503662267268434,9.18727311674045e-05,False
F2,3026,3,z_P,64,0.00013630150037196757,8.327928002167631e-05,False
F2,3026,3,z_P,65,0.0001256418992767298,7.676633700852481e-05,False
F2,3026,3,z_P,66,0.00012109722165328145,7.398957021301239e-05,False
F2,3026,3,z_P,67,0.00010847100831876721,6.627504063682372e-05,False
F2,3026,3,z_P,68,0.00010271525235382514,6.27583132975594e-05,False
F2,3026,3,z_P,69,9.112796352495581e-05,5.567855945451283e-05,False
F2,3026,3,z_P,70,8.054676773860211e-05,4.9213521546264236e-05,False
F2,3026,3,z_P,71,6.796868281654953e-05,4.152839809933647e-05,False
F2,3026,3,z_P,72,6.49075857936726e-05,3.965808885515358e-05,False
F2,3026,3,z_P,73,6.30686475547508e-05,3.853451022891835e-05,False
F2,3026,3,z_P,74,6.0897799370967514e-05,3.72081369073594e-05,False
F2,3026,3,z_P,75,4.830810492060026e-05,2.9515920118415597e-05,False
F2,3026,3,z_P,76,4.609096297227591e-05,2.8161261624866957e-05,False
F2,3026,3,z_P,77,3.830977536788661e-05,2.3407009473286045e-05,False
F2,3026,3,z_P,78,3.259156422348082e-05,1.99132217613499e-05,False
F2,3026,3,z_P,79,3.230387261328676e-05,1.9737444164626063e-05,False
F2,3026,3,z_P,80,2.620877312009219e-05,1.6013380261671974e-05,False
F2,3026,3,z_P,81,2.2406809099984187e-05,1.3690406373645491e-05,False
F2,3026,3,z_P,82,1.9183159919734182e-05,1.1720778878415799e-05,False
F2,3026,3,z_P,83,1.649918813202664e-05,1.0080890561201459e-05,False
F2,3026,3,z_P,84,1.4221298166692164e-05,8.689115446738587e-06,False
F2,3026,3,z_P,85,1.1123040501860058e-05,6.796101305700388e-06,False
F2,3026,3,z_P,86,7.855805041333677e-06,4.799842892760079e-06,False
F2,3026,3,z_P,87,6.005231214333317e-06,3.6691550021721616e-06,False
F2,3026,3,z_P,88,5.896035281374181e-06,3.6024370375619767e-06,False
F2,3026,3,z_P,89,4.483032615165307e-06,2.7391021190948176e-06,False
F2,3026,3,z_P,90,3.111111320445582e-06,1.90086763628378e-06,False
F2,3026,3,z_P,91,2.3586140641200787e-06,1.4410969840601806e-06,False
F2,3026,3,z_P,92,1.7321486343512744e-06,1.0583309117334673e-06,False
F2,3026,3,z_P,93,9.429728158213304e-07,5.761499100692516e-07,False
F2,3026,3,z_P,94,7.626761962484697e-07,4.659899145637438e-07,False
F2,3026,3,z_P,95,9.845238570379091e-15,6.015373107011183e-15,False
F2,3026,4,z_R,0,32.42254905177467,0.467318203652092,False
F2,3026,4,z_R,1,25.139794142126796,0.36234916076220813,False
F2,3026,4,z_R,2,4.342812003295686,0.06259455729215091,False
F2,3026,4,z_R,3,1.9216250904551235,0.027697093893828927,False
F2,3026,4,z_R,4,1.1750984922978887,0.01693712963956093,False
F2,3026,4,z_R,5,0.7744979601665034,0.011163125851062872,False
F2,3026,4,z_R,6,0.7227960237700113,0.010417926699584653,False
F2,3026,4,z_R,7,0.5579959767217415,0.008042602605683336,False
F2,3026,4,z_R,8,0.45304440344529406,0.006529896722636002,False
F2,3026,4,z_R,9,0.23493575475026152,0.003386216016150378,False
F2,3026,4,z_R,10,0.22902929288873272,0.0033010839945236533,False
F2,3026,4,z_R,11,0.16005023204391522,0.002306863251665557,False
F2,3026,4,z_R,12,0.1392133692993499,0.002006533834259603,False
F2,3026,4,z_R,13,0.1207195320631995,0.0017399753109913986,False
F2,3026,4,z_R,14,0.10975345296681896,0.001581917152879157,False
F2,3026,4,z_R,15,0.08957173939879129,0.001291030643117966,False
F2,3026,4,z_R,16,0.08259937805988685,0.0011905354176837471,False
F2,3026,4,z_R,17,0.061532794281460496,0.0008868949459645243,False
F2,3026,4,z_R,18,0.048453537432420354,0.0006983787745173813,False
F2,3026,4,z_R,19,0.04656587790081229,0.0006711712387986699,False
F2,3026,4,z_R,20,0.0437732499094254,0.0006309200576124072,False
F2,3026,4,z_R,21,0.03943520403300208,0.0005683941962714851,False
F2,3026,4,z_R,22,0.03334619296322854,0.00048063102531906046,False
F2,3026,4,z_R,23,0.03217034881302222,0.0004636831482359919,False
F2,3026,4,z_R,24,0.02993221211473099,0.00043142405535273094,False
F2,3026,4,z_R,25,0.02575731808147971,0.00037124976193300875,False
F2,3026,4,z_R,26,0.024241368456548767,0.0003493998187216185,False
F2,3026,4,z_R,27,0.023075858912181117,0.0003326008981388013,False
F2,3026,4,z_R,28,0.021737727298972175,0.0003133139117659439,False
F2,3026,4,z_R,29,0.01883539877936761,0.0002714815762508064,False
F2,3026,4,z_R,30,0.017610056353578978,0.0002538202621954608,False
F2,3026,4,z_R,31,0.01658984957738861,0.0002391156442074782,False
F2,3026,4,z_R,32,0.01509205777428303,0.0002175274164048337,False
F2,3026,4,z_R,33,0.014407802638447223,0.00020766499379247573,False
F2,3026,4,z_R,34,0.013600999314402932,0.00019603623877106023,False
F2,3026,4,z_R,35,0.012750697193464194,0.0001837805194849511,False
F2,3026,4,z_R,36,0.011555608219456505,0.00016655525963120356,False
F2,3026,4,z_R,37,0.01134425324030392,0.00016350892206432106,False
F2,3026,4,z_R,38,0.010697409457815246,0.0001541857231389859,False
F2,3026,4,z_R,39,0.009110412577044022,0.00013131174952453662,False
F2,3026,4,z_R,40,0.008780929760277995,0.0001265627916983196,False
F2,3026,4,z_R,41,0.007574540753846402,0.00010917466029350688,False
F2,3026,4,z_R,42,0.00682190409717967,9.832662950374508e-05,False
F2,3026,4,z_R,43,0.006202640405188229,8.940095263403695e-05,False
F2,3026,4,z_R,44,0.006060490282102416,8.735209028014532e-05,False
F2,3026,4,z_R,45,0.005571159897231158,8.029919027264556e-05,False
F2,3026,4,z_R,46,0.005328024145375906,7.679478466224282e-05,False
F2,3026,4,z_R,47,0.005023126361363244,7.240018001549615e-05,False
F2,3026,4,z_R,48,0.004682214182210944,6.748648655758301e-05,False
F2,3026,4,z_R,49,0.004165419200557806,6.0037729148136165e-05,False
F2,3026,4,z_R,50,0.0038945356414470597,5.6133384118373915e-05,False
F2,3026,4,z_R,51,0.0038035406915181407,5.482184021495381e-05,False
F2,3026,4,z_R,52,0.0037170165735065422,5.357473606724496e-05,False
F2,3026,4,z_R,53,0.0034400195849521257,4.9582275915466616e-05,False
F2,3026,4,z_R,54,0.003330736647319168,4.800714047429864e-05,False
F2,3026,4,z_R,55,0.0031263517790990733,4.5061265696909536e-05,False
F2,3026,4,z_R,56,0.002939086980191602,4.236214881708112e-05,False
F2,3026,4,z_R,57,0.002690518116423688,3.8779433753118414e-05,False
F2,3026,4,z_R,58,0.0026485786638527006,3.817494489549254e-05,False
F2,3026,4,z_R,59,0.002499361341585384,3.6024220383228417e-05,False
F2,3026,4,z_R,60,0.002229831423469376,3.2139385882297224e-05,False
F2,3026,4,z_R,61,0.0020476037500473886,2.9512870957043307e-05,False
F2,3026,4,z_R,62,0.0019577491987247155,2.821776404095776e-05,False
F2,3026,4,z_R,63,0.0019181571922296473,2.7647109792745758e-05,False
F2,3026,4,z_R,64,0.0016951861973760112,2.4433346290834496e-05,False
F2,3026,4,z_R,65,0.0015521015594554015,2.237101442863289e-05,False
F2,3026,4,z_R,66,0.0015000161500170305,2.162028813822449e-05,False
F2,3026,4,z_R,67,0.0014219409516983456,2.0494961398189175e-05,False
F2,3026,4,z_R,68,0.0012972102430826298,1.869717151444287e-05,False
F2,3026,4,z_R,69,0.0012043592321708894,1.7358875516886805e-05,False
F2,3026,4,z_R,70,0.001190110439715902,1.715350239574068e-05,False
F2,3026,4,z_R,71,0.0011217478123940828,1.616816653747875e-05,False
F2,3026,4,z_R,72,0.0010387019082425705,1.4971195173913975e-05,False
F2,3026,4,z_R,73,0.0009612429600355166,1.3854750674898883e-05,False
F2,3026,4,z_R,74,0.0009053038483738906,1.3048479547546729e-05,False
F2,3026,4,z_R,75,0.000834743064155708,1.2031460840088899e-05,False
F2,3026,4,z_R,76,0.0008099303761577154,1.1673826381290322e-05,False
F2,3026,4,z_R,77,0.0007284807423054401,1.0499862652553747e-05,False
F2,3026,4,z_R,78,0.0007049940824285717,1.0161340728015397e-05,False
F2,3026,4,z_R,79,0.0005677013508792469,8.182489756746452e-06,False
F2,3026,4,z_R,80,0.000546478687086922,7.87659964599963e-06,False
F2,3026,4,z_R,81,0.0005050601803667707,7.279619373797567e-06,False
F2,3026,4,z_R,82,0.00045758450055403434,6.595334823196033e-06,False
F2,3026,4,z_R,83,0.0004369137719154235,6.297399958168919e-06,False
F2,3026,4,z_R,84,0.0003791925144789903,5.465442103940383e-06,False
F2,3026,4,z_R,85,0.0003424131092210503,4.935326918700435e-06,False
F2,3026,4,z_R,86,0.0003033081162597456,4.371692176863123e-06,False
F2,3026,4,z_R,87,0.00026247636631035606,3.7831690472396765e-06,False
F2,3026,4,z_R,88,0.0002593431400405684,3.738008696963251e-06,False
F2,3026,4,z_R,89,0.00024269493908184156,3.4980520126924503e-06,False
F2,3026,4,z_R,90,0.00017353609316495978,2.501239961026821e-06,False
F2,3026,4,z_R,91,0.00016122151611329868,2.3237454026153953e-06,False
F2,3026,4,z_R,92,0.0001039322957806951,1.498014659122363e-06,False
F2,3026,4,z_R,93,8.408793752682124e-05,1.2119905764069637e-06,False
F2,3026,4,z_R,94,7.817314040196821e-05,1.1267384155438873e-06,False
F2,3026,4,z_R,95,1.1450540823019957e-14,1.6504088434606715e-16,False
F2,3026,4,z_P,0,0.4429374546526115,0.266366898848282,False
F2,3026,4,z_P,1,0.2261397337384558,0.13599242725935404,False
F2,3026,4,z_P,2,0.19711631078658384,0.1185387685442305,False
F2,3026,4,z_P,3,0.1528685228532805,0.09192971589156168,False
F2,3026,4,z_P,4,0.10091755552635062,0.06068824395531356,False
F2,3026,4,z_P,5,0.08251872944094546,0.0496238415315856,False
F2,3026,4,z_P,6,0.07583908979431078,0.04560694280376512,False
F2,3026,4,z_P,7,0.057827222508137904,0.03477524369796812,False
F2,3026,4,z_P,8,0.041854587461080894,0.025169866642517354,False
F2,3026,4,z_P,9,0.035607989587847236,0.02141338390129042,False
F2,3026,4,z_P,10,0.027785875719035135,0.016709441636331784,False
F2,3026,4,z_P,11,0.026087869342253486,0.01568832073527215,False
F2,3026,4,z_P,12,0.024313841309555703,0.014621483102608563,False
F2,3026,4,z_P,13,0.02105224703694067,0.012660075814576994,False
F2,3026,4,z_P,14,0.016636290113263345,0.0100044757092979,False
F2,3026,4,z_P,15,0.014856519696791476,0.008934184810395856,False
F2,3026,4,z_P,16,0.012589425828862062,0.007570834846072052,False
F2,3026,4,z_P,17,0.011381717576261191,0.006844561873263576,False
F2,3026,4,z_P,18,0.010401490804778339,0.006255088207071297,False
F2,3026,4,z_P,19,0.008265567072685585,0.00497061931712338,False
F2,3026,4,z_P,20,0.007513977645681122,0.004518640052837978,False
F2,3026,4,z_P,21,0.006398742068407371,0.003847976872103661,False
F2,3026,4,z_P,22,0.006073093876663434,0.0036521435822356512,False
F2,3026,4,z_P,23,0.005166804367279942,0.003107133167023549,False
F2,3026,4,z_P,24,0.004965149313019048,0.0029858649588909046,False
F2,3026,4,z_P,25,0.004251831710184743,0.0025569010142863975,False
F2,3026,4,z_P,26,0.003769658797351036,0.002266939300389597,False
F2,3026,4,z_P,27,0.0036257406504629206,0.002180392023630976,False
F2,3026,4,z_P,28,0.003445708683968515,0.002072127174711657,False
F2,3026,4,z_P,29,0.0032393740259013325,0.0019480448185754372,False
F2,3026,4,z_P,30,0.0026481884541117344,0.0015925267522043135,False
F2,3026,4,z_P,31,0.0024799039616597825,0.0014913264181439677,False
F2,3026,4,z_P,32,0.00214058196944526,0.0012872701889228692,False
F2,3026,4,z_P,33,0.0018282747768090368,0.0010994597034542897,False
F2,3026,4,z_P,34,0.0015851666164254216,0.0009532630653377832,False
F2,3026,4,z_P,35,0.0014049946347442434,0.0008449140162436981,False
F2,3026,4,z_P,36,0.0013298501984036178,0.0007997248134262195,False
F2,3026,4,z_P,37,0.0012331792372240473,0.000741590320920319,False
F2,3026,4,z_P,38,0.0010939349751604222,0.0006578537529721548,False
F2,3026,4,z_P,39,0.0010005702979325663,0.0006017075425446368,False
F2,3026,4,z_P,40,0.0009895761588628374,0.0005950960566593278,False
F2,3026,4,z_P,41,0.0008571693618372993,0.0005154712980401064,False
F2,3026,4,z_P,42,0.0008141875332350921,0.000489623548495924,False
F2,3026,4,z_P,43,0.0007320685299010023,0.0004402400880889271,False
F2,3026,4,z_P,44,0.000601289283338173,0.00036159408067919826,False
F2,3026,4,z_P,45,0.0005494362189967719,0.00033041148413126824,False
F2,3026,4,z_P,46,0.0005309433648962,0.0003192905365891681,False
F2,3026,4,z_P,47,0.0004743228406117168,0.0002852409584683698,False
F2,3026,4,z_P,48,0.00045036904465953204,0.0002708359938928811,False
F2,3026,4,z_P,49,0.0004393222185132961,0.00026419282386564385,False
F2,3026,4,z_P,50,0.000399845711136338,0.00024045305036735486,False
F2,3026,4,z_P,51,0.00035317804824917495,0.00021238877061593962,False
F2,3026,4,z_P,52,0.00033779196943788646,0.00020313612770812224,False
F2,3026,4,z_P,53,0.0003112104388361163,0.00018715093657411145,False
F2,3026,4,z_P,54,0.0002815918136140907,0.00016933934429246976,False
F2,3026,4,z_P,55,0.00026678787947245476,0.0001604367825726567,False
F2,3026,4,z_P,56,0.0002170111393555676,0.00013050281388149958,False
F2,3026,4,z_P,57,0.00020490912603445883,0.00012322509165615166,False
F2,3026,4,z_P,58,0.0001936150160305609,0.00011643321387433465,False
F2,3026,4,z_P,59,0.00017595158004500515,0.00010581104901323108,False
F2,3026,4,z_P,60,0.0001627055528959504,9.784535738636006e-05,False
F2,3026,4,z_P,61,0.00015171177044840924,9.123408596100523e-05,False
F2,3026,4,z_P,62,0.00013998210868137608,8.41802827736584e-05,False
F2,3026,4,z_P,63,0.00011820963004576824,7.108708518223826e-05,False
F2,3026,4,z_P,64,0.00010474313174394291,6.29888100119524e-05,False
F2,3026,4,z_P,65,9.889479333187947e-05,5.947182640653933e-05,False
F2,3026,4,z_P,66,8.027778095334932e-05,4.827621447307034e-05,False
F2,3026,4,z_P,67,7.487177172003622e-05,4.502523197091969e-05,False
F2,3026,4,z_P,68,6.98458798777661e-05,4.2002838606099556e-05,False
F2,3026,4,z_P,69,6.726764928769138e-05,4.0452382035808856e-05,False
F2,3026,4,z_P,70,6.054304870302475e-05,3.640844539212219e-05,False
F2,3026,4,z_P,71,5.3409999237518666e-05,3.211888205648512e-05,False
F2,3026,4,z_P,72,4.401928113073712e-05,2.647163675404485e-05,False
F2,3026,4,z_P,73,4.1509900538056653e-05,2.4962584133903285e-05,False
F2,3026,4,z_P,74,3.806812474362453e-05,2.2892822059677753e-05,False
F2,3026,4,z_P,75,3.2779543646947086e-05,1.971245668024864e-05,False
F2,3026,4,z_P,76,2.629405220627348e-05,1.581231180784409e-05,False
F2,3026,4,z_P,77,2.1211464367713174e-05,1.2755823478711731e-05,False
F2,3026,4,z_P,78,2.029706315314924e-05,1.2205934971275568e-05,False
F2,3026,4,z_P,79,1.8731773280135763e-05,1.1264625075502085e-05,False
F2,3026,4,z_P,80,1.7175442181652643e-05,1.032870266946122e-05,False
F2,3026,4,z_P,81,1.4703789081755225e-05,8.842338027381528e-06,False
F2,3026,4,z_P,82,1.2411112891198815e-05,7.463603760213357e-06,False
F2,3026,4,z_P,83,7.371949342075124e-06,4.4332292609014896e-06,False
F2,3026,4,z_P,84,7.200751742982883e-06,4.330277087673701e-06,False
F2,3026,4,z_P,85,5.656471657376438e-06,3.4016017339970527e-06,False
F2,3026,4,z_P,86,4.630267317982896e-06,2.7844787867328856e-06,False
F2,3026,4,z_P,87,4.225687492241564e-06,2.5411788074980823e-06,False
F2,3026,4,z_P,88,2.9243860748907885e-06,1.7586222199580851e-06,False
F2,3026,4,z_P,89,2.908072061829773e-06,1.748811550254749e-06,False
F2,3026,4,z_P,90,1.9005746037160473e-06,1.1429382588986289e-06,False
F2,3026,4,z_P,91,1.7081513300100656e-06,1.0272217166534146e-06,False
F2,3026,4,z_P,92,1.4149210374416173e-06,8.508834032879534e-07,False
F2,3026,4,z_P,93,1.0305860414476506e-06,6.197579477040038e-07,False
F2,3026,4,z_P,94,7.715807540280032e-07,4.6400134037580334e-07,False
F2,3026,4,z_P,95,1.1542067069595279e-14,6.94099037986795e-15,False
F0,2026,0,F0,0,61.125672810454745,0.3953658600566944,False
F0,2026,0,F0,1,45.594970359315084,0.2949120040980042,False
F0,2026,0,F0,2,27.18668038997263,0.1758456762970726,False
F0,2026,0,F0,3,3.936895214308064,0.02546416081479549,False
F0,2026,0,F0,4,2.77661466197699,0.01795937113498405,False
F0,2026,0,F0,5,2.3239583370354993,0.015031552936965209,False
F0,2026,0,F0,6,1.6531151600345886,0.01069248430273389,False
F0,2026,0,F0,7,1.163653501289111,0.007526606190033859,False
F0,2026,0,F0,8,1.1006274224717039,0.007118948348214846,False
F0,2026,0,F0,9,0.8930874720202694,0.005776562943954382,False
F0,2026,0,F0,10,0.7964695780988573,0.005151630489704618,False
F0,2026,0,F0,11,0.7192858429214961,0.004652399766544934,False
F0,2026,0,F0,12,0.5967574220794114,0.0038598759011988864,False
F0,2026,0,F0,13,0.48305683485555506,0.003124451187002162,False
F0,2026,0,F0,14,0.41248660400576653,0.0026679971517092533,False
F0,2026,0,F0,15,0.34426984229242835,0.0022267655476218857,False
F0,2026,0,F0,16,0.31727033165162044,0.0020521305005981234,False
F0,2026,0,F0,17,0.22627198198858325,0.0014635457190476614,False
F0,2026,0,F0,18,0.2125162606066094,0.0013745725860770225,False
F0,2026,0,F0,19,0.18557448337271196,0.0012003109634595311,False
F0,2026,0,F0,20,0.17329110396991446,0.0011208610590462238,False
F0,2026,0,F0,21,0.14708540561303027,0.0009513604549157163,False
F0,2026,0,F0,22,0.13004209064847022,0.0008411228972846466,False
F0,2026,0,F0,23,0.12483810387026521,0.0008074630844156947,False
F0,2026,0,F0,24,0.11897918474963849,0.0007695671154942205,False
F0,2026,0,F0,25,0.10720206257270916,0.000693391724297904,False
F0,2026,0,F0,26,0.10057566329055465,0.0006505316308083484,False
F0,2026,0,F0,27,0.09649720257695904,0.0006241518127450227,False
F0,2026,0,F0,28,0.09332059946489556,0.0006036052835419128,False
F0,2026,0,F0,29,0.0884882302884017,0.0005723491237692358,False
F0,2026,0,F0,30,0.07987723516010661,0.0005166525017394149,False
F0,2026,0,F0,31,0.07506819972612547,0.00048554726652515526,False
F0,2026,0,F0,32,0.06983634347152236,0.0004517071915993809,False
F0,2026,0,F0,33,0.06643834893710607,0.00042972868453683514,False
F0,2026,0,F0,34,0.059105004105455924,0.0003822960093097123,False
F0,2026,0,F0,35,0.05440053910589745,0.00035186714423325415,False
F0,2026,0,F0,36,0.048522292039576996,0.00031384616057540183,False
F0,2026,0,F0,37,0.04695687147896122,0.00030372089212694675,False
F0,2026,0,F0,38,0.043234973619839266,0.00027964735182125643,False
F0,2026,0,F0,39,0.041367596645242956,0.0002675690045464422,False
F0,2026,0,F0,40,0.03667616000634489,0.00023722440797421153,False
F0,2026,0,F0,41,0.03520493570719408,0.00022770840866286196,False
F0,2026,0,F0,42,0.03455544161664014,0.00022350742766900238,False
F0,2026,0,F0,43,0.031067396398210673,0.00020094646540397618,False
F0,2026,0,F0,44,0.030584793275614166,0.00019782494886504037,False
F0,2026,0,F0,45,0.02903932683468925,0.00018782874529768215,False
F0,2026,0,F0,46,0.0271012817126323,0.0001752933106549133,False
F0,2026,0,F0,47,0.026536817456623618,0.00017164230959779343,False
F0,2026,0,F0,48,0.0253351401641564,0.00016386976241094853,False
F0,2026,0,F0,49,0.02460364643232737,0.00015913840101869898,False
F0,2026,0,F0,50,0.02171594338834988,0.00014046050112693335,False
F0,2026,0,F0,51,0.021416146042507377,0.00013852138733019386,False
F0,2026,0,F0,52,0.02046852820825096,0.00013239211753536274,False
F0,2026,0,F0,53,0.019690981543215802,0.00012736288199779888,False
F0,2026,0,F0,54,0.019239410560193952,0.00012444208388024352,False
F0,2026,0,F0,55,0.0183469605960651,0.00011866964438956489,False
F0,2026,0,F0,56,0.01793036910249161,0.00011597509647579838,False
F0,2026,0,F0,57,0.016707438531828947,0.00010806508134420263,False
F0,2026,0,F0,58,0.016255283834408267,0.00010514050771408913,False
F0,2026,0,F0,59,0.015375975191320357,9.94530673646346e-05,False
F0,2026,0,F0,60,0.014631101979801579,9.463516640150697e-05,False
F0,2026,0,F0,61,0.01401266276728471,9.063505090326584e-05,False
F0,2026,0,F0,62,0.013151842601844804,8.506719554208798e-05,False
F0,2026,0,F0,63,0.012545824195514243,8.114741883595592e-05,False
F0,2026,0,F0,64,0.012046027641278547,7.791469377243776e-05,False
F0,2026,0,F0,65,0.01126659804911678,7.287327930794177e-05,False
F0,2026,0,F0,66,0.011062580794205511,7.155367898706638e-05,False
F0,2026,0,F0,67,0.01069734940625085,6.919133244462151e-05,False
F0,2026,0,F0,68,0.009945598151963537,6.432894373731608e-05,False
F0,2026,0,F0,69,0.00956785074746538,6.188564257437078e-05,False
F0,2026,0,F0,70,0.00929413207143007,6.0115207750694356e-05,False
F0,2026,0,F0,71,0.008906127591296813,5.760556298212998e-05,False
F0,2026,0,F0,72,0.008260882214030834,5.343206301393433e-05,False
F0,2026,0,F0,73,0.007747629942407181,5.0112305267859585e-05,False
F0,2026,0,F0,74,0.007606248440911752,4.9197838132124654e-05,False
F0,2026,0,F0,75,0.00734961199375779,4.7537892564481495e-05,False
F0,2026,0,F0,76,0.006891965388647227,4.457779682545157e-05,False
F0,2026,0,F0,77,0.0066045709299324355,4.271890591888199e-05,False
F0,2026,0,F0,78,0.00651341230459643,4.2129284461146617e-05,False
F0,2026,0,F0,79,0.006341055903357343,4.101446913594805e-05,False
F0,2026,0,F0,80,0.006094155547660157,3.941749740557185e-05,False
F0,2026,0,F0,81,0.005575220983726648,3.606098612725957e-05,False
F0,2026,0,F0,82,0.00529693779780276,3.42610276796317e-05,False
F0,2026,0,F0,83,0.005118100808108285,3.3104295377318084e-05,False
F0,2026,0,F0,84,0.0047198221745574954,3.052819654263858e-05,False
F0,2026,0,F0,85,0.004483270622217438,2.899816172030323e-05,False
F0,2026,0,F0,86,0.004186738834518719,2.7080169821200547e-05,False
F0,2026,0,F0,87,0.004122582743057104,2.6665202965011463e-05,False
F0,2026,0,F0,88,0.004062252380782333,2.6274981238663164e-05,False
F0,2026,0,F0,89,0.0038331842741117037,2.4793349956072162e-05,False
F0,2026,0,F0,90,0.003687665158709993,2.3852120394576908e-05,False
F0,2026,0,F0,91,0.0035057938200315124,2.267576167441602e-05,False
F0,2026,0,F0,92,0.0033571287646064446,2.171418391508778e-05,False
F0,2026,0,F0,93,0.003297368296940095,2.1327648313760943e-05,False
F0,2026,0,F0,94,0.003108513694538252,2.0106121271665155e-05,False
F0,2026,0,F0,95,0.002976237889681009,1.925055052785928e-05,False
F0,2026,0,F0,96,0.002666387601057723,1.724641347352803e-05,False
F0,2026,0,F0,97,0.0025519616794903157,1.650629723736711e-05,False
F0,2026,0,F0,98,0.002517312708117685,1.6282184851573018e-05,False
F0,2026,0,F0,99,0.0024361430166036637,1.5757172636239355e-05,False
F0,2026,0,F0,100,0.002351805634421375,1.5211671538119292e-05,False
F0,2026,0,F0,101,0.002197768095754727,1.4215344116991272e-05,False
F0,2026,0,F0,102,0.0019341837408544645,1.251045891276973e-05,False
F0,2026,0,F0,103,0.0018074204150072036,1.1690543334864183e-05,False
F0,2026,0,F0,104,0.001741220500602398,1.126235686441835e-05,False
F0,2026,0,F0,105,0.0016921309557216574,1.0944841665988563e-05,False
F0,2026,0,F0,106,0.0015902408166825724,1.0285807898337436e-05,False
F0,2026,0,F0,107,0.0015157619582194587,9.804072539388988e-06,False
F0,2026,0,F0,108,0.0013961811973417124,9.03061438020816e-06,False
F0,2026,0,F0,109,0.0013165703174280255,8.515684686026345e-06,False
F0,2026,0,F0,110,0.0012415370426195685,8.030363316730234e-06,False
F0,2026,0,F0,111,0.0011929394015838376,7.716029792674006e-06,False
F0,2026,0,F0,112,0.0011083629815720987,7.168982578287548e-06,False
F0,2026,0,F0,113,0.0010297093261480083,6.660244290534424e-06,False
F0,2026,0,F0,114,0.0009846700434762191,6.368926519929488e-06,False
F0,2026,0,F0,115,0.0009475417096638747,6.128777414729309e-06,False
F0,2026,0,F0,116,0.000885630780540163,5.728332452498663e-06,False
F0,2026,0,F0,117,0.0008313047045347553,5.3769469417004955e-06,False
F0,2026,0,F0,118,0.000707050110477949,4.573258046568002e-06,False
F0,2026,0,F0,119,0.0006559339834996559,4.242634749083684e-06,False
F0,2026,0,F0,120,0.0006302676519176063,4.076622813445706e-06,False
F0,2026,0,F0,121,0.0005706438788350195,3.690971363886688e-06,False
F0,2026,0,F0,122,0.0005593949122879099,3.618212126578362e-06,False
F0,2026,0,F0,123,0.0005076749484016042,3.283683162497773e-06,False
F0,2026,0,F0,124,0.0004236479701796256,2.7401897826258773e-06,False
F0,2026,0,F0,125,0.00039774146375862835,2.5726243764509125e-06,False
F0,2026,0,F0,126,0.00035873652707391193,2.3203372501131846e-06,False
F0,2026,0,F0,127,0.0003015837121791196,1.950668160570242e-06,False
F0,2026,0,F0,128,0.00020792265487304897,1.3448607678162697e-06,False
F0,2026,0,F0,129,2.1358715353455112e-14,1.3814992092783283e-16,False
F0,2026,0,F0,130,1.77809818772641e-14,1.150088476630171e-16,False
F0,2026,0,F0,131,1.6538964283724952e-14,1.0697537610356521e-16,False
F0,2026,0,F0,132,1.59836235374665e-14,1.0338338665504259e-16,False
F0,2026,0,F0,133,1.5359016295117788e-14,9.934337583447292e-17,False
F0,2026,0,F0,134,1.4832336448718324e-14,9.593676743456281e-17,False
F0,2026,0,F0,135,1.4489129510787662e-14,9.371687683944167e-17,False
F0,2026,0,F0,136,1.2804899092269969e-14,8.282313649541714e-17,False
F0,2026,0,F0,137,1.2665307989344869e-14,8.192024980433101e-17,False
F0,2026,0,F0,138,1.2513476238321516e-14,8.093818959841056e-17,False
F0,2026,0,F0,139,1.2180182336584253e-14,7.878241733361077e-17,False
F0,2026,0,F0,140,1.200285208118673e-14,7.763543071218379e-17,False
F0,2026,0,F0,141,1.153925309494244e-14,7.463683448427387e-17,False
F0,2026,0,F0,142,1.1416533382778958e-14,7.38430733309876e-17,False
F0,2026,0,F0,143,1.1223753003648895e-14,7.259615404335604e-17,False
F0,2026,0,F0,144,1.1090507697190616e-14,7.173431248375876e-17,False
F0,2026,0,F0,145,1.0974325302495898e-14,7.098283523549414e-17,False
F0,2026,0,F0,146,1.0817692836427293e-14,6.996972361131546e-17,False
F0,2026,0,F0,147,1.0354818429349706e-14,6.6975814020824e-17,False
F0,2026,0,F0,148,1.0053117904240095e-14,6.502439030464831e-17,False
F0,2026,0,F0,149,9.944756787179021e-15,6.432350172095278e-17,False
F0,2026,0,F0,150,9.77930871641472e-15,6.325337004329768e-17,False
F0,2026,0,F0,151,9.45765463379294e-15,6.117288508224289e-17,False
F0,2026,0,F0,152,9.385574435414535e-15,6.070666445325603e-17,False
F0,2026,0,F0,153,9.216982968310013e-15,5.961620103051888e-17,False
F0,2026,0,F0,154,8.983765599088674e-15,5.810773197778097e-17,False
F0,2026,0,F0,155,8.828337574085114e-15,5.710241077709661e-17,False
F0,2026,0,F0,156,8.399263695821127e-15,5.432712577641048e-17,False
F0,2026,0,F0,157,8.143716902047983e-15,5.267422817611496e-17,False
F0,2026,0,F0,158,8.06093351840049e-15,5.213877846784449e-17,False
F0,2026,0,F0,159,7.826127062201535e-15,5.0620031070333864e-17,False
F0,2026,0,F0,160,7.663565823068248e-15,4.956857165620008e-17,False
F0,2026,0,F0,161,7.490871020941612e-15,4.845156752633404e-17,False
F0,2026,0,F0,162,7.170760392000502e-15,4.638106575014836e-17,False
F0,2026,0,F0,163,7.103622147615246e-15,4.5946810084507114e-17,False
F0,2026,0,F0,164,6.996364865995204e-15,4.5253061198886694e-17,False
F0,2026,0,F0,165,6.7710572330390635e-15,4.3795752968394604e-17,False
F0,2026,0,F0,166,6.4929352206034465e-15,4.1996837004094586e-17,False
F0,2026,0,F0,167,6.3322173432271375e-15,4.0957300604840385e-17,False
F0,2026,0,F0,168,6.274328774132086e-15,4.058287259684631e-17,False
F0,2026,0,F0,169,6.0001362840650085e-15,3.880937310519056e-17,False
F0,2026,0,F0,170,5.8651338201750435e-15,3.793616610735283e-17,False
F0,2026,0,F0,171,5.726605951345708e-15,3.7040156501513955e-17,False
F0,2026,0,F0,172,5.548412269832488e-15,3.5887585169226016e-17,False
F0,2026,0,F0,173,5.486754831672097e-15,3.548877980731586e-17,False
F0,2026,0,F0,174,5.4055194324675605e-15,3.496334258925619e-17,False
F0,2026,0,F0,175,5.081497229482599e-15,3.2867540431660913e-17,False
F0,2026,0,F0,176,4.9581702533645965e-15,3.2069851445360773e-17,False
F0,2026,0,F0,177,4.8499482812809975e-15,3.136986286278037e-17,False
F0,2026,0,F0,178,4.760152393316524e-15,3.078905570201966e-17,False
F0,2026,0,F0,179,4.646988109819354e-15,3.005709984426907e-17,False
F0,2026,0,F0,180,4.54064335884738e-15,2.936925328164836e-17,False
F0,2026,0,F0,181,4.211450397960452e-15,2.7240006238278244e-17,False
F0,2026,0,F0,182,4.094503422441992e-15,2.6483583618599904e-17,False
F0,2026,0,F0,183,3.907312986082298e-15,2.5272820538817815e-17,False
F0,2026,0,F0,184,3.8116238590834835e-15,2.465389542512173e-17,False
F0,2026,0,F0,185,3.745595454342381e-15,2.4226818293233334e-17,False
F0,2026,0,F0,186,3.4929800467771165e-15,2.2592881139112867e-17,False
F0,2026,0,F0,187,3.243190227496774e-15,2.0977220121533238e-17,False
F0,2026,0,F0,188,2.7664888385394405e-15,1.7893876479332846e-17,False
F0,2026,0,F0,189,2.685159628559575e-15,1.7367832485491993e-17,False
F0,2026,0,F0,190,2.2464855611944616e-15,1.453045267511038e-17,False
F0,2026,0,F0,191,1.638542368119757e-15,1.0598226290610232e-17,False
F0,2026,1,F0,0,55.81995306133852,0.42107345248439143,False
F0,2026,1,F0,1,45.633771389371404,0.3442347872935545,False
F0,2026,1,F0,2,11.162816642583625,0.0842058347483354,False
F0,2026,1,F0,3,5.1358714177205105,0.03874204456960223,False
F0,2026,1,F0,4,4.278450677816151,0.03227415824252991,False
F0,2026,1,F0,5,1.740774231602356,0.013131394340142268,False
F0,2026,1,F0,6,1.3674202960094373,0.010315028111994536,False
F0,2026,1,F0,7,1.0641448124505684,0.008027293208748022,False
F0,2026,1,F0,8,0.8067943141015835,0.006085989841485977,False
F0,2026,1,F0,9,0.6463884682927932,0.0048759808825180944,False
F0,2026,1,F0,10,0.5500390062089608,0.00414917624690559,False
F0,2026,1,F0,11,0.42712383437398904,0.0032219752564212256,False
F0,2026,1,F0,12,0.39883083463283125,0.0030085492245315523,False
F0,2026,1,F0,13,0.292129074441705,0.0022036528373836095,False
F0,2026,1,F0,14,0.27843049201012077,0.002100318651626218,False
F0,2026,1,F0,15,0.23573153810491076,0.001778222430610379,False
F0,2026,1,F0,16,0.2013376386309777,0.0015187747384925452,False
F0,2026,1,F0,17,0.19228242073741642,0.0014504674101569156,False
F0,2026,1,F0,18,0.17211196426279485,0.0012983131484608848,False
F0,2026,1,F0,19,0.15408999119977315,0.0011623658034337681,False
F0,2026,1,F0,20,0.1426544254580058,0.0010761025071764792,False
F0,2026,1,F0,21,0.12741077802460843,0.0009611132443553121,False
F0,2026,1,F0,22,0.11534787552259969,0.0008701176822859229,False
F0,2026,1,F0,23,0.09755215805993317,0.0007358770786937334,False
F0,2026,1,F0,24,0.095662831811933,0.0007216250938301736,False
F0,2026,1,F0,25,0.08500930180012733,0.0006412610229702846,False
F0,2026,1,F0,26,0.07571707045285925,0.0005711658021739087,False
F0,2026,1,F0,27,0.06671501282347443,0.0005032594841355677,False
F0,2026,1,F0,28,0.0650507792943696,0.0004907054686015452,False
F0,2026,1,F0,29,0.0601067419491426,0.0004534105093621692,False
F0,2026,1,F0,30,0.057442028124063155,0.0004333094489227933,False
F0,2026,1,F0,31,0.05645594077181384,0.0004258709760633384,False
F0,2026,1,F0,32,0.05039003315566332,0.00038011327613161054,False
F0,2026,1,F0,33,0.04739516160330406,0.0003575216966848584,False
F0,2026,1,F0,34,0.04550094734886164,0.00034323283952679596,False
F0,2026,1,F0,35,0.041958915810552715,0.0003165138014974119,False
F0,2026,1,F0,36,0.0377816337016609,0.00028500280044623725,False
F0,2026,1,F0,37,0.03578524143241346,0.00026994317142072676,False
F0,2026,1,F0,38,0.03432213275167879,0.000258906325458498,False
F0,2026,1,F0,39,0.03226715255188118,0.00024340474295868832,False
F0,2026,1,F0,40,0.031497576945367096,0.00023759950952851022,False
F0,2026,1,F0,41,0.029327746667749583,0.00022123156444447216,False
F0,2026,1,F0,42,0.02758422824552547,0.00020807946951688746,False
F0,2026,1,F0,43,0.025995212964644472,0.00019609285695854696,False
F0,2026,1,F0,44,0.024893068891429705,0.0001877789192966183,False
F0,2026,1,F0,45,0.023994982432648713,0.00018100427429803068,False
F0,2026,1,F0,46,0.02306907980946735,0.0001740198002376725,False
F0,2026,1,F0,47,0.02150019494625478,0.00016218503991142333,False
F0,2026,1,F0,48,0.020617181970524256,0.00015552410055393596,False
F0,2026,1,F0,49,0.019962291876292674,0.0001505839883207189,False
F0,2026,1,F0,50,0.019571719631175568,0.00014763773712062704,False
F0,2026,1,F0,51,0.018073527050903423,0.00013633623850473832,False
F0,2026,1,F0,52,0.01783525678656736,0.00013453886539125493,False
F0,2026,1,F0,53,0.01613547657432324,0.00012171670623164777,False
F0,2026,1,F0,54,0.01580926586498692,0.00011925596124559073,False
F0,2026,1,F0,55,0.014683803435580924,0.00011076612338652448,False
F0,2026,1,F0,56,0.014033919569576255,0.00010586377524460136,False
F0,2026,1,F0,57,0.012866999923852263,9.706120811494204e-05,False
F0,2026,1,F0,58,0.012278265357058381,9.262013493158781e-05,False
F0,2026,1,F0,59,0.011968707873877603,9.028501225525598e-05,False
F0,2026,1,F0,60,0.011682611849189013,8.81268692570828e-05,False
F0,2026,1,F0,61,0.010578143261368763,7.97953968009345e-05,False
F0,2026,1,F0,62,0.010519944478516655,7.935637883187604e-05,False
F0,2026,1,F0,63,0.009935301437441441,7.49461697529469e-05,False
F0,2026,1,F0,64,0.009554541246318821,7.207393501515628e-05,False
F0,2026,1,F0,65,0.00913337544658278,6.889690372728811e-05,False
F0,2026,1,F0,66,0.008522778090073645,6.429091029872648e-05,False
F0,2026,1,F0,67,0.007974816183309252,6.015740248911457e-05,False
F0,2026,1,F0,68,0.007895854107834936,5.9561758245222646e-05,False
F0,2026,1,F0,69,0.007456639231514456,5.624857515903224e-05,False
F0,2026,1,F0,70,0.0071610766838406436,5.401902218471609e-05,False
F0,2026,1,F0,71,0.007077436804744722,5.3388091294867504e-05,False
F0,2026,1,F0,72,0.0066649011314487555,5.0276160691184904e-05,False
F0,2026,1,F0,73,0.006403677352684018,4.830563953588014e-05,False
F0,2026,1,F0,74,0.006096048051647139,4.598506195082523e-05,False
F0,2026,1,F0,75,0.005989765715725571,4.51833294578684e-05,False
F0,2026,1,F0,76,0.005787372159190948,4.365658948521058e-05,False
F0,2026,1,F0,77,0.005204182025736623,3.9257340301346124e-05,False
F0,2026,1,F0,78,0.004824322210950902,3.639189748207068e-05,False
F0,2026,1,F0,79,0.0045304218580780615,3.417488314430226e-05,False
F0,2026,1,F0,80,0.004414481668179223,3.330029738482027e-05,False
F0,2026,1,F0,81,0.004213334940030298,3.1782962764625654e-05,False
F0,2026,1,F0,82,0.003993096552678642,3.0121611705626167e-05,False
F0,2026,1,F0,83,0.0038581086395240182,2.9103340934720616e-05,False
F0,2026,1,F0,84,0.003829871774385921,2.88903383498211e-05,False
F0,2026,1,F0,85,0.0036345633106274425,2.7417044220679942e-05,False
F0,2026,1,F0,86,0.0035402244318412743,2.6705406263006498e-05,False
F0,2026,1,F0,87,0.0033433950116732334,2.522063891808264e-05,False
F0,2026,1,F0,88,0.0030425062230476393,2.2950907861497854e-05,False
F0,2026,1,F0,89,0.002938164768748806,2.2163816257343815e-05,False
F0,2026,1,F0,90,0.0028439038927650143,2.1452766707712635e-05,False
F0,2026,1,F0,91,0.0027595967617478653,2.081680245515521e-05,False
F0,2026,1,F0,92,0.0026237117610092703,1.979176457418512e-05,False
F0,2026,1,F0,93,0.0023734926915406655,1.790425658321995e-05,False
F0,2026,1,F0,94,0.0022248011274295476,1.678261339253556e-05,False
F0,2026,1,F0,95,0.0021740519707443623,1.639979109613161e-05,False
F0,2026,1,F0,96,0.002065367324485577,1.5579936962934063e-05,False
F0,2026,1,F0,97,0.0020247933008376785,1.5273869987208906e-05,False
F0,2026,1,F0,98,0.0019297011545391977,1.4556549814939094e-05,False
F0,2026,1,F0,99,0.0017534160087777243,1.3226756598059633e-05,False
F0,2026,1,F0,100,0.0016522232384886604,1.2463416845601335e-05,False
F0,2026,1,F0,101,0.0015417796882235412,1.1630294557525156e-05,False
F0,2026,1,F0,102,0.0014550782546553828,1.0976269070836309e-05,False
F0,2026,1,F0,103,0.0014059161142649314,1.0605418307794959e-05,False
F0,2026,1,F0,104,0.001369841900716011,1.033329529780225e-05,False
F0,2026,1,F0,105,0.0012167613059487475,9.178543797452815e-06,False
F0,2026,1,F0,106,0.0011994552974816898,9.047997275388553e-06,False
F0,2026,1,F0,107,0.0011081131177826658,8.358964683027655e-06,False
F0,2026,1,F0,108,0.0010368512707628445,7.821406510557004e-06,False
F0,2026,1,F0,109,0.0010025668774370795,7.562784869507804e-06,False
F0,2026,1,F0,110,0.000929727034197291,7.013323205903458e-06,False
F0,2026,1,F0,111,0.0008126659701514812,6.13028221991228e-06,False
F0,2026,1,F0,112,0.0007871430921135706,5.93775238455123e-06,False
F0,2026,1,F0,113,0.0007777371317649718,5.8667992579234875e-06,False
F0,2026,1,F0,114,0.0007410048743400759,5.589712345391507e-06,False
F0,2026,1,F0,115,0.0006259366650615105,4.721704303556007e-06,False
F0,2026,1,F0,116,0.0005983477278804603,4.513589312552085e-06,False
F0,2026,1,F0,117,0.0005516997240483307,4.161703742108918e-06,False
F0,2026,1,F0,118,0.0005204486113161264,3.9259634161063455e-06,False
F0,2026,1,F0,119,0.00046002271939229094,3.4701454238579666e-06,False
F0,2026,1,F0,120,0.0004365135233248407,3.2928056410319938e-06,False
F0,2026,1,F0,121,0.0003922058239220931,2.958573974110772e-06,False
F0,2026,1,F0,122,0.00036546880131202664,2.756885334079086e-06,False
F0,2026,1,F0,123,0.00030792299659633884,2.322793054549566e-06,False
F0,2026,1,F0,124,0.0002944338764407315,2.2210389310973854e-06,False
F0,2026,1,F0,125,0.0002790076657381119,2.104672516525772e-06,False
F0,2026,1,F0,126,0.00025489529917883025,1.922782764244378e-06,False
F0,2026,1,F0,127,0.0002138575472001658,1.6132176901056353e-06,False
F0,2026,1,F0,128,0.000204992620682195,1.546345809886736e-06,False
F0,2026,1,F0,129,2.1584285123245064e-14,1.6281936758823835e-16,False
F0,2026,1,F0,130,1.974337813209856e-14,1.4893262960383125e-16,False
F0,2026,1,F0,131,1.810858503163966e-14,1.3660069564194724e-16,False
F0,2026,1,F0,132,1.7785304755828146e-14,1.3416205615211323e-16,False
F0,2026,1,F0,133,1.665811441200907e-14,1.2565918390574262e-16,False
F0,2026,1,F0,134,1.5646487748201575e-14,1.1802805724595114e-16,False
F0,2026,1,F0,135,1.5370776709413254e-14,1.159482525771245e-16,False
F0,2026,1,F0,136,1.5259644845650892e-14,1.151099380499872e-16,False
F0,2026,1,F0,137,1.4815023990021585e-14,1.1175597538146488e-16,False
F0,2026,1,F0,138,1.4335516821041096e-14,1.0813885053523361e-16,False
F0,2026,1,F0,139,1.4139024214729918e-14,1.0665662391931033e-16,False
F0,2026,1,F0,140,1.3453647003871646e-14,1.0148653450499123e-16,False
F0,2026,1,F0,141,1.3077926455349705e-14,9.865231591721105e-17,False
F0,2026,1,F0,142,1.2578106262037861e-14,9.488196135980097e-17,False
F0,2026,1,F0,143,1.2476377548092531e-14,9.411457875826623e-17,False
F0,2026,1,F0,144,1.2350321911084729e-14,9.316368791424011e-17,False
F0,2026,1,F0,145,1.1987650107844655e-14,9.042790151647606e-17,False
F0,2026,1,F0,146,1.1949311428521567e-14,9.013869668592872e-17,False
F0,2026,1,F0,147,1.1497326477597254e-14,8.67291835401983e-17,False
F0,2026,1,F0,148,1.1157243571458194e-14,8.416379472194649e-17,False
F0,2026,1,F0,149,1.0817256054694544e-14,8.159912546599151e-17,False
F0,2026,1,F0,150,1.0543249704265673e-14,7.953217998054924e-17,False
F0,2026,1,F0,151,1.047962737350025e-14,7.90522499017643e-17,False
F0,2026,1,F0,152,1.024622628961633e-14,7.729160707039884e-17,False
F0,2026,1,F0,153,9.931519585517069e-15,7.491764164858195e-17,False
F0,2026,1,F0,154,9.611891899655495e-15,7.250655518551315e-17,False
F0,2026,1,F0,155,9.421464609415991e-15,7.107008180725208e-17,False
F0,2026,1,F0,156,9.16577664744133e-15,6.914131965316963e-17,False
F0,2026,1,F0,157,8.970041751507435e-15,6.766480876624733e-17,False
F0,2026,1,F0,158,8.588495586532171e-15,6.47866450961387e-17,False
F0,2026,1,F0,159,8.538925397686528e-15,6.441271625147268e-17,False
F0,2026,1,F0,160,8.276621517671793e-15,6.243404743681983e-17,False
F0,2026,1,F0,161,8.254439978423236e-15,6.226672272942453e-17,False
F0,2026,1,F0,162,8.124553172130344e-15,6.128693175937802e-17,False
F0,2026,1,F0,163,7.729654158264512e-15,5.830804191745273e-17,False
F0,2026,1,F0,164,7.597294826278558e-15,5.730959964311743e-17,False
F0,2026,1,F0,165,7.348658042270945e-15,5.543402749884032e-17,False
F0,2026,1,F0,166,7.258508501931323e-15,5.4753991488258715e-17,False
F0,2026,1,F0,167,7.156055783121164e-15,5.398114741262144e-17,False
F0,2026,1,F0,168,7.024118696089378e-15,5.298589031009109e-17,False
F0,2026,1,F0,169,6.8319277799778695e-15,5.153611315792681e-17,False
F0,2026,1,F0,170,6.80480036890435e-15,5.1331479653037655e-17,False
F0,2026,1,F0,171,6.610465759230318e-15,4.986553171605655e-17,False
F0,2026,1,F0,172,6.2777904224099e-15,4.73560213179118e-17,False
F0,2026,1,F0,173,6.125696109347257e-15,4.6208709756503735e-17,False
F0,2026,1,F0,174,5.9380583275404836e-15,4.4793278817049687e-17,False
F0,2026,1,F0,175,5.8212793994433e-15,4.3912366101532465e-17,False
F0,2026,1,F0,176,5.749243517817623e-15,4.3368969059518664e-17,False
F0,2026,1,F0,177,5.488847478753197e-15,4.140469189393896e-17,False
F0,2026,1,F0,178,5.3512848837749065e-15,4.036699921195891e-17,False
F0,2026,1,F0,179,5.196273090278645e-15,3.9197679864958667e-17,False
F0,2026,1,F0,180,4.930586331371176e-15,3.719349256781741e-17,False
F0,2026,1,F0,181,4.857274099425953e-15,3.664046747694014e-17,False
F0,2026,1,F0,182,4.716410961721718e-15,3.557787740890965e-17,False
F0,2026,1,F0,183,4.53689286305296e-15,3.422369666449333e-17,False
F0,2026,1,F0,184,4.4206479532177464e-15,3.334681227399118e-17,False
F0,2026,1,F0,185,4.153874406224292e-15,3.133442687587728e-17,False
F0,2026,1,F0,186,3.787917574956135e-15,2.8573860125973324e-17,False
F0,2026,1,F0,187,3.712576232432642e-15,2.800552859806402e-17,False
F0,2026,1,F0,188,3.561031242764255e-15,2.6862360814740036e-17,False
F0,2026,1,F0,189,3.32631674009401e-15,2.5091810311429613e-17,False
F0,2026,1,F0,190,2.2200827506710783e-15,1.674702068629255e-17,False
F0,2026,1,F0,191,3.016132092348149e-17,2.2751956668226412e-19,False
F0,2026,2,F0,0,62.23825307992086,0.47531402858139415,False
F0,2026,2,F0,1,33.83734983868963,0.25841610701529044,False
F0,2026,2,F0,2,19.10066993304772,0.14587196659941928,False
F0,2026,2,F0,3,3.2263750195238132,0.024639851415414887,False
F0,2026,2,F0,4,2.793353802567164,0.02133286497367486,False
F0,2026,2,F0,5,1.974937701931609,0.015082614772252334,False
F0,2026,2,F0,6,1.3888896686325545,0.010606961329796638,False
F0,2026,2,F0,7,0.9310648962278106,0.007110549939897528,False
F0,2026,2,F0,8,0.7880285881482431,0.006018180529409647,False
F0,2026,2,F0,9,0.671493506640386,0.005128201194812438,False
F0,2026,2,F0,10,0.5075286869065445,0.003876000576115166,False
F0,2026,2,F0,11,0.34411797604072475,0.002628031691203768,False
F0,2026,2,F0,12,0.317415587297404,0.002424105338225379,False
F0,2026,2,F0,13,0.27632454937195305,0.0021102927582055515,False
F0,2026,2,F0,14,0.24368740011632373,0.0018610425924885747,False
F0,2026,2,F0,15,0.17904479604398682,0.0013673665164560505,False
F0,2026,2,F0,16,0.1561271738371143,0.0011923444553023242,False
F0,2026,2,F0,17,0.15276277283834694,0.0011666504983971731,False
F0,2026,2,F0,18,0.1415558466275043,0.0010810631147273612,False
F0,2026,2,F0,19,0.12341426408292752,0.000942515706061635,False
F0,2026,2,F0,20,0.10522745871019716,0.0008036229303013999,False
F0,2026,2,F0,21,0.0971049724409373,0.0007415914387397496,False
F0,2026,2,F0,22,0.08575265256519732,0.0006548936825068804,False
F0,2026,2,F0,23,0.07912194627063208,0.0006042549263521612,False
F0,2026,2,F0,24,0.07692984848044185,0.0005875138582768453,False
F0,2026,2,F0,25,0.07128120667768008,0.0005443751363747978,False
F0,2026,2,F0,26,0.06438642723808624,0.0004917196515332608,False
F0,2026,2,F0,27,0.0565267642741762,0.0004316953436229654,False
F0,2026,2,F0,28,0.05165327086419868,0.0003944764360969664,False
F0,2026,2,F0,29,0.0514888043175262,0.0003932204037856902,False
F0,2026,2,F0,30,0.043433224562534685,0.00033169987780005624,False
F0,2026,2,F0,31,0.042986891357254024,0.0003282912275987215,False
F0,2026,2,F0,32,0.040775458537699066,0.00031140249775198206,False
F0,2026,2,F0,33,0.03800998469628322,0.0002902825522610329,False
F0,2026,2,F0,34,0.03573138672823859,0.00027288088164669356,False
F0,2026,2,F0,35,0.031808428342198034,0.00024292121757913532,False
F0,2026,2,F0,36,0.029938797154906285,0.0002286428294879414,False
F0,2026,2,F0,37,0.027985276581431937,0.00021372377749426824,False
F0,2026,2,F0,38,0.02704941509993748,0.00020657659599494058,False
F0,2026,2,F0,39,0.025813007458831753,0.00019713414110938762,False
F0,2026,2,F0,40,0.023096945344757574,0.00017639155336901305,False
F0,2026,2,F0,41,0.021999788811803467,0.00016801256029230898,False
F0,2026,2,F0,42,0.021556060470767476,0.00016462380345971082,False
F0,2026,2,F0,43,0.020675064721883678,0.00015789563199211968,False
F0,2026,2,F0,44,0.01826575002153621,0.00013949567666445345,False
F0,2026,2,F0,45,0.01781073557334167,0.00013602072774266468,False
F0,2026,2,F0,46,0.016333174654923798,0.00012473658338042198,False
F0,2026,2,F0,47,0.015747901116708714,0.00012026684476301777,False
F0,2026,2,F0,48,0.014278664336945544,0.00010904627191319133,False
F0,2026,2,F0,49,0.013801051007892862,0.00010539873516043757,False
F0,2026,2,F0,50,0.013769525497682842,0.00010515797459086043,False
F0,2026,2,F0,51,0.012750979069671544,9.737932750425979e-05,False
F0,2026,2,F0,52,0.012069830603865763,9.217739131031748e-05,False
F0,2026,2,F0,53,0.01168156736571419,8.92122219049535e-05,False
F0,2026,2,F0,54,0.011057214783250982,8.444403631907746e-05,False
F0,2026,2,F0,55,0.01058864957625073,8.086560014564609e-05,False
F0,2026,2,F0,56,0.009996889826763099,7.63463262817075e-05,False
F0,2026,2,F0,57,0.009201231226406167,7.026987528901251e-05,False
F0,2026,2,F0,58,0.009066525899606756,6.924112964812533e-05,False
F0,2026,2,F0,59,0.00863480833717484,6.594409922625035e-05,False
F0,2026,2,F0,60,0.008130623680768462,6.209363703738221e-05,False
F0,2026,2,F0,61,0.007987935725479614,6.1003927999898556e-05,False
F0,2026,2,F0,62,0.007555640357902776,5.7702484875584525e-05,False
F0,2026,2,F0,63,0.007220089673440936,5.513988165759259e-05,False
F0,2026,2,F0,64,0.007061303552455961,5.392723080199636e-05,False
F0,2026,2,F0,65,0.00694201639467023,5.301623383920641e-05,False
F0,2026,2,F0,66,0.006515543019963182,4.975925332025757e-05,False
F0,2026,2,F0,67,0.006068319380157092,4.634380286344444e-05,False
F0,2026,2,F0,68,0.0057296288459632826,4.375722058833909e-05,False
F0,2026,2,F0,69,0.005674786838957498,4.3338391749233744e-05,False
F0,2026,2,F0,70,0.00522067568673572,3.987034130589783e-05,False
F0,2026,2,F0,71,0.0050887798422733456,3.886305170372901e-05,False
F0,2026,2,F0,72,0.004761760550493178,3.6365602798788385e-05,False
F0,2026,2,F0,73,0.004439170910286612,3.3901983177776354e-05,False
F0,2026,2,F0,74,0.0043629177024024504,3.331963682905841e-05,False
F0,2026,2,F0,75,0.0042622882091516295,3.255112859715588e-05,False
F0,2026,2,F0,76,0.004102119415034439,3.1327918255967385e-05,False
F0,2026,2,F0,77,0.003915562124884445,2.9903178762901036e-05,False
F0,2026,2,F0,78,0.003777178382251483,2.88463410313442e-05,False
F0,2026,2,F0,79,0.003525393081994096,2.6923454711748502e-05,False
F0,2026,2,F0,80,0.003194099679942008,2.4393364393024315e-05,False
F0,2026,2,F0,81,0.003159609621181038,2.4129963542832804e-05,False
F0,2026,2,F0,82,0.0029951805217590445,2.2874217216503273e-05,False
F0,2026,2,F0,83,0.002930396731659325,2.2379462901668508e-05,False
F0,2026,2,F0,84,0.0028471755331968066,2.1743901954066124e-05,False
F0,2026,2,F0,85,0.002582510496979463,1.9722652989581754e-05,False
F0,2026,2,F0,86,0.002448045738804258,1.8695744573170897e-05,False
F0,2026,2,F0,87,0.0023926285128811576,1.8272522782667075e-05,False
F0,2026,2,F0,88,0.0022492852897576525,1.7177809459573248e-05,False
F0,2026,2,F0,89,0.0021668465612530792,1.6548224241197667e-05,False
F0,2026,2,F0,90,0.0021273126679703038,1.6246303587068556e-05,False
F0,2026,2,F0,91,0.002008676750859744,1.53402801544401e-05,False
F0,2026,2,F0,92,0.0018814984188780777,1.4369018232212885e-05,False
F0,2026,2,F0,93,0.0018420870941837002,1.4068033635357972e-05,False
F0,2026,2,F0,94,0.0017724394494246726,1.3536134024211926e-05,False
F0,2026,2,F0,95,0.0016823831867188365,1.2848373637191922e-05,False
F0,2026,2,F0,96,0.00149250357646622,1.1398261559355451e-05,False
F0,2026,2,F0,97,0.0014625175834864423,1.116925829498154e-05,False
F0,2026,2,F0,98,0.001424868648225663,1.0881733080100878e-05,False
F0,2026,2,F0,99,0.0013214299770594293,1.0091771134350341e-05,False
F0,2026,2,F0,100,0.001275749998028018,9.742912774989699e-06,False
F0,2026,2,F0,101,0.0012562046635542392,9.593644901793242e-06,False
F0,2026,2,F0,102,0.0011834963107680864,9.038370639356514e-06,False
F0,2026,2,F0,103,0.001055798204656554,8.063139198008931e-06,False
F0,2026,2,F0,104,0.0009886796300666585,7.550554115648123e-06,False
F0,2026,2,F0,105,0.0009382085635202947,7.1651061832303145e-06,False
F0,2026,2,F0,106,0.0008863886133297521,6.769356815806306e-06,False
F0,2026,2,F0,107,0.000828414457627951,6.326607732459716e-06,False
F0,2026,2,F0,108,0.0007716167760470218,5.892843391232981e-06,False
F0,2026,2,F0,109,0.0007406397890454499,5.656271897715584e-06,False
F0,2026,2,F0,110,0.0007167669264325944,5.4739546580636995e-06,False
F0,2026,2,F0,111,0.0006686438190200474,5.1064381080291e-06,False
F0,2026,2,F0,112,0.0006101196826509343,4.659488817997943e-06,False
F0,2026,2,F0,113,0.0005500327186567248,4.2006042010945996e-06,False
F0,2026,2,F0,114,0.0005255717362968766,4.013795486306477e-06,False
F0,2026,2,F0,115,0.0004968103856715081,3.794144825231025e-06,False
F0,2026,2,F0,116,0.00045432158115344984,3.4696574907431454e-06,False
F0,2026,2,F0,117,0.00043339468219785146,3.3098385987262313e-06,False
F0,2026,2,F0,118,0.00042181977978610855,3.221440977914201e-06,False
F0,2026,2,F0,119,0.0003485512324637526,2.6618885053958032e-06,False
F0,2026,2,F0,120,0.0003320189708172981,2.535631493094262e-06,False
F0,2026,2,F0,121,0.00029816222758188317,2.2770672785555565e-06,False
F0,2026,2,F0,122,0.0002820465536774112,2.1539917501180484e-06,False
F0,2026,2,F0,123,0.00024932745166555894,1.9041157105568354e-06,False
F0,2026,2,F0,124,0.00022394106245747148,1.7102396563858333e-06,False
F0,2026,2,F0,125,0.0002057389261938912,1.5712297984915245e-06,False
F0,2026,2,F0,126,0.00017755447374101662,1.3559849132995505e-06,False
F0,2026,2,F0,127,0.0001617381045478543,1.2351951772978183e-06,False
F0,2026,2,F0,128,0.00014657255813551307,1.1193757799951398e-06,False
F0,2026,2,F0,129,1.9530946744096362e-14,1.4915799399164161e-16,False
F0,2026,2,F0,130,1.94501626972348e-14,1.4854104558999593e-16,False
F0,2026,2,F0,131,1.8281779673640668e-14,1.3961809524372724e-16,False
F0,2026,2,F0,132,1.6100710860434328e-14,1.2296125555243456e-16,False
F0,2026,2,F0,133,1.5654387311349207e-14,1.195526790955411e-16,False
F0,2026,2,F0,134,1.5311594958345613e-14,1.1693477119790445e-16,False
F0,2026,2,F0,135,1.4025459112384048e-14,1.0711254162051047e-16,False
F0,2026,2,F0,136,1.3918211486820727e-14,1.062934906600532e-16,False
F0,2026,2,F0,137,1.3790724780299225e-14,1.0531987367903839e-16,False
F0,2026,2,F0,138,1.3045813332767146e-14,9.96309790918428e-17,False
F0,2026,2,F0,139,1.265996753544579e-14,9.668427170112427e-17,False
F0,2026,2,F0,140,1.2458176532141596e-14,9.51431922208112e-17,False
F0,2026,2,F0,141,1.2204832560981223e-14,9.320840231926278e-17,False
F0,2026,2,F0,142,1.192328254810464e-14,9.105820265514839e-17,False
F0,2026,2,F0,143,1.1804758179342165e-14,9.015303111813213e-17,False
F0,2026,2,F0,144,1.1499922137923734e-14,8.782499587078448e-17,False
F0,2026,2,F0,145,1.129079462867519e-14,8.62278874368367e-17,False
F0,2026,2,F0,146,1.1012688264807758e-14,8.410398694730643e-17,False
F0,2026,2,F0,147,1.086439822972501e-14,8.297149478234886e-17,False
F0,2026,2,F0,148,1.0502330802495864e-14,8.020638299115838e-17,False
F0,2026,2,F0,149,1.0192741802891984e-14,7.784204936474306e-17,False
F0,2026,2,F0,150,9.841765862948069e-15,7.516164334923901e-17,False
F0,2026,2,F0,151,9.702909448145968e-15,7.410119581660657e-17,False
F0,2026,2,F0,152,9.354018102121564e-15,7.14367098612714e-17,False
F0,2026,2,F0,153,9.262523976574933e-15,7.073796850442038e-17,False
F0,2026,2,F0,154,9.115533836332415e-15,6.96154036465877e-17,False
F0,2026,2,F0,155,8.983584540173379e-15,6.860770583339081e-17,False
F0,2026,2,F0,156,8.648771314731749e-15,6.605073459573997e-17,False
F0,2026,2,F0,157,8.524256474619592e-15,6.509981378188166e-17,False
F0,2026,2,F0,158,8.445155590783938e-15,6.449571970951119e-17,False
F0,2026,2,F0,159,8.17932647008613e-15,6.246558062268827e-17,False
F0,2026,2,F0,160,8.019662757269632e-15,6.124622759136811e-17,False
F0,2026,2,F0,161,7.92053242175732e-15,6.048916843891282e-17,False
F0,2026,2,F0,162,7.71368292205999e-15,5.890945718183542e-17,False
F0,2026,2,F0,163,7.370122215974908e-15,5.628568136566857e-17,False
F0,2026,2,F0,164,7.345481865151083e-15,5.609750281250944e-17,False
F0,2026,2,F0,165,7.110661981627352e-15,5.4304181514025133e-17,False
F0,2026,2,F0,166,6.980103431121253e-15,5.330710483632478e-17,False
F0,2026,2,F0,167,6.931026412131849e-15,5.293230325607052e-17,False
F0,2026,2,F0,168,6.734700471201891e-15,5.1432960500119086e-17,False
F0,2026,2,F0,169,6.525054503127377e-15,4.983189259203714e-17,False
F0,2026,2,F0,170,6.3601067682644615e-15,4.8572185442763665e-17,False
F0,2026,2,F0,171,6.28354076173218e-15,4.7987450248308325e-17,False
F0,2026,2,F0,172,5.953846582072063e-15,4.5469573203577374e-17,False
F0,2026,2,F0,173,5.732237016281756e-15,4.3777139205587366e-17,False
F0,2026,2,F0,174,5.699740360891777e-15,4.352896199262804e-17,False
F0,2026,2,F0,175,5.397758486136199e-15,4.122272403854666e-17,False
F0,2026,2,F0,176,5.203007424132124e-15,3.9735408645346366e-17,False
F0,2026,2,F0,177,5.026897790004838e-15,3.839045798354765e-17,False
F0,2026,2,F0,178,4.977609314508807e-15,3.801404150828813e-17,False
F0,2026,2,F0,179,4.902339703551435e-15,3.74392068970409e-17,False
F0,2026,2,F0,180,4.8295365132403004e-15,3.688320835967952e-17,False
F0,2026,2,F0,181,4.586336295531496e-15,3.502588638307126e-17,False
F0,2026,2,F0,182,4.304561346267918e-15,3.287396887799916e-17,False
F0,2026,2,F0,183,4.121341371508604e-15,3.1474716488835834e-17,False
F0,2026,2,F0,184,3.995244032026911e-15,3.0511710114838243e-17,False
F0,2026,2,F0,185,3.921268929647194e-15,2.9946761675786246e-17,False
F0,2026,2,F0,186,3.81143181425276e-15,2.9107934761109704e-17,False
F0,2026,2,F0,187,3.472448150038688e-15,2.65191138497327e-17,False
F0,2026,2,F0,188,3.407990067830627e-15,2.6026846968629825e-17,False
F0,2026,2,F0,189,3.041280388870574e-15,2.3226282264436265e-17,False
F0,2026,2,F0,190,2.6017211214578305e-15,1.9869364679909115e-17,False
F0,2026,2,F0,191,1.8453813132784016e-15,1.4093191612509446e-17,False
F0,2026,3,F0,0,77.69274698280302,0.5066591484043723,False
F0,2026,3,F0,1,41.38282727413683,0.2698705971861229,False
F0,2026,3,F0,2,15.590819936381553,0.10167270251934137,False
F0,2026,3,F0,3,3.9976067810817715,0.026069667066949687,False
F0,2026,3,F0,4,2.4989889488657844,0.016296702869632477,False
F0,2026,3,F0,5,2.4058766860108807,0.0156894881470727,False
F0,2026,3,F0,6,1.3638342268851558,0.008893997378047637,False
F0,2026,3,F0,7,1.1567028143835296,0.007543227465264172,False
F0,2026,3,F0,8,0.9006663397100183,0.005873532065676195,False
F0,2026,3,F0,9,0.762330267961386,0.004971398481426919,False
F0,2026,3,F0,10,0.7113401326444102,0.0046388755685423866,False
F0,2026,3,F0,11,0.6346620337278949,0.0041388332633461615,False
F0,2026,3,F0,12,0.5384130840609826,0.0035111632070428736,False
F0,2026,3,F0,13,0.46621562135075795,0.003040340557641436,False
F0,2026,3,F0,14,0.34706287377025624,0.002263307540228102,False
F0,2026,3,F0,15,0.28378189213713967,0.001850632103851469,False
F0,2026,3,F0,16,0.2068542492662293,0.0013489624430482756,False
F0,2026,3,F0,17,0.20008653624949188,0.0013048280309330192,False
F0,2026,3,F0,18,0.17821119322267456,0.0011621719517050052,False
F0,2026,3,F0,19,0.16654440906158627,0.0010860891362913217,False
F0,2026,3,F0,20,0.1469658698195831,0.0009584112460816914,False
F0,2026,3,F0,21,0.14151342622691693,0.000922854124797325,False
F0,2026,3,F0,22,0.12758986611620907,0.000832054154627525,False
F0,2026,3,F0,23,0.10478384646046375,0.0006833288366794941,False
F0,2026,3,F0,24,0.09853572671809739,0.0006425828577981374,False
F0,2026,3,F0,25,0.08716655149494196,0.0005684408450578871,False
F0,2026,3,F0,26,0.07540483769584308,0.0004917389632394153,False
F0,2026,3,F0,27,0.06506221306851229,0.00042429141389340743,False
F0,2026,3,F0,28,0.05796812120058753,0.0003780285813370979,False
F0,2026,3,F0,29,0.0550496444631978,0.0003589962649906164,False
F0,2026,3,F0,30,0.05295298517924772,0.0003453232820088794,False
F0,2026,3,F0,31,0.04935365383263288,0.00032185089590178634,False
F0,2026,3,F0,32,0.04281833615558077,0.00027923200781510075,False
F0,2026,3,F0,33,0.038821683743364616,0.00025316856449149257,False
F0,2026,3,F0,34,0.03735544111323479,0.0002436067292985601,False
F0,2026,3,F0,35,0.033874652827274025,0.00022090740024624642,False
F0,2026,3,F0,36,0.03188759538203252,0.0002079491657631811,False
F0,2026,3,F0,37,0.030913933404766728,0.00020159960589571498,False
F0,2026,3,F0,38,0.030347640121284613,0.00019790662702833537,False
F0,2026,3,F0,39,0.028093944027434283,0.00018320955699263158,False
F0,2026,3,F0,40,0.027979219882047504,0.00018246140430064412,False
F0,2026,3,F0,41,0.025859485838609877,0.00016863794346292158,False
F0,2026,3,F0,42,0.02405500978476296,0.00015687038038575909,False
F0,2026,3,F0,43,0.02351467208729906,0.0001533466661617217,False
F0,2026,3,F0,44,0.02231749361224648,0.00014553948402163796,False
F0,2026,3,F0,45,0.02096756836518496,0.00013673619153106427,False
F0,2026,3,F0,46,0.019569568321787068,0.00012761938798164113,False
F0,2026,3,F0,47,0.018669025251724418,0.00012174665979659711,False
F0,2026,3,F0,48,0.01717170886214613,0.000111982182721233,False
F0,2026,3,F0,49,0.016631096304471776,0.00010845667604621961,False
F0,2026,3,F0,50,0.015655045321352132,0.00010209153671067636,False
F0,2026,3,F0,51,0.01488227913196421,9.705208226176056e-05,False
F0,2026,3,F0,52,0.01405036693857634,9.162691788261449e-05,False
F0,2026,3,F0,53,0.012643503216275529,8.245231145996206e-05,False
F0,2026,3,F0,54,0.012448984640048963,8.118379386974739e-05,False
F0,2026,3,F0,55,0.01189059193728331,7.754233720557405e-05,False
F0,2026,3,F0,56,0.011468057524216051,7.478685571972075e-05,False
F0,2026,3,F0,57,0.010550658365816543,6.88042036139268e-05,False
F0,2026,3,F0,58,0.010119445160588882,6.599212496017903e-05,False
F0,2026,3,F0,59,0.009721943900879175,6.339989264049077e-05,False
F0,2026,3,F0,60,0.009155530645037107,5.9706131395140394e-05,False
F0,2026,3,F0,61,0.008701376124669508,5.674444511850023e-05,False
F0,2026,3,F0,62,0.008085033022274193,5.2725075440998156e-05,False
F0,2026,3,F0,63,0.007764110561200701,5.063223785775089e-05,False
F0,2026,3,F0,64,0.007510292438727009,4.8977009039408526e-05,False
F0,2026,3,F0,65,0.007122294903969993,4.644675353709634e-05,False
F0,2026,3,F0,66,0.006689296168102544,4.3623030869350654e-05,False
F0,2026,3,F0,67,0.006443426772965476,4.2019638233659464e-05,False
F0,2026,3,F0,68,0.006157396840197665,4.015434594084896e-05,False
F0,2026,3,F0,69,0.005942267103152313,3.8751416406229975e-05,False
F0,2026,3,F0,70,0.0055914599278785405,3.646369108332828e-05,False
F0,2026,3,F0,71,0.005423469493890644,3.5368171957930016e-05,False
F0,2026,3,F0,72,0.004957132771045984,3.232704165887573e-05,False
F0,2026,3,F0,73,0.004703529800581114,3.067321591530933e-05,False
F0,2026,3,F0,74,0.004552867120818007,2.969069659414293e-05,False
F0,2026,3,F0,75,0.004275567626675242,2.7882338272272357e-05,False
F0,2026,3,F0,76,0.004049194117383455,2.640608451766547e-05,False
F0,2026,3,F0,77,0.0039567371739509805,2.5803143341780188e-05,False
F0,2026,3,F0,78,0.0038366419732948224,2.5019964287686893e-05,False
F0,2026,3,F0,79,0.0035768059849763728,2.3325491049465905e-05,False
F0,2026,3,F0,80,0.0035007548120428544,2.282953712828226e-05,False
F0,2026,3,F0,81,0.0032779560589201577,2.137659549722257e-05,False
F0,2026,3,F0,82,0.0031617426320146714,2.0618730726111823e-05,False
F0,2026,3,F0,83,0.003060546953279614,1.995880147400988e-05,False
F0,2026,3,F0,84,0.0027279174546000528,1.7789618569813388e-05,False
F0,2026,3,F0,85,0.002626908613397385,1.7130907744768367e-05,False
F0,2026,3,F0,86,0.002584349082955787,1.6853363491444402e-05,False
F0,2026,3,F0,87,0.0024767245620204554,1.615150971175254e-05,False
F0,2026,3,F0,88,0.0023492559175413608,1.5320246082030027e-05,False
F0,2026,3,F0,89,0.002278000886570071,1.4855569330164992e-05,False
F0,2026,3,F0,90,0.0022063704747292234,1.438844460008985e-05,False
F0,2026,3,F0,91,0.0020044698947420717,1.3071786612166192e-05,False
F0,2026,3,F0,92,0.0019389166837886218,1.2644293244681082e-05,False
F0,2026,3,F0,93,0.001859438197757003,1.2125988723177138e-05,False
F0,2026,3,F0,94,0.0017949473495669326,1.1705423361637157e-05,False
F0,2026,3,F0,95,0.001594304255121703,1.039696583744459e-05,False
F0,2026,3,F0,96,0.0015767606778780666,1.0282558582566671e-05,False
F0,2026,3,F0,97,0.0014958714921940398,9.755054439318092e-06,False
F0,2026,3,F0,98,0.0014354328434629023,9.36091476108523e-06,False
F0,2026,3,F0,99,0.001310572407932216,8.546660092636202e-06,False
F0,2026,3,F0,100,0.0012714304830878603,8.291403133927574e-06,False
F0,2026,3,F0,101,0.0011701132785625888,7.630681373441384e-06,False
F0,2026,3,F0,102,0.0011443099809056612,7.462409851007286e-06,False
F0,2026,3,F0,103,0.001089953370956492,7.107933084815834e-06,False
F0,2026,3,F0,104,0.0010274249969385919,6.7001656424053895e-06,False
F0,2026,3,F0,105,0.0009722777954190275,6.340533176778047e-06,False
F0,2026,3,F0,106,0.0008492027580245277,5.537921658228753e-06,False
F0,2026,3,F0,107,0.000823829098619776,5.372451943677925e-06,False
F0,2026,3,F0,108,0.0007894296316158469,5.148122063031115e-06,False
F0,2026,3,F0,109,0.0007485231036650209,4.881357565434799e-06,False
F0,2026,3,F0,110,0.0007210805212325519,4.702395744863194e-06,False
F0,2026,3,F0,111,0.0006892204829050364,4.494626287429508e-06,False
F0,2026,3,F0,112,0.0006397648612230967,4.172110426705382e-06,False
F0,2026,3,F0,113,0.0005659079259530373,3.6904658281952023e-06,False
F0,2026,3,F0,114,0.0005493084303000759,3.5822152300623668e-06,False
F0,2026,3,F0,115,0.0005006487399482799,3.2648898910481794e-06,False
F0,2026,3,F0,116,0.00047131017201234926,3.0735637451324914e-06,False
F0,2026,3,F0,117,0.0004396369090390225,2.867012309271876e-06,False
F0,2026,3,F0,118,0.0004182671532886385,2.727653325704265e-06,False
F0,2026,3,F0,119,0.00039435457774269713,2.571711804355514e-06,False
F0,2026,3,F0,120,0.00035296556150968115,2.3018008469973415e-06,False
F0,2026,3,F0,121,0.0003171719790996866,2.06837949575842e-06,False
F0,2026,3,F0,122,0.00029973105517611993,1.954641675876009e-06,False
F0,2026,3,F0,123,0.0002603174405181971,1.6976129413592418e-06,False
F0,2026,3,F0,124,0.00021593140093648507,1.408157440184972e-06,False
F0,2026,3,F0,125,0.00018533014821776414,1.2085969246325234e-06,False
F0,2026,3,F0,126,0.00013521140252273668,8.817566210124365e-07,False
F0,2026,3,F0,127,0.00012348824220014982,8.05306158693676e-07,False
F0,2026,3,F0,128,0.0001036121857404229,6.756880639473092e-07,False
F0,2026,3,F0,129,2.1131567335473705e-14,1.3780568105038943e-16,False
F0,2026,3,F0,130,1.890310012191202e-14,1.2327313657850784e-16,False
F0,2026,3,F0,131,1.859956995298478e-14,1.2129371967183378e-16,False
F0,2026,3,F0,132,1.714810977634135e-14,1.118282855663336e-16,False
F0,2026,3,F0,133,1.609223940754201e-14,1.0494261859410392e-16,False
F0,2026,3,F0,134,1.5710569802151636e-14,1.0245362953465256e-16,False
F0,2026,3,F0,135,1.5004724753586855e-14,9.785058915959112e-17,False
F0,2026,3,F0,136,1.422597832384151e-14,9.277213565858342e-17,False
F0,2026,3,F0,137,1.3589306124701801e-14,8.862019346634423e-17,False
F0,2026,3,F0,138,1.3279945890408288e-14,8.660275684652665e-17,False
F0,2026,3,F0,139,1.2645014805021003e-14,8.2462169011616e-17,False
F0,2026,3,F0,140,1.2463046782256625e-14,8.127549757791017e-17,False
F0,2026,3,F0,141,1.2200376104485512e-14,7.956253842691285e-17,False
F0,2026,3,F0,142,1.1865961485588978e-14,7.738171418521634e-17,False
F0,2026,3,F0,143,1.1219652469276728e-14,7.316692723884522e-17,False
F0,2026,3,F0,144,1.0985057411035354e-14,7.163705814495467e-17,False
F0,2026,3,F0,145,1.0834360688158509e-14,7.065431681780077e-17,False
F0,2026,3,F0,146,1.0745713497489837e-14,7.00762202531038e-17,False
F0,2026,3,F0,147,1.0656732425244578e-14,6.94959463403038e-17,False
F0,2026,3,F0,148,1.0299895228624912e-14,6.716889732762903e-17,False
F0,2026,3,F0,149,9.795898226485361e-15,6.388217235240189e-17,False
F0,2026,3,F0,150,9.593951393441024e-15,6.256521273356061e-17,False
F0,2026,3,F0,151,9.566850896784699e-15,6.23884817632904e-17,False
F0,2026,3,F0,152,9.144197294813793e-15,5.963222300863445e-17,False
F0,2026,3,F0,153,8.72840505216697e-15,5.692070936349055e-17,False
F0,2026,3,F0,154,8.562337109555968e-15,5.583772741667922e-17,False
F0,2026,3,F0,155,8.362951120919973e-15,5.4537467879859934e-17,False
F0,2026,3,F0,156,8.250706888221673e-15,5.380548748837228e-17,False
F0,2026,3,F0,157,7.963099008957014e-15,5.192990490387603e-17,False
F0,2026,3,F0,158,7.790500655424349e-15,5.080433606749271e-17,False
F0,2026,3,F0,159,7.696816848337312e-15,5.0193394122956963e-17,False
F0,2026,3,F0,160,7.326577432616814e-15,4.777894497088616e-17,False
F0,2026,3,F0,161,7.228909039751113e-15,4.7142018273387455e-17,False
F0,2026,3,F0,162,7.03840533425626e-15,4.5899682933960414e-17,False
F0,2026,3,F0,163,6.810476929472833e-15,4.4413289210614536e-17,False
F0,2026,3,F0,164,6.6307662672949346e-15,4.324133874426799e-17,False
F0,2026,3,F0,165,6.600456933936986e-15,4.3043681927844167e-17,False
F0,2026,3,F0,166,6.3253759965585085e-15,4.1249791521249254e-17,False
F0,2026,3,F0,167,6.164138679188418e-15,4.019831162019983e-17,False
F0,2026,3,F0,168,5.982465790252421e-15,3.901356484818972e-17,False
F0,2026,3,F0,169,5.816966358057364e-15,3.7934290338872716e-17,False
F0,2026,3,F0,170,5.681153366316787e-15,3.704861056296311e-17,False
F0,2026,3,F0,171,5.569539727694411e-15,3.6320742476290317e-17,False
F0,2026,3,F0,172,5.485260226086239e-15,3.577112900307649e-17,False
F0,2026,3,F0,173,5.238341378398514e-15,3.416089255304927e-17,False
F0,2026,3,F0,174,5.131397771891411e-15,3.34634792332168e-17,False
F0,2026,3,F0,175,4.828403264908018e-15,3.14875555486882e-17,False
F0,2026,3,F0,176,4.750856066223292e-15,3.0981845567093074e-17,False
F0,2026,3,F0,177,4.7013429547461685e-15,3.0658954797103914e-17,False
F0,2026,3,F0,178,4.320157388298738e-15,2.817312230976707e-17,False
F0,2026,3,F0,179,4.192497185432492e-15,2.7340609466790125e-17,False
F0,2026,3,F0,180,4.0809901399319505e-15,2.6613436507814985e-17,False
F0,2026,3,F0,181,3.956527842627189e-15,2.5801778225545208e-17,False
F0,2026,3,F0,182,3.718560473022706e-15,2.4249917215166423e-17,False
F0,2026,3,F0,183,3.606871757745312e-15,2.352155952971416e-17,False
F0,2026,3,F0,184,3.488557783382534e-15,2.2749996419604916e-17,False
F0,2026,3,F0,185,3.301830772124446e-15,2.1532290106182153e-17,False
F0,2026,3,F0,186,3.1055508248588053e-15,2.0252286054420712e-17,False
F0,2026,3,F0,187,2.94518282506259e-15,1.9206475250150297e-17,False
F0,2026,3,F0,188,2.8399394474337955e-15,1.852014966436032e-17,False
F0,2026,3,F0,189,2.656601162320955e-15,1.7324542313448262e-17,False
F0,2026,3,F0,190,2.528594810038765e-15,1.6489772119880515e-17,False
F0,2026,3,F0,191,2.0290607554775363e-15,1.3232151447271313e-17,False
F0,2026,4,F0,0,75.38230183764603,0.5292747656020335,False
F0,2026,4,F0,1,30.260379889674837,0.21246439923830632,False
F0,2026,4,F0,2,17.99653437874177,0.12635739799339257,False
F0,2026,4,F0,3,4.24565863415727,0.02980964926302667,False
F0,2026,4,F0,4,3.3248517561324666,0.023344473317869607,False
F0,2026,4,F0,5,2.497587299911613,0.017536078104624434,False
F0,2026,4,F0,6,1.8902533643869428,0.01327186066192425,False
F0,2026,4,F0,7,1.0474255649714874,0.00735419199031417,False
F0,2026,4,F0,8,0.7257281796434417,0.0050954879700920485,False
F0,2026,4,F0,9,0.6311738483697038,0.004431602412055507,False
F0,2026,4,F0,10,0.5387737344993246,0.0037828420609100225,False
F0,2026,4,F0,11,0.524781065344267,0.0036845966305284928,False
F0,2026,4,F0,12,0.42479636942315496,0.002982583356757524,False
F0,2026,4,F0,13,0.3246379823638165,0.002279350561504313,False
F0,2026,4,F0,14,0.2841231007851125,0.0019948871804689808,False
F0,2026,4,F0,15,0.2034176891766009,0.0014282377578510779,False
F0,2026,4,F0,16,0.19123596853668348,0.001342707372347489,False
F0,2026,4,F0,17,0.15082757218307824,0.0010589916461486413,False
F0,2026,4,F0,18,0.14360779595802414,0.0010083001008381173,False
F0,2026,4,F0,19,0.1225743351488896,0.0008606198129168128,False
F0,2026,4,F0,20,0.10392101819522953,0.0007296510083343768,False
F0,2026,4,F0,21,0.09712128782718911,0.0006819086920483501,False
F0,2026,4,F0,22,0.08870082484036496,0.0006227868761185234,False
F0,2026,4,F0,23,0.07929953496436706,0.0005567784713049865,False
F0,2026,4,F0,24,0.06543809891823195,0.0004594544557817318,False
F0,2026,4,F0,25,0.06302886787856718,0.0004425387452937973,False
F0,2026,4,F0,26,0.059186768321946866,0.00041556256795936695,False
F0,2026,4,F0,27,0.05382154932327415,0.00037789225332713396,False
F0,2026,4,F0,28,0.050148852987458206,0.0003521054911179749,False
F0,2026,4,F0,29,0.04643305279236544,0.00032601608777874775,False
F0,2026,4,F0,30,0.04248060788280304,0.00029826515285016116,False
F0,2026,4,F0,31,0.04206292596375278,0.0002953325215240754,False
F0,2026,4,F0,32,0.03950205120662868,0.0002773520890648462,False
F0,2026,4,F0,33,0.03477028214170965,0.00024412935771191116,False
F0,2026,4,F0,34,0.031038398323933115,0.00021792702792418792,False
F0,2026,4,F0,35,0.03062332257016048,0.00021501269502469312,False
F0,2026,4,F0,36,0.029283695225973013,0.0002056068937781888,False
F0,2026,4,F0,37,0.028848813764528504,0.00020255350090002435,False
F0,2026,4,F0,38,0.026629493123634412,0.00018697119068436093,False
F0,2026,4,F0,39,0.02529840900072135,0.0001776253731651675,False
F0,2026,4,F0,40,0.024289791400515577,0.00017054365993915405,False
F0,2026,4,F0,41,0.023141100415871776,0.00016247846244815762,False
F0,2026,4,F0,42,0.022815598373349025,0.00016019304514118472,False
F0,2026,4,F0,43,0.020647397521925875,0.00014496965756293466,False
F0,2026,4,F0,44,0.018996685404217867,0.0001333796656433721,False
F0,2026,4,F0,45,0.01801402403916808,0.00012648019652430678,False
F0,2026,4,F0,46,0.016723872200091423,0.00011742177305391447,False
F0,2026,4,F0,47,0.016223927841496243,0.00011391156008934596,False
F0,2026,4,F0,48,0.016083106718803596,0.0001129228257990945,False
F0,2026,4,F0,49,0.01432572687407525,0.00010058389765922941,False
F0,2026,4,F0,50,0.013726124565362213,9.63739655708988e-05,False
F0,2026,4,F0,51,0.012141637335661863,8.524895231639167e-05,False
F0,2026,4,F0,52,0.011984168867063192,8.414333356005846e-05,False
F0,2026,4,F0,53,0.011727695705430169,8.234258233334626e-05,False
F0,2026,4,F0,54,0.01131273216184393,7.942903728482783e-05,False
F0,2026,4,F0,55,0.010775746911977788,7.565875254522446e-05,False
F0,2026,4,F0,56,0.010622575298563693,7.458330289974622e-05,False
F0,2026,4,F0,57,0.009858791340616476,6.922061742240752e-05,False
F0,2026,4,F0,58,0.009706421950893156,6.815080035573815e-05,False
F0,2026,4,F0,59,0.008890265905353809,6.242039959631489e-05,False
F0,2026,4,F0,60,0.008443115198409823,5.928086180246669e-05,False
F0,2026,4,F0,61,0.008350492952653438,5.8630541817308555e-05,False
F0,2026,4,F0,62,0.00775901611739432,5.447766036225509e-05,False
F0,2026,4,F0,63,0.007500220242104739,5.266060088153411e-05,False
F0,2026,4,F0,64,0.007216126715029147,5.066592134420938e-05,False
F0,2026,4,F0,65,0.00716986999535015,5.0341143327767946e-05,False
F0,2026,4,F0,66,0.00658111289293153,4.620735768070341e-05,False
F0,2026,4,F0,67,0.006409062835115619,4.499935856416733e-05,False
F0,2026,4,F0,68,0.006137092273593692,4.308979688070751e-05,False
F0,2026,4,F0,69,0.0057278492183745425,4.0216416566693225e-05,False
F0,2026,4,F0,70,0.005560323050127654,3.904018061648245e-05,False
F0,2026,4,F0,71,0.00540929146938919,3.7979756583981836e-05,False
F0,2026,4,F0,72,0.0052065116463706936,3.655599741663657e-05,False
F0,2026,4,F0,73,0.00484894530351163,3.4045450011073066e-05,False
F0,2026,4,F0,74,0.004280892601530631,3.005703425085749e-05,False
F0,2026,4,F0,75,0.00411085411759399,2.8863158811464282e-05,False
F0,2026,4,F0,76,0.003940052041743121,2.76639220349725e-05,False
F0,2026,4,F0,77,0.0038786571280637703,2.7232855620779143e-05,False
F0,2026,4,F0,78,0.0037717125283541555,2.6481975419938125e-05,False
F0,2026,4,F0,79,0.003642677144441,2.557599124447352e-05,False
F0,2026,4,F0,80,0.003571638842959548,2.5077216605748106e-05,False
F0,2026,4,F0,81,0.0032506035780077913,2.282316146992481e-05,False
F0,2026,4,F0,82,0.00306626247939326,2.152886440839223e-05,False
F0,2026,4,F0,83,0.0030144465373296778,2.116505393933522e-05,False
F0,2026,4,F0,84,0.0028384148607386744,1.9929099052113833e-05,False
F0,2026,4,F0,85,0.002657947483219553,1.866200018929368e-05,False
F0,2026,4,F0,86,0.0025051065519889905,1.7588872331966124e-05,False
F0,2026,4,F0,87,0.002393143951629694,1.6802759708488673e-05,False
F0,2026,4,F0,88,0.0022623255839257163,1.588425683427178e-05,False
F0,2026,4,F0,89,0.0022228129602694336,1.5606830513846574e-05,False
F0,2026,4,F0,90,0.0019423257943204898,1.3637471985478216e-05,False
F0,2026,4,F0,91,0.0018401172062620665,1.2919844304067711e-05,False
F0,2026,4,F0,92,0.0017902058993973216,1.2569406673513208e-05,False
F0,2026,4,F0,93,0.0017097642055827569,1.2004608868187079e-05,False
F0,2026,4,F0,94,0.0016541420373904798,1.1614074096568548e-05,False
F0,2026,4,F0,95,0.0015375782713655097,1.0795655735274276e-05,False
F0,2026,4,F0,96,0.0014462124222300583,1.015415717120354e-05,False
F0,2026,4,F0,97,0.0014101081985600282,9.900661933536819e-06,False
F0,2026,4,F0,98,0.001292516318639272,9.07502497148429e-06,False
F0,2026,4,F0,99,0.001214980711077907,8.530631400082913e-06,False
F0,2026,4,F0,100,0.0011566849901989023,8.121325060906786e-06,False
F0,2026,4,F0,101,0.0010564974153983882,7.417887332473073e-06,False
F0,2026,4,F0,102,0.0010276429172562558,7.215293920379698e-06,False
F0,2026,4,F0,103,0.0009900620155586827,6.951430620212301e-06,False
F0,2026,4,F0,104,0.0009230613845004761,6.481005302411632e-06,False
F0,2026,4,F0,105,0.0008891873981934198,6.243169023528992e-06,False
F0,2026,4,F0,106,0.000784939846985009,5.511225359228961e-06,False
F0,2026,4,F0,107,0.0007304904231973253,5.128924669148414e-06,False
F0,2026,4,F0,108,0.000710742450740458,4.990270061390018e-06,False
F0,2026,4,F0,109,0.0006734870071322421,4.72869186992531e-06,False
F0,2026,4,F0,110,0.0006569794009544329,4.61278854543904e-06,False
F0,2026,4,F0,111,0.0005917099404747742,4.154518135088019e-06,False
F0,2026,4,F0,112,0.0005765130230731541,4.047817428164274e-06,False
F0,2026,4,F0,113,0.0005570337472164757,3.911049394928228e-06,False
F0,2026,4,F0,114,0.0005183830110959263,3.6396745655338087e-06,False
F0,2026,4,F0,115,0.0005102216392158956,3.582371881966284e-06,False
F0,2026,4,F0,116,0.00044017155577220376,3.0905357269107583e-06,False
F0,2026,4,F0,117,0.0003834188552489494,2.692063253472345e-06,False
F0,2026,4,F0,118,0.0003621487667222962,2.542721553300797e-06,False
F0,2026,4,F0,119,0.00033207872802865096,2.3315935790516075e-06,False
F0,2026,4,F0,120,0.000289360536172951,2.03166029988399e-06,False
F0,2026,4,F0,121,0.00027151219402738917,1.9063433902753813e-06,False
F0,2026,4,F0,122,0.00025587142948395433,1.7965263405732868e-06,False
F0,2026,4,F0,123,0.00024368228117209478,1.7109438038454676e-06,False
F0,2026,4,F0,124,0.00020278137848906487,1.423770088626529e-06,False
F0,2026,4,F0,125,0.00019891147525311794,1.396598695896711e-06,False
F0,2026,4,F0,126,0.0001550487922178424,1.0886297069399696e-06,False
F0,2026,4,F0,127,0.00015201918674787466,1.0673582189926087e-06,False
F0,2026,4,F0,128,0.0001279274850050606,8.982053875979844e-07,False
F0,2026,4,F0,129,1.9499373783592486e-14,1.36909144946583e-16,False
F0,2026,4,F0,130,1.9035152986467617e-14,1.3364975451147755e-16,False
F0,2026,4,F0,131,1.8619064046332277e-14,1.3072830782052828e-16,False
F0,2026,4,F0,132,1.7726960922160528e-14,1.244646668805664e-16,False
F0,2026,4,F0,133,1.7494117389479372e-14,1.228298241764103e-16,False
F0,2026,4,F0,134,1.5889834370681234e-14,1.1156582058359799e-16,False
F0,2026,4,F0,135,1.5603632671027184e-14,1.0955633912964149e-16,False
F0,2026,4,F0,136,1.4736193808656707e-14,1.0346587108391849e-16,False
F0,2026,4,F0,137,1.445290571108345e-14,1.0147684663407007e-16,False
F0,2026,4,F0,138,1.4163708314990943e-14,9.944633177450472e-17,False
F0,2026,4,F0,139,1.3315024239866659e-14,9.348754497731967e-17,False
F0,2026,4,F0,140,1.307935889717496e-14,9.183288976020634e-17,False
F0,2026,4,F0,141,1.2867135774291731e-14,9.034282722720927e-17,False
F0,2026,4,F0,142,1.2672268066005825e-14,8.897462065733612e-17,False
F0,2026,4,F0,143,1.2077406296192773e-14,8.479797287518815e-17,False
F0,2026,4,F0,144,1.1727424430126329e-14,8.23406776532111e-17,False
F0,2026,4,F0,145,1.145608332699125e-14,8.043553552755243e-17,False
F0,2026,4,F0,146,1.1428751599503662e-14,8.024363380384747e-17,False
F0,2026,4,F0,147,1.1095003450930436e-14,7.79003188771336e-17,False
F0,2026,4,F0,148,1.082848702516789e-14,7.602905181131262e-17,False
F0,2026,4,F0,149,1.0531536896477663e-14,7.394410340927903e-17,False
F0,2026,4,F0,150,1.036258164388252e-14,7.275783356165455e-17,False
F0,2026,4,F0,151,1.001723443301754e-14,7.033307921446644e-17,False
F0,2026,4,F0,152,9.79852227889422e-15,6.879745584815892e-17,False
F0,2026,4,F0,153,9.533241054715266e-15,6.69348613886751e-17,False
F0,2026,4,F0,154,9.40876137737089e-15,6.606086377328577e-17,False
F0,2026,4,F0,155,9.336639941818637e-15,6.555448422574935e-17,False
F0,2026,4,F0,156,9.123295976794102e-15,6.405655202776255e-17,False
F0,2026,4,F0,157,9.109559675992494e-15,6.396010661272776e-17,False
F0,2026,4,F0,158,8.585435563083658e-15,6.028012258141417e-17,False
F0,2026,4,F0,159,8.50923080352682e-15,5.974507316969586e-17,False
F0,2026,4,F0,160,8.352769761680798e-15,5.864652776540114e-17,False
F0,2026,4,F0,161,8.222233887605864e-15,5.773000833750589e-17,False
F0,2026,4,F0,162,7.73523638201427e-15,5.4310697911354335e-17,False
F0,2026,4,F0,163,7.594063856836724e-15,5.331949635142163e-17,False
F0,2026,4,F0,164,7.396197534750226e-15,5.193023589253541e-17,False
F0,2026,4,F0,165,7.228478779123019e-15,5.075264774641007e-17,False
F0,2026,4,F0,166,6.983508436396802e-15,4.903266019541812e-17,False
F0,2026,4,F0,167,6.831901185285946e-15,4.796819426191443e-17,False
F0,2026,4,F0,168,6.755961449897189e-15,4.743500563981146e-17,False
F0,2026,4,F0,169,6.605009151229675e-15,4.637513826316369e-17,False
F0,2026,4,F0,170,6.422274912070584e-15,4.5092123294919594e-17,False
F0,2026,4,F0,171,6.351715818995161e-15,4.459671327773787e-17,False
F0,2026,4,F0,172,5.995929581696366e-15,4.2098664362273365e-17,False
F0,2026,4,F0,173,5.858180064942342e-15,4.113149645396509e-17,False
F0,2026,4,F0,174,5.731380013560646e-15,4.024120701151857e-17,False
F0,2026,4,F0,175,5.446725440181237e-15,3.824258825180734e-17,False
F0,2026,4,F0,176,5.253688510554696e-15,3.68872359583649e-17,False
F0,2026,4,F0,177,5.181614990788563e-15,3.638119283749428e-17,False
F0,2026,4,F0,178,5.023298340730616e-15,3.526961882333393e-17,False
F0,2026,4,F0,179,4.858973062271159e-15,3.411585698376534e-17,False
F0,2026,4,F0,180,4.722448346918056e-15,3.3157288659956046e-17,False
F0,2026,4,F0,181,4.622153778820265e-15,3.2453099709405785e-17,False
F0,2026,4,F0,182,4.5368356974459356e-15,3.18540637762995e-17,False
F0,2026,4,F0,183,4.340763479580741e-15,3.0477400095012895e-17,False
F0,2026,4,F0,184,4.188906846011846e-15,2.941118319558211e-17,False
F0,2026,4,F0,185,3.960626756709957e-15,2.780838137325132e-17,False
F0,2026,4,F0,186,3.732387466268016e-15,2.620586600817256e-17,False
F0,2026,4,F0,187,3.433383701496644e-15,2.410649860155855e-17,False
F0,2026,4,F0,188,3.284745021878323e-15,2.3062875623796222e-17,False
F0,2026,4,F0,189,2.6303840295853345e-15,1.846847146828363e-17,False
F0,2026,4,F0,190,2.2511825705538213e-15,1.5806019427788594e-17,False
F0,2026,4,F0,191,1.4806511728405253e-15,1.0395958777318451e-17,False
F0,3026,0,F0,0,78.72060744032123,0.5757392896685548,False
F0,3026,0,F0,1,35.562088701048104,0.260090621167951,False
F0,3026,0,F0,2,6.550944375853719,0.04791167375672938,False
F0,3026,0,F0,3,3.6099505866351116,0.026402113170474806,False
F0,3026,0,F0,4,1.9783960302942551,0.014469404673080291,False
F0,3026,0,F0,5,1.9158017923688697,0.01401160889059949,False
F0,3026,0,F0,6,1.3835052484001333,0.010118549066970461,False
F0,3026,0,F0,7,1.1532426757089218,0.008434476568685999,False
F0,3026,0,F0,8,0.7589610348538296,0.00555081701350083,False
F0,3026,0,F0,9,0.6884590508718098,0.005035186310208759,False
F0,3026,0,F0,10,0.5046893499151957,0.0036911489541508265,False
F0,3026,0,F0,11,0.4419719134599695,0.003232452133982879,False
F0,3026,0,F0,12,0.3744384245764343,0.002738532127736454,False
F0,3026,0,F0,13,0.3498035233235342,0.0025583597305766357,False
F0,3026,0,F0,14,0.28791523303226263,0.002105727040742394,False
F0,3026,0,F0,15,0.20450350724934868,0.00149567829602596,False
F0,3026,0,F0,16,0.20242273963186244,0.0014804601757775224,False
F0,3026,0,F0,17,0.13884272061551423,0.001015454681335213,False
F0,3026,0,F0,18,0.13493002453862876,0.0009868383769996198,False
F0,3026,0,F0,19,0.12063901010447337,0.0008823181151964911,False
F0,3026,0,F0,20,0.10934200115686715,0.0007996951258883236,False
F0,3026,0,F0,21,0.10050966951438742,0.0007350980589790845,False
F0,3026,0,F0,22,0.09072537239449667,0.0006635385975257088,False
F0,3026,0,F0,23,0.08308947895225091,0.0006076919265030517,False
F0,3026,0,F0,24,0.07770981650701246,0.0005683466631013908,False
F0,3026,0,F0,25,0.074643951851183,0.0005459238338504181,False
F0,3026,0,F0,26,0.06683874315316243,0.0004888388410177605,False
F0,3026,0,F0,27,0.06279329752422774,0.0004592516456374232,False
F0,3026,0,F0,28,0.05382734823199869,0.0003936773386730666,False
F0,3026,0,F0,29,0.05340151620484952,0.0003905629289041272,False
F0,3026,0,F0,30,0.05147083462545516,0.0003764424936427585,False
F0,3026,0,F0,31,0.04659920794564494,0.0003408128538906688,False
F0,3026,0,F0,32,0.043898679671791,0.0003210619871141742,False
F0,3026,0,F0,33,0.037722252063513345,0.00027588941846275883,False
F0,3026,0,F0,34,0.03585872739176397,0.0002622601490035999,False
F0,3026,0,F0,35,0.03358690474721015,0.00024564470867407824,False
F0,3026,0,F0,36,0.033099119451296094,0.0002420771909819259,False
F0,3026,0,F0,37,0.03073832472075044,0.0002248110350741727,False
F0,3026,0,F0,38,0.02949889922594186,0.00021574624280209625,False
F0,3026,0,F0,39,0.02641618666737366,0.000193200192962886,False
F0,3026,0,F0,40,0.025677972046349633,0.0001878011090971584,False
F0,3026,0,F0,41,0.024418404065692206,0.00017858900062832155,False
F0,3026,0,F0,42,0.02296755759594263,0.00016797793774310429,False
F0,3026,0,F0,43,0.022079511577803364,0.00016148303125925763,False
F0,3026,0,F0,44,0.020767004488983932,0.00015188374177746956,False
F0,3026,0,F0,45,0.020285302257681825,0.00014836071382456814,False
F0,3026,0,F0,46,0.01914012456507877,0.00013998522216206543,False
F0,3026,0,F0,47,0.016951860483482406,0.00012398090450101815,False
F0,3026,0,F0,48,0.016657966932661878,0.00012183145380837892,False
F0,3026,0,F0,49,0.01465137356752992,0.00010715582215029583,False
F0,3026,0,F0,50,0.014298005294836673,0.00010457139089490886,False
F0,3026,0,F0,51,0.0138591227369237,0.00010136153339562199,False
F0,3026,0,F0,52,0.01319180637226026,9.648097845240972e-05,False
F0,3026,0,F0,53,0.012867347187378394,9.410797973321232e-05,False
F0,3026,0,F0,54,0.012199148668082672,8.922097297137364e-05,False
F0,3026,0,F0,55,0.011702890710407582,8.559148873167404e-05,False
F0,3026,0,F0,56,0.011442378675130465,8.368618059168969e-05,False
F0,3026,0,F0,57,0.010109639145942194,7.39389170123307e-05,False
F0,3026,0,F0,58,0.00997715055365446,7.296993455026377e-05,False
F0,3026,0,F0,59,0.009483116227044126,6.935671329190206e-05,False
F0,3026,0,F0,60,0.008931325294183806,6.532107726138245e-05,False
F0,3026,0,F0,61,0.008500883528142942,6.217295322268113e-05,False
F0,3026,0,F0,62,0.008270971079823478,6.049144143071792e-05,False
F0,3026,0,F0,63,0.007954036365923059,5.817347447154948e-05,False
F0,3026,0,F0,64,0.007852992436257396,5.743446899150246e-05,False
F0,3026,0,F0,65,0.007248795971404203,5.301555436665604e-05,False
F0,3026,0,F0,66,0.007000937653761346,5.1202791782902794e-05,False
F0,3026,0,F0,67,0.00659956319487108,4.8267257449942126e-05,False
F0,3026,0,F0,68,0.006334855155970194,4.6331260977838035e-05,False
F0,3026,0,F0,69,0.005899913424005639,4.315022551646506e-05,False
F0,3026,0,F0,70,0.005764603347410719,4.216060755089211e-05,False
F0,3026,0,F0,71,0.0053694189068780596,3.927034518531235e-05,False
F0,3026,0,F0,72,0.005184215260227723,3.791582037365706e-05,False
F0,3026,0,F0,73,0.00490014076233518,3.583818333619397e-05,False
F0,3026,0,F0,74,0.004676346027237308,3.4201414693186596e-05,False
F0,3026,0,F0,75,0.004267489040613012,3.1211155360729676e-05,False
F0,3026,0,F0,76,0.004130832838962514,3.0211692233787886e-05,False
F0,3026,0,F0,77,0.003936446133146741,2.8790005237632167e-05,False
F0,3026,0,F0,78,0.003612449191961997,2.6420387232411553e-05,False
F0,3026,0,F0,79,0.0035286745572254397,2.5807684278715046e-05,False
F0,3026,0,F0,80,0.0034363687033764486,2.5132586506285425e-05,False
F0,3026,0,F0,81,0.0032750568271386477,2.395279905214692e-05,False
F0,3026,0,F0,82,0.0030531762751523817,2.2330030179476768e-05,False
F0,3026,0,F0,83,0.0029850258834239847,2.18315983278922e-05,False
F0,3026,0,F0,84,0.002909565131575735,2.1279700659928918e-05,False
F0,3026,0,F0,85,0.002756106880631732,2.0157352303315187e-05,False
F0,3026,0,F0,86,0.002669637391943772,1.9524939983161906e-05,False
F0,3026,0,F0,87,0.002461348548312846,1.8001576854023624e-05,False
F0,3026,0,F0,88,0.002362429903547481,1.7278115080492942e-05,False
F0,3026,0,F0,89,0.002352312515672255,1.7204119491561546e-05,False
F0,3026,0,F0,90,0.00225017451078845,1.6457112268268133e-05,False
F0,3026,0,F0,91,0.0020894120625695755,1.528134316850501e-05,False
F0,3026,0,F0,92,0.0019909590796546583,1.4561287108315727e-05,False
F0,3026,0,F0,93,0.001909448333076034,1.3965141564455336e-05,False
F0,3026,0,F0,94,0.001806684668982925,1.3213558454358553e-05,False
F0,3026,0,F0,95,0.0017378439358355627,1.2710077649379094e-05,False
F0,3026,0,F0,96,0.001694031214319939,1.238964433484993e-05,False
F0,3026,0,F0,97,0.0014930895286392242,1.0920016150561305e-05,False
F0,3026,0,F0,98,0.0014323970235035305,1.0476129080437768e-05,False
F0,3026,0,F0,99,0.0012815178835583313,9.372643580485216e-06,False
F0,3026,0,F0,100,0.0011915434467873176,8.714597104482815e-06,False
F0,3026,0,F0,101,0.0011713401649245424,8.566836263619563e-06,False
F0,3026,0,F0,102,0.001053202959756343,7.702815611358577e-06,False
F0,3026,0,F0,103,0.0010067875996129314,7.363347366033654e-06,False
F0,3026,0,F0,104,0.0009384358169021812,6.863442600241539e-06,False
F0,3026,0,F0,105,0.0009088394654469252,6.646983620595733e-06,False
F0,3026,0,F0,106,0.0008900993872235034,6.509924219309157e-06,False
F0,3026,0,F0,107,0.0008512124713662791,6.225516793591409e-06,False
F0,3026,0,F0,108,0.0008031052097952961,5.873674480563341e-06,False
F0,3026,0,F0,109,0.0007833617667245691,5.7292767649109385e-06,False
F0,3026,0,F0,110,0.0007191185672488056,5.259420964315754e-06,False
F0,3026,0,F0,111,0.0006590261061456592,4.819922439152702e-06,False
F0,3026,0,F0,112,0.0006343136020561573,4.639182477749236e-06,False
F0,3026,0,F0,113,0.0005754179876860068,4.208437336360815e-06,False
F0,3026,0,F0,114,0.00055116320021656,4.031044979228566e-06,False
F0,3026,0,F0,115,0.0005265623403378982,3.851121550633149e-06,False
F0,3026,0,F0,116,0.0004948390894216532,3.619107056050615e-06,False
F0,3026,0,F0,117,0.0004512136259742833,3.3000432917663825e-06,False
F0,3026,0,F0,118,0.00042655977944064746,3.119732334414665e-06,False
F0,3026,0,F0,119,0.0003641105530627295,2.662997123594161e-06,False
F0,3026,0,F0,120,0.00035391628899819876,2.5884392849029882e-06,False
F0,3026,0,F0,121,0.0003210376781698811,2.347974828909872e-06,False
F0,3026,0,F0,122,0.0003038384507152514,2.222184755388356e-06,False
F0,3026,0,F0,123,0.0002841140303935013,2.0779261665077055e-06,False
F0,3026,0,F0,124,0.0002460190605857853,1.799310800465632e-06,False
F0,3026,0,F0,125,0.00018662220102818832,1.3648996997108657e-06,False
F0,3026,0,F0,126,0.00014886437013123308,1.0887500681608462e-06,False
F0,3026,0,F0,127,0.00012908976391617306,9.441244344681043e-07,False
F0,3026,0,F0,128,0.00011146392928049037,8.152142819307707e-07,False
F0,3026,0,F0,129,1.9476508813813188e-14,1.4244543727878524e-16,False
F0,3026,0,F0,130,1.774273315172836e-14,1.2976511378293196e-16,False
F0,3026,0,F0,131,1.6819675306231726e-14,1.2301414112698406e-16,False
F0,3026,0,F0,132,1.5544800698024105e-14,1.1369008450175564e-16,False
F0,3026,0,F0,133,1.5237804861021787e-14,1.1144480755491662e-16,False
F0,3026,0,F0,134,1.4146185190203695e-14,1.0346102345694083e-16,False
F0,3026,0,F0,135,1.369288879155753e-14,1.0014574738054993e-16,False
F0,3026,0,F0,136,1.347514373841625e-14,9.855322432590452e-17,False
F0,3026,0,F0,137,1.3283826450724954e-14,9.715398614802072e-17,False
F0,3026,0,F0,138,1.2208079328925568e-14,8.928628918903439e-17,False
F0,3026,0,F0,139,1.2098494538496822e-14,8.8484818374067e-17,False
F0,3026,0,F0,140,1.1865109295333475e-14,8.677790758555644e-17,False
F0,3026,0,F0,141,1.1586273422834308e-14,8.473858430812255e-17,False
F0,3026,0,F0,142,1.1348273550912203e-14,8.299792348680559e-17,False
F0,3026,0,F0,143,1.1033840431694984e-14,8.069825245284372e-17,False
F0,3026,0,F0,144,1.0936211761225637e-14,7.998422517059848e-17,False
F0,3026,0,F0,145,1.0886437271497625e-14,7.962018924288609e-17,False
F0,3026,0,F0,146,1.051927114078941e-14,7.693484452619857e-17,False
F0,3026,0,F0,147,9.732515929833175e-15,7.118074911169894e-17,False
F0,3026,0,F0,148,9.660411752328765e-15,7.065340043784634e-17,False
F0,3026,0,F0,149,9.272170593883924e-15,6.781391918825632e-17,False
F0,3026,0,F0,150,8.703796323244275e-15,6.365699751953019e-17,False
F0,3026,0,F0,151,8.617301843036047e-15,6.302440241877351e-17,False
F0,3026,0,F0,152,8.370693775939635e-15,6.122078379852518e-17,False
F0,3026,0,F0,153,8.247655686955843e-15,6.032091952845577e-17,False
F0,3026,0,F0,154,8.190703636811239e-15,5.990438904220057e-17,False
F0,3026,0,F0,155,7.833003949828918e-15,5.728827910105215e-17,False
F0,3026,0,F0,156,7.788105302339355e-15,5.695990364444359e-17,False
F0,3026,0,F0,157,7.58523677695273e-15,5.547618312322238e-17,False
F0,3026,0,F0,158,7.353538172006441e-15,5.3781607908846635e-17,False
F0,3026,0,F0,159,7.248996929832566e-15,5.301702411729136e-17,False
F0,3026,0,F0,160,6.972605600168822e-15,5.099557950468737e-17,False
F0,3026,0,F0,161,6.694106899122079e-15,4.8958722199745655e-17,False
F0,3026,0,F0,162,6.551779929359331e-15,4.791778474846894e-17,False
F0,3026,0,F0,163,6.258498929670969e-15,4.577281407402553e-17,False
F0,3026,0,F0,164,6.183689070786153e-15,4.522567684509598e-17,False
F0,3026,0,F0,165,6.018205715128482e-15,4.401538042162712e-17,False
F0,3026,0,F0,166,5.894777494906919e-15,4.311266284682576e-17,False
F0,3026,0,F0,167,5.807085750622514e-15,4.247131130996961e-17,False
F0,3026,0,F0,168,5.673340825274471e-15,4.149314039868654e-17,False
F0,3026,0,F0,169,5.4071010324237164e-15,3.954594113026622e-17,False
F0,3026,0,F0,170,5.3456815974504144e-15,3.909673750985233e-17,False
F0,3026,0,F0,171,5.15660080074275e-15,3.771385636695764e-17,False
F0,3026,0,F0,172,5.042843664683261e-15,3.6881870247449214e-17,False
F0,3026,0,F0,173,4.754517503645807e-15,3.477313780055579e-17,False
F0,3026,0,F0,174,4.739964020759503e-15,3.466669792195709e-17,False
F0,3026,0,F0,175,4.5668953339172365e-15,3.3400924624895374e-17,False
F0,3026,0,F0,176,4.417885106935713e-15,3.231110780277886e-17,False
F0,3026,0,F0,177,4.243549910365762e-15,3.10360716273593e-17,False
F0,3026,0,F0,178,4.0744248432579636e-15,2.9799140801138113e-17,False
F0,3026,0,F0,179,3.975830322474321e-15,2.9078049574749654e-17,False
F0,3026,0,F0,180,3.8774323651659944e-15,2.835839595560703e-17,False
F0,3026,0,F0,181,3.69256622239774e-15,2.7006339547736327e-17,False
F0,3026,0,F0,182,3.4596364440816146e-15,2.5302759894695064e-17,False
F0,3026,0,F0,183,3.3093125629090434e-15,2.420333539352961e-17,False
F0,3026,0,F0,184,3.1110803385380297e-15,2.2753523409605225e-17,False
F0,3026,0,F0,185,2.9465530119286876e-15,2.1550219100438904e-17,False
F0,3026,0,F0,186,2.861956869092978e-15,2.0931507878960396e-17,False
F0,3026,0,F0,187,2.695456137278459e-15,1.9713770666542943e-17,False
F0,3026,0,F0,188,2.3468967642474406e-15,1.7164510284014362e-17,False
F0,3026,0,F0,189,2.31211079083611e-15,1.6910095941017178e-17,False
F0,3026,0,F0,190,2.0481661892567253e-16,1.497968302416603e-18,False
F0,3026,0,F0,191,0.0,0.0,False
F0,3026,1,F0,0,67.96816439691756,0.47881854764495513,False
F0,3026,1,F0,1,42.313989562900844,0.2980913668530795,False
F0,3026,1,F0,2,12.502399333426798,0.08807624487178536,False
F0,3026,1,F0,3,5.0328249925943656,0.03545498064994902,False
F0,3026,1,F0,4,2.464007380816514,0.0173583095253124,False
F0,3026,1,F0,5,1.699075079854059,0.011969554706884981,False
F0,3026,1,F0,6,1.4944366184107853,0.010527928443030632,False
F0,3026,1,F0,7,1.209180535787338,0.008518371404076042,False
F0,3026,1,F0,8,0.9886317456703299,0.00696466089407929,False
F0,3026,1,F0,9,0.9538021573750826,0.006719295243401833,False
F0,3026,1,F0,10,0.5389557774702011,0.003796807297989097,False
F0,3026,1,F0,11,0.5017654688448147,0.003534810968965347,False
F0,3026,1,F0,12,0.43843690429756244,0.0030886772301773344,False
F0,3026,1,F0,13,0.3772935490304829,0.0026579377387272716,False
F0,3026,1,F0,14,0.3377352595016274,0.0023792595824523284,False
F0,3026,1,F0,15,0.29997787106191726,0.0021132683193958207,False
F0,3026,1,F0,16,0.26676500263409286,0.0018792920517587464,False
F0,3026,1,F0,17,0.241671791128839,0.0017025167159040351,False
F0,3026,1,F0,18,0.2295355987304358,0.0016170203063760665,False
F0,3026,1,F0,19,0.1718510283470022,0.0012106470806520022,False
F0,3026,1,F0,20,0.16953575198037604,0.001194336543548327,False
F0,3026,1,F0,21,0.13206084617014757,0.0009303352992540373,False
F0,3026,1,F0,22,0.10778080079785601,0.0007592885133790681,False
F0,3026,1,F0,23,0.09521656146565873,0.0006707766213383414,False
F0,3026,1,F0,24,0.08879307826403647,0.000625524804922331,False
F0,3026,1,F0,25,0.07268578329758947,0.0005120529810065916,False
F0,3026,1,F0,26,0.07159742406822736,0.0005043857651836676,False
F0,3026,1,F0,27,0.06585987188411181,0.00046396615950192383,False
F0,3026,1,F0,28,0.062267554002315796,0.0004386591875378763,False
F0,3026,1,F0,29,0.06149128704110948,0.0004331905829014617,False
F0,3026,1,F0,30,0.0556938260655531,0.0003923489349185407,False
F0,3026,1,F0,31,0.053658085926214884,0.000378007659917966,False
F0,3026,1,F0,32,0.050760395086045615,0.0003575941599812683,False
F0,3026,1,F0,33,0.043686357009373296,0.0003077593488176617,False
F0,3026,1,F0,34,0.04265464638869191,0.0003004912081319771,False
F0,3026,1,F0,35,0.038007267051901654,0.00026775159475354073,False
F0,3026,1,F0,36,0.037199020581325945,0.0002620577025524771,False
F0,3026,1,F0,37,0.035082598876304924,0.00024714804630393517,False
F0,3026,1,F0,38,0.03355784919647883,0.00023640657000110373,False
F0,3026,1,F0,39,0.03112369237812943,0.0002192585501473414,False
F0,3026,1,F0,40,0.028110722830533372,0.00019803294083923056,False
F0,3026,1,F0,41,0.027553272608454457,0.00019410584485115223,False
F0,3026,1,F0,42,0.024571330602789192,0.00017309881673757734,False
F0,3026,1,F0,43,0.023717535493259827,0.00016708404588185952,False
F0,3026,1,F0,44,0.022315208877140537,0.00015720500913558316,False
F0,3026,1,F0,45,0.021444589324090154,0.0001510717143255531,False
F0,3026,1,F0,46,0.02045994288379674,0.00014413512890106207,False
F0,3026,1,F0,47,0.02023943148567263,0.0001425816818082091,False
F0,3026,1,F0,48,0.018898033416270683,0.0001331318712814161,False
F0,3026,1,F0,49,0.01707672538375333,0.0001203012163022506,False
F0,3026,1,F0,50,0.016479206223506206,0.00011609184476723626,False
F0,3026,1,F0,51,0.015997603042660822,0.000112699072023707,False
F0,3026,1,F0,52,0.01582320366384443,0.00011147047245777794,False
F0,3026,1,F0,53,0.014173475038821078,9.984855105897357e-05,False
F0,3026,1,F0,54,0.0140730314487062,9.914095134128528e-05,False
F0,3026,1,F0,55,0.013302453730663083,9.37124259857042e-05,False
F0,3026,1,F0,56,0.0124559685457623,8.774915170231712e-05,False
F0,3026,1,F0,57,0.011998148421488187,8.452392458411198e-05,False
F0,3026,1,F0,58,0.011395410603985799,8.027778892710324e-05,False
F0,3026,1,F0,59,0.011270562173334624,7.939826327313607e-05,False
F0,3026,1,F0,60,0.01046979690991342,7.375707428652781e-05,False
F0,3026,1,F0,61,0.01040936602679667,7.333135398138777e-05,False
F0,3026,1,F0,62,0.009109978815432119,6.417749933642962e-05,False
F0,3026,1,F0,63,0.008869515192049222,6.248349385708106e-05,False
F0,3026,1,F0,64,0.008424463438691254,5.934821668635659e-05,False
F0,3026,1,F0,65,0.00810420639528529,5.7092086720844896e-05,False
F0,3026,1,F0,66,0.007656283468395176,5.393658285791979e-05,False
F0,3026,1,F0,67,0.006893334695375942,4.856180149276147e-05,False
F0,3026,1,F0,68,0.006779416729982656,4.7759278205215465e-05,False
F0,3026,1,F0,69,0.006505826239974334,4.583190231920143e-05,False
F0,3026,1,F0,70,0.006357867010957254,4.4789566929136985e-05,False
F0,3026,1,F0,71,0.006322305576624793,4.453904560801076e-05,False
F0,3026,1,F0,72,0.00593275768018091,4.1794779087523905e-05,False
F0,3026,1,F0,73,0.005460889776675827,3.847058891347206e-05,False
F0,3026,1,F0,74,0.005331014542418564,3.7555650698001715e-05,False
F0,3026,1,F0,75,0.005133911743884012,3.6167111275634284e-05,False
F0,3026,1,F0,76,0.004833243123415412,3.40489768011697e-05,False
F0,3026,1,F0,77,0.0045740342001738795,3.222291541986878e-05,False
F0,3026,1,F0,78,0.004475983382158789,3.153217217714683e-05,False
F0,3026,1,F0,79,0.003922810533474156,2.7635209204055113e-05,False
F0,3026,1,F0,80,0.003842807645960738,2.7071609072339407e-05,False
F0,3026,1,F0,81,0.003758819572820361,2.647993431464362e-05,False
F0,3026,1,F0,82,0.003583102980014418,2.5242055308920797e-05,False
F0,3026,1,F0,83,0.0034343409299800467,2.4194064247603063e-05,False
F0,3026,1,F0,84,0.0032737070878729444,2.3062439410257302e-05,False
F0,3026,1,F0,85,0.0031053763136050573,2.187659163028466e-05,False
F0,3026,1,F0,86,0.0030303726066688986,2.1348209462812322e-05,False
F0,3026,1,F0,87,0.00290159223107669,2.0440984250047422e-05,False
F0,3026,1,F0,88,0.002757519020966024,1.9426024881468915e-05,False
F0,3026,1,F0,89,0.002635122892921218,1.8563775079848e-05,False
F0,3026,1,F0,90,0.0025569351219033747,1.8012961985297844e-05,False
F0,3026,1,F0,91,0.0023984874353806243,1.6896738061763912e-05,False
F0,3026,1,F0,92,0.0022536133834504973,1.5876136964880838e-05,False
F0,3026,1,F0,93,0.002132233817533827,1.5021048586642526e-05,False
F0,3026,1,F0,94,0.002071301022861327,1.4591792441388179e-05,False
F0,3026,1,F0,95,0.001963914188178479,1.3835279319763224e-05,False
F0,3026,1,F0,96,0.0018535829854314872,1.3058023868950554e-05,False
F0,3026,1,F0,97,0.0017972426770456753,1.2661120629404089e-05,False
F0,3026,1,F0,98,0.0017033978034659725,1.2000007202698165e-05,False
F0,3026,1,F0,99,0.0016153307819509698,1.1379597284151902e-05,False
F0,3026,1,F0,100,0.0015286019123398186,1.0768614307716196e-05,False
F0,3026,1,F0,101,0.0014772478438153584,1.0406837868338694e-05,False
F0,3026,1,F0,102,0.0013750437475409097,9.686835829505995e-06,False
F0,3026,1,F0,103,0.0012850602422409155,9.052924766848263e-06,False
F0,3026,1,F0,104,0.001222661983489219,8.61334479737043e-06,False
F0,3026,1,F0,105,0.0011523768368452247,8.118203695124975e-06,False
F0,3026,1,F0,106,0.0010709429429672339,7.54452248508039e-06,False
F0,3026,1,F0,107,0.0010248948206059009,7.2201250960017086e-06,False
F0,3026,1,F0,108,0.000962046264076919,6.777372892439864e-06,False
F0,3026,1,F0,109,0.0008874677915541681,6.2519863939846806e-06,False
F0,3026,1,F0,110,0.0008312103348475133,5.855666823587381e-06,False
F0,3026,1,F0,111,0.0008108869672806587,5.712493833291688e-06,False
F0,3026,1,F0,112,0.0007660697102695677,5.3967675796567664e-06,False
F0,3026,1,F0,113,0.0007179790443841646,5.057980987450787e-06,False
F0,3026,1,F0,114,0.000634358303286244,4.468893991196449e-06,False
F0,3026,1,F0,115,0.000618076501310176,4.354192809482953e-06,False
F0,3026,1,F0,116,0.000581888391223016,4.099256715979514e-06,False
F0,3026,1,F0,117,0.0005532914996141947,3.89779883891616e-06,False
F0,3026,1,F0,118,0.0005410589271603769,3.8116234562459115e-06,False
F0,3026,1,F0,119,0.00046058974027855776,3.2447383632792036e-06,False
F0,3026,1,F0,120,0.00037886253381920644,2.668990840197343e-06,False
F0,3026,1,F0,121,0.00034418970491219085,2.424729519808468e-06,False
F0,3026,1,F0,122,0.00031718275083621525,2.2344723510043166e-06,False
F0,3026,1,F0,123,0.0002918478555940662,2.055994414278795e-06,False
F0,3026,1,F0,124,0.0002800605065367469,1.9729555179618346e-06,False
F0,3026,1,F0,125,0.00026321662192194605,1.8542946060552023e-06,False
F0,3026,1,F0,126,0.00023359257823736378,1.6456007021035212e-06,False
F0,3026,1,F0,127,0.00017349325680861608,1.222216165294324e-06,False
F0,3026,1,F0,128,0.0001431400157779172,1.0083852502535227e-06,False
F0,3026,1,F0,129,2.1503606475072624e-14,1.5148747524495273e-16,False
F0,3026,1,F0,130,1.7648543458505777e-14,1.2432953018271961e-16,False
F0,3026,1,F0,131,1.6413810194352837e-14,1.1563114626259365e-16,False
F0,3026,1,F0,132,1.6233223953723274e-14,1.143589618181535e-16,False
F0,3026,1,F0,133,1.5585622737802876e-14,1.0979677485295461e-16,False
F0,3026,1,F0,134,1.488007609276524e-14,1.0482637697815174e-16,False
F0,3026,1,F0,135,1.4423737161473976e-14,1.0161158449032277e-16,False
F0,3026,1,F0,136,1.4094381965099774e-14,9.929136033558061e-17,False
F0,3026,1,F0,137,1.3768332188880661e-14,9.699442203079571e-17,False
F0,3026,1,F0,138,1.3382061200420726e-14,9.427324049922332e-17,False
F0,3026,1,F0,139,1.3079871920345654e-14,9.214439336198942e-17,False
F0,3026,1,F0,140,1.2740771287508687e-14,8.975551506931855e-17,False
F0,3026,1,F0,141,1.2311737755151544e-14,8.673308221892443e-17,False
F0,3026,1,F0,142,1.2000317214941231e-14,8.453920318609488e-17,False
F0,3026,1,F0,143,1.170906133767812e-14,8.24873791096085e-17,False
F0,3026,1,F0,144,1.1310642916232854e-14,7.96806219814129e-17,False
F0,3026,1,F0,145,1.1208319526079087e-14,7.895977954733715e-17,False
F0,3026,1,F0,146,1.1051923884343593e-14,7.78580117609294e-17,False
F0,3026,1,F0,147,1.0748925654534599e-14,7.572346577718184e-17,False
F0,3026,1,F0,148,1.0399548209785961e-14,7.3262189940784e-17,False
F0,3026,1,F0,149,1.0175458438376412e-14,7.168353411212554e-17,False
F0,3026,1,F0,150,9.844704623966023e-15,6.935345704664584e-17,False
F0,3026,1,F0,151,9.727669547405881e-15,6.852897449839293e-17,False
F0,3026,1,F0,152,9.20529732826395e-15,6.484899417938707e-17,False
F0,3026,1,F0,153,9.0746266487093e-15,6.392845225274686e-17,False
F0,3026,1,F0,154,9.050146502911904e-15,6.375599580992761e-17,False
F0,3026,1,F0,155,8.724793705008351e-15,6.146396754130093e-17,False
F0,3026,1,F0,156,8.538394266008537e-15,6.01508305829079e-17,False
F0,3026,1,F0,157,8.462350504736975e-15,5.96151214953875e-17,False
F0,3026,1,F0,158,8.169790069878604e-15,5.755410714020778e-17,False
F0,3026,1,F0,159,7.900626849299729e-15,5.565792024888046e-17,False
F0,3026,1,F0,160,7.655087034333764e-15,5.3928154282207594e-17,False
F0,3026,1,F0,161,7.528085461684061e-15,5.303346028680063e-17,False
F0,3026,1,F0,162,7.286858407577104e-15,5.133407663086358e-17,False
F0,3026,1,F0,163,7.178763183433477e-15,5.057257308444509e-17,False
F0,3026,1,F0,164,6.993592594349817e-15,4.9268093063271833e-17,False
F0,3026,1,F0,165,6.9726591184268995e-15,4.912062201373696e-17,False
F0,3026,1,F0,166,6.713854335540962e-15,4.729740769914481e-17,False
F0,3026,1,F0,167,6.669156369872863e-15,4.698252182288516e-17,False
F0,3026,1,F0,168,6.540723036217204e-15,4.607774143289141e-17,False
F0,3026,1,F0,169,6.285968680806472e-15,4.4283061356618445e-17,False
F0,3026,1,F0,170,6.013317174577801e-15,4.236230037412026e-17,False
F0,3026,1,F0,171,5.848006136541989e-15,4.1197725873038434e-17,False
F0,3026,1,F0,172,5.700680195924355e-15,4.015985183976292e-17,False
F0,3026,1,F0,173,5.62758204841245e-15,3.964489385704043e-17,False
F0,3026,1,F0,174,5.5035172182439984e-15,3.8770888470516115e-17,False
F0,3026,1,F0,175,5.320750101759787e-15,3.7483340306626096e-17,False
F0,3026,1,F0,176,5.22704658287251e-15,3.6823222688018426e-17,False
F0,3026,1,F0,177,5.059948571655783e-15,3.5646059412313094e-17,False
F0,3026,1,F0,178,4.784250365381716e-15,3.3703835197671e-17,False
F0,3026,1,F0,179,4.61913473911938e-15,3.254063732316721e-17,False
F0,3026,1,F0,180,4.538099750135535e-15,3.19697662973281e-17,False
F0,3026,1,F0,181,4.360673632579027e-15,3.0719844121608097e-17,False
F0,3026,1,F0,182,4.106259715034842e-15,2.892756234410147e-17,False
F0,3026,1,F0,183,3.922427877761675e-15,2.7632513491229497e-17,False
F0,3026,1,F0,184,3.851760597499826e-15,2.7134680354183177e-17,False
F0,3026,1,F0,185,3.742789166078137e-15,2.636700414884356e-17,False
F0,3026,1,F0,186,3.6387362301042696e-15,2.5633977501393592e-17,False
F0,3026,1,F0,187,3.4657549585100455e-15,2.4415368142593838e-17,False
F0,3026,1,F0,188,3.3284837511390825e-15,2.3448327164953212e-17,False
F0,3026,1,F0,189,2.8547954172345982e-15,2.0111312518625794e-17,False
F0,3026,1,F0,190,2.5221705967935135e-15,1.7768054688324772e-17,False
F0,3026,1,F0,191,1.8118386129378755e-15,1.2763945310450487e-17,False
F0,3026,2,F0,0,72.5310105995273,0.5578962035530797,False
F0,3026,2,F0,1,36.001800141338784,0.27691972652674623,False
F0,3026,2,F0,2,4.894136988580167,0.037644869732662616,False
F0,3026,2,F0,3,3.854003873316067,0.02964434262847443,False
F0,3026,2,F0,4,2.7847026013475062,0.02141945902138421,False
F0,3026,2,F0,5,1.818447535945034,0.013987189317761948,False
F0,3026,2,F0,6,1.2265630537912688,0.009434514499003554,False
F0,3026,2,F0,7,1.0253326806557235,0.00788668467719459,False
F0,3026,2,F0,8,0.894716799756888,0.006882009525492285,False
F0,3026,2,F0,9,0.7353045579667498,0.005655837661078978,False
F0,3026,2,F0,10,0.5673897321257713,0.004364265365551512,False
F0,3026,2,F0,11,0.4407216584986722,0.003389956076272133,False
F0,3026,2,F0,12,0.38349736115509203,0.0029497965090044464,False
F0,3026,2,F0,13,0.2994274585769944,0.002303145109917176,False
F0,3026,2,F0,14,0.27436140941468495,0.002110341320887682,False
F0,3026,2,F0,15,0.21430789319902738,0.0016484198830117422,False
F0,3026,2,F0,16,0.1899755559381338,0.0014612596811998827,False
F0,3026,2,F0,17,0.17397177875807293,0.0013381613477082552,False
F0,3026,2,F0,18,0.13216574032739326,0.0010165964069569354,False
F0,3026,2,F0,19,0.12477412069702128,0.0009597413253055594,False
F0,3026,2,F0,20,0.09668356195921378,0.0007436735227757305,False
F0,3026,2,F0,21,0.09381250805812691,0.0007215898642361229,False
F0,3026,2,F0,22,0.09013012229698864,0.000693265578952135,False
F0,3026,2,F0,23,0.07989013170416753,0.000614501312069145,False
F0,3026,2,F0,24,0.06832414180972993,0.0005255376839726398,False
F0,3026,2,F0,25,0.06479332396677491,0.0004983792333493844,False
F0,3026,2,F0,26,0.0549198119296294,0.0004224338572167787,False
F0,3026,2,F0,27,0.05375346286469252,0.00041346249848390847,False
F0,3026,2,F0,28,0.04919835735201709,0.0003784254012299252,False
F0,3026,2,F0,29,0.0475657872442108,0.00036586794949099546,False
F0,3026,2,F0,30,0.04201194001967558,0.00032314870077143875,False
F0,3026,2,F0,31,0.03803228161779095,0.00029253784486997665,False
F0,3026,2,F0,32,0.03506211741578821,0.0002696918467440745,False
F0,3026,2,F0,33,0.031149139506374324,0.00023959388585528325,False
F0,3026,2,F0,34,0.03069554791665787,0.00023610493645592022,False
F0,3026,2,F0,35,0.029979021455868806,0.00023059353672613141,False
F0,3026,2,F0,36,0.027491602736473407,0.0002114607347876651,False
F0,3026,2,F0,37,0.02609823152725073,0.000200743160313795,False
F0,3026,2,F0,38,0.02533672686351807,0.00019488579589307668,False
F0,3026,2,F0,39,0.023165730329734936,0.00017818685961584798,False
F0,3026,2,F0,40,0.022294214289305586,0.00017148330638706784,False
F0,3026,2,F0,41,0.02147571509071479,0.00016518754969306116,False
F0,3026,2,F0,42,0.020224523000981372,0.0001555635928364271,False
F0,3026,2,F0,43,0.01930793089620892,0.0001485133221834685,False
F0,3026,2,F0,44,0.017343151857010106,0.00013340057581844226,False
F0,3026,2,F0,45,0.016265451416824884,0.0001251110872372541,False
F0,3026,2,F0,46,0.014926855001662966,0.00011481483116780589,False
F0,3026,2,F0,47,0.014630372974163218,0.00011253434181302353,False
F0,3026,2,F0,48,0.014366474457270304,0.00011050447928276389,False
F0,3026,2,F0,49,0.013449422354439118,0.00010345067040293531,False
F0,3026,2,F0,50,0.012864831836979743,9.895409952066165e-05,False
F0,3026,2,F0,51,0.012465525411494188,9.58827023763043e-05,False
F0,3026,2,F0,52,0.012288583069389444,9.452169196031721e-05,False
F0,3026,2,F0,53,0.011938670840658807,9.183022658058496e-05,False
F0,3026,2,F0,54,0.010579404979384777,8.137498464536463e-05,False
F0,3026,2,F0,55,0.010163652495439525,7.817708721509872e-05,False
F0,3026,2,F0,56,0.00989669017282833,7.612365841208863e-05,False
F0,3026,2,F0,57,0.008842888762382988,6.801799710492125e-05,False
F0,3026,2,F0,58,0.008585950443052931,6.604167123110966e-05,False
F0,3026,2,F0,59,0.0083301917524617,6.407441886102502e-05,False
F0,3026,2,F0,60,0.00749438385171121,5.7645526572415345e-05,False
F0,3026,2,F0,61,0.007208189929840598,5.544417157719594e-05,False
F0,3026,2,F0,62,0.006910095185891572,5.3151277481641e-05,False
F0,3026,2,F0,63,0.006570050247135029,5.0535709618990105e-05,False
F0,3026,2,F0,64,0.006409023366481398,4.9297118226920894e-05,False
F0,3026,2,F0,65,0.00600471982624948,4.61872841254238e-05,False
F0,3026,2,F0,66,0.005641405573300303,4.3392732653692476e-05,False
F0,3026,2,F0,67,0.005556828369775501,4.274217918196227e-05,False
F0,3026,2,F0,68,0.005254272459939922,4.0414970556788126e-05,False
F0,3026,2,F0,69,0.0050747695024188355,3.903426432231279e-05,False
F0,3026,2,F0,70,0.004504884627746359,3.4650806744456166e-05,False
F0,3026,2,F0,71,0.004252924427930565,3.2712771719688113e-05,False
F0,3026,2,F0,72,0.0041452152522914645,3.188429105079643e-05,False
F0,3026,2,F0,73,0.003975716913645931,3.05805386439671e-05,False
F0,3026,2,F0,74,0.003849513266520853,2.9609801644390637e-05,False
F0,3026,2,F0,75,0.0037122972007528985,2.8554358992679806e-05,False
F0,3026,2,F0,76,0.003621827767244491,2.785848348957097e-05,False
F0,3026,2,F0,77,0.003443051277372073,2.6483365120752636e-05,False
F0,3026,2,F0,78,0.003220229832593078,2.476946044625712e-05,False
F0,3026,2,F0,79,0.003108235169907903,2.39080165395225e-05,False
F0,3026,2,F0,80,0.002794674344976295,2.149615997822076e-05,False
F0,3026,2,F0,81,0.0026161599992526358,2.012305797763123e-05,False
F0,3026,2,F0,82,0.002575143849739788,1.980756872815795e-05,False
F0,3026,2,F0,83,0.002451730438476202,1.8858293748499274e-05,False
F0,3026,2,F0,84,0.0023140208454846046,1.7799054969281815e-05,False
F0,3026,2,F0,85,0.002309230035112183,1.7762204870315537e-05,False
F0,3026,2,F0,86,0.0021763173162381235,1.6739862831360976e-05,False
F0,3026,2,F0,87,0.0021242985707732166,1.6339743484221278e-05,False
F0,3026,2,F0,88,0.0020093156302082183,1.545531425203021e-05,False
F0,3026,2,F0,89,0.001954457655677196,1.503335603757141e-05,False
F0,3026,2,F0,90,0.0018173003314196849,1.3978365215573091e-05,False
F0,3026,2,F0,91,0.0017018786632061658,1.3090561364891529e-05,False
F0,3026,2,F0,92,0.001663869112422527,1.27981983617337e-05,False
F0,3026,2,F0,93,0.0016124061913912063,1.2402354321649241e-05,False
F0,3026,2,F0,94,0.0014967371526654312,1.1512647739039393e-05,False
F0,3026,2,F0,95,0.0014708440488544639,1.1313482386248367e-05,False
F0,3026,2,F0,96,0.001358884871949526,1.0452311430102893e-05,False
F0,3026,2,F0,97,0.0013560132794500127,1.0430223628755748e-05,False
F0,3026,2,F0,98,0.0012997507663914034,9.997461942708619e-06,False
F0,3026,2,F0,99,0.0011964346727717703,9.202772113904503e-06,False
F0,3026,2,F0,100,0.0011456658835210137,8.812267217476544e-06,False
F0,3026,2,F0,101,0.0010993595941476873,8.456087111498848e-06,False
F0,3026,2,F0,102,0.0009910561003377315,7.623035048268634e-06,False
F0,3026,2,F0,103,0.0009022962206696037,6.940309142681991e-06,False
F0,3026,2,F0,104,0.0008514311414802798,6.549063600415474e-06,False
F0,3026,2,F0,105,0.0008413772047653075,6.471730428332489e-06,False
F0,3026,2,F0,106,0.000784231604603995,6.032176186412603e-06,False
F0,3026,2,F0,107,0.0007667196146369619,5.89747693655366e-06,False
F0,3026,2,F0,108,0.0006607318916252635,5.08223738863197e-06,False
F0,3026,2,F0,109,0.0006569219719571525,5.052932134215796e-06,False
F0,3026,2,F0,110,0.0006298448080357154,4.844659192340468e-06,False
F0,3026,2,F0,111,0.0005782086092580162,4.44748232928738e-06,False
F0,3026,2,F0,112,0.0005396257556152953,4.15070957799666e-06,False
F0,3026,2,F0,113,0.00047712294036985476,3.6699485483545592e-06,False
F0,3026,2,F0,114,0.00045051223910391784,3.4652635579285733e-06,False
F0,3026,2,F0,115,0.0004213616441366661,3.2410421369237313e-06,False
F0,3026,2,F0,116,0.00039986212980513394,3.075671527516078e-06,False
F0,3026,2,F0,117,0.00036427173080128206,2.801916228602351e-06,False
F0,3026,2,F0,118,0.00035152584598630623,2.703877049354431e-06,False
F0,3026,2,F0,119,0.00031334534458101544,2.4101991230757698e-06,False
F0,3026,2,F0,120,0.0002981566879312357,2.293370558135871e-06,False
F0,3026,2,F0,121,0.00024221414893195293,1.8630700581587848e-06,False
F0,3026,2,F0,122,0.00022677274755210814,1.7442974237208077e-06,False
F0,3026,2,F0,123,0.00019603606110172147,1.50787605665683e-06,False
F0,3026,2,F0,124,0.00016946347709083522,1.3034842576769145e-06,False
F0,3026,2,F0,125,0.0001560652140009941,1.200427095640399e-06,False
F0,3026,2,F0,126,0.0001524246669622188,1.1724246266964133e-06,False
F0,3026,2,F0,127,0.00010682474641804682,8.216777896727274e-07,False
F0,3026,2,F0,128,9.731056703572035e-05,7.484963392358918e-07,False
F0,3026,2,F0,129,2.2127443731272162e-14,1.702005356049952e-16,False
F0,3026,2,F0,130,1.8886412686937566e-14,1.4527107577414418e-16,False
F0,3026,2,F0,131,1.7265744065551752e-14,1.328051682455561e-16,False
F0,3026,2,F0,132,1.481931213129853e-14,1.1398762969081572e-16,False
F0,3026,2,F0,133,1.4611204439213753e-14,1.1238690070076566e-16,False
F0,3026,2,F0,134,1.42489133939701e-14,1.0960021956876408e-16,False
F0,3026,2,F0,135,1.3482072489597617e-14,1.0370180969218354e-16,False
F0,3026,2,F0,136,1.2569898239352343e-14,9.668552042523058e-17,False
F0,3026,2,F0,137,1.1778051493880516e-14,9.059476986980576e-17,False
F0,3026,2,F0,138,1.1663859680450692e-14,8.971642585305005e-17,False
F0,3026,2,F0,139,1.157446660102278e-14,8.902882948255253e-17,False
F0,3026,2,F0,140,1.1330573500831368e-14,8.715284521672091e-17,False
F0,3026,2,F0,141,1.084879068076176e-14,8.344705366587656e-17,False
F0,3026,2,F0,142,1.0602134311404562e-14,8.15498148033663e-17,False
F0,3026,2,F0,143,1.03361467703e-14,7.950388385399634e-17,False
F0,3026,2,F0,144,9.823858927198672e-15,7.556345285172253e-17,False
F0,3026,2,F0,145,9.655524708708528e-15,7.426865465923275e-17,False
F0,3026,2,F0,146,9.56092609733208e-15,7.354101822190648e-17,False
F0,3026,2,F0,147,9.364255326555349e-15,7.202826008632755e-17,False
F0,3026,2,F0,148,9.07952946024918e-15,6.983819712494633e-17,False
F0,3026,2,F0,149,8.808484528458642e-15,6.775336558615581e-17,False
F0,3026,2,F0,150,8.711423229025512e-15,6.700678657094455e-17,False
F0,3026,2,F0,151,8.407122139979005e-15,6.466615432395337e-17,False
F0,3026,2,F0,152,8.262813990074367e-15,6.355616056668877e-17,False
F0,3026,2,F0,153,7.958200889034982e-15,6.121312837648914e-17,False
F0,3026,2,F0,154,7.695863071533774e-15,5.919527048063793e-17,False
F0,3026,2,F0,155,7.644644949467408e-15,5.880130939257707e-17,False
F0,3026,2,F0,156,7.431112790831368e-15,5.715885632795208e-17,False
F0,3026,2,F0,157,7.086852851199885e-15,5.4510867395104255e-17,False
F0,3026,2,F0,158,6.9837969128025335e-15,5.3718178636044595e-17,False
F0,3026,2,F0,159,6.915609033090679e-15,5.3193689056964806e-17,False
F0,3026,2,F0,160,6.608047647476729e-15,5.082797916301407e-17,False
F0,3026,2,F0,161,6.4812515724161286e-15,4.9852685308467925e-17,False
F0,3026,2,F0,162,6.357278081021975e-15,4.889910228765628e-17,False
F0,3026,2,F0,163,6.183405126034593e-15,4.7561701075592534e-17,False
F0,3026,2,F0,164,5.944257579013355e-15,4.5722218798021046e-17,False
F0,3026,2,F0,165,5.886618266227081e-15,4.5278867002519107e-17,False
F0,3026,2,F0,166,5.702091496289026e-15,4.385951845696025e-17,False
F0,3026,2,F0,167,5.634197614995029e-15,4.3337290263732076e-17,False
F0,3026,2,F0,168,5.327172489620331e-15,4.0975705192379594e-17,False
F0,3026,2,F0,169,5.23776521860505e-15,4.028799966260456e-17,False
F0,3026,2,F0,170,5.104412010968066e-15,3.926226945896689e-17,False
F0,3026,2,F0,171,4.9491099815267295e-15,3.806771264922109e-17,False
F0,3026,2,F0,172,4.8006878164702055e-15,3.692607458677414e-17,False
F0,3026,2,F0,173,4.671044146157253e-15,3.5928877513626584e-17,False
F0,3026,2,F0,174,4.482666010389824e-15,3.447990491682479e-17,False
F0,3026,2,F0,175,4.393930861660574e-15,3.379736923741584e-17,False
F0,3026,2,F0,176,4.326509980525881e-15,3.3278779281004924e-17,False
F0,3026,2,F0,177,4.139332083408819e-15,3.183903871586604e-17,False
F0,3026,2,F0,178,4.099715773116629e-15,3.153431679171105e-17,False
F0,3026,2,F0,179,3.811843049159344e-15,2.9320048736230524e-17,False
F0,3026,2,F0,180,3.63443371964065e-15,2.79554463324413e-17,False
F0,3026,2,F0,181,3.4974217159979943e-15,2.6901573291908528e-17,False
F0,3026,2,F0,182,3.335911195012199e-15,2.5659261820621206e-17,False
F0,3026,2,F0,183,3.2871516457996784e-15,2.528421165700468e-17,False
F0,3026,2,F0,184,3.0886703401523642e-15,2.3757527194984834e-17,False
F0,3026,2,F0,185,2.8608819737885898e-15,2.200541780401578e-17,False
F0,3026,2,F0,186,2.6941466505320433e-15,2.0722918041857095e-17,False
F0,3026,2,F0,187,2.5330572693035355e-15,1.948384590599077e-17,False
F0,3026,2,F0,188,2.315066188041653e-15,1.7807095566526624e-17,False
F0,3026,2,F0,189,2.0583192263074104e-15,1.583224158281203e-17,False
F0,3026,2,F0,190,1.658689474060347e-15,1.2758357463969388e-17,False
F0,3026,2,F0,191,0.0,0.0,False
F0,3026,3,F0,0,82.03708941498559,0.5634619402992509,False
F0,3026,3,F0,1,36.92086123962622,0.253586521169278,False
F0,3026,3,F0,2,9.403562864175882,0.06458724724339923,False
F0,3026,3,F0,3,4.924933708307599,0.03382631835084677,False
F0,3026,3,F0,4,2.7683135057652253,0.019013830335016274,False
F0,3026,3,F0,5,1.4547228252961426,0.009991589799006727,False
F0,3026,3,F0,6,1.045517169971749,0.007181009680005197,False
F0,3026,3,F0,7,0.9850303650833605,0.006765563292426655,False
F0,3026,3,F0,8,0.8809408670264612,0.006050637019954561,False
F0,3026,3,F0,9,0.6521715818467334,0.004479362536334282,False
F0,3026,3,F0,10,0.5881311214379269,0.004039508290688507,False
F0,3026,3,F0,11,0.4728688209999492,0.0032478429608812976,False
F0,3026,3,F0,12,0.4160581239015882,0.0028576454801434183,False
F0,3026,3,F0,13,0.32773279310458014,0.002250993505733362,False
F0,3026,3,F0,14,0.2842556823047171,0.0019523761683242487,False
F0,3026,3,F0,15,0.24028842072257123,0.0016503922888694124,False
F0,3026,3,F0,16,0.19387511638657096,0.0013316080572083953,False
F0,3026,3,F0,17,0.1636201051816385,0.0011238051300339364,False
F0,3026,3,F0,18,0.13345468852123943,0.0009166175722766888,False
F0,3026,3,F0,19,0.11920988268165407,0.0008187788264752966,False
F0,3026,3,F0,20,0.11184696776530247,0.0007682075256818297,False
F0,3026,3,F0,21,0.10195013973174759,0.0007002323455972934,False
F0,3026,3,F0,22,0.09307350374909437,0.0006392642326402985,False
F0,3026,3,F0,23,0.08842184840637693,0.0006073148940703691,False
F0,3026,3,F0,24,0.07832331463496203,0.0005379543222412625,False
F0,3026,3,F0,25,0.07051300180992295,0.00048431012240283245,False
F0,3026,3,F0,26,0.06431382784018763,0.0004417318371644289,False
F0,3026,3,F0,27,0.06262595728211871,0.00043013890003799584,False
F0,3026,3,F0,28,0.05098297039583655,0.0003501704366441092,False
F0,3026,3,F0,29,0.04842515906842744,0.00033260241535350895,False
F0,3026,3,F0,30,0.045715579822941624,0.00031399199426295854,False
F0,3026,3,F0,31,0.04370765498868023,0.0003002008026061601,False
F0,3026,3,F0,32,0.04269210421992824,0.00029322561357015235,False
F0,3026,3,F0,33,0.041926279230243245,0.00028796563619047297,False
F0,3026,3,F0,34,0.03439555992315323,0.00023624179100189833,False
F0,3026,3,F0,35,0.029556976160645138,0.00020300855692978315,False
F0,3026,3,F0,36,0.029153955876801453,0.00020024046029527438,False
F0,3026,3,F0,37,0.028501052908037408,0.0001957560743153431,False
F0,3026,3,F0,38,0.0280345136300915,0.00019255170506416884,False
F0,3026,3,F0,39,0.0266959583766114,0.0001833579983431954,False
F0,3026,3,F0,40,0.024975723098455718,0.00017154276800636966,False
F0,3026,3,F0,41,0.022240301206180677,0.00015275484978609217,False
F0,3026,3,F0,42,0.02109713037459919,0.00014490311760678414,False
F0,3026,3,F0,43,0.02007152168296468,0.00013785884692998223,False
F0,3026,3,F0,44,0.0191686364489682,0.00013165748764916077,False
F0,3026,3,F0,45,0.017395292417162776,0.00011947748618756999,False
F0,3026,3,F0,46,0.01615969423258735,0.00011099092778482971,False
F0,3026,3,F0,47,0.0153434127833702,0.00010538439624542378,False
F0,3026,3,F0,48,0.01468061835463277,0.00010083207195528744,False
F0,3026,3,F0,49,0.013827939958431906,9.497555233713984e-05,False
F0,3026,3,F0,50,0.013376825133788316,9.187712409932621e-05,False
F0,3026,3,F0,51,0.012389923884795848,8.509871086445257e-05,False
F0,3026,3,F0,52,0.011842485730982875,8.133869735664824e-05,False
F0,3026,3,F0,53,0.011624684300532767,7.984275427192255e-05,False
F0,3026,3,F0,54,0.011400813890058698,7.830512712350904e-05,False
F0,3026,3,F0,55,0.010593962684777157,7.276336608709568e-05,False
F0,3026,3,F0,56,0.010277678872431476,7.059100853686563e-05,False
F0,3026,3,F0,57,0.010040164543569279,6.8959669766269e-05,False
F0,3026,3,F0,58,0.009775048915024323,6.713875476881045e-05,False
F0,3026,3,F0,59,0.008579395712218585,5.892655369753657e-05,False
F0,3026,3,F0,60,0.008329603370083516,5.721088486073347e-05,False
F0,3026,3,F0,61,0.008016898447500235,5.5063108486944706e-05,False
F0,3026,3,F0,62,0.007652200072631329,5.2558221302464954e-05,False
F0,3026,3,F0,63,0.007170879065653833,4.925232551273952e-05,False
F0,3026,3,F0,64,0.0068911444962417735,4.733100206777461e-05,False
F0,3026,3,F0,65,0.00638398144227325,4.38476132679643e-05,False
F0,3026,3,F0,66,0.006081287993393802,4.1768599504339344e-05,False
F0,3026,3,F0,67,0.005939311609158884,4.0793451683906485e-05,False
F0,3026,3,F0,68,0.005444567962558058,3.73953640987379e-05,False
F0,3026,3,F0,69,0.005311374656968813,3.648054180387869e-05,False
F0,3026,3,F0,70,0.004982650634815561,3.422274015993579e-05,False
F0,3026,3,F0,71,0.004767195231033334,3.274291047888769e-05,False
F0,3026,3,F0,72,0.004626731334147573,3.177815099697965e-05,False
F0,3026,3,F0,73,0.0044814514938950325,3.078031378385068e-05,False
F0,3026,3,F0,74,0.004163733035386809,2.8598102537979385e-05,False
F0,3026,3,F0,75,0.00408105287690364,2.80302237546706e-05,False
F0,3026,3,F0,76,0.003779379039646015,2.595821307156546e-05,False
F0,3026,3,F0,77,0.0036780142858750674,2.5262001379451224e-05,False
F0,3026,3,F0,78,0.0035265587869417153,2.422174739303433e-05,False
F0,3026,3,F0,79,0.0031883841404246613,2.1899035265564518e-05,False
F0,3026,3,F0,80,0.0030269318983036967,2.079011984377329e-05,False
F0,3026,3,F0,81,0.0029525076109178897,2.0278945524025477e-05,False
F0,3026,3,F0,82,0.0029102776344106835,1.9988893979398205e-05,False
F0,3026,3,F0,83,0.0028142157985206963,1.9329104744732928e-05,False
F0,3026,3,F0,84,0.0025108361251259498,1.7245377730069593e-05,False
F0,3026,3,F0,85,0.002474806500835334,1.6997912563328377e-05,False
F0,3026,3,F0,86,0.0023626432889147964,1.622753295247644e-05,False
F0,3026,3,F0,87,0.00227979264538784,1.565848321302758e-05,False
F0,3026,3,F0,88,0.0022544761521416236,1.5484599906003765e-05,False
F0,3026,3,F0,89,0.002186813635025657,1.5019867996917661e-05,False
F0,3026,3,F0,90,0.0020005268897207605,1.3740379759218732e-05,False
F0,3026,3,F0,91,0.0018654228382054148,1.2812433734414726e-05,False
F0,3026,3,F0,92,0.0017387009938120137,1.1942059897051811e-05,False
F0,3026,3,F0,93,0.001636696252444335,1.1241452526646292e-05,False
F0,3026,3,F0,94,0.0015576475145618674,1.0698515721561081e-05,False
F0,3026,3,F0,95,0.0014584737645020707,1.0017352676480665e-05,False
F0,3026,3,F0,96,0.0014279672473419573,9.807822310723076e-06,False
F0,3026,3,F0,97,0.0014086620473008733,9.675226852369e-06,False
F0,3026,3,F0,98,0.0013204431875224628,9.069306161420515e-06,False
F0,3026,3,F0,99,0.0012608086147050705,8.659713227928814e-06,False
F0,3026,3,F0,100,0.0011525175700770275,7.915929135169378e-06,False
F0,3026,3,F0,101,0.0011123851666178617,7.640284520236913e-06,False
F0,3026,3,F0,102,0.0010778822315556172,7.403305235929928e-06,False
F0,3026,3,F0,103,0.001038125677916222,7.130242100547985e-06,False
F0,3026,3,F0,104,0.0010039058078664842,6.8952070144361736e-06,False
F0,3026,3,F0,105,0.0009054688561381714,6.219104580604007e-06,False
F0,3026,3,F0,106,0.0008554032097409641,5.875234674169302e-06,False
F0,3026,3,F0,107,0.0007698624516449447,5.287708204432706e-06,False
F0,3026,3,F0,108,0.0007546736136612245,5.183385486717728e-06,False
F0,3026,3,F0,109,0.0007276449861105101,4.997742589926105e-06,False
F0,3026,3,F0,110,0.0006706401300502212,4.606211551571852e-06,False
F0,3026,3,F0,111,0.0006245538309954474,4.289673316588215e-06,False
F0,3026,3,F0,112,0.0005808327757214413,3.989380475724432e-06,False
F0,3026,3,F0,113,0.000553850540003502,3.804056215689621e-06,False
F0,3026,3,F0,114,0.0005392064462894336,3.7034750088611663e-06,False
F0,3026,3,F0,115,0.0005099052878957856,3.5022235056784524e-06,False
F0,3026,3,F0,116,0.0004698713586944946,3.227255249412626e-06,False
F0,3026,3,F0,117,0.00039701573806838437,2.7268551297541218e-06,False
F0,3026,3,F0,118,0.00036607512971360953,2.514343260525909e-06,False
F0,3026,3,F0,119,0.00035090801391523846,2.4101697390438986e-06,False
F0,3026,3,F0,120,0.0003187947007410576,2.189603286972086e-06,False
F0,3026,3,F0,121,0.0002808761061258931,1.9291639534018427e-06,False
F0,3026,3,F0,122,0.00026996398845558655,1.8542153778352217e-06,False
F0,3026,3,F0,123,0.0002493106243629387,1.7123602158793607e-06,False
F0,3026,3,F0,124,0.0002209066271315833,1.5172707568753394e-06,False
F0,3026,3,F0,125,0.00020034827084473736,1.3760681446745032e-06,False
F0,3026,3,F0,126,0.00015254761331761515,1.047755043492097e-06,False
F0,3026,3,F0,127,0.000147899222707653,1.015828128348766e-06,False
F0,3026,3,F0,128,0.00012832045939156108,8.813537333475002e-07,False
F0,3026,3,F0,129,2.0271668676324515e-14,1.3923353262431642e-16,False
F0,3026,3,F0,130,1.9467522421572625e-14,1.337103502172123e-16,False
F0,3026,3,F0,131,1.9070397124130153e-14,1.3098274259199615e-16,False
F0,3026,3,F0,132,1.736381548539084e-14,1.1926129064507378e-16,False
F0,3026,3,F0,133,1.6959170396508384e-14,1.1648203423141775e-16,False
F0,3026,3,F0,134,1.6130697660261864e-14,1.1079176829463988e-16,False
F0,3026,3,F0,135,1.5531522802315415e-14,1.066764074201308e-16,False
F0,3026,3,F0,136,1.5149112015916537e-14,1.0404986465475188e-16,False
F0,3026,3,F0,137,1.4495163945218856e-14,9.955830051714172e-17,False
F0,3026,3,F0,138,1.3631375609708462e-14,9.362547360915003e-17,False
F0,3026,3,F0,139,1.3340292437951021e-14,9.162620364581382e-17,False
F0,3026,3,F0,140,1.3145013429761917e-14,9.028495312560891e-17,False
F0,3026,3,F0,141,1.292490236332992e-14,8.877314658228151e-17,False
F0,3026,3,F0,142,1.2328979936161728e-14,8.468012463971254e-17,False
F0,3026,3,F0,143,1.1953987705841058e-14,8.210453533979484e-17,False
F0,3026,3,F0,144,1.1850306175898229e-14,8.13924111475376e-17,False
F0,3026,3,F0,145,1.130405018133399e-14,7.764051715919435e-17,False
F0,3026,3,F0,146,1.1117128903077596e-14,7.635667070778276e-17,False
F0,3026,3,F0,147,1.0762487657331528e-14,7.39208597122537e-17,False
F0,3026,3,F0,148,1.0518412012564512e-14,7.22444553278352e-17,False
F0,3026,3,F0,149,1.0281338067973554e-14,7.061614128395328e-17,False
F0,3026,3,F0,150,1.0072957008766091e-14,6.91849008928089e-17,False
F0,3026,3,F0,151,9.969490744699626e-15,6.847425522848629e-17,False
F0,3026,3,F0,152,9.849487950322232e-15,6.765003038282927e-17,False
F0,3026,3,F0,153,9.410677614761603e-15,6.463611405715826e-17,False
F0,3026,3,F0,154,9.091747277245033e-15,6.244557916521029e-17,False
F0,3026,3,F0,155,8.97943320364082e-15,6.167416337892104e-17,False
F0,3026,3,F0,156,8.755890419065385e-15,6.013878648982137e-17,False
F0,3026,3,F0,157,8.224840801287608e-15,5.649133568236279e-17,False
F0,3026,3,F0,158,8.105589130356859e-15,5.567226983829477e-17,False
F0,3026,3,F0,159,8.043727852361776e-15,5.5247383046514793e-17,False
F0,3026,3,F0,160,7.93458627839272e-15,5.449775719466582e-17,False
F0,3026,3,F0,161,7.828966199167853e-15,5.3772318308437695e-17,False
F0,3026,3,F0,162,7.463010073018715e-15,5.1258792409666307e-17,False
F0,3026,3,F0,163,7.345306228587045e-15,5.045035762684922e-17,False
F0,3026,3,F0,164,7.137922301169346e-15,4.902596591618584e-17,False
F0,3026,3,F0,165,7.042753817206026e-15,4.8372312562419797e-17,False
F0,3026,3,F0,166,6.941197345607837e-15,4.7674784079330916e-17,False
F0,3026,3,F0,167,6.767526592639522e-15,4.648194727662881e-17,False
F0,3026,3,F0,168,6.619608898217199e-15,4.546599227751631e-17,False
F0,3026,3,F0,169,6.460193675782296e-15,4.437106788189289e-17,False
F0,3026,3,F0,170,6.298063988184038e-15,4.32574995068362e-17,False
F0,3026,3,F0,171,6.129782330185337e-15,4.210167705861314e-17,False
F0,3026,3,F0,172,5.7468834367835334e-15,3.9471781788642654e-17,False
F0,3026,3,F0,173,5.579064891771301e-15,3.83191401765974e-17,False
F0,3026,3,F0,174,5.434363590503074e-15,3.7325276589312113e-17,False
F0,3026,3,F0,175,5.395340012028569e-15,3.705724780621576e-17,False
F0,3026,3,F0,176,5.13739583026069e-15,3.5285589033527976e-17,False
F0,3026,3,F0,177,5.108129184318653e-15,3.5084574574992846e-17,False
F0,3026,3,F0,178,4.892465307147966e-15,3.3603313019401176e-17,False
F0,3026,3,F0,179,4.7354966162773184e-15,3.2525192333319735e-17,False
F0,3026,3,F0,180,4.565411854880247e-15,3.135698548498386e-17,False
F0,3026,3,F0,181,4.329978400946827e-15,2.9739938955046306e-17,False
F0,3026,3,F0,182,4.046465047207066e-15,2.779266138171772e-17,False
F0,3026,3,F0,183,3.903510175653699e-15,2.6810792938125955e-17,False
F0,3026,3,F0,184,3.887094411976237e-15,2.669804322797464e-17,False
F0,3026,3,F0,185,3.7380278824408415e-15,2.5674197592242636e-17,False
F0,3026,3,F0,186,3.5193975755651258e-15,2.4172561468888062e-17,False
F0,3026,3,F0,187,3.3707434184831153e-15,2.3151548164048913e-17,False
F0,3026,3,F0,188,3.1397480986526797e-15,2.1564984427574765e-17,False
F0,3026,3,F0,189,3.0127670756484338e-15,2.0692830452910636e-17,False
F0,3026,3,F0,190,2.56392507480357e-15,1.7610012833619925e-17,False
F0,3026,3,F0,191,1.665919192256066e-15,1.1442166794850917e-17,False
F0,3026,4,F0,0,97.75957321725022,0.6694014906133114,False
F0,3026,4,F0,1,21.689133040240755,0.14851474397277414,False
F0,3026,4,F0,2,7.85404248132296,0.053779978485116224,False
F0,3026,4,F0,3,4.993298814703344,0.03419124654126757,False
F0,3026,4,F0,4,3.6283301852391068,0.024844724199427598,False
F0,3026,4,F0,5,2.3669167759146594,0.016207288614424383,False
F0,3026,4,F0,6,1.5936134595100642,0.010912151006293837,False
F0,3026,4,F0,7,0.8532836855714526,0.005842797306082767,False
F0,3026,4,F0,8,0.6244364456421765,0.004275782654832548,False
F0,3026,4,F0,9,0.5082154614637489,0.003479968009890363,False
F0,3026,4,F0,10,0.4264511119309216,0.0029200926375350707,False
F0,3026,4,F0,11,0.36326520821372804,0.0024874318070704894,False
F0,3026,4,F0,12,0.3397884479399191,0.0023266764170368714,False
F0,3026,4,F0,13,0.297230408438124,0.0020352633702882704,False
F0,3026,4,F0,14,0.27198309965470363,0.001862384279500526,False
F0,3026,4,F0,15,0.21952005786264345,0.0015031474577555163,False
F0,3026,4,F0,16,0.1923375496353144,0.0013170172310456897,False
F0,3026,4,F0,17,0.1663834779140941,0.0011392986330004604,False
F0,3026,4,F0,18,0.15681711875070825,0.001073793691919326,False
F0,3026,4,F0,19,0.13374783470516727,0.0009158284654023379,False
F0,3026,4,F0,20,0.11386046658152628,0.000779651174235606,False
F0,3026,4,F0,21,0.10795523235681025,0.0007392155170170439,False
F0,3026,4,F0,22,0.09406827589177041,0.0006441256035502417,False
F0,3026,4,F0,23,0.07905587556377028,0.0005413292959710901,False
F0,3026,4,F0,24,0.06805977024384251,0.00046603427319370175,False
F0,3026,4,F0,25,0.06661032580836126,0.00045610930898056927,False
F0,3026,4,F0,26,0.06472090165271378,0.00044317161597959325,False
F0,3026,4,F0,27,0.06195160529865326,0.00042420906278555973,False
F0,3026,4,F0,28,0.0560538351981139,0.0003838245156085572,False
F0,3026,4,F0,29,0.0516572080287527,0.0003537189342932529,False
F0,3026,4,F0,30,0.048150254376740066,0.00032970532698185345,False
F0,3026,4,F0,31,0.04353487399868849,0.00029810184915212426,False
F0,3026,4,F0,32,0.04275657002024741,0.0002927724698783326,False
F0,3026,4,F0,33,0.0394589521349127,0.00027019227383951995,False
F0,3026,4,F0,34,0.037823348390104906,0.00025899259744165023,False
F0,3026,4,F0,35,0.03431807386790231,0.0002349904878481804,False
F0,3026,4,F0,36,0.033150549949345645,0.00022699595364873465,False
F0,3026,4,F0,37,0.029968103654146348,0.00020520438660630294,False
F0,3026,4,F0,38,0.02801753184317412,0.00019184798953088367,False
F0,3026,4,F0,39,0.025001762736561853,0.00017119773228369264,False
F0,3026,4,F0,40,0.024237350899377605,0.0001659634784258484,False
F0,3026,4,F0,41,0.02272683708481942,0.00015562034612912488,False
F0,3026,4,F0,42,0.02076294722843338,0.00014217275471683748,False
F0,3026,4,F0,43,0.019364258758218882,0.00013259533824444206,False
F0,3026,4,F0,44,0.018398684280573462,0.00012598363799491642,False
F0,3026,4,F0,45,0.017244237434797333,0.00011807864808994807,False
F0,3026,4,F0,46,0.017069705287439146,0.00011688355204199503,False
F0,3026,4,F0,47,0.01517770782105125,0.00010392823848490612,False
F0,3026,4,F0,48,0.014672300138006526,0.00010046749653132055,False
F0,3026,4,F0,49,0.01408155646157661,9.642242263667722e-05,False
F0,3026,4,F0,50,0.013065691264954129,8.946636038617958e-05,False
F0,3026,4,F0,51,0.012444124158932328,8.521022532345227e-05,False
F0,3026,4,F0,52,0.011967012929626528,8.194324125657323e-05,False
F0,3026,4,F0,53,0.01177900055636535,8.065584035277538e-05,False
F0,3026,4,F0,54,0.011069032990121696,7.579438963761673e-05,False
F0,3026,4,F0,55,0.010790130736651053,7.388462696103708e-05,False
F0,3026,4,F0,56,0.010239801848211223,7.011629035598136e-05,False
F0,3026,4,F0,57,0.010164648271630338,6.960168176541021e-05,False
F0,3026,4,F0,58,0.009283519705603227,6.356821868747976e-05,False
F0,3026,4,F0,59,0.008649538425924221,5.9227078483287707e-05,False
F0,3026,4,F0,60,0.008530511311912741,5.8412049070611977e-05,False
F0,3026,4,F0,61,0.008145731996596375,5.577730099680906e-05,False
F0,3026,4,F0,62,0.007899621445171943,5.409207708924286e-05,False
F0,3026,4,F0,63,0.007718534295465337,5.285209614461321e-05,False
F0,3026,4,F0,64,0.007371599237144609,5.047648383839119e-05,False
F0,3026,4,F0,65,0.007039191084918493,4.820034345367729e-05,False
F0,3026,4,F0,66,0.0069829607481236965,4.781531035636132e-05,False
F0,3026,4,F0,67,0.006313125790115995,4.3228664725668864e-05,False
F0,3026,4,F0,68,0.0061021249016224915,4.178385165386465e-05,False
F0,3026,4,F0,69,0.005774399302302981,3.953977470593142e-05,False
F0,3026,4,F0,70,0.005498689115724613,3.765186947272541e-05,False
F0,3026,4,F0,71,0.00512274567436004,3.507762439622033e-05,False
F0,3026,4,F0,72,0.004866250692267002,3.3321293863083174e-05,False
F0,3026,4,F0,73,0.00475291337430346,3.254522491054889e-05,False
F0,3026,4,F0,74,0.004566647639259932,3.126978398353879e-05,False
F0,3026,4,F0,75,0.004305475341801829,2.94814258773016e-05,False
F0,3026,4,F0,76,0.004238911828692203,2.9025637114834093e-05,False
F0,3026,4,F0,77,0.0039637154956070975,2.7141250455646212e-05,False
F0,3026,4,F0,78,0.0038095112526454747,2.6085348238601826e-05,False
F0,3026,4,F0,79,0.003674401742727331,2.5160195802284925e-05,False
F0,3026,4,F0,80,0.003493007672739353,2.3918113243592438e-05,False
F0,3026,4,F0,81,0.003288847340802866,2.2520140379915108e-05,False
F0,3026,4,F0,82,0.003182522380696309,2.1792088032278926e-05,False
F0,3026,4,F0,83,0.0030874178155602043,2.1140866514312995e-05,False
F0,3026,4,F0,84,0.002943269489107505,2.0153821446282518e-05,False
F0,3026,4,F0,85,0.0027411045157459783,1.876951165375443e-05,False
F0,3026,4,F0,86,0.0026255980830021267,1.7978589847228816e-05,False
F0,3026,4,F0,87,0.002509925656505713,1.71865314106859e-05,False
F0,3026,4,F0,88,0.0023896179388463268,1.6362733158677286e-05,False
F0,3026,4,F0,89,0.002356323203632181,1.6134749907027902e-05,False
F0,3026,4,F0,90,0.0022146389604869284,1.5164577468293123e-05,False
F0,3026,4,F0,91,0.002182076478239055,1.4941608264997239e-05,False
F0,3026,4,F0,92,0.002026847536215995,1.3878689496462473e-05,False
F0,3026,4,F0,93,0.002010891486789671,1.3769431621056814e-05,False
F0,3026,4,F0,94,0.0018557590437370505,1.2707173622127818e-05,False
F0,3026,4,F0,95,0.0017963086253549804,1.2300091252873771e-05,False
F0,3026,4,F0,96,0.0016716538655749738,1.1446526949525764e-05,False
F0,3026,4,F0,97,0.0016336710866510077,1.1186442663224355e-05,False
F0,3026,4,F0,98,0.0015643784013437312,1.0711966094774022e-05,False
F0,3026,4,F0,99,0.0013985801970113028,9.576675079596453e-06,False
F0,3026,4,F0,100,0.0013493567181368292,9.239620926766627e-06,False
F0,3026,4,F0,101,0.0012565445748769606,8.604096599066214e-06,False
F0,3026,4,F0,102,0.0012116399721813023,8.296615633359952e-06,False
F0,3026,4,F0,103,0.0011913674110744484,8.157800761558907e-06,False
F0,3026,4,F0,104,0.0010989162921987519,7.524748521787678e-06,False
F0,3026,4,F0,105,0.001072672284591192,7.345044609075959e-06,False
F0,3026,4,F0,106,0.0010368500997889115,7.099754832182367e-06,False
F0,3026,4,F0,107,0.0009166202319002284,6.276489650755363e-06,False
F0,3026,4,F0,108,0.0008882610437585594,6.082302194838086e-06,False
F0,3026,4,F0,109,0.0008076189263536582,5.530111224475614e-06,False
F0,3026,4,F0,110,0.0007715269769719605,5.282974254456748e-06,False
F0,3026,4,F0,111,0.0007087028873920322,4.852790919697596e-06,False
F0,3026,4,F0,112,0.0006991245889810008,4.787204225495947e-06,False
F0,3026,4,F0,113,0.0006290317048072485,4.307248354135651e-06,False
F0,3026,4,F0,114,0.0005885228035725635,4.029866631024561e-06,False
F0,3026,4,F0,115,0.0005505207135604133,3.7696501134665066e-06,False
F0,3026,4,F0,116,0.00048501270090978995,3.321088812794777e-06,False
F0,3026,4,F0,117,0.00045127839232315486,3.090095614793394e-06,False
F0,3026,4,F0,118,0.0004168087294725647,2.854067132530628e-06,False
F0,3026,4,F0,119,0.0003867634729667059,2.648334447444271e-06,False
F0,3026,4,F0,120,0.00036203474972377775,2.4790063330201872e-06,False
F0,3026,4,F0,121,0.0003518722607018352,2.4094194365582726e-06,False
F0,3026,4,F0,122,0.00033565901974441566,2.2984004610513875e-06,False
F0,3026,4,F0,123,0.000313517644941137,2.146789024853675e-06,False
F0,3026,4,F0,124,0.0002726430243884594,1.8669030655992232e-06,False
F0,3026,4,F0,125,0.00023637213314742152,1.6185408043537972e-06,False
F0,3026,4,F0,126,0.00022891741428586712,1.5674951649979664e-06,False
F0,3026,4,F0,127,0.0001383840574632642,9.475746598971582e-07,False
F0,3026,4,F0,128,0.0001326632748475344,9.084020215107979e-07,False
F0,3026,4,F0,129,2.3466925407633543e-14,1.6068804651051178e-16,False
F0,3026,4,F0,130,2.074589828972929e-14,1.4205601336244825e-16,False
F0,3026,4,F0,131,1.9162285094884962e-14,1.3121233843326346e-16,False
F0,3026,4,F0,132,1.6671759889069876e-14,1.1415865018241845e-16,False
F0,3026,4,F0,133,1.639628253000414e-14,1.122723392184884e-16,False
F0,3026,4,F0,134,1.6215045519313715e-14,1.1103133211178938e-16,False
F0,3026,4,F0,135,1.549834524032518e-14,1.0612377964107906e-16,False
F0,3026,4,F0,136,1.5176554937579213e-14,1.039203442000879e-16,False
F0,3026,4,F0,137,1.436111988990291e-14,9.833671265947337e-17,False
F0,3026,4,F0,138,1.4198420163027332e-14,9.722263824089078e-17,False
F0,3026,4,F0,139,1.3912090961113996e-14,9.526202008085685e-17,False
F0,3026,4,F0,140,1.3787403065402753e-14,9.440822888165576e-17,False
F0,3026,4,F0,141,1.3216741525956751e-14,9.050066594363105e-17,False
F0,3026,4,F0,142,1.272355964077874e-14,8.712363924213365e-17,False
F0,3026,4,F0,143,1.2444035381698957e-14,8.52096174278734e-17,False
F0,3026,4,F0,144,1.20557321851809e-14,8.255073983660713e-17,False
F0,3026,4,F0,145,1.1892457945541225e-14,8.143273148410885e-17,False
F0,3026,4,F0,146,1.17653035561635e-14,8.056205115085576e-17,False
F0,3026,4,F0,147,1.124154142080083e-14,7.697562843438756e-17,False
F0,3026,4,F0,148,1.0979291422642819e-14,7.517989085183709e-17,False
F0,3026,4,F0,149,1.0448919576384339e-14,7.154820862593604e-17,False
F0,3026,4,F0,150,1.0246829993625475e-14,7.016441506501719e-17,False
F0,3026,4,F0,151,1.0003917015440487e-14,6.850108630513204e-17,False
F0,3026,4,F0,152,9.723444402660123e-15,6.65805707086272e-17,False
F0,3026,4,F0,153,9.705355729229e-15,6.645670984713282e-17,False
F0,3026,4,F0,154,9.670604139462822e-15,6.6218750891042e-17,False
F0,3026,4,F0,155,9.119102891668012e-15,6.244238664149141e-17,False
F0,3026,4,F0,156,9.06611681497987e-15,6.207956837674745e-17,False
F0,3026,4,F0,157,8.775570614801155e-15,6.009007463111245e-17,False
F0,3026,4,F0,158,8.75075168185435e-15,5.992012881237301e-17,False
F0,3026,4,F0,159,8.682607244413236e-15,5.945351478677048e-17,False
F0,3026,4,F0,160,8.297645272090164e-15,5.681751598254255e-17,False
F0,3026,4,F0,161,8.02114937931379e-15,5.492423068390845e-17,False
F0,3026,4,F0,162,7.71272525035906e-15,5.281231913531162e-17,False
F0,3026,4,F0,163,7.663428999401673e-15,5.247476668099403e-17,False
F0,3026,4,F0,164,7.544324787810385e-15,5.165920934830855e-17,False
F0,3026,4,F0,165,7.240892375061276e-15,4.958147820945364e-17,False
F0,3026,4,F0,166,6.99882523229764e-15,4.7923941245432905e-17,False
F0,3026,4,F0,167,6.916802528948466e-15,4.7362296814313584e-17,False
F0,3026,4,F0,168,6.826046943677776e-15,4.6740854616252076e-17,False
F0,3026,4,F0,169,6.451789469143877e-15,4.4178154073672794e-17,False
F0,3026,4,F0,170,6.3661298068126935e-15,4.359160583330252e-17,False
F0,3026,4,F0,171,6.120193310686097e-15,4.190757375659222e-17,False
F0,3026,4,F0,172,5.933098832335353e-15,4.0626458070712685e-17,False
F0,3026,4,F0,173,5.891060363518229e-15,4.0338602746030085e-17,False
F0,3026,4,F0,174,5.6851122225530365e-15,3.892838799146308e-17,False
F0,3026,4,F0,175,5.474933671131904e-15,3.748920581230616e-17,False
F0,3026,4,F0,176,5.126060650268387e-15,3.5100323450045615e-17,False
F0,3026,4,F0,177,4.890117433986382e-15,3.348471962239507e-17,False
F0,3026,4,F0,178,4.831766979219232e-15,3.3085169173128146e-17,False
F0,3026,4,F0,179,4.776138899811747e-15,3.270425998899563e-17,False
F0,3026,4,F0,180,4.6927025367137075e-15,3.2132935626673987e-17,False
F0,3026,4,F0,181,4.59538456571885e-15,3.146655797481324e-17,False
F0,3026,4,F0,182,4.3882585185816876e-15,3.0048277594329804e-17,False
F0,3026,4,F0,183,4.126085097019057e-15,2.825306436438652e-17,False
F0,3026,4,F0,184,3.9187560409538075e-15,2.683339389519262e-17,False
F0,3026,4,F0,185,3.839023053846718e-15,2.6287428127707866e-17,False
F0,3026,4,F0,186,3.655504939220509e-15,2.503080132950851e-17,False
F0,3026,4,F0,187,3.3192765461366397e-15,2.272850212637384e-17,False
F0,3026,4,F0,188,3.0230834185360875e-15,2.0700341460363056e-17,False
F0,3026,4,F0,189,2.6866204755642416e-15,1.8396436194113872e-17,False
F0,3026,4,F0,190,2.4377169523590876e-15,1.6692087617610117e-17,False
F0,3026,4,F0,191,1.1907384720213338e-15,8.153494147630425e-18,False
