arm,seed_base,fold,state,dimension,variance,std,pcr_labels_used
F1,2026,0,z_R,0,1.0457794508999956,1.0226335858458764,False
F1,2026,0,z_R,1,0.43330682222557376,0.6582604516645169,False
F1,2026,0,z_R,2,0.4840681954526563,0.695750095546279,False
F1,2026,0,z_R,3,0.48758787252735414,0.6982749261768992,False
F1,2026,0,z_R,4,1.180834706582522,1.0866621860461152,False
F1,2026,0,z_R,5,0.338772723562455,0.5820418572254533,False
F1,2026,0,z_R,6,0.5678090880054993,0.7535310796546479,False
F1,2026,0,z_R,7,0.27813825072178827,0.5273881404826888,False
F1,2026,0,z_R,8,0.7368257607262516,0.8583855548215217,False
F1,2026,0,z_R,9,0.9091724144939625,0.9535053300815693,False
F1,2026,0,z_R,10,0.7394671730957032,0.8599227715880672,False
F1,2026,0,z_R,11,0.9975369857697842,0.998767733644707,False
F1,2026,0,z_R,12,0.9774275778825505,0.9886493705467831,False
F1,2026,0,z_R,13,0.5617216558158296,0.7494809242507974,False
F1,2026,0,z_R,14,0.6789872515946566,0.8240068273956573,False
F1,2026,0,z_R,15,0.7051083200775096,0.8397072823773232,False
F1,2026,0,z_R,16,0.286728914397774,0.5354707409352765,False
F1,2026,0,z_R,17,0.22882569140235084,0.4783572842576465,False
F1,2026,0,z_R,18,0.4307131956368256,0.6562874337032713,False
F1,2026,0,z_R,19,0.34462860259901346,0.5870507666284182,False
F1,2026,0,z_R,20,0.4978577853686735,0.7055903807228905,False
F1,2026,0,z_R,21,0.4253765334053343,0.6522089645238973,False
F1,2026,0,z_R,22,0.6223344189964329,0.7888817522268042,False
F1,2026,0,z_R,23,0.3479162473238419,0.5898442568372112,False
F1,2026,0,z_R,24,0.23329156637615814,0.483002656696791,False
F1,2026,0,z_R,25,0.24604873252015333,0.49603299539461415,False
F1,2026,0,z_R,26,0.30538590031082,0.552617318142329,False
F1,2026,0,z_R,27,0.2967902887531199,0.5447846260249273,False
F1,2026,0,z_R,28,0.2398566991193708,0.48975167086940175,False
F1,2026,0,z_R,29,0.2278386100266651,0.47732442848304457,False
F1,2026,0,z_R,30,0.2063770366855427,0.45428739437226595,False
F1,2026,0,z_R,31,0.26964178723576343,0.5192704374752749,False
F1,2026,0,z_R,32,0.573114522270621,0.7570432763525616,False
F1,2026,0,z_R,33,0.14333889651499732,0.37860123681123564,False
F1,2026,0,z_R,34,0.3773361899938967,0.6142769652151191,False
F1,2026,0,z_R,35,0.3251022768557558,0.570177408229891,False
F1,2026,0,z_R,36,0.25793790275606804,0.5078758733746545,False
F1,2026,0,z_R,37,2.2426725531731986,1.497555525906535,False
F1,2026,0,z_R,38,0.6892180361485974,0.8301915659343917,False
F1,2026,0,z_R,39,0.663504956309201,0.8145581356227443,False
F1,2026,0,z_R,40,0.3053307871067741,0.5525674502780399,False
F1,2026,0,z_R,41,0.6338268184129985,0.7961324126130015,False
F1,2026,0,z_R,42,0.6955273667236693,0.8339828335905178,False
F1,2026,0,z_R,43,0.4910115198990692,0.7007221417217164,False
F1,2026,0,z_R,44,0.1492413229438584,0.3863176451365617,False
F1,2026,0,z_R,45,1.0583035499906086,1.0287388152444763,False
F1,2026,0,z_R,46,0.7334794062288178,0.8564341225271316,False
F1,2026,0,z_R,47,0.8937221096082035,0.9453687691098133,False
F1,2026,0,z_R,48,0.7313594639034489,0.8551955705588336,False
F1,2026,0,z_R,49,0.8396780551287337,0.9163394868326551,False
F1,2026,0,z_R,50,0.8351186373022811,0.9138482572628134,False
F1,2026,0,z_R,51,0.6867448320889216,0.8287006890843772,False
F1,2026,0,z_R,52,0.5246817890745523,0.724349217625416,False
F1,2026,0,z_R,53,0.43201083784297434,0.657275313580979,False
F1,2026,0,z_R,54,1.19731829367337,1.0942204045224937,False
F1,2026,0,z_R,55,0.571977743802613,0.7562921021686085,False
F1,2026,0,z_R,56,0.6990608583925434,0.8360985937032447,False
F1,2026,0,z_R,57,0.6451235028725346,0.8031958060601005,False
F1,2026,0,z_R,58,1.0312443572532997,1.0155020222792763,False
F1,2026,0,z_R,59,1.1273959019607072,1.0617890100960299,False
F1,2026,0,z_R,60,1.6892430087138972,1.2997088168947293,False
F1,2026,0,z_R,61,0.16154455919074429,0.40192606184563884,False
F1,2026,0,z_R,62,0.9321314470612435,0.9654695474541097,False
F1,2026,0,z_R,63,1.9720189282922291,1.404285914011897,False
F1,2026,0,z_R,64,0.7311733164904883,0.8550867303908348,False
F1,2026,0,z_R,65,2.1099484668700264,1.4525661660902152,False
F1,2026,0,z_R,66,0.8401796888841742,0.9166131620722965,False
F1,2026,0,z_R,67,1.8972249326529964,1.3773978846553367,False
F1,2026,0,z_R,68,0.1906507502934086,0.43663571806874507,False
F1,2026,0,z_R,69,0.9087648342306335,0.9532915788102995,False
F1,2026,0,z_R,70,0.09490087711214257,0.30805985962494786,False
F1,2026,0,z_R,71,1.316522416272472,1.1473981071417505,False
F1,2026,0,z_R,72,0.2863902887483876,0.5351544531706596,False
F1,2026,0,z_R,73,0.46732573673447775,0.6836122707606102,False
F1,2026,0,z_R,74,1.3805793994310722,1.1749805953423538,False
F1,2026,0,z_R,75,0.5274720175935371,0.7262726881781644,False
F1,2026,0,z_R,76,0.30452918906830273,0.5518416340475796,False
F1,2026,0,z_R,77,0.17332582713822856,0.41632418514689795,False
F1,2026,0,z_R,78,1.1291166109792974,1.0625989887908314,False
F1,2026,0,z_R,79,0.37184207806873876,0.6097885519331588,False
F1,2026,0,z_R,80,1.8679746758035154,1.3667387006313663,False
F1,2026,0,z_R,81,1.4559640680440162,1.2066333610687283,False
F1,2026,0,z_R,82,0.4093151765725484,0.6397774430007269,False
F1,2026,0,z_R,83,0.7027896604621883,0.8383255098481665,False
F1,2026,0,z_R,84,0.4089260607933392,0.6394732682398375,False
F1,2026,0,z_R,85,0.8155753967393867,0.9030921308146731,False
F1,2026,0,z_R,86,0.10446089271330047,0.3232041038002155,False
F1,2026,0,z_R,87,0.8819852817539462,0.939140714565153,False
F1,2026,0,z_R,88,1.6997563584944724,1.3037470454403617,False
F1,2026,0,z_R,89,0.8393678034168183,0.9161701825626166,False
F1,2026,0,z_R,90,1.218365178447985,1.1037958046885235,False
F1,2026,0,z_R,91,0.9212195925420547,0.9598018506660917,False
F1,2026,0,z_R,92,0.9240223462808479,0.9612608107484919,False
F1,2026,0,z_R,93,0.6523021294210971,0.8076522329697957,False
F1,2026,0,z_R,94,0.5021344837841552,0.7086144817770486,False
F1,2026,0,z_R,95,1.2689224541402144,1.1264645818401102,False
F1,2026,0,z_P,0,0.02425167734598753,0.15572950056423968,False
F1,2026,0,z_P,1,0.015927072829903733,0.12620250722510917,False
F1,2026,0,z_P,2,0.0258373890286221,0.16074012886837594,False
F1,2026,0,z_P,3,0.018056322541815797,0.134373816429451,False
F1,2026,0,z_P,4,0.01781568690438201,0.1334754168541234,False
F1,2026,0,z_P,5,0.008425665079883444,0.09179142160291148,False
F1,2026,0,z_P,6,0.02009817199144924,0.14176802175190722,False
F1,2026,0,z_P,7,0.014900549804682488,0.12206780822429183,False
F1,2026,0,z_P,8,0.012185817259415026,0.1103893892519341,False
F1,2026,0,z_P,9,0.015291071148733697,0.12365707075915108,False
F1,2026,0,z_P,10,0.014372085082373472,0.1198836314196958,False
F1,2026,0,z_P,11,0.026630630118041083,0.16318893993785571,False
F1,2026,0,z_P,12,0.012920805807520358,0.11366972247489812,False
F1,2026,0,z_P,13,0.008059271426487949,0.08977344499621226,False
F1,2026,0,z_P,14,0.011856581180760236,0.10888792945391255,False
F1,2026,0,z_P,15,0.016751461331195608,0.1294274365472623,False
F1,2026,0,z_P,16,0.014972496553721952,0.1223621532734773,False
F1,2026,0,z_P,17,0.012595302361322138,0.1122287947067157,False
F1,2026,0,z_P,18,0.02781279726312653,0.166771692031731,False
F1,2026,0,z_P,19,0.008281585803364787,0.0910032186428853,False
F1,2026,0,z_P,20,0.010283533952169441,0.10140776080837917,False
F1,2026,0,z_P,21,0.01783246144656579,0.13353823964155656,False
F1,2026,0,z_P,22,0.01130035728910013,0.1063031386606253,False
F1,2026,0,z_P,23,0.019383174657145046,0.13922347020939052,False
F1,2026,0,z_P,24,0.017886784200841808,0.13374148272260858,False
F1,2026,0,z_P,25,0.025205167212649,0.15876135301971006,False
F1,2026,0,z_P,26,0.02479102259181556,0.15745165160078683,False
F1,2026,0,z_P,27,0.014966308869990192,0.1223368663567536,False
F1,2026,0,z_P,28,0.014983148887481569,0.12240567342848765,False
F1,2026,0,z_P,29,0.018973440960160896,0.1377441140672112,False
F1,2026,0,z_P,30,0.013635306066973848,0.1167703132948347,False
F1,2026,0,z_P,31,0.01976197067897772,0.14057727653848512,False
F1,2026,0,z_P,32,0.011156837840297808,0.10562593355941433,False
F1,2026,0,z_P,33,0.010862824114233826,0.10422487281946582,False
F1,2026,0,z_P,34,0.013503907698349818,0.11620631522576481,False
F1,2026,0,z_P,35,0.017100178236817202,0.13076764980994804,False
F1,2026,0,z_P,36,0.02130793511560014,0.14597237791993437,False
F1,2026,0,z_P,37,0.014422695009176114,0.12009452530892537,False
F1,2026,0,z_P,38,0.0208976615231453,0.14456023493044448,False
F1,2026,0,z_P,39,0.018101366966335356,0.13454132066519697,False
F1,2026,0,z_P,40,0.017974195674214096,0.1340678771153407,False
F1,2026,0,z_P,41,0.009029282680601923,0.09502253775079848,False
F1,2026,0,z_P,42,0.015359968195367892,0.12393533876731,False
F1,2026,0,z_P,43,0.013179951380503147,0.11480396935865565,False
F1,2026,0,z_P,44,0.01821534012720677,0.1349642179513028,False
F1,2026,0,z_P,45,0.017146459212779006,0.130944489050815,False
F1,2026,0,z_P,46,0.042094165619553946,0.2051686272790115,False
F1,2026,0,z_P,47,0.018872520524194854,0.13737729260760256,False
F1,2026,0,z_P,48,0.02365308683606033,0.1537956008345503,False
F1,2026,0,z_P,49,0.03522188836105313,0.1876749540057307,False
F1,2026,0,z_P,50,0.010289643731535156,0.10143788114671538,False
F1,2026,0,z_P,51,0.018200693281948236,0.13490994508170343,False
F1,2026,0,z_P,52,0.019372857178416563,0.13918641161556167,False
F1,2026,0,z_P,53,0.029644365149505778,0.1721753906616906,False
F1,2026,0,z_P,54,0.006480487300632118,0.08050147390347656,False
F1,2026,0,z_P,55,0.017412784792989314,0.13195751131704975,False
F1,2026,0,z_P,56,0.023892549619721495,0.1545721502073433,False
F1,2026,0,z_P,57,0.019527893132982102,0.13974223818510315,False
F1,2026,0,z_P,58,0.00841624617750039,0.09174010125076378,False
F1,2026,0,z_P,59,0.021198462120285522,0.1455969165892105,False
F1,2026,0,z_P,60,0.015640802328621247,0.12506319334089167,False
F1,2026,0,z_P,61,0.018071733163442665,0.13443114655258528,False
F1,2026,0,z_P,62,0.01136813845913,0.10662147278634825,False
F1,2026,0,z_P,63,0.0062601423180346895,0.07912106115336605,False
F1,2026,0,z_P,64,0.009049357194817555,0.0951281093831763,False
F1,2026,0,z_P,65,0.022184635268994696,0.14894507467182222,False
F1,2026,0,z_P,66,0.024289859468406862,0.15585204351694226,False
F1,2026,0,z_P,67,0.013454968644737744,0.11599555441799372,False
F1,2026,0,z_P,68,0.014276481875554917,0.11948423274873936,False
F1,2026,0,z_P,69,0.014388619286341595,0.11995257098679292,False
F1,2026,0,z_P,70,0.014410350047030018,0.12004311744964814,False
F1,2026,0,z_P,71,0.007641355673674371,0.08741484813047708,False
F1,2026,0,z_P,72,0.011634427291501933,0.10786300242206283,False
F1,2026,0,z_P,73,0.01914183068722962,0.1383540049555112,False
F1,2026,0,z_P,74,0.016314562482805585,0.12772847169995258,False
F1,2026,0,z_P,75,0.015422000718280142,0.12418534824318102,False
F1,2026,0,z_P,76,0.02079775416030621,0.14421426476013463,False
F1,2026,0,z_P,77,0.0063090296025571065,0.07942940011454894,False
F1,2026,0,z_P,78,0.02267656622432601,0.15058740393647144,False
F1,2026,0,z_P,79,0.011985667877824499,0.10947907506836409,False
F1,2026,0,z_P,80,0.011774023477453334,0.1085081723993789,False
F1,2026,0,z_P,81,0.014526040414470488,0.12052402422119204,False
F1,2026,0,z_P,82,0.028955375869942714,0.17016279226065467,False
F1,2026,0,z_P,83,0.020958006636686368,0.14476880408667597,False
F1,2026,0,z_P,84,0.008244889976421966,0.09080137651171355,False
F1,2026,0,z_P,85,0.042864199349114764,0.20703671014850183,False
F1,2026,0,z_P,86,0.01768480560146709,0.13298423064960405,False
F1,2026,0,z_P,87,0.012962261427751212,0.11385192764178924,False
F1,2026,0,z_P,88,0.012172896304433271,0.11033084928719289,False
F1,2026,0,z_P,89,0.03463391681770446,0.18610189901692153,False
F1,2026,0,z_P,90,0.024847870911529044,0.1576320745011276,False
F1,2026,0,z_P,91,0.027555772566919996,0.1659993149591889,False
F1,2026,0,z_P,92,0.015226601749018572,0.12339611723639675,False
F1,2026,0,z_P,93,0.012885472304585963,0.11351419428682019,False
F1,2026,0,z_P,94,0.017312943823053234,0.13157866021149947,False
F1,2026,0,z_P,95,0.025520165225942734,0.15975032152062396,False
F1,2026,1,z_R,0,1.0556823689523462,1.0274640475230004,False
F1,2026,1,z_R,1,0.37657829771612655,0.6136597572891077,False
F1,2026,1,z_R,2,0.4429468833026231,0.6655425480783502,False
F1,2026,1,z_R,3,1.4276071198565359,1.1948251419586615,False
F1,2026,1,z_R,4,0.294214454224918,0.5424153890008265,False
F1,2026,1,z_R,5,1.8220199322984094,1.3498221854371817,False
F1,2026,1,z_R,6,0.3026315222107779,0.5501195526526738,False
F1,2026,1,z_R,7,0.4099480831227593,0.6402718821897142,False
F1,2026,1,z_R,8,0.6244963545724568,0.7902508175082495,False
F1,2026,1,z_R,9,0.4598720567289475,0.6781386707222554,False
F1,2026,1,z_R,10,0.332640250567416,0.576749729577237,False
F1,2026,1,z_R,11,0.5433626371914392,0.7371313568092455,False
F1,2026,1,z_R,12,0.38985943485606295,0.6243872475123615,False
F1,2026,1,z_R,13,0.5279543702325927,0.7266046863546868,False
F1,2026,1,z_R,14,1.3330880260901707,1.1545943123409932,False
F1,2026,1,z_R,15,0.6410996625103281,0.8006869940934024,False
F1,2026,1,z_R,16,1.188517297031424,1.0901914038513714,False
F1,2026,1,z_R,17,0.798542812943586,0.8936122273914934,False
F1,2026,1,z_R,18,0.6296409324016922,0.7934991697548852,False
F1,2026,1,z_R,19,0.39958025943614106,0.6321236108832995,False
F1,2026,1,z_R,20,1.73472768553877,1.3170906140196923,False
F1,2026,1,z_R,21,0.4190442133939537,0.6473362444618358,False
F1,2026,1,z_R,22,0.39019769545531585,0.6246580628274286,False
F1,2026,1,z_R,23,0.24726730135986572,0.4972597926233989,False
F1,2026,1,z_R,24,1.288664264774228,1.135193492218057,False
F1,2026,1,z_R,25,0.6656963024734758,0.8159021402554817,False
F1,2026,1,z_R,26,0.8472706312737713,0.9204730475542298,False
F1,2026,1,z_R,27,1.7485254123524092,1.3223181963326411,False
F1,2026,1,z_R,28,0.6151534364924809,0.7843171785014535,False
F1,2026,1,z_R,29,0.4587438730448064,0.6773063361912439,False
F1,2026,1,z_R,30,0.846803816169401,0.9202194391390572,False
F1,2026,1,z_R,31,0.395634492492929,0.6289948270796263,False
F1,2026,1,z_R,32,0.2411966438988997,0.49111774952540627,False
F1,2026,1,z_R,33,0.7020115187852197,0.8378612765757943,False
F1,2026,1,z_R,34,0.47927889827563736,0.692299717084759,False
F1,2026,1,z_R,35,1.0521272790198917,1.025732557258417,False
F1,2026,1,z_R,36,0.5190589010989716,0.7204574249037701,False
F1,2026,1,z_R,37,0.5959210715829645,0.7719592421773085,False
F1,2026,1,z_R,38,0.38842564813471014,0.6232380348909317,False
F1,2026,1,z_R,39,0.24913084923920817,0.4991300925001499,False
F1,2026,1,z_R,40,0.5343390210612792,0.7309849663715932,False
F1,2026,1,z_R,41,2.1769787806635117,1.4754588373328181,False
F1,2026,1,z_R,42,0.8871189218570998,0.9418699070769274,False
F1,2026,1,z_R,43,0.7656179305871006,0.8749959603261609,False
F1,2026,1,z_R,44,0.8047401970062986,0.8970731280148228,False
F1,2026,1,z_R,45,1.1479895177449158,1.071442727235066,False
F1,2026,1,z_R,46,0.646698198077499,0.8041754771674519,False
F1,2026,1,z_R,47,0.7823662937977491,0.884514722205204,False
F1,2026,1,z_R,48,0.6776023596497338,0.8231660583683792,False
F1,2026,1,z_R,49,1.5868874642332873,1.2597172159787637,False
F1,2026,1,z_R,50,0.7212740746432937,0.8492785612761538,False
F1,2026,1,z_R,51,0.7193601358934884,0.8481510100763239,False
F1,2026,1,z_R,52,0.7992607824737649,0.8940138603364967,False
F1,2026,1,z_R,53,0.40334687545867237,0.6350959576777925,False
F1,2026,1,z_R,54,0.7480829566879845,0.864917890142171,False
F1,2026,1,z_R,55,1.1015302830598415,1.0495381284450038,False
F1,2026,1,z_R,56,0.8127534627954802,0.9015284037652281,False
F1,2026,1,z_R,57,0.651625317932864,0.8072331248981697,False
F1,2026,1,z_R,58,1.5501380397146132,1.2450453966480954,False
F1,2026,1,z_R,59,0.29687936222999883,0.5448663709846652,False
F1,2026,1,z_R,60,1.3643204180476338,1.1680412741198976,False
F1,2026,1,z_R,61,0.7578056083680627,0.8705203089923076,False
F1,2026,1,z_R,62,0.6205759057384868,0.7877664030272469,False
F1,2026,1,z_R,63,0.6223082868523315,0.7888651892765528,False
F1,2026,1,z_R,64,0.4352275879908151,0.6597178093630754,False
F1,2026,1,z_R,65,0.9872967999826754,0.9936280994329193,False
F1,2026,1,z_R,66,1.1022524911184788,1.0498821320121983,False
F1,2026,1,z_R,67,1.4083108589745108,1.1867227388798576,False
F1,2026,1,z_R,68,0.32638107468316124,0.5712977110781744,False
F1,2026,1,z_R,69,0.17388375141323634,0.41699370668301017,False
F1,2026,1,z_R,70,0.33303108425168454,0.5770884544432374,False
F1,2026,1,z_R,71,2.0196387535034135,1.4211399485988048,False
F1,2026,1,z_R,72,0.20674358768280687,0.4546906505337523,False
F1,2026,1,z_R,73,0.6221200186147585,0.788745851725864,False
F1,2026,1,z_R,74,0.6602821503288867,0.8125774734318486,False
F1,2026,1,z_R,75,0.8659575080588592,0.9305683790344798,False
F1,2026,1,z_R,76,0.1919813440053329,0.43815675734300036,False
F1,2026,1,z_R,77,0.8670747750321287,0.9311684998066294,False
F1,2026,1,z_R,78,1.4348745232616167,1.1978624809474654,False
F1,2026,1,z_R,79,0.46068184474525387,0.678735474795044,False
F1,2026,1,z_R,80,0.5956432300022725,0.7717792624852474,False
F1,2026,1,z_R,81,1.0460582559131077,1.0227698939219456,False
F1,2026,1,z_R,82,0.6960418388512959,0.8342912194499568,False
F1,2026,1,z_R,83,1.1755549789535404,1.0842301319155174,False
F1,2026,1,z_R,84,0.6580796443102829,0.811221082264436,False
F1,2026,1,z_R,85,1.2107305666922241,1.1003320256596298,False
F1,2026,1,z_R,86,0.7865471343836,0.8868749260090737,False
F1,2026,1,z_R,87,0.9201951213878574,0.959268013324669,False
F1,2026,1,z_R,88,0.21045460796411705,0.45875331929493113,False
F1,2026,1,z_R,89,0.28776264251078876,0.5364351242329204,False
F1,2026,1,z_R,90,0.44992960265985193,0.6707679201183163,False
F1,2026,1,z_R,91,0.22984198490547986,0.4794183819019457,False
F1,2026,1,z_R,92,1.2882258002309004,1.1350003525245709,False
F1,2026,1,z_R,93,0.17971030883984593,0.42392252693133203,False
F1,2026,1,z_R,94,0.6498825200884736,0.8061529135892729,False
F1,2026,1,z_R,95,0.5884902829552379,0.7671312032209601,False
F1,2026,1,z_P,0,0.010494414221821603,0.10244224822709429,False
F1,2026,1,z_P,1,0.020292239869609513,0.14245083316572604,False
F1,2026,1,z_P,2,0.009817602724673306,0.09908381666383924,False
F1,2026,1,z_P,3,0.01644489269142746,0.12823764147639125,False
F1,2026,1,z_P,4,0.02438492956497168,0.15615674678018776,False
F1,2026,1,z_P,5,0.009571042693879574,0.09783170597449262,False
F1,2026,1,z_P,6,0.02166139809928386,0.14717811691716898,False
F1,2026,1,z_P,7,0.008751824420969168,0.09355118610134865,False
F1,2026,1,z_P,8,0.011052607120691607,0.1051313802852964,False
F1,2026,1,z_P,9,0.010910310043413453,0.10445242957161625,False
F1,2026,1,z_P,10,0.02047761929468014,0.14310003247616732,False
F1,2026,1,z_P,11,0.02047781699013448,0.1431007232341419,False
F1,2026,1,z_P,12,0.020616449544420663,0.1435842942122176,False
F1,2026,1,z_P,13,0.024811480160782093,0.15751660280993268,False
F1,2026,1,z_P,14,0.009606696901779135,0.09801375873712392,False
F1,2026,1,z_P,15,0.011295721455744905,0.1062813316426968,False
F1,2026,1,z_P,16,0.02315113015828198,0.15215495443225627,False
F1,2026,1,z_P,17,0.01983031660344604,0.1408201569500831,False
F1,2026,1,z_P,18,0.017252914084085552,0.1313503486256719,False
F1,2026,1,z_P,19,0.02409146417794429,0.15521425249616833,False
F1,2026,1,z_P,20,0.013858100228496364,0.11772043250216321,False
F1,2026,1,z_P,21,0.009985731802814053,0.09992863354821806,False
F1,2026,1,z_P,22,0.012319934234116361,0.11099519914895581,False
F1,2026,1,z_P,23,0.010735982150449174,0.10361458464158979,False
F1,2026,1,z_P,24,0.022836693963882708,0.15111814571348706,False
F1,2026,1,z_P,25,0.03336310568181097,0.1826557025712884,False
F1,2026,1,z_P,26,0.014538859403335855,0.12057719271626727,False
F1,2026,1,z_P,27,0.014489225471957728,0.12037119868123657,False
F1,2026,1,z_P,28,0.011898940848919296,0.109082266427313,False
F1,2026,1,z_P,29,0.01334886160140419,0.11553727364536602,False
F1,2026,1,z_P,30,0.007172014868606464,0.08468774922387809,False
F1,2026,1,z_P,31,0.015178572586578395,0.12320134977579748,False
F1,2026,1,z_P,32,0.009449319645799138,0.09720761104871953,False
F1,2026,1,z_P,33,0.019484113590115534,0.13958550637553863,False
F1,2026,1,z_P,34,0.006359699234688278,0.07974772244201259,False
F1,2026,1,z_P,35,0.009911304511633641,0.09955553481164993,False
F1,2026,1,z_P,36,0.017119595661625818,0.13084187273814837,False
F1,2026,1,z_P,37,0.016438139215499803,0.12821130689412616,False
F1,2026,1,z_P,38,0.010213950634580178,0.10106409171699006,False
F1,2026,1,z_P,39,0.009253788385189409,0.09619661316901655,False
F1,2026,1,z_P,40,0.008866343915924531,0.09416126547537756,False
F1,2026,1,z_P,41,0.016025698008838726,0.1265926459508558,False
F1,2026,1,z_P,42,0.032221833753035015,0.17950441151413246,False
F1,2026,1,z_P,43,0.021017211031902964,0.14497313900134384,False
F1,2026,1,z_P,44,0.013618525259860525,0.11669843726400335,False
F1,2026,1,z_P,45,0.013695808050933704,0.1170290906182463,False
F1,2026,1,z_P,46,0.011218619229213824,0.10591798350239597,False
F1,2026,1,z_P,47,0.011423746952745152,0.10688192996360588,False
F1,2026,1,z_P,48,0.01807152042671248,0.13443035530233668,False
F1,2026,1,z_P,49,0.01773036276402711,0.13315540831685024,False
F1,2026,1,z_P,50,0.01566328019721965,0.12515302711968115,False
F1,2026,1,z_P,51,0.013360554518972573,0.11558786492955293,False
F1,2026,1,z_P,52,0.023949984032310977,0.15475782381615147,False
F1,2026,1,z_P,53,0.012085171303169263,0.10993257616907402,False
F1,2026,1,z_P,54,0.01886279136672513,0.1373418776874888,False
F1,2026,1,z_P,55,0.017645914037615923,0.1328379239434881,False
F1,2026,1,z_P,56,0.015139673720340172,0.12304338145686737,False
F1,2026,1,z_P,57,0.010118633967225588,0.10059142094247196,False
F1,2026,1,z_P,58,0.026912701075501064,0.1640509100111946,False
F1,2026,1,z_P,59,0.008951523302509024,0.09461249020350868,False
F1,2026,1,z_P,60,0.009709380039775286,0.09853618644830581,False
F1,2026,1,z_P,61,0.011397985253731502,0.1067613471895681,False
F1,2026,1,z_P,62,0.00903565090623029,0.09505604087184723,False
F1,2026,1,z_P,63,0.016459937915632435,0.12829628956299724,False
F1,2026,1,z_P,64,0.011053069281591011,0.10513357827825995,False
F1,2026,1,z_P,65,0.0098000076884957,0.0989949881988765,False
F1,2026,1,z_P,66,0.009296829643051037,0.09642006867375193,False
F1,2026,1,z_P,67,0.0084632050083489,0.0919956792917412,False
F1,2026,1,z_P,68,0.02209598909887447,0.14864719674072052,False
F1,2026,1,z_P,69,0.014448882018828135,0.12020350252313006,False
F1,2026,1,z_P,70,0.008686969194589408,0.09320391190604291,False
F1,2026,1,z_P,71,0.020700701088372197,0.14387738212927076,False
F1,2026,1,z_P,72,0.014665915154951862,0.12110291142227697,False
F1,2026,1,z_P,73,0.014057081586247158,0.11856256401683947,False
F1,2026,1,z_P,74,0.01580556487801569,0.12572018484720618,False
F1,2026,1,z_P,75,0.014377316668695577,0.11990544886991407,False
F1,2026,1,z_P,76,0.006330632512924434,0.07956527202821866,False
F1,2026,1,z_P,77,0.0172946872411615,0.13150926675014768,False
F1,2026,1,z_P,78,0.007505287937627665,0.08663306492112388,False
F1,2026,1,z_P,79,0.019019256918648884,0.1379103220163338,False
F1,2026,1,z_P,80,0.015328687340851407,0.12380907616508334,False
F1,2026,1,z_P,81,0.01195672477227178,0.1093468096117659,False
F1,2026,1,z_P,82,0.01321172761834811,0.11494227950736018,False
F1,2026,1,z_P,83,0.01603879545663164,0.12664436606747115,False
F1,2026,1,z_P,84,0.012200266481839424,0.11045481647189236,False
F1,2026,1,z_P,85,0.024769434692702222,0.15738308261278344,False
F1,2026,1,z_P,86,0.01500767615577123,0.12250582090566647,False
F1,2026,1,z_P,87,0.01190575755026045,0.1091135076434648,False
F1,2026,1,z_P,88,0.011704171543686982,0.10818581951294255,False
F1,2026,1,z_P,89,0.012804554733007699,0.11315721246570057,False
F1,2026,1,z_P,90,0.020444332767276654,0.14298368007320506,False
F1,2026,1,z_P,91,0.009246185001764174,0.09615708503154707,False
F1,2026,1,z_P,92,0.016793459399115283,0.12958958059626277,False
F1,2026,1,z_P,93,0.006464188737735378,0.08040017871706118,False
F1,2026,1,z_P,94,0.0065639053253715,0.08101793212228697,False
F1,2026,1,z_P,95,0.0170392531419464,0.13053449023896482,False
F1,2026,2,z_R,0,0.2636137249490975,0.5134332721484823,False
F1,2026,2,z_R,1,0.14117258617089773,0.37572940551798406,False
F1,2026,2,z_R,2,1.0272875429811685,1.0135519438988654,False
F1,2026,2,z_R,3,0.2907987969963272,0.5392576350839432,False
F1,2026,2,z_R,4,0.8822568435028951,0.939285283342018,False
F1,2026,2,z_R,5,0.09584619632521735,0.3095903685924634,False
F1,2026,2,z_R,6,0.19346384459907603,0.43984525074061676,False
F1,2026,2,z_R,7,0.29870179053126866,0.5465361749520965,False
F1,2026,2,z_R,8,0.6574435230136902,0.810828911061816,False
F1,2026,2,z_R,9,0.4653026236760029,0.6821309432037246,False
F1,2026,2,z_R,10,0.5806270647665528,0.7619888875610673,False
F1,2026,2,z_R,11,2.1505723486902997,1.4664829861578006,False
F1,2026,2,z_R,12,0.1430278361200046,0.3781902115602737,False
F1,2026,2,z_R,13,0.3914610069631643,0.6256684481122284,False
F1,2026,2,z_R,14,2.139965982666091,1.4628622569012062,False
F1,2026,2,z_R,15,0.5803480651111038,0.7618057922535795,False
F1,2026,2,z_R,16,0.6125502875710117,0.7826559190161483,False
F1,2026,2,z_R,17,0.6543561390409723,0.8089228263814616,False
F1,2026,2,z_R,18,0.2983919884083711,0.5462526781704334,False
F1,2026,2,z_R,19,0.619704223509526,0.7872129467364761,False
F1,2026,2,z_R,20,1.780743015925231,1.3344448343506865,False
F1,2026,2,z_R,21,0.321875178637296,0.5673404433294845,False
F1,2026,2,z_R,22,1.167400257909191,1.080462983127692,False
F1,2026,2,z_R,23,0.7997131006804792,0.8942667950228719,False
F1,2026,2,z_R,24,0.9454854833786465,0.9723607784041098,False
F1,2026,2,z_R,25,0.7232535788021363,0.8504431661211326,False
F1,2026,2,z_R,26,1.4761919423259944,1.2149863959427671,False
F1,2026,2,z_R,27,0.4636745759285823,0.6809365432465659,False
F1,2026,2,z_R,28,0.4227975941588574,0.6502288782873746,False
F1,2026,2,z_R,29,1.2298577049815445,1.1089894972368064,False
F1,2026,2,z_R,30,0.42525149821546754,0.6521131023185069,False
F1,2026,2,z_R,31,0.4888239634106396,0.6991594692276145,False
F1,2026,2,z_R,32,0.45003363704093396,0.670845464351466,False
F1,2026,2,z_R,33,0.26394820719460677,0.5137588998690016,False
F1,2026,2,z_R,34,0.3375022448627208,0.580949433998107,False
F1,2026,2,z_R,35,1.076669622838454,1.0376269189060459,False
F1,2026,2,z_R,36,0.4047676451657283,0.636213521677847,False
F1,2026,2,z_R,37,0.18620875803850934,0.43151912824173777,False
F1,2026,2,z_R,38,0.19630953271341375,0.4430683160793759,False
F1,2026,2,z_R,39,0.6197561948129707,0.7872459557298283,False
F1,2026,2,z_R,40,0.28428572074073566,0.5331845090967438,False
F1,2026,2,z_R,41,0.522390124900446,0.722765608548474,False
F1,2026,2,z_R,42,0.3601577884351129,0.6001314759576546,False
F1,2026,2,z_R,43,0.8020947084244232,0.895597403091603,False
F1,2026,2,z_R,44,1.4586022835485577,1.2077260796838651,False
F1,2026,2,z_R,45,0.3207842155163379,0.5663781559314748,False
F1,2026,2,z_R,46,1.1658666489115495,1.0797530499663104,False
F1,2026,2,z_R,47,0.9716739178257847,0.9857352168943669,False
F1,2026,2,z_R,48,0.8683872826231541,0.9318729970458175,False
F1,2026,2,z_R,49,0.6014481678554765,0.775530894197953,False
F1,2026,2,z_R,50,2.361101945356214,1.5365877603821443,False
F1,2026,2,z_R,51,0.8407490986204402,0.9169237147224627,False
F1,2026,2,z_R,52,1.2307877547579207,1.109408741067926,False
F1,2026,2,z_R,53,0.7286984107201032,0.8536383371897628,False
F1,2026,2,z_R,54,2.1954407164838985,1.4817019661470043,False
F1,2026,2,z_R,55,0.26258914230985186,0.5124345249003543,False
F1,2026,2,z_R,56,0.724156212757378,0.8509736851145151,False
F1,2026,2,z_R,57,0.548840245425359,0.7408375297090173,False
F1,2026,2,z_R,58,0.22608002394589594,0.47547873132864305,False
F1,2026,2,z_R,59,0.188188025262096,0.43380643755262094,False
F1,2026,2,z_R,60,0.3482117903516306,0.5900947299812384,False
F1,2026,2,z_R,61,0.21313234584082386,0.461662588738598,False
F1,2026,2,z_R,62,1.8210440559619376,1.3494606537287175,False
F1,2026,2,z_R,63,2.12427824251231,1.4574903919108044,False
F1,2026,2,z_R,64,0.2857418488075262,0.5345482661159104,False
F1,2026,2,z_R,65,0.21197162343013812,0.46040376131189253,False
F1,2026,2,z_R,66,0.8729010017173768,0.9342917112537051,False
F1,2026,2,z_R,67,0.9962718574976436,0.9981341881218394,False
F1,2026,2,z_R,68,1.1830640424578014,1.0876874746257774,False
F1,2026,2,z_R,69,0.6738673044251399,0.82089421025193,False
F1,2026,2,z_R,70,1.2813618579921169,1.1319725517838835,False
F1,2026,2,z_R,71,0.24795520449046513,0.4979510061145224,False
F1,2026,2,z_R,72,0.1933856553136767,0.439756359037225,False
F1,2026,2,z_R,73,2.2041023736276495,1.4846219632039832,False
F1,2026,2,z_R,74,0.7054877735132438,0.8399331958633638,False
F1,2026,2,z_R,75,0.7235665807720162,0.8506271690770383,False
F1,2026,2,z_R,76,0.6881794728262225,0.8295658339313539,False
F1,2026,2,z_R,77,0.39760638068573334,0.6305603703736331,False
F1,2026,2,z_R,78,0.4051959181759384,0.6365500123132026,False
F1,2026,2,z_R,79,0.23512147919415796,0.4848932657752198,False
F1,2026,2,z_R,80,1.761273779067356,1.327129902860815,False
F1,2026,2,z_R,81,0.09187855644213429,0.3031147578758486,False
F1,2026,2,z_R,82,0.17825915386906946,0.42220747727754593,False
F1,2026,2,z_R,83,0.41368351888593363,0.643182337199906,False
F1,2026,2,z_R,84,0.4498073746205849,0.6706768034012992,False
F1,2026,2,z_R,85,0.16379930304046447,0.40472126586141294,False
F1,2026,2,z_R,86,0.16897049127076227,0.41106020394920534,False
F1,2026,2,z_R,87,0.20475042339825314,0.45249356172022287,False
F1,2026,2,z_R,88,1.4615365948025998,1.2089402775996008,False
F1,2026,2,z_R,89,0.8535835404651866,0.9238958493602981,False
F1,2026,2,z_R,90,0.8140686886874398,0.9022575511944689,False
F1,2026,2,z_R,91,1.4819930564662314,1.2173713716307901,False
F1,2026,2,z_R,92,0.3950846076928338,0.6285575611611349,False
F1,2026,2,z_R,93,0.30184898827319995,0.5494078523949216,False
F1,2026,2,z_R,94,1.6027414950267456,1.265994271324616,False
F1,2026,2,z_R,95,0.6348362196357222,0.7967661009579425,False
F1,2026,2,z_P,0,0.026533999470908957,0.16289260103181163,False
F1,2026,2,z_P,1,0.017310714532188576,0.13157018861500722,False
F1,2026,2,z_P,2,0.008980424011268617,0.09476509912023845,False
F1,2026,2,z_P,3,0.030142597778261115,0.17361623708127394,False
F1,2026,2,z_P,4,0.02302291070571535,0.15173302444001882,False
F1,2026,2,z_P,5,0.03562231466769098,0.188738747128646,False
F1,2026,2,z_P,6,0.022384965640865073,0.14961606077178036,False
F1,2026,2,z_P,7,0.01422792821359567,0.11928087949707476,False
F1,2026,2,z_P,8,0.019797423969322166,0.14070331897052807,False
F1,2026,2,z_P,9,0.02182946107739474,0.14774796471489798,False
F1,2026,2,z_P,10,0.010460851237029629,0.10227830286541534,False
F1,2026,2,z_P,11,0.015827983455493567,0.12580931386623792,False
F1,2026,2,z_P,12,0.013689328706644598,0.11700140472081777,False
F1,2026,2,z_P,13,0.011280224387060384,0.10620840073676086,False
F1,2026,2,z_P,14,0.023032107453808837,0.15176332710443863,False
F1,2026,2,z_P,15,0.013487694959766731,0.11613653585227489,False
F1,2026,2,z_P,16,0.013605042917485903,0.11664065722331088,False
F1,2026,2,z_P,17,0.020553489838635558,0.14336488356161545,False
F1,2026,2,z_P,18,0.010353722223870142,0.10175324183469607,False
F1,2026,2,z_P,19,0.011003722428661407,0.1048986292982964,False
F1,2026,2,z_P,20,0.015319510780245715,0.1237720112959538,False
F1,2026,2,z_P,21,0.011199417712783879,0.10582730135831622,False
F1,2026,2,z_P,22,0.014723202152270864,0.12133920286647207,False
F1,2026,2,z_P,23,0.024727167367469247,0.15724874361173524,False
F1,2026,2,z_P,24,0.017994130993755086,0.13414220437190932,False
F1,2026,2,z_P,25,0.016964977767033797,0.1302496747290902,False
F1,2026,2,z_P,26,0.02887602781629129,0.1699294789502142,False
F1,2026,2,z_P,27,0.008993324557158792,0.09483314060579662,False
F1,2026,2,z_P,28,0.00845150795167114,0.09193208336413974,False
F1,2026,2,z_P,29,0.011144718183487097,0.1055685473210989,False
F1,2026,2,z_P,30,0.014874152307971933,0.12195963392849264,False
F1,2026,2,z_P,31,0.01655643297866891,0.1286718033551598,False
F1,2026,2,z_P,32,0.037147852774677664,0.19273778242648135,False
F1,2026,2,z_P,33,0.01433458946610234,0.1197271459031006,False
F1,2026,2,z_P,34,0.025546114973434026,0.15983152058788036,False
F1,2026,2,z_P,35,0.01418281461300269,0.1190916227658465,False
F1,2026,2,z_P,36,0.023325087392036543,0.15272552960142763,False
F1,2026,2,z_P,37,0.017229046803912046,0.13125946367371782,False
F1,2026,2,z_P,38,0.017861508743377236,0.13364695560833864,False
F1,2026,2,z_P,39,0.012035337386104118,0.1097056852952668,False
F1,2026,2,z_P,40,0.02111349819764051,0.1453048457472789,False
F1,2026,2,z_P,41,0.013870728897084504,0.11777405867628281,False
F1,2026,2,z_P,42,0.021473125302551157,0.14653711237277456,False
F1,2026,2,z_P,43,0.014737133207166754,0.12139659470992897,False
F1,2026,2,z_P,44,0.03239749106302617,0.17999303059570437,False
F1,2026,2,z_P,45,0.020019323227231045,0.1414896576687888,False
F1,2026,2,z_P,46,0.02302182685943871,0.1517294528410312,False
F1,2026,2,z_P,47,0.018140074788249447,0.13468509490010186,False
F1,2026,2,z_P,48,0.011037393733642155,0.10505900120238225,False
F1,2026,2,z_P,49,0.017199632263144814,0.13114736849492944,False
F1,2026,2,z_P,50,0.044145914731435705,0.2101092923490908,False
F1,2026,2,z_P,51,0.024259616632684097,0.1557549891100895,False
F1,2026,2,z_P,52,0.030528677242984747,0.17472457538361552,False
F1,2026,2,z_P,53,0.013037529208005442,0.11418200036785764,False
F1,2026,2,z_P,54,0.013349197798360437,0.11553872856475632,False
F1,2026,2,z_P,55,0.05080088049674511,0.22539050666952481,False
F1,2026,2,z_P,56,0.014340582133592723,0.11975216964044001,False
F1,2026,2,z_P,57,0.014777854626140612,0.12156419960720595,False
F1,2026,2,z_P,58,0.022957557379989793,0.15151751509310663,False
F1,2026,2,z_P,59,0.0276611581961204,0.16631643994542572,False
F1,2026,2,z_P,60,0.015126091779686645,0.12298817739801922,False
F1,2026,2,z_P,61,0.017496327475915462,0.1322736839885979,False
F1,2026,2,z_P,62,0.015267995285555072,0.12356372965217209,False
F1,2026,2,z_P,63,0.017833638427486205,0.133542646474773,False
F1,2026,2,z_P,64,0.016595712063634128,0.1288243457721953,False
F1,2026,2,z_P,65,0.026568030994774543,0.16299702756423057,False
F1,2026,2,z_P,66,0.024193037088777947,0.15554111060673942,False
F1,2026,2,z_P,67,0.011539430009470313,0.10742173899853937,False
F1,2026,2,z_P,68,0.018312702778468085,0.13532443526011143,False
F1,2026,2,z_P,69,0.015727192767488817,0.12540810487161033,False
F1,2026,2,z_P,70,0.012212658937535035,0.11051089963227625,False
F1,2026,2,z_P,71,0.01633542023960101,0.12781009443545924,False
F1,2026,2,z_P,72,0.02026579270474851,0.14235797380107834,False
F1,2026,2,z_P,73,0.012123422672118151,0.11010641521781622,False
F1,2026,2,z_P,74,0.012789544529206146,0.11309086846074773,False
F1,2026,2,z_P,75,0.0285349368498615,0.1689228724887826,False
F1,2026,2,z_P,76,0.024863211986971473,0.15768072801383012,False
F1,2026,2,z_P,77,0.02325133029951123,0.15248386898131627,False
F1,2026,2,z_P,78,0.007570453010847522,0.08700835023632802,False
F1,2026,2,z_P,79,0.014694238001217235,0.12121979211835514,False
F1,2026,2,z_P,80,0.012762365348856879,0.11297063932215697,False
F1,2026,2,z_P,81,0.01716895532936317,0.13103036033440177,False
F1,2026,2,z_P,82,0.017505948461236015,0.1323100467131503,False
F1,2026,2,z_P,83,0.01954312703727835,0.1397967347160811,False
F1,2026,2,z_P,84,0.028770567633438653,0.1696188893768576,False
F1,2026,2,z_P,85,0.008791271592155358,0.09376178108459415,False
F1,2026,2,z_P,86,0.019754699360303305,0.14055141180473182,False
F1,2026,2,z_P,87,0.014806981302833075,0.12168394020096931,False
F1,2026,2,z_P,88,0.007784277100071962,0.08822855036818843,False
F1,2026,2,z_P,89,0.016005141370065312,0.1265114278239927,False
F1,2026,2,z_P,90,0.016319733351584296,0.12774871174138822,False
F1,2026,2,z_P,91,0.028690007103316293,0.1693812477912366,False
F1,2026,2,z_P,92,0.01679341968676864,0.12958942737263962,False
F1,2026,2,z_P,93,0.012174363873278148,0.11033749985058637,False
F1,2026,2,z_P,94,0.02455893880261321,0.15671291842925142,False
F1,2026,2,z_P,95,0.033002763938214566,0.18166662857612173,False
F1,2026,3,z_R,0,1.1065188882004715,1.05191201542737,False
F1,2026,3,z_R,1,1.7333571100258212,1.3165702070249885,False
F1,2026,3,z_R,2,0.4656786810539299,0.6824065364970722,False
F1,2026,3,z_R,3,0.3106878467798657,0.5573937986557311,False
F1,2026,3,z_R,4,0.43525314011706884,0.659737175030382,False
F1,2026,3,z_R,5,0.6931296528834043,0.8325440846486175,False
F1,2026,3,z_R,6,1.0709504766764275,1.0348673715391878,False
F1,2026,3,z_R,7,0.4129431634587806,0.6426065386056857,False
F1,2026,3,z_R,8,0.3410961671345081,0.5840343886574729,False
F1,2026,3,z_R,9,0.14409335442156354,0.37959630454150045,False
F1,2026,3,z_R,10,0.565749621412699,0.7521632943800828,False
F1,2026,3,z_R,11,0.6465596134466576,0.8040893068849116,False
F1,2026,3,z_R,12,0.7187043068549139,0.8477642991155702,False
F1,2026,3,z_R,13,0.18787645585497642,0.4334471776987092,False
F1,2026,3,z_R,14,0.283438210924731,0.5323891536505332,False
F1,2026,3,z_R,15,0.2849689042203686,0.5338247879411077,False
F1,2026,3,z_R,16,0.3266133959349799,0.5715010025669071,False
F1,2026,3,z_R,17,1.198610778566768,1.0948108414547089,False
F1,2026,3,z_R,18,0.5701355532333793,0.755073210512318,False
F1,2026,3,z_R,19,1.436017117841439,1.1983393166551113,False
F1,2026,3,z_R,20,0.9988635893732517,0.999431633166197,False
F1,2026,3,z_R,21,0.6614492486166631,0.8132953022221775,False
F1,2026,3,z_R,22,0.6687420657905183,0.81776651055819,False
F1,2026,3,z_R,23,0.6497891182403707,0.8060949809050858,False
F1,2026,3,z_R,24,0.6178778089314245,0.786052039582256,False
F1,2026,3,z_R,25,0.11559285966648795,0.3399894993473886,False
F1,2026,3,z_R,26,0.37379095113654587,0.6113844544446202,False
F1,2026,3,z_R,27,0.39208451454504584,0.6261665230152805,False
F1,2026,3,z_R,28,0.2829047557237444,0.5318879165047317,False
F1,2026,3,z_R,29,1.1565282700247885,1.0754200435294055,False
F1,2026,3,z_R,30,0.5209701404942767,0.7217826130451445,False
F1,2026,3,z_R,31,0.7520568740500678,0.8672121274809687,False
F1,2026,3,z_R,32,0.6478275087233745,0.8048773252635302,False
F1,2026,3,z_R,33,0.3531438677042646,0.5942590913938672,False
F1,2026,3,z_R,34,0.4964986685278478,0.7046266163918645,False
F1,2026,3,z_R,35,0.4034729621085052,0.6351952157474938,False
F1,2026,3,z_R,36,0.2778829243804308,0.5271460180826852,False
F1,2026,3,z_R,37,2.040023161607334,1.4282937938699216,False
F1,2026,3,z_R,38,2.0745973256047674,1.4403462519841426,False
F1,2026,3,z_R,39,0.6144868947289777,0.7838921448317859,False
F1,2026,3,z_R,40,1.0121184224439486,1.0060409645953532,False
F1,2026,3,z_R,41,0.2137615990270765,0.46234359412354414,False
F1,2026,3,z_R,42,0.4210154171516021,0.6488570082472733,False
F1,2026,3,z_R,43,1.5020611804443325,1.2255860559113474,False
F1,2026,3,z_R,44,0.247352010379093,0.4973449611477862,False
F1,2026,3,z_R,45,1.137153378006056,1.0663739391067544,False
F1,2026,3,z_R,46,0.3413354992119987,0.5842392482639271,False
F1,2026,3,z_R,47,0.5140813429837483,0.7169946603593003,False
F1,2026,3,z_R,48,1.932621977918221,1.3901877491613213,False
F1,2026,3,z_R,49,0.4325885283823071,0.6577146253370888,False
F1,2026,3,z_R,50,0.6264306183004758,0.7914737003214167,False
F1,2026,3,z_R,51,2.4830721730474923,1.575776688826019,False
F1,2026,3,z_R,52,0.353073951754131,0.5942002623309174,False
F1,2026,3,z_R,53,1.330350837484317,1.1534083567775626,False
F1,2026,3,z_R,54,1.4414250710647116,1.2005936327770157,False
F1,2026,3,z_R,55,0.5687729247049567,0.7541703552281518,False
F1,2026,3,z_R,56,0.7237091377857783,0.8507109601890517,False
F1,2026,3,z_R,57,1.207444768782233,1.0988379174301517,False
F1,2026,3,z_R,58,0.6305445358337614,0.7940683445609461,False
F1,2026,3,z_R,59,0.47672197502416713,0.6904505594350454,False
F1,2026,3,z_R,60,1.610017775828525,1.2688647586833377,False
F1,2026,3,z_R,61,0.3520546099344898,0.5933418996956896,False
F1,2026,3,z_R,62,0.25776141476912573,0.5077020925396366,False
F1,2026,3,z_R,63,0.7178152150131498,0.8472397624127127,False
F1,2026,3,z_R,64,0.184788750511866,0.42987062066610926,False
F1,2026,3,z_R,65,0.6242418989420588,0.7900898043526817,False
F1,2026,3,z_R,66,0.38973134178507274,0.6242846640636567,False
F1,2026,3,z_R,67,0.5353130504078923,0.7316509074742492,False
F1,2026,3,z_R,68,0.49984698715937365,0.7069985764903446,False
F1,2026,3,z_R,69,1.0138846312838214,1.006918383625913,False
F1,2026,3,z_R,70,0.35930097696879265,0.5994171977586168,False
F1,2026,3,z_R,71,1.0787557071601561,1.0386316513375453,False
F1,2026,3,z_R,72,0.8251987413752921,0.908404503167665,False
F1,2026,3,z_R,73,0.6981169979041919,0.8355339597551926,False
F1,2026,3,z_R,74,0.3420527866646605,0.584852790593206,False
F1,2026,3,z_R,75,0.3060463166639293,0.5532145304164825,False
F1,2026,3,z_R,76,0.589407878795441,0.7677290399583964,False
F1,2026,3,z_R,77,2.2883803135226195,1.512739340905306,False
F1,2026,3,z_R,78,0.1351945527205034,0.36768811881879376,False
F1,2026,3,z_R,79,0.36436550777125276,0.6036269607723406,False
F1,2026,3,z_R,80,0.5978131624847254,0.7731837831232141,False
F1,2026,3,z_R,81,0.9702917010202152,0.985033857803992,False
F1,2026,3,z_R,82,0.1989386102994188,0.4460253471490368,False
F1,2026,3,z_R,83,0.5395222445900474,0.7345217795205581,False
F1,2026,3,z_R,84,0.28475763789689823,0.5336268714156909,False
F1,2026,3,z_R,85,0.38667120681537925,0.6218289208579634,False
F1,2026,3,z_R,86,1.1342841530487766,1.0650277710223226,False
F1,2026,3,z_R,87,0.3649044508179832,0.6040732164381923,False
F1,2026,3,z_R,88,0.733235595960729,0.8562917703450904,False
F1,2026,3,z_R,89,0.22009185156471217,0.46913947986149296,False
F1,2026,3,z_R,90,0.7111537102117047,0.843299300492835,False
F1,2026,3,z_R,91,0.6046697563116914,0.7776051416443254,False
F1,2026,3,z_R,92,0.1800297848281921,0.42429916901661746,False
F1,2026,3,z_R,93,0.6958255475626033,0.834161583605121,False
F1,2026,3,z_R,94,0.0713418873130988,0.26709902155024606,False
F1,2026,3,z_R,95,0.294763622558605,0.5429213778795278,False
F1,2026,3,z_P,0,0.016311414493547838,0.1277161481315023,False
F1,2026,3,z_P,1,0.011349431789596196,0.10653371198637639,False
F1,2026,3,z_P,2,0.031655401175071894,0.17791964808607252,False
F1,2026,3,z_P,3,0.03088612949074127,0.1757445005988559,False
F1,2026,3,z_P,4,0.011752423551843538,0.10840859537805818,False
F1,2026,3,z_P,5,0.01998661697097073,0.14137403216634492,False
F1,2026,3,z_P,6,0.02620041135111991,0.16186541122525192,False
F1,2026,3,z_P,7,0.017712756493034793,0.1330892801582261,False
F1,2026,3,z_P,8,0.03883836746765367,0.197074522624447,False
F1,2026,3,z_P,9,0.014610593481573416,0.12087428792581745,False
F1,2026,3,z_P,10,0.039034233009226905,0.1975708303602202,False
F1,2026,3,z_P,11,0.02087722562641076,0.14448953466051012,False
F1,2026,3,z_P,12,0.010788863242669247,0.1038694528851926,False
F1,2026,3,z_P,13,0.019739662733268867,0.1404979100672635,False
F1,2026,3,z_P,14,0.008423481737962242,0.09177952788047147,False
F1,2026,3,z_P,15,0.031042307134950764,0.17618827184279537,False
F1,2026,3,z_P,16,0.015336176769302833,0.12383931834963738,False
F1,2026,3,z_P,17,0.017208649636366657,0.1311817427707326,False
F1,2026,3,z_P,18,0.01780157465844838,0.13342254179278845,False
F1,2026,3,z_P,19,0.013339787086646284,0.11549799602870296,False
F1,2026,3,z_P,20,0.03167937172830436,0.17798699876200047,False
F1,2026,3,z_P,21,0.018664055493354623,0.13661645396274427,False
F1,2026,3,z_P,22,0.016599700735604354,0.12883982589092688,False
F1,2026,3,z_P,23,0.03253245181208681,0.18036754644915146,False
F1,2026,3,z_P,24,0.051044764534912634,0.22593088442024176,False
F1,2026,3,z_P,25,0.022630221021876933,0.1504334438277504,False
F1,2026,3,z_P,26,0.018395411326556414,0.13562968453313018,False
F1,2026,3,z_P,27,0.034827745807551665,0.18662193281485343,False
F1,2026,3,z_P,28,0.02026905844461882,0.14236944350744235,False
F1,2026,3,z_P,29,0.028871498382966206,0.1699161510362279,False
F1,2026,3,z_P,30,0.014000353906794579,0.11832309118170713,False
F1,2026,3,z_P,31,0.01933357732177121,0.1390452348042579,False
F1,2026,3,z_P,32,0.00988299743472533,0.09941326588904184,False
F1,2026,3,z_P,33,0.016458502598372008,0.12829069568122237,False
F1,2026,3,z_P,34,0.014628278854771123,0.12094742186078677,False
F1,2026,3,z_P,35,0.01428834201522466,0.11953385300919844,False
F1,2026,3,z_P,36,0.02095049395911854,0.1447428546047042,False
F1,2026,3,z_P,37,0.031068512003167428,0.1762626222520459,False
F1,2026,3,z_P,38,0.01469505639153578,0.12122316771779139,False
F1,2026,3,z_P,39,0.016617430274982806,0.12890861210556417,False
F1,2026,3,z_P,40,0.020872562167826316,0.14447339605555867,False
F1,2026,3,z_P,41,0.020524271019597095,0.1432629436372054,False
F1,2026,3,z_P,42,0.02229444226074284,0.14931323538368205,False
F1,2026,3,z_P,43,0.026380083327822563,0.16241946720705175,False
F1,2026,3,z_P,44,0.015771182686896857,0.12558336946784338,False
F1,2026,3,z_P,45,0.015349920870142534,0.12389479759111169,False
F1,2026,3,z_P,46,0.009539577631517642,0.0976707613951977,False
F1,2026,3,z_P,47,0.026179788615968015,0.16180169534330602,False
F1,2026,3,z_P,48,0.00925102145838271,0.09618223047103197,False
F1,2026,3,z_P,49,0.03485458044087783,0.18669381468296647,False
F1,2026,3,z_P,50,0.020729904003490566,0.1439788317895744,False
F1,2026,3,z_P,51,0.017614275980606813,0.13271878533428044,False
F1,2026,3,z_P,52,0.019587732548277673,0.13995618081484532,False
F1,2026,3,z_P,53,0.020296492555718058,0.14246575923960836,False
F1,2026,3,z_P,54,0.013257174933420176,0.11513980603344864,False
F1,2026,3,z_P,55,0.016955498609667205,0.13021328123377893,False
F1,2026,3,z_P,56,0.03883682998935716,0.19707062183226895,False
F1,2026,3,z_P,57,0.012926043906636158,0.11369276101245918,False
F1,2026,3,z_P,58,0.02736653548962162,0.16542833943923158,False
F1,2026,3,z_P,59,0.025163244473605965,0.15862926739289307,False
F1,2026,3,z_P,60,0.01772685445360719,0.13314223392149913,False
F1,2026,3,z_P,61,0.02132681650453839,0.14603703812573846,False
F1,2026,3,z_P,62,0.019326597273486207,0.1390201326192944,False
F1,2026,3,z_P,63,0.018947035537265906,0.13764823114470418,False
F1,2026,3,z_P,64,0.0420814029433308,0.20513752202688518,False
F1,2026,3,z_P,65,0.018960548536567392,0.13769730765910926,False
F1,2026,3,z_P,66,0.054250805406506716,0.23291802293190347,False
F1,2026,3,z_P,67,0.022120019166359903,0.14872800397490682,False
F1,2026,3,z_P,68,0.02380360089565452,0.15428415633387157,False
F1,2026,3,z_P,69,0.017512936341423608,0.13233645129526334,False
F1,2026,3,z_P,70,0.016153939610406724,0.12709814951605994,False
F1,2026,3,z_P,71,0.012540886405370967,0.1119860991613288,False
F1,2026,3,z_P,72,0.016729344204936596,0.12934196613990603,False
F1,2026,3,z_P,73,0.022912774903708955,0.15136966308910432,False
F1,2026,3,z_P,74,0.02863750213077069,0.16922618630333394,False
F1,2026,3,z_P,75,0.031788688542441386,0.17829382642829053,False
F1,2026,3,z_P,76,0.011657748132467541,0.10797105228934069,False
F1,2026,3,z_P,77,0.01283681797599156,0.1132996821530915,False
F1,2026,3,z_P,78,0.011588362178548193,0.10764925535528888,False
F1,2026,3,z_P,79,0.02251098406678997,0.15003660908854868,False
F1,2026,3,z_P,80,0.050502638867300345,0.2247279218684237,False
F1,2026,3,z_P,81,0.044406413921298155,0.21072829406915947,False
F1,2026,3,z_P,82,0.00793568752285935,0.08908247595829019,False
F1,2026,3,z_P,83,0.02576197199463681,0.16050536437962692,False
F1,2026,3,z_P,84,0.016998657861758703,0.13037890113725725,False
F1,2026,3,z_P,85,0.005481793865754321,0.07403913739201937,False
F1,2026,3,z_P,86,0.008840693078711598,0.09402495987083216,False
F1,2026,3,z_P,87,0.019803885129888527,0.1407262773254822,False
F1,2026,3,z_P,88,0.0268444601548045,0.16384279097599777,False
F1,2026,3,z_P,89,0.02924236526833552,0.17100399196608107,False
F1,2026,3,z_P,90,0.015902667147220717,0.1261057776123708,False
F1,2026,3,z_P,91,0.011196981451000182,0.10581579017802675,False
F1,2026,3,z_P,92,0.02674480567237698,0.1635383920441221,False
F1,2026,3,z_P,93,0.02592851865645302,0.16102334817178848,False
F1,2026,3,z_P,94,0.01580211837912237,0.1257064770770479,False
F1,2026,3,z_P,95,0.022384141904329857,0.14961330791186275,False
F1,2026,4,z_R,0,0.2374629357375034,0.4873016886257459,False
F1,2026,4,z_R,1,0.7367809337633793,0.858359443219086,False
F1,2026,4,z_R,2,0.5508104172227045,0.7421660307658284,False
F1,2026,4,z_R,3,0.4392621958600125,0.6627685839416444,False
F1,2026,4,z_R,4,0.33859724241355854,0.5818910915399536,False
F1,2026,4,z_R,5,0.4063215244949847,0.6374335451597952,False
F1,2026,4,z_R,6,0.2746641662786898,0.5240841213762251,False
F1,2026,4,z_R,7,0.6785466242255952,0.8237394152434344,False
F1,2026,4,z_R,8,0.503937742706184,0.7098857251038254,False
F1,2026,4,z_R,9,0.48282280409038575,0.6948545200906343,False
F1,2026,4,z_R,10,1.2257962403177936,1.107156827336486,False
F1,2026,4,z_R,11,1.4268392405958328,1.1945037633242654,False
F1,2026,4,z_R,12,0.8429656279166461,0.918131596186868,False
F1,2026,4,z_R,13,1.1585206028839203,1.076345949443728,False
F1,2026,4,z_R,14,0.9588603441669177,0.9792141462248785,False
F1,2026,4,z_R,15,1.1529790756513454,1.0737686322720297,False
F1,2026,4,z_R,16,1.0418480555045586,1.0207095843111098,False
F1,2026,4,z_R,17,0.26212791551151576,0.511984292250764,False
F1,2026,4,z_R,18,0.9186171682067438,0.9584451826822147,False
F1,2026,4,z_R,19,1.4483834881374476,1.2034880506832826,False
F1,2026,4,z_R,20,0.45489820956849447,0.6744614218533885,False
F1,2026,4,z_R,21,0.4019202012505349,0.6339717669191073,False
F1,2026,4,z_R,22,0.39419980347110384,0.6278533295851061,False
F1,2026,4,z_R,23,0.450360090579657,0.6710887352501582,False
F1,2026,4,z_R,24,0.7261466873717626,0.8521424102647178,False
F1,2026,4,z_R,25,1.4267125773916747,1.1944507429742235,False
F1,2026,4,z_R,26,0.623620910455152,0.7896967205548925,False
F1,2026,4,z_R,27,0.4817502496400576,0.6940823075400047,False
F1,2026,4,z_R,28,0.3771644414646587,0.6141371519983616,False
F1,2026,4,z_R,29,0.7643611983510603,0.8742775293641375,False
F1,2026,4,z_R,30,0.6691364951913997,0.8180076376118989,False
F1,2026,4,z_R,31,0.16441504463497816,0.40548125065775625,False
F1,2026,4,z_R,32,0.7035214459749681,0.8387618529564683,False
F1,2026,4,z_R,33,0.5050758838576732,0.7106869098679623,False
F1,2026,4,z_R,34,0.42370276859321965,0.6509245490786314,False
F1,2026,4,z_R,35,0.20453590531579677,0.4522564596728241,False
F1,2026,4,z_R,36,1.3236197062410255,1.1504867257995746,False
F1,2026,4,z_R,37,1.2992168247078413,1.139831928271814,False
F1,2026,4,z_R,38,0.6738860990011875,0.8209056577958197,False
F1,2026,4,z_R,39,1.0382231412461194,1.0189323536163328,False
F1,2026,4,z_R,40,0.46987697497516695,0.6854757289468146,False
F1,2026,4,z_R,41,1.9583318751373848,1.3994041143062945,False
F1,2026,4,z_R,42,0.5646413484385299,0.7514262095765158,False
F1,2026,4,z_R,43,0.6591699850438555,0.811892840862546,False
F1,2026,4,z_R,44,0.5029387328017348,0.7091817346785906,False
F1,2026,4,z_R,45,0.6160123599240114,0.7848645487751447,False
F1,2026,4,z_R,46,0.8641825269127883,0.9296141817511113,False
F1,2026,4,z_R,47,1.6898105054220405,1.2999271154268768,False
F1,2026,4,z_R,48,1.198692727498069,1.0948482668836212,False
F1,2026,4,z_R,49,0.5156850897696138,0.7181121707432717,False
F1,2026,4,z_R,50,0.2815398016909676,0.5306032431968049,False
F1,2026,4,z_R,51,0.7205198344124601,0.8488343975195988,False
F1,2026,4,z_R,52,0.9054867337225528,0.9515706666993013,False
F1,2026,4,z_R,53,1.312430665464139,1.1456136632670453,False
F1,2026,4,z_R,54,0.2519339239295172,0.5019301982641782,False
F1,2026,4,z_R,55,0.1881200806914067,0.4337281184006943,False
F1,2026,4,z_R,56,0.4311238457562293,0.6566002176029408,False
F1,2026,4,z_R,57,0.40515562648374115,0.6365183630373449,False
F1,2026,4,z_R,58,1.0128434568107199,1.0064012404656106,False
F1,2026,4,z_R,59,0.1501971866628478,0.3875528179007963,False
F1,2026,4,z_R,60,0.42644597927351763,0.6530283142969512,False
F1,2026,4,z_R,61,0.19226471478318718,0.43848000499816087,False
F1,2026,4,z_R,62,0.25030814570694804,0.5003080508116455,False
F1,2026,4,z_R,63,1.9423434532853887,1.3936798245240507,False
F1,2026,4,z_R,64,0.3570788141208893,0.5975607200284246,False
F1,2026,4,z_R,65,0.0976151434650927,0.3124342226214867,False
F1,2026,4,z_R,66,0.4630253219583201,0.6804596402126434,False
F1,2026,4,z_R,67,1.0038187936712735,1.0019075774098494,False
F1,2026,4,z_R,68,0.25368212637312676,0.5036686672537083,False
F1,2026,4,z_R,69,1.7215544729067638,1.3120802082596794,False
F1,2026,4,z_R,70,0.5707447691088964,0.7554765179070071,False
F1,2026,4,z_R,71,1.1643844883826606,1.0790664893242958,False
F1,2026,4,z_R,72,0.21186457914446594,0.46028749618522763,False
F1,2026,4,z_R,73,0.9434869389189071,0.9713325583541957,False
F1,2026,4,z_R,74,1.6602059243352685,1.2884897843348502,False
F1,2026,4,z_R,75,2.1239650533353442,1.4573829467011559,False
F1,2026,4,z_R,76,0.6424607374724894,0.8015364854281366,False
F1,2026,4,z_R,77,0.18429390922616032,0.42929466480048445,False
F1,2026,4,z_R,78,0.40495768125031356,0.6363628534494401,False
F1,2026,4,z_R,79,0.9802023342317577,0.990051682606397,False
F1,2026,4,z_R,80,0.603072228216332,0.7765772519307605,False
F1,2026,4,z_R,81,0.7424762068412065,0.8616705906790637,False
F1,2026,4,z_R,82,0.36326304376758967,0.6027130691859848,False
F1,2026,4,z_R,83,0.7597992519382667,0.8716646441942375,False
F1,2026,4,z_R,84,0.9251177233809824,0.9618304026079558,False
F1,2026,4,z_R,85,0.27176719498732915,0.5213129530208598,False
F1,2026,4,z_R,86,1.6655634216699802,1.2905670930525,False
F1,2026,4,z_R,87,0.5041521168025038,0.7100367010250271,False
F1,2026,4,z_R,88,0.40492950163615204,0.6363407119115922,False
F1,2026,4,z_R,89,1.0622457979692355,1.0306530929314845,False
F1,2026,4,z_R,90,0.8109275514398538,0.900515158917302,False
F1,2026,4,z_R,91,0.38969840447228843,0.6242582834630939,False
F1,2026,4,z_R,92,0.8186710062507113,0.9048044022056432,False
F1,2026,4,z_R,93,0.5939905681552446,0.7707078357946315,False
F1,2026,4,z_R,94,0.2062249953325142,0.45412002304733734,False
F1,2026,4,z_R,95,0.6464795811466668,0.8040395395418479,False
F1,2026,4,z_P,0,0.006103710561436453,0.07812624758323193,False
F1,2026,4,z_P,1,0.007544373026977566,0.08685835035837122,False
F1,2026,4,z_P,2,0.014849106849602218,0.12185691137396441,False
F1,2026,4,z_P,3,0.0073800050044500074,0.08590695550681567,False
F1,2026,4,z_P,4,0.008919813257233254,0.09444476299527282,False
F1,2026,4,z_P,5,0.0193458037699602,0.13908919357721578,False
F1,2026,4,z_P,6,0.008473527573076385,0.0920517657249245,False
F1,2026,4,z_P,7,0.009132025244877617,0.09556163061018588,False
F1,2026,4,z_P,8,0.01108312684422255,0.10527643062064058,False
F1,2026,4,z_P,9,0.012880049470331766,0.11349030562269082,False
F1,2026,4,z_P,10,0.017672100876655276,0.1329364542804391,False
F1,2026,4,z_P,11,0.009206179901358321,0.09594884002091074,False
F1,2026,4,z_P,12,0.01677703149799025,0.12952618074347075,False
F1,2026,4,z_P,13,0.014144634408549312,0.11893121713221182,False
F1,2026,4,z_P,14,0.016244851054858185,0.12745529041533812,False
F1,2026,4,z_P,15,0.007694541175636566,0.08771853382060467,False
F1,2026,4,z_P,16,0.008965874960744375,0.09468830424473962,False
F1,2026,4,z_P,17,0.008111275192713707,0.09006261817598746,False
F1,2026,4,z_P,18,0.010967874991205986,0.10472762286620463,False
F1,2026,4,z_P,19,0.007115487393519341,0.08435334844284097,False
F1,2026,4,z_P,20,0.010046041242040893,0.10022994184394647,False
F1,2026,4,z_P,21,0.007218969385367817,0.08496451839072483,False
F1,2026,4,z_P,22,0.025030724957329727,0.1582110140202942,False
F1,2026,4,z_P,23,0.01110223014026493,0.10536712077429529,False
F1,2026,4,z_P,24,0.01188224939930143,0.10900573103879185,False
F1,2026,4,z_P,25,0.00948263439088425,0.0973788190053887,False
F1,2026,4,z_P,26,0.0053976920792418465,0.07346898719352164,False
F1,2026,4,z_P,27,0.01051574198157169,0.10254629189576622,False
F1,2026,4,z_P,28,0.011734123789821084,0.10832416069289937,False
F1,2026,4,z_P,29,0.017091918917105927,0.13073606586212516,False
F1,2026,4,z_P,30,0.01326600703841565,0.11517815347719224,False
F1,2026,4,z_P,31,0.012676722191028693,0.11259095075106478,False
F1,2026,4,z_P,32,0.0034945127757797785,0.05911440413114031,False
F1,2026,4,z_P,33,0.015675595311134837,0.12520221767658446,False
F1,2026,4,z_P,34,0.0095509985522573,0.0977292103327214,False
F1,2026,4,z_P,35,0.023676298140940674,0.1538710438677163,False
F1,2026,4,z_P,36,0.003700361213085127,0.06083059438378954,False
F1,2026,4,z_P,37,0.010792886487689377,0.10388881791458297,False
F1,2026,4,z_P,38,0.014958010239542793,0.12230294452523534,False
F1,2026,4,z_P,39,0.014806667636611162,0.12168265133785984,False
F1,2026,4,z_P,40,0.008691150946131099,0.09322634255472591,False
F1,2026,4,z_P,41,0.013174148249067649,0.11477869248718443,False
F1,2026,4,z_P,42,0.010150522435525902,0.10074980116866684,False
F1,2026,4,z_P,43,0.011501661262100034,0.10724579834240609,False
F1,2026,4,z_P,44,0.008924566672476071,0.09446992469816026,False
F1,2026,4,z_P,45,0.01479948590606213,0.12165313767454636,False
F1,2026,4,z_P,46,0.007092554778120656,0.08421730688000333,False
F1,2026,4,z_P,47,0.009678608618667251,0.09837991979396635,False
F1,2026,4,z_P,48,0.017554133013976903,0.13249201113266001,False
F1,2026,4,z_P,49,0.011209799640892732,0.10587634127080862,False
F1,2026,4,z_P,50,0.00544496279711501,0.07378999117166914,False
F1,2026,4,z_P,51,0.012928991028471195,0.11370572117739369,False
F1,2026,4,z_P,52,0.009267151849249443,0.09626604722979668,False
F1,2026,4,z_P,53,0.016741727107053343,0.12938982613425734,False
F1,2026,4,z_P,54,0.010480400405686329,0.10237382676097602,False
F1,2026,4,z_P,55,0.012136772178890443,0.11016701946994138,False
F1,2026,4,z_P,56,0.00628959636182137,0.07930697549283651,False
F1,2026,4,z_P,57,0.02671600974321302,0.1634503280608914,False
F1,2026,4,z_P,58,0.01771444559750634,0.13309562576398346,False
F1,2026,4,z_P,59,0.005450322347530323,0.07382629848184401,False
F1,2026,4,z_P,60,0.009105860354302508,0.09542463180071752,False
F1,2026,4,z_P,61,0.01250827833267287,0.11184041457663178,False
F1,2026,4,z_P,62,0.008956954104098112,0.0946411860877605,False
F1,2026,4,z_P,63,0.012042306744813542,0.10973744458849742,False
F1,2026,4,z_P,64,0.009356440055173693,0.09672869302938861,False
F1,2026,4,z_P,65,0.006977711934156155,0.08353269978970006,False
F1,2026,4,z_P,66,0.010379704266279436,0.10188083365520444,False
F1,2026,4,z_P,67,0.012011214808747275,0.10959568791128269,False
F1,2026,4,z_P,68,0.01487775392744836,0.12197439865581777,False
F1,2026,4,z_P,69,0.01417850020443643,0.11907350756753758,False
F1,2026,4,z_P,70,0.01949256925652293,0.13961579157288379,False
F1,2026,4,z_P,71,0.017955654165926503,0.13399870956813914,False
F1,2026,4,z_P,72,0.012143545541416865,0.11019775651716719,False
F1,2026,4,z_P,73,0.0060520248199265525,0.07779476087710889,False
F1,2026,4,z_P,74,0.015615496270071133,0.12496197929798941,False
F1,2026,4,z_P,75,0.013432991351358002,0.11590078235869679,False
F1,2026,4,z_P,76,0.013898693581625845,0.11789272064731497,False
F1,2026,4,z_P,77,0.0044335892196145175,0.06658520270761753,False
F1,2026,4,z_P,78,0.00931105100025548,0.09649378736610704,False
F1,2026,4,z_P,79,0.010168658135394025,0.10083976465360292,False
F1,2026,4,z_P,80,0.009041948735191417,0.09508916202802198,False
F1,2026,4,z_P,81,0.011642631586624158,0.10790102680986942,False
F1,2026,4,z_P,82,0.005276981242896559,0.07264283338978841,False
F1,2026,4,z_P,83,0.021918639346384494,0.14804944899047917,False
F1,2026,4,z_P,84,0.013386937866097839,0.11570193544663736,False
F1,2026,4,z_P,85,0.010215830775126956,0.10107339301283477,False
F1,2026,4,z_P,86,0.009381873007262466,0.0968600692094656,False
F1,2026,4,z_P,87,0.00859231912089732,0.09269476317946618,False
F1,2026,4,z_P,88,0.007088137493712796,0.08419107728086626,False
F1,2026,4,z_P,89,0.012492781552820471,0.11177111233597199,False
F1,2026,4,z_P,90,0.009382386386307614,0.09686271927995628,False
F1,2026,4,z_P,91,0.0076894999432808205,0.08768979383760017,False
F1,2026,4,z_P,92,0.00927361426240434,0.0962996067614211,False
F1,2026,4,z_P,93,0.016306498825829983,0.12769690217789148,False
F1,2026,4,z_P,94,0.009797176116079982,0.09898068557087278,False
F1,2026,4,z_P,95,0.00495512541838443,0.07039265173570626,False
F2,2026,0,z_R,0,1.0881128469984986,1.0431264769904456,False
F2,2026,0,z_R,1,0.4194005520954111,0.6476114206029809,False
F2,2026,0,z_R,2,0.7098582414239237,0.842530854879466,False
F2,2026,0,z_R,3,0.6329434397599644,0.7955774253710096,False
F2,2026,0,z_R,4,1.163951496648975,1.078865838113792,False
F2,2026,0,z_R,5,0.2234367969851581,0.4726910163998868,False
F2,2026,0,z_R,6,0.590219678181133,0.7682575597943264,False
F2,2026,0,z_R,7,0.32214454818740473,0.5675777904282414,False
F2,2026,0,z_R,8,0.7222764950569824,0.8498685163347225,False
F2,2026,0,z_R,9,0.7999080688757795,0.8943757984626929,False
F2,2026,0,z_R,10,0.6227466259176533,0.7891429692505999,False
F2,2026,0,z_R,11,1.1072316071100394,1.0522507339555718,False
F2,2026,0,z_R,12,0.6514602797469581,0.8071308938127434,False
F2,2026,0,z_R,13,0.622328706563958,0.7888781316299482,False
F2,2026,0,z_R,14,0.8431796385048935,0.9182481355847631,False
F2,2026,0,z_R,15,0.5737958410250875,0.7574931293583378,False
F2,2026,0,z_R,16,0.33751827186098693,0.5809632276323408,False
F2,2026,0,z_R,17,0.30908147723403184,0.5559509665735206,False
F2,2026,0,z_R,18,0.3671249151063506,0.6059083388651707,False
F2,2026,0,z_R,19,0.37570576798540345,0.6129484219617531,False
F2,2026,0,z_R,20,0.6015976575878972,0.7756272671766363,False
F2,2026,0,z_R,21,0.33595858693379055,0.5796193465834198,False
F2,2026,0,z_R,22,0.79636336399595,0.8923919340715435,False
F2,2026,0,z_R,23,0.47825555248485546,0.6915602305546896,False
F2,2026,0,z_R,24,0.1963325396649736,0.44309427852881783,False
F2,2026,0,z_R,25,0.3552677831171928,0.5960434406292824,False
F2,2026,0,z_R,26,0.26262599693516203,0.5124704839648446,False
F2,2026,0,z_R,27,0.2585095936922528,0.5084383873118283,False
F2,2026,0,z_R,28,0.316069562092152,0.5622006422018317,False
F2,2026,0,z_R,29,0.19436417729956615,0.4408675280620769,False
F2,2026,0,z_R,30,0.15571506241751687,0.39460747891736275,False
F2,2026,0,z_R,31,0.18422012541939317,0.4292087201110821,False
F2,2026,0,z_R,32,0.33619550200169873,0.579823681822068,False
F2,2026,0,z_R,33,0.21986931359721765,0.46890224311386874,False
F2,2026,0,z_R,34,0.5126263414830372,0.7159792884455787,False
F2,2026,0,z_R,35,0.334485964968237,0.5783476160305643,False
F2,2026,0,z_R,36,0.2476716180441917,0.4976661712877335,False
F2,2026,0,z_R,37,2.3344141558781453,1.5278789729157691,False
F2,2026,0,z_R,38,0.6487293420181671,0.8054373607042121,False
F2,2026,0,z_R,39,0.7206952568089956,0.848937722573921,False
F2,2026,0,z_R,40,0.25718797238989033,0.5071370351195921,False
F2,2026,0,z_R,41,0.39692530843399915,0.6300200857385415,False
F2,2026,0,z_R,42,0.5682916872045221,0.7538512367864909,False
F2,2026,0,z_R,43,0.6032150747993948,0.7766692183931296,False
F2,2026,0,z_R,44,0.09574356489223011,0.3094245706019968,False
F2,2026,0,z_R,45,0.9637031718485349,0.9816838451602099,False
F2,2026,0,z_R,46,0.8979444175071285,0.9475992916349867,False
F2,2026,0,z_R,47,1.0290895310896206,1.0144405015029816,False
F2,2026,0,z_R,48,0.6317506544654204,0.7948274369103148,False
F2,2026,0,z_R,49,0.9754683102754158,0.9876579925639319,False
F2,2026,0,z_R,50,0.6844685923780568,0.8273261704902467,False
F2,2026,0,z_R,51,0.7648740436237149,0.8745707767949458,False
F2,2026,0,z_R,52,0.5348381046642567,0.7313262641695953,False
F2,2026,0,z_R,53,0.4041882742990813,0.6357580312501615,False
F2,2026,0,z_R,54,1.0775865287080642,1.0380686531766885,False
F2,2026,0,z_R,55,0.7187129847862531,0.8477694172274989,False
F2,2026,0,z_R,56,0.5301841308627943,0.72813743954201,False
F2,2026,0,z_R,57,0.7391459659295675,0.8597359861780636,False
F2,2026,0,z_R,58,1.0002602640724083,1.0001301235701323,False
F2,2026,0,z_R,59,0.9382044051252206,0.9686095214921339,False
F2,2026,0,z_R,60,1.598365036452554,1.2642646227956211,False
F2,2026,0,z_R,61,0.14434478323831756,0.37992733941941786,False
F2,2026,0,z_R,62,0.9499397428161925,0.9746485227076438,False
F2,2026,0,z_R,63,1.8518480576720326,1.3608262408081468,False
F2,2026,0,z_R,64,0.9249914459587605,0.9617647560390017,False
F2,2026,0,z_R,65,2.0620178417986734,1.4359727858837275,False
F2,2026,0,z_R,66,0.8695039061175179,0.9324719331526917,False
F2,2026,0,z_R,67,1.8281493092523007,1.3520907178337926,False
F2,2026,0,z_R,68,0.24922033531388296,0.4992197264871281,False
F2,2026,0,z_R,69,0.6461531134444815,0.8038364967109178,False
F2,2026,0,z_R,70,0.10902035877879686,0.3301823114262738,False
F2,2026,0,z_R,71,1.0010426474510319,1.0005211879070988,False
F2,2026,0,z_R,72,0.2932379969463251,0.5415145399214365,False
F2,2026,0,z_R,73,0.39191295150283484,0.626029513284186,False
F2,2026,0,z_R,74,1.2841197730869793,1.1331900869170095,False
F2,2026,0,z_R,75,0.5910738628412288,0.7688132821701436,False
F2,2026,0,z_R,76,0.31962411602388685,0.5653530896916429,False
F2,2026,0,z_R,77,0.19452627245879225,0.4410513263315192,False
F2,2026,0,z_R,78,1.0136597722484175,1.0068067204028872,False
F2,2026,0,z_R,79,0.38934940792034683,0.6239786918800567,False
F2,2026,0,z_R,80,1.5914876871514054,1.2615417896968002,False
F2,2026,0,z_R,81,1.4585215232662623,1.2076926443703557,False
F2,2026,0,z_R,82,0.3685181565728346,0.6070569632026591,False
F2,2026,0,z_R,83,0.7184145916436563,0.8475934117509741,False
F2,2026,0,z_R,84,0.47045338340460036,0.685896044167482,False
F2,2026,0,z_R,85,0.8412894023073522,0.9172182958856371,False
F2,2026,0,z_R,86,0.12243450255345288,0.3499064197088314,False
F2,2026,0,z_R,87,0.9498502110475088,0.9746025913404441,False
F2,2026,0,z_R,88,1.7724056267464912,1.3313172524783456,False
F2,2026,0,z_R,89,0.9698631122982319,0.9848162835261366,False
F2,2026,0,z_R,90,1.2331522464534765,1.110473883733191,False
F2,2026,0,z_R,91,0.9213905851769749,0.959890923582974,False
F2,2026,0,z_R,92,0.8178418763932059,0.9043461043169291,False
F2,2026,0,z_R,93,0.7641817826268075,0.8741749153497871,False
F2,2026,0,z_R,94,0.6340436392929827,0.7962685723378656,False
F2,2026,0,z_R,95,1.28270113407466,1.1325639646724859,False
F2,2026,0,z_P,0,0.023028846503679704,0.15175258318618404,False
F2,2026,0,z_P,1,0.020771807585347035,0.14412427826479143,False
F2,2026,0,z_P,2,0.0325307287149602,0.18036276975850699,False
F2,2026,0,z_P,3,0.02143525623419988,0.1464078421198806,False
F2,2026,0,z_P,4,0.012337587447345779,0.1110746931003898,False
F2,2026,0,z_P,5,0.008558283184178218,0.09251098953193733,False
F2,2026,0,z_P,6,0.014365264602873698,0.1198551817940038,False
F2,2026,0,z_P,7,0.019939960638741913,0.14120892549248407,False
F2,2026,0,z_P,8,0.02129306247381306,0.14592142568455482,False
F2,2026,0,z_P,9,0.010668717357372534,0.10328948328543683,False
F2,2026,0,z_P,10,0.016094952652871423,0.12686588451144548,False
F2,2026,0,z_P,11,0.02123209275375666,0.14571236307793742,False
F2,2026,0,z_P,12,0.007494294015698528,0.08656959059449529,False
F2,2026,0,z_P,13,0.009821725528253543,0.0991046191065459,False
F2,2026,0,z_P,14,0.012130013765327036,0.11013634171029578,False
F2,2026,0,z_P,15,0.009090725940657445,0.09534529847169941,False
F2,2026,0,z_P,16,0.01754289295164654,0.13244958645328622,False
F2,2026,0,z_P,17,0.015810661948499165,0.12574045470133774,False
F2,2026,0,z_P,18,0.020401413253781427,0.14283351586298443,False
F2,2026,0,z_P,19,0.010546335105879266,0.10269535094579144,False
F2,2026,0,z_P,20,0.009439784571127036,0.09715855377231093,False
F2,2026,0,z_P,21,0.033749064874846565,0.18370918560280694,False
F2,2026,0,z_P,22,0.008444883061592573,0.09189604486370767,False
F2,2026,0,z_P,23,0.015580693601862454,0.12482264859336407,False
F2,2026,0,z_P,24,0.016197166766968744,0.1272680901364075,False
F2,2026,0,z_P,25,0.019243237013792613,0.13871999500357768,False
F2,2026,0,z_P,26,0.033430077015070774,0.18283893736037402,False
F2,2026,0,z_P,27,0.010981857063999373,0.10479435606939609,False
F2,2026,0,z_P,28,0.014326500339808989,0.11969335963122177,False
F2,2026,0,z_P,29,0.013314620935999234,0.11538899833172674,False
F2,2026,0,z_P,30,0.016980819191580454,0.13031047230203893,False
F2,2026,0,z_P,31,0.018656541851643598,0.13658895215808486,False
F2,2026,0,z_P,32,0.012488424586850962,0.11175162006365259,False
F2,2026,0,z_P,33,0.014517451856338333,0.12048838888597661,False
F2,2026,0,z_P,34,0.00857369422590238,0.0925942451014229,False
F2,2026,0,z_P,35,0.019702545226541874,0.14036575517747152,False
F2,2026,0,z_P,36,0.016440131847284576,0.1282190775480957,False
F2,2026,0,z_P,37,0.02159798574402431,0.14696253176923807,False
F2,2026,0,z_P,38,0.02647827765474056,0.1627214726295843,False
F2,2026,0,z_P,39,0.01490284596377668,0.12207721312258353,False
F2,2026,0,z_P,40,0.013823927668094076,0.11757520005551374,False
F2,2026,0,z_P,41,0.006664014930690759,0.08163341797750942,False
F2,2026,0,z_P,42,0.009856627114899418,0.099280547515107,False
F2,2026,0,z_P,43,0.014931013097727978,0.12219252472114642,False
F2,2026,0,z_P,44,0.026398565100357645,0.16247635243430855,False
F2,2026,0,z_P,45,0.009714330910099591,0.09856130533885796,False
F2,2026,0,z_P,46,0.04680698387269651,0.2163492174071737,False
F2,2026,0,z_P,47,0.019602224473349857,0.14000794432227714,False
F2,2026,0,z_P,48,0.03516683443400745,0.1875282230332476,False
F2,2026,0,z_P,49,0.04681351070834945,0.2163643009101766,False
F2,2026,0,z_P,50,0.008920967377303544,0.0944508728244665,False
F2,2026,0,z_P,51,0.018713780690131406,0.13679832122555965,False
F2,2026,0,z_P,52,0.017654689153661526,0.13287094924648324,False
F2,2026,0,z_P,53,0.026226403041045943,0.1619456792910695,False
F2,2026,0,z_P,54,0.010783726196321258,0.10384472156215384,False
F2,2026,0,z_P,55,0.010854202948093737,0.10418350612306028,False
F2,2026,0,z_P,56,0.015408049444645409,0.12412916435973219,False
F2,2026,0,z_P,57,0.022658144316329877,0.1505262246797211,False
F2,2026,0,z_P,58,0.008816656519499288,0.09389705277323292,False
F2,2026,0,z_P,59,0.01606874580683365,0.12676255680142165,False
F2,2026,0,z_P,60,0.01689278186292622,0.12997223496934343,False
F2,2026,0,z_P,61,0.012318550381531831,0.11098896513407011,False
F2,2026,0,z_P,62,0.016053947917380542,0.12670417482222338,False
F2,2026,0,z_P,63,0.009078473012001518,0.09528102125817879,False
F2,2026,0,z_P,64,0.012633039439890026,0.11239679461572748,False
F2,2026,0,z_P,65,0.0227971370821769,0.1509872083395706,False
F2,2026,0,z_P,66,0.027661223185454414,0.16631663532387375,False
F2,2026,0,z_P,67,0.011924382238532252,0.10919881976712134,False
F2,2026,0,z_P,68,0.011161052570923417,0.10564588288676192,False
F2,2026,0,z_P,69,0.018413649587432673,0.13569690338188514,False
F2,2026,0,z_P,70,0.007006624308933687,0.08370558110982616,False
F2,2026,0,z_P,71,0.013436471113441968,0.1159157932011077,False
F2,2026,0,z_P,72,0.011223268571656278,0.10593992907141422,False
F2,2026,0,z_P,73,0.016596382559227383,0.12882694810957598,False
F2,2026,0,z_P,74,0.01900835740366006,0.1378707996773068,False
F2,2026,0,z_P,75,0.006759168127061,0.08221416013717467,False
F2,2026,0,z_P,76,0.017604165052099018,0.13268068831634472,False
F2,2026,0,z_P,77,0.008449832333775355,0.09192296956569318,False
F2,2026,0,z_P,78,0.02687849265770027,0.16394661526759333,False
F2,2026,0,z_P,79,0.013688194730618023,0.1169965586272435,False
F2,2026,0,z_P,80,0.01564281045597526,0.12507122153387348,False
F2,2026,0,z_P,81,0.012196946240299442,0.11043978558608053,False
F2,2026,0,z_P,82,0.02440699146368953,0.15622737104518378,False
F2,2026,0,z_P,83,0.012753720304969575,0.11293237049212053,False
F2,2026,0,z_P,84,0.014384011037355973,0.11993336081906474,False
F2,2026,0,z_P,85,0.02294139892648689,0.15146418364249314,False
F2,2026,0,z_P,86,0.014256888313684197,0.11940221234836562,False
F2,2026,0,z_P,87,0.025040642086414787,0.15824235237892156,False
F2,2026,0,z_P,88,0.017199002980705026,0.1311449693305276,False
F2,2026,0,z_P,89,0.03848623703922578,0.1961790942970881,False
F2,2026,0,z_P,90,0.028113877807491174,0.16767193506216588,False
F2,2026,0,z_P,91,0.028252192026591003,0.16808388389905501,False
F2,2026,0,z_P,92,0.01775796039870329,0.1332589974399601,False
F2,2026,0,z_P,93,0.017553007439504876,0.1324877633576206,False
F2,2026,0,z_P,94,0.03238341169888155,0.17995391548638653,False
F2,2026,0,z_P,95,0.028744945110856502,0.16954334286800088,False
F2,2026,1,z_R,0,0.9815991447896422,0.9907568545256915,False
F2,2026,1,z_R,1,0.3493453201169115,0.5910544138376022,False
F2,2026,1,z_R,2,0.449459509509156,0.6704174143838717,False
F2,2026,1,z_R,3,0.9887781127190824,0.9943732260670952,False
F2,2026,1,z_R,4,0.30419596949303956,0.5515396354687844,False
F2,2026,1,z_R,5,1.390087783109308,1.179019839998169,False
F2,2026,1,z_R,6,0.26306407138162763,0.512897720195389,False
F2,2026,1,z_R,7,0.25794087234942426,0.5078787969086958,False
F2,2026,1,z_R,8,0.707643379273253,0.8412154178765705,False
F2,2026,1,z_R,9,0.4107067731734295,0.6408640832293767,False
F2,2026,1,z_R,10,0.4422103723832285,0.6649890017009519,False
F2,2026,1,z_R,11,0.6058994676832928,0.7783954442847754,False
F2,2026,1,z_R,12,0.23426584908620787,0.4840101745688905,False
F2,2026,1,z_R,13,0.7698260200019251,0.8773972988344135,False
F2,2026,1,z_R,14,1.2141652533283926,1.1018916704142891,False
F2,2026,1,z_R,15,0.5437058179177663,0.7373641013215698,False
F2,2026,1,z_R,16,1.0778691067927921,1.0382047518639048,False
F2,2026,1,z_R,17,0.5529159484693565,0.7435831819435916,False
F2,2026,1,z_R,18,0.6260579536954161,0.7912382407943994,False
F2,2026,1,z_R,19,0.17898773961055042,0.4230694264663312,False
F2,2026,1,z_R,20,1.4731638413328958,1.2137396101853544,False
F2,2026,1,z_R,21,0.19581247355673678,0.44250703221162124,False
F2,2026,1,z_R,22,0.3100497778841521,0.5568211363482461,False
F2,2026,1,z_R,23,0.2994881888429258,0.5472551405358618,False
F2,2026,1,z_R,24,1.0197361038410693,1.009819837318058,False
F2,2026,1,z_R,25,0.4180611834821468,0.6465765101533977,False
F2,2026,1,z_R,26,0.7004268417638851,0.8369150744035413,False
F2,2026,1,z_R,27,1.824390575993903,1.3507000318330873,False
F2,2026,1,z_R,28,0.5525762297814744,0.7433547132974099,False
F2,2026,1,z_R,29,0.37653029084497175,0.613620640823768,False
F2,2026,1,z_R,30,1.0687844016176196,1.0338202946439095,False
F2,2026,1,z_R,31,0.36543094800413856,0.6045088485738969,False
F2,2026,1,z_R,32,0.2877544519886969,0.5364274899636454,False
F2,2026,1,z_R,33,0.5191964669312747,0.7205528897529138,False
F2,2026,1,z_R,34,0.5082984105250575,0.7129504965459086,False
F2,2026,1,z_R,35,0.9015859217724662,0.9495187843178597,False
F2,2026,1,z_R,36,0.5476750749672539,0.7400507245907229,False
F2,2026,1,z_R,37,0.6489583865221363,0.8055795345725563,False
F2,2026,1,z_R,38,0.47597045920032893,0.6899061234692216,False
F2,2026,1,z_R,39,0.2202138699501351,0.4692695067337479,False
F2,2026,1,z_R,40,0.34752293485566,0.589510758897291,False
F2,2026,1,z_R,41,2.189104002511332,1.4795620982274897,False
F2,2026,1,z_R,42,0.9590391748614002,0.9793054553413865,False
F2,2026,1,z_R,43,0.5624869623424696,0.7499913081779479,False
F2,2026,1,z_R,44,0.6422191725349436,0.8013857825884757,False
F2,2026,1,z_R,45,0.8932881760976021,0.9451392363549416,False
F2,2026,1,z_R,46,0.5696614954649022,0.7547592301289877,False
F2,2026,1,z_R,47,0.8476182564807258,0.9206618578396336,False
F2,2026,1,z_R,48,0.480964208210103,0.6935158312613369,False
F2,2026,1,z_R,49,1.6293517877057875,1.2764606487102481,False
F2,2026,1,z_R,50,0.6188182407883341,0.7866500116241874,False
F2,2026,1,z_R,51,0.8948194014258103,0.9459489422932985,False
F2,2026,1,z_R,52,0.7657698511578955,0.875082768175614,False
F2,2026,1,z_R,53,0.36911805624767025,0.6075508672100388,False
F2,2026,1,z_R,54,0.8499395407455623,0.9219216565118548,False
F2,2026,1,z_R,55,0.874008475011111,0.9348842040654612,False
F2,2026,1,z_R,56,0.9020768147391366,0.9497772447996091,False
F2,2026,1,z_R,57,0.45190257088286456,0.6722369901179677,False
F2,2026,1,z_R,58,1.0094440781797658,1.0047109425997935,False
F2,2026,1,z_R,59,0.15882955072041222,0.39853425288224875,False
F2,2026,1,z_R,60,1.5299305511853978,1.2369036143472933,False
F2,2026,1,z_R,61,0.7762485726055061,0.8810496992823424,False
F2,2026,1,z_R,62,0.5747327415869983,0.7581112989442897,False
F2,2026,1,z_R,63,0.5752180202761014,0.7584312890935483,False
F2,2026,1,z_R,64,0.4110741751572747,0.6411506649433304,False
F2,2026,1,z_R,65,0.929843191837437,0.9642837714269783,False
F2,2026,1,z_R,66,0.7366122745501938,0.8582611924992262,False
F2,2026,1,z_R,67,1.3672093038114774,1.1692772570316579,False
F2,2026,1,z_R,68,0.31851129289250657,0.564368047370248,False
F2,2026,1,z_R,69,0.2826535139381428,0.5316516847882106,False
F2,2026,1,z_R,70,0.34091202420284383,0.5838767200384374,False
F2,2026,1,z_R,71,1.6560645382344934,1.2868817110498125,False
F2,2026,1,z_R,72,0.21498455038677625,0.4636642647290993,False
F2,2026,1,z_R,73,0.4462886563063455,0.6680483936859256,False
F2,2026,1,z_R,74,0.7115957225689162,0.8435613330214444,False
F2,2026,1,z_R,75,0.575384169209876,0.7585408157837493,False
F2,2026,1,z_R,76,0.2390901312927721,0.48896843588597017,False
F2,2026,1,z_R,77,0.8413848070102381,0.917270302043099,False
F2,2026,1,z_R,78,1.0455238660244153,1.0225086141565827,False
F2,2026,1,z_R,79,0.4521191403876321,0.6723980520403313,False
F2,2026,1,z_R,80,0.331925788436727,0.5761300100122602,False
F2,2026,1,z_R,81,0.8434310217794727,0.9183850073795155,False
F2,2026,1,z_R,82,0.5125041926786646,0.7158939814516285,False
F2,2026,1,z_R,83,1.0066869040033024,1.003337881275945,False
F2,2026,1,z_R,84,0.5020260938970672,0.708537997497006,False
F2,2026,1,z_R,85,1.182301669865418,1.0873369624295028,False
F2,2026,1,z_R,86,0.8846157460758853,0.9405401352817887,False
F2,2026,1,z_R,87,0.667129687924181,0.8167800731679128,False
F2,2026,1,z_R,88,0.08888449901928873,0.29813503487394555,False
F2,2026,1,z_R,89,0.2930942304576436,0.5413817788378582,False
F2,2026,1,z_R,90,0.547164699062261,0.7397058192702427,False
F2,2026,1,z_R,91,0.19769070053874835,0.4446242239675526,False
F2,2026,1,z_R,92,0.8705237610301727,0.9330186284475636,False
F2,2026,1,z_R,93,0.19752930996761323,0.44444269593234764,False
F2,2026,1,z_R,94,0.5011093128564902,0.7078907492378257,False
F2,2026,1,z_R,95,0.3008325911290548,0.548482079132085,False
F2,2026,1,z_P,0,0.012627944591335972,0.11237412776674163,False
F2,2026,1,z_P,1,0.019305997182334753,0.13894602254953092,False
F2,2026,1,z_P,2,0.008298056041037933,0.09109366630583014,False
F2,2026,1,z_P,3,0.016941183267451705,0.13015830080118482,False
F2,2026,1,z_P,4,0.01073481225507882,0.10360893906936226,False
F2,2026,1,z_P,5,0.009063015943317074,0.09519987365179154,False
F2,2026,1,z_P,6,0.019575975319304006,0.13991417125975483,False
F2,2026,1,z_P,7,0.030004880815085504,0.17321916988337493,False
F2,2026,1,z_P,8,0.013284125796512744,0.11525678199790564,False
F2,2026,1,z_P,9,0.014238741208933101,0.11932619665829085,False
F2,2026,1,z_P,10,0.02691424464579004,0.16405561449030034,False
F2,2026,1,z_P,11,0.012299263429696809,0.11090204429899753,False
F2,2026,1,z_P,12,0.012168793974725011,0.11031225668403766,False
F2,2026,1,z_P,13,0.018407646383405078,0.13567478167811836,False
F2,2026,1,z_P,14,0.0263715845849404,0.1623933021554165,False
F2,2026,1,z_P,15,0.015431956929979665,0.12422542787199271,False
F2,2026,1,z_P,16,0.004118302300618831,0.06417400019181313,False
F2,2026,1,z_P,17,0.011840649385631561,0.10881474801529231,False
F2,2026,1,z_P,18,0.027199877551300527,0.16492385379714036,False
F2,2026,1,z_P,19,0.014489539545746197,0.12037250327938769,False
F2,2026,1,z_P,20,0.014214977690656012,0.11922658130910242,False
F2,2026,1,z_P,21,0.014147110126026022,0.11894162486710035,False
F2,2026,1,z_P,22,0.010948611472774164,0.10463561283221963,False
F2,2026,1,z_P,23,0.015241679010466986,0.12345719505345562,False
F2,2026,1,z_P,24,0.015074583658832349,0.12277859609407639,False
F2,2026,1,z_P,25,0.013824394110042658,0.11757718362863884,False
F2,2026,1,z_P,26,0.0171118822340161,0.1308123932737877,False
F2,2026,1,z_P,27,0.013538598745001382,0.11635548437869778,False
F2,2026,1,z_P,28,0.007042598517133658,0.08392019135543995,False
F2,2026,1,z_P,29,0.017733937032235924,0.13316882905633706,False
F2,2026,1,z_P,30,0.015490708992241291,0.124461676801501,False
F2,2026,1,z_P,31,0.016957156264616392,0.13021964623134402,False
F2,2026,1,z_P,32,0.00949836052363288,0.0974595327488947,False
F2,2026,1,z_P,33,0.010319162202598863,0.10158327717985309,False
F2,2026,1,z_P,34,0.010180513259066583,0.10089852951885167,False
F2,2026,1,z_P,35,0.02452139690293215,0.1565930934075068,False
F2,2026,1,z_P,36,0.023101886914319598,0.1519930489013218,False
F2,2026,1,z_P,37,0.013088522842020648,0.1144050822385992,False
F2,2026,1,z_P,38,0.012911614204865897,0.11362928409906443,False
F2,2026,1,z_P,39,0.013382390106239359,0.11568228086547809,False
F2,2026,1,z_P,40,0.009430919337113618,0.09711292054672034,False
F2,2026,1,z_P,41,0.011677839779014139,0.10806405405598171,False
F2,2026,1,z_P,42,0.010668116566661844,0.10328657495851938,False
F2,2026,1,z_P,43,0.01179770041078458,0.10861721967894676,False
F2,2026,1,z_P,44,0.022163377167725647,0.14887369535188427,False
F2,2026,1,z_P,45,0.007255102647703349,0.08517689033830332,False
F2,2026,1,z_P,46,0.013113403399422812,0.11451376947521556,False
F2,2026,1,z_P,47,0.017158515001098582,0.1309905149279847,False
F2,2026,1,z_P,48,0.018262937789195476,0.13514043728357356,False
F2,2026,1,z_P,49,0.010275519187108487,0.10136823559236141,False
F2,2026,1,z_P,50,0.01656270046875413,0.12869615560984768,False
F2,2026,1,z_P,51,0.015200859334503363,0.12329176507173284,False
F2,2026,1,z_P,52,0.032083871302384805,0.1791197122105348,False
F2,2026,1,z_P,53,0.009146844879937487,0.09563913884983222,False
F2,2026,1,z_P,54,0.006931203685150709,0.08325385087280172,False
F2,2026,1,z_P,55,0.02140184042751125,0.146293678699769,False
F2,2026,1,z_P,56,0.010453731907956385,0.1022434932304075,False
F2,2026,1,z_P,57,0.03127012370466972,0.17683360456844655,False
F2,2026,1,z_P,58,0.006902128967560798,0.08307905251963818,False
F2,2026,1,z_P,59,0.015526719900046676,0.12460625947377875,False
F2,2026,1,z_P,60,0.013615216699769611,0.11668426071998576,False
F2,2026,1,z_P,61,0.008518164950290938,0.0922939052716426,False
F2,2026,1,z_P,62,0.016406250796081535,0.12808688768207904,False
F2,2026,1,z_P,63,0.02711600481041491,0.16466938030616046,False
F2,2026,1,z_P,64,0.015351405795737415,0.12390079013362834,False
F2,2026,1,z_P,65,0.009613228627967067,0.09804707353086611,False
F2,2026,1,z_P,66,0.010480442193885508,0.10237403085688043,False
F2,2026,1,z_P,67,0.012191066318248988,0.11041316188864889,False
F2,2026,1,z_P,68,0.016877891702080726,0.12991494025738812,False
F2,2026,1,z_P,69,0.012529010235130483,0.11193306140336948,False
F2,2026,1,z_P,70,0.019831256764801655,0.14082349507380384,False
F2,2026,1,z_P,71,0.024418521065532377,0.15626426675837435,False
F2,2026,1,z_P,72,0.014510598855755199,0.12045994710174499,False
F2,2026,1,z_P,73,0.008805158742905928,0.09383580736001544,False
F2,2026,1,z_P,74,0.016590643489636,0.1288046718470879,False
F2,2026,1,z_P,75,0.014007376345946445,0.1183527623080528,False
F2,2026,1,z_P,76,0.009887997320591464,0.09943840968454526,False
F2,2026,1,z_P,77,0.023211391598008044,0.15235285228051376,False
F2,2026,1,z_P,78,0.007628832102812023,0.08734318578350588,False
F2,2026,1,z_P,79,0.010400519305798533,0.10198293634622672,False
F2,2026,1,z_P,80,0.010290971183293494,0.1014444241113995,False
F2,2026,1,z_P,81,0.010449705138322293,0.1022237992755224,False
F2,2026,1,z_P,82,0.019178974414520367,0.13848817427679652,False
F2,2026,1,z_P,83,0.018393744703712814,0.13562354037449698,False
F2,2026,1,z_P,84,0.015252139862919465,0.12349955410008355,False
F2,2026,1,z_P,85,0.011153377184102892,0.10560955062920631,False
F2,2026,1,z_P,86,0.014373865115651929,0.11989105519450535,False
F2,2026,1,z_P,87,0.016623823401152028,0.12893340684691468,False
F2,2026,1,z_P,88,0.012519049006621446,0.11188855619151337,False
F2,2026,1,z_P,89,0.012026441535891141,0.10966513363823135,False
F2,2026,1,z_P,90,0.018909784195795348,0.13751285102053315,False
F2,2026,1,z_P,91,0.009798838956937748,0.09898908503940093,False
F2,2026,1,z_P,92,0.015944602992665757,0.12627194063870942,False
F2,2026,1,z_P,93,0.007486080971193296,0.0865221415083636,False
F2,2026,1,z_P,94,0.016651087430246892,0.12903909264345784,False
F2,2026,1,z_P,95,0.02220523686806922,0.14901421699981926,False
F2,2026,2,z_R,0,0.187999979021699,0.43358964358215357,False
F2,2026,2,z_R,1,0.12919538958834179,0.35943760180084355,False
F2,2026,2,z_R,2,0.7896595666000915,0.8886279123458206,False
F2,2026,2,z_R,3,0.20753724036924595,0.45556255373905125,False
F2,2026,2,z_R,4,0.9403822658904151,0.9697330900255055,False
F2,2026,2,z_R,5,0.08300766749524784,0.28811051264271464,False
F2,2026,2,z_R,6,0.1642470097072478,0.40527399337639197,False
F2,2026,2,z_R,7,0.36757316654087113,0.6062781263915689,False
F2,2026,2,z_R,8,0.7504836366537315,0.8663045865362433,False
F2,2026,2,z_R,9,0.4391294812842999,0.6626684550243054,False
F2,2026,2,z_R,10,0.36583135503050224,0.6048399416626702,False
F2,2026,2,z_R,11,2.3204347885015335,1.5232973408043269,False
F2,2026,2,z_R,12,0.09890104495088052,0.31448536524118337,False
F2,2026,2,z_R,13,0.4568847395076359,0.675932496265445,False
F2,2026,2,z_R,14,2.2234792618208226,1.4911335492908817,False
F2,2026,2,z_R,15,0.39842747930909195,0.6312111210277366,False
F2,2026,2,z_R,16,0.6779619827419322,0.8233844683633109,False
F2,2026,2,z_R,17,0.5996604863785973,0.7743774831298992,False
F2,2026,2,z_R,18,0.23677021382420682,0.48659039635427126,False
F2,2026,2,z_R,19,0.5088063508513234,0.71330663171691,False
F2,2026,2,z_R,20,1.7509258046680694,1.3232255305381881,False
F2,2026,2,z_R,21,0.304626551702229,0.5519298430980418,False
F2,2026,2,z_R,22,0.9355790673717496,0.9672533625538603,False
F2,2026,2,z_R,23,0.7522642431312634,0.867331679999793,False
F2,2026,2,z_R,24,0.7792879337746164,0.8827728664694087,False
F2,2026,2,z_R,25,0.6280410805038114,0.7924904292821532,False
F2,2026,2,z_R,26,1.5199448036182526,1.232860415301851,False
F2,2026,2,z_R,27,0.40602665121332887,0.6372022059074567,False
F2,2026,2,z_R,28,0.5036027739336955,0.7096497544096633,False
F2,2026,2,z_R,29,1.3123446923979376,1.1455761399391737,False
F2,2026,2,z_R,30,0.41326432836953897,0.6428563823822074,False
F2,2026,2,z_R,31,0.48401415494742234,0.6957112583158492,False
F2,2026,2,z_R,32,0.5625560070816173,0.7500373371250376,False
F2,2026,2,z_R,33,0.24469519815368326,0.4946667546476954,False
F2,2026,2,z_R,34,0.29340269688703086,0.5416665919982797,False
F2,2026,2,z_R,35,1.0915087901967164,1.0447529804679747,False
F2,2026,2,z_R,36,0.4561896868284204,0.6754181570171329,False
F2,2026,2,z_R,37,0.18321256477808656,0.42803336876707004,False
F2,2026,2,z_R,38,0.16818621531381803,0.4101051271489032,False
F2,2026,2,z_R,39,0.860763262716354,0.9277732819586658,False
F2,2026,2,z_R,40,0.2402973064043608,0.4902012917204123,False
F2,2026,2,z_R,41,0.4936819634419821,0.7026250518178113,False
F2,2026,2,z_R,42,0.37601903790432495,0.6132039121730429,False
F2,2026,2,z_R,43,0.7445788803888076,0.8628898425574423,False
F2,2026,2,z_R,44,1.291565707628883,1.136470724492665,False
F2,2026,2,z_R,45,0.280949370890348,0.5300465742652696,False
F2,2026,2,z_R,46,1.039993612594343,1.0198007710304708,False
F2,2026,2,z_R,47,0.9082835817324544,0.9530391291717536,False
F2,2026,2,z_R,48,0.8766112251842026,0.9362751866754788,False
F2,2026,2,z_R,49,0.6205543347982435,0.7877527117047859,False
F2,2026,2,z_R,50,2.252942676692994,1.5009805717240294,False
F2,2026,2,z_R,51,0.7899627321529975,0.8887984766824241,False
F2,2026,2,z_R,52,1.398325357404505,1.1825080792132057,False
F2,2026,2,z_R,53,0.6002598272961742,0.7747643688865501,False
F2,2026,2,z_R,54,2.081563328535771,1.4427623950379949,False
F2,2026,2,z_R,55,0.25005258668328995,0.5000525839182215,False
F2,2026,2,z_R,56,0.6514079728347195,0.8070984901700161,False
F2,2026,2,z_R,57,0.8128164381372469,0.901563330075734,False
F2,2026,2,z_R,58,0.18478295631456826,0.4298638811467745,False
F2,2026,2,z_R,59,0.20242034590804167,0.44991148674827325,False
F2,2026,2,z_R,60,0.3115941793523601,0.5582062157951666,False
F2,2026,2,z_R,61,0.21258119921430396,0.4610652873664466,False
F2,2026,2,z_R,62,1.8445577671612465,1.3581449728071178,False
F2,2026,2,z_R,63,2.0146343280552386,1.419378148364712,False
F2,2026,2,z_R,64,0.3001230424230968,0.547834867841667,False
F2,2026,2,z_R,65,0.1654290499175026,0.40672970129743735,False
F2,2026,2,z_R,66,1.0039776399108162,1.0019868461765435,False
F2,2026,2,z_R,67,1.0544616071559227,1.02686981022714,False
F2,2026,2,z_R,68,1.257557886099781,1.1214088844394718,False
F2,2026,2,z_R,69,0.5692377542374456,0.7544784650587752,False
F2,2026,2,z_R,70,1.0882165268620967,1.0431761724953732,False
F2,2026,2,z_R,71,0.16844915606338626,0.41042557920210854,False
F2,2026,2,z_R,72,0.14767986138392047,0.3842913756304199,False
F2,2026,2,z_R,73,2.2070387503247675,1.4856105648267204,False
F2,2026,2,z_R,74,0.636778461234461,0.7979839981067672,False
F2,2026,2,z_R,75,0.8233182402183775,0.9073688556581483,False
F2,2026,2,z_R,76,0.7500633508868758,0.8660619786636957,False
F2,2026,2,z_R,77,0.5084615477709334,0.7130648973066431,False
F2,2026,2,z_R,78,0.5104041760052718,0.7144257666162886,False
F2,2026,2,z_R,79,0.17965696778827078,0.4238596085831614,False
F2,2026,2,z_R,80,1.964984447581175,1.4017790295125603,False
F2,2026,2,z_R,81,0.043655766247065,0.20893962344913183,False
F2,2026,2,z_R,82,0.18277046618936665,0.4275166267987324,False
F2,2026,2,z_R,83,0.3824016005287289,0.6183862874682207,False
F2,2026,2,z_R,84,0.42200190450202657,0.6496167366240087,False
F2,2026,2,z_R,85,0.15621048166761745,0.3952347171841277,False
F2,2026,2,z_R,86,0.22439034758346824,0.4736985830498844,False
F2,2026,2,z_R,87,0.15716982664166873,0.39644649909119983,False
F2,2026,2,z_R,88,1.2840956608957468,1.1331794477909254,False
F2,2026,2,z_R,89,1.0133268920205414,1.0066413919666435,False
F2,2026,2,z_R,90,0.6939303383103408,0.8330248125418238,False
F2,2026,2,z_R,91,1.3892782860745427,1.1786764976339108,False
F2,2026,2,z_R,92,0.38898161096381834,0.623683903082177,False
F2,2026,2,z_R,93,0.3020095222831385,0.549553930277219,False
F2,2026,2,z_R,94,1.7421394652753914,1.3199013089149474,False
F2,2026,2,z_R,95,0.6305408469009158,0.794066021751917,False
F2,2026,2,z_P,0,0.038409371205069785,0.1959830890793126,False
F2,2026,2,z_P,1,0.013189538757288073,0.11484571719175284,False
F2,2026,2,z_P,2,0.008492013142051096,0.09215211957438145,False
F2,2026,2,z_P,3,0.025311548213126797,0.1590960345612888,False
F2,2026,2,z_P,4,0.014410347765200662,0.12004310794544043,False
F2,2026,2,z_P,5,0.038067856148880294,0.19510985661642083,False
F2,2026,2,z_P,6,0.025244398120726305,0.15888485805993693,False
F2,2026,2,z_P,7,0.026393713833648802,0.16246142260133267,False
F2,2026,2,z_P,8,0.018152816059183768,0.13473238682359845,False
F2,2026,2,z_P,9,0.021023920460914607,0.14499627740364443,False
F2,2026,2,z_P,10,0.011101640860833026,0.105364324421661,False
F2,2026,2,z_P,11,0.011381606223837316,0.10668461099820027,False
F2,2026,2,z_P,12,0.0090671117437446,0.09522138280735373,False
F2,2026,2,z_P,13,0.024512330903273132,0.15656414309564348,False
F2,2026,2,z_P,14,0.01774055168999428,0.13319366234920593,False
F2,2026,2,z_P,15,0.021708789755387516,0.14733902997979698,False
F2,2026,2,z_P,16,0.02022519570432365,0.14221531459137463,False
F2,2026,2,z_P,17,0.019234691327849822,0.13868918965748492,False
F2,2026,2,z_P,18,0.011543716705496263,0.10744168979263247,False
F2,2026,2,z_P,19,0.010860182249695068,0.10421219818089948,False
F2,2026,2,z_P,20,0.023741041935026918,0.15408128353251382,False
F2,2026,2,z_P,21,0.011113775088271357,0.10542189093481182,False
F2,2026,2,z_P,22,0.013039086389634823,0.11418881902198141,False
F2,2026,2,z_P,23,0.017539360732173777,0.1324362515785379,False
F2,2026,2,z_P,24,0.033021153528702066,0.1817172350898562,False
F2,2026,2,z_P,25,0.0188956654799331,0.1374615054476456,False
F2,2026,2,z_P,26,0.02319277946476474,0.15229175770462675,False
F2,2026,2,z_P,27,0.007757233818640539,0.08807516005458371,False
F2,2026,2,z_P,28,0.00682868104875569,0.08263583392666701,False
F2,2026,2,z_P,29,0.01902715629485516,0.1379389585826106,False
F2,2026,2,z_P,30,0.019204970209096523,0.13858199814224256,False
F2,2026,2,z_P,31,0.01809043988026205,0.13450070587272786,False
F2,2026,2,z_P,32,0.043837996060682664,0.20937525178655347,False
F2,2026,2,z_P,33,0.007508322519140378,0.08665057714256945,False
F2,2026,2,z_P,34,0.02423002678606376,0.15565997168849724,False
F2,2026,2,z_P,35,0.010974229976244148,0.10475795901144766,False
F2,2026,2,z_P,36,0.02509988195066656,0.15842942261671775,False
F2,2026,2,z_P,37,0.020505350200506253,0.14319689312448874,False
F2,2026,2,z_P,38,0.011593042490625226,0.10767099187165141,False
F2,2026,2,z_P,39,0.009849480135782632,0.09924454713374752,False
F2,2026,2,z_P,40,0.015886791233668096,0.12604281508149562,False
F2,2026,2,z_P,41,0.018214957887334418,0.13496280186530812,False
F2,2026,2,z_P,42,0.021135515677193375,0.14538058906605578,False
F2,2026,2,z_P,43,0.015975346089634152,0.12639361569966323,False
F2,2026,2,z_P,44,0.04153972629278596,0.20381296890233938,False
F2,2026,2,z_P,45,0.014731718626679283,0.12137429145696087,False
F2,2026,2,z_P,46,0.023576667578815234,0.15354695561558762,False
F2,2026,2,z_P,47,0.012229792226610081,0.11058839101194158,False
F2,2026,2,z_P,48,0.017697642828404306,0.13303248786820573,False
F2,2026,2,z_P,49,0.016138369512486966,0.12703688248885425,False
F2,2026,2,z_P,50,0.02752313511376771,0.16590097984571311,False
F2,2026,2,z_P,51,0.0320722137160631,0.1790871679268593,False
F2,2026,2,z_P,52,0.027065984708247483,0.16451742980075845,False
F2,2026,2,z_P,53,0.012576829607860655,0.11214646498156175,False
F2,2026,2,z_P,54,0.013908182921100255,0.1179329594350123,False
F2,2026,2,z_P,55,0.048347750459519744,0.21988121897861068,False
F2,2026,2,z_P,56,0.012971636345630966,0.11389309173795822,False
F2,2026,2,z_P,57,0.020157292503897563,0.14197638009154046,False
F2,2026,2,z_P,58,0.022479241675528134,0.1499307896181706,False
F2,2026,2,z_P,59,0.015535295776000544,0.12464066662209627,False
F2,2026,2,z_P,60,0.01432508764386734,0.11968745817280664,False
F2,2026,2,z_P,61,0.013151214315204536,0.11467874395547126,False
F2,2026,2,z_P,62,0.02107365936931503,0.14516769395879728,False
F2,2026,2,z_P,63,0.02134099029256073,0.14608555812454813,False
F2,2026,2,z_P,64,0.02160846929374915,0.14699819486561444,False
F2,2026,2,z_P,65,0.03089223753911001,0.1757618773770638,False
F2,2026,2,z_P,66,0.027474565566811028,0.16575453407617852,False
F2,2026,2,z_P,67,0.01573965407779843,0.12545777806815497,False
F2,2026,2,z_P,68,0.016020025554369578,0.126570239607775,False
F2,2026,2,z_P,69,0.022043891939728978,0.14847185571592003,False
F2,2026,2,z_P,70,0.016265984345216873,0.12753816818982808,False
F2,2026,2,z_P,71,0.00972285951164998,0.09860456131259841,False
F2,2026,2,z_P,72,0.02067134415290726,0.14377532525752554,False
F2,2026,2,z_P,73,0.017932571280040343,0.13391255086824513,False
F2,2026,2,z_P,74,0.011042519977931741,0.10508339534832199,False
F2,2026,2,z_P,75,0.020253274943974803,0.14231400122255997,False
F2,2026,2,z_P,76,0.012191741784417025,0.11041622065809455,False
F2,2026,2,z_P,77,0.034380638662161005,0.1854201678948679,False
F2,2026,2,z_P,78,0.017831779481783907,0.13353568617333686,False
F2,2026,2,z_P,79,0.015059247639829696,0.1227161262419479,False
F2,2026,2,z_P,80,0.02343675285969852,0.15309066875449504,False
F2,2026,2,z_P,81,0.017997916484646315,0.13415631362200706,False
F2,2026,2,z_P,82,0.014511024235375904,0.12046171273635413,False
F2,2026,2,z_P,83,0.010709492760801053,0.10348667914664696,False
F2,2026,2,z_P,84,0.02145407134659954,0.14647208384739918,False
F2,2026,2,z_P,85,0.013829979122267034,0.11760093163860155,False
F2,2026,2,z_P,86,0.014121824581730842,0.11883528340409191,False
F2,2026,2,z_P,87,0.021168929764450475,0.14549546303734173,False
F2,2026,2,z_P,88,0.015062577639909784,0.12272969339124816,False
F2,2026,2,z_P,89,0.016421632959288633,0.1281469194295697,False
F2,2026,2,z_P,90,0.011620201237279018,0.10779703723794554,False
F2,2026,2,z_P,91,0.023863373980153986,0.15447774590585528,False
F2,2026,2,z_P,92,0.013707873028133982,0.11708062618612006,False
F2,2026,2,z_P,93,0.01693681962374267,0.13014153688866084,False
F2,2026,2,z_P,94,0.014957874147507603,0.12230238815128511,False
F2,2026,2,z_P,95,0.022386611216617735,0.14962155999927862,False
F2,2026,3,z_R,0,0.9197849385705388,0.9590541895902123,False
F2,2026,3,z_R,1,1.467380491905027,1.211354816684619,False
F2,2026,3,z_R,2,0.5538876194817176,0.744236265900633,False
F2,2026,3,z_R,3,0.33775846879090315,0.5811699138727874,False
F2,2026,3,z_R,4,0.5767017679020322,0.7594088279063078,False
F2,2026,3,z_R,5,0.6425431944688546,0.8015879206106181,False
F2,2026,3,z_R,6,1.5499497117797967,1.2449697633998171,False
F2,2026,3,z_R,7,0.3293437824791583,0.5738848163866668,False
F2,2026,3,z_R,8,0.4826827635265992,0.6947537430821077,False
F2,2026,3,z_R,9,0.26509286076913885,0.5148716935015353,False
F2,2026,3,z_R,10,0.3729303991859863,0.6106802757466351,False
F2,2026,3,z_R,11,1.0561243583971496,1.0276791125624523,False
F2,2026,3,z_R,12,0.8858077765816325,0.9411736165987827,False
F2,2026,3,z_R,13,0.21655672693820094,0.4653565589289582,False
F2,2026,3,z_R,14,0.19199142833518076,0.43816826486542904,False
F2,2026,3,z_R,15,0.3167727722290753,0.5628257032413101,False
F2,2026,3,z_R,16,0.18096516265654508,0.4254000031224084,False
F2,2026,3,z_R,17,0.9228101345260435,0.960630071633219,False
F2,2026,3,z_R,18,0.4803017356558903,0.6930380477693056,False
F2,2026,3,z_R,19,1.0105519356173618,1.0052621228402878,False
F2,2026,3,z_R,20,1.3131370295119726,1.1459219124844295,False
F2,2026,3,z_R,21,0.6288417220583208,0.7929954111205946,False
F2,2026,3,z_R,22,0.43572155307858906,0.6600920792424259,False
F2,2026,3,z_R,23,0.6121313873636816,0.7823882587077093,False
F2,2026,3,z_R,24,0.4495479766220468,0.6704833902655954,False
F2,2026,3,z_R,25,0.1815812438358779,0.42612350772502317,False
F2,2026,3,z_R,26,0.514350758334157,0.7171825139629082,False
F2,2026,3,z_R,27,0.31493378093304997,0.5611896122818472,False
F2,2026,3,z_R,28,0.3715712500331565,0.6095664443136256,False
F2,2026,3,z_R,29,0.9035551901921368,0.9505552010231372,False
F2,2026,3,z_R,30,0.4615707386851627,0.679389975408206,False
F2,2026,3,z_R,31,0.6776614997626073,0.8232019799311754,False
F2,2026,3,z_R,32,0.33983429832883716,0.5829530841575823,False
F2,2026,3,z_R,33,0.22297608254675433,0.47220343343389015,False
F2,2026,3,z_R,34,0.3928849124375092,0.6268053225982604,False
F2,2026,3,z_R,35,0.335089241939269,0.5788689332994723,False
F2,2026,3,z_R,36,0.28907125387755095,0.5376534700692919,False
F2,2026,3,z_R,37,1.7092588606561676,1.3073862706393118,False
F2,2026,3,z_R,38,2.1572205751944495,1.468747961766909,False
F2,2026,3,z_R,39,0.7108426270671337,0.8431148362276243,False
F2,2026,3,z_R,40,1.139256240675159,1.0673594711600956,False
F2,2026,3,z_R,41,0.17542552777174353,0.4188383074310939,False
F2,2026,3,z_R,42,0.413497673032328,0.6430378472783138,False
F2,2026,3,z_R,43,2.0723468354651478,1.4395648076641592,False
F2,2026,3,z_R,44,0.36874994464275646,0.6072478444941213,False
F2,2026,3,z_R,45,0.7810039004402644,0.8837442505839935,False
F2,2026,3,z_R,46,0.27652668080427767,0.5258580424451809,False
F2,2026,3,z_R,47,0.6181075564473181,0.7861981661434464,False
F2,2026,3,z_R,48,1.8640821108945933,1.3653139239363938,False
F2,2026,3,z_R,49,0.411402516334633,0.6414066700110258,False
F2,2026,3,z_R,50,0.6199019860887779,0.7873385460453324,False
F2,2026,3,z_R,51,2.172574457334714,1.4739655550028006,False
F2,2026,3,z_R,52,0.3877443273894109,0.6226911974561796,False
F2,2026,3,z_R,53,1.478402198638622,1.2158956364090718,False
F2,2026,3,z_R,54,1.5821850392732044,1.25784937066137,False
F2,2026,3,z_R,55,0.55359446508313,0.7440392900130544,False
F2,2026,3,z_R,56,0.7289381574489461,0.8537787520481791,False
F2,2026,3,z_R,57,1.5287567075441875,1.2364290143571477,False
F2,2026,3,z_R,58,0.8280668650026071,0.9099817937753519,False
F2,2026,3,z_R,59,0.48306318927085745,0.6950274737525542,False
F2,2026,3,z_R,60,1.7172140480621747,1.310425140197705,False
F2,2026,3,z_R,61,0.4225282425333388,0.6500217246625983,False
F2,2026,3,z_R,62,0.20848379414818494,0.4566002564039851,False
F2,2026,3,z_R,63,0.5433144978033158,0.7370987028908108,False
F2,2026,3,z_R,64,0.20140493097913795,0.44878160722019117,False
F2,2026,3,z_R,65,0.2657531480395497,0.5155125100708514,False
F2,2026,3,z_R,66,0.3513469733068341,0.5927452853518399,False
F2,2026,3,z_R,67,0.5681769262265793,0.7537751164814207,False
F2,2026,3,z_R,68,0.41239999321036525,0.6421837690337285,False
F2,2026,3,z_R,69,0.9884393658532508,0.9942028796243002,False
F2,2026,3,z_R,70,0.47738901646371856,0.6909334385190216,False
F2,2026,3,z_R,71,0.9114176596565265,0.9546819678073566,False
F2,2026,3,z_R,72,0.6162487419507321,0.7850151221159578,False
F2,2026,3,z_R,73,0.5492235422964089,0.7410961761447761,False
F2,2026,3,z_R,74,0.3195460983644039,0.5652840864241659,False
F2,2026,3,z_R,75,0.23816501615129498,0.4880215324668523,False
F2,2026,3,z_R,76,0.564627793808185,0.7514171902533139,False
F2,2026,3,z_R,77,2.117959855478567,1.4553212207202118,False
F2,2026,3,z_R,78,0.10811847068838262,0.32881373251186247,False
F2,2026,3,z_R,79,0.3231016006688945,0.5684202676443676,False
F2,2026,3,z_R,80,0.45876337680245155,0.6773207340709803,False
F2,2026,3,z_R,81,1.0580407014969906,1.0286110545278961,False
F2,2026,3,z_R,82,0.14767056607482965,0.38427928134994427,False
F2,2026,3,z_R,83,0.6290596306456281,0.7931327950889612,False
F2,2026,3,z_R,84,0.27216394514141246,0.5216933439688611,False
F2,2026,3,z_R,85,0.2799123413102458,0.5290674260529047,False
F2,2026,3,z_R,86,1.231702178730613,1.1098207867627157,False
F2,2026,3,z_R,87,0.3520977049957585,0.5933782141229643,False
F2,2026,3,z_R,88,0.7667294850525487,0.8756309068623312,False
F2,2026,3,z_R,89,0.12278218227835375,0.3504028856592847,False
F2,2026,3,z_R,90,0.8734018444705582,0.9345597062095916,False
F2,2026,3,z_R,91,0.40051134850482684,0.6328596594070655,False
F2,2026,3,z_R,92,0.29287189097217936,0.541176395431452,False
F2,2026,3,z_R,93,0.31030752264175476,0.5570525313125817,False
F2,2026,3,z_R,94,0.1253176531066742,0.35400233488873234,False
F2,2026,3,z_R,95,0.4061699796577977,0.6373146629866582,False
F2,2026,3,z_P,0,0.019604381422896403,0.14001564706452063,False
F2,2026,3,z_P,1,0.010226916136152965,0.10112821632043632,False
F2,2026,3,z_P,2,0.030817964040332272,0.17555046009718195,False
F2,2026,3,z_P,3,0.019548198395835527,0.13981487186932415,False
F2,2026,3,z_P,4,0.011335744718817297,0.10646945439334841,False
F2,2026,3,z_P,5,0.030646998990675158,0.17506284297553024,False
F2,2026,3,z_P,6,0.035858898588405,0.18936445967605695,False
F2,2026,3,z_P,7,0.017545013543640756,0.13245759149116654,False
F2,2026,3,z_P,8,0.04187545806937724,0.20463493853537632,False
F2,2026,3,z_P,9,0.024714695690874432,0.15720908272385037,False
F2,2026,3,z_P,10,0.05274324112460486,0.22965896700239,False
F2,2026,3,z_P,11,0.029306551537890798,0.1711915638630911,False
F2,2026,3,z_P,12,0.013745931671123365,0.11724304529959705,False
F2,2026,3,z_P,13,0.022789941847797663,0.15096337916129746,False
F2,2026,3,z_P,14,0.012299577649906652,0.11090346094647656,False
F2,2026,3,z_P,15,0.03275988473849346,0.18099691914088886,False
F2,2026,3,z_P,16,0.018855591291229074,0.13731566294938488,False
F2,2026,3,z_P,17,0.014750992973619651,0.12145366595380994,False
F2,2026,3,z_P,18,0.03059867747217252,0.17492477661032618,False
F2,2026,3,z_P,19,0.017139858391217587,0.13091928196876726,False
F2,2026,3,z_P,20,0.015368573490011746,0.12397005077845111,False
F2,2026,3,z_P,21,0.02149258175186691,0.14660348478759605,False
F2,2026,3,z_P,22,0.03285799314616577,0.18126773884551484,False
F2,2026,3,z_P,23,0.032389849403668965,0.17997180169034527,False
F2,2026,3,z_P,24,0.041284754451794296,0.20318650164761018,False
F2,2026,3,z_P,25,0.016044066259997172,0.12666517382452516,False
F2,2026,3,z_P,26,0.032025782696014984,0.17895748851616963,False
F2,2026,3,z_P,27,0.04518770848153906,0.21257400706939467,False
F2,2026,3,z_P,28,0.0231344736228522,0.1521002091479568,False
F2,2026,3,z_P,29,0.02374175708541353,0.15408360420698086,False
F2,2026,3,z_P,30,0.02922416301646736,0.1709507619651558,False
F2,2026,3,z_P,31,0.014935566173487477,0.12221115404695054,False
F2,2026,3,z_P,32,0.008678221787856401,0.09315697390886203,False
F2,2026,3,z_P,33,0.0213844176308219,0.14623411924315713,False
F2,2026,3,z_P,34,0.020214374193833345,0.1421772632801509,False
F2,2026,3,z_P,35,0.012179073897264551,0.11035884150019223,False
F2,2026,3,z_P,36,0.02107282811495623,0.1451648308474068,False
F2,2026,3,z_P,37,0.05011286008337297,0.22385901832039953,False
F2,2026,3,z_P,38,0.01340945869535092,0.11579921716208154,False
F2,2026,3,z_P,39,0.01913183633881314,0.13831788148613736,False
F2,2026,3,z_P,40,0.014579609600390089,0.12074605418145178,False
F2,2026,3,z_P,41,0.03218307609862498,0.17939642164386943,False
F2,2026,3,z_P,42,0.017106320742788776,0.13079113403739864,False
F2,2026,3,z_P,43,0.028552680791860203,0.1689753851655921,False
F2,2026,3,z_P,44,0.027280151836576248,0.16516704222264272,False
F2,2026,3,z_P,45,0.023414060568026956,0.1530165369103188,False
F2,2026,3,z_P,46,0.014278118050692103,0.11949107937704849,False
F2,2026,3,z_P,47,0.02088415123506349,0.14451349845278638,False
F2,2026,3,z_P,48,0.028359947657606816,0.16840412007313485,False
F2,2026,3,z_P,49,0.016115875176852947,0.12694831695163566,False
F2,2026,3,z_P,50,0.0258817696308891,0.16087812042316102,False
F2,2026,3,z_P,51,0.016306723646434106,0.12769778246482633,False
F2,2026,3,z_P,52,0.027605984006968662,0.16615048602688065,False
F2,2026,3,z_P,53,0.018013903620248756,0.13421588438127866,False
F2,2026,3,z_P,54,0.022520145080619513,0.150067135244928,False
F2,2026,3,z_P,55,0.019505960784699565,0.13966374183981883,False
F2,2026,3,z_P,56,0.036378195239780114,0.19073068772428867,False
F2,2026,3,z_P,57,0.016016993116123767,0.1265582597704463,False
F2,2026,3,z_P,58,0.02561446330723305,0.16004519145301757,False
F2,2026,3,z_P,59,0.028311114998124408,0.168259071072333,False
F2,2026,3,z_P,60,0.02469973439955691,0.15716149146517067,False
F2,2026,3,z_P,61,0.01110564805384402,0.10538333859697187,False
F2,2026,3,z_P,62,0.04048863163765772,0.20121787106929076,False
F2,2026,3,z_P,63,0.02342954366698193,0.15306712144344364,False
F2,2026,3,z_P,64,0.053506973336948184,0.2313157438155652,False
F2,2026,3,z_P,65,0.02121044884864204,0.1456380748590218,False
F2,2026,3,z_P,66,0.03428164346728285,0.18515302716208248,False
F2,2026,3,z_P,67,0.021947308938650757,0.14814624172975419,False
F2,2026,3,z_P,68,0.018395451376952997,0.13562983217918173,False
F2,2026,3,z_P,69,0.012139251865021437,0.11017827310782029,False
F2,2026,3,z_P,70,0.01710123817476648,0.13077170250006873,False
F2,2026,3,z_P,71,0.028115524416164328,0.1676768451998198,False
F2,2026,3,z_P,72,0.019981172060554123,0.14135477374519095,False
F2,2026,3,z_P,73,0.031576662188691325,0.1776982334990737,False
F2,2026,3,z_P,74,0.03167687755429409,0.17797999200554565,False
F2,2026,3,z_P,75,0.03001109633511968,0.17323711015576218,False
F2,2026,3,z_P,76,0.013511609144445262,0.1162394474541464,False
F2,2026,3,z_P,77,0.014712209681447808,0.12129389795635974,False
F2,2026,3,z_P,78,0.027799865182397063,0.16673291571371582,False
F2,2026,3,z_P,79,0.019483861242260373,0.1395846024540686,False
F2,2026,3,z_P,80,0.042659194908242624,0.20654102475838215,False
F2,2026,3,z_P,81,0.02695457581692577,0.16417848768010312,False
F2,2026,3,z_P,82,0.015891897329887075,0.12606306885796123,False
F2,2026,3,z_P,83,0.019008856236995945,0.13787260872630192,False
F2,2026,3,z_P,84,0.019372327553558444,0.13918450902869342,False
F2,2026,3,z_P,85,0.011631891931363112,0.10785124909505273,False
F2,2026,3,z_P,86,0.02446695658107243,0.1564191694808294,False
F2,2026,3,z_P,87,0.01730286354686575,0.13154034950107799,False
F2,2026,3,z_P,88,0.022557033066529814,0.15018998990122415,False
F2,2026,3,z_P,89,0.029985929066304588,0.173164456706059,False
F2,2026,3,z_P,90,0.017975179760031393,0.13407154716803782,False
F2,2026,3,z_P,91,0.01961599212799108,0.1400571030972406,False
F2,2026,3,z_P,92,0.029219939908448435,0.17093840969322383,False
F2,2026,3,z_P,93,0.02334802818852681,0.1528006157989123,False
F2,2026,3,z_P,94,0.010980595071264925,0.10478833461442608,False
F2,2026,3,z_P,95,0.020994594265679137,0.14489511470604913,False
F2,2026,4,z_R,0,0.233745318864813,0.48347214900634455,False
F2,2026,4,z_R,1,0.48616786050227273,0.6972573846882317,False
F2,2026,4,z_R,2,0.5615846813196006,0.7493895391047306,False
F2,2026,4,z_R,3,0.39507825932640733,0.6285525111925075,False
F2,2026,4,z_R,4,0.4067504750124346,0.6377699232579368,False
F2,2026,4,z_R,5,0.6546522838384243,0.8091058545322882,False
F2,2026,4,z_R,6,0.16013356334463508,0.40016691935320575,False
F2,2026,4,z_R,7,0.38036401562587563,0.6167365852824653,False
F2,2026,4,z_R,8,0.29318649495064214,0.5414669841741435,False
F2,2026,4,z_R,9,0.3360285913455257,0.5796797317015023,False
F2,2026,4,z_R,10,1.1258782695022649,1.0610741112204485,False
F2,2026,4,z_R,11,1.3098188281285308,1.144473166189811,False
F2,2026,4,z_R,12,0.9615050327540499,0.9805636301403646,False
F2,2026,4,z_R,13,1.1323719447437106,1.064129665380921,False
F2,2026,4,z_R,14,1.0010994472364003,1.000549572603177,False
F2,2026,4,z_R,15,0.8390311778539405,0.9159864506934262,False
F2,2026,4,z_R,16,1.4064569414759323,1.1859413735408393,False
F2,2026,4,z_R,17,0.24330518372769805,0.4932597527953178,False
F2,2026,4,z_R,18,0.7609262214166286,0.8723108513692974,False
F2,2026,4,z_R,19,1.4547444451370894,1.2061278726308788,False
F2,2026,4,z_R,20,0.5074944100628637,0.7123864190612168,False
F2,2026,4,z_R,21,0.5384594937363549,0.7337979924586568,False
F2,2026,4,z_R,22,0.24116559316490377,0.4910861361970054,False
F2,2026,4,z_R,23,0.39905878344583695,0.6317109967745036,False
F2,2026,4,z_R,24,0.46461477652117944,0.6816265667659818,False
F2,2026,4,z_R,25,0.834408839642249,0.9134598182964859,False
F2,2026,4,z_R,26,1.104940982388061,1.0511617298912954,False
F2,2026,4,z_R,27,0.723898391429976,0.8508221855534657,False
F2,2026,4,z_R,28,0.4980449632898267,0.7057230074822747,False
F2,2026,4,z_R,29,0.4028393842448629,0.6346962929187966,False
F2,2026,4,z_R,30,0.9329287359586713,0.9658823613456616,False
F2,2026,4,z_R,31,0.2885352416510296,0.5371547650826805,False
F2,2026,4,z_R,32,0.8166204973679234,0.9036705690504275,False
F2,2026,4,z_R,33,0.5152858915356721,0.7178341671553897,False
F2,2026,4,z_R,34,0.3165649315336803,0.5626410325719946,False
F2,2026,4,z_R,35,0.0951165002526699,0.3084096306094703,False
F2,2026,4,z_R,36,1.2524236168780214,1.1191173382974733,False
F2,2026,4,z_R,37,2.141280812986315,1.463311591215731,False
F2,2026,4,z_R,38,0.22735779857965843,0.47682050981439383,False
F2,2026,4,z_R,39,0.8242760193269296,0.9078964805124699,False
F2,2026,4,z_R,40,0.29611698536503306,0.5441663214174808,False
F2,2026,4,z_R,41,2.2609797469658104,1.50365546152229,False
F2,2026,4,z_R,42,0.5440876938795115,0.7376230025422956,False
F2,2026,4,z_R,43,0.5192710052326855,0.72060461088775,False
F2,2026,4,z_R,44,0.43300271698718673,0.6580294195453473,False
F2,2026,4,z_R,45,0.6279695256009582,0.7924452824018565,False
F2,2026,4,z_R,46,0.4010364386644766,0.6332743786578425,False
F2,2026,4,z_R,47,1.8062723009155008,1.3439763022149984,False
F2,2026,4,z_R,48,0.7736060090923067,0.8795487531071298,False
F2,2026,4,z_R,49,0.5629919512793324,0.7503278958424326,False
F2,2026,4,z_R,50,0.26569082820947865,0.5154520619897438,False
F2,2026,4,z_R,51,0.5144591215266903,0.7172580578332253,False
F2,2026,4,z_R,52,0.9266421209917486,0.9626225225869944,False
F2,2026,4,z_R,53,1.3137169381962717,1.1461749160561279,False
F2,2026,4,z_R,54,0.15362574138239274,0.39195119770501113,False
F2,2026,4,z_R,55,0.3571176149435871,0.5975931851549071,False
F2,2026,4,z_R,56,0.3388783510314644,0.5821325888759917,False
F2,2026,4,z_R,57,0.4239343706081436,0.6511024271250596,False
F2,2026,4,z_R,58,1.011969296533736,1.0059668466374705,False
F2,2026,4,z_R,59,0.2158275662542776,0.4645724553331564,False
F2,2026,4,z_R,60,0.3596021985373985,0.5996684071529853,False
F2,2026,4,z_R,61,0.13638936467969856,0.3693093075996035,False
F2,2026,4,z_R,62,0.19835960726665341,0.44537580453663334,False
F2,2026,4,z_R,63,1.7673519192944254,1.3294178873832054,False
F2,2026,4,z_R,64,0.20669869975599078,0.4546412869020925,False
F2,2026,4,z_R,65,0.2418933596292601,0.49182655441655454,False
F2,2026,4,z_R,66,0.6755166867507283,0.8218982216495716,False
F2,2026,4,z_R,67,1.0975732180383373,1.0476512864681344,False
F2,2026,4,z_R,68,0.4384293833526312,0.6621400028337143,False
F2,2026,4,z_R,69,1.56727264368108,1.2519076018944368,False
F2,2026,4,z_R,70,0.607473442877386,0.7794058268177022,False
F2,2026,4,z_R,71,1.4259955898171226,1.1941505725062993,False
F2,2026,4,z_R,72,0.17714046432014072,0.4208805820183924,False
F2,2026,4,z_R,73,0.8277627409267232,0.9098146739455916,False
F2,2026,4,z_R,74,1.993461942929285,1.4119001179011512,False
F2,2026,4,z_R,75,1.7557492494922713,1.3250468857713191,False
F2,2026,4,z_R,76,0.6972816151578266,0.8350339006039376,False
F2,2026,4,z_R,77,0.12384307658358694,0.3519134504158472,False
F2,2026,4,z_R,78,0.3687675665906843,0.6072623540041687,False
F2,2026,4,z_R,79,0.5545928222371809,0.7447098913249245,False
F2,2026,4,z_R,80,0.5753197006720767,0.7584983194919266,False
F2,2026,4,z_R,81,0.6432716798336046,0.8020421933000811,False
F2,2026,4,z_R,82,0.5597507279557571,0.7481649069261115,False
F2,2026,4,z_R,83,0.7224699338994112,0.8499823138744778,False
F2,2026,4,z_R,84,0.8230047217545104,0.9071960767962516,False
F2,2026,4,z_R,85,0.31573046695061674,0.5618989828702458,False
F2,2026,4,z_R,86,1.5402350497720099,1.2410620652376778,False
F2,2026,4,z_R,87,0.8140368064310309,0.9022398829751603,False
F2,2026,4,z_R,88,0.32237466922101704,0.5677804762591059,False
F2,2026,4,z_R,89,1.17545761133002,1.0841852292528338,False
F2,2026,4,z_R,90,0.6737504112194522,0.8208230084612956,False
F2,2026,4,z_R,91,0.25530752350849195,0.5052796488168626,False
F2,2026,4,z_R,92,0.856084897056556,0.9252485596079337,False
F2,2026,4,z_R,93,1.0577508620992806,1.0284701561539258,False
F2,2026,4,z_R,94,0.3486696985517034,0.5904825980092075,False
F2,2026,4,z_R,95,0.35227864462807046,0.5935306602257969,False
F2,2026,4,z_P,0,0.017369241456428694,0.13179241805365244,False
F2,2026,4,z_P,1,0.010173868009368764,0.10086559378385061,False
F2,2026,4,z_P,2,0.025683986381438744,0.16026224253216584,False
F2,2026,4,z_P,3,0.009783539349251752,0.09891177558436484,False
F2,2026,4,z_P,4,0.011746418579627821,0.10838089582406957,False
F2,2026,4,z_P,5,0.015054540637691275,0.12269694632586124,False
F2,2026,4,z_P,6,0.007261621151644151,0.0852151462572479,False
F2,2026,4,z_P,7,0.011148626171782723,0.10558705494416787,False
F2,2026,4,z_P,8,0.006117208766619594,0.07821258700886702,False
F2,2026,4,z_P,9,0.010883987955850724,0.10432635312254869,False
F2,2026,4,z_P,10,0.011433677662703371,0.1069283763212711,False
F2,2026,4,z_P,11,0.007599694282816512,0.08717622544487982,False
F2,2026,4,z_P,12,0.010737590808390469,0.10362234705115721,False
F2,2026,4,z_P,13,0.013596099776702435,0.1166023146284088,False
F2,2026,4,z_P,14,0.008974674462121803,0.09473475846869407,False
F2,2026,4,z_P,15,0.006089141797291561,0.07803295327803222,False
F2,2026,4,z_P,16,0.014124472784941841,0.11884642520893021,False
F2,2026,4,z_P,17,0.01289321628080753,0.11354829933031815,False
F2,2026,4,z_P,18,0.02002251673016423,0.1415009425062753,False
F2,2026,4,z_P,19,0.011334873010658863,0.1064653606139521,False
F2,2026,4,z_P,20,0.016362330188767375,0.12791532429215577,False
F2,2026,4,z_P,21,0.015913706948149305,0.12614954200530934,False
F2,2026,4,z_P,22,0.022968608585240302,0.15155397911384677,False
F2,2026,4,z_P,23,0.009922316681502421,0.09961082612599105,False
F2,2026,4,z_P,24,0.018363155174793453,0.13551071977815426,False
F2,2026,4,z_P,25,0.01091533426382283,0.10447647708370927,False
F2,2026,4,z_P,26,0.010342993297864807,0.10170050785450782,False
F2,2026,4,z_P,27,0.009700443556808155,0.09849082981074002,False
F2,2026,4,z_P,28,0.028844098287136383,0.16983550361198446,False
F2,2026,4,z_P,29,0.015531741742005731,0.12462640868614377,False
F2,2026,4,z_P,30,0.015450598263444271,0.1243004354917724,False
F2,2026,4,z_P,31,0.01631789347754992,0.1277415103932544,False
F2,2026,4,z_P,32,0.01101411737076101,0.1049481651614787,False
F2,2026,4,z_P,33,0.009976137269894181,0.09988061508568208,False
F2,2026,4,z_P,34,0.011241572321557779,0.10602628127760484,False
F2,2026,4,z_P,35,0.024853512011314898,0.15764996673426512,False
F2,2026,4,z_P,36,0.006994268430832008,0.08363174296182047,False
F2,2026,4,z_P,37,0.008610278885927245,0.09279158844381988,False
F2,2026,4,z_P,38,0.0226829776041858,0.15060869033420946,False
F2,2026,4,z_P,39,0.011634502504533299,0.10786335107224,False
F2,2026,4,z_P,40,0.010382756281023578,0.10189581091008393,False
F2,2026,4,z_P,41,0.02656730930464569,0.16299481373542438,False
F2,2026,4,z_P,42,0.011980690412166485,0.10945634020999645,False
F2,2026,4,z_P,43,0.0074604818690541886,0.08637408100266068,False
F2,2026,4,z_P,44,0.006929798987869452,0.08324541421525544,False
F2,2026,4,z_P,45,0.01903171458025886,0.13795548042850223,False
F2,2026,4,z_P,46,0.011660274697793299,0.10798275185321635,False
F2,2026,4,z_P,47,0.008213772785967301,0.09062986696430322,False
F2,2026,4,z_P,48,0.012006913856065598,0.10957606424792596,False
F2,2026,4,z_P,49,0.006984406577002078,0.08357276217166738,False
F2,2026,4,z_P,50,0.010353581306528461,0.10175254938589234,False
F2,2026,4,z_P,51,0.007987948618776936,0.08937532444012125,False
F2,2026,4,z_P,52,0.007829022898047629,0.08848176590714964,False
F2,2026,4,z_P,53,0.008031948874256649,0.08962114077747867,False
F2,2026,4,z_P,54,0.012205380149650696,0.110477962280496,False
F2,2026,4,z_P,55,0.016444721485955837,0.12823697394260297,False
F2,2026,4,z_P,56,0.009368794569083457,0.0967925336432695,False
F2,2026,4,z_P,57,0.02760926461238262,0.1661603581254645,False
F2,2026,4,z_P,58,0.027191015225482753,0.16489698367612052,False
F2,2026,4,z_P,59,0.018634131209714393,0.13650689070414868,False
F2,2026,4,z_P,60,0.011173345490829182,0.10570404670980758,False
F2,2026,4,z_P,61,0.008528656040457513,0.09235072300993379,False
F2,2026,4,z_P,62,0.016055177303962522,0.12670902613453597,False
F2,2026,4,z_P,63,0.008213245808797268,0.09062695961355687,False
F2,2026,4,z_P,64,0.004898663682966227,0.06999045422746038,False
F2,2026,4,z_P,65,0.006126465370512673,0.07827174056140998,False
F2,2026,4,z_P,66,0.008793713844495009,0.09377480388939775,False
F2,2026,4,z_P,67,0.009110784246068062,0.09545042821312046,False
F2,2026,4,z_P,68,0.009168520382921857,0.09575239100368124,False
F2,2026,4,z_P,69,0.011433677966951127,0.10692837774394189,False
F2,2026,4,z_P,70,0.012709842803349643,0.11273793861584326,False
F2,2026,4,z_P,71,0.011146210816062204,0.10557561657912401,False
F2,2026,4,z_P,72,0.00653398971224559,0.08083309787609028,False
F2,2026,4,z_P,73,0.004430583899479423,0.06656263140441056,False
F2,2026,4,z_P,74,0.002841444109591658,0.05330519777274687,False
F2,2026,4,z_P,75,0.01032116281819117,0.10159312387258879,False
F2,2026,4,z_P,76,0.020094044405808517,0.14175346347023948,False
F2,2026,4,z_P,77,0.0049891698101296525,0.07063405559735086,False
F2,2026,4,z_P,78,0.022789439183221304,0.1509617142961132,False
F2,2026,4,z_P,79,0.011413152972588674,0.10683235920164205,False
F2,2026,4,z_P,80,0.011356212497138857,0.10656553146838267,False
F2,2026,4,z_P,81,0.008490232574601145,0.09214245804514412,False
F2,2026,4,z_P,82,0.007996276918240128,0.08942190401819974,False
F2,2026,4,z_P,83,0.01584493409960514,0.12587666225160699,False
F2,2026,4,z_P,84,0.014986201619319399,0.12241814252519681,False
F2,2026,4,z_P,85,0.021215845224805983,0.14565660034755026,False
F2,2026,4,z_P,86,0.008954653228689814,0.09462902952418889,False
F2,2026,4,z_P,87,0.007386761656478857,0.08594627191727898,False
F2,2026,4,z_P,88,0.004350347534731194,0.065957164392742,False
F2,2026,4,z_P,89,0.016124808916264978,0.12698349859830205,False
F2,2026,4,z_P,90,0.01009768894506485,0.1004872576253569,False
F2,2026,4,z_P,91,0.010865125462124911,0.10423591253557918,False
F2,2026,4,z_P,92,0.010655520668748066,0.1032255814648097,False
F2,2026,4,z_P,93,0.016411504137446048,0.1281073929851281,False
F2,2026,4,z_P,94,0.011366974332096633,0.10661601348810897,False
F2,2026,4,z_P,95,0.00818088299941741,0.09044823381038133,False
F1,3026,0,z_R,0,0.3608290743406144,0.6006904979609836,False
F1,3026,0,z_R,1,0.1397730974236501,0.37386240439986757,False
F1,3026,0,z_R,2,1.2206947609814662,1.104850560474794,False
F1,3026,0,z_R,3,1.1711647966934238,1.082203676159633,False
F1,3026,0,z_R,4,0.22402136550087443,0.4733089535397301,False
F1,3026,0,z_R,5,0.13845921128411554,0.3721010767037843,False
F1,3026,0,z_R,6,0.733037354420225,0.8561760066833367,False
F1,3026,0,z_R,7,2.2938163558931115,1.5145350296025217,False
F1,3026,0,z_R,8,2.02608333445088,1.423405541105865,False
F1,3026,0,z_R,9,0.6598043170106046,0.812283396980761,False
F1,3026,0,z_R,10,0.3518857141543956,0.5931995567719144,False
F1,3026,0,z_R,11,0.3664075879919001,0.605316105842146,False
F1,3026,0,z_R,12,0.284780031438081,0.533647853399675,False
F1,3026,0,z_R,13,1.603220337718857,1.2661833744441826,False
F1,3026,0,z_R,14,0.6461480169749967,0.8038333266137929,False
F1,3026,0,z_R,15,0.3963394315285612,0.6295549471877425,False
F1,3026,0,z_R,16,0.42817413764849227,0.6543501643986133,False
F1,3026,0,z_R,17,0.28983965424401376,0.5383675828316687,False
F1,3026,0,z_R,18,0.8559564511582167,0.9251791454406096,False
F1,3026,0,z_R,19,1.1445165444638212,1.069820800164131,False
F1,3026,0,z_R,20,0.6253215460188525,0.7907727524509507,False
F1,3026,0,z_R,21,0.6492749783854325,0.8057760100582745,False
F1,3026,0,z_R,22,0.7434391647687639,0.8622291834360305,False
F1,3026,0,z_R,23,0.9430118704774794,0.971087982871521,False
F1,3026,0,z_R,24,1.1468957561654705,1.0709321902741884,False
F1,3026,0,z_R,25,0.47845554616933844,0.6917048114400669,False
F1,3026,0,z_R,26,1.739307377185071,1.3188280316952135,False
F1,3026,0,z_R,27,0.48512768708678433,0.6965110818119008,False
F1,3026,0,z_R,28,1.451514285956188,1.204788066821791,False
F1,3026,0,z_R,29,0.40411511594614863,0.6357004923280685,False
F1,3026,0,z_R,30,0.9538699869620453,0.9766626781863047,False
F1,3026,0,z_R,31,0.43070398148821987,0.6562804137624556,False
F1,3026,0,z_R,32,0.27462914956450035,0.5240507127793076,False
F1,3026,0,z_R,33,0.6235092185165341,0.789625999139171,False
F1,3026,0,z_R,34,0.16649771022605875,0.4080413094602785,False
F1,3026,0,z_R,35,0.26198517539456434,0.511844874346285,False
F1,3026,0,z_R,36,0.21794630326133071,0.46684719476647896,False
F1,3026,0,z_R,37,0.30081738479094544,0.5484682167554884,False
F1,3026,0,z_R,38,0.568134525416005,0.7537469903196994,False
F1,3026,0,z_R,39,0.321122893015743,0.5666770623695148,False
F1,3026,0,z_R,40,0.41638476291076476,0.6452788257108432,False
F1,3026,0,z_R,41,0.3305796667419094,0.5749605784242163,False
F1,3026,0,z_R,42,0.2696091281929238,0.5192389894768341,False
F1,3026,0,z_R,43,0.25874809647043456,0.508672877663469,False
F1,3026,0,z_R,44,0.5470767874419155,0.7396463935164664,False
F1,3026,0,z_R,45,0.9026261514086535,0.9500663931582116,False
F1,3026,0,z_R,46,0.41466763641589477,0.6439469204956996,False
F1,3026,0,z_R,47,0.477424588244716,0.69095917986862,False
F1,3026,0,z_R,48,0.7112421074357057,0.8433517104006523,False
F1,3026,0,z_R,49,1.5586456674039553,1.2484573150107918,False
F1,3026,0,z_R,50,0.6397109780966302,0.7998193409118276,False
F1,3026,0,z_R,51,0.12294715223436124,0.35063820703734105,False
F1,3026,0,z_R,52,0.7711328181222903,0.8781416845374613,False
F1,3026,0,z_R,53,0.7943135665232296,0.8912427090996199,False
F1,3026,0,z_R,54,0.34094975875219036,0.5839090329427953,False
F1,3026,0,z_R,55,1.1711879722041199,1.0822143836616291,False
F1,3026,0,z_R,56,0.73953002076999,0.8599593134387172,False
F1,3026,0,z_R,57,0.13422329924754192,0.36636498092413516,False
F1,3026,0,z_R,58,0.8307140395710867,0.9114351537937774,False
F1,3026,0,z_R,59,0.8180284263240603,0.9044492392191285,False
F1,3026,0,z_R,60,0.14760120793473344,0.3841890263070165,False
F1,3026,0,z_R,61,1.4770724607973984,1.2153486992618203,False
F1,3026,0,z_R,62,0.19026751240760345,0.4361966441957153,False
F1,3026,0,z_R,63,0.3437194468119757,0.5862759135526341,False
F1,3026,0,z_R,64,1.1722915622123529,1.0827241394798366,False
F1,3026,0,z_R,65,0.2552316715662646,0.5052045838729737,False
F1,3026,0,z_R,66,0.4041372669612409,0.6357179146140535,False
F1,3026,0,z_R,67,1.4559151820723084,1.2066131037214491,False
F1,3026,0,z_R,68,1.0958611337407045,1.0468338615753239,False
F1,3026,0,z_R,69,0.4988152157377068,0.7062685153238156,False
F1,3026,0,z_R,70,0.340883756146787,0.5838525123237777,False
F1,3026,0,z_R,71,0.790711592687125,0.8892196537904035,False
F1,3026,0,z_R,72,0.9200248098947013,0.9591792376269939,False
F1,3026,0,z_R,73,0.5331554666100187,0.7301749561646296,False
F1,3026,0,z_R,74,0.9160881431349193,0.9571249360114484,False
F1,3026,0,z_R,75,0.7991195256464927,0.8939348553706208,False
F1,3026,0,z_R,76,0.3069833235054112,0.5540607579547673,False
F1,3026,0,z_R,77,0.5226166037901027,0.7229222667687741,False
F1,3026,0,z_R,78,0.36225084324169443,0.601872779947469,False
F1,3026,0,z_R,79,0.2461595673772376,0.49614470407053385,False
F1,3026,0,z_R,80,0.41106804082023785,0.6411458810756238,False
F1,3026,0,z_R,81,2.5037502633371678,1.5823243230568023,False
F1,3026,0,z_R,82,0.8856142035348661,0.941070774987124,False
F1,3026,0,z_R,83,0.1965767756823371,0.44336979563603235,False
F1,3026,0,z_R,84,0.2023057109597045,0.44978407148286664,False
F1,3026,0,z_R,85,0.7533058868198197,0.8679319597870675,False
F1,3026,0,z_R,86,0.21784699213181138,0.4667408190118059,False
F1,3026,0,z_R,87,0.6375234953816752,0.7984506843767342,False
F1,3026,0,z_R,88,1.0972285369137011,1.0474867717129899,False
F1,3026,0,z_R,89,0.33812422338612563,0.5814844996954998,False
F1,3026,0,z_R,90,0.38131202296787736,0.6175046744502242,False
F1,3026,0,z_R,91,0.41499790459604163,0.6442033099853195,False
F1,3026,0,z_R,92,0.7009820562282569,0.8372467116855443,False
F1,3026,0,z_R,93,0.25501122828698986,0.5049863644564968,False
F1,3026,0,z_R,94,0.6257875132768187,0.7910673253755452,False
F1,3026,0,z_R,95,1.3246981371581514,1.1509553150136418,False
F1,3026,0,z_P,0,0.031662155814949994,0.1779386293499812,False
F1,3026,0,z_P,1,0.01699942046101579,0.13038182565455889,False
F1,3026,0,z_P,2,0.009772762214159661,0.09885728204922317,False
F1,3026,0,z_P,3,0.020272167040879335,0.1423803604465143,False
F1,3026,0,z_P,4,0.03370648803051911,0.1835932679335468,False
F1,3026,0,z_P,5,0.029698458786177256,0.17233240782330309,False
F1,3026,0,z_P,6,0.03992186158197475,0.1998045584614494,False
F1,3026,0,z_P,7,0.020799699282763286,0.14422100846535252,False
F1,3026,0,z_P,8,0.021110547260908472,0.14529469109677914,False
F1,3026,0,z_P,9,0.01290192213729751,0.11358662833845148,False
F1,3026,0,z_P,10,0.01696361975284741,0.1302444615054606,False
F1,3026,0,z_P,11,0.016165651840992584,0.12714421670289444,False
F1,3026,0,z_P,12,0.014313698520680705,0.1196398701131053,False
F1,3026,0,z_P,13,0.017802365538948168,0.1334255055787617,False
F1,3026,0,z_P,14,0.011061888466437799,0.10517551267494635,False
F1,3026,0,z_P,15,0.010404334201580559,0.10200163822988609,False
F1,3026,0,z_P,16,0.018223637982318134,0.13499495539581519,False
F1,3026,0,z_P,17,0.02441941771965803,0.15626713576327567,False
F1,3026,0,z_P,18,0.013940607103382067,0.11807034811239471,False
F1,3026,0,z_P,19,0.012858570955692334,0.11339563905059283,False
F1,3026,0,z_P,20,0.03015543035660759,0.173653189883191,False
F1,3026,0,z_P,21,0.01978458831639693,0.14065769910103368,False
F1,3026,0,z_P,22,0.020801165562988028,0.1442260918245656,False
F1,3026,0,z_P,23,0.016220128817652862,0.12735826952990867,False
F1,3026,0,z_P,24,0.01658922351630779,0.1287991596102544,False
F1,3026,0,z_P,25,0.012309305426372106,0.1109473092344835,False
F1,3026,0,z_P,26,0.01441256106538171,0.12005232636388896,False
F1,3026,0,z_P,27,0.018226267378041942,0.13500469391114497,False
F1,3026,0,z_P,28,0.022263115601227464,0.149208296020119,False
F1,3026,0,z_P,29,0.017666894536145308,0.13291687077322167,False
F1,3026,0,z_P,30,0.01848532915437436,0.13596076328990786,False
F1,3026,0,z_P,31,0.028938277746462557,0.17011254435362066,False
F1,3026,0,z_P,32,0.02294356519050654,0.15147133455049025,False
F1,3026,0,z_P,33,0.016654960857666302,0.12905410050698235,False
F1,3026,0,z_P,34,0.015786480995065345,0.12564426367751672,False
F1,3026,0,z_P,35,0.03377680949583647,0.18378468242983817,False
F1,3026,0,z_P,36,0.01438643643664997,0.11994347183840381,False
F1,3026,0,z_P,37,0.023545051268466823,0.15344396784646447,False
F1,3026,0,z_P,38,0.01667738260770792,0.12914094086581498,False
F1,3026,0,z_P,39,0.01701825887591066,0.13045404890577625,False
F1,3026,0,z_P,40,0.016309747601089074,0.12770962219460627,False
F1,3026,0,z_P,41,0.017774182244203317,0.13331984940061745,False
F1,3026,0,z_P,42,0.014732960831176416,0.12137940859625415,False
F1,3026,0,z_P,43,0.022367718018270616,0.14955841005530454,False
F1,3026,0,z_P,44,0.019654318416115275,0.14019386012274315,False
F1,3026,0,z_P,45,0.011195235280042137,0.10580753886204015,False
F1,3026,0,z_P,46,0.017947080541861234,0.13396671430568577,False
F1,3026,0,z_P,47,0.016072363810994274,0.1267768267902075,False
F1,3026,0,z_P,48,0.013763136928871014,0.1173163966752773,False
F1,3026,0,z_P,49,0.013983399974000554,0.11825142694276697,False
F1,3026,0,z_P,50,0.012603932654330645,0.1122672376712398,False
F1,3026,0,z_P,51,0.012534075355745373,0.11195568478529964,False
F1,3026,0,z_P,52,0.02347609504317991,0.1532191079571341,False
F1,3026,0,z_P,53,0.02857304141280367,0.16903562172750355,False
F1,3026,0,z_P,54,0.018992393700860692,0.13781289381208384,False
F1,3026,0,z_P,55,0.016085877867467267,0.12683011419795878,False
F1,3026,0,z_P,56,0.01323277209888274,0.11503378677102975,False
F1,3026,0,z_P,57,0.03068191652458402,0.17516254315516208,False
F1,3026,0,z_P,58,0.028698929482128294,0.16940758389791258,False
F1,3026,0,z_P,59,0.017378782835793055,0.13182861159775996,False
F1,3026,0,z_P,60,0.01222314023235821,0.1105583114576114,False
F1,3026,0,z_P,61,0.05150487235233836,0.22694684917913788,False
F1,3026,0,z_P,62,0.029383853568533833,0.17141719157813148,False
F1,3026,0,z_P,63,0.03928524993061729,0.19820507039583346,False
F1,3026,0,z_P,64,0.016605950087144793,0.12886407601478697,False
F1,3026,0,z_P,65,0.02031510171550539,0.14253105526693258,False
F1,3026,0,z_P,66,0.04045657127010015,0.2011381894869797,False
F1,3026,0,z_P,67,0.016966514287066414,0.13025557295972565,False
F1,3026,0,z_P,68,0.01196147809138016,0.10936854251282752,False
F1,3026,0,z_P,69,0.026330781998120664,0.16226762461477232,False
F1,3026,0,z_P,70,0.026759689747454837,0.16358389207820812,False
F1,3026,0,z_P,71,0.015388437437727038,0.12405014082106895,False
F1,3026,0,z_P,72,0.025832027759442003,0.16072345118072223,False
F1,3026,0,z_P,73,0.024895037066888868,0.1577816119415975,False
F1,3026,0,z_P,74,0.03175903868858707,0.1782106581789851,False
F1,3026,0,z_P,75,0.018211905838573957,0.1349514943917775,False
F1,3026,0,z_P,76,0.008752215814542852,0.09355327794654152,False
F1,3026,0,z_P,77,0.010842441410494811,0.10412704456813711,False
F1,3026,0,z_P,78,0.023693103888855382,0.1539256440261186,False
F1,3026,0,z_P,79,0.022737134900502217,0.15078837786945723,False
F1,3026,0,z_P,80,0.015675635171064496,0.12520237685868627,False
F1,3026,0,z_P,81,0.012597607234997582,0.11223906287472994,False
F1,3026,0,z_P,82,0.021130284471080472,0.1453625965339106,False
F1,3026,0,z_P,83,0.012093655853981195,0.10997115919176807,False
F1,3026,0,z_P,84,0.013854655979346032,0.1177058026579235,False
F1,3026,0,z_P,85,0.01875487544283543,0.1369484408192931,False
F1,3026,0,z_P,86,0.02720017970471879,0.16492476983376023,False
F1,3026,0,z_P,87,0.013467260912375635,0.11604852826458263,False
F1,3026,0,z_P,88,0.010283281233744663,0.10140651475001329,False
F1,3026,0,z_P,89,0.03580930479816564,0.18923346637993407,False
F1,3026,0,z_P,90,0.020352064372850732,0.14266066161647623,False
F1,3026,0,z_P,91,0.020783328196955834,0.14416424035438133,False
F1,3026,0,z_P,92,0.02345326951673757,0.15314460328962812,False
F1,3026,0,z_P,93,0.014683114019953312,0.12117389991228851,False
F1,3026,0,z_P,94,0.016435350722434787,0.12820043183404176,False
F1,3026,0,z_P,95,0.012150668658805017,0.11023007148144746,False
F1,3026,1,z_R,0,0.3795910041591689,0.6161095715529575,False
F1,3026,1,z_R,1,1.3278242747196745,1.1523125768296008,False
F1,3026,1,z_R,2,0.7311040820795951,0.8550462455794979,False
F1,3026,1,z_R,3,0.5421795590802108,0.7363284315305303,False
F1,3026,1,z_R,4,0.2500360610959971,0.5000360597956882,False
F1,3026,1,z_R,5,1.0565820634559289,1.027901777144066,False
F1,3026,1,z_R,6,1.037478373024675,1.0185668230531932,False
F1,3026,1,z_R,7,2.275999664364351,1.5086416620139957,False
F1,3026,1,z_R,8,2.626028698765011,1.6205026068368453,False
F1,3026,1,z_R,9,0.17825557665080077,0.42220324092882183,False
F1,3026,1,z_R,10,1.2698716564590875,1.1268858222815157,False
F1,3026,1,z_R,11,0.28424887765105283,0.5331499579396521,False
F1,3026,1,z_R,12,0.31864340467380337,0.5644850792304464,False
F1,3026,1,z_R,13,0.4436003556324165,0.6660332991918771,False
F1,3026,1,z_R,14,0.5908914083544394,0.7686946131946284,False
F1,3026,1,z_R,15,1.4117580603792041,1.188174255056557,False
F1,3026,1,z_R,16,1.181030458174546,1.0867522524359203,False
F1,3026,1,z_R,17,0.23191329183674997,0.48157376572727667,False
F1,3026,1,z_R,18,0.3825306368638611,0.6184906117831225,False
F1,3026,1,z_R,19,1.3967898390681108,1.1818586375147033,False
F1,3026,1,z_R,20,0.32843305087543523,0.5730907876379058,False
F1,3026,1,z_R,21,0.7047425823451812,0.8394894772093222,False
F1,3026,1,z_R,22,0.06449322200859005,0.25395515747586234,False
F1,3026,1,z_R,23,0.381766432465425,0.617872505024641,False
F1,3026,1,z_R,24,0.7711544709398694,0.8781540132231188,False
F1,3026,1,z_R,25,0.2957259687176418,0.5438069222781573,False
F1,3026,1,z_R,26,2.6812136493515153,1.6374411895856031,False
F1,3026,1,z_R,27,0.6971991155579473,0.8349845001902415,False
F1,3026,1,z_R,28,0.4582376437448991,0.6769325252526275,False
F1,3026,1,z_R,29,0.3567067120643185,0.5972492880400264,False
F1,3026,1,z_R,30,0.35827852360483076,0.5985637172472374,False
F1,3026,1,z_R,31,0.3066745801453013,0.5537820691800172,False
F1,3026,1,z_R,32,0.6857060227182493,0.8280736819379356,False
F1,3026,1,z_R,33,0.2196751140194968,0.46869511840800815,False
F1,3026,1,z_R,34,0.884335885496298,0.9403913469913991,False
F1,3026,1,z_R,35,0.7520860372597452,0.8672289416640483,False
F1,3026,1,z_R,36,0.6612273542721839,0.8131588739429607,False
F1,3026,1,z_R,37,0.3773007647474847,0.6142481296247345,False
F1,3026,1,z_R,38,0.42304805792049394,0.650421446387259,False
F1,3026,1,z_R,39,0.22384082045425727,0.4731181886740958,False
F1,3026,1,z_R,40,0.4095591503911495,0.6399680854473522,False
F1,3026,1,z_R,41,0.8976382322956828,0.9474377194811714,False
F1,3026,1,z_R,42,2.117189424766771,1.4550565022591977,False
F1,3026,1,z_R,43,0.2309666810335529,0.4805899302248778,False
F1,3026,1,z_R,44,0.4059390590271575,0.6371334703397378,False
F1,3026,1,z_R,45,0.5678292019794347,0.7535444260157689,False
F1,3026,1,z_R,46,1.9128030429215828,1.3830412296535424,False
F1,3026,1,z_R,47,0.21309234814580835,0.46161926752011595,False
F1,3026,1,z_R,48,0.5350162712529974,0.7314480646313841,False
F1,3026,1,z_R,49,0.26233720305262864,0.512188640105019,False
F1,3026,1,z_R,50,0.2313706261909909,0.48101000633145974,False
F1,3026,1,z_R,51,0.6960497574846483,0.8342959651614338,False
F1,3026,1,z_R,52,0.08982409984879977,0.29970668969644265,False
F1,3026,1,z_R,53,1.3105091699046478,1.1447747245220992,False
F1,3026,1,z_R,54,0.4556507850276756,0.6750190997502779,False
F1,3026,1,z_R,55,0.21359670156615992,0.46216523188807695,False
F1,3026,1,z_R,56,0.1763174875374046,0.41990175938831764,False
F1,3026,1,z_R,57,0.34413242974711306,0.5866280165037406,False
F1,3026,1,z_R,58,1.3983897944417663,1.1825353248177266,False
F1,3026,1,z_R,59,1.2991057725422137,1.1397832129585932,False
F1,3026,1,z_R,60,0.5282505670963109,0.7268084803414934,False
F1,3026,1,z_R,61,0.5208701457093489,0.7217133403986301,False
F1,3026,1,z_R,62,0.13899566455245255,0.3728212233127998,False
F1,3026,1,z_R,63,0.1913819931738724,0.43747227703463953,False
F1,3026,1,z_R,64,0.39123163925914767,0.6254851231317557,False
F1,3026,1,z_R,65,0.6645853801290063,0.8152210621230331,False
F1,3026,1,z_R,66,0.2143096190493782,0.4629358692620158,False
F1,3026,1,z_R,67,0.16864018242088608,0.41065823067471335,False
F1,3026,1,z_R,68,0.44481810542791755,0.6669468535257644,False
F1,3026,1,z_R,69,0.46109448752461774,0.6790393858419538,False
F1,3026,1,z_R,70,0.6377955643207268,0.7986210392424725,False
F1,3026,1,z_R,71,1.6236870333967335,1.2742397864596495,False
F1,3026,1,z_R,72,0.5445842762756739,0.7379595356628125,False
F1,3026,1,z_R,73,0.4839340335747367,0.6956536735867472,False
F1,3026,1,z_R,74,0.5720393275634282,0.7563328153421801,False
F1,3026,1,z_R,75,0.7782156397142054,0.8821653131438605,False
F1,3026,1,z_R,76,0.48215775470343375,0.6943758022162305,False
F1,3026,1,z_R,77,0.6384768700386904,0.7990474767112967,False
F1,3026,1,z_R,78,0.1706575736866465,0.4131072181488076,False
F1,3026,1,z_R,79,0.1386494811931998,0.3723566585858239,False
F1,3026,1,z_R,80,0.328395637327036,0.5730581448047275,False
F1,3026,1,z_R,81,0.670905562755283,0.8190882508956425,False
F1,3026,1,z_R,82,0.255833435371301,0.5057997977177343,False
F1,3026,1,z_R,83,0.8947052442153812,0.9458886003200278,False
F1,3026,1,z_R,84,0.6302702914604498,0.7938956426763216,False
F1,3026,1,z_R,85,0.23714292934688097,0.4869732326800735,False
F1,3026,1,z_R,86,0.49631590059112735,0.7044969131168194,False
F1,3026,1,z_R,87,1.516768009124232,1.2315713577069873,False
F1,3026,1,z_R,88,0.830455894300357,0.9112935280689516,False
F1,3026,1,z_R,89,0.7785978442930332,0.8823819152119071,False
F1,3026,1,z_R,90,0.27377020073312647,0.5232305426225866,False
F1,3026,1,z_R,91,0.3105598474327924,0.5572789673339489,False
F1,3026,1,z_R,92,0.17772334974009052,0.4215724727020142,False
F1,3026,1,z_R,93,0.25502438990088583,0.5049993959411099,False
F1,3026,1,z_R,94,0.4149842532170772,0.6441927143464735,False
F1,3026,1,z_R,95,0.45105656144175965,0.6716074459397838,False
F1,3026,1,z_P,0,0.010751078802583481,0.10368740908414811,False
F1,3026,1,z_P,1,0.0214132804577278,0.1463327730131832,False
F1,3026,1,z_P,2,0.03794805531107704,0.19480260601716046,False
F1,3026,1,z_P,3,0.013770403071633394,0.11734736073569527,False
F1,3026,1,z_P,4,0.04753138807611829,0.21801694447019088,False
F1,3026,1,z_P,5,0.005338859379060118,0.07306749878749182,False
F1,3026,1,z_P,6,0.011387343005749256,0.10671149425319307,False
F1,3026,1,z_P,7,0.008232245312397093,0.09073172164351943,False
F1,3026,1,z_P,8,0.021838038739070368,0.14777698988364316,False
F1,3026,1,z_P,9,0.01866196588961698,0.13660880604711023,False
F1,3026,1,z_P,10,0.019030282977848204,0.1379502916917837,False
F1,3026,1,z_P,11,0.06836001955216775,0.26145749090849885,False
F1,3026,1,z_P,12,0.030793455416434194,0.17548064114435585,False
F1,3026,1,z_P,13,0.018808661165705964,0.13714467239271808,False
F1,3026,1,z_P,14,0.014853262150914702,0.12187396010188026,False
F1,3026,1,z_P,15,0.01671642709091569,0.1292920225339355,False
F1,3026,1,z_P,16,0.01453448595046158,0.12055905586251736,False
F1,3026,1,z_P,17,0.014401789900320032,0.12000745768626228,False
F1,3026,1,z_P,18,0.013535182188533574,0.11634080190772958,False
F1,3026,1,z_P,19,0.008999382429281864,0.09486507486573688,False
F1,3026,1,z_P,20,0.012323391392140457,0.11101077151403127,False
F1,3026,1,z_P,21,0.011166650200881924,0.10567237198474312,False
F1,3026,1,z_P,22,0.015760943434093927,0.12554259609428955,False
F1,3026,1,z_P,23,0.017275682911090388,0.13143699217149785,False
F1,3026,1,z_P,24,0.01913770455424081,0.1383390926464418,False
F1,3026,1,z_P,25,0.010542995985127769,0.10267909224923917,False
F1,3026,1,z_P,26,0.017950962608414472,0.1339812024442775,False
F1,3026,1,z_P,27,0.03172815988149261,0.17812400141893459,False
F1,3026,1,z_P,28,0.019080466956261404,0.1381320634619689,False
F1,3026,1,z_P,29,0.008330862861703979,0.09127356058412522,False
F1,3026,1,z_P,30,0.02586101490973696,0.16081360299967462,False
F1,3026,1,z_P,31,0.017815357468361565,0.13347418277839937,False
F1,3026,1,z_P,32,0.018747760637299236,0.13692246213568918,False
F1,3026,1,z_P,33,0.012486791627119811,0.1117443136231988,False
F1,3026,1,z_P,34,0.010884023939387515,0.1043265255790085,False
F1,3026,1,z_P,35,0.02795997633574083,0.16721236896755223,False
F1,3026,1,z_P,36,0.006961417728353834,0.0834351108847698,False
F1,3026,1,z_P,37,0.007545873014208432,0.08686698460409704,False
F1,3026,1,z_P,38,0.02510258892987951,0.15843796555712114,False
F1,3026,1,z_P,39,0.011882871720030943,0.10900858553357594,False
F1,3026,1,z_P,40,0.01336066756988369,0.11558835395438284,False
F1,3026,1,z_P,41,0.0047032220895155555,0.06858004148085327,False
F1,3026,1,z_P,42,0.013111249430442628,0.11450436424190402,False
F1,3026,1,z_P,43,0.008175943322525232,0.09042092303513181,False
F1,3026,1,z_P,44,0.008027072781561182,0.08959393272739612,False
F1,3026,1,z_P,45,0.024542237460923527,0.15665962294389554,False
F1,3026,1,z_P,46,0.015800786329912178,0.12570117871329678,False
F1,3026,1,z_P,47,0.020369566787164034,0.142721991252799,False
F1,3026,1,z_P,48,0.007871114092831002,0.08871929943834657,False
F1,3026,1,z_P,49,0.01640319814006577,0.12807497077909394,False
F1,3026,1,z_P,50,0.019760319063531935,0.1405714020116892,False
F1,3026,1,z_P,51,0.023853101183336462,0.15444449224021056,False
F1,3026,1,z_P,52,0.019793311648103416,0.14068870476375642,False
F1,3026,1,z_P,53,0.02031782675417765,0.1425406144022736,False
F1,3026,1,z_P,54,0.02090784911260637,0.1445954671233036,False
F1,3026,1,z_P,55,0.008907070516508873,0.09437727754342606,False
F1,3026,1,z_P,56,0.021008877560893122,0.1449443947205035,False
F1,3026,1,z_P,57,0.008973950203469454,0.09473093583127665,False
F1,3026,1,z_P,58,0.010722649115260422,0.10355022508551308,False
F1,3026,1,z_P,59,0.017415751761057578,0.1319687529722759,False
F1,3026,1,z_P,60,0.012202671236668693,0.11046570163027387,False
F1,3026,1,z_P,61,0.010169027197768568,0.10084159458164357,False
F1,3026,1,z_P,62,0.011483124477947441,0.10715934153375263,False
F1,3026,1,z_P,63,0.00960758874781212,0.09801830822765775,False
F1,3026,1,z_P,64,0.011642837612924907,0.10790198150601733,False
F1,3026,1,z_P,65,0.020235870793884073,0.14225284107491165,False
F1,3026,1,z_P,66,0.023499611015410957,0.15329582843447162,False
F1,3026,1,z_P,67,0.020510162690190514,0.14321369588901237,False
F1,3026,1,z_P,68,0.014119038640375439,0.11882356096488372,False
F1,3026,1,z_P,69,0.03273892753465518,0.1809390160652345,False
F1,3026,1,z_P,70,0.016282706145897958,0.12760370741439278,False
F1,3026,1,z_P,71,0.027521917764451974,0.1658973109018105,False
F1,3026,1,z_P,72,0.019082344340330553,0.13813885890773295,False
F1,3026,1,z_P,73,0.02006246701569433,0.14164203830676234,False
F1,3026,1,z_P,74,0.02460846560970561,0.1568708564702367,False
F1,3026,1,z_P,75,0.018302456163149086,0.13528657052031842,False
F1,3026,1,z_P,76,0.028330606495677615,0.1683169821963239,False
F1,3026,1,z_P,77,0.020542821312042145,0.14332767113171882,False
F1,3026,1,z_P,78,0.017985707349156818,0.13411080250731788,False
F1,3026,1,z_P,79,0.01170346482931977,0.10818255325753673,False
F1,3026,1,z_P,80,0.023084956294935358,0.15193734331932804,False
F1,3026,1,z_P,81,0.014999439993209653,0.12247220089967215,False
F1,3026,1,z_P,82,0.014346321527696946,0.11977613087630166,False
F1,3026,1,z_P,83,0.012335993804778086,0.11106751912588166,False
F1,3026,1,z_P,84,0.018046727424261572,0.13433810860757855,False
F1,3026,1,z_P,85,0.022990429811199028,0.15162595362008124,False
F1,3026,1,z_P,86,0.018796114668907748,0.13709892293124606,False
F1,3026,1,z_P,87,0.02208138014057199,0.1485980489123999,False
F1,3026,1,z_P,88,0.012178586622677593,0.11035663379551586,False
F1,3026,1,z_P,89,0.0251725559326775,0.15865861442946455,False
F1,3026,1,z_P,90,0.021065575822483657,0.1451398491885797,False
F1,3026,1,z_P,91,0.008210471884602869,0.09061165424272348,False
F1,3026,1,z_P,92,0.01652463862079693,0.12854819571194662,False
F1,3026,1,z_P,93,0.014449840816736509,0.12020749068480095,False
F1,3026,1,z_P,94,0.01551831183745083,0.12457251638082467,False
F1,3026,1,z_P,95,0.016571565595834017,0.12873059308429374,False
F1,3026,2,z_R,0,0.2973867612696442,0.545331790077971,False
F1,3026,2,z_R,1,0.3465736116818386,0.5887050294348084,False
F1,3026,2,z_R,2,0.6881717074594594,0.8295611535380978,False
F1,3026,2,z_R,3,2.397917094449899,1.5485209376853446,False
F1,3026,2,z_R,4,0.8352601116560187,0.9139256598082902,False
F1,3026,2,z_R,5,0.2331161305558826,0.4828210129601679,False
F1,3026,2,z_R,6,0.3782750046077386,0.6150406528090144,False
F1,3026,2,z_R,7,0.24928808598751948,0.49928757844304467,False
F1,3026,2,z_R,8,0.6201966395562228,0.7875256437451563,False
F1,3026,2,z_R,9,0.5558172450103015,0.7455315184553243,False
F1,3026,2,z_R,10,0.17894671763585054,0.42302094231355797,False
F1,3026,2,z_R,11,0.23870925332018214,0.4885788097330687,False
F1,3026,2,z_R,12,0.576893147300471,0.7595348229676313,False
F1,3026,2,z_R,13,0.4795993671742867,0.692531130834049,False
F1,3026,2,z_R,14,3.7902815901770013,1.9468645536289886,False
F1,3026,2,z_R,15,0.18189165395741955,0.4264875777293162,False
F1,3026,2,z_R,16,0.7750561448602884,0.8803727306432705,False
F1,3026,2,z_R,17,0.3681919715400363,0.6067882427503324,False
F1,3026,2,z_R,18,1.854108797788439,1.3616566372578804,False
F1,3026,2,z_R,19,0.23737086611589725,0.4872072106567156,False
F1,3026,2,z_R,20,0.21709663499483597,0.465936299288686,False
F1,3026,2,z_R,21,0.3856492273817181,0.6210066242655694,False
F1,3026,2,z_R,22,1.507471996801118,1.2277915119437495,False
F1,3026,2,z_R,23,0.4373443565498896,0.6613201619109231,False
F1,3026,2,z_R,24,1.1093747484402727,1.0532686022284499,False
F1,3026,2,z_R,25,0.3150452936050149,0.5612889573161179,False
F1,3026,2,z_R,26,0.32110457445430923,0.5666608989989598,False
F1,3026,2,z_R,27,0.12419350243730941,0.3524109851257611,False
F1,3026,2,z_R,28,0.3888622012789982,0.6235881664039161,False
F1,3026,2,z_R,29,1.3446973345137003,1.1596108547757304,False
F1,3026,2,z_R,30,1.6476894717581794,1.2836235708953694,False
F1,3026,2,z_R,31,0.5994515663182484,0.7742425758883635,False
F1,3026,2,z_R,32,0.38217413417905877,0.618202340806842,False
F1,3026,2,z_R,33,1.533265686969889,1.2382510597491485,False
F1,3026,2,z_R,34,0.2720365967677478,0.5215712767855873,False
F1,3026,2,z_R,35,0.8850243005942682,0.9407573016428138,False
F1,3026,2,z_R,36,0.3994489240849016,0.6320197181140013,False
F1,3026,2,z_R,37,0.2341767244959606,0.48391809688826537,False
F1,3026,2,z_R,38,1.1766106726911651,1.0847168629145418,False
F1,3026,2,z_R,39,0.49599357055798726,0.7042681098544696,False
F1,3026,2,z_R,40,0.8281945882726637,0.9100519700943808,False
F1,3026,2,z_R,41,0.5331128930314556,0.7301458025842891,False
F1,3026,2,z_R,42,0.2540151849298812,0.503999191398043,False
F1,3026,2,z_R,43,0.4540829983881282,0.6738568085195312,False
F1,3026,2,z_R,44,0.3253776161521659,0.570418807677452,False
F1,3026,2,z_R,45,0.7553877147861741,0.8691304360026602,False
F1,3026,2,z_R,46,0.44421390770383384,0.6664937416839215,False
F1,3026,2,z_R,47,0.4670519014114768,0.6834119558593315,False
F1,3026,2,z_R,48,0.6263163990716226,0.7914015409838564,False
F1,3026,2,z_R,49,0.910736757914219,0.9543252893611376,False
F1,3026,2,z_R,50,0.3296945344567071,0.5741903294698606,False
F1,3026,2,z_R,51,0.6935623741930718,0.8328039230173401,False
F1,3026,2,z_R,52,0.2675108953173133,0.517214554432987,False
F1,3026,2,z_R,53,0.2080090594828629,0.45608010204662836,False
F1,3026,2,z_R,54,1.9323538323248959,1.3900913035930036,False
F1,3026,2,z_R,55,0.5740309610525183,0.7576483096084345,False
F1,3026,2,z_R,56,0.29490911557338756,0.5430553522187104,False
F1,3026,2,z_R,57,1.0165167285431342,1.0082245427200898,False
F1,3026,2,z_R,58,1.5190732627114278,1.232506901689166,False
F1,3026,2,z_R,59,0.5438145625018805,0.7374378363644495,False
F1,3026,2,z_R,60,0.5626074811704164,0.7500716506910632,False
F1,3026,2,z_R,61,1.2028847583365585,1.096761030642755,False
F1,3026,2,z_R,62,0.4540369982012667,0.6738226756360064,False
F1,3026,2,z_R,63,0.8001768631379974,0.8945260550358483,False
F1,3026,2,z_R,64,0.42160488618543074,0.6493110858328469,False
F1,3026,2,z_R,65,0.5691079869789107,0.7543924621699972,False
F1,3026,2,z_R,66,1.0137769389207658,1.0068649059932349,False
F1,3026,2,z_R,67,0.17734049879666752,0.4211181530125097,False
F1,3026,2,z_R,68,0.18980349355332163,0.435664427688699,False
F1,3026,2,z_R,69,1.6620129105205999,1.2891907967871163,False
F1,3026,2,z_R,70,0.6289043102398865,0.7930348732810472,False
F1,3026,2,z_R,71,0.3508838299006571,0.5923544799363445,False
F1,3026,2,z_R,72,0.39627216342843263,0.6295015197983501,False
F1,3026,2,z_R,73,1.1905102512820929,1.0911050596904466,False
F1,3026,2,z_R,74,1.2557042056760113,1.120582083417369,False
F1,3026,2,z_R,75,0.8989530146285328,0.94813132773289,False
F1,3026,2,z_R,76,1.5003798565435582,1.2248999373596026,False
F1,3026,2,z_R,77,0.4132386653233504,0.6428364219016767,False
F1,3026,2,z_R,78,0.6072763903338955,0.779279404535944,False
F1,3026,2,z_R,79,0.910772369794141,0.9543439473240981,False
F1,3026,2,z_R,80,0.20294470034077272,0.4504938405136886,False
F1,3026,2,z_R,81,1.4519634141462046,1.2049744454328501,False
F1,3026,2,z_R,82,0.1687456249680114,0.41078659297500375,False
F1,3026,2,z_R,83,0.7505609108883571,0.8663491853106097,False
F1,3026,2,z_R,84,0.567834955874512,0.753548243893191,False
F1,3026,2,z_R,85,0.2093115227117295,0.4575057624901893,False
F1,3026,2,z_R,86,0.4009323572245138,0.6331921961178247,False
F1,3026,2,z_R,87,1.1629917821877718,1.0784209670568223,False
F1,3026,2,z_R,88,0.9582631005268406,0.9789091380341899,False
F1,3026,2,z_R,89,2.812422409975195,1.6770278500893165,False
F1,3026,2,z_R,90,1.07858431371482,1.0385491388060655,False
F1,3026,2,z_R,91,0.32942072195374683,0.5739518463719294,False
F1,3026,2,z_R,92,0.503493928572251,0.7095730607712295,False
F1,3026,2,z_R,93,1.4436310913802515,1.2015120021790258,False
F1,3026,2,z_R,94,0.3102533600719176,0.5570039138748646,False
F1,3026,2,z_R,95,0.8227466305529121,0.9070538189947231,False
F1,3026,2,z_P,0,0.014859302873817907,0.12189874024705057,False
F1,3026,2,z_P,1,0.026586888218680268,0.16305486260360427,False
F1,3026,2,z_P,2,0.01911082262498025,0.13824189894883623,False
F1,3026,2,z_P,3,0.016725006300638896,0.12932519592345065,False
F1,3026,2,z_P,4,0.0235315196449817,0.15339986846468187,False
F1,3026,2,z_P,5,0.047588568836074374,0.21814804339272534,False
F1,3026,2,z_P,6,0.06268719509598376,0.25037411027497186,False
F1,3026,2,z_P,7,0.020351027636898722,0.1426570279968664,False
F1,3026,2,z_P,8,0.036085590917542654,0.189962077577454,False
F1,3026,2,z_P,9,0.013196823788397026,0.11487742941238295,False
F1,3026,2,z_P,10,0.02351364960103809,0.1533416107944549,False
F1,3026,2,z_P,11,0.007323517488353929,0.08557755247933847,False
F1,3026,2,z_P,12,0.018910254472665693,0.13751456094779815,False
F1,3026,2,z_P,13,0.03995336158703004,0.1998833699611602,False
F1,3026,2,z_P,14,0.016151687807088918,0.12708929068607205,False
F1,3026,2,z_P,15,0.02373898671047787,0.15407461410134335,False
F1,3026,2,z_P,16,0.03116521129118161,0.17653671372035226,False
F1,3026,2,z_P,17,0.019638433203338582,0.140137194218161,False
F1,3026,2,z_P,18,0.034927180121714536,0.18688814869251216,False
F1,3026,2,z_P,19,0.028958100731758564,0.1701707987045914,False
F1,3026,2,z_P,20,0.010449240212485209,0.10222152519154275,False
F1,3026,2,z_P,21,0.015010955760108446,0.12251920567857288,False
F1,3026,2,z_P,22,0.018079305061837792,0.13445930634150166,False
F1,3026,2,z_P,23,0.0304120792352532,0.17439059388411177,False
F1,3026,2,z_P,24,0.03559450905225661,0.18866507109758449,False
F1,3026,2,z_P,25,0.014528255182645935,0.12053321194859919,False
F1,3026,2,z_P,26,0.017365357653112517,0.13177768268228318,False
F1,3026,2,z_P,27,0.01886781824199976,0.13736017706016457,False
F1,3026,2,z_P,28,0.01142037017047097,0.10686613200855999,False
F1,3026,2,z_P,29,0.022709769664868484,0.15069761001710838,False
F1,3026,2,z_P,30,0.013919455693527724,0.11798074289276078,False
F1,3026,2,z_P,31,0.019289803316136424,0.13888773637775376,False
F1,3026,2,z_P,32,0.0461135865941426,0.21474074274376206,False
F1,3026,2,z_P,33,0.013263614996774031,0.1151677689146318,False
F1,3026,2,z_P,34,0.037722648861136125,0.1942231934170997,False
F1,3026,2,z_P,35,0.031577816886037564,0.1777014825093971,False
F1,3026,2,z_P,36,0.01297667357594256,0.11391520344511773,False
F1,3026,2,z_P,37,0.009387048618160513,0.096886782473981,False
F1,3026,2,z_P,38,0.023896359980351833,0.15458447522423405,False
F1,3026,2,z_P,39,0.008199592992877449,0.09055160403260369,False
F1,3026,2,z_P,40,0.03502420893754102,0.18714755926151166,False
F1,3026,2,z_P,41,0.017051484054784374,0.13058133118782475,False
F1,3026,2,z_P,42,0.03145963862633731,0.17736865175768043,False
F1,3026,2,z_P,43,0.012667933839226262,0.11255191619526636,False
F1,3026,2,z_P,44,0.02857110910499841,0.1690299059486173,False
F1,3026,2,z_P,45,0.019097741093838386,0.1381945769335338,False
F1,3026,2,z_P,46,0.014718702384633462,0.12132065934800002,False
F1,3026,2,z_P,47,0.009810418540830862,0.09904755696548433,False
F1,3026,2,z_P,48,0.019345201736428754,0.1390870293608601,False
F1,3026,2,z_P,49,0.02004410659403935,0.14157721071570575,False
F1,3026,2,z_P,50,0.01812536433644264,0.13463047328314137,False
F1,3026,2,z_P,51,0.020447578097863624,0.1429950282277801,False
F1,3026,2,z_P,52,0.02753879887582568,0.16594818129713165,False
F1,3026,2,z_P,53,0.015926738582419227,0.1262011829675904,False
F1,3026,2,z_P,54,0.011531587607204572,0.10738522993039859,False
F1,3026,2,z_P,55,0.009272201432577109,0.09629227088700894,False
F1,3026,2,z_P,56,0.01146688980056336,0.10708356456788017,False
F1,3026,2,z_P,57,0.027766670761886665,0.16663334228745058,False
F1,3026,2,z_P,58,0.03576500836207228,0.1891163884016197,False
F1,3026,2,z_P,59,0.02293364240533471,0.15143857634478314,False
F1,3026,2,z_P,60,0.02264696286888645,0.15048907890237898,False
F1,3026,2,z_P,61,0.027736989918270203,0.16654425813659923,False
F1,3026,2,z_P,62,0.02037878769101682,0.14275429132259673,False
F1,3026,2,z_P,63,0.018942640703418355,0.1376322662147883,False
F1,3026,2,z_P,64,0.030966570967699857,0.17597321093763066,False
F1,3026,2,z_P,65,0.014937738082432091,0.12222003961066324,False
F1,3026,2,z_P,66,0.011034638347428115,0.10504588686582696,False
F1,3026,2,z_P,67,0.03134826923150907,0.17705442449006764,False
F1,3026,2,z_P,68,0.014400459095198397,0.12000191288141367,False
F1,3026,2,z_P,69,0.016297906469739488,0.12766325418748922,False
F1,3026,2,z_P,70,0.015839030307966805,0.12585320936697167,False
F1,3026,2,z_P,71,0.013762919831014022,0.1173154714051562,False
F1,3026,2,z_P,72,0.026376262845064564,0.1624077056209605,False
F1,3026,2,z_P,73,0.012723215290135733,0.1127972308620018,False
F1,3026,2,z_P,74,0.01759096047168796,0.13263091823435424,False
F1,3026,2,z_P,75,0.024436678000033074,0.15632235284831492,False
F1,3026,2,z_P,76,0.019455363426664613,0.139482484300591,False
F1,3026,2,z_P,77,0.027796619032478542,0.16672318084921048,False
F1,3026,2,z_P,78,0.01811412385624418,0.13458872113310305,False
F1,3026,2,z_P,79,0.02034557910496179,0.14263793010613196,False
F1,3026,2,z_P,80,0.02404964693565957,0.15507948586340997,False
F1,3026,2,z_P,81,0.020482615532438565,0.14311748856250436,False
F1,3026,2,z_P,82,0.02266537134034461,0.15055022862933357,False
F1,3026,2,z_P,83,0.01959036690119249,0.1399655918473983,False
F1,3026,2,z_P,84,0.009323898726872793,0.0965603372346679,False
F1,3026,2,z_P,85,0.05129887172851809,0.22649254232428512,False
F1,3026,2,z_P,86,0.014526234054463287,0.12052482754380231,False
F1,3026,2,z_P,87,0.019435273972433498,0.13941045144620076,False
F1,3026,2,z_P,88,0.0207875860235269,0.1441790068752275,False
F1,3026,2,z_P,89,0.031115315614220162,0.17639533898099508,False
F1,3026,2,z_P,90,0.01777089945777192,0.1333075371378975,False
F1,3026,2,z_P,91,0.030442323320712804,0.1744772859735983,False
F1,3026,2,z_P,92,0.029594883297824965,0.17203163458452914,False
F1,3026,2,z_P,93,0.023988012548553775,0.15488063968280147,False
F1,3026,2,z_P,94,0.023369202041054492,0.15286988598495943,False
F1,3026,2,z_P,95,0.04193844786191396,0.20478878841849218,False
F1,3026,3,z_R,0,0.9895714342978672,0.9947720514257863,False
F1,3026,3,z_R,1,1.6144586754190609,1.2706135035560817,False
F1,3026,3,z_R,2,0.17236705141870864,0.41517111101172327,False
F1,3026,3,z_R,3,0.5939444228487287,0.7706778982485022,False
F1,3026,3,z_R,4,1.857129855477133,1.3627655174229838,False
F1,3026,3,z_R,5,0.8593942579965494,0.9270351978196671,False
F1,3026,3,z_R,6,0.24808979835800857,0.49808613548061,False
F1,3026,3,z_R,7,0.4468532726901683,0.6684708465521652,False
F1,3026,3,z_R,8,0.2580985844509195,0.508034038673512,False
F1,3026,3,z_R,9,0.3128020330102154,0.5592870756688513,False
F1,3026,3,z_R,10,0.5702017451458153,0.7551170406935704,False
F1,3026,3,z_R,11,0.9920576382576036,0.9960209025204259,False
F1,3026,3,z_R,12,0.39802923543134594,0.6308955820350511,False
F1,3026,3,z_R,13,0.08135227635971244,0.2852232044552344,False
F1,3026,3,z_R,14,0.7736180140150559,0.8795555775589488,False
F1,3026,3,z_R,15,0.37145519423029216,0.6094712415120931,False
F1,3026,3,z_R,16,1.2457046996030392,1.1161114189914192,False
F1,3026,3,z_R,17,0.2905640603983866,0.5390399432309136,False
F1,3026,3,z_R,18,2.403700126225253,1.5503870891571734,False
F1,3026,3,z_R,19,0.3786509560946569,0.6153462083206955,False
F1,3026,3,z_R,20,0.4383790122089249,0.662101965114834,False
F1,3026,3,z_R,21,1.0777142045345904,1.0381301481676517,False
F1,3026,3,z_R,22,0.13666493752420755,0.3696822115333757,False
F1,3026,3,z_R,23,1.1918774403351957,1.091731395689982,False
F1,3026,3,z_R,24,0.3732867386050602,0.6109719622086272,False
F1,3026,3,z_R,25,1.0194821423787708,1.0096940835613384,False
F1,3026,3,z_R,26,0.5688161956461477,0.7541990424590499,False
F1,3026,3,z_R,27,1.6833550498629721,1.2974417327429282,False
F1,3026,3,z_R,28,2.2711560179692056,1.5070355065389818,False
F1,3026,3,z_R,29,0.39188397257891383,0.6260063678421441,False
F1,3026,3,z_R,30,0.6757327549349025,0.8220296557514835,False
F1,3026,3,z_R,31,0.853806262395472,0.9240163756100169,False
F1,3026,3,z_R,32,0.5176166893318597,0.7194558286176155,False
F1,3026,3,z_R,33,0.2893536002478481,0.5379159787995222,False
F1,3026,3,z_R,34,1.436487008042118,1.1985353595293373,False
F1,3026,3,z_R,35,0.3393222047211975,0.5825136948786677,False
F1,3026,3,z_R,36,3.6416647229121724,1.9083146289100685,False
F1,3026,3,z_R,37,0.5359869237772499,0.7321112782748602,False
F1,3026,3,z_R,38,0.5027700606463813,0.7090628044442758,False
F1,3026,3,z_R,39,0.4021825508226505,0.6341786426730646,False
F1,3026,3,z_R,40,1.9222221299950268,1.3864422562786476,False
F1,3026,3,z_R,41,0.9032377442861877,0.9503882071481041,False
F1,3026,3,z_R,42,0.3728749017898539,0.6106348350609011,False
F1,3026,3,z_R,43,0.5359450863792501,0.7320827046032778,False
F1,3026,3,z_R,44,0.7766030795044617,0.881250860711331,False
F1,3026,3,z_R,45,0.1814252568762904,0.4259404381792018,False
F1,3026,3,z_R,46,0.467647786921556,0.6838477805195803,False
F1,3026,3,z_R,47,0.43574704662602565,0.6601113895593876,False
F1,3026,3,z_R,48,0.22136308078420672,0.47049238121802434,False
F1,3026,3,z_R,49,0.7619622954665715,0.8729045168095829,False
F1,3026,3,z_R,50,0.47945100839173893,0.6924240091098365,False
F1,3026,3,z_R,51,0.15706147221112504,0.3963098184641973,False
F1,3026,3,z_R,52,0.16030419118073178,0.4003800584204111,False
F1,3026,3,z_R,53,0.7091136124580646,0.8420888388157538,False
F1,3026,3,z_R,54,0.06697279259363108,0.25879102108386814,False
F1,3026,3,z_R,55,1.0828918640030794,1.040620903116538,False
F1,3026,3,z_R,56,0.6314972538014437,0.794668014834776,False
F1,3026,3,z_R,57,1.063771978648328,1.0313932221264244,False
F1,3026,3,z_R,58,1.265496302280566,1.1249427995594115,False
F1,3026,3,z_R,59,0.2155964685505378,0.4643236678767708,False
F1,3026,3,z_R,60,0.20865779873376614,0.45679076034193833,False
F1,3026,3,z_R,61,0.6616985031489439,0.813448525199317,False
F1,3026,3,z_R,62,0.7324767357011108,0.8558485471747387,False
F1,3026,3,z_R,63,0.9156784100524346,0.9569108683949799,False
F1,3026,3,z_R,64,1.1607125565663385,1.0773637067241213,False
F1,3026,3,z_R,65,0.4029542296401489,0.6347867591877991,False
F1,3026,3,z_R,66,0.7280924385957344,0.8532833284412243,False
F1,3026,3,z_R,67,0.3293804589659021,0.5739167700685371,False
F1,3026,3,z_R,68,0.26641916891147444,0.5161580851943273,False
F1,3026,3,z_R,69,0.4630363950484926,0.6804677766422834,False
F1,3026,3,z_R,70,0.11286230882227219,0.33594986057784304,False
F1,3026,3,z_R,71,1.0717366338584051,1.035247136609614,False
F1,3026,3,z_R,72,0.6635573233128412,0.8145902794121971,False
F1,3026,3,z_R,73,1.1592472599779293,1.0766834539352452,False
F1,3026,3,z_R,74,2.073564047112289,1.4399875163043216,False
F1,3026,3,z_R,75,2.7697218589111174,1.6642481362198118,False
F1,3026,3,z_R,76,0.7902372700506826,0.8889529065426821,False
F1,3026,3,z_R,77,1.2058905772793629,1.0981304919176786,False
F1,3026,3,z_R,78,0.3351372986563413,0.5789104409633162,False
F1,3026,3,z_R,79,0.37307537195276097,0.610798961977475,False
F1,3026,3,z_R,80,1.7715846954368237,1.331008901336435,False
F1,3026,3,z_R,81,0.28156974259146766,0.5306314564662254,False
F1,3026,3,z_R,82,0.665248379541078,0.8156275985651037,False
F1,3026,3,z_R,83,0.39330707065387,0.6271419860397405,False
F1,3026,3,z_R,84,0.5520500553512641,0.743000710195666,False
F1,3026,3,z_R,85,0.3463398634304932,0.588506468469543,False
F1,3026,3,z_R,86,0.6703988091935826,0.8187788524342715,False
F1,3026,3,z_R,87,1.6397678791139962,1.2805342162995865,False
F1,3026,3,z_R,88,0.2171381674504274,0.4659808659702965,False
F1,3026,3,z_R,89,0.2228510882494156,0.4720710627113418,False
F1,3026,3,z_R,90,0.18916435321269098,0.43493028546272905,False
F1,3026,3,z_R,91,0.7381159148312456,0.8591367265058837,False
F1,3026,3,z_R,92,0.21231461021608164,0.46077609553456833,False
F1,3026,3,z_R,93,0.2166648900172284,0.4654727596940861,False
F1,3026,3,z_R,94,0.30938651751076324,0.556225239908046,False
F1,3026,3,z_R,95,0.17199066873800636,0.41471757707867457,False
F1,3026,3,z_P,0,0.017018027559039594,0.13045316231904688,False
F1,3026,3,z_P,1,0.019604742539421335,0.14001693661632986,False
F1,3026,3,z_P,2,0.007993038064858592,0.0894037922286219,False
F1,3026,3,z_P,3,0.020696304946015816,0.14386210392600204,False
F1,3026,3,z_P,4,0.01515104207630703,0.12308956932375315,False
F1,3026,3,z_P,5,0.017767174140787375,0.13329356376354928,False
F1,3026,3,z_P,6,0.01329811905600363,0.1153174707319044,False
F1,3026,3,z_P,7,0.012592401920274339,0.11221587196236697,False
F1,3026,3,z_P,8,0.01887158390820905,0.1373738836468164,False
F1,3026,3,z_P,9,0.012196810527473342,0.11043917116437148,False
F1,3026,3,z_P,10,0.006052901293526447,0.07780039391626785,False
F1,3026,3,z_P,11,0.010464201314572763,0.10229467881846427,False
F1,3026,3,z_P,12,0.007743235683800801,0.08799565718716351,False
F1,3026,3,z_P,13,0.02195655563313489,0.14817744643883862,False
F1,3026,3,z_P,14,0.009289791343760505,0.09638356365978851,False
F1,3026,3,z_P,15,0.009537578088779666,0.0976605247209929,False
F1,3026,3,z_P,16,0.010323897583271045,0.10160658238161072,False
F1,3026,3,z_P,17,0.022518829043942288,0.15006275035445102,False
F1,3026,3,z_P,18,0.009202521204971791,0.09592977225539416,False
F1,3026,3,z_P,19,0.013185977632871878,0.11483021219553623,False
F1,3026,3,z_P,20,0.009944643879765024,0.09972283529746347,False
F1,3026,3,z_P,21,0.0063905778662989195,0.07994108997442378,False
F1,3026,3,z_P,22,0.008699198382883971,0.0932694933131084,False
F1,3026,3,z_P,23,0.017340997023979093,0.13168521945905354,False
F1,3026,3,z_P,24,0.013944269956311386,0.1180858584095123,False
F1,3026,3,z_P,25,0.01125056048022597,0.10606865927419828,False
F1,3026,3,z_P,26,0.007525987522177708,0.08675244966096178,False
F1,3026,3,z_P,27,0.006097599674701233,0.07808712873900046,False
F1,3026,3,z_P,28,0.008170427243065716,0.09039041565932594,False
F1,3026,3,z_P,29,0.02396126610319838,0.15479427025312784,False
F1,3026,3,z_P,30,0.015384037132037493,0.12403240355664118,False
F1,3026,3,z_P,31,0.009857716991868753,0.09928603623807707,False
F1,3026,3,z_P,32,0.01260201674976515,0.11225870456122834,False
F1,3026,3,z_P,33,0.008550886156289657,0.09247100170480288,False
F1,3026,3,z_P,34,0.012706287862860164,0.11272217112378631,False
F1,3026,3,z_P,35,0.008604739837909813,0.0927617369280557,False
F1,3026,3,z_P,36,0.011572437625016276,0.1075752649311926,False
F1,3026,3,z_P,37,0.008898706650710053,0.09433295633398782,False
F1,3026,3,z_P,38,0.0173462889815159,0.13170531113632397,False
F1,3026,3,z_P,39,0.02126566242109936,0.14582750913699158,False
F1,3026,3,z_P,40,0.014014489099585902,0.1183828074493332,False
F1,3026,3,z_P,41,0.013181235388786797,0.11480956139967959,False
F1,3026,3,z_P,42,0.0302507587167732,0.17392745245295005,False
F1,3026,3,z_P,43,0.006280187607239201,0.07924763471069153,False
F1,3026,3,z_P,44,0.01297729059756736,0.11391791166259746,False
F1,3026,3,z_P,45,0.028058377633483105,0.16750635102432118,False
F1,3026,3,z_P,46,0.009788465379904746,0.09893667358419095,False
F1,3026,3,z_P,47,0.012148157967627972,0.11021868248000415,False
F1,3026,3,z_P,48,0.021914945917384923,0.1480369748319146,False
F1,3026,3,z_P,49,0.009308994244918713,0.09648312932797481,False
F1,3026,3,z_P,50,0.020310998614315057,0.14251666083063783,False
F1,3026,3,z_P,51,0.012649652754465343,0.11247067508673247,False
F1,3026,3,z_P,52,0.0104423572061008,0.10218785253688817,False
F1,3026,3,z_P,53,0.028538925476969453,0.16893467813616436,False
F1,3026,3,z_P,54,0.015675284957595483,0.1252009782613358,False
F1,3026,3,z_P,55,0.008718667023846542,0.09337380266352303,False
F1,3026,3,z_P,56,0.014321255821940531,0.11967144948541623,False
F1,3026,3,z_P,57,0.025287609869742773,0.15902078439544554,False
F1,3026,3,z_P,58,0.025847941508773148,0.16077295017748833,False
F1,3026,3,z_P,59,0.013214490031558277,0.11495429540281771,False
F1,3026,3,z_P,60,0.017201438323988186,0.13115425393020308,False
F1,3026,3,z_P,61,0.009057887252401113,0.09517293340231303,False
F1,3026,3,z_P,62,0.011598128799123343,0.10769460896035299,False
F1,3026,3,z_P,63,0.02179680221856577,0.14763740115081195,False
F1,3026,3,z_P,64,0.01646761480133084,0.12832620465567757,False
F1,3026,3,z_P,65,0.01789607554688878,0.13377621442875703,False
F1,3026,3,z_P,66,0.014116457410646946,0.11881269886105165,False
F1,3026,3,z_P,67,0.02045764376993611,0.14303021977867514,False
F1,3026,3,z_P,68,0.012524681437991663,0.11191372318885501,False
F1,3026,3,z_P,69,0.020692430389105527,0.14384863707767803,False
F1,3026,3,z_P,70,0.020407514221407547,0.1428548711854361,False
F1,3026,3,z_P,71,0.01744956015129822,0.13209678327384894,False
F1,3026,3,z_P,72,0.012883142475868744,0.11350393154366391,False
F1,3026,3,z_P,73,0.017287434470124395,0.13148168872555752,False
F1,3026,3,z_P,74,0.013687961677683486,0.11699556264099714,False
F1,3026,3,z_P,75,0.006221459250810982,0.07887622741238948,False
F1,3026,3,z_P,76,0.010549729101541082,0.10271187419934018,False
F1,3026,3,z_P,77,0.012301943960864953,0.11091412877025611,False
F1,3026,3,z_P,78,0.014001650798094055,0.1183285713515297,False
F1,3026,3,z_P,79,0.012153703623317299,0.11024383712170625,False
F1,3026,3,z_P,80,0.0069373559085821115,0.08329079125919091,False
F1,3026,3,z_P,81,0.010031355247380523,0.10015665353525208,False
F1,3026,3,z_P,82,0.01608156858188663,0.12681312464365282,False
F1,3026,3,z_P,83,0.017194020517773027,0.13112597194214817,False
F1,3026,3,z_P,84,0.021191697133033004,0.14557368283118005,False
F1,3026,3,z_P,85,0.006788491668662594,0.0823923034552536,False
F1,3026,3,z_P,86,0.011909652042705927,0.10913135224446698,False
F1,3026,3,z_P,87,0.021220492035410266,0.1456725507273428,False
F1,3026,3,z_P,88,0.007942993487180174,0.08912347326703653,False
F1,3026,3,z_P,89,0.014996682714089337,0.12246094362730241,False
F1,3026,3,z_P,90,0.014871670651952437,0.12194945941640101,False
F1,3026,3,z_P,91,0.010851840200541026,0.1041721661507575,False
F1,3026,3,z_P,92,0.012231015535106473,0.11059392178192468,False
F1,3026,3,z_P,93,0.01922364161106582,0.1386493476763083,False
F1,3026,3,z_P,94,0.02744813316720415,0.16567478132535485,False
F1,3026,3,z_P,95,0.011321584399937067,0.10640293416977309,False
F1,3026,4,z_R,0,0.6905522875208385,0.830994757817905,False
F1,3026,4,z_R,1,0.6920214026460397,0.8318782378726106,False
F1,3026,4,z_R,2,0.5371173948724078,0.7328829339481223,False
F1,3026,4,z_R,3,0.4828376265105608,0.6948651858530263,False
F1,3026,4,z_R,4,1.0688581178287746,1.0338559463623425,False
F1,3026,4,z_R,5,1.6579582778028599,1.287617287008395,False
F1,3026,4,z_R,6,1.1312127908285823,1.0635848771154008,False
F1,3026,4,z_R,7,0.7770633779128615,0.8815119839870933,False
F1,3026,4,z_R,8,0.33296206392486194,0.5770286508700083,False
F1,3026,4,z_R,9,1.0299615078444024,1.0148701926081003,False
F1,3026,4,z_R,10,0.6173276677275978,0.785702022224455,False
F1,3026,4,z_R,11,0.2076177685757212,0.4556509284262693,False
F1,3026,4,z_R,12,0.3218304090413977,0.5673009862862902,False
F1,3026,4,z_R,13,0.23031416923054865,0.47991058462024844,False
F1,3026,4,z_R,14,0.7411377851705699,0.860893596892537,False
F1,3026,4,z_R,15,0.14781418058467155,0.38446609809536075,False
F1,3026,4,z_R,16,1.1017091357493232,1.0496233304139744,False
F1,3026,4,z_R,17,0.15192073903778405,0.3897701104982064,False
F1,3026,4,z_R,18,0.24388228091527725,0.4938443893730871,False
F1,3026,4,z_R,19,0.2950370569668193,0.5431731371918344,False
F1,3026,4,z_R,20,2.018916086675789,1.4208856698115402,False
F1,3026,4,z_R,21,0.3942584197893961,0.6279000077953464,False
F1,3026,4,z_R,22,0.7021562366927568,0.8379476336220282,False
F1,3026,4,z_R,23,1.8846245999898534,1.3728163023470596,False
F1,3026,4,z_R,24,0.5003816981392168,0.707376631038386,False
F1,3026,4,z_R,25,0.5170726212118603,0.7190776183499666,False
F1,3026,4,z_R,26,0.1935909522197277,0.4399897183113802,False
F1,3026,4,z_R,27,2.0080233908022835,1.4170474200965484,False
F1,3026,4,z_R,28,0.40852051924186583,0.6391560992761204,False
F1,3026,4,z_R,29,0.7354232509200177,0.8575682193971612,False
F1,3026,4,z_R,30,1.0060534287957592,1.0030221477094907,False
F1,3026,4,z_R,31,1.4045810155775225,1.1851502080232372,False
F1,3026,4,z_R,32,0.6058917443327972,0.7783904831977311,False
F1,3026,4,z_R,33,1.2863475863349603,1.1341726439722306,False
F1,3026,4,z_R,34,2.5015339531330754,1.581623834270676,False
F1,3026,4,z_R,35,0.9188503164077663,0.958566803309903,False
F1,3026,4,z_R,36,0.4623293374906405,0.6799480402873741,False
F1,3026,4,z_R,37,0.1952200936343848,0.44183718000456323,False
F1,3026,4,z_R,38,0.7613139765704232,0.8725330805020651,False
F1,3026,4,z_R,39,0.8319555048014347,0.9121159492089997,False
F1,3026,4,z_R,40,1.0555153793222425,1.0273827813051193,False
F1,3026,4,z_R,41,0.3298004013998831,0.5742825100940155,False
F1,3026,4,z_R,42,0.9928114801882464,0.9963992574205615,False
F1,3026,4,z_R,43,0.243736236021099,0.4936965019332211,False
F1,3026,4,z_R,44,0.41154756800370784,0.6415197331366416,False
F1,3026,4,z_R,45,1.1398442143321426,1.0676348693875366,False
F1,3026,4,z_R,46,0.4534744862653419,0.6734051427375216,False
F1,3026,4,z_R,47,1.80849813547516,1.3448041253190592,False
F1,3026,4,z_R,48,0.639497725511666,0.7996860168288964,False
F1,3026,4,z_R,49,1.5051078970318508,1.2268283893975762,False
F1,3026,4,z_R,50,0.45522394362777496,0.6747028558022968,False
F1,3026,4,z_R,51,0.9644477163276194,0.9820629899999386,False
F1,3026,4,z_R,52,0.8532674809456335,0.9237247863653077,False
F1,3026,4,z_R,53,0.13901489783802987,0.37284701666773445,False
F1,3026,4,z_R,54,0.48964905403179204,0.6997492794078405,False
F1,3026,4,z_R,55,0.6695367354505223,0.8182522443907638,False
F1,3026,4,z_R,56,0.20094149005103576,0.4482649774977248,False
F1,3026,4,z_R,57,0.22190050068298675,0.4710631599721918,False
F1,3026,4,z_R,58,2.2073529368268163,1.4857163042878732,False
F1,3026,4,z_R,59,0.9333979321896105,0.9661252155852318,False
F1,3026,4,z_R,60,0.5150115017455282,0.717643018321455,False
F1,3026,4,z_R,61,0.6196088548233233,0.7871523707792052,False
F1,3026,4,z_R,62,2.0279488834250667,1.4240607021560094,False
F1,3026,4,z_R,63,0.23486139978029055,0.4846250094457472,False
F1,3026,4,z_R,64,0.3064698187913975,0.5535971629184867,False
F1,3026,4,z_R,65,0.3393245392141826,0.5825156986847502,False
F1,3026,4,z_R,66,1.6544271757097626,1.2862453792763504,False
F1,3026,4,z_R,67,0.9983376843188609,0.9991684964603622,False
F1,3026,4,z_R,68,0.1412867636627021,0.3758813159265862,False
F1,3026,4,z_R,69,0.34792556433088223,0.5898521546378229,False
F1,3026,4,z_R,70,0.2423566781954129,0.4922973473373718,False
F1,3026,4,z_R,71,1.4566703929052762,1.2069260097061776,False
F1,3026,4,z_R,72,0.5032146752421699,0.7093762578788283,False
F1,3026,4,z_R,73,0.29063679165324807,0.5391074027067779,False
F1,3026,4,z_R,74,0.4190430041309856,0.647335310431144,False
F1,3026,4,z_R,75,2.1933442985301728,1.4809943614106613,False
F1,3026,4,z_R,76,0.113361004700208,0.3366912602076389,False
F1,3026,4,z_R,77,0.5072239681286627,0.712196579694583,False
F1,3026,4,z_R,78,0.766593755914317,0.8755533998074115,False
F1,3026,4,z_R,79,0.9154903902002515,0.9568126202137237,False
F1,3026,4,z_R,80,0.43073133088226623,0.656301250099576,False
F1,3026,4,z_R,81,0.634453329188024,0.7965257868945763,False
F1,3026,4,z_R,82,0.6654601152957957,0.8157573875214345,False
F1,3026,4,z_R,83,0.1316987471696068,0.362903220114684,False
F1,3026,4,z_R,84,1.343909871749042,1.1592712675422616,False
F1,3026,4,z_R,85,0.5940441383050827,0.7707425888745754,False
F1,3026,4,z_R,86,2.2004602810450162,1.4833948500129748,False
F1,3026,4,z_R,87,0.24026834148713902,0.49017174692870563,False
F1,3026,4,z_R,88,0.11716462799513946,0.34229319010920956,False
F1,3026,4,z_R,89,0.24352966806652937,0.49348725218239364,False
F1,3026,4,z_R,90,0.3263355759740089,0.5712578892006734,False
F1,3026,4,z_R,91,0.27853780706596365,0.5277668112584986,False
F1,3026,4,z_R,92,0.49184853793164424,0.701319141284226,False
F1,3026,4,z_R,93,0.511325983764314,0.7150706145300015,False
F1,3026,4,z_R,94,0.4994141587161449,0.706692407427832,False
F1,3026,4,z_R,95,1.013568903994064,1.006761592430931,False
F1,3026,4,z_P,0,0.02164010024566215,0.14710574511439772,False
F1,3026,4,z_P,1,0.015996558343585213,0.12647750133357796,False
F1,3026,4,z_P,2,0.008925957529546929,0.09447728578630384,False
F1,3026,4,z_P,3,0.01300756085068258,0.11405069421394409,False
F1,3026,4,z_P,4,0.011595512655902302,0.10768246215564678,False
F1,3026,4,z_P,5,0.024823121053719466,0.15755354979726566,False
F1,3026,4,z_P,6,0.028125609840360513,0.16770691649529698,False
F1,3026,4,z_P,7,0.01934448960122754,0.13908446930274976,False
F1,3026,4,z_P,8,0.009506201477334095,0.09749975116549833,False
F1,3026,4,z_P,9,0.01812470992336766,0.13462804285648536,False
F1,3026,4,z_P,10,0.015255692227153613,0.12351393535611119,False
F1,3026,4,z_P,11,0.03339059888220116,0.18273094670088358,False
F1,3026,4,z_P,12,0.017457127167068733,0.13212542210743825,False
F1,3026,4,z_P,13,0.03963618581794452,0.1990883869489743,False
F1,3026,4,z_P,14,0.008867605128715643,0.09416796232644967,False
F1,3026,4,z_P,15,0.01422741159692528,0.11927871393054705,False
F1,3026,4,z_P,16,0.02030943974562214,0.1425111916504179,False
F1,3026,4,z_P,17,0.011841679197242598,0.10881947986111033,False
F1,3026,4,z_P,18,0.02908720306080114,0.17054970847468823,False
F1,3026,4,z_P,19,0.018545381594522257,0.13618142896343194,False
F1,3026,4,z_P,20,0.01700756564434795,0.13041305779847334,False
F1,3026,4,z_P,21,0.011399525025143726,0.10676855822358812,False
F1,3026,4,z_P,22,0.011309305796613017,0.10634521990485993,False
F1,3026,4,z_P,23,0.019506756380621822,0.1396665900658487,False
F1,3026,4,z_P,24,0.015327873122631694,0.1238057879205641,False
F1,3026,4,z_P,25,0.020447115273449036,0.14299340989517326,False
F1,3026,4,z_P,26,0.01352794560348488,0.11630969694520264,False
F1,3026,4,z_P,27,0.03287123932597125,0.1813042727736201,False
F1,3026,4,z_P,28,0.015478870032295896,0.12441410704697396,False
F1,3026,4,z_P,29,0.007430025860354802,0.08619759776440873,False
F1,3026,4,z_P,30,0.01783762745016958,0.13355758102844473,False
F1,3026,4,z_P,31,0.01312301021981948,0.11455570793207766,False
F1,3026,4,z_P,32,0.019226637001923917,0.13866014929288054,False
F1,3026,4,z_P,33,0.011303525545191002,0.10631803960378032,False
F1,3026,4,z_P,34,0.013802621320525418,0.11748455779601598,False
F1,3026,4,z_P,35,0.0076880933797641585,0.0876817733611961,False
F1,3026,4,z_P,36,0.012981583129134795,0.11393675056422661,False
F1,3026,4,z_P,37,0.011672393009134738,0.10803884953633455,False
F1,3026,4,z_P,38,0.023773464140873425,0.15418645900620917,False
F1,3026,4,z_P,39,0.010884707572943169,0.10432980194049622,False
F1,3026,4,z_P,40,0.01736688249811966,0.1317834682276941,False
F1,3026,4,z_P,41,0.021006009771305643,0.14493450165956223,False
F1,3026,4,z_P,42,0.017099353193953986,0.1307644951581047,False
F1,3026,4,z_P,43,0.011437843072003101,0.10694785211495882,False
F1,3026,4,z_P,44,0.008201875506512295,0.09056420654161497,False
F1,3026,4,z_P,45,0.02131775116564034,0.1460059970194387,False
F1,3026,4,z_P,46,0.01623217595512349,0.12740555700252437,False
F1,3026,4,z_P,47,0.029985711898546683,0.17316382964853452,False
F1,3026,4,z_P,48,0.036119340602584815,0.19005088950748117,False
F1,3026,4,z_P,49,0.012589855429367582,0.1122045249950624,False
F1,3026,4,z_P,50,0.02686295138240844,0.16389921104876753,False
F1,3026,4,z_P,51,0.0227490148355024,0.15082776546611834,False
F1,3026,4,z_P,52,0.021336178379125104,0.1460690876918354,False
F1,3026,4,z_P,53,0.0180863082465136,0.13448534584300847,False
F1,3026,4,z_P,54,0.006909153452221043,0.0831213176761596,False
F1,3026,4,z_P,55,0.016886592425932996,0.12994842217561933,False
F1,3026,4,z_P,56,0.01043310084809017,0.10214255160358082,False
F1,3026,4,z_P,57,0.013053105323153697,0.1142501874097093,False
F1,3026,4,z_P,58,0.009289126810332457,0.09638011626021446,False
F1,3026,4,z_P,59,0.012730250590856527,0.1128284121613724,False
F1,3026,4,z_P,60,0.026550445110960802,0.1629430732217875,False
F1,3026,4,z_P,61,0.031086565246959134,0.17631382602325643,False
F1,3026,4,z_P,62,0.014897240895002217,0.12205425389965815,False
F1,3026,4,z_P,63,0.023579537190185035,0.15355629974112112,False
F1,3026,4,z_P,64,0.02368081493392018,0.1538857203704105,False
F1,3026,4,z_P,65,0.011267437487172372,0.10614818645258323,False
F1,3026,4,z_P,66,0.013396449487587699,0.11574303213406714,False
F1,3026,4,z_P,67,0.034190536664079146,0.1849068323888524,False
F1,3026,4,z_P,68,0.02015060460369159,0.14195282527548223,False
F1,3026,4,z_P,69,0.02485704007470151,0.15766115588407156,False
F1,3026,4,z_P,70,0.01653737903904505,0.1285977411895133,False
F1,3026,4,z_P,71,0.02123261156543826,0.14571414332671437,False
F1,3026,4,z_P,72,0.024085457496762958,0.15519490164552108,False
F1,3026,4,z_P,73,0.034985587998140305,0.18704434767760372,False
F1,3026,4,z_P,74,0.014507767942510805,0.12044819609488058,False
F1,3026,4,z_P,75,0.006447469760891614,0.08029613789524136,False
F1,3026,4,z_P,76,0.024272795617112902,0.15579729014688576,False
F1,3026,4,z_P,77,0.02662495935597489,0.16317156417701856,False
F1,3026,4,z_P,78,0.011440027380399639,0.10695806365300205,False
F1,3026,4,z_P,79,0.030302686205521134,0.17407666760804313,False
F1,3026,4,z_P,80,0.009692005128470942,0.0984479818405179,False
F1,3026,4,z_P,81,0.013286798890534164,0.1152683776693945,False
F1,3026,4,z_P,82,0.021979658442981064,0.14825538250930745,False
F1,3026,4,z_P,83,0.010041812413559878,0.10020884398874122,False
F1,3026,4,z_P,84,0.019631361345353055,0.1401119600367972,False
F1,3026,4,z_P,85,0.01836401961626917,0.13551390930922616,False
F1,3026,4,z_P,86,0.018821985415743078,0.137193241144537,False
F1,3026,4,z_P,87,0.007021759393095484,0.08379593900121583,False
F1,3026,4,z_P,88,0.01657489581413499,0.12874352727083016,False
F1,3026,4,z_P,89,0.019411467496167085,0.13932504260242337,False
F1,3026,4,z_P,90,0.010476610034471603,0.10235531268318027,False
F1,3026,4,z_P,91,0.038593317208452535,0.19645181905101447,False
F1,3026,4,z_P,92,0.022984901724266475,0.15160772316826895,False
F1,3026,4,z_P,93,0.022596601859474,0.15032166131158212,False
F1,3026,4,z_P,94,0.05970397454627853,0.24434396768956365,False
F1,3026,4,z_P,95,0.013607930430088629,0.11665303438011644,False
F2,3026,0,z_R,0,0.26893963974468965,0.5185939063898549,False
F2,3026,0,z_R,1,0.11711289148905027,0.34221760838543985,False
F2,3026,0,z_R,2,1.0177629309123428,1.0088423716876402,False
F2,3026,0,z_R,3,1.318497694813862,1.1482585487658528,False
F2,3026,0,z_R,4,0.22538363813565893,0.4747458668968682,False
F2,3026,0,z_R,5,0.14505515740575525,0.3808610736288959,False
F2,3026,0,z_R,6,0.7640260399189505,0.8740858309794013,False
F2,3026,0,z_R,7,2.2697216319704734,1.5065595348244534,False
F2,3026,0,z_R,8,1.9127969600702808,1.3830390305664844,False
F2,3026,0,z_R,9,0.5010749474929976,0.707866475751605,False
F2,3026,0,z_R,10,0.3751081558046973,0.612460738174046,False
F2,3026,0,z_R,11,0.4222413737473107,0.6498010262744364,False
F2,3026,0,z_R,12,0.3281444711266487,0.5728389574100636,False
F2,3026,0,z_R,13,1.6259497817858493,1.2751273590453032,False
F2,3026,0,z_R,14,0.6781592637298751,0.8235042584770738,False
F2,3026,0,z_R,15,0.3753644935532482,0.6126699711535144,False
F2,3026,0,z_R,16,0.44628630777959954,0.6680466359316538,False
F2,3026,0,z_R,17,0.4020726952631792,0.6340920242860488,False
F2,3026,0,z_R,18,0.9051261465884155,0.9513811783866736,False
F2,3026,0,z_R,19,0.9964730066728147,0.9982349456279391,False
F2,3026,0,z_R,20,0.715096797866762,0.845633962105805,False
F2,3026,0,z_R,21,0.5673136664467386,0.7532022745894615,False
F2,3026,0,z_R,22,0.6003674972474252,0.7748338513819755,False
F2,3026,0,z_R,23,0.905507700595916,0.9515816836172899,False
F2,3026,0,z_R,24,1.2197603506074204,1.1044276122079801,False
F2,3026,0,z_R,25,0.436212911657685,0.6604641637951941,False
F2,3026,0,z_R,26,1.8818413791756041,1.3718022376332546,False
F2,3026,0,z_R,27,0.45212103514774693,0.6723994609960264,False
F2,3026,0,z_R,28,1.236479196588192,1.1119708613934953,False
F2,3026,0,z_R,29,0.41325428145784515,0.6428485680608188,False
F2,3026,0,z_R,30,0.9718607324693632,0.9858299713791234,False
F2,3026,0,z_R,31,0.455953854782937,0.6752435521964922,False
F2,3026,0,z_R,32,0.2314984841914816,0.48114289373478397,False
F2,3026,0,z_R,33,0.5961693189431172,0.7721200158933307,False
F2,3026,0,z_R,34,0.1970303473345771,0.4438810058276622,False
F2,3026,0,z_R,35,0.34674484101965136,0.5888504402814447,False
F2,3026,0,z_R,36,0.1999724238870054,0.4471827634055291,False
F2,3026,0,z_R,37,0.3376424692324323,0.5810701069857511,False
F2,3026,0,z_R,38,0.5521641935852469,0.7430775151928949,False
F2,3026,0,z_R,39,0.46384674442507967,0.6810629518811603,False
F2,3026,0,z_R,40,0.3080931905390734,0.5550614295184574,False
F2,3026,0,z_R,41,0.3417819329706872,0.584621187582769,False
F2,3026,0,z_R,42,0.21699779634485933,0.46583022266149643,False
F2,3026,0,z_R,43,0.2693675523097932,0.5190063123987927,False
F2,3026,0,z_R,44,0.7187345709301639,0.8477821482728708,False
F2,3026,0,z_R,45,0.9602700033189213,0.9799336729181835,False
F2,3026,0,z_R,46,0.315552803851089,0.5617408689521255,False
F2,3026,0,z_R,47,0.5268210792820475,0.7258244135340499,False
F2,3026,0,z_R,48,0.7385588234278301,0.8593944515924163,False
F2,3026,0,z_R,49,1.4388056489783076,1.199502250509897,False
F2,3026,0,z_R,50,0.4907497163484116,0.7005353069963081,False
F2,3026,0,z_R,51,0.1437696639185845,0.3791697033237024,False
F2,3026,0,z_R,52,0.604277430869122,0.777352835505938,False
F2,3026,0,z_R,53,0.6690328224609093,0.8179442661091948,False
F2,3026,0,z_R,54,0.272637602346614,0.5221471079558078,False
F2,3026,0,z_R,55,1.1849246746143562,1.0885424542085422,False
F2,3026,0,z_R,56,0.5731249769980121,0.7570501812944846,False
F2,3026,0,z_R,57,0.13785515855438088,0.3712885112070947,False
F2,3026,0,z_R,58,0.8158655706360363,0.903252772282508,False
F2,3026,0,z_R,59,0.8545442666223327,0.9244156352108789,False
F2,3026,0,z_R,60,0.1523236035526192,0.3902865659392073,False
F2,3026,0,z_R,61,1.5834077774271127,1.258335319947395,False
F2,3026,0,z_R,62,0.17752263559492662,0.421334351311315,False
F2,3026,0,z_R,63,0.43370509847219907,0.6585629039599779,False
F2,3026,0,z_R,64,1.2206739133466997,1.1048411258396837,False
F2,3026,0,z_R,65,0.3307530706567136,0.5751113550058924,False
F2,3026,0,z_R,66,0.4994738612895842,0.7067346470137036,False
F2,3026,0,z_R,67,1.5293876046135246,1.2366841167466835,False
F2,3026,0,z_R,68,0.9955126075915167,0.9977537810459636,False
F2,3026,0,z_R,69,0.6702586709417937,0.818693270365522,False
F2,3026,0,z_R,70,0.34536994197609805,0.5876818373712923,False
F2,3026,0,z_R,71,0.895361281247918,0.9462353202284927,False
F2,3026,0,z_R,72,0.8305917987040228,0.911368091774132,False
F2,3026,0,z_R,73,0.5390839491456186,0.7342233646143513,False
F2,3026,0,z_R,74,0.9537781877729254,0.9766156806917066,False
F2,3026,0,z_R,75,0.7600304883449539,0.8717972747978476,False
F2,3026,0,z_R,76,0.405457968247012,0.6367558152439693,False
F2,3026,0,z_R,77,0.5161279835542967,0.7184204782397956,False
F2,3026,0,z_R,78,0.35969185114830765,0.5997431543155016,False
F2,3026,0,z_R,79,0.273899862121253,0.5233544325992214,False
F2,3026,0,z_R,80,0.32024887091459087,0.5659053550856281,False
F2,3026,0,z_R,81,2.7576285158738765,1.6606108863529339,False
F2,3026,0,z_R,82,0.9127779124440758,0.9553941136746007,False
F2,3026,0,z_R,83,0.17613612036244106,0.41968574000368547,False
F2,3026,0,z_R,84,0.21310465722794447,0.46163259983231736,False
F2,3026,0,z_R,85,0.6629291870070738,0.8142046346018142,False
F2,3026,0,z_R,86,0.2143277226516962,0.46295542188389605,False
F2,3026,0,z_R,87,0.8218358359499329,0.9065516179181045,False
F2,3026,0,z_R,88,1.3236343529787824,1.150493091234703,False
F2,3026,0,z_R,89,0.3102802007441872,0.5570280071452307,False
F2,3026,0,z_R,90,0.33618264367374506,0.5798125935798093,False
F2,3026,0,z_R,91,0.47346647525327656,0.6880890024213994,False
F2,3026,0,z_R,92,0.6578159188991837,0.8110585175554127,False
F2,3026,0,z_R,93,0.2267057928581157,0.47613631751643953,False
F2,3026,0,z_R,94,0.6428744841770753,0.801794539877315,False
F2,3026,0,z_R,95,1.3797645608179356,1.1746337986019029,False
F2,3026,0,z_P,0,0.023471932143393277,0.15320552256166642,False
F2,3026,0,z_P,1,0.04322604389361681,0.20790873933920337,False
F2,3026,0,z_P,2,0.01406642893839989,0.11860197695822734,False
F2,3026,0,z_P,3,0.013133613853095708,0.11460198014474142,False
F2,3026,0,z_P,4,0.0265203701716812,0.16285076042708918,False
F2,3026,0,z_P,5,0.031086119653227044,0.17631256238063991,False
F2,3026,0,z_P,6,0.03542840792038956,0.18822435527951625,False
F2,3026,0,z_P,7,0.026908521697590677,0.1640381714650303,False
F2,3026,0,z_P,8,0.01947921978311751,0.139567975492652,False
F2,3026,0,z_P,9,0.017147735998133587,0.1309493642524987,False
F2,3026,0,z_P,10,0.018473664236966014,0.13591785841811227,False
F2,3026,0,z_P,11,0.013299076329269325,0.11532162125668077,False
F2,3026,0,z_P,12,0.012390741107934406,0.11131370584045078,False
F2,3026,0,z_P,13,0.01554768178720187,0.12469034360046438,False
F2,3026,0,z_P,14,0.010330019962682945,0.10163670578429303,False
F2,3026,0,z_P,15,0.021497165870141974,0.14661911836504124,False
F2,3026,0,z_P,16,0.020655729948753386,0.14372101429072015,False
F2,3026,0,z_P,17,0.021717045860478627,0.1473670446893695,False
F2,3026,0,z_P,18,0.02521915898459233,0.15880541232776776,False
F2,3026,0,z_P,19,0.016644109745387187,0.12901205271364063,False
F2,3026,0,z_P,20,0.0157196726197348,0.12537811858428408,False
F2,3026,0,z_P,21,0.03317887094511676,0.1821506819781819,False
F2,3026,0,z_P,22,0.01658840276134903,0.12879597338950094,False
F2,3026,0,z_P,23,0.018480803596361204,0.13594411938867088,False
F2,3026,0,z_P,24,0.02110373591712166,0.14527124945123057,False
F2,3026,0,z_P,25,0.01092029426304099,0.10450021178467052,False
F2,3026,0,z_P,26,0.017788907346057304,0.13337506268436128,False
F2,3026,0,z_P,27,0.017450984243982833,0.13210217350211476,False
F2,3026,0,z_P,28,0.023300199857183776,0.15264402987730563,False
F2,3026,0,z_P,29,0.015908788105465164,0.12613004442029332,False
F2,3026,0,z_P,30,0.027675152543955434,0.16635850607635136,False
F2,3026,0,z_P,31,0.024114970235283084,0.15528995535862286,False
F2,3026,0,z_P,32,0.021265063752370948,0.14582545646206957,False
F2,3026,0,z_P,33,0.019317962647957466,0.13898907384380063,False
F2,3026,0,z_P,34,0.010861015311718701,0.10421619505488915,False
F2,3026,0,z_P,35,0.032412219377459035,0.18003393951546756,False
F2,3026,0,z_P,36,0.024285491920865408,0.15583803104783314,False
F2,3026,0,z_P,37,0.02454091267554417,0.15665539465828865,False
F2,3026,0,z_P,38,0.023371769521408882,0.1528782833544676,False
F2,3026,0,z_P,39,0.02052436175522556,0.1432632603120059,False
F2,3026,0,z_P,40,0.016701493982452673,0.12923426009558253,False
F2,3026,0,z_P,41,0.029589258491320984,0.17201528563276283,False
F2,3026,0,z_P,42,0.025558546309898317,0.15987040473426692,False
F2,3026,0,z_P,43,0.029125271031076677,0.17066127572204737,False
F2,3026,0,z_P,44,0.023340785445054326,0.15277691397935203,False
F2,3026,0,z_P,45,0.012333286196127297,0.11105532943594962,False
F2,3026,0,z_P,46,0.02770606584352877,0.1664513918341591,False
F2,3026,0,z_P,47,0.016475121060525212,0.12835544811392002,False
F2,3026,0,z_P,48,0.013968897584210431,0.11819009088840922,False
F2,3026,0,z_P,49,0.012002201407216709,0.10955455904350447,False
F2,3026,0,z_P,50,0.0145187859038997,0.12049392475929938,False
F2,3026,0,z_P,51,0.008506393476492683,0.0922301115498224,False
F2,3026,0,z_P,52,0.017865318370975557,0.13366120742749393,False
F2,3026,0,z_P,53,0.024820897250596288,0.15754649234621598,False
F2,3026,0,z_P,54,0.022790400098150473,0.1509648969070309,False
F2,3026,0,z_P,55,0.017735871986773045,0.13317609390116925,False
F2,3026,0,z_P,56,0.013865868121820099,0.11775342084975748,False
F2,3026,0,z_P,57,0.020725890918252058,0.14396489474261445,False
F2,3026,0,z_P,58,0.03509385028491543,0.1873335268576221,False
F2,3026,0,z_P,59,0.015779503119584613,0.12561649222767135,False
F2,3026,0,z_P,60,0.014157829786509642,0.11898667902966971,False
F2,3026,0,z_P,61,0.06826871305910766,0.2612828219747859,False
F2,3026,0,z_P,62,0.01869830884535739,0.13674175969818944,False
F2,3026,0,z_P,63,0.026965664478003592,0.16421225434785186,False
F2,3026,0,z_P,64,0.014540027286421621,0.12058203550455442,False
F2,3026,0,z_P,65,0.015605240821815873,0.1249209382842439,False
F2,3026,0,z_P,66,0.04509534465891062,0.21235664496057247,False
F2,3026,0,z_P,67,0.025089978864598628,0.15839816559732828,False
F2,3026,0,z_P,68,0.010025043667688933,0.10012514003829874,False
F2,3026,0,z_P,69,0.028524216794031793,0.168891138885472,False
F2,3026,0,z_P,70,0.034894535061654186,0.18680078977791872,False
F2,3026,0,z_P,71,0.017055529647884964,0.13059682097158784,False
F2,3026,0,z_P,72,0.0377338371799369,0.1942519940179171,False
F2,3026,0,z_P,73,0.03463362591919251,0.1861011174582047,False
F2,3026,0,z_P,74,0.03382721365160311,0.18392175959250473,False
F2,3026,0,z_P,75,0.026696351181561735,0.1633901807990974,False
F2,3026,0,z_P,76,0.014152254453396913,0.11896324833072151,False
F2,3026,0,z_P,77,0.013638995067471705,0.1167861081955885,False
F2,3026,0,z_P,78,0.02531351787132022,0.15910222459576176,False
F2,3026,0,z_P,79,0.043175977566651674,0.20778829987911177,False
F2,3026,0,z_P,80,0.01659191584065357,0.12880961082409018,False
F2,3026,0,z_P,81,0.022265626195670678,0.14921670883540716,False
F2,3026,0,z_P,82,0.024375482354182174,0.15612649472201115,False
F2,3026,0,z_P,83,0.013363280293423013,0.11559965524785536,False
F2,3026,0,z_P,84,0.010974174295583342,0.10475769325249264,False
F2,3026,0,z_P,85,0.015312445270542598,0.12374346556704559,False
F2,3026,0,z_P,86,0.026020115899088855,0.1613075196607054,False
F2,3026,0,z_P,87,0.01203999998399166,0.10972693372181536,False
F2,3026,0,z_P,88,0.008288226646321652,0.09103969818887611,False
F2,3026,0,z_P,89,0.029460133681456828,0.1716395457971642,False
F2,3026,0,z_P,90,0.017309088290626544,0.1315640083405281,False
F2,3026,0,z_P,91,0.020009744479156346,0.1414558039783322,False
F2,3026,0,z_P,92,0.021312520023007177,0.14598808178412093,False
F2,3026,0,z_P,93,0.015863924453574287,0.12595207204954703,False
F2,3026,0,z_P,94,0.02442502585078311,0.1562850787848383,False
F2,3026,0,z_P,95,0.013967870405197813,0.11818574535534229,False
F2,3026,1,z_R,0,0.4171755328398784,0.6458912701375351,False
F2,3026,1,z_R,1,1.3698293158797064,1.1703970761582183,False
F2,3026,1,z_R,2,0.6662687909558723,0.816252896445625,False
F2,3026,1,z_R,3,0.555414715628957,0.7452615082163824,False
F2,3026,1,z_R,4,0.24882487812167978,0.49882349395520637,False
F2,3026,1,z_R,5,0.9761773909915301,0.9880168981305584,False
F2,3026,1,z_R,6,0.9962592826001027,0.9981278889000661,False
F2,3026,1,z_R,7,1.982112665020702,1.4078752306297253,False
F2,3026,1,z_R,8,2.3997625005140972,1.5491166839570534,False
F2,3026,1,z_R,9,0.2453937532039299,0.49537233794786106,False
F2,3026,1,z_R,10,1.3261314222582194,1.15157779687619,False
F2,3026,1,z_R,11,0.2508779349687982,0.5008771655493971,False
F2,3026,1,z_R,12,0.3127460975874988,0.5592370674298144,False
F2,3026,1,z_R,13,0.4709068203414381,0.6862265080433997,False
F2,3026,1,z_R,14,0.6679560387329715,0.8172857754378033,False
F2,3026,1,z_R,15,1.3301289089941086,1.1533121472498713,False
F2,3026,1,z_R,16,1.0281300202775745,1.0139674650981532,False
F2,3026,1,z_R,17,0.2491415595103159,0.49914082132231574,False
F2,3026,1,z_R,18,0.3639315801011538,0.6032674200561089,False
F2,3026,1,z_R,19,1.0720592147473076,1.0354029238645734,False
F2,3026,1,z_R,20,0.30354274144016863,0.5509471312568645,False
F2,3026,1,z_R,21,0.6780749849548217,0.8234530860679445,False
F2,3026,1,z_R,22,0.08746357298574217,0.2957424098531392,False
F2,3026,1,z_R,23,0.39901203291798426,0.6316739925926856,False
F2,3026,1,z_R,24,0.6742739695280074,0.8211418693063991,False
F2,3026,1,z_R,25,0.23372253992882117,0.4834485907817099,False
F2,3026,1,z_R,26,2.7002174608571132,1.6432338424147408,False
F2,3026,1,z_R,27,0.7058378047187113,0.8401415385033115,False
F2,3026,1,z_R,28,0.560581948759741,0.7487202072601894,False
F2,3026,1,z_R,29,0.36715454247689105,0.6059327870951456,False
F2,3026,1,z_R,30,0.38809986066764146,0.6229766132589902,False
F2,3026,1,z_R,31,0.42042646024404723,0.6484030075840543,False
F2,3026,1,z_R,32,0.6700813248877304,0.8185849527616119,False
F2,3026,1,z_R,33,0.24154966909632988,0.49147702804539084,False
F2,3026,1,z_R,34,0.8738847101719706,0.9348180091183367,False
F2,3026,1,z_R,35,0.7907265393597847,0.8892280581267016,False
F2,3026,1,z_R,36,0.6924898613355633,0.8321597570992985,False
F2,3026,1,z_R,37,0.3689829648287768,0.6074396799919946,False
F2,3026,1,z_R,38,0.37054220176860087,0.6087217769791063,False
F2,3026,1,z_R,39,0.24533502132540758,0.4953130538613005,False
F2,3026,1,z_R,40,0.36558039863024283,0.6046324492038472,False
F2,3026,1,z_R,41,0.8592191086148055,0.9269407255131288,False
F2,3026,1,z_R,42,2.1163909402791505,1.4547820937443348,False
F2,3026,1,z_R,43,0.2554657279813423,0.5054361759721422,False
F2,3026,1,z_R,44,0.3308669906867285,0.5752103881943793,False
F2,3026,1,z_R,45,0.5333586433835023,0.7303140717413996,False
F2,3026,1,z_R,46,1.7774110239624668,1.3331957935586456,False
F2,3026,1,z_R,47,0.2573141667038268,0.5072614382188211,False
F2,3026,1,z_R,48,0.4715895100086534,0.6867237508697754,False
F2,3026,1,z_R,49,0.3693936855535549,0.607777661282113,False
F2,3026,1,z_R,50,0.12396252434579283,0.352083121358853,False
F2,3026,1,z_R,51,0.8534280649777165,0.9238117042870352,False
F2,3026,1,z_R,52,0.09291667543237779,0.30482236701459064,False
F2,3026,1,z_R,53,1.2652147746895641,1.1248176628634368,False
F2,3026,1,z_R,54,0.4240892987247107,0.6512213899471597,False
F2,3026,1,z_R,55,0.2578062789697665,0.5077462742056966,False
F2,3026,1,z_R,56,0.16941445565394436,0.4115998732433531,False
F2,3026,1,z_R,57,0.3370241366582774,0.5805377995085913,False
F2,3026,1,z_R,58,1.3281010733838319,1.1524326762912582,False
F2,3026,1,z_R,59,1.353259150276133,1.1632966733710421,False
F2,3026,1,z_R,60,0.4608269882122411,0.6788423883437459,False
F2,3026,1,z_R,61,0.5402392680095512,0.7350097060648596,False
F2,3026,1,z_R,62,0.126750788975816,0.35602077042753555,False
F2,3026,1,z_R,63,0.2934239837805573,0.5416862410847789,False
F2,3026,1,z_R,64,0.3788967319598726,0.6155458812792696,False
F2,3026,1,z_R,65,0.5729207314222456,0.7569152736087743,False
F2,3026,1,z_R,66,0.20584481544422795,0.45370124029390524,False
F2,3026,1,z_R,67,0.1622541894689402,0.4028078815874141,False
F2,3026,1,z_R,68,0.4516609523065632,0.6720572537414973,False
F2,3026,1,z_R,69,0.49179299071204197,0.7012795382100079,False
F2,3026,1,z_R,70,0.6731566088539458,0.8204612171540747,False
F2,3026,1,z_R,71,1.806319688840564,1.34399393184663,False
F2,3026,1,z_R,72,0.5003817320839887,0.7073766550318075,False
F2,3026,1,z_R,73,0.5145242535840071,0.7173034598996488,False
F2,3026,1,z_R,74,0.6304043467669294,0.793980066983378,False
F2,3026,1,z_R,75,0.9048405130368187,0.9512310513417961,False
F2,3026,1,z_R,76,0.4969737332080629,0.7049636396354516,False
F2,3026,1,z_R,77,0.6145948027124533,0.7839609701461249,False
F2,3026,1,z_R,78,0.18583348790959298,0.43108408450045216,False
F2,3026,1,z_R,79,0.11862634225980893,0.3444217505614431,False
F2,3026,1,z_R,80,0.2749025142313846,0.524311466812795,False
F2,3026,1,z_R,81,0.5183253064536746,0.7199481276131459,False
F2,3026,1,z_R,82,0.21356635985380557,0.4621324051111386,False
F2,3026,1,z_R,83,0.7644432471961076,0.8743244519033581,False
F2,3026,1,z_R,84,0.535286122611596,0.7316325051633478,False
F2,3026,1,z_R,85,0.2115515258124388,0.45994730764777697,False
F2,3026,1,z_R,86,0.26163228829895147,0.5115000374378789,False
F2,3026,1,z_R,87,1.5848953111091975,1.2589262532448822,False
F2,3026,1,z_R,88,0.8885255037415546,0.9426163078058615,False
F2,3026,1,z_R,89,0.8361259556824769,0.9143992321095185,False
F2,3026,1,z_R,90,0.28812116057014453,0.5367691874261642,False
F2,3026,1,z_R,91,0.3876133690616121,0.6225860334617314,False
F2,3026,1,z_R,92,0.22796695210089352,0.4774588485941941,False
F2,3026,1,z_R,93,0.2578012768559499,0.5077413483811909,False
F2,3026,1,z_R,94,0.4673169667671238,0.6836058562996106,False
F2,3026,1,z_R,95,0.3395517628736186,0.5827107025562673,False
F2,3026,1,z_P,0,0.012668940992608494,0.11255639027886641,False
F2,3026,1,z_P,1,0.028881426493896873,0.16994536326095183,False
F2,3026,1,z_P,2,0.0265293403541475,0.16287829921185787,False
F2,3026,1,z_P,3,0.018045242301156086,0.1343325809368527,False
F2,3026,1,z_P,4,0.03699450201629055,0.19233954875763473,False
F2,3026,1,z_P,5,0.007830529389884695,0.0884902785049561,False
F2,3026,1,z_P,6,0.015282133535746405,0.12362092677110298,False
F2,3026,1,z_P,7,0.008030664297199924,0.08961397378311,False
F2,3026,1,z_P,8,0.025346624979356615,0.15920623410958698,False
F2,3026,1,z_P,9,0.013656758662118428,0.11686213527964662,False
F2,3026,1,z_P,10,0.02565283384216008,0.16016502065732105,False
F2,3026,1,z_P,11,0.06341952472684469,0.2518323345538549,False
F2,3026,1,z_P,12,0.01860203418509017,0.13638927445034,False
F2,3026,1,z_P,13,0.01479094427325127,0.12161802610325194,False
F2,3026,1,z_P,14,0.0134435753092976,0.11594643293045975,False
F2,3026,1,z_P,15,0.024771887805570252,0.15739087586505848,False
F2,3026,1,z_P,16,0.013434460558402306,0.11590712039560945,False
F2,3026,1,z_P,17,0.012518717884027931,0.11188707648351498,False
F2,3026,1,z_P,18,0.0150423598354754,0.12264729852497934,False
F2,3026,1,z_P,19,0.011157445388673734,0.10562880946348745,False
F2,3026,1,z_P,20,0.011058133090529042,0.10515765825905901,False
F2,3026,1,z_P,21,0.015825463814211252,0.12579929973656948,False
F2,3026,1,z_P,22,0.011864151103334601,0.10892268406229531,False
F2,3026,1,z_P,23,0.01558298742219434,0.12483183657302467,False
F2,3026,1,z_P,24,0.018334505878635044,0.13540496991851902,False
F2,3026,1,z_P,25,0.0122117675615678,0.11050686658107631,False
F2,3026,1,z_P,26,0.0204912500688773,0.14314765128662538,False
F2,3026,1,z_P,27,0.02658317800720024,0.16304348501918203,False
F2,3026,1,z_P,28,0.014255255504300929,0.11939537471904399,False
F2,3026,1,z_P,29,0.009969929851087874,0.09984953605845084,False
F2,3026,1,z_P,30,0.030557112189385168,0.17480592721468333,False
F2,3026,1,z_P,31,0.02038274259283853,0.1427681427799582,False
F2,3026,1,z_P,32,0.01606219961471801,0.12673673348606554,False
F2,3026,1,z_P,33,0.009917602609905474,0.09958716086878606,False
F2,3026,1,z_P,34,0.007377779117622156,0.08589399931090737,False
F2,3026,1,z_P,35,0.02605187119627587,0.16140592057380013,False
F2,3026,1,z_P,36,0.007272636195581262,0.0852797525534711,False
F2,3026,1,z_P,37,0.012175163046697189,0.11034112128620585,False
F2,3026,1,z_P,38,0.02872579343478513,0.1694868532800852,False
F2,3026,1,z_P,39,0.012612936327446582,0.11230732980285206,False
F2,3026,1,z_P,40,0.010646434064474101,0.10318155874221954,False
F2,3026,1,z_P,41,0.007483246487421152,0.08650575985112871,False
F2,3026,1,z_P,42,0.015621449351399273,0.12498579659865065,False
F2,3026,1,z_P,43,0.008705296003403027,0.09330217576993062,False
F2,3026,1,z_P,44,0.01109175354141724,0.10531739429656072,False
F2,3026,1,z_P,45,0.01846439092876338,0.13588374048709206,False
F2,3026,1,z_P,46,0.010372759541965646,0.10184674536756512,False
F2,3026,1,z_P,47,0.018274292157934528,0.13518244027215418,False
F2,3026,1,z_P,48,0.014567420045208132,0.1206955676286753,False
F2,3026,1,z_P,49,0.008933499567831835,0.0945171919167716,False
F2,3026,1,z_P,50,0.01739797875866561,0.1319013978647141,False
F2,3026,1,z_P,51,0.03325493735880062,0.18235936323315186,False
F2,3026,1,z_P,52,0.016941195331016626,0.13015834714307273,False
F2,3026,1,z_P,53,0.01800250409518341,0.13417341053719775,False
F2,3026,1,z_P,54,0.02430427661317431,0.155898289320872,False
F2,3026,1,z_P,55,0.006626489554694554,0.08140325272797491,False
F2,3026,1,z_P,56,0.010837236833371918,0.10410205009207033,False
F2,3026,1,z_P,57,0.008556001009927077,0.0924986540979223,False
F2,3026,1,z_P,58,0.015337019161718278,0.12384271945382287,False
F2,3026,1,z_P,59,0.007753672313677556,0.08805493917820599,False
F2,3026,1,z_P,60,0.015251355083923302,0.12349637680484113,False
F2,3026,1,z_P,61,0.011110099465465685,0.10540445657307705,False
F2,3026,1,z_P,62,0.012304133513270525,0.11092399881572304,False
F2,3026,1,z_P,63,0.016340311679238825,0.12782922857953427,False
F2,3026,1,z_P,64,0.02961766174634648,0.17209782609419122,False
F2,3026,1,z_P,65,0.01992471603773957,0.141154936285415,False
F2,3026,1,z_P,66,0.02677614629116281,0.16363418436000104,False
F2,3026,1,z_P,67,0.019118944932355973,0.13827127298306027,False
F2,3026,1,z_P,68,0.013597805663049573,0.11660962937532034,False
F2,3026,1,z_P,69,0.04177483562633046,0.20438893225008653,False
F2,3026,1,z_P,70,0.010159256208172303,0.10079313571951368,False
F2,3026,1,z_P,71,0.028881893533794237,0.16994673734377555,False
F2,3026,1,z_P,72,0.02199862551853518,0.1483193362934691,False
F2,3026,1,z_P,73,0.01088101604226632,0.104312108799824,False
F2,3026,1,z_P,74,0.021929819571656132,0.14808720259244595,False
F2,3026,1,z_P,75,0.019129388970893838,0.13830903430685154,False
F2,3026,1,z_P,76,0.03077778766373555,0.17543599306794358,False
F2,3026,1,z_P,77,0.019709747631279407,0.14039140868044386,False
F2,3026,1,z_P,78,0.021352935813457305,0.14612643776352485,False
F2,3026,1,z_P,79,0.009959641778625983,0.09979800488299344,False
F2,3026,1,z_P,80,0.018841089441762326,0.13726284800251787,False
F2,3026,1,z_P,81,0.023070592908017638,0.1518900684969812,False
F2,3026,1,z_P,82,0.014685971239753147,0.12118568908808146,False
F2,3026,1,z_P,83,0.01628790109319937,0.12762406157617523,False
F2,3026,1,z_P,84,0.013608613062432752,0.11665596025249954,False
F2,3026,1,z_P,85,0.012012134640774805,0.10959988431004299,False
F2,3026,1,z_P,86,0.0216151217807552,0.14702082090899643,False
F2,3026,1,z_P,87,0.02452797352575075,0.15661409108298893,False
F2,3026,1,z_P,88,0.018359314778570206,0.13549654895446675,False
F2,3026,1,z_P,89,0.013736275376334477,0.11720185739285226,False
F2,3026,1,z_P,90,0.024144928687446224,0.15538638514183353,False
F2,3026,1,z_P,91,0.010200540940091806,0.10099772740062919,False
F2,3026,1,z_P,92,0.021599021558244304,0.1469660558028428,False
F2,3026,1,z_P,93,0.013633758068751485,0.11676368471725909,False
F2,3026,1,z_P,94,0.008623234869128384,0.09286137447361192,False
F2,3026,1,z_P,95,0.013874537958155408,0.11779022861916606,False
F2,3026,2,z_R,0,0.281730411084272,0.5307828285506908,False
F2,3026,2,z_R,1,0.3315480686114094,0.5758021088980219,False
F2,3026,2,z_R,2,0.7473304667037688,0.8644827740931388,False
F2,3026,2,z_R,3,2.204567181267846,1.4847784956914771,False
F2,3026,2,z_R,4,0.9047375925751125,0.9511769512425712,False
F2,3026,2,z_R,5,0.2236268604411194,0.4728920177388485,False
F2,3026,2,z_R,6,0.4552259929903436,0.6747043745154937,False
F2,3026,2,z_R,7,0.299891334837386,0.5476233512528351,False
F2,3026,2,z_R,8,0.5099887078188302,0.7141349367023225,False
F2,3026,2,z_R,9,0.3604039287272921,0.6003365129052972,False
F2,3026,2,z_R,10,0.16912249446332214,0.4112450540290085,False
F2,3026,2,z_R,11,0.5831146232079418,0.7636194230164276,False
F2,3026,2,z_R,12,0.6050571788350405,0.7778542143840583,False
F2,3026,2,z_R,13,0.5397721774237445,0.7346918928528778,False
F2,3026,2,z_R,14,3.4313007451795907,1.8523770526487287,False
F2,3026,2,z_R,15,0.3257773589139319,0.5707690942175583,False
F2,3026,2,z_R,16,0.7183857533130209,0.8475763996909192,False
F2,3026,2,z_R,17,0.34532950782738925,0.587647434970484,False
F2,3026,2,z_R,18,1.7439112222873658,1.3205723086175045,False
F2,3026,2,z_R,19,0.2906728670331337,0.5391408601034925,False
F2,3026,2,z_R,20,0.16813674964337588,0.4100448141891028,False
F2,3026,2,z_R,21,0.5803048266415256,0.7617774127929533,False
F2,3026,2,z_R,22,1.462776005893336,1.2094527712537335,False
F2,3026,2,z_R,23,0.4730890535163362,0.6878146941701203,False
F2,3026,2,z_R,24,1.1314891793475956,1.0637148016962046,False
F2,3026,2,z_R,25,0.2956426166546764,0.5437302793248472,False
F2,3026,2,z_R,26,0.2447455809316706,0.4947176780060225,False
F2,3026,2,z_R,27,0.07666107485354763,0.27687736428525106,False
F2,3026,2,z_R,28,0.4508917563397196,0.6714847402135954,False
F2,3026,2,z_R,29,1.3008190063471776,1.1405345265914477,False
F2,3026,2,z_R,30,1.5347905214077109,1.2388666277722193,False
F2,3026,2,z_R,31,0.6373790760797141,0.798360242045979,False
F2,3026,2,z_R,32,0.4539375214031674,0.6737488563279105,False
F2,3026,2,z_R,33,1.6530010023212172,1.2856908657687576,False
F2,3026,2,z_R,34,0.30006480544669817,0.5477817133189992,False
F2,3026,2,z_R,35,0.8142282077624101,0.9023459468310422,False
F2,3026,2,z_R,36,0.41722825376919687,0.6459320813902936,False
F2,3026,2,z_R,37,0.34236590927740806,0.5851204228852451,False
F2,3026,2,z_R,38,1.1749989835011345,1.0839737005578753,False
F2,3026,2,z_R,39,0.5196263377168892,0.7208511203548824,False
F2,3026,2,z_R,40,0.9263198128632409,0.9624550965438549,False
F2,3026,2,z_R,41,0.4043456742187112,0.6358818083722094,False
F2,3026,2,z_R,42,0.23902355964282798,0.48890035758099826,False
F2,3026,2,z_R,43,0.40333367073397575,0.6350855617426487,False
F2,3026,2,z_R,44,0.4750950551115443,0.6892713943807216,False
F2,3026,2,z_R,45,0.7777480200218053,0.881900232464991,False
F2,3026,2,z_R,46,0.3743422112290378,0.6118351176820744,False
F2,3026,2,z_R,47,0.5082204037754046,0.71289578745803,False
F2,3026,2,z_R,48,0.4340197062887348,0.6588017200104557,False
F2,3026,2,z_R,49,1.0018453220403913,1.0009222357607965,False
F2,3026,2,z_R,50,0.31890270751704386,0.5647147133881354,False
F2,3026,2,z_R,51,0.6062156384647517,0.7785985091590862,False
F2,3026,2,z_R,52,0.2504641774057725,0.5004639621449006,False
F2,3026,2,z_R,53,0.21363687040841792,0.4622086870758899,False
F2,3026,2,z_R,54,1.5885119241447756,1.260361822709961,False
F2,3026,2,z_R,55,0.5302952141907249,0.7282137146406438,False
F2,3026,2,z_R,56,0.2433518883712681,0.4933070933721388,False
F2,3026,2,z_R,57,1.0617493274171235,1.0304122123777084,False
F2,3026,2,z_R,58,1.4351837405066512,1.1979915444220177,False
F2,3026,2,z_R,59,0.5315527955766205,0.7290766733181226,False
F2,3026,2,z_R,60,0.4201957499094281,0.6482250765817597,False
F2,3026,2,z_R,61,1.123067713049786,1.0597488915067503,False
F2,3026,2,z_R,62,0.4974223035161686,0.7052817192556239,False
F2,3026,2,z_R,63,1.0039287107388335,1.0019624298040488,False
F2,3026,2,z_R,64,0.433404338733639,0.658334518868363,False
F2,3026,2,z_R,65,0.5658297640199548,0.7522165672331039,False
F2,3026,2,z_R,66,0.9695400752122179,0.9846522610608366,False
F2,3026,2,z_R,67,0.16553779410862698,0.4068633604892765,False
F2,3026,2,z_R,68,0.230454600468659,0.4800568721189803,False
F2,3026,2,z_R,69,1.6586300548999908,1.2878781211356884,False
F2,3026,2,z_R,70,0.6835364690961869,0.8267626437473979,False
F2,3026,2,z_R,71,0.3436646520779257,0.5862291805070144,False
F2,3026,2,z_R,72,0.45965865027965375,0.6779813052582304,False
F2,3026,2,z_R,73,1.4341992006493745,1.1975805612355999,False
F2,3026,2,z_R,74,1.2651044052382974,1.1247686007523048,False
F2,3026,2,z_R,75,0.8109333877002765,0.9005183994235079,False
F2,3026,2,z_R,76,1.2230171304297839,1.1059010491132486,False
F2,3026,2,z_R,77,0.4440396725785812,0.666363018615665,False
F2,3026,2,z_R,78,0.4350146435919983,0.6595563990986656,False
F2,3026,2,z_R,79,0.8086734055821257,0.8992627010958064,False
F2,3026,2,z_R,80,0.21968207202986748,0.4687025410960212,False
F2,3026,2,z_R,81,1.3273727874292758,1.1521166553041735,False
F2,3026,2,z_R,82,0.22264235493261428,0.4718499284016204,False
F2,3026,2,z_R,83,0.6845695937273197,0.8273872090667825,False
F2,3026,2,z_R,84,0.7163056064578232,0.846348395436432,False
F2,3026,2,z_R,85,0.2237712405135894,0.4730446495983116,False
F2,3026,2,z_R,86,0.3012799241632794,0.5488897194913377,False
F2,3026,2,z_R,87,1.4288765539797577,1.1953562456354832,False
F2,3026,2,z_R,88,0.6605459731051397,0.8127397942177679,False
F2,3026,2,z_R,89,2.4342691546788497,1.5602144579123889,False
F2,3026,2,z_R,90,1.1694020914143528,1.0813889639784349,False
F2,3026,2,z_R,91,0.25635335343010646,0.5063134932332995,False
F2,3026,2,z_R,92,0.5131682329714291,0.7163576152812429,False
F2,3026,2,z_R,93,1.7353951630331133,1.317343980527908,False
F2,3026,2,z_R,94,0.22474840701873472,0.47407637255903684,False
F2,3026,2,z_R,95,0.6914447621283,0.8315315761462699,False
F2,3026,2,z_P,0,0.02437050638061224,0.1561105581971067,False
F2,3026,2,z_P,1,0.04398630844589908,0.2097291311332288,False
F2,3026,2,z_P,2,0.015092576465565678,0.12285184762780606,False
F2,3026,2,z_P,3,0.010046045362958259,0.10022996240126132,False
F2,3026,2,z_P,4,0.015445240416395797,0.12427888161870382,False
F2,3026,2,z_P,5,0.04221691491170241,0.20546755196795044,False
F2,3026,2,z_P,6,0.037592868574034925,0.19388880466400046,False
F2,3026,2,z_P,7,0.016920133465745748,0.13007741335737633,False
F2,3026,2,z_P,8,0.02215865187859767,0.14885782437815512,False
F2,3026,2,z_P,9,0.013208028159102643,0.11492618569804987,False
F2,3026,2,z_P,10,0.021611313597452678,0.14700786916846553,False
F2,3026,2,z_P,11,0.013752995342828795,0.11727316548481496,False
F2,3026,2,z_P,12,0.017839621980669605,0.13356504775078548,False
F2,3026,2,z_P,13,0.038900502719412845,0.19723210367334432,False
F2,3026,2,z_P,14,0.03131164589833542,0.1769509703232379,False
F2,3026,2,z_P,15,0.012428702826520737,0.11148409225768821,False
F2,3026,2,z_P,16,0.018773858855599634,0.13701773190211416,False
F2,3026,2,z_P,17,0.02440362603254254,0.15621659973428734,False
F2,3026,2,z_P,18,0.03589697173323568,0.18946496175608746,False
F2,3026,2,z_P,19,0.0263730941737939,0.16239795002953053,False
F2,3026,2,z_P,20,0.013429398597012376,0.11588528205519619,False
F2,3026,2,z_P,21,0.01445195968163789,0.12021630372639931,False
F2,3026,2,z_P,22,0.026225839832725095,0.16194394040137808,False
F2,3026,2,z_P,23,0.01993447536645298,0.14118950161556978,False
F2,3026,2,z_P,24,0.031960738971140636,0.17877566660801641,False
F2,3026,2,z_P,25,0.011736154365765831,0.10833353297001733,False
F2,3026,2,z_P,26,0.010502957693244894,0.10248393870868203,False
F2,3026,2,z_P,27,0.019533016858459262,0.13976056975577647,False
F2,3026,2,z_P,28,0.013176053839054548,0.11478699333571965,False
F2,3026,2,z_P,29,0.017805987530987447,0.13343907797563442,False
F2,3026,2,z_P,30,0.014961508655582696,0.12231724594505346,False
F2,3026,2,z_P,31,0.012716743142636315,0.11276853791122911,False
F2,3026,2,z_P,32,0.030771746732738595,0.1754187753142137,False
F2,3026,2,z_P,33,0.01339807906974474,0.1157500715755491,False
F2,3026,2,z_P,34,0.03270050300301481,0.18083280400141677,False
F2,3026,2,z_P,35,0.033350363414713736,0.18262081867824856,False
F2,3026,2,z_P,36,0.0071167398257590345,0.08436077184188771,False
F2,3026,2,z_P,37,0.010349315433365971,0.10173158522978973,False
F2,3026,2,z_P,38,0.036700463991034375,0.19157365160959472,False
F2,3026,2,z_P,39,0.01848082382362202,0.13594419378414813,False
F2,3026,2,z_P,40,0.033428994891261436,0.1828359781095106,False
F2,3026,2,z_P,41,0.014697641510764073,0.12123382989398657,False
F2,3026,2,z_P,42,0.025042890667253747,0.1582494570835987,False
F2,3026,2,z_P,43,0.010276334811706445,0.10137225859033844,False
F2,3026,2,z_P,44,0.031081422572280526,0.1762992415533332,False
F2,3026,2,z_P,45,0.013520013027744361,0.11627559085097938,False
F2,3026,2,z_P,46,0.02001353465614363,0.14146920037995417,False
F2,3026,2,z_P,47,0.009514509308070539,0.09754234623008891,False
F2,3026,2,z_P,48,0.03029522072521592,0.17405522320578581,False
F2,3026,2,z_P,49,0.0191931410038386,0.13853931212417145,False
F2,3026,2,z_P,50,0.012316729366500623,0.11098076124491409,False
F2,3026,2,z_P,51,0.01701250520844201,0.13043199457357849,False
F2,3026,2,z_P,52,0.0406710627596683,0.20167067897854735,False
F2,3026,2,z_P,53,0.020409304945605077,0.14286113868230604,False
F2,3026,2,z_P,54,0.014713410539629925,0.12129884805565931,False
F2,3026,2,z_P,55,0.010348671281258751,0.10172841924093164,False
F2,3026,2,z_P,56,0.012660761704679608,0.11252005023407877,False
F2,3026,2,z_P,57,0.023949825786455867,0.15475731254598557,False
F2,3026,2,z_P,58,0.0225301984461181,0.1501006277339242,False
F2,3026,2,z_P,59,0.02284349650071531,0.1511406513837866,False
F2,3026,2,z_P,60,0.012930027092848337,0.11371027698870642,False
F2,3026,2,z_P,61,0.02703190450410824,0.16441382090356102,False
F2,3026,2,z_P,62,0.015499189695443127,0.12449574167594299,False
F2,3026,2,z_P,63,0.024664865405994604,0.15705051864287048,False
F2,3026,2,z_P,64,0.0201931285208394,0.14210252820002675,False
F2,3026,2,z_P,65,0.009279582021498582,0.0963305871543332,False
F2,3026,2,z_P,66,0.011454002420508739,0.1070233732439262,False
F2,3026,2,z_P,67,0.039524831669303984,0.19880853017238467,False
F2,3026,2,z_P,68,0.00778910324856145,0.08825589639543327,False
F2,3026,2,z_P,69,0.023991915825240625,0.1548932400889097,False
F2,3026,2,z_P,70,0.02152669264357123,0.14671977591167196,False
F2,3026,2,z_P,71,0.008656786223710574,0.09304185200064848,False
F2,3026,2,z_P,72,0.03787420693951526,0.19461296703846653,False
F2,3026,2,z_P,73,0.010650039213437254,0.10319902719230087,False
F2,3026,2,z_P,74,0.016625216063472247,0.1289388074377619,False
F2,3026,2,z_P,75,0.015970496591213267,0.12637443013210095,False
F2,3026,2,z_P,76,0.015859621684031877,0.1259349899115884,False
F2,3026,2,z_P,77,0.023903184447749606,0.15460654723442213,False
F2,3026,2,z_P,78,0.023781181902734757,0.15421148434126025,False
F2,3026,2,z_P,79,0.01451681482980665,0.12048574533863601,False
F2,3026,2,z_P,80,0.024819224171843308,0.1575411824630097,False
F2,3026,2,z_P,81,0.01634271006495891,0.12783860944549932,False
F2,3026,2,z_P,82,0.015207548790867942,0.12331889064886994,False
F2,3026,2,z_P,83,0.020454752121463783,0.14302011089865574,False
F2,3026,2,z_P,84,0.018440426126300025,0.135795530582932,False
F2,3026,2,z_P,85,0.02074443818279069,0.14402929626569272,False
F2,3026,2,z_P,86,0.013290784864813792,0.11528566634588097,False
F2,3026,2,z_P,87,0.02756192407330902,0.1660178426353897,False
F2,3026,2,z_P,88,0.027506680281453075,0.16585138010114078,False
F2,3026,2,z_P,89,0.019628441122549464,0.14010153861592478,False
F2,3026,2,z_P,90,0.016303562183336996,0.1276854031725514,False
F2,3026,2,z_P,91,0.021734374110130315,0.14742582579090516,False
F2,3026,2,z_P,92,0.03324227961661871,0.18232465443987192,False
F2,3026,2,z_P,93,0.038781190976898396,0.19692940607460938,False
F2,3026,2,z_P,94,0.013197681138133872,0.11488116093656901,False
F2,3026,2,z_P,95,0.022630169059429876,0.150433271118559,False
F2,3026,3,z_R,0,1.2030217219065429,1.0968234688893845,False
F2,3026,3,z_R,1,1.9629383011395283,1.4010490002635627,False
F2,3026,3,z_R,2,0.1631705596205199,0.40394375799177773,False
F2,3026,3,z_R,3,0.4549215031401931,0.6744786899081342,False
F2,3026,3,z_R,4,1.6411897340713417,1.2810892763860533,False
F2,3026,3,z_R,5,0.919535333701399,0.9589240500172049,False
F2,3026,3,z_R,6,0.22620996063663013,0.47561534945439904,False
F2,3026,3,z_R,7,0.39473436278751955,0.6282788893377841,False
F2,3026,3,z_R,8,0.3763225564149069,0.6134513480422933,False
F2,3026,3,z_R,9,0.2806143968451804,0.5297304945396106,False
F2,3026,3,z_R,10,0.5632834315113575,0.7505221059444935,False
F2,3026,3,z_R,11,1.1564444479189582,1.0753810710250382,False
F2,3026,3,z_R,12,0.4436320389273776,0.6660570838354455,False
F2,3026,3,z_R,13,0.07536046432192259,0.27451860469178146,False
F2,3026,3,z_R,14,0.6277227295526389,0.7922895490618558,False
F2,3026,3,z_R,15,0.25712296147936503,0.5070729350688765,False
F2,3026,3,z_R,16,0.9834195399144112,0.9916751181281152,False
F2,3026,3,z_R,17,0.2736998624732338,0.5231633229434511,False
F2,3026,3,z_R,18,2.4455267438898183,1.563818002163237,False
F2,3026,3,z_R,19,0.3795375326559612,0.6160661755493164,False
F2,3026,3,z_R,20,0.3374580605441874,0.5809114050732584,False
F2,3026,3,z_R,21,0.9194715846619501,0.9588908095617301,False
F2,3026,3,z_R,22,0.32595823320427736,0.5709275200971463,False
F2,3026,3,z_R,23,1.322139455106162,1.1498432306650164,False
F2,3026,3,z_R,24,0.28827546784329877,0.5369129052679762,False
F2,3026,3,z_R,25,1.0454844893301338,1.0224893590302706,False
F2,3026,3,z_R,26,0.7003322222301614,0.836858543739718,False
F2,3026,3,z_R,27,1.8364486381372522,1.355156315019508,False
F2,3026,3,z_R,28,2.1730338553229225,1.4741213841888743,False
F2,3026,3,z_R,29,0.39081460339315344,0.6251516643128717,False
F2,3026,3,z_R,30,0.5925599951008862,0.7697791859363867,False
F2,3026,3,z_R,31,0.6858764935668298,0.8281766077153048,False
F2,3026,3,z_R,32,0.6400280269149058,0.8000175166300459,False
F2,3026,3,z_R,33,0.36302618359881805,0.602516542178568,False
F2,3026,3,z_R,34,1.6274039175220085,1.2756974239693395,False
F2,3026,3,z_R,35,0.5017067400722355,0.7083126005318806,False
F2,3026,3,z_R,36,3.917496302435039,1.979266607214662,False
F2,3026,3,z_R,37,0.7332962740370024,0.8563272003369987,False
F2,3026,3,z_R,38,0.3249028069917337,0.5700024622681323,False
F2,3026,3,z_R,39,0.43781019534912213,0.6616722718605655,False
F2,3026,3,z_R,40,1.8680569164724747,1.3667687867640506,False
F2,3026,3,z_R,41,0.7266718500252661,0.8524504971112786,False
F2,3026,3,z_R,42,0.41021629504428175,0.6404812995273802,False
F2,3026,3,z_R,43,0.4304821149288167,0.6561113586342007,False
F2,3026,3,z_R,44,0.6512665584130352,0.8070108787451599,False
F2,3026,3,z_R,45,0.23124702650902604,0.4808815098431484,False
F2,3026,3,z_R,46,0.3757230617552849,0.6129625288345814,False
F2,3026,3,z_R,47,0.510492339605344,0.7144874663738644,False
F2,3026,3,z_R,48,0.24818457636672753,0.49818126858275946,False
F2,3026,3,z_R,49,0.6820762266849834,0.8258790629898444,False
F2,3026,3,z_R,50,0.4859362200781003,0.6970912566358154,False
F2,3026,3,z_R,51,0.13672195565546313,0.36975932125568267,False
F2,3026,3,z_R,52,0.16304849926894605,0.4037926439014783,False
F2,3026,3,z_R,53,0.7263037655381149,0.8522345718979693,False
F2,3026,3,z_R,54,0.07399764917424656,0.272025089236722,False
F2,3026,3,z_R,55,1.1099791965947376,1.053555502379793,False
F2,3026,3,z_R,56,0.7677189717560328,0.8761957382663036,False
F2,3026,3,z_R,57,1.005976273073638,1.002983685347692,False
F2,3026,3,z_R,58,1.108777608499212,1.052985094148636,False
F2,3026,3,z_R,59,0.1665468599693105,0.40810153144690664,False
F2,3026,3,z_R,60,0.21187183247022653,0.4602953752431438,False
F2,3026,3,z_R,61,0.3868335360416175,0.6219594327941473,False
F2,3026,3,z_R,62,0.6129631093580767,0.7829196059354222,False
F2,3026,3,z_R,63,0.8986561566206955,0.9479747658143098,False
F2,3026,3,z_R,64,0.8488685782361464,0.9213406418020136,False
F2,3026,3,z_R,65,0.46988239980108587,0.6854796859142406,False
F2,3026,3,z_R,66,0.4113905063789385,0.6413973077421969,False
F2,3026,3,z_R,67,0.43646602714115545,0.6606557553984945,False
F2,3026,3,z_R,68,0.19765323541110696,0.4445820907449005,False
F2,3026,3,z_R,69,0.4716566586626869,0.6867726397161487,False
F2,3026,3,z_R,70,0.15676211001435214,0.39593195124206904,False
F2,3026,3,z_R,71,0.900314625541801,0.9488491057812095,False
F2,3026,3,z_R,72,0.6310039949389415,0.794357598905519,False
F2,3026,3,z_R,73,0.8562061158824328,0.9253140633765559,False
F2,3026,3,z_R,74,1.6018217105848231,1.2656309535503718,False
F2,3026,3,z_R,75,2.977935680983791,1.7256696326307046,False
F2,3026,3,z_R,76,0.8172690686568699,0.9040293516567202,False
F2,3026,3,z_R,77,1.0835903739922519,1.0409564707480576,False
F2,3026,3,z_R,78,0.27278605924860494,0.5222892486435126,False
F2,3026,3,z_R,79,0.29403301785741426,0.5422481146646932,False
F2,3026,3,z_R,80,1.58852042185466,1.2603651938444904,False
F2,3026,3,z_R,81,0.27417864976902306,0.5236207117456518,False
F2,3026,3,z_R,82,0.4961011690304142,0.7043444959892952,False
F2,3026,3,z_R,83,0.3740903527380531,0.6116292608582858,False
F2,3026,3,z_R,84,0.41410791375364603,0.643512170633661,False
F2,3026,3,z_R,85,0.29761203946698755,0.5455383024747095,False
F2,3026,3,z_R,86,0.608971246625379,0.7803660978190807,False
F2,3026,3,z_R,87,1.3514878692894228,1.1625351045406855,False
F2,3026,3,z_R,88,0.15918617170711008,0.398981417746629,False
F2,3026,3,z_R,89,0.15944792708846495,0.3993093125491377,False
F2,3026,3,z_R,90,0.17351132661258312,0.4165469080578838,False
F2,3026,3,z_R,91,0.9427851225003655,0.9709712264018772,False
F2,3026,3,z_R,92,0.19782296021378243,0.4447729310713304,False
F2,3026,3,z_R,93,0.1712955652754893,0.41387868424876545,False
F2,3026,3,z_R,94,0.27168149828981136,0.5212307533998847,False
F2,3026,3,z_R,95,0.14588773458620735,0.38195252923132655,False
F2,3026,3,z_P,0,0.01263904861106807,0.11242352338842646,False
F2,3026,3,z_P,1,0.030011947974293695,0.1732395681543154,False
F2,3026,3,z_P,2,0.008867719641895415,0.09416857035070361,False
F2,3026,3,z_P,3,0.02439055684515313,0.15617476379093112,False
F2,3026,3,z_P,4,0.014248201182256365,0.11936582920692322,False
F2,3026,3,z_P,5,0.013790985391955399,0.11743502625688555,False
F2,3026,3,z_P,6,0.011075812647984724,0.10524168683551553,False
F2,3026,3,z_P,7,0.009740726892770758,0.0986951209167442,False
F2,3026,3,z_P,8,0.018950822083863728,0.1376619848900332,False
F2,3026,3,z_P,9,0.015820995360685933,0.12578153823469457,False
F2,3026,3,z_P,10,0.026830809583993556,0.16380112815238349,False
F2,3026,3,z_P,11,0.016517189997273238,0.1285192203418354,False
F2,3026,3,z_P,12,0.00878037287180597,0.09370364385554047,False
F2,3026,3,z_P,13,0.018114476024957984,0.13459002944110676,False
F2,3026,3,z_P,14,0.013581189218215623,0.11653835942819696,False
F2,3026,3,z_P,15,0.02728793456109694,0.1651906007044497,False
F2,3026,3,z_P,16,0.009896033329406495,0.09947880844384142,False
F2,3026,3,z_P,17,0.020956506996025935,0.14476362456095776,False
F2,3026,3,z_P,18,0.012940293216618137,0.11375540961474376,False
F2,3026,3,z_P,19,0.01136410172594699,0.10660254089817461,False
F2,3026,3,z_P,20,0.012301556444169259,0.11091238183435273,False
F2,3026,3,z_P,21,0.008411983213896385,0.09171686439197747,False
F2,3026,3,z_P,22,0.01245611530586683,0.11160696799871785,False
F2,3026,3,z_P,23,0.012318622756758943,0.11098929118054113,False
F2,3026,3,z_P,24,0.010751671189612387,0.10369026564539406,False
F2,3026,3,z_P,25,0.013603301740890163,0.11663319313510268,False
F2,3026,3,z_P,26,0.010294019401842259,0.10145944708031017,False
F2,3026,3,z_P,27,0.007146220524915419,0.0845353211676363,False
F2,3026,3,z_P,28,0.011537763340425401,0.10741398112175808,False
F2,3026,3,z_P,29,0.016666904187185503,0.12910036478331696,False
F2,3026,3,z_P,30,0.018401647538230627,0.13565267243305834,False
F2,3026,3,z_P,31,0.009179388948739774,0.09580912769010985,False
F2,3026,3,z_P,32,0.008576867957483185,0.09261138136040939,False
F2,3026,3,z_P,33,0.008183913818238294,0.09046498669782854,False
F2,3026,3,z_P,34,0.023839841440618716,0.15440155906148978,False
F2,3026,3,z_P,35,0.01024564865016137,0.10122079159027245,False
F2,3026,3,z_P,36,0.025427584923341642,0.15946029262277692,False
F2,3026,3,z_P,37,0.010784594706826765,0.10384890325288354,False
F2,3026,3,z_P,38,0.018702139215631818,0.13675576483509505,False
F2,3026,3,z_P,39,0.01893396869176293,0.13760075832553734,False
F2,3026,3,z_P,40,0.020276643734117274,0.14239608047315513,False
F2,3026,3,z_P,41,0.01739155124873191,0.13187703078524293,False
F2,3026,3,z_P,42,0.02636551892868678,0.1623746252611127,False
F2,3026,3,z_P,43,0.013171232231831767,0.11476598900297844,False
F2,3026,3,z_P,44,0.040928411528146684,0.20230771494964467,False
F2,3026,3,z_P,45,0.024443619104772094,0.15634455252669371,False
F2,3026,3,z_P,46,0.008766125591504817,0.09362758990545905,False
F2,3026,3,z_P,47,0.028288045328025535,0.16819050308511932,False
F2,3026,3,z_P,48,0.018083031409565593,0.13447316241379018,False
F2,3026,3,z_P,49,0.007865534119524405,0.08868784651531689,False
F2,3026,3,z_P,50,0.02406198216678336,0.15511925143831554,False
F2,3026,3,z_P,51,0.007774210199375066,0.08817148178053415,False
F2,3026,3,z_P,52,0.01172294473007442,0.10827254836787772,False
F2,3026,3,z_P,53,0.027523527413086526,0.16590216217122225,False
F2,3026,3,z_P,54,0.01494643363190144,0.12225560777281932,False
F2,3026,3,z_P,55,0.01124158033012129,0.1060263190444773,False
F2,3026,3,z_P,56,0.017475697249893667,0.13219567787902017,False
F2,3026,3,z_P,57,0.03420756514561601,0.18495287276929767,False
F2,3026,3,z_P,58,0.01789700137121018,0.1337796747312916,False
F2,3026,3,z_P,59,0.01710071717549349,0.1307697104665048,False
F2,3026,3,z_P,60,0.013321771585684043,0.11541997914435803,False
F2,3026,3,z_P,61,0.01911947412761779,0.13827318658227916,False
F2,3026,3,z_P,62,0.012618268845260058,0.11233106803222365,False
F2,3026,3,z_P,63,0.024538475597639258,0.15664761599730542,False
F2,3026,3,z_P,64,0.021040745149792994,0.14505428345896235,False
F2,3026,3,z_P,65,0.02217322238501942,0.14890675735177172,False
F2,3026,3,z_P,66,0.02241336917165458,0.14971095207650834,False
F2,3026,3,z_P,67,0.02196591374027398,0.14820902044165188,False
F2,3026,3,z_P,68,0.015743339493325553,0.12547246508029383,False
F2,3026,3,z_P,69,0.023904600567137165,0.15461112691891604,False
F2,3026,3,z_P,70,0.030445688339447868,0.17448692884983638,False
F2,3026,3,z_P,71,0.016523894327983946,0.12854530068417105,False
F2,3026,3,z_P,72,0.013313619883695105,0.11538466052164432,False
F2,3026,3,z_P,73,0.011578147719530887,0.10760180165559909,False
F2,3026,3,z_P,74,0.01936209138717014,0.1391477322386899,False
F2,3026,3,z_P,75,0.008624465498770101,0.09286800040256117,False
F2,3026,3,z_P,76,0.014797677476549934,0.12164570471886763,False
F2,3026,3,z_P,77,0.01244869180229959,0.11157370569403702,False
F2,3026,3,z_P,78,0.01836299034668861,0.13551011160311474,False
F2,3026,3,z_P,79,0.01632022748886815,0.12775064574736267,False
F2,3026,3,z_P,80,0.03206282328629611,0.17906094852394844,False
F2,3026,3,z_P,81,0.008448292036661809,0.09191459098892737,False
F2,3026,3,z_P,82,0.012729469346150428,0.11282495001616631,False
F2,3026,3,z_P,83,0.018696245674445798,0.13673421544897166,False
F2,3026,3,z_P,84,0.022969828044375733,0.15155800224460514,False
F2,3026,3,z_P,85,0.011237016270044978,0.10600479361823681,False
F2,3026,3,z_P,86,0.022119484946972832,0.14872620800307132,False
F2,3026,3,z_P,87,0.03293541142670358,0.18148115997729236,False
F2,3026,3,z_P,88,0.01371369035326734,0.11710546679496794,False
F2,3026,3,z_P,89,0.02242420330796446,0.14974713121781152,False
F2,3026,3,z_P,90,0.012388865542386678,0.11130528083782314,False
F2,3026,3,z_P,91,0.01576597461433665,0.1255626322372092,False
F2,3026,3,z_P,92,0.012799679844531776,0.11313567008035873,False
F2,3026,3,z_P,93,0.02004117590704394,0.14156686020055662,False
F2,3026,3,z_P,94,0.014412884442350463,0.12005367317308731,False
F2,3026,3,z_P,95,0.022217049136271042,0.14905384643232472,False
F2,3026,4,z_R,0,0.6196999913657643,0.7872102586766538,False
F2,3026,4,z_R,1,0.6823531134006127,0.8260466774950509,False
F2,3026,4,z_R,2,0.5922395581841408,0.7695710221832295,False
F2,3026,4,z_R,3,0.4868580491508575,0.6977521401979772,False
F2,3026,4,z_R,4,0.7877176842967446,0.8875346101965514,False
F2,3026,4,z_R,5,1.9529619007094172,1.3974841325429843,False
F2,3026,4,z_R,6,0.8340870699377557,0.913283674406674,False
F2,3026,4,z_R,7,0.5342002064138822,0.7308900097920905,False
F2,3026,4,z_R,8,0.2416757560599356,0.4916052848169308,False
F2,3026,4,z_R,9,0.7324503375610151,0.855833124832765,False
F2,3026,4,z_R,10,0.5659832040864126,0.7523185522678625,False
F2,3026,4,z_R,11,0.22771620906542922,0.47719619556889725,False
F2,3026,4,z_R,12,0.3406878089979499,0.5836846828536363,False
F2,3026,4,z_R,13,0.14402451933790972,0.3795056249094468,False
F2,3026,4,z_R,14,0.7523387474931453,0.8673746292653165,False
F2,3026,4,z_R,15,0.13007388735694048,0.3606575763198944,False
F2,3026,4,z_R,16,0.7899846261816319,0.8888107932409641,False
F2,3026,4,z_R,17,0.158036018361077,0.39753744271587427,False
F2,3026,4,z_R,18,0.2040885918956904,0.4517616538570869,False
F2,3026,4,z_R,19,0.1793435761526309,0.42348975920632476,False
F2,3026,4,z_R,20,1.938370274825416,1.3922536675568198,False
F2,3026,4,z_R,21,0.4422415763199851,0.6650124632816931,False
F2,3026,4,z_R,22,0.6850984314676118,0.8277067303505583,False
F2,3026,4,z_R,23,1.6562240513959778,1.2869436861789942,False
F2,3026,4,z_R,24,0.6629128048251647,0.814194574303443,False
F2,3026,4,z_R,25,0.32447045934439134,0.5696230853330922,False
F2,3026,4,z_R,26,0.1920027853178747,0.4381812242872516,False
F2,3026,4,z_R,27,1.9927783838567659,1.411658026526526,False
F2,3026,4,z_R,28,0.2450452482158708,0.4950204523207812,False
F2,3026,4,z_R,29,0.6993624702814601,0.8362789428662306,False
F2,3026,4,z_R,30,0.8573945775141294,0.9259560343310742,False
F2,3026,4,z_R,31,1.4007332685560687,1.1835257785769049,False
F2,3026,4,z_R,32,0.962369580875813,0.9810043735253238,False
F2,3026,4,z_R,33,1.3116597483001464,1.1452771491216205,False
F2,3026,4,z_R,34,1.9692296436688532,1.4032924298480531,False
F2,3026,4,z_R,35,1.100260960417709,1.0489332487902692,False
F2,3026,4,z_R,36,0.7076394398669609,0.8412130763765866,False
F2,3026,4,z_R,37,0.21810258168094734,0.46701454118790275,False
F2,3026,4,z_R,38,0.5241665220470452,0.7239934544227905,False
F2,3026,4,z_R,39,0.5091304441158181,0.7135337722321334,False
F2,3026,4,z_R,40,0.8184283356865231,0.9046702911483957,False
F2,3026,4,z_R,41,0.5176797691025753,0.719499665811302,False
F2,3026,4,z_R,42,1.0034638866511678,1.0017304461037249,False
F2,3026,4,z_R,43,0.19675270786853605,0.4435681547051547,False
F2,3026,4,z_R,44,0.2977891244634997,0.5457005813296333,False
F2,3026,4,z_R,45,1.1493767031215738,1.0720898764196842,False
F2,3026,4,z_R,46,0.20253795391390336,0.4500421690396394,False
F2,3026,4,z_R,47,1.9209196001778839,1.3859724384625705,False
F2,3026,4,z_R,48,0.6287432337509615,0.7929333097751421,False
F2,3026,4,z_R,49,1.6878152292582544,1.2991594318089887,False
F2,3026,4,z_R,50,0.5986319035905581,0.7737130628279182,False
F2,3026,4,z_R,51,0.965394637939549,0.9825449801100961,False
F2,3026,4,z_R,52,0.9483175567922711,0.9738159768622977,False
F2,3026,4,z_R,53,0.17717592638538845,0.42092270832706147,False
F2,3026,4,z_R,54,0.38820419030241565,0.6230603424247251,False
F2,3026,4,z_R,55,0.759816145770704,0.8716743346977149,False
F2,3026,4,z_R,56,0.22834852272292055,0.4778582663540734,False
F2,3026,4,z_R,57,0.2607247262398837,0.5106121093745072,False
F2,3026,4,z_R,58,1.8128827697114585,1.3464333513811437,False
F2,3026,4,z_R,59,1.0113109058299887,1.0056395506492317,False
F2,3026,4,z_R,60,0.8206382951176979,0.9058908847745947,False
F2,3026,4,z_R,61,0.47698570947797786,0.6906415202389572,False
F2,3026,4,z_R,62,1.974548872444544,1.405186419107637,False
F2,3026,4,z_R,63,0.3635589128326329,0.6029584669217548,False
F2,3026,4,z_R,64,0.20801094865925351,0.4560821731434518,False
F2,3026,4,z_R,65,0.3571059251469482,0.5975834043436516,False
F2,3026,4,z_R,66,1.7507653569364416,1.3231649016416818,False
F2,3026,4,z_R,67,1.0132656373227868,1.0066109662241847,False
F2,3026,4,z_R,68,0.13574132902168928,0.3684309012850161,False
F2,3026,4,z_R,69,0.2467226053560044,0.4967117930510654,False
F2,3026,4,z_R,70,0.18535477518843252,0.4305284835971164,False
F2,3026,4,z_R,71,0.9075206483927687,0.9526387816968028,False
F2,3026,4,z_R,72,0.4835964935700496,0.6954110249126408,False
F2,3026,4,z_R,73,0.38019989726859005,0.6166035170744569,False
F2,3026,4,z_R,74,0.41363508243327396,0.643144682348594,False
F2,3026,4,z_R,75,2.5574743344170314,1.59921053473801,False
F2,3026,4,z_R,76,0.29083467673892244,0.539290901776511,False
F2,3026,4,z_R,77,0.4721737109744595,0.6871489729123224,False
F2,3026,4,z_R,78,0.6479956165820169,0.8049817492229354,False
F2,3026,4,z_R,79,0.9490464506565388,0.9741901511802195,False
F2,3026,4,z_R,80,0.3966935461304515,0.6298361264094428,False
F2,3026,4,z_R,81,0.4615702617092731,0.6793896243756399,False
F2,3026,4,z_R,82,0.553880980521493,0.7442318056368546,False
F2,3026,4,z_R,83,0.18754444899171374,0.43306402412543316,False
F2,3026,4,z_R,84,1.0197036016512773,1.0098037441261927,False
F2,3026,4,z_R,85,0.7379420569722094,0.8590355388295698,False
F2,3026,4,z_R,86,2.270458816959502,1.5068041733946391,False
F2,3026,4,z_R,87,0.3855207175470897,0.6209031466719184,False
F2,3026,4,z_R,88,0.24987990137868976,0.49987988695154534,False
F2,3026,4,z_R,89,0.2987698038250787,0.5465983935441804,False
F2,3026,4,z_R,90,0.16698761383042365,0.4086411798025545,False
F2,3026,4,z_R,91,0.2024287701826978,0.44992084879753885,False
F2,3026,4,z_R,92,0.336414666347491,0.580012643265206,False
F2,3026,4,z_R,93,0.6360939922009445,0.7975550088871266,False
F2,3026,4,z_R,94,0.6641971918564142,0.8149829396106487,False
F2,3026,4,z_R,95,1.2467362679182423,1.1165734494059234,False
F2,3026,4,z_P,0,0.012061394753127213,0.109824381414726,False
F2,3026,4,z_P,1,0.015251488428038588,0.12349691667421737,False
F2,3026,4,z_P,2,0.009514628982431094,0.0975429596763964,False
F2,3026,4,z_P,3,0.013663886427650963,0.11689262777288807,False
F2,3026,4,z_P,4,0.02626206860254125,0.16205575769635971,False
F2,3026,4,z_P,5,0.017667757414410405,0.13292011666565148,False
F2,3026,4,z_P,6,0.049302795084945526,0.22204232723727593,False
F2,3026,4,z_P,7,0.011120753266277353,0.10545498217854551,False
F2,3026,4,z_P,8,0.010895498601958233,0.10438150507613038,False
F2,3026,4,z_P,9,0.016951349582737366,0.13019734860102708,False
F2,3026,4,z_P,10,0.014526602282097033,0.12052635513487095,False
F2,3026,4,z_P,11,0.015497460771237733,0.12448879777408782,False
F2,3026,4,z_P,12,0.026477612738358754,0.1627194295047729,False
F2,3026,4,z_P,13,0.023012180477543415,0.15169766141092425,False
F2,3026,4,z_P,14,0.021164540273837688,0.14548037762474253,False
F2,3026,4,z_P,15,0.01673084045914098,0.12934775011240426,False
F2,3026,4,z_P,16,0.022213417935968184,0.14904166510062944,False
F2,3026,4,z_P,17,0.010821909868405661,0.10402840894873698,False
F2,3026,4,z_P,18,0.029375134642466594,0.1713917578020209,False
F2,3026,4,z_P,19,0.008714346826429029,0.0933506659131526,False
F2,3026,4,z_P,20,0.007129096612924283,0.08443397783430721,False
F2,3026,4,z_P,21,0.018208032107710014,0.13493714132035706,False
F2,3026,4,z_P,22,0.006270942863569392,0.079189285030043,False
F2,3026,4,z_P,23,0.015151219986034886,0.12309029200564472,False
F2,3026,4,z_P,24,0.02017609598009109,0.1420425850936651,False
F2,3026,4,z_P,25,0.015226362052790644,0.12339514598553156,False
F2,3026,4,z_P,26,0.01314189872015083,0.11463812071100446,False
F2,3026,4,z_P,27,0.022406478215091903,0.14968793610405584,False
F2,3026,4,z_P,28,0.027926564597455853,0.16711243100815645,False
F2,3026,4,z_P,29,0.010595652616125769,0.10293518648220233,False
F2,3026,4,z_P,30,0.014863123961987525,0.12191441244572983,False
F2,3026,4,z_P,31,0.01608581378669489,0.12682986157327023,False
F2,3026,4,z_P,32,0.01018167425594438,0.10090428264421873,False
F2,3026,4,z_P,33,0.010011045713371474,0.10005521332430146,False
F2,3026,4,z_P,34,0.017181774215527714,0.13107926691711286,False
F2,3026,4,z_P,35,0.011726901111779767,0.10829081730128261,False
F2,3026,4,z_P,36,0.01017181254871205,0.10085540416215708,False
F2,3026,4,z_P,37,0.010863395540798978,0.10422761409913871,False
F2,3026,4,z_P,38,0.027101244157860593,0.16462455514855792,False
F2,3026,4,z_P,39,0.014312401818358845,0.11963445080059024,False
F2,3026,4,z_P,40,0.023662429085857875,0.153825970128122,False
F2,3026,4,z_P,41,0.0182559553428815,0.13511460077608747,False
F2,3026,4,z_P,42,0.01072714660632624,0.10357193928051285,False
F2,3026,4,z_P,43,0.012515132287195082,0.11187105205188284,False
F2,3026,4,z_P,44,0.007114769078990745,0.0843490905641,False
F2,3026,4,z_P,45,0.02584830256443344,0.16077407304796829,False
F2,3026,4,z_P,46,0.00702181839089076,0.08379629103302103,False
F2,3026,4,z_P,47,0.016473210109134568,0.12834800391566115,False
F2,3026,4,z_P,48,0.02280027937518164,0.15099761380625074,False
F2,3026,4,z_P,49,0.01439335769441155,0.1199723205344114,False
F2,3026,4,z_P,50,0.01316156842155611,0.11472387903813272,False
F2,3026,4,z_P,51,0.01130516593289671,0.10632575385529468,False
F2,3026,4,z_P,52,0.010162988797068279,0.10081165010586961,False
F2,3026,4,z_P,53,0.017722868708058143,0.13312726508141803,False
F2,3026,4,z_P,54,0.021910072709791322,0.14802051448968592,False
F2,3026,4,z_P,55,0.0170091767900193,0.1304192347394329,False
F2,3026,4,z_P,56,0.009511886154676246,0.09752889907446022,False
F2,3026,4,z_P,57,0.020459823090154178,0.14303783796658204,False
F2,3026,4,z_P,58,0.025441996652574992,0.15950547530594364,False
F2,3026,4,z_P,59,0.007311218222982471,0.08550566193523369,False
F2,3026,4,z_P,60,0.016182121426231037,0.12720896755430033,False
F2,3026,4,z_P,61,0.04107145175130928,0.2026609280332775,False
F2,3026,4,z_P,62,0.01910347666379211,0.13821532716667898,False
F2,3026,4,z_P,63,0.01680607993142231,0.12963826569120057,False
F2,3026,4,z_P,64,0.024984106470037924,0.15806361526308932,False
F2,3026,4,z_P,65,0.011055236503745024,0.10514388476628123,False
F2,3026,4,z_P,66,0.007112503398398325,0.08433565911521843,False
F2,3026,4,z_P,67,0.02429737500689923,0.15587615278450784,False
F2,3026,4,z_P,68,0.01838864227374668,0.135604728065605,False
F2,3026,4,z_P,69,0.025213776201097136,0.15878846369021,False
F2,3026,4,z_P,70,0.01532441872239003,0.12379183625098236,False
F2,3026,4,z_P,71,0.015396343282005391,0.12408200224853479,False
F2,3026,4,z_P,72,0.01710857716241805,0.13079975979495548,False
F2,3026,4,z_P,73,0.021797252138979272,0.1476389248774837,False
F2,3026,4,z_P,74,0.01411868380734685,0.11882206784662036,False
F2,3026,4,z_P,75,0.012164511627589178,0.11029284486125643,False
F2,3026,4,z_P,76,0.012818973711584988,0.11322090668946698,False
F2,3026,4,z_P,77,0.03336908202578032,0.182672061426427,False
F2,3026,4,z_P,78,0.010613852518528439,0.10302355322220468,False
F2,3026,4,z_P,79,0.026625672499536825,0.16317374941925195,False
F2,3026,4,z_P,80,0.01330560956258181,0.11534994392101719,False
F2,3026,4,z_P,81,0.019476503313133425,0.13955824344385187,False
F2,3026,4,z_P,82,0.034356505355430264,0.18535507911959215,False
F2,3026,4,z_P,83,0.012457198625231453,0.11161182117155626,False
F2,3026,4,z_P,84,0.022268014713788156,0.14922471214175,False
F2,3026,4,z_P,85,0.01955020215598569,0.13982203744755578,False
F2,3026,4,z_P,86,0.01418902385468404,0.11911768909227563,False
F2,3026,4,z_P,87,0.019325498364079294,0.1390161802240275,False
F2,3026,4,z_P,88,0.010467973094907691,0.10231311301542775,False
F2,3026,4,z_P,89,0.018209931714011432,0.13494417999310468,False
F2,3026,4,z_P,90,0.014449393970335222,0.12020563202419103,False
F2,3026,4,z_P,91,0.02579356990941221,0.1606037667970842,False
F2,3026,4,z_P,92,0.009929927320096916,0.09964902066802722,False
F2,3026,4,z_P,93,0.026109584059273556,0.16158460341032976,False
F2,3026,4,z_P,94,0.023884314542722284,0.15454550961681895,False
F2,3026,4,z_P,95,0.012793000475369534,0.1131061469389243,False
F0,2026,0,F0,0,0.6129462480582629,0.7829088376422014,False
F0,2026,0,F0,1,0.3692741903805716,0.6076793483248971,False
F0,2026,0,F0,2,1.3131622508651146,1.1459329172622255,False
F0,2026,0,F0,3,0.20811381291244327,0.456194928635165,False
F0,2026,0,F0,4,1.5166936198377012,1.231541156371845,False
F0,2026,0,F0,5,1.0749660929181046,1.0368057160905821,False
F0,2026,0,F0,6,1.3950336437686417,1.181115423558867,False
F0,2026,0,F0,7,1.2370665401686882,1.112234930295164,False
F0,2026,0,F0,8,0.8830586031100637,0.939711978805242,False
F0,2026,0,F0,9,2.212390216349999,1.487410574236313,False
F0,2026,0,F0,10,0.8923429223258496,0.9446390434053896,False
F0,2026,0,F0,11,0.7931568001454882,0.8905935100512962,False
F0,2026,0,F0,12,1.873159450788355,1.3686341552030459,False
F0,2026,0,F0,13,2.3683069083468755,1.5389304429852817,False
F0,2026,0,F0,14,1.1093693470131345,1.0532660380991758,False
F0,2026,0,F0,15,0.2608256144493146,0.5107108912577787,False
F0,2026,0,F0,16,0.29146978635989024,0.5398794183518114,False
F0,2026,0,F0,17,0.4773259963330554,0.6908878319474554,False
F0,2026,0,F0,18,0.4191291322366749,0.6474018321233536,False
F0,2026,0,F0,19,0.8160259350336816,0.9033415384192635,False
F0,2026,0,F0,20,0.14199175306703923,0.37681793092558535,False
F0,2026,0,F0,21,0.1336934056600328,0.36564108858282435,False
F0,2026,0,F0,22,0.5993850794629038,0.7741996379893908,False
F0,2026,0,F0,23,1.9493036893755038,1.3961746629184701,False
F0,2026,0,F0,24,0.29875267695137864,0.5465827265395227,False
F0,2026,0,F0,25,0.6957353915417774,0.8341075419523417,False
F0,2026,0,F0,26,0.16837057565266825,0.41032983763390674,False
F0,2026,0,F0,27,0.46782713930834674,0.6839789026778141,False
F0,2026,0,F0,28,0.5649016850618096,0.7515994179493553,False
F0,2026,0,F0,29,0.5694260711588706,0.754603254140128,False
F0,2026,0,F0,30,0.8397329341147639,0.916369431023735,False
F0,2026,0,F0,31,0.7199294250354871,0.8484865497080594,False
F0,2026,0,F0,32,0.6465103398958751,0.8040586669490449,False
F0,2026,0,F0,33,0.6536151496449564,0.8084646867024906,False
F0,2026,0,F0,34,0.4107227023229407,0.6408765109776927,False
F0,2026,0,F0,35,0.43200563801528036,0.6572713579757453,False
F0,2026,0,F0,36,1.1691339576896642,1.0812649803307532,False
F0,2026,0,F0,37,0.5787592954535522,0.7607623120617584,False
F0,2026,0,F0,38,0.9528232405660754,0.9761266519084885,False
F0,2026,0,F0,39,0.6175139465565106,0.7858205562063839,False
F0,2026,0,F0,40,0.44430902981046133,0.6665650979540267,False
F0,2026,0,F0,41,0.5096580706486386,0.713903404284248,False
F0,2026,0,F0,42,0.2997920799087674,0.5475327204001305,False
F0,2026,0,F0,43,0.14912884490119094,0.3861720405482392,False
F0,2026,0,F0,44,0.8747400149612827,0.9352753685205671,False
F0,2026,0,F0,45,1.2591722754744292,1.1221284576528792,False
F0,2026,0,F0,46,0.44924685908047796,0.6702588000768643,False
F0,2026,0,F0,47,2.0565095782689795,1.434053547908508,False
F0,2026,0,F0,48,0.32230273567992296,0.5677171264634554,False
F0,2026,0,F0,49,0.6548040158890635,0.8091996143653699,False
F0,2026,0,F0,50,0.6341990530586327,0.7963661551438714,False
F0,2026,0,F0,51,0.7476589194756743,0.8646727239110034,False
F0,2026,0,F0,52,0.8035256387849748,0.8963959163143119,False
F0,2026,0,F0,53,0.7322631411715773,0.8557237528382494,False
F0,2026,0,F0,54,1.124901918453475,1.0606139346875822,False
F0,2026,0,F0,55,0.474743941406402,0.6890166481344279,False
F0,2026,0,F0,56,0.1961033332453956,0.4428355600506757,False
F0,2026,0,F0,57,0.6514352529712314,0.807115390121655,False
F0,2026,0,F0,58,0.3082129395244919,0.5551692890682012,False
F0,2026,0,F0,59,0.39069591552844607,0.6250567298481363,False
F0,2026,0,F0,60,0.45269476111727697,0.6728259515783238,False
F0,2026,0,F0,61,0.3077471013307176,0.5547495843447903,False
F0,2026,0,F0,62,0.5186359519646349,0.7201638368903529,False
F0,2026,0,F0,63,0.9750146206248884,0.9874282863200184,False
F0,2026,0,F0,64,0.5918954264116493,0.7693474029407321,False
F0,2026,0,F0,65,2.82223452094007,1.6799507495578763,False
F0,2026,0,F0,66,0.16885529717400566,0.41092006178088414,False
F0,2026,0,F0,67,0.6491868261150024,0.8057213079688301,False
F0,2026,0,F0,68,0.3534240545281758,0.594494789319617,False
F0,2026,0,F0,69,0.25877624619596884,0.5087005466833792,False
F0,2026,0,F0,70,0.35210681248546105,0.5933858883437161,False
F0,2026,0,F0,71,0.9613433067017204,0.9804811608091817,False
F0,2026,0,F0,72,0.4755143191676559,0.6895754629970935,False
F0,2026,0,F0,73,0.7257831874534104,0.8519290976679986,False
F0,2026,0,F0,74,0.946278107157179,0.9727682700197303,False
F0,2026,0,F0,75,0.25321834882596467,0.5032080571949983,False
F0,2026,0,F0,76,0.5284449562323513,0.726942195936067,False
F0,2026,0,F0,77,0.5932087951974387,0.7702004902604508,False
F0,2026,0,F0,78,1.0825542328286188,1.0404586646420024,False
F0,2026,0,F0,79,0.2368858309269916,0.48670918516809564,False
F0,2026,0,F0,80,0.6259484568060908,0.7911690443932262,False
F0,2026,0,F0,81,0.33537662633809406,0.5791171093467141,False
F0,2026,0,F0,82,1.128248912104473,1.0621906194767834,False
F0,2026,0,F0,83,2.8719983213658526,1.6946971178844474,False
F0,2026,0,F0,84,0.7620439805827981,0.8729513048176273,False
F0,2026,0,F0,85,0.6367067146198931,0.797939041919803,False
F0,2026,0,F0,86,0.3578004783302283,0.5981642569814987,False
F0,2026,0,F0,87,1.2832735306464997,1.1328166359329739,False
F0,2026,0,F0,88,0.621841640537725,0.788569363174683,False
F0,2026,0,F0,89,0.3067893848823038,0.5538857146400363,False
F0,2026,0,F0,90,2.512205172340454,1.5849937452054674,False
F0,2026,0,F0,91,0.6438003770154022,0.8023717199748519,False
F0,2026,0,F0,92,0.5508892748900881,0.7422191555666615,False
F0,2026,0,F0,93,1.2489295484183975,1.1175551657159468,False
F0,2026,0,F0,94,0.8265678189594056,0.9091577525157037,False
F0,2026,0,F0,95,0.32517089610453614,0.570237578649931,False
F0,2026,0,F0,96,1.268231481799345,1.1261578405353954,False
F0,2026,0,F0,97,0.7574355383760698,0.8703077262532315,False
F0,2026,0,F0,98,0.5554735802632765,0.7453009997734314,False
F0,2026,0,F0,99,0.2560906801404784,0.5060540288748607,False
F0,2026,0,F0,100,0.30133553594211687,0.548940375580187,False
F0,2026,0,F0,101,1.6548567298972918,1.2864123483149918,False
F0,2026,0,F0,102,0.9471767635138378,0.9732300671032712,False
F0,2026,0,F0,103,0.8894779874049662,0.9431214065034078,False
F0,2026,0,F0,104,1.121774983742504,1.0591387934272372,False
F0,2026,0,F0,105,0.6366433675943122,0.7978993467814798,False
F0,2026,0,F0,106,0.21954796521435088,0.46855945750176775,False
F0,2026,0,F0,107,2.004348112489531,1.4157500176547875,False
F0,2026,0,F0,108,1.0504493680109765,1.0249143222781973,False
F0,2026,0,F0,109,1.0848286688283626,1.0415510879588974,False
F0,2026,0,F0,110,0.7195804454382793,0.8482808765015744,False
F0,2026,0,F0,111,0.8132136197371329,0.9017835769945763,False
F0,2026,0,F0,112,1.0283108197031001,1.0140566156300643,False
F0,2026,0,F0,113,0.47461235051140005,0.6889211497053926,False
F0,2026,0,F0,114,0.8977941188605046,0.947519983356818,False
F0,2026,0,F0,115,0.33771434975955505,0.5811319555484409,False
F0,2026,0,F0,116,0.28558551077047534,0.5344020123188865,False
F0,2026,0,F0,117,0.4228329864590826,0.650256092981129,False
F0,2026,0,F0,118,0.35311682570577524,0.5942363382575785,False
F0,2026,0,F0,119,1.4797145479645253,1.2164351803382396,False
F0,2026,0,F0,120,1.5245820233307865,1.2347396581185794,False
F0,2026,0,F0,121,2.4178942137702544,1.5549579459812586,False
F0,2026,0,F0,122,0.3999788446266799,0.6324388070214223,False
F0,2026,0,F0,123,0.2428959908554645,0.4928447938808571,False
F0,2026,0,F0,124,0.3088120671177677,0.5557086170987163,False
F0,2026,0,F0,125,0.6495890980757544,0.8059709039883228,False
F0,2026,0,F0,126,0.9882857675806191,0.9941256296769635,False
F0,2026,0,F0,127,1.0726725120108416,1.035699045095071,False
F0,2026,0,F0,128,1.4178618167553556,1.190740029038814,False
F0,2026,0,F0,129,0.6658586558444025,0.816001627354016,False
F0,2026,0,F0,130,0.7938810999503538,0.8910000560888612,False
F0,2026,0,F0,131,0.990748191973935,0.9953633467101022,False
F0,2026,0,F0,132,1.6188993100935898,1.2723597408333815,False
F0,2026,0,F0,133,0.4595963918969843,0.6779353891758302,False
F0,2026,0,F0,134,1.081040943351327,1.039731188024735,False
F0,2026,0,F0,135,0.7590167199250295,0.8712156563819485,False
F0,2026,0,F0,136,0.4067334979448387,0.6377566134073709,False
F0,2026,0,F0,137,2.9024515340082346,1.7036582797052449,False
F0,2026,0,F0,138,0.7043973847789599,0.8392838523282572,False
F0,2026,0,F0,139,1.0673310627233352,1.0331171582755438,False
F0,2026,0,F0,140,0.17754066216585865,0.4213557430080414,False
F0,2026,0,F0,141,1.0632897624643614,1.031159426308251,False
F0,2026,0,F0,142,1.6376629118887864,1.279712042566134,False
F0,2026,0,F0,143,1.0703861604744922,1.034594684151476,False
F0,2026,0,F0,144,1.013275112590382,1.0066156727323403,False
F0,2026,0,F0,145,1.54059686014428,1.2412078231079113,False
F0,2026,0,F0,146,0.31457756210754345,0.5608721441715068,False
F0,2026,0,F0,147,0.39699698613987644,0.6300769684251889,False
F0,2026,0,F0,148,0.34631049920899354,0.588481519853422,False
F0,2026,0,F0,149,0.5584288181049313,0.7472809499143754,False
F0,2026,0,F0,150,0.22174155388352124,0.47089441904053314,False
F0,2026,0,F0,151,0.4554697191627723,0.6748849673557504,False
F0,2026,0,F0,152,0.2152072509193833,0.4639043553572043,False
F0,2026,0,F0,153,0.7068613225026095,0.8407504519788315,False
F0,2026,0,F0,154,0.3775060867694718,0.6144152396950061,False
F0,2026,0,F0,155,1.1406418824390196,1.0680083718955669,False
F0,2026,0,F0,156,0.923870811049767,0.9611819864363704,False
F0,2026,0,F0,157,3.073910220018695,1.7532570319319112,False
F0,2026,0,F0,158,0.5600018929723014,0.7483327421490399,False
F0,2026,0,F0,159,1.0428140694924157,1.0211826817432892,False
F0,2026,0,F0,160,0.7053206992779558,0.8398337331150469,False
F0,2026,0,F0,161,0.9519494156821589,0.975678951132061,False
F0,2026,0,F0,162,0.38012033215707863,0.6165389948389952,False
F0,2026,0,F0,163,1.0858483066288651,1.0420404534512395,False
F0,2026,0,F0,164,1.4087863909533362,1.1869230771003385,False
F0,2026,0,F0,165,1.5739747304654417,1.2545814961434119,False
F0,2026,0,F0,166,0.30017635341014803,0.5478835217545314,False
F0,2026,0,F0,167,0.6955550016007652,0.8339994014390929,False
F0,2026,0,F0,168,1.6115995238146883,1.269487898254524,False
F0,2026,0,F0,169,1.6553256332842503,1.2865945877720186,False
F0,2026,0,F0,170,0.7377106001039608,0.858900809234664,False
F0,2026,0,F0,171,0.521116377629975,0.7218839086930633,False
F0,2026,0,F0,172,0.10378639344891685,0.32215895680380646,False
F0,2026,0,F0,173,0.5255326759807034,0.7249363254663843,False
F0,2026,0,F0,174,0.42487767022539513,0.6518264111137222,False
F0,2026,0,F0,175,0.6276495080813629,0.7922433389315198,False
F0,2026,0,F0,176,0.3214439420751912,0.5669602649879365,False
F0,2026,0,F0,177,0.441656761597424,0.6645726157444527,False
F0,2026,0,F0,178,1.4659104849332756,1.210747903129828,False
F0,2026,0,F0,179,0.8588261072892239,0.9267287128870152,False
F0,2026,0,F0,180,0.4494624339910452,0.6704195954706613,False
F0,2026,0,F0,181,0.36749785552888325,0.6062160139165603,False
F0,2026,0,F0,182,0.48714163078918893,0.6979553214849707,False
F0,2026,0,F0,183,0.6621503721353694,0.8137262267712461,False
F0,2026,0,F0,184,0.6826282406379467,0.8262131932122282,False
F0,2026,0,F0,185,1.3946385575147684,1.1809481603841756,False
F0,2026,0,F0,186,0.6880262649920297,0.8294734866118565,False
F0,2026,0,F0,187,1.1615190941491191,1.0777379524490724,False
F0,2026,0,F0,188,0.37167157894301295,0.6096487340616832,False
F0,2026,0,F0,189,0.09191292339709894,0.30317144225190296,False
F0,2026,0,F0,190,0.27622613980745103,0.525572202278099,False
F0,2026,0,F0,191,0.5967847547674913,0.7725184494673841,False
F0,2026,1,F0,0,0.5736115881827926,0.7573714994524104,False
F0,2026,1,F0,1,1.2757527768054966,1.1294922650489894,False
F0,2026,1,F0,2,0.3938951083822543,0.6276106343763259,False
F0,2026,1,F0,3,0.11783966549414318,0.3432778255205879,False
F0,2026,1,F0,4,0.41044360151570863,0.6406587246855447,False
F0,2026,1,F0,5,1.100890120054904,1.049233110445388,False
F0,2026,1,F0,6,0.883320009259515,0.9398510569550449,False
F0,2026,1,F0,7,1.0068527864028445,1.0034205431437233,False
F0,2026,1,F0,8,0.7078384927894419,0.8413313810796801,False
F0,2026,1,F0,9,0.6097003618386725,0.7808331203520202,False
F0,2026,1,F0,10,0.6223504635830192,0.788891921357431,False
F0,2026,1,F0,11,0.22799008803905138,0.4774830761807704,False
F0,2026,1,F0,12,0.4064725099497649,0.6375519664700007,False
F0,2026,1,F0,13,0.126066630455277,0.355058629602601,False
F0,2026,1,F0,14,0.4566062049065847,0.6757264275626526,False
F0,2026,1,F0,15,0.10281658156558579,0.3206502480360584,False
F0,2026,1,F0,16,0.2692880019965695,0.5189296696052071,False
F0,2026,1,F0,17,0.26374872559065793,0.5135647238573322,False
F0,2026,1,F0,18,0.8533808908440125,0.9237861716025049,False
F0,2026,1,F0,19,0.8550959201315745,0.9247139666575684,False
F0,2026,1,F0,20,0.7455407603508922,0.8634470223186205,False
F0,2026,1,F0,21,0.3263516866350344,0.5712719900669333,False
F0,2026,1,F0,22,0.573153885738875,0.757069274068678,False
F0,2026,1,F0,23,0.357854616332074,0.5982095087275644,False
F0,2026,1,F0,24,0.42190393905546875,0.6495413297515938,False
F0,2026,1,F0,25,0.490481877964788,0.7003441139645481,False
F0,2026,1,F0,26,0.4034982103193093,0.6352150898076252,False
F0,2026,1,F0,27,0.43411539385685344,0.658874338441598,False
F0,2026,1,F0,28,0.21107574237315732,0.4594298013550681,False
F0,2026,1,F0,29,0.5810547043453992,0.7622694434026588,False
F0,2026,1,F0,30,1.3793126607521728,1.1744414249983577,False
F0,2026,1,F0,31,2.704620235657727,1.644572964528399,False
F0,2026,1,F0,32,0.6287392043036412,0.7929307689222567,False
F0,2026,1,F0,33,0.368655617080117,0.6071701714347609,False
F0,2026,1,F0,34,1.231362016547592,1.1096675252288823,False
F0,2026,1,F0,35,0.4347889387612549,0.659385273388218,False
F0,2026,1,F0,36,0.6960546870819685,0.8342989195018584,False
F0,2026,1,F0,37,2.744245333649092,1.6565763893189749,False
F0,2026,1,F0,38,0.2824424852252132,0.5314531825337141,False
F0,2026,1,F0,39,0.3444417250000256,0.5868915785731004,False
F0,2026,1,F0,40,0.38146765993848547,0.6176306824781986,False
F0,2026,1,F0,41,0.4198262931164768,0.6479400382106949,False
F0,2026,1,F0,42,0.5096751532450667,0.713915368405154,False
F0,2026,1,F0,43,0.26105674477746593,0.510937124094018,False
F0,2026,1,F0,44,0.38273917525784745,0.6186591753605918,False
F0,2026,1,F0,45,0.774242705217625,0.8799106234258255,False
F0,2026,1,F0,46,0.7905687080877062,0.8891393074697047,False
F0,2026,1,F0,47,0.8031442086003246,0.896183133405402,False
F0,2026,1,F0,48,0.43926971089843303,0.6627742533460643,False
F0,2026,1,F0,49,2.7690932794138132,1.664059277614176,False
F0,2026,1,F0,50,0.9649089536108125,0.9822977927343686,False
F0,2026,1,F0,51,1.406947335730475,1.1861481086822483,False
F0,2026,1,F0,52,1.0089154720897093,1.004447844385018,False
F0,2026,1,F0,53,0.6719810577404073,0.8197445076000249,False
F0,2026,1,F0,54,1.5258037507138404,1.2352342898065292,False
F0,2026,1,F0,55,1.8119743277148521,1.3460959578406184,False
F0,2026,1,F0,56,1.164557706671637,1.0791467493680538,False
F0,2026,1,F0,57,0.2494855227210673,0.4994852577614952,False
F0,2026,1,F0,58,1.4323714845729678,1.1968172310645298,False
F0,2026,1,F0,59,0.18731724536688196,0.4328016235723729,False
F0,2026,1,F0,60,0.4691800670926705,0.6849672014722096,False
F0,2026,1,F0,61,1.5895040912592022,1.2607553653501549,False
F0,2026,1,F0,62,0.30898437233367726,0.5558636274606185,False
F0,2026,1,F0,63,0.18127335480387338,0.42576208709075236,False
F0,2026,1,F0,64,0.46708803547966193,0.6834383918683979,False
F0,2026,1,F0,65,0.637571855205525,0.7984809673408158,False
F0,2026,1,F0,66,0.5585482925970062,0.7473608851130799,False
F0,2026,1,F0,67,0.27371636885772116,0.5231790982615047,False
F0,2026,1,F0,68,1.0117370795597016,1.005851420220552,False
F0,2026,1,F0,69,0.28539874032698936,0.534227236601607,False
F0,2026,1,F0,70,0.4113838451115409,0.6413921149433792,False
F0,2026,1,F0,71,0.2921478364054705,0.540507017905846,False
F0,2026,1,F0,72,0.4165309728187158,0.6453921078063442,False
F0,2026,1,F0,73,0.1150674937566016,0.33921599867429836,False
F0,2026,1,F0,74,1.3455663563077438,1.1599854983178641,False
F0,2026,1,F0,75,0.22684706567189677,0.4762846477390351,False
F0,2026,1,F0,76,0.4582146042017074,0.6769155074318415,False
F0,2026,1,F0,77,2.523479620917887,1.5885463861398215,False
F0,2026,1,F0,78,1.5770273310449994,1.2557974880708271,False
F0,2026,1,F0,79,0.5260131386537602,0.7252676324321665,False
F0,2026,1,F0,80,0.2498118409791163,0.4998118055619698,False
F0,2026,1,F0,81,1.3239945427476942,1.150649617715008,False
F0,2026,1,F0,82,0.4952495249506588,0.7037396712923457,False
F0,2026,1,F0,83,0.7706837146579083,0.8778859348787337,False
F0,2026,1,F0,84,0.9543570410357125,0.976911992472051,False
F0,2026,1,F0,85,0.08968441747766108,0.2994735672436903,False
F0,2026,1,F0,86,0.46322097213801405,0.6806033882798513,False
F0,2026,1,F0,87,1.2718842811573627,1.1277784716678017,False
F0,2026,1,F0,88,0.5417719255922205,0.7360515780787515,False
F0,2026,1,F0,89,0.11759153980343826,0.3429162285507034,False
F0,2026,1,F0,90,1.0942848306703625,1.0460806998842693,False
F0,2026,1,F0,91,0.5478873460861459,0.740194127297796,False
F0,2026,1,F0,92,0.259067397242628,0.508986637587499,False
F0,2026,1,F0,93,0.8994916100119775,0.9484153151504764,False
F0,2026,1,F0,94,0.8278198320665268,0.9098460485524608,False
F0,2026,1,F0,95,0.7799405993694237,0.8831424570076017,False
F0,2026,1,F0,96,0.15858020479759444,0.3982213012855973,False
F0,2026,1,F0,97,0.6833553981450528,0.8266531304876628,False
F0,2026,1,F0,98,0.8275093029586102,0.9096753832871428,False
F0,2026,1,F0,99,2.956079892436759,1.7193254178417647,False
F0,2026,1,F0,100,0.5528816284927508,0.743560104156181,False
F0,2026,1,F0,101,0.9079711932688017,0.9528752243965637,False
F0,2026,1,F0,102,0.1498747480120033,0.3871366012301127,False
F0,2026,1,F0,103,0.4943008682220425,0.703065337093248,False
F0,2026,1,F0,104,1.8677126597147253,1.3666428427774118,False
F0,2026,1,F0,105,0.6082046814090142,0.779874785724615,False
F0,2026,1,F0,106,0.6549369608711718,0.8092817561709715,False
F0,2026,1,F0,107,0.22742652588464418,0.47689257268764856,False
F0,2026,1,F0,108,0.6194720504638188,0.7870654677114343,False
F0,2026,1,F0,109,0.6892726174877004,0.83022443802125,False
F0,2026,1,F0,110,0.3401691559903105,0.583240221512809,False
F0,2026,1,F0,111,0.8958536855543137,0.946495475717826,False
F0,2026,1,F0,112,1.2715076562031202,1.1276114828269177,False
F0,2026,1,F0,113,1.6094144318949724,1.2686269869015763,False
F0,2026,1,F0,114,0.6326732861564713,0.7954076226416688,False
F0,2026,1,F0,115,1.2029759945832392,1.096802623348084,False
F0,2026,1,F0,116,0.2965837171257553,0.5445950028468451,False
F0,2026,1,F0,117,0.4555361793900857,0.6749342037488437,False
F0,2026,1,F0,118,0.3593307550846721,0.5994420364678074,False
F0,2026,1,F0,119,0.750640946741954,0.8663953755312606,False
F0,2026,1,F0,120,0.46541437284262577,0.6822128501007774,False
F0,2026,1,F0,121,1.4897727423639426,1.2205624696687765,False
F0,2026,1,F0,122,0.261714738699618,0.5115806277602954,False
F0,2026,1,F0,123,0.23908879864356863,0.4889670731691129,False
F0,2026,1,F0,124,0.7059153202786469,0.8401876696778208,False
F0,2026,1,F0,125,0.7086945007888946,0.8418399496275374,False
F0,2026,1,F0,126,0.35695349375492624,0.5974558508834994,False
F0,2026,1,F0,127,0.23307003606006432,0.48277327604172987,False
F0,2026,1,F0,128,1.246472835408938,1.1164554784714606,False
F0,2026,1,F0,129,0.397158439761243,0.6302050775432098,False
F0,2026,1,F0,130,0.18720402572157196,0.43267080525680485,False
F0,2026,1,F0,131,1.0012357021232874,1.0006176603095147,False
F0,2026,1,F0,132,0.38237173624962284,0.6183621400519463,False
F0,2026,1,F0,133,0.9066809713289281,0.9521979685595471,False
F0,2026,1,F0,134,0.9181829919001844,0.9582186555792912,False
F0,2026,1,F0,135,1.3182404575927844,1.148146531411729,False
F0,2026,1,F0,136,0.2852998941072913,0.5341347153174855,False
F0,2026,1,F0,137,1.8370435216311782,1.3553757861313511,False
F0,2026,1,F0,138,0.1789886823922374,0.4230705406811462,False
F0,2026,1,F0,139,0.3175810143134269,0.5635432674723627,False
F0,2026,1,F0,140,0.6594474840760925,0.8120637192216461,False
F0,2026,1,F0,141,0.3758835247546803,0.6130934062234565,False
F0,2026,1,F0,142,0.45128139142462403,0.6717748070779552,False
F0,2026,1,F0,143,0.29253742484166007,0.5408672894912948,False
F0,2026,1,F0,144,0.7645273690494413,0.8743725573515224,False
F0,2026,1,F0,145,0.22857599031442538,0.47809621449497525,False
F0,2026,1,F0,146,0.1793086761962415,0.42344855200631104,False
F0,2026,1,F0,147,0.7887294996003797,0.8881044418312408,False
F0,2026,1,F0,148,0.8542949398052647,0.9242807689253654,False
F0,2026,1,F0,149,0.303678825487932,0.5510706175146086,False
F0,2026,1,F0,150,0.15597087874152124,0.3949314861359135,False
F0,2026,1,F0,151,1.3158704053266426,1.1471139460954358,False
F0,2026,1,F0,152,0.12690547181212236,0.3562379426901665,False
F0,2026,1,F0,153,0.37378841964730464,0.6113823841486641,False
F0,2026,1,F0,154,0.21976768540600433,0.46879386238090226,False
F0,2026,1,F0,155,0.4049234190643397,0.6363359325579059,False
F0,2026,1,F0,156,0.7013017366828689,0.8374376016652637,False
F0,2026,1,F0,157,0.16261146892315173,0.4032511238957081,False
F0,2026,1,F0,158,0.8274496423018247,0.9096425904177007,False
F0,2026,1,F0,159,2.0656876134294615,1.4372500177176766,False
F0,2026,1,F0,160,0.3149410625544793,0.5611960999102535,False
F0,2026,1,F0,161,0.10968227642376219,0.33118314634619045,False
F0,2026,1,F0,162,0.5494821837119556,0.7412706548299046,False
F0,2026,1,F0,163,1.089168400618943,1.0436323110267058,False
F0,2026,1,F0,164,1.0833550443664681,1.0408434293237712,False
F0,2026,1,F0,165,0.09993368118358414,0.316122889369916,False
F0,2026,1,F0,166,0.30991301624353107,0.5566983170834371,False
F0,2026,1,F0,167,1.3586074498252332,1.1655931750937945,False
F0,2026,1,F0,168,0.24079618632997024,0.4907098800003626,False
F0,2026,1,F0,169,1.3426126293334641,1.1587116247511562,False
F0,2026,1,F0,170,0.4889636547763297,0.6992593615936291,False
F0,2026,1,F0,171,0.5540107986356213,0.7443190167096507,False
F0,2026,1,F0,172,0.5962233587424792,0.7721550095301326,False
F0,2026,1,F0,173,0.2201087593777598,0.4691574995433408,False
F0,2026,1,F0,174,0.21750587324756124,0.4663752493942632,False
F0,2026,1,F0,175,0.3161176420959778,0.5622434011137684,False
F0,2026,1,F0,176,0.09279571200962497,0.30462388614424996,False
F0,2026,1,F0,177,0.43779608531423764,0.6616616093701052,False
F0,2026,1,F0,178,0.7772444758596078,0.8816146980737151,False
F0,2026,1,F0,179,0.44892267847349576,0.670016924020204,False
F0,2026,1,F0,180,1.514842284926367,1.2307892934724314,False
F0,2026,1,F0,181,0.19906319829296595,0.446164989990212,False
F0,2026,1,F0,182,1.8120372307486823,1.3461193226265948,False
F0,2026,1,F0,183,0.19382040555357907,0.4402503896120696,False
F0,2026,1,F0,184,0.6532761536368035,0.808255005327405,False
F0,2026,1,F0,185,0.1683857619366204,0.41034834218821986,False
F0,2026,1,F0,186,0.1760451915722442,0.4195773964029094,False
F0,2026,1,F0,187,0.4470322462503748,0.6686047010381955,False
F0,2026,1,F0,188,2.1879908078704697,1.479185859812914,False
F0,2026,1,F0,189,0.5198583507411874,0.7210120323137384,False
F0,2026,1,F0,190,0.20173219635034118,0.4491460746242153,False
F0,2026,1,F0,191,1.0006550231291145,1.0003274579502026,False
F0,2026,2,F0,0,1.7343277434934488,1.3169387774279595,False
F0,2026,2,F0,1,0.11650234314843909,0.34132439577100127,False
F0,2026,2,F0,2,0.3712470857258233,0.6093004888606469,False
F0,2026,2,F0,3,0.518609523440268,0.7201454876900001,False
F0,2026,2,F0,4,0.36625182921675786,0.6051874331285787,False
F0,2026,2,F0,5,0.575058779581262,0.7583263015228088,False
F0,2026,2,F0,6,0.46814699750492705,0.6842126844080918,False
F0,2026,2,F0,7,0.16838207944423048,0.41034385513155974,False
F0,2026,2,F0,8,0.6003797843591022,0.7748417802100647,False
F0,2026,2,F0,9,1.0583501420807417,1.028761460242724,False
F0,2026,2,F0,10,0.25806234287220237,0.5079983689660847,False
F0,2026,2,F0,11,0.2813058663618166,0.5303827545856074,False
F0,2026,2,F0,12,0.5407017377912096,0.7353242399045536,False
F0,2026,2,F0,13,0.13307565875383082,0.3647953655871067,False
F0,2026,2,F0,14,0.23420605620451734,0.4839484024196354,False
F0,2026,2,F0,15,0.5349162104640142,0.7313796623259455,False
F0,2026,2,F0,16,0.2859759337011261,0.5347671770977779,False
F0,2026,2,F0,17,1.0804242500307712,1.0394345818909294,False
F0,2026,2,F0,18,1.6503058662618473,1.2846423106304132,False
F0,2026,2,F0,19,0.25036647682319185,0.5003663426162793,False
F0,2026,2,F0,20,0.3187206543930314,0.5645535000272617,False
F0,2026,2,F0,21,0.5141838973872485,0.7170661736459533,False
F0,2026,2,F0,22,0.6620046515662645,0.8136366827806282,False
F0,2026,2,F0,23,0.3550213944922101,0.5958367179791877,False
F0,2026,2,F0,24,0.12080070386447257,0.34756395650940647,False
F0,2026,2,F0,25,0.6993194350801326,0.8362532122988423,False
F0,2026,2,F0,26,1.5709707036806893,1.253383701697405,False
F0,2026,2,F0,27,0.4046900843630076,0.6361525637478855,False
F0,2026,2,F0,28,1.7682262531078716,1.3297466875716861,False
F0,2026,2,F0,29,0.6305304972705605,0.7940595048675889,False
F0,2026,2,F0,30,0.19607216084312187,0.4428003622888331,False
F0,2026,2,F0,31,0.26630778752920814,0.5160501792744656,False
F0,2026,2,F0,32,0.16412780064768354,0.4051268945005793,False
F0,2026,2,F0,33,0.26529322515024495,0.5150662337508108,False
F0,2026,2,F0,34,0.2316407508427058,0.48129071343908747,False
F0,2026,2,F0,35,0.5585881849329667,0.7473875734402912,False
F0,2026,2,F0,36,0.7296516464294455,0.8541964916981605,False
F0,2026,2,F0,37,0.47071327293449833,0.6860854705752764,False
F0,2026,2,F0,38,0.3183695850860959,0.5642424878419702,False
F0,2026,2,F0,39,0.27707788299575425,0.52638187943332,False
F0,2026,2,F0,40,0.4019831265141823,0.6340213927890622,False
F0,2026,2,F0,41,0.4363460442847498,0.6605649432756403,False
F0,2026,2,F0,42,0.4270499125275419,0.6534905603966609,False
F0,2026,2,F0,43,0.4563676691646655,0.6755499013134896,False
F0,2026,2,F0,44,1.308599009515536,1.1439401249696315,False
F0,2026,2,F0,45,0.39963553064555146,0.6321673280434156,False
F0,2026,2,F0,46,0.5310985052413812,0.728765054898615,False
F0,2026,2,F0,47,0.7622536755233201,0.8730714034506686,False
F0,2026,2,F0,48,1.246715477619963,1.1165641395011587,False
F0,2026,2,F0,49,1.3445557956356753,1.159549824559374,False
F0,2026,2,F0,50,2.388196020538845,1.5453789245809084,False
F0,2026,2,F0,51,0.14776280455170024,0.3843992775119384,False
F0,2026,2,F0,52,0.6989431743452843,0.8360282138452532,False
F0,2026,2,F0,53,0.18558215295580086,0.4307924708671228,False
F0,2026,2,F0,54,0.5432652585442742,0.7370653014111261,False
F0,2026,2,F0,55,0.2835627744268994,0.5325061261872012,False
F0,2026,2,F0,56,0.5800988958166451,0.761642236103438,False
F0,2026,2,F0,57,0.32114733338527607,0.5666986265955443,False
F0,2026,2,F0,58,1.5371191418451564,1.239806090421061,False
F0,2026,2,F0,59,0.5237639489681091,0.7237153784244944,False
F0,2026,2,F0,60,0.5037288122101373,0.7097385520106241,False
F0,2026,2,F0,61,1.0679225018052358,1.0334033587158675,False
F0,2026,2,F0,62,0.7760163226034185,0.880917886413608,False
F0,2026,2,F0,63,1.2604768574222207,1.1227096051171117,False
F0,2026,2,F0,64,0.3452715901404435,0.5875981536223914,False
F0,2026,2,F0,65,0.5325597679306404,0.7297669271285459,False
F0,2026,2,F0,66,0.7922302489885685,0.8900731705812553,False
F0,2026,2,F0,67,1.8841152276012194,1.3726307688527237,False
F0,2026,2,F0,68,0.19773091021372413,0.44466943926216035,False
F0,2026,2,F0,69,0.9620773200268228,0.980855402200968,False
F0,2026,2,F0,70,1.093515740260412,1.0457130295929242,False
F0,2026,2,F0,71,0.5265074300649848,0.7256083172517972,False
F0,2026,2,F0,72,0.6472789399964497,0.804536475243012,False
F0,2026,2,F0,73,0.2038365306504569,0.4514825917468545,False
F0,2026,2,F0,74,0.41849384204479056,0.6469110000956783,False
F0,2026,2,F0,75,1.148001250343729,1.0714482023615182,False
F0,2026,2,F0,76,1.9829637555433575,1.4081774588251856,False
F0,2026,2,F0,77,0.3169328023729091,0.5629678519888228,False
F0,2026,2,F0,78,0.39532273725828765,0.6287469580509218,False
F0,2026,2,F0,79,0.5067942321335802,0.7118948181673893,False
F0,2026,2,F0,80,0.19932887769942448,0.4464626274386519,False
F0,2026,2,F0,81,0.42353845175540994,0.6507983188019234,False
F0,2026,2,F0,82,0.3266084479335407,0.5714966735979665,False
F0,2026,2,F0,83,1.1322283782315856,1.0640622059971803,False
F0,2026,2,F0,84,0.3209805453962254,0.5665514499109727,False
F0,2026,2,F0,85,0.4947578250919642,0.7033902367050343,False
F0,2026,2,F0,86,0.3943001109608232,0.6279332058115921,False
F0,2026,2,F0,87,1.0173524050884035,1.00863888735682,False
F0,2026,2,F0,88,1.2942545354790898,1.1376530822175492,False
F0,2026,2,F0,89,0.41215249089023687,0.641991036456302,False
F0,2026,2,F0,90,0.46801777875289186,0.6841182491009079,False
F0,2026,2,F0,91,0.5299629251049396,0.7279855253402636,False
F0,2026,2,F0,92,1.9295377934884381,1.3890780372205294,False
F0,2026,2,F0,93,0.8266074922028493,0.9091795709335144,False
F0,2026,2,F0,94,0.34864181627428287,0.5904589878004084,False
F0,2026,2,F0,95,1.8256953529704885,1.351182945781395,False
F0,2026,2,F0,96,0.9963757647256504,0.9981862374956141,False
F0,2026,2,F0,97,0.7029156001982255,0.8384006203469947,False
F0,2026,2,F0,98,1.0625002682899873,1.0307765365441666,False
F0,2026,2,F0,99,0.15892387735939364,0.3986525772642059,False
F0,2026,2,F0,100,0.23611564487253178,0.4859173230833943,False
F0,2026,2,F0,101,0.7583987116162512,0.8708609025649567,False
F0,2026,2,F0,102,0.8992680239035801,0.9482974343019073,False
F0,2026,2,F0,103,0.3660794320015551,0.605044983452929,False
F0,2026,2,F0,104,0.767246912514081,0.8759263168292645,False
F0,2026,2,F0,105,0.7416480845470369,0.8611899236214025,False
F0,2026,2,F0,106,2.0174262889886134,1.4203613233922605,False
F0,2026,2,F0,107,2.6885033203185644,1.6396656123486169,False
F0,2026,2,F0,108,0.2878095346754946,0.5364788296619863,False
F0,2026,2,F0,109,1.838355511122706,1.3558596944826946,False
F0,2026,2,F0,110,1.2120480208724735,1.1009305249980461,False
F0,2026,2,F0,111,0.47199979560403743,0.6870224127377778,False
F0,2026,2,F0,112,0.22817628779158478,0.47767801686029554,False
F0,2026,2,F0,113,0.7274610685786708,0.8529132831529069,False
F0,2026,2,F0,114,0.6181799503111445,0.7862442052639527,False
F0,2026,2,F0,115,0.1633292429059506,0.4041401278095886,False
F0,2026,2,F0,116,0.18495856048382134,0.4300680881951384,False
F0,2026,2,F0,117,0.45192086677740706,0.6722505981978797,False
F0,2026,2,F0,118,0.1795220121495791,0.42370038016218387,False
F0,2026,2,F0,119,0.8021458458990945,0.8956259520017799,False
F0,2026,2,F0,120,2.473556928743618,1.572754567230252,False
F0,2026,2,F0,121,0.2086980150511951,0.45683477872333134,False
F0,2026,2,F0,122,0.46093025991950287,0.6789184486516057,False
F0,2026,2,F0,123,0.17742141091619407,0.4212142102495998,False
F0,2026,2,F0,124,0.7837461432211174,0.88529438223741,False
F0,2026,2,F0,125,1.727038951331204,1.3141685399259884,False
F0,2026,2,F0,126,0.3277928082610061,0.5725319277219447,False
F0,2026,2,F0,127,0.08937627624749872,0.2989586530734622,False
F0,2026,2,F0,128,0.44614434456246066,0.6679403750054795,False
F0,2026,2,F0,129,0.2887341706845246,0.5373399023751396,False
F0,2026,2,F0,130,0.3272694584216541,0.5720746965402805,False
F0,2026,2,F0,131,0.17019519217772164,0.4125471999392574,False
F0,2026,2,F0,132,1.5288677215287636,1.2364739065296784,False
F0,2026,2,F0,133,0.3566217691144436,0.5971781720009897,False
F0,2026,2,F0,134,0.4605531137944698,0.6786406367102326,False
F0,2026,2,F0,135,0.8482862840920833,0.921024583869553,False
F0,2026,2,F0,136,0.8536178323265072,0.9239144074677628,False
F0,2026,2,F0,137,0.24582191773337514,0.49580431395196145,False
F0,2026,2,F0,138,1.0487510389241004,1.0240854646581508,False
F0,2026,2,F0,139,0.09255006600018674,0.304220423377831,False
F0,2026,2,F0,140,2.002384678125676,1.4150564222410624,False
F0,2026,2,F0,141,0.3161423034242222,0.5622653318711925,False
F0,2026,2,F0,142,1.066386236413709,1.0326597873519183,False
F0,2026,2,F0,143,0.6333816252346061,0.7958527660532481,False
F0,2026,2,F0,144,0.1955593483639825,0.4422209270986421,False
F0,2026,2,F0,145,0.6029197471578024,0.7764790706502026,False
F0,2026,2,F0,146,0.15566905538381473,0.39454917993048055,False
F0,2026,2,F0,147,3.458899845823944,1.8598117769881832,False
F0,2026,2,F0,148,0.30844565186219475,0.5553788363470422,False
F0,2026,2,F0,149,0.603586947938613,0.7769085840294294,False
F0,2026,2,F0,150,0.5920518948425946,0.769449085282837,False
F0,2026,2,F0,151,0.9837962965086403,0.9918650596268831,False
F0,2026,2,F0,152,1.2418183441909858,1.1143690341134689,False
F0,2026,2,F0,153,1.0885982495360693,1.0433591182023902,False
F0,2026,2,F0,154,0.8349204046122001,0.9137397904284349,False
F0,2026,2,F0,155,0.48461991619777317,0.6961464761081343,False
F0,2026,2,F0,156,0.6689591149191927,0.8178992082886453,False
F0,2026,2,F0,157,0.22105984470938425,0.4701700168124125,False
F0,2026,2,F0,158,1.3625267644797183,1.1672732175800653,False
F0,2026,2,F0,159,0.5973992315215341,0.772916057228425,False
F0,2026,2,F0,160,0.48180752560447815,0.6941235665243459,False
F0,2026,2,F0,161,0.4807921423120176,0.6933917668331645,False
F0,2026,2,F0,162,0.2813255331741509,0.5304012944687738,False
F0,2026,2,F0,163,0.32303518997696457,0.5683618477492701,False
F0,2026,2,F0,164,1.1869968702286753,1.0894938596562513,False
F0,2026,2,F0,165,1.1899116083587113,1.0908306964688477,False
F0,2026,2,F0,166,1.6066347483951744,1.2675309654581124,False
F0,2026,2,F0,167,0.7686700698614648,0.8767383132163581,False
F0,2026,2,F0,168,0.8199231759482488,0.9054960938337884,False
F0,2026,2,F0,169,0.4502023727945195,0.6709712160700484,False
F0,2026,2,F0,170,0.2209509675813519,0.47005421770403455,False
F0,2026,2,F0,171,0.1484093681521846,0.3852393647489631,False
F0,2026,2,F0,172,0.8774489334458583,0.9367224420530653,False
F0,2026,2,F0,173,1.161053324398681,1.0775218440471084,False
F0,2026,2,F0,174,1.300013196681269,1.140181212212019,False
F0,2026,2,F0,175,0.46779665913842233,0.6839566208016575,False
F0,2026,2,F0,176,0.28017984267106816,0.5293201702854976,False
F0,2026,2,F0,177,0.23818745184065093,0.4880445182979222,False
F0,2026,2,F0,178,0.39821773021132634,0.6310449510227669,False
F0,2026,2,F0,179,0.1964366043451946,0.4432116924734665,False
F0,2026,2,F0,180,0.20965358306358853,0.45787944162583727,False
F0,2026,2,F0,181,0.3760902982251784,0.6132620143341494,False
F0,2026,2,F0,182,0.1599881495907021,0.39998518671408584,False
F0,2026,2,F0,183,0.3783443381749007,0.6150970152544236,False
F0,2026,2,F0,184,1.8714270130344155,1.3680011012548257,False
F0,2026,2,F0,185,0.36171251761192436,0.601425404860756,False
F0,2026,2,F0,186,0.2798980720264018,0.5290539405640996,False
F0,2026,2,F0,187,0.7512404249659052,0.8667412676029134,False
F0,2026,2,F0,188,0.19514445119232512,0.4417515718051551,False
F0,2026,2,F0,189,0.48339748293797874,0.6952679216949238,False
F0,2026,2,F0,190,0.17845544353683362,0.42243986972921205,False
F0,2026,2,F0,191,0.14288572926862952,0.3780022873854463,False
F0,2026,3,F0,0,2.4996826943949415,1.5810384860574842,False
F0,2026,3,F0,1,0.49181883496029627,0.7012979644632489,False
F0,2026,3,F0,2,0.4661741946030259,0.6827695032754655,False
F0,2026,3,F0,3,0.40119724255194983,0.6334013281892846,False
F0,2026,3,F0,4,0.7747197160242434,0.8801816380862778,False
F0,2026,3,F0,5,0.6103508822267846,0.7812495646250208,False
F0,2026,3,F0,6,2.4792438460944317,1.5745614773943988,False
F0,2026,3,F0,7,0.264831695831958,0.514618009626517,False
F0,2026,3,F0,8,0.6930111293029397,0.8324729000411604,False
F0,2026,3,F0,9,0.5674280167260828,0.7532781801738869,False
F0,2026,3,F0,10,0.3535727419473295,0.5946198297629584,False
F0,2026,3,F0,11,0.7076864809803949,0.8412410361961635,False
F0,2026,3,F0,12,0.9959904637468255,0.997993218286991,False
F0,2026,3,F0,13,0.24934515062859358,0.4993447212383381,False
F0,2026,3,F0,14,1.047300333359734,1.0233769263373755,False
F0,2026,3,F0,15,1.3714465170054866,1.1710877494899716,False
F0,2026,3,F0,16,0.15547262703247994,0.3943001737667382,False
F0,2026,3,F0,17,1.8598116379813472,1.363749111083614,False
F0,2026,3,F0,18,0.3600620467073868,0.6000517033617909,False
F0,2026,3,F0,19,0.6513661676700473,0.8070725913262371,False
F0,2026,3,F0,20,0.30755213620777666,0.5545738329634538,False
F0,2026,3,F0,21,1.6923131793484596,1.3008893801351673,False
F0,2026,3,F0,22,0.6386772797562768,0.7991728722599866,False
F0,2026,3,F0,23,1.060222923140359,1.0296712694546541,False
F0,2026,3,F0,24,0.3077667609962643,0.5547673034671964,False
F0,2026,3,F0,25,1.5117294136617845,1.2295240598141155,False
F0,2026,3,F0,26,0.49323599047291405,0.7023076181225105,False
F0,2026,3,F0,27,0.4340276969243251,0.6588077845049534,False
F0,2026,3,F0,28,0.4889735747868831,0.6992664547844999,False
F0,2026,3,F0,29,0.3212771163922781,0.5668131229887661,False
F0,2026,3,F0,30,0.33195177832455464,0.5761525651462073,False
F0,2026,3,F0,31,2.2864352733421103,1.5120963174818296,False
F0,2026,3,F0,32,0.41001861861683153,0.6403269622753922,False
F0,2026,3,F0,33,0.3166623494001091,0.5627275978660626,False
F0,2026,3,F0,34,0.4256713895539361,0.652434969597688,False
F0,2026,3,F0,35,0.3757131576332796,0.6129544498845567,False
F0,2026,3,F0,36,1.0362713926565157,1.0179741610947282,False
F0,2026,3,F0,37,1.2854496259339325,1.1337767090278106,False
F0,2026,3,F0,38,1.2657028075226244,1.1250345805896922,False
F0,2026,3,F0,39,0.464422860932205,0.681485774563347,False
F0,2026,3,F0,40,1.7933721533764444,1.3391684559369088,False
F0,2026,3,F0,41,0.41628145632523383,0.6451987727245254,False
F0,2026,3,F0,42,0.7083586781219072,0.8416404684435672,False
F0,2026,3,F0,43,0.40135302033846953,0.63352428551593,False
F0,2026,3,F0,44,0.5413864005490909,0.7357896442252303,False
F0,2026,3,F0,45,0.5671180074753885,0.7530723786432407,False
F0,2026,3,F0,46,0.38355146976883825,0.6193153233764188,False
F0,2026,3,F0,47,0.1470427173110502,0.3834614939091671,False
F0,2026,3,F0,48,1.8756240927490277,1.3695342612541783,False
F0,2026,3,F0,49,2.0860942508067235,1.4443317661834914,False
F0,2026,3,F0,50,0.22509343943946758,0.4744401326189297,False
F0,2026,3,F0,51,1.5628386978984696,1.2501354718183424,False
F0,2026,3,F0,52,0.33580520126825514,0.5794870156166185,False
F0,2026,3,F0,53,0.8400055500900353,0.916518166808512,False
F0,2026,3,F0,54,1.4738745517482765,1.2140323520187906,False
F0,2026,3,F0,55,0.2254346828132341,0.47479962385540503,False
F0,2026,3,F0,56,0.3779898374833203,0.6148087812347188,False
F0,2026,3,F0,57,0.19402167851485402,0.4404789194897459,False
F0,2026,3,F0,58,0.42960733415907437,0.6554443791498058,False
F0,2026,3,F0,59,0.35727050076435773,0.597721089442524,False
F0,2026,3,F0,60,0.4733501561264645,0.6880044739145702,False
F0,2026,3,F0,61,1.3450930314406786,1.159781458482881,False
F0,2026,3,F0,62,0.5279402722221211,0.7265949849965393,False
F0,2026,3,F0,63,0.8140576989059983,0.9022514610162725,False
F0,2026,3,F0,64,0.543927952806056,0.7375147136200443,False
F0,2026,3,F0,65,0.22009552254939746,0.46914339231134594,False
F0,2026,3,F0,66,0.8765244702044499,0.9362288556781669,False
F0,2026,3,F0,67,1.644068218846878,1.2822122362724815,False
F0,2026,3,F0,68,0.44244138812326134,0.6651626779392101,False
F0,2026,3,F0,69,3.731333459170931,1.9316659802281892,False
F0,2026,3,F0,70,0.457967851640339,0.6767332204350094,False
F0,2026,3,F0,71,1.015179402688997,1.0075611161061135,False
F0,2026,3,F0,72,0.7761395480432114,0.8809878251390375,False
F0,2026,3,F0,73,0.789111633988119,0.888319556234196,False
F0,2026,3,F0,74,0.07011130389151236,0.2647853921414706,False
F0,2026,3,F0,75,0.4559120822967315,0.675212620066251,False
F0,2026,3,F0,76,1.568590009514026,1.2524336347743243,False
F0,2026,3,F0,77,0.59441285351975,0.7709817465541905,False
F0,2026,3,F0,78,0.8271550956506246,0.9094806735992935,False
F0,2026,3,F0,79,0.48508934531277315,0.6964835571015106,False
F0,2026,3,F0,80,0.7922868403156168,0.8901049602803126,False
F0,2026,3,F0,81,0.2656191523744908,0.5153825301409535,False
F0,2026,3,F0,82,1.4659680493257474,1.2107716751418276,False
F0,2026,3,F0,83,0.3229758710622376,0.5683096612430917,False
F0,2026,3,F0,84,0.5095389667302584,0.7138199820194574,False
F0,2026,3,F0,85,1.0403474367758534,1.0199742333882036,False
F0,2026,3,F0,86,0.5373258397518393,0.7330251290043468,False
F0,2026,3,F0,87,0.39099691701708594,0.6252974628263623,False
F0,2026,3,F0,88,0.2709776287938607,0.5205551160000839,False
F0,2026,3,F0,89,1.2489858315225884,1.1175803467861218,False
F0,2026,3,F0,90,0.5315759337043765,0.729092541248624,False
F0,2026,3,F0,91,0.28460259805215077,0.5334815817365682,False
F0,2026,3,F0,92,1.2491123188898285,1.1176369351850486,False
F0,2026,3,F0,93,1.2612676283985162,1.123061720654086,False
F0,2026,3,F0,94,0.3698591148772606,0.6081604351462372,False
F0,2026,3,F0,95,0.8162050907978069,0.9034406957835179,False
F0,2026,3,F0,96,0.72001310450058,0.8485358592897415,False
F0,2026,3,F0,97,0.2890166804228113,0.5376027161601876,False
F0,2026,3,F0,98,0.5888566199301463,0.7673699368167523,False
F0,2026,3,F0,99,1.564602929689152,1.2508408890379112,False
F0,2026,3,F0,100,1.3745083816115915,1.1723942944298182,False
F0,2026,3,F0,101,0.7149705081476498,0.845559287186682,False
F0,2026,3,F0,102,0.9993127801761531,0.9996563310338974,False
F0,2026,3,F0,103,0.8259974620549465,0.9088440251522516,False
F0,2026,3,F0,104,0.5170420484036844,0.7190563596851671,False
F0,2026,3,F0,105,0.46228484506976475,0.6799153219848518,False
F0,2026,3,F0,106,1.5060970261726825,1.2272314476791581,False
F0,2026,3,F0,107,0.48690050657712014,0.6977825639675443,False
F0,2026,3,F0,108,1.0545945756442618,1.0269345527560467,False
F0,2026,3,F0,109,0.5191456367807148,0.7205176172590888,False
F0,2026,3,F0,110,1.6018457557887256,1.2656404528098513,False
F0,2026,3,F0,111,0.6003447605744403,0.7748191792763266,False
F0,2026,3,F0,112,0.6887482248111259,0.8299085641268716,False
F0,2026,3,F0,113,1.0577137211027112,1.028452099566485,False
F0,2026,3,F0,114,0.7799291275842204,0.883135962116944,False
F0,2026,3,F0,115,0.23907759092439163,0.48895561242754093,False
F0,2026,3,F0,116,0.36964178445453366,0.6079817303624622,False
F0,2026,3,F0,117,0.334844945517558,0.5786578829650193,False
F0,2026,3,F0,118,0.22017964511267196,0.4692330392381508,False
F0,2026,3,F0,119,0.4870675780234185,0.6979022696792284,False
F0,2026,3,F0,120,0.16820011011015995,0.4101220673289356,False
F0,2026,3,F0,121,0.17099617035628278,0.41351683201084183,False
F0,2026,3,F0,122,0.3734928994342474,0.6111406543785541,False
F0,2026,3,F0,123,0.27822366949248817,0.5274691170983266,False
F0,2026,3,F0,124,0.4217898563330309,0.6494535059055658,False
F0,2026,3,F0,125,1.7034832214956102,1.3051755519835675,False
F0,2026,3,F0,126,0.9369913993276083,0.9679831606632464,False
F0,2026,3,F0,127,2.1002465998457245,1.4492227571514755,False
F0,2026,3,F0,128,0.5410718343404559,0.7355758522004756,False
F0,2026,3,F0,129,0.21942675491212946,0.4684300960785178,False
F0,2026,3,F0,130,0.6162880164538905,0.785040136842627,False
F0,2026,3,F0,131,0.16846364599435024,0.41044323114695197,False
F0,2026,3,F0,132,1.6819645247952175,1.2969057501588994,False
F0,2026,3,F0,133,0.5569043697797883,0.7462602560633845,False
F0,2026,3,F0,134,0.3809260067478278,0.6171920339309539,False
F0,2026,3,F0,135,1.0641605301849253,1.0315815673929645,False
F0,2026,3,F0,136,0.3236040991024782,0.5688621090409153,False
F0,2026,3,F0,137,0.4440843192430827,0.6663965180304311,False
F0,2026,3,F0,138,0.806170811983231,0.8978701531865457,False
F0,2026,3,F0,139,0.6812039458100304,0.8253508016655889,False
F0,2026,3,F0,140,2.6666903024688624,1.6330003987962962,False
F0,2026,3,F0,141,0.7288332560223912,0.8537173162249851,False
F0,2026,3,F0,142,1.5545432782274093,1.2468132491385426,False
F0,2026,3,F0,143,0.0861323966531714,0.2934832135798765,False
F0,2026,3,F0,144,0.15389068666895805,0.39228903460198583,False
F0,2026,3,F0,145,1.4048748408041472,1.1852741627168573,False
F0,2026,3,F0,146,1.9561930638203142,1.3986397190914872,False
F0,2026,3,F0,147,0.6329603965406604,0.7955880822012484,False
F0,2026,3,F0,148,0.8997530049962336,0.9485531113207281,False
F0,2026,3,F0,149,0.8734568613977474,0.9345891404236127,False
F0,2026,3,F0,150,1.1763977394271838,1.084618706932157,False
F0,2026,3,F0,151,0.5865417444622483,0.7658601337465271,False
F0,2026,3,F0,152,0.32955340759204393,0.5740674242561095,False
F0,2026,3,F0,153,1.593554165100707,1.2623605527347197,False
F0,2026,3,F0,154,0.20066124310232458,0.44795227770636975,False
F0,2026,3,F0,155,1.0851731492342478,1.0417164437764472,False
F0,2026,3,F0,156,0.3463848005556709,0.5885446461872462,False
F0,2026,3,F0,157,0.7351755902879145,0.8574238101941853,False
F0,2026,3,F0,158,0.7052841495006735,0.8398119727061966,False
F0,2026,3,F0,159,0.444035767722139,0.6663600886323693,False
F0,2026,3,F0,160,0.33886434721135206,0.5821205607186127,False
F0,2026,3,F0,161,0.8251858101737449,0.9083973856048602,False
F0,2026,3,F0,162,2.621296360989212,1.619041803348268,False
F0,2026,3,F0,163,0.20786531130239042,0.45592248387460604,False
F0,2026,3,F0,164,0.869195231384242,0.9323064042385647,False
F0,2026,3,F0,165,0.8388910866829634,0.9159099773902255,False
F0,2026,3,F0,166,1.1347195845541533,1.0652321740137938,False
F0,2026,3,F0,167,0.5802389031106099,0.7617341420145285,False
F0,2026,3,F0,168,1.4542668343040026,1.205929862929019,False
F0,2026,3,F0,169,1.8744500727015843,1.3691055739794444,False
F0,2026,3,F0,170,0.1750167126952485,0.4183499882816402,False
F0,2026,3,F0,171,0.5040120295691847,0.709938046289382,False
F0,2026,3,F0,172,0.22639594380195566,0.47581082774770445,False
F0,2026,3,F0,173,0.2604724947370729,0.510365060262821,False
F0,2026,3,F0,174,0.8525347429144605,0.9233280797822953,False
F0,2026,3,F0,175,0.5746299268003418,0.75804348608793,False
F0,2026,3,F0,176,0.16702325055538972,0.4086847814090827,False
F0,2026,3,F0,177,0.18954529090319516,0.4353679948080648,False
F0,2026,3,F0,178,0.6259624565836733,0.7911778918698836,False
F0,2026,3,F0,179,0.23705967434943662,0.4868877430675747,False
F0,2026,3,F0,180,1.7223848189495794,1.3123965936216002,False
F0,2026,3,F0,181,0.9839332425781134,0.9919340918519302,False
F0,2026,3,F0,182,2.279305818317202,1.5097370030297337,False
F0,2026,3,F0,183,0.28345232866638687,0.5324024123408786,False
F0,2026,3,F0,184,1.0891246410994426,1.0436113458081235,False
F0,2026,3,F0,185,0.33673052659428626,0.5802848667631151,False
F0,2026,3,F0,186,0.5687682106064409,0.75416722986778,False
F0,2026,3,F0,187,0.28222891078220946,0.5312522101433644,False
F0,2026,3,F0,188,2.025746474234723,1.4232872072195137,False
F0,2026,3,F0,189,1.5854942609724378,1.2591641120094068,False
F0,2026,3,F0,190,1.0727638990162727,1.0357431626693332,False
F0,2026,3,F0,191,0.3422873544619616,0.5850532919845521,False
F0,2026,4,F0,0,0.4233894589724841,0.6506838394892592,False
F0,2026,4,F0,1,0.7353381713981946,0.8575186128581668,False
F0,2026,4,F0,2,0.9765373544160649,0.9881990459497848,False
F0,2026,4,F0,3,0.14479742488621355,0.38052256816937097,False
F0,2026,4,F0,4,0.6543469767364268,0.8089171630868187,False
F0,2026,4,F0,5,0.601646285229646,0.7756586138435169,False
F0,2026,4,F0,6,0.3413266988777061,0.5842317167680184,False
F0,2026,4,F0,7,0.37116948215059087,0.6092368030171773,False
F0,2026,4,F0,8,0.4281123497431635,0.6543029495143389,False
F0,2026,4,F0,9,0.14955973896830063,0.38672954240437935,False
F0,2026,4,F0,10,1.543219846708954,1.2422640004077048,False
F0,2026,4,F0,11,0.536339386063221,0.732351955048405,False
F0,2026,4,F0,12,1.4686654752171302,1.2118850915895987,False
F0,2026,4,F0,13,0.46232761131750494,0.6799467709442445,False
F0,2026,4,F0,14,0.434384609069171,0.6590786061382746,False
F0,2026,4,F0,15,0.30935752431322794,0.5561991768361654,False
F0,2026,4,F0,16,0.27231989109005256,0.5218427838823227,False
F0,2026,4,F0,17,0.3287283941872899,0.5733484055853735,False
F0,2026,4,F0,18,3.710006733863591,1.9261377764489205,False
F0,2026,4,F0,19,0.41745131216904513,0.6461047222927915,False
F0,2026,4,F0,20,0.3845304569948882,0.6201051983291933,False
F0,2026,4,F0,21,1.1268279651551252,1.0615215330623893,False
F0,2026,4,F0,22,0.323775878215795,0.5690130738531365,False
F0,2026,4,F0,23,0.4535652780711194,0.67347255183201,False
F0,2026,4,F0,24,0.3191477187155125,0.5649316053430826,False
F0,2026,4,F0,25,2.888689278598308,1.6996144499851453,False
F0,2026,4,F0,26,0.6663780256172556,0.8163198059689937,False
F0,2026,4,F0,27,1.5386141899205998,1.2404088801361428,False
F0,2026,4,F0,28,0.17439039707406806,0.41760076277955727,False
F0,2026,4,F0,29,0.07689880384481856,0.27730633574590136,False
F0,2026,4,F0,30,1.3852962450581308,1.17698608532902,False
F0,2026,4,F0,31,0.9314175824626034,0.9650997785009607,False
F0,2026,4,F0,32,0.4031249389441879,0.6349212068786078,False
F0,2026,4,F0,33,0.9490363045943827,0.9741849437321348,False
F0,2026,4,F0,34,1.7523850869576643,1.3237768267187882,False
F0,2026,4,F0,35,0.40567474137709386,0.6369260093426032,False
F0,2026,4,F0,36,1.010494688279339,1.005233648600831,False
F0,2026,4,F0,37,0.36966801926672227,0.6080033053090438,False
F0,2026,4,F0,38,0.6363917519289254,0.7977416573859769,False
F0,2026,4,F0,39,1.3108951178712829,1.144943281508426,False
F0,2026,4,F0,40,1.2079801941777268,1.0990815229898676,False
F0,2026,4,F0,41,1.0109977635396472,1.0054838454891493,False
F0,2026,4,F0,42,0.5290795428534327,0.7273785416503794,False
F0,2026,4,F0,43,0.552809130259082,0.7435113518024334,False
F0,2026,4,F0,44,0.2852258927060264,0.5340654385990787,False
F0,2026,4,F0,45,0.9208541449695337,0.9596114552096248,False
F0,2026,4,F0,46,0.8505458049698135,0.9222504025316625,False
F0,2026,4,F0,47,2.9318242393578244,1.7122570599526885,False
F0,2026,4,F0,48,1.1328170535650943,1.064338787024646,False
F0,2026,4,F0,49,2.6812053924536423,1.6374386683029207,False
F0,2026,4,F0,50,0.12725752916876656,0.35673173277515774,False
F0,2026,4,F0,51,0.2245625001471757,0.47388025929255134,False
F0,2026,4,F0,52,0.15377063302317656,0.39213598792150733,False
F0,2026,4,F0,53,2.405853024699862,1.5510812437457497,False
F0,2026,4,F0,54,0.09737894038145312,0.31205598917734795,False
F0,2026,4,F0,55,0.1262737073855741,0.3553501194393694,False
F0,2026,4,F0,56,1.2989486154543939,1.1397142692159268,False
F0,2026,4,F0,57,1.1838251246749758,1.0880372809214653,False
F0,2026,4,F0,58,1.5065121989896977,1.2274005861941315,False
F0,2026,4,F0,59,0.6152551589727079,0.7843820236164951,False
F0,2026,4,F0,60,0.30284456971999474,0.5503131560484401,False
F0,2026,4,F0,61,1.1165514421137133,1.0566699778614481,False
F0,2026,4,F0,62,0.529694024696204,0.7278008138881159,False
F0,2026,4,F0,63,1.331200855332858,1.153776778815061,False
F0,2026,4,F0,64,0.2550567623440044,0.5050314468862354,False
F0,2026,4,F0,65,0.5720958815430018,0.7563702013848786,False
F0,2026,4,F0,66,0.5924983304135735,0.7697391314033434,False
F0,2026,4,F0,67,0.35034640378974496,0.5919006705434156,False
F0,2026,4,F0,68,0.5895722641955673,0.7678360920115486,False
F0,2026,4,F0,69,1.3535103191514746,1.1634046240029625,False
F0,2026,4,F0,70,0.3211797792368094,0.5667272529504906,False
F0,2026,4,F0,71,0.9794720690717394,0.989682812355423,False
F0,2026,4,F0,72,0.25273104796644985,0.5027236298071236,False
F0,2026,4,F0,73,0.8265456057863348,0.9091455360866789,False
F0,2026,4,F0,74,1.6488327078062444,1.284068809607275,False
F0,2026,4,F0,75,0.7844457984248334,0.885689448071294,False
F0,2026,4,F0,76,0.3967707012597377,0.6298973735933002,False
F0,2026,4,F0,77,1.4155288903173227,1.1897600137495472,False
F0,2026,4,F0,78,0.9199928258757427,0.9591625648844635,False
F0,2026,4,F0,79,0.7102629402323913,0.8427709891971789,False
F0,2026,4,F0,80,0.5690748627528934,0.7543705076107452,False
F0,2026,4,F0,81,0.6010963012488388,0.7753040056963713,False
F0,2026,4,F0,82,0.749575488067144,0.8657802770144074,False
F0,2026,4,F0,83,0.33382094624937825,0.5777724000412084,False
F0,2026,4,F0,84,0.6680771202709234,0.8173598474790179,False
F0,2026,4,F0,85,0.27967461067400556,0.5288427088218249,False
F0,2026,4,F0,86,1.147301335855415,1.0711215317859197,False
F0,2026,4,F0,87,0.20258110494944953,0.45009010758896884,False
F0,2026,4,F0,88,0.47711252150208255,0.6907333215518725,False
F0,2026,4,F0,89,1.093616403833413,1.0457611600329269,False
F0,2026,4,F0,90,0.546798269865041,0.7394580920275611,False
F0,2026,4,F0,91,0.1359249496693832,0.3686800098586621,False
F0,2026,4,F0,92,0.38168274581518347,0.6178047796959679,False
F0,2026,4,F0,93,3.632569724803142,1.9059301468844922,False
F0,2026,4,F0,94,0.2757036335633737,0.5250748837674238,False
F0,2026,4,F0,95,1.0302301756778751,1.0150025495918102,False
F0,2026,4,F0,96,1.0779833902039353,1.038259789360994,False
F0,2026,4,F0,97,1.0342128490447244,1.0169625602964567,False
F0,2026,4,F0,98,0.3066880195754827,0.5537942032700258,False
F0,2026,4,F0,99,1.001667487693714,1.0008333965719338,False
F0,2026,4,F0,100,0.45122745315058466,0.6717346597806195,False
F0,2026,4,F0,101,0.5910367853178092,0.7687891683145707,False
F0,2026,4,F0,102,0.6363424837455492,0.7977107770022599,False
F0,2026,4,F0,103,0.6179317019826962,0.7860863196765965,False
F0,2026,4,F0,104,0.62743909884846,0.7921105344890068,False
F0,2026,4,F0,105,0.576171487776517,0.759059607525336,False
F0,2026,4,F0,106,0.8851056171650249,0.9408005193265068,False
F0,2026,4,F0,107,0.25971582302737684,0.5096232167271982,False
F0,2026,4,F0,108,1.1066217284744497,1.0519608968371637,False
F0,2026,4,F0,109,0.40435458838440086,0.6358888176280512,False
F0,2026,4,F0,110,0.21519167787520999,0.4638875702960902,False
F0,2026,4,F0,111,0.21315895487896527,0.46169140654658636,False
F0,2026,4,F0,112,0.5519717494654056,0.7429480126263247,False
F0,2026,4,F0,113,0.40356960155101346,0.6352712818560379,False
F0,2026,4,F0,114,0.5706237074135697,0.7553963909190788,False
F0,2026,4,F0,115,1.8919388999130662,1.3754776988061514,False
F0,2026,4,F0,116,0.6072167723634115,0.7792411516105984,False
F0,2026,4,F0,117,1.524062600503975,1.234529303218022,False
F0,2026,4,F0,118,0.13879705082064162,0.37255476217683975,False
F0,2026,4,F0,119,0.23471487757910658,0.4844738151635304,False
F0,2026,4,F0,120,0.708577248029543,0.8417703059799289,False
F0,2026,4,F0,121,0.853793084996602,0.9240092450817805,False
F0,2026,4,F0,122,0.1810059482605224,0.4254479383667553,False
F0,2026,4,F0,123,0.21008369530920928,0.4583488794676052,False
F0,2026,4,F0,124,0.46751856639564005,0.6837532935172159,False
F0,2026,4,F0,125,0.7043899626185608,0.8392794305942216,False
F0,2026,4,F0,126,0.8093764733887341,0.8996535296372343,False
F0,2026,4,F0,127,0.31497921084764835,0.5612300872615869,False
F0,2026,4,F0,128,0.3523489385643347,0.5935898740412733,False
F0,2026,4,F0,129,0.24270127730711474,0.4926472138428418,False
F0,2026,4,F0,130,0.7538000042032449,0.8682165652665497,False
F0,2026,4,F0,131,0.9057380113347351,0.951702690620729,False
F0,2026,4,F0,132,1.7756135458852642,1.3325214992206558,False
F0,2026,4,F0,133,0.2259814360297521,0.47537504775677075,False
F0,2026,4,F0,134,0.4617170948769649,0.6794976783455297,False
F0,2026,4,F0,135,0.3173879374202592,0.5633719352437244,False
F0,2026,4,F0,136,0.1276278737723069,0.35725043565026887,False
F0,2026,4,F0,137,0.2829501851545058,0.5319306206212477,False
F0,2026,4,F0,138,0.5790954890241292,0.7609832383332298,False
F0,2026,4,F0,139,1.8501836277451698,1.360214552100208,False
F0,2026,4,F0,140,0.37115946932631966,0.6092285854474654,False
F0,2026,4,F0,141,0.3262029757357611,0.571141817533755,False
F0,2026,4,F0,142,1.2226005221958443,1.1057126761486658,False
F0,2026,4,F0,143,0.23075579793654863,0.4803704798762603,False
F0,2026,4,F0,144,1.0834184205692292,1.0408738735164935,False
F0,2026,4,F0,145,0.7004429942583104,0.8369247243679149,False
F0,2026,4,F0,146,0.3428141302251663,0.5855033135902532,False
F0,2026,4,F0,147,0.24886613389270593,0.49886484531655056,False
F0,2026,4,F0,148,0.6440847335256202,0.8025488979031871,False
F0,2026,4,F0,149,0.4302458966835613,0.6559313200965184,False
F0,2026,4,F0,150,0.5265788640003768,0.7256575390639698,False
F0,2026,4,F0,151,0.9221966301036448,0.9603106945690258,False
F0,2026,4,F0,152,1.3280063843425733,1.1523915933147784,False
F0,2026,4,F0,153,0.4817901451815252,0.6941110467220106,False
F0,2026,4,F0,154,0.11554659646474355,0.33992145631710796,False
F0,2026,4,F0,155,2.8692575831172173,1.693888303022728,False
F0,2026,4,F0,156,0.4883030805080527,0.6987868634340894,False
F0,2026,4,F0,157,1.5779869007516731,1.2561794858823612,False
F0,2026,4,F0,158,0.09615693136220056,0.3100918111821087,False
F0,2026,4,F0,159,1.068243756171238,1.033558782155731,False
F0,2026,4,F0,160,0.18985038851929256,0.4357182444186754,False
F0,2026,4,F0,161,0.5728616341073877,0.756876234339134,False
F0,2026,4,F0,162,1.7518575833797199,1.3235775698385492,False
F0,2026,4,F0,163,0.9700432966779317,0.9849077604922868,False
F0,2026,4,F0,164,0.20842680709200204,0.45653784847699325,False
F0,2026,4,F0,165,0.7634153456433725,0.8737364280166946,False
F0,2026,4,F0,166,0.12706119957224266,0.35645644835273027,False
F0,2026,4,F0,167,0.25890499222363705,0.5088270749710918,False
F0,2026,4,F0,168,0.7569058646277637,0.8700033704691975,False
F0,2026,4,F0,169,0.5101591751579752,0.7142542790617185,False
F0,2026,4,F0,170,0.14908111259932202,0.3861102337407311,False
F0,2026,4,F0,171,1.8078199243469235,1.3445519418553245,False
F0,2026,4,F0,172,0.3136216087983409,0.5600192932375999,False
F0,2026,4,F0,173,0.07949342306512594,0.2819457803641082,False
F0,2026,4,F0,174,0.22172714225765566,0.47087911639576424,False
F0,2026,4,F0,175,0.3392298712584127,0.5824344351585101,False
F0,2026,4,F0,176,2.0593125035615385,1.435030488721943,False
F0,2026,4,F0,177,0.27824055463880404,0.5274851226705868,False
F0,2026,4,F0,178,0.42223044758671147,0.6497926189075338,False
F0,2026,4,F0,179,0.7315701580852616,0.8553187464830065,False
F0,2026,4,F0,180,0.6529179707725541,0.8080333970650929,False
F0,2026,4,F0,181,0.41253621073162805,0.6422898183309681,False
F0,2026,4,F0,182,0.9742069911594761,0.987019245587175,False
F0,2026,4,F0,183,1.1319400188572026,1.063926698065803,False
F0,2026,4,F0,184,0.25299291276758956,0.5029840084610937,False
F0,2026,4,F0,185,0.25088338624788376,0.5008826072523219,False
F0,2026,4,F0,186,0.6747395551289896,0.8214253192646241,False
F0,2026,4,F0,187,0.4803209548767809,0.6930519135510563,False
F0,2026,4,F0,188,0.7133594914224763,0.8446061161408176,False
F0,2026,4,F0,189,0.5745279302971001,0.7579762069465639,False
F0,2026,4,F0,190,0.6031130414922371,0.7766035291525767,False
F0,2026,4,F0,191,1.431848050406462,1.1965985335134177,False
F0,3026,0,F0,0,1.2019366877128757,1.096328731591431,False
F0,3026,0,F0,1,0.34254575198938303,0.5852740827931671,False
F0,3026,0,F0,2,0.1105660776092343,0.3325147780313445,False
F0,3026,0,F0,3,0.931261501683595,0.9650189126040977,False
F0,3026,0,F0,4,0.23084584230118196,0.48046419460890316,False
F0,3026,0,F0,5,0.2516890682598629,0.5016862249054312,False
F0,3026,0,F0,6,0.20855241198167926,0.4566753901642602,False
F0,3026,0,F0,7,1.653158562697185,1.285752138904379,False
F0,3026,0,F0,8,1.5464651898000514,1.243569535570911,False
F0,3026,0,F0,9,0.7548682924298801,0.8688315673534659,False
F0,3026,0,F0,10,0.9249458168520819,0.9617410341937594,False
F0,3026,0,F0,11,0.33962831712394,0.5827763868963292,False
F0,3026,0,F0,12,0.3798674950319819,0.6163339152050469,False
F0,3026,0,F0,13,0.4495504464177103,0.6704852320653382,False
F0,3026,0,F0,14,1.0097964244598672,1.0048862743912204,False
F0,3026,0,F0,15,0.2920689014514053,0.5404339936119907,False
F0,3026,0,F0,16,2.470194832714967,1.571685347871821,False
F0,3026,0,F0,17,0.36761518185149794,0.6063127755964721,False
F0,3026,0,F0,18,0.18323218790545787,0.42805629058040706,False
F0,3026,0,F0,19,0.493925921810372,0.7027986353219334,False
F0,3026,0,F0,20,2.0764223176442367,1.440979638178221,False
F0,3026,0,F0,21,0.22179765888939418,0.4709539880809952,False
F0,3026,0,F0,22,0.5197089428522103,0.7209084150238574,False
F0,3026,0,F0,23,0.27006351588507266,0.5196763568655713,False
F0,3026,0,F0,24,0.5587763030358548,0.7475134132815643,False
F0,3026,0,F0,25,1.2834373644629198,1.1328889462179952,False
F0,3026,0,F0,26,0.43169238090621936,0.6570330135588465,False
F0,3026,0,F0,27,0.23146996007222656,0.4811132507759754,False
F0,3026,0,F0,28,0.5177319624302381,0.7195359354682976,False
F0,3026,0,F0,29,0.4145428909700464,0.6438500531723566,False
F0,3026,0,F0,30,1.1471803471562687,1.0710650527191468,False
F0,3026,0,F0,31,1.1783995256057882,1.085541121103106,False
F0,3026,0,F0,32,0.4785298586041135,0.6917585262243708,False
F0,3026,0,F0,33,0.11626363894246107,0.34097454295366547,False
F0,3026,0,F0,34,0.5739668118977785,0.7576059740378098,False
F0,3026,0,F0,35,0.826464016993083,0.9091006638393149,False
F0,3026,0,F0,36,0.4419655255919227,0.6648048778340324,False
F0,3026,0,F0,37,1.859931748780121,1.36379314735781,False
F0,3026,0,F0,38,0.7611736477666794,0.872452662192442,False
F0,3026,0,F0,39,0.2975438915597875,0.5454758395747583,False
F0,3026,0,F0,40,0.721670128856324,0.8495117002468677,False
F0,3026,0,F0,41,0.4798342149360172,0.6927006676306998,False
F0,3026,0,F0,42,0.45288215080134187,0.672965192860182,False
F0,3026,0,F0,43,0.47338961891866793,0.6880331524851604,False
F0,3026,0,F0,44,0.2342889386264791,0.4840340263106294,False
F0,3026,0,F0,45,0.7508647099416076,0.8665245004854782,False
F0,3026,0,F0,46,0.07293882125857915,0.2700718816511248,False
F0,3026,0,F0,47,0.23515322858975846,0.4849260032105501,False
F0,3026,0,F0,48,1.2300921050536542,1.1090951740286557,False
F0,3026,0,F0,49,0.3128907346625794,0.5593663689055496,False
F0,3026,0,F0,50,2.4606492409369234,1.568645670933026,False
F0,3026,0,F0,51,0.48025170765327135,0.6930019535710353,False
F0,3026,0,F0,52,1.2764278580880117,1.1297910683343233,False
F0,3026,0,F0,53,1.393082280773248,1.1802890666159913,False
F0,3026,0,F0,54,0.8477079409446479,0.9207105630678122,False
F0,3026,0,F0,55,0.25721244420633527,0.5071611619656372,False
F0,3026,0,F0,56,3.089585621033634,1.7577217131939953,False
F0,3026,0,F0,57,1.5946269359838832,1.262785387935687,False
F0,3026,0,F0,58,0.10931424666831031,0.3306270507207635,False
F0,3026,0,F0,59,0.5171781365355682,0.719150983129112,False
F0,3026,0,F0,60,0.22384095679500784,0.4731183327614856,False
F0,3026,0,F0,61,0.35115642965630606,0.5925845337640074,False
F0,3026,0,F0,62,0.4199547480607766,0.6480391562712677,False
F0,3026,0,F0,63,0.09134110084450166,0.30222690291319476,False
F0,3026,0,F0,64,1.1702594503991994,1.081785306980641,False
F0,3026,0,F0,65,0.6958090230081365,0.8341516786581062,False
F0,3026,0,F0,66,0.2813655665209133,0.5304390318603197,False
F0,3026,0,F0,67,1.090363505038909,1.044204723719879,False
F0,3026,0,F0,68,0.9827684615563909,0.9913467917718758,False
F0,3026,0,F0,69,1.2337274351978615,1.1107328370035081,False
F0,3026,0,F0,70,0.8385341646938872,0.9157151110983629,False
F0,3026,0,F0,71,0.20596922207131704,0.4538383215103337,False
F0,3026,0,F0,72,0.08784614715198481,0.2963885071185872,False
F0,3026,0,F0,73,0.20292061297603026,0.4504671053207218,False
F0,3026,0,F0,74,0.7275506309100688,0.8529657853103305,False
F0,3026,0,F0,75,0.2829149680793019,0.5318975165192087,False
F0,3026,0,F0,76,1.389384924367963,1.1787217332211886,False
F0,3026,0,F0,77,0.4363216921146315,0.6605465101827664,False
F0,3026,0,F0,78,0.13941258796180028,0.37337995120493583,False
F0,3026,0,F0,79,0.4006926776670426,0.633002904943605,False
F0,3026,0,F0,80,0.1293730545098884,0.3596846598200824,False
F0,3026,0,F0,81,0.7831776485110363,0.8849732473419952,False
F0,3026,0,F0,82,0.6181550006374392,0.7862283387397323,False
F0,3026,0,F0,83,0.21457153435749454,0.46321866797171996,False
F0,3026,0,F0,84,0.5112181293338781,0.714995195322233,False
F0,3026,0,F0,85,0.8946435204934303,0.945855972383444,False
F0,3026,0,F0,86,0.4458872320560821,0.6677478806077052,False
F0,3026,0,F0,87,0.06973260995803086,0.2640693279387647,False
F0,3026,0,F0,88,0.26656770436006677,0.5163019507614384,False
F0,3026,0,F0,89,0.2693458796211803,0.5189854329566296,False
F0,3026,0,F0,90,0.8660862406674844,0.9306375452707055,False
F0,3026,0,F0,91,0.407832863337302,0.6386179322077498,False
F0,3026,0,F0,92,0.350571741114243,0.5920909905700669,False
F0,3026,0,F0,93,2.074357352950754,1.4402629457674574,False
F0,3026,0,F0,94,0.6640096873469927,0.8148678956413689,False
F0,3026,0,F0,95,1.2368814771709835,1.1121517329802546,False
F0,3026,0,F0,96,0.31265267575675526,0.5591535350480717,False
F0,3026,0,F0,97,0.11312074999224617,0.3363342831057312,False
F0,3026,0,F0,98,1.522835100851669,1.2340320501719835,False
F0,3026,0,F0,99,1.382558549114757,1.1758224989830552,False
F0,3026,0,F0,100,0.30656153497188693,0.5536799932920522,False
F0,3026,0,F0,101,0.5687046405961027,0.754125082858343,False
F0,3026,0,F0,102,1.0903360384831988,1.0441915717353778,False
F0,3026,0,F0,103,0.20002387952231804,0.4472402928206693,False
F0,3026,0,F0,104,0.24854769643733424,0.4985455811030063,False
F0,3026,0,F0,105,0.9169575243777187,0.9575789911948355,False
F0,3026,0,F0,106,2.4090716502805383,1.552118439514375,False
F0,3026,0,F0,107,0.3798210258778203,0.6162962160177687,False
F0,3026,0,F0,108,0.3932113378387039,0.6270656567208125,False
F0,3026,0,F0,109,0.7953566055016351,0.8918276770215393,False
F0,3026,0,F0,110,0.30537040256861453,0.5526032958358233,False
F0,3026,0,F0,111,0.24354438326435998,0.4935021613573339,False
F0,3026,0,F0,112,1.2610737106551952,1.122975382924842,False
F0,3026,0,F0,113,0.2365679776072995,0.4863825424573743,False
F0,3026,0,F0,114,0.28046603057698655,0.5295904366366395,False
F0,3026,0,F0,115,0.3680836022535501,0.6066989387278917,False
F0,3026,0,F0,116,0.24418724210704174,0.494153055345246,False
F0,3026,0,F0,117,2.259843690253807,1.5032776490900832,False
F0,3026,0,F0,118,0.265320861758759,0.5150930612605444,False
F0,3026,0,F0,119,0.6217839502605181,0.7885327832503339,False
F0,3026,0,F0,120,2.405593227421296,1.5509974943310825,False
F0,3026,0,F0,121,0.19992184136164676,0.4471262029468266,False
F0,3026,0,F0,122,0.5053426723803329,0.7108745827361764,False
F0,3026,0,F0,123,0.8111096832160193,0.9006162796752117,False
F0,3026,0,F0,124,0.36314669307695185,0.6026165390005089,False
F0,3026,0,F0,125,1.3914960285708549,1.179616899069717,False
F0,3026,0,F0,126,0.23491842960630052,0.4846838450023897,False
F0,3026,0,F0,127,0.042932582433697554,0.20720179157936244,False
F0,3026,0,F0,128,0.26012973661303535,0.5100291527089754,False
F0,3026,0,F0,129,0.7227024504241369,0.8501190801435625,False
F0,3026,0,F0,130,0.3567119999560832,0.5972537148951719,False
F0,3026,0,F0,131,0.43064796663291666,0.6562377363676343,False
F0,3026,0,F0,132,0.9585031237917867,0.9790317276737188,False
F0,3026,0,F0,133,0.34769306291128665,0.5896550372135276,False
F0,3026,0,F0,134,1.201672664549644,1.0962083125709474,False
F0,3026,0,F0,135,0.384659513982346,0.6202092501586428,False
F0,3026,0,F0,136,1.6511589353715084,1.284974293661748,False
F0,3026,0,F0,137,0.6714736356912376,0.8194349490296576,False
F0,3026,0,F0,138,0.2604894455435404,0.5103816665433236,False
F0,3026,0,F0,139,0.4995903373965429,0.7068170466227756,False
F0,3026,0,F0,140,1.414563205452289,1.1893541127234937,False
F0,3026,0,F0,141,0.2628541430962927,0.5126930300835898,False
F0,3026,0,F0,142,0.6003911496702041,0.7748491141313928,False
F0,3026,0,F0,143,0.3511236474297038,0.5925568727385615,False
F0,3026,0,F0,144,0.821266783910918,0.9062377082812865,False
F0,3026,0,F0,145,0.900907822769023,0.949161642065788,False
F0,3026,0,F0,146,0.6388262401199378,0.7992660634106379,False
F0,3026,0,F0,147,0.9076512634256764,0.9527073335635012,False
F0,3026,0,F0,148,0.4839406581582444,0.6956584349795842,False
F0,3026,0,F0,149,0.7270688099251011,0.852683299898093,False
F0,3026,0,F0,150,1.5124949231393778,1.2298353235857953,False
F0,3026,0,F0,151,0.5393056647711321,0.7343743355885554,False
F0,3026,0,F0,152,0.5397762614719991,0.7346946722768575,False
F0,3026,0,F0,153,0.7855849649485124,0.8863323106761438,False
F0,3026,0,F0,154,0.08457783525224256,0.29082268696276525,False
F0,3026,0,F0,155,0.24860311714943484,0.4986011603972005,False
F0,3026,0,F0,156,1.7057109569177147,1.3060286968201407,False
F0,3026,0,F0,157,1.0847193346510748,1.041498600407641,False
F0,3026,0,F0,158,0.12202287242607252,0.34931772417968215,False
F0,3026,0,F0,159,0.3807604608327717,0.6170579071957281,False
F0,3026,0,F0,160,0.6554317589742221,0.8095874004542203,False
F0,3026,0,F0,161,0.3285265307855452,0.5731723395153897,False
F0,3026,0,F0,162,6.13835828758674,2.4775710459211338,False
F0,3026,0,F0,163,0.17846592068889316,0.4224522703086032,False
F0,3026,0,F0,164,0.5128172833726136,0.7161126191965993,False
F0,3026,0,F0,165,0.5633672476170032,0.7505779423997239,False
F0,3026,0,F0,166,0.450744253347304,0.6713748977637636,False
F0,3026,0,F0,167,0.7398434347514422,0.8601415201880689,False
F0,3026,0,F0,168,0.9558973332177081,0.9777000221017222,False
F0,3026,0,F0,169,0.8913771839525619,0.9441277370952311,False
F0,3026,0,F0,170,0.1982854286205977,0.4452925202836869,False
F0,3026,0,F0,171,0.48056501496931614,0.6932279675325543,False
F0,3026,0,F0,172,0.24545694444179564,0.4954361153991457,False
F0,3026,0,F0,173,0.3331950910526072,0.5772305354471532,False
F0,3026,0,F0,174,0.835348070798189,0.9139737801480899,False
F0,3026,0,F0,175,0.33831051198486334,0.5816446612708341,False
F0,3026,0,F0,176,0.493939723476986,0.7028084543294751,False
F0,3026,0,F0,177,0.7402584751782552,0.860382749233302,False
F0,3026,0,F0,178,0.12893863357813976,0.359080260635613,False
F0,3026,0,F0,179,0.19083855339643876,0.436850722096735,False
F0,3026,0,F0,180,0.8981848998415083,0.9477261734496459,False
F0,3026,0,F0,181,0.4047629605300907,0.6362098400135687,False
F0,3026,0,F0,182,0.12371807453422774,0.3517358021786064,False
F0,3026,0,F0,183,1.7340350532280087,1.316827647502895,False
F0,3026,0,F0,184,1.0642682570488022,1.0316337804903455,False
F0,3026,0,F0,185,1.0958135760995262,1.0468111463389784,False
F0,3026,0,F0,186,0.2991266269834901,0.5469246995551491,False
F0,3026,0,F0,187,0.7956803252646351,0.8920091508861526,False
F0,3026,0,F0,188,1.4858602318961756,1.2189586670171288,False
F0,3026,0,F0,189,0.9388688045161604,0.9689524263430895,False
F0,3026,0,F0,190,0.8133895724026162,0.9018811298628086,False
F0,3026,0,F0,191,0.7435247537511782,0.8622788143931046,False
F0,3026,1,F0,0,1.5990766109840902,1.2645460098328136,False
F0,3026,1,F0,1,0.5271787759509647,0.7260707788852026,False
F0,3026,1,F0,2,0.5252150474675228,0.7247172189671794,False
F0,3026,1,F0,3,1.6969456890074774,1.3026686796754874,False
F0,3026,1,F0,4,0.5952215476951886,0.7715060257024495,False
F0,3026,1,F0,5,0.7253824440511557,0.8516938675669538,False
F0,3026,1,F0,6,0.9520191057540436,0.9757146641073114,False
F0,3026,1,F0,7,1.2478964837323934,1.1170928715789004,False
F0,3026,1,F0,8,1.3833883540113212,1.1761753075164099,False
F0,3026,1,F0,9,0.592457240461894,0.7697124401111716,False
F0,3026,1,F0,10,1.2048257269424352,1.0976455379321848,False
F0,3026,1,F0,11,2.4757062497440216,1.5734377171480356,False
F0,3026,1,F0,12,0.5347194542490379,0.7312451396413092,False
F0,3026,1,F0,13,0.46051710112431776,0.6786141032459595,False
F0,3026,1,F0,14,0.3879750167489292,0.622876405676864,False
F0,3026,1,F0,15,0.2874096607730459,0.5361060163559498,False
F0,3026,1,F0,16,1.1250490814031313,1.0606833087227927,False
F0,3026,1,F0,17,2.250904455809221,1.500301454978039,False
F0,3026,1,F0,18,0.7464365015293489,0.8639655673285532,False
F0,3026,1,F0,19,0.2942348136030806,0.5424341560070499,False
F0,3026,1,F0,20,0.18099681838952422,0.42543720851557426,False
F0,3026,1,F0,21,0.8257477247529896,0.9087066219374599,False
F0,3026,1,F0,22,0.4606856925140673,0.6787383093019483,False
F0,3026,1,F0,23,0.875259953974495,0.9355532876188801,False
F0,3026,1,F0,24,0.14589139239966553,0.3819573175103018,False
F0,3026,1,F0,25,0.28063727360639273,0.5297520869297192,False
F0,3026,1,F0,26,0.4933842492007681,0.7024131613237099,False
F0,3026,1,F0,27,0.9695583856029227,0.9846615589139868,False
F0,3026,1,F0,28,0.4745315299111592,0.6888624898418836,False
F0,3026,1,F0,29,1.6521456648888417,1.2853581854443694,False
F0,3026,1,F0,30,0.39263840078384665,0.6266086504221329,False
F0,3026,1,F0,31,1.0015645579880328,1.0007819732529322,False
F0,3026,1,F0,32,0.5517561614303741,0.7428029088731237,False
F0,3026,1,F0,33,0.18123742474670196,0.42571989000597793,False
F0,3026,1,F0,34,1.2060631352893025,1.098209058098367,False
F0,3026,1,F0,35,0.06698373454303708,0.25881216073252256,False
F0,3026,1,F0,36,0.6813520448287197,0.8254405156210347,False
F0,3026,1,F0,37,0.5951944484875139,0.7714884629646214,False
F0,3026,1,F0,38,0.5981409402182783,0.7733957203258099,False
F0,3026,1,F0,39,0.5566419609547942,0.7460844194558645,False
F0,3026,1,F0,40,0.32878292450895696,0.5733959578763674,False
F0,3026,1,F0,41,0.24240816206442384,0.4923496339639381,False
F0,3026,1,F0,42,0.31238676659682474,0.5589157061640196,False
F0,3026,1,F0,43,0.7328409252601138,0.8560612859253207,False
F0,3026,1,F0,44,1.4235012668924014,1.1931057232669708,False
F0,3026,1,F0,45,0.39755237376791175,0.6305175443775627,False
F0,3026,1,F0,46,0.5019240527847402,0.7084659856229798,False
F0,3026,1,F0,47,0.3538773991164083,0.5948759527131756,False
F0,3026,1,F0,48,0.32792952251623114,0.5726513097131893,False
F0,3026,1,F0,49,0.4040603233433961,0.6356573946265363,False
F0,3026,1,F0,50,0.18407472810407555,0.4290393083437409,False
F0,3026,1,F0,51,0.5826641134435232,0.7633243828435741,False
F0,3026,1,F0,52,0.8628225191139842,0.9288824032750239,False
F0,3026,1,F0,53,0.11622413972997699,0.34091661697543724,False
F0,3026,1,F0,54,0.5332293162744405,0.7302255242556511,False
F0,3026,1,F0,55,0.6018553560755728,0.7757933720234872,False
F0,3026,1,F0,56,0.23853980562191962,0.4884053701812866,False
F0,3026,1,F0,57,0.2557254911391656,0.5056930799795125,False
F0,3026,1,F0,58,1.5466876579848534,1.243658979778964,False
F0,3026,1,F0,59,1.149199835381746,1.0720073858802215,False
F0,3026,1,F0,60,0.43737905346393563,0.6613463944590124,False
F0,3026,1,F0,61,0.12327401190171954,0.35110399015351496,False
F0,3026,1,F0,62,0.5360348175067958,0.732143986867881,False
F0,3026,1,F0,63,0.8772320142535716,0.9366066486276785,False
F0,3026,1,F0,64,0.14775016937753854,0.3843828421997248,False
F0,3026,1,F0,65,0.7010498651444717,0.8372872058884404,False
F0,3026,1,F0,66,1.2235914034252482,1.1061606589574808,False
F0,3026,1,F0,67,0.2230394214022817,0.47227049601079435,False
F0,3026,1,F0,68,0.7803049615907692,0.883348720263277,False
F0,3026,1,F0,69,0.8723653024807515,0.9340049799014732,False
F0,3026,1,F0,70,0.4311356590141924,0.6566092133180834,False
F0,3026,1,F0,71,2.1656078459770978,1.4716004369315394,False
F0,3026,1,F0,72,0.15467402608952463,0.3932861885313602,False
F0,3026,1,F0,73,0.23872954246600972,0.48859957272393284,False
F0,3026,1,F0,74,0.9165586076219023,0.9573706740975004,False
F0,3026,1,F0,75,1.7408450296861586,1.3194108646233587,False
F0,3026,1,F0,76,1.2687367051364318,1.1263821310445368,False
F0,3026,1,F0,77,0.7597913601726098,0.8716601173465549,False
F0,3026,1,F0,78,0.42050764170524724,0.6484656056455479,False
F0,3026,1,F0,79,0.1371797424211624,0.37037783737848357,False
F0,3026,1,F0,80,0.2701549954107148,0.5197643652759535,False
F0,3026,1,F0,81,0.77759350701284,0.8818126257957752,False
F0,3026,1,F0,82,1.239435597165792,1.1132994193682992,False
F0,3026,1,F0,83,0.4068395248853549,0.6378397329152167,False
F0,3026,1,F0,84,0.4404170800671069,0.6636392695336126,False
F0,3026,1,F0,85,0.6299741776191391,0.793709126581734,False
F0,3026,1,F0,86,1.516386392398602,1.231416417138655,False
F0,3026,1,F0,87,0.2382304732159009,0.4880885915649954,False
F0,3026,1,F0,88,0.1580890854077703,0.39760418182882623,False
F0,3026,1,F0,89,0.4025309072163768,0.6344532348537415,False
F0,3026,1,F0,90,0.5217656772734423,0.722333494497827,False
F0,3026,1,F0,91,0.823702694027759,0.9075806818282103,False
F0,3026,1,F0,92,0.3267379240046239,0.5716099404354545,False
F0,3026,1,F0,93,1.1041019734628068,1.050762567596889,False
F0,3026,1,F0,94,1.8473880001878098,1.359186521485484,False
F0,3026,1,F0,95,0.9097029957811101,0.9537835162032893,False
F0,3026,1,F0,96,1.1871193815894219,1.0895500821850375,False
F0,3026,1,F0,97,0.27546192586857904,0.5248446683244282,False
F0,3026,1,F0,98,1.4465571937594366,1.2027290608276815,False
F0,3026,1,F0,99,1.2148496976498993,1.1022022036132477,False
F0,3026,1,F0,100,0.18238516195877766,0.42706575835435184,False
F0,3026,1,F0,101,1.183621236268229,1.0879435813810516,False
F0,3026,1,F0,102,1.691696040536939,1.3006521597017933,False
F0,3026,1,F0,103,0.21598421736965848,0.4647410218279192,False
F0,3026,1,F0,104,1.2275757762772321,1.1079601871354547,False
F0,3026,1,F0,105,0.6444378594150443,0.8027688704820611,False
F0,3026,1,F0,106,1.050385718289413,1.0248832705676354,False
F0,3026,1,F0,107,0.6524038751582694,0.8077152190953625,False
F0,3026,1,F0,108,0.5854910257363781,0.7651738532754357,False
F0,3026,1,F0,109,0.3829344576717941,0.6188169823718432,False
F0,3026,1,F0,110,0.1958949378861781,0.44260020095587177,False
F0,3026,1,F0,111,0.4546419880925994,0.6742714498572511,False
F0,3026,1,F0,112,0.7086468627776793,0.8418116551685889,False
F0,3026,1,F0,113,0.9678626263576477,0.9838000947131728,False
F0,3026,1,F0,114,0.6167859515115411,0.7853572126819369,False
F0,3026,1,F0,115,2.6946897770100002,1.641551027842266,False
F0,3026,1,F0,116,0.5230810890121512,0.7232434507219206,False
F0,3026,1,F0,117,0.8306616108548145,0.911406391712728,False
F0,3026,1,F0,118,1.1395021992270267,1.0674746831784943,False
F0,3026,1,F0,119,0.47154125992031354,0.686688619332164,False
F0,3026,1,F0,120,0.5996380937293219,0.7743630245106761,False
F0,3026,1,F0,121,0.4501765278334687,0.6709519564271861,False
F0,3026,1,F0,122,2.72499841978948,1.6507569232898827,False
F0,3026,1,F0,123,0.5566818318257925,0.7461111390575753,False
F0,3026,1,F0,124,0.13034086667240963,0.3610275151181827,False
F0,3026,1,F0,125,1.1234236284525108,1.059916802608823,False
F0,3026,1,F0,126,1.3183540653132937,1.1481960047453978,False
F0,3026,1,F0,127,0.44822536058523255,0.66949634844802,False
F0,3026,1,F0,128,0.6355140865433505,0.797191373851568,False
F0,3026,1,F0,129,0.9782347587973197,0.9890575103588869,False
F0,3026,1,F0,130,1.8470642185003874,1.3590674076367173,False
F0,3026,1,F0,131,0.789673559033348,0.888635785366169,False
F0,3026,1,F0,132,1.0081722386996121,1.0040778051025787,False
F0,3026,1,F0,133,0.6506443216751024,0.8066252671935726,False
F0,3026,1,F0,134,0.21953398031295238,0.46854453396977364,False
F0,3026,1,F0,135,0.1661562013014006,0.4076226211845959,False
F0,3026,1,F0,136,0.8048796386209295,0.8971508449647303,False
F0,3026,1,F0,137,1.5361642182885118,1.239420920546572,False
F0,3026,1,F0,138,0.5464817884800114,0.7392440655696949,False
F0,3026,1,F0,139,0.555759806515964,0.7454929956183116,False
F0,3026,1,F0,140,0.9027612695235425,0.9501375003248438,False
F0,3026,1,F0,141,0.4313335911778628,0.6567599189794264,False
F0,3026,1,F0,142,1.3726939660497524,1.1716202311541708,False
F0,3026,1,F0,143,0.15150901251316568,0.389241586310052,False
F0,3026,1,F0,144,0.3606373233831613,0.6005308679686343,False
F0,3026,1,F0,145,0.30794930951040017,0.554931806180183,False
F0,3026,1,F0,146,0.3556466658541386,0.5963611874142537,False
F0,3026,1,F0,147,0.7490712971417848,0.8654890508503182,False
F0,3026,1,F0,148,0.3889434952150201,0.6236533453891032,False
F0,3026,1,F0,149,0.6442445172161803,0.8026484393656915,False
F0,3026,1,F0,150,0.6276609594595541,0.7922505660834546,False
F0,3026,1,F0,151,0.8140447162733989,0.9022442664120393,False
F0,3026,1,F0,152,2.29847693152501,1.5160728648468746,False
F0,3026,1,F0,153,0.9358080418055151,0.9673717185268107,False
F0,3026,1,F0,154,0.5529159200271221,0.7435831628184719,False
F0,3026,1,F0,155,0.7312332954443953,0.8551218015256045,False
F0,3026,1,F0,156,0.3065158052578796,0.5536386955929649,False
F0,3026,1,F0,157,0.3537073382742576,0.5947329974654657,False
F0,3026,1,F0,158,2.624217502248773,1.6199436725543186,False
F0,3026,1,F0,159,1.2472731270032709,1.116813828264707,False
F0,3026,1,F0,160,0.17582603954056464,0.4193161570230327,False
F0,3026,1,F0,161,0.25398684072602146,0.503971071318604,False
F0,3026,1,F0,162,0.44752120996340744,0.6689702608961084,False
F0,3026,1,F0,163,0.682229537563092,0.8259718745593533,False
F0,3026,1,F0,164,0.5448879992565178,0.7381652926387949,False
F0,3026,1,F0,165,0.10994171320327081,0.3315745967399656,False
F0,3026,1,F0,166,1.1047459815156568,1.0510689708652126,False
F0,3026,1,F0,167,0.4572624540567807,0.6762118411095599,False
F0,3026,1,F0,168,0.1359594974316487,0.368726860198235,False
F0,3026,1,F0,169,1.0646555199315189,1.0318214573905307,False
F0,3026,1,F0,170,0.33872312791938014,0.5819992507893632,False
F0,3026,1,F0,171,0.8193168137760366,0.9051612087225328,False
F0,3026,1,F0,172,0.5574636106925622,0.7466348576731214,False
F0,3026,1,F0,173,0.26137966249935124,0.5112530317752172,False
F0,3026,1,F0,174,0.5371859093163351,0.7329296755598965,False
F0,3026,1,F0,175,1.0045346945367188,1.0022647826481377,False
F0,3026,1,F0,176,0.6201117419898902,0.7874717404389127,False
F0,3026,1,F0,177,0.7324778316965056,0.8558491874720134,False
F0,3026,1,F0,178,0.09151074293521196,0.30250742624803767,False
F0,3026,1,F0,179,1.4807316015790455,1.2168531553063604,False
F0,3026,1,F0,180,0.1979098469148326,0.44487059569590864,False
F0,3026,1,F0,181,0.45188159874699785,0.6722213911703478,False
F0,3026,1,F0,182,0.9653684991053555,0.9825316784233247,False
F0,3026,1,F0,183,0.6524242048307961,0.8077278036757161,False
F0,3026,1,F0,184,1.3622448019911693,1.1671524330571261,False
F0,3026,1,F0,185,1.3556103238293624,1.1643067997007328,False
F0,3026,1,F0,186,0.5536990511015945,0.7441095692850579,False
F0,3026,1,F0,187,0.6556127989385135,0.809699202752796,False
F0,3026,1,F0,188,0.21141907819773362,0.45980330381341716,False
F0,3026,1,F0,189,0.5816757049009469,0.7626766712709566,False
F0,3026,1,F0,190,0.7401972315722144,0.8603471575894317,False
F0,3026,1,F0,191,0.3421667961597833,0.584950251012668,False
F0,3026,2,F0,0,0.41405339643312156,0.6434698100401616,False
F0,3026,2,F0,1,1.0150063912464398,1.0074752558978508,False
F0,3026,2,F0,2,1.925798549206373,1.3877314398709761,False
F0,3026,2,F0,3,0.33730890359037596,0.5807830090407053,False
F0,3026,2,F0,4,0.3571989594634929,0.5976612413930594,False
F0,3026,2,F0,5,0.30532937973523594,0.5525661767926408,False
F0,3026,2,F0,6,0.2502863072295185,0.5002862253045935,False
F0,3026,2,F0,7,0.5296009964032552,0.7277369005370383,False
F0,3026,2,F0,8,1.7635862821102704,1.3280008592279864,False
F0,3026,2,F0,9,2.1531700223466546,1.4673684003503191,False
F0,3026,2,F0,10,0.2416549386983515,0.4915841115194342,False
F0,3026,2,F0,11,0.5015398888630382,0.7081948099661831,False
F0,3026,2,F0,12,0.40912542775649297,0.6396291329798018,False
F0,3026,2,F0,13,1.3936737256976361,1.1805395909064786,False
F0,3026,2,F0,14,0.38393101092690285,0.6196216675737727,False
F0,3026,2,F0,15,0.3366975719094164,0.5802564708035718,False
F0,3026,2,F0,16,0.09096355146056573,0.3016016436635678,False
F0,3026,2,F0,17,1.8457040157384441,1.3585668977781125,False
F0,3026,2,F0,18,0.6946894300528488,0.8334803117367853,False
F0,3026,2,F0,19,0.5034840950100019,0.7095661315268661,False
F0,3026,2,F0,20,0.7035314945942396,0.8387678430854628,False
F0,3026,2,F0,21,0.3418972091347209,0.5847197697484846,False
F0,3026,2,F0,22,0.6114477965778724,0.7819512750663384,False
F0,3026,2,F0,23,0.10239468726025683,0.31999169873647787,False
F0,3026,2,F0,24,0.463523306073921,0.6808254593314802,False
F0,3026,2,F0,25,1.0342362144070296,1.0169740480499143,False
F0,3026,2,F0,26,0.5391849359137432,0.7342921325424528,False
F0,3026,2,F0,27,0.94673323863983,0.9730021781269711,False
F0,3026,2,F0,28,1.2981634362976073,1.139369753985776,False
F0,3026,2,F0,29,0.21796145547777354,0.46686342272421977,False
F0,3026,2,F0,30,0.2617085500304988,0.5115745791480445,False
F0,3026,2,F0,31,0.11702330504869773,0.34208669229991645,False
F0,3026,2,F0,32,0.257761436187642,0.5077021136332229,False
F0,3026,2,F0,33,0.12539811489125435,0.35411596249146177,False
F0,3026,2,F0,34,0.37016389160653035,0.6084109561854802,False
F0,3026,2,F0,35,0.8035989949345804,0.8964368326516824,False
F0,3026,2,F0,36,0.14092070125426184,0.3753940612932786,False
F0,3026,2,F0,37,2.156575975803535,1.4685285069768088,False
F0,3026,2,F0,38,0.353315426746913,0.5944034208741678,False
F0,3026,2,F0,39,0.20714568800604793,0.4551326048593398,False
F0,3026,2,F0,40,0.10800960065758672,0.32864814111384644,False
F0,3026,2,F0,41,0.5579712909946607,0.7469747592754796,False
F0,3026,2,F0,42,0.12056352699292457,0.34722258998072775,False
F0,3026,2,F0,43,0.8145404344838337,0.9025189385734982,False
F0,3026,2,F0,44,0.18518259022985775,0.4303284678357426,False
F0,3026,2,F0,45,0.1564929876686501,0.39559194590973423,False
F0,3026,2,F0,46,0.44378740034478037,0.6661737013308018,False
F0,3026,2,F0,47,0.7705312429957747,0.877799090336607,False
F0,3026,2,F0,48,0.6093141200746386,0.7805857544656055,False
F0,3026,2,F0,49,0.25701214908504405,0.5069636565721887,False
F0,3026,2,F0,50,1.1854977041254022,1.0888056319313388,False
F0,3026,2,F0,51,0.3852609232258496,0.6206939046147059,False
F0,3026,2,F0,52,0.5793254415333774,0.7611343124136353,False
F0,3026,2,F0,53,0.3038398044213293,0.5512166583307595,False
F0,3026,2,F0,54,1.0220546728919824,1.0109671967437828,False
F0,3026,2,F0,55,0.170085867677751,0.41241467927045344,False
F0,3026,2,F0,56,0.13348423670122075,0.3653549461841467,False
F0,3026,2,F0,57,0.8783909703990547,0.9372251439217019,False
F0,3026,2,F0,58,0.7508755963839071,0.8665307821329298,False
F0,3026,2,F0,59,0.4740311544725874,0.688499204409553,False
F0,3026,2,F0,60,0.2574595555030241,0.5074047255426619,False
F0,3026,2,F0,61,0.15606680698259626,0.39505291668660825,False
F0,3026,2,F0,62,0.7808896809748505,0.8836796257552001,False
F0,3026,2,F0,63,1.1010296272052997,1.0492995888712144,False
F0,3026,2,F0,64,0.09021568279769566,0.30035925622110543,False
F0,3026,2,F0,65,0.8694597955339045,0.9324482803533419,False
F0,3026,2,F0,66,0.17578125211805268,0.4192627483071358,False
F0,3026,2,F0,67,0.20446890692601769,0.4521823823702309,False
F0,3026,2,F0,68,0.18855441099631112,0.43422852393217,False
F0,3026,2,F0,69,0.3234901551832815,0.5687619494861462,False
F0,3026,2,F0,70,1.493158427275037,1.2219486189177664,False
F0,3026,2,F0,71,0.5762371143440588,0.7591028351574368,False
F0,3026,2,F0,72,0.18627407179458316,0.43159480047213633,False
F0,3026,2,F0,73,1.1038804358588015,1.0506571447712147,False
F0,3026,2,F0,74,0.8617608328480327,0.9283107415343381,False
F0,3026,2,F0,75,0.22920273209969436,0.4787512215124828,False
F0,3026,2,F0,76,0.4975068304026886,0.7053416409107636,False
F0,3026,2,F0,77,0.5095031975515698,0.7137949268183194,False
F0,3026,2,F0,78,0.7634543012264617,0.8737587202577504,False
F0,3026,2,F0,79,0.901092188325587,0.9492587573078202,False
F0,3026,2,F0,80,2.467330207289922,1.5707737606956396,False
F0,3026,2,F0,81,0.5599269322632855,0.7482826553270399,False
F0,3026,2,F0,82,1.78721080497582,1.3368660385303457,False
F0,3026,2,F0,83,1.2729641604480433,1.1282571340115883,False
F0,3026,2,F0,84,0.24495326796662945,0.49492753809687073,False
F0,3026,2,F0,85,0.7183451238072549,0.8475524313027808,False
F0,3026,2,F0,86,1.2179887230140058,1.103625263852729,False
F0,3026,2,F0,87,0.5723831069579557,0.7565600484812529,False
F0,3026,2,F0,88,0.12869935400051427,0.3587469219387314,False
F0,3026,2,F0,89,0.07617910322882356,0.2760056217340936,False
F0,3026,2,F0,90,1.0418946485935896,1.0207324079275575,False
F0,3026,2,F0,91,0.7619465677494192,0.8728955079214346,False
F0,3026,2,F0,92,0.263097812843467,0.5129306121138287,False
F0,3026,2,F0,93,0.7576749384727854,0.8704452530014656,False
F0,3026,2,F0,94,0.2917326172909522,0.5401227798296904,False
F0,3026,2,F0,95,1.4970426867518782,1.2235369576567265,False
F0,3026,2,F0,96,0.18677233972711796,0.43217165539530467,False
F0,3026,2,F0,97,2.256716835659394,1.5022372767507115,False
F0,3026,2,F0,98,0.8441136110247962,0.9187565569968991,False
F0,3026,2,F0,99,0.6093264938630779,0.7805936803888934,False
F0,3026,2,F0,100,0.5818821519979616,0.7628120030505299,False
F0,3026,2,F0,101,0.6525237551865345,0.8077894250276705,False
F0,3026,2,F0,102,0.08958506880954685,0.29930764909962937,False
F0,3026,2,F0,103,0.47936105484155644,0.6923590505233224,False
F0,3026,2,F0,104,0.2849365925630938,0.5337945227923323,False
F0,3026,2,F0,105,0.8126167411723582,0.9014525728913075,False
F0,3026,2,F0,106,0.22593246358350816,0.47532353569280383,False
F0,3026,2,F0,107,0.463019921786274,0.6804556721684918,False
F0,3026,2,F0,108,0.4639361802211874,0.6811286076954831,False
F0,3026,2,F0,109,0.45069820586509646,0.6713406034682369,False
F0,3026,2,F0,110,0.1478946544184596,0.38457074046065903,False
F0,3026,2,F0,111,0.8777193679003403,0.936866782365743,False
F0,3026,2,F0,112,0.36775183211157725,0.6064254547028656,False
F0,3026,2,F0,113,0.4319357543242909,0.657218193847592,False
F0,3026,2,F0,114,1.0520920096096722,1.0257153648111508,False
F0,3026,2,F0,115,0.3630948490904245,0.6025735217302736,False
F0,3026,2,F0,116,0.18363139007239127,0.42852233322475886,False
F0,3026,2,F0,117,0.5401639568970442,0.734958472906493,False
F0,3026,2,F0,118,0.28972357734236404,0.5382597675308494,False
F0,3026,2,F0,119,0.9611088793695651,0.9803616064338532,False
F0,3026,2,F0,120,0.8183948255971664,0.9046517703498769,False
F0,3026,2,F0,121,0.24236713680688435,0.49230796947326005,False
F0,3026,2,F0,122,0.45395993864537165,0.6737654923230869,False
F0,3026,2,F0,123,0.36541806892270356,0.6044981959631506,False
F0,3026,2,F0,124,0.12408637370488325,0.3522589583032393,False
F0,3026,2,F0,125,0.2502168849734658,0.5002168379547671,False
F0,3026,2,F0,126,1.467566838300802,1.2114317307635631,False
F0,3026,2,F0,127,0.3270817558206675,0.5719106187339658,False
F0,3026,2,F0,128,1.1897161254391808,1.090741090011365,False
F0,3026,2,F0,129,0.8778944207483185,0.9369602023289562,False
F0,3026,2,F0,130,0.29129067145184034,0.5397135086801519,False
F0,3026,2,F0,131,0.3688875264660453,0.6073611170185702,False
F0,3026,2,F0,132,1.012041844315964,1.0060029047254109,False
F0,3026,2,F0,133,0.8225787058394192,0.9069612482567374,False
F0,3026,2,F0,134,0.4027654186595279,0.634638021756913,False
F0,3026,2,F0,135,0.11756560605044601,0.3428784129256988,False
F0,3026,2,F0,136,0.984279121518685,0.9921084222597272,False
F0,3026,2,F0,137,0.8018018744847341,0.8954339029122887,False
F0,3026,2,F0,138,1.551189516466122,1.2454675894884306,False
F0,3026,2,F0,139,3.444526179572195,1.8559434742395025,False
F0,3026,2,F0,140,0.9629303329056802,0.9812901369654544,False
F0,3026,2,F0,141,0.17686064333093032,0.4205480273772906,False
F0,3026,2,F0,142,0.37905826988932045,0.6156770824785672,False
F0,3026,2,F0,143,0.3648439412478589,0.6040231297292008,False
F0,3026,2,F0,144,2.32511054766992,1.5248313177758122,False
F0,3026,2,F0,145,0.19354922369548797,0.4399422958701379,False
F0,3026,2,F0,146,0.25672222818828416,0.5066776373477363,False
F0,3026,2,F0,147,0.6414019706571953,0.8008757523219162,False
F0,3026,2,F0,148,0.2821483947302404,0.5311764252395247,False
F0,3026,2,F0,149,0.7734286885667456,0.879447945342273,False
F0,3026,2,F0,150,0.5101757037315751,0.7142658494787323,False
F0,3026,2,F0,151,0.34228592082920223,0.5850520667677384,False
F0,3026,2,F0,152,0.6019086542359815,0.7758277220079091,False
F0,3026,2,F0,153,0.6313042515262068,0.794546569765553,False
F0,3026,2,F0,154,0.6007635826917364,0.775089403031506,False
F0,3026,2,F0,155,0.733584660561322,0.8564955694931072,False
F0,3026,2,F0,156,0.19779380896705542,0.444740158932219,False
F0,3026,2,F0,157,0.210259552109031,0.45854067661335235,False
F0,3026,2,F0,158,0.16442697239946735,0.40549595854887055,False
F0,3026,2,F0,159,0.4666645649921516,0.6831285127940069,False
F0,3026,2,F0,160,3.420988497249147,1.849591440629294,False
F0,3026,2,F0,161,0.4512871807085975,0.6717791160110572,False
F0,3026,2,F0,162,0.7853911945278221,0.8862229936803842,False
F0,3026,2,F0,163,0.7334420171702087,0.8564122939158503,False
F0,3026,2,F0,164,0.9114796903765413,0.9547144548903307,False
F0,3026,2,F0,165,0.6945338386934802,0.8333869681567382,False
F0,3026,2,F0,166,0.10223066960144846,0.31973531178374476,False
F0,3026,2,F0,167,0.3114618896822926,0.5580877078760046,False
F0,3026,2,F0,168,0.9204361551475433,0.9593936393095085,False
F0,3026,2,F0,169,0.9707603700135461,0.9852717239490566,False
F0,3026,2,F0,170,1.411337505839102,1.1879972667641547,False
F0,3026,2,F0,171,0.2086321023232146,0.45676263236304104,False
F0,3026,2,F0,172,0.15688798920829777,0.39609088503561624,False
F0,3026,2,F0,173,0.13870442587313914,0.37243043091715683,False
F0,3026,2,F0,174,3.8453010147084026,1.960943909118362,False
F0,3026,2,F0,175,0.22271684213270934,0.4719288528292261,False
F0,3026,2,F0,176,0.4326952534542347,0.6577957536000325,False
F0,3026,2,F0,177,0.49500326158058716,0.7035646818740884,False
F0,3026,2,F0,178,0.47642970318348915,0.6902388740019567,False
F0,3026,2,F0,179,3.802863542317875,1.950093213751044,False
F0,3026,2,F0,180,0.07362309707415951,0.27133576445828056,False
F0,3026,2,F0,181,0.33077849786233354,0.575133460913494,False
F0,3026,2,F0,182,1.4536180295639536,1.2056608269177338,False
F0,3026,2,F0,183,0.6958509770846745,0.8341768260295143,False
F0,3026,2,F0,184,0.5810109961363602,0.7622407730739417,False
F0,3026,2,F0,185,1.9885533713857517,1.4101607608303925,False
F0,3026,2,F0,186,0.20428010534057917,0.45197356708172565,False
F0,3026,2,F0,187,0.37286959404833825,0.6106304889606629,False
F0,3026,2,F0,188,0.9655857342108736,0.982642220857049,False
F0,3026,2,F0,189,0.28091434750530886,0.5300135352095349,False
F0,3026,2,F0,190,0.3205013042225083,0.5661283460687234,False
F0,3026,2,F0,191,0.5619193209104459,0.7496127806477462,False
F0,3026,3,F0,0,0.7689004205333267,0.8768696713499258,False
F0,3026,3,F0,1,0.9341521111360396,0.9665154479551993,False
F0,3026,3,F0,2,0.38302281552431294,0.6188883708103691,False
F0,3026,3,F0,3,0.30518270591986923,0.5524334402621452,False
F0,3026,3,F0,4,0.07733117826405052,0.2780848400471527,False
F0,3026,3,F0,5,0.4068068508134645,0.6378141193274609,False
F0,3026,3,F0,6,2.361281477491338,1.5366461783674659,False
F0,3026,3,F0,7,2.505011356637827,1.5827227668286783,False
F0,3026,3,F0,8,1.5441974163230325,1.242657401025332,False
F0,3026,3,F0,9,0.1831928112299892,0.42801029336920066,False
F0,3026,3,F0,10,1.9213830689581546,1.386139628233085,False
F0,3026,3,F0,11,0.6221906359198859,0.78879061601916,False
F0,3026,3,F0,12,0.5085026188767506,0.7130936957208012,False
F0,3026,3,F0,13,0.5587757382017436,0.7475130354727894,False
F0,3026,3,F0,14,0.26455718967535413,0.514351231820586,False
F0,3026,3,F0,15,0.4463175938189859,0.6680700515806601,False
F0,3026,3,F0,16,0.299022054092351,0.5468290903859734,False
F0,3026,3,F0,17,0.13312971838322996,0.3648694538917035,False
F0,3026,3,F0,18,1.0856994134456237,1.0419690079103234,False
F0,3026,3,F0,19,0.6638815944001637,0.8147892944805815,False
F0,3026,3,F0,20,3.170562521016225,1.780607346108688,False
F0,3026,3,F0,21,0.6014456916057834,0.7755292977094956,False
F0,3026,3,F0,22,0.11355504358857642,0.336979292521924,False
F0,3026,3,F0,23,1.9335801454640547,1.3905323244944918,False
F0,3026,3,F0,24,0.6150658686621289,0.7842613522685717,False
F0,3026,3,F0,25,0.5520115506683481,0.7429747981380984,False
F0,3026,3,F0,26,0.5720169448445502,0.7563180183259884,False
F0,3026,3,F0,27,0.3435127824525645,0.5860996352605626,False
F0,3026,3,F0,28,0.4031704967081507,0.6349570825718465,False
F0,3026,3,F0,29,0.8476215880781138,0.920663667186945,False
F0,3026,3,F0,30,0.6377217247289113,0.7985748084737655,False
F0,3026,3,F0,31,0.36323926057546535,0.6026933387515291,False
F0,3026,3,F0,32,0.6392449144730252,0.7995279322656746,False
F0,3026,3,F0,33,1.0685208172692033,1.0336928060450083,False
F0,3026,3,F0,34,0.2644505490630101,0.51424755620519,False
F0,3026,3,F0,35,0.7582036240874902,0.8707488869286542,False
F0,3026,3,F0,36,0.5369499076819771,0.7327686590472993,False
F0,3026,3,F0,37,0.682606314408933,0.8261999239947514,False
F0,3026,3,F0,38,0.23258537656993292,0.4822710613025966,False
F0,3026,3,F0,39,2.0116562109230736,1.4183286681594902,False
F0,3026,3,F0,40,0.7906560962178101,0.8891884480906227,False
F0,3026,3,F0,41,0.1280621913100194,0.35785778084319947,False
F0,3026,3,F0,42,0.24065996194206526,0.4905710569755061,False
F0,3026,3,F0,43,0.08419914369476834,0.2901708870558319,False
F0,3026,3,F0,44,2.419730752461241,1.5555483767666118,False
F0,3026,3,F0,45,1.8747425007050011,1.3692123650862202,False
F0,3026,3,F0,46,0.6434860097508297,0.8021757972856259,False
F0,3026,3,F0,47,1.4976325667391708,1.2237779891545568,False
F0,3026,3,F0,48,0.3141272108580502,0.5604705263062905,False
F0,3026,3,F0,49,0.47163138181178843,0.6867542368357027,False
F0,3026,3,F0,50,2.1539320095507213,1.467628021520004,False
F0,3026,3,F0,51,0.5250359304426241,0.7245936312462483,False
F0,3026,3,F0,52,1.1203720314679388,1.0584762781791281,False
F0,3026,3,F0,53,0.7668398767192403,0.875693940095077,False
F0,3026,3,F0,54,0.5967357538130272,0.7724867337456529,False
F0,3026,3,F0,55,1.7041459546504516,1.3054294138904836,False
F0,3026,3,F0,56,0.19372888652981923,0.44014643759755595,False
F0,3026,3,F0,57,0.1586335980081896,0.3982883352650308,False
F0,3026,3,F0,58,0.5221076040915674,0.7225701378354681,False
F0,3026,3,F0,59,1.1154206843765393,1.0561347851370768,False
F0,3026,3,F0,60,1.649779060929248,1.284437254570751,False
F0,3026,3,F0,61,0.26551179455762786,0.5152783660873294,False
F0,3026,3,F0,62,0.8486399591772216,0.921216564754033,False
F0,3026,3,F0,63,1.124439377446658,1.0603958588407718,False
F0,3026,3,F0,64,0.2694436742478266,0.5190796415270268,False
F0,3026,3,F0,65,0.24390151147952088,0.49386385925629434,False
F0,3026,3,F0,66,0.6489222606256766,0.8055571119577286,False
F0,3026,3,F0,67,0.4346380481747277,0.6592708458401051,False
F0,3026,3,F0,68,0.7304728942244159,0.854677070140773,False
F0,3026,3,F0,69,0.33103211297415197,0.5753539023715334,False
F0,3026,3,F0,70,3.000612043628192,1.7322274803351296,False
F0,3026,3,F0,71,1.716195913399218,1.310036607656144,False
F0,3026,3,F0,72,0.17011524294527205,0.41245029148404305,False
F0,3026,3,F0,73,1.161767143055217,1.0778530247929061,False
F0,3026,3,F0,74,0.5737156831009554,0.7574402175095771,False
F0,3026,3,F0,75,0.8888947451553654,0.9428121473312514,False
F0,3026,3,F0,76,1.8241102063966823,1.3505962410715804,False
F0,3026,3,F0,77,0.49864633193056673,0.706148944579376,False
F0,3026,3,F0,78,1.238488788539659,1.1128741117213838,False
F0,3026,3,F0,79,1.4098592244359838,1.1873749300183087,False
F0,3026,3,F0,80,0.9205389334380293,0.9594472020064623,False
F0,3026,3,F0,81,0.166814109618831,0.40842883054313267,False
F0,3026,3,F0,82,0.37592040751073713,0.6131234847163638,False
F0,3026,3,F0,83,0.3321175344188361,0.5762963945912174,False
F0,3026,3,F0,84,1.1549404287257508,1.0746815475878195,False
F0,3026,3,F0,85,0.4252603840688106,0.6521199154057562,False
F0,3026,3,F0,86,0.16660377346901442,0.4081712550744043,False
F0,3026,3,F0,87,0.1254571492169764,0.35419930719437664,False
F0,3026,3,F0,88,0.6846565449170754,0.827439753043734,False
F0,3026,3,F0,89,0.25184815531848564,0.5018447522077776,False
F0,3026,3,F0,90,0.2751331799354465,0.5245313908008238,False
F0,3026,3,F0,91,1.6250201298655467,1.2747627739566083,False
F0,3026,3,F0,92,1.2595821949711525,1.1223110954504336,False
F0,3026,3,F0,93,0.5046002501142373,0.7103522014565995,False
F0,3026,3,F0,94,0.4575203229678129,0.676402485926695,False
F0,3026,3,F0,95,0.8075982094980872,0.8986646813456548,False
F0,3026,3,F0,96,2.0751509714555705,1.440538431092892,False
F0,3026,3,F0,97,0.8180927711466022,0.9044848097931785,False
F0,3026,3,F0,98,1.183852226563356,1.0880497353353642,False
F0,3026,3,F0,99,0.1703037960926225,0.4126788049956316,False
F0,3026,3,F0,100,0.9337878339382724,0.9663269808601395,False
F0,3026,3,F0,101,0.3403291332356813,0.5833773506365166,False
F0,3026,3,F0,102,1.809195875234226,1.3450635208919415,False
F0,3026,3,F0,103,0.23288548278584317,0.4825820995290264,False
F0,3026,3,F0,104,0.47910707169461647,0.692175607555349,False
F0,3026,3,F0,105,1.411683071334895,1.1881426982205863,False
F0,3026,3,F0,106,0.8137808095999948,0.902098004431888,False
F0,3026,3,F0,107,1.0813793380005525,1.0398939070888686,False
F0,3026,3,F0,108,0.9434132614211271,0.9712946316237556,False
F0,3026,3,F0,109,0.4186040062723274,0.6469961408480945,False
F0,3026,3,F0,110,0.24646348814279267,0.4964508919750197,False
F0,3026,3,F0,111,0.20042738707812757,0.4476911737773346,False
F0,3026,3,F0,112,2.180859723283651,1.4767734163654394,False
F0,3026,3,F0,113,0.606973084500314,0.7790847736288484,False
F0,3026,3,F0,114,0.7488538041890429,0.8653633942968947,False
F0,3026,3,F0,115,1.9709936155071555,1.4039208010094997,False
F0,3026,3,F0,116,0.40326752467234966,0.6350334831112054,False
F0,3026,3,F0,117,0.15093545232593777,0.38850412137574264,False
F0,3026,3,F0,118,0.4310219555395817,0.6565226237835081,False
F0,3026,3,F0,119,0.7731245733066824,0.879275027114203,False
F0,3026,3,F0,120,0.6156844070573463,0.7846555977353034,False
F0,3026,3,F0,121,0.28094812594576996,0.5300453998911507,False
F0,3026,3,F0,122,0.4557328072504316,0.6750798524992666,False
F0,3026,3,F0,123,0.5213482047450598,0.7220444617508397,False
F0,3026,3,F0,124,0.2947618607118787,0.5429197553155335,False
F0,3026,3,F0,125,0.6888455389363173,0.8299671914818786,False
F0,3026,3,F0,126,0.9033849567512593,0.9504656525889082,False
F0,3026,3,F0,127,0.5635206768821993,0.7506801428585942,False
F0,3026,3,F0,128,0.511917791312431,0.715484305427052,False
F0,3026,3,F0,129,0.2814315208424418,0.5305011977766325,False
F0,3026,3,F0,130,1.965260395052343,1.4018774536500482,False
F0,3026,3,F0,131,1.085033481301455,1.0416494042149955,False
F0,3026,3,F0,132,0.1366673801754548,0.3696855152362002,False
F0,3026,3,F0,133,0.4950881519214659,0.7036250080273341,False
F0,3026,3,F0,134,0.44811098778714925,0.6694109259544164,False
F0,3026,3,F0,135,0.5669971911521797,0.7529921587587614,False
F0,3026,3,F0,136,0.23929333004716846,0.4891761748564299,False
F0,3026,3,F0,137,0.15472373594302719,0.393349381521094,False
F0,3026,3,F0,138,0.4260339284111805,0.6527127457091523,False
F0,3026,3,F0,139,2.425308527641666,1.5573402093446589,False
F0,3026,3,F0,140,0.5671043676292417,0.7530633224565128,False
F0,3026,3,F0,141,0.21049230303797026,0.4587944017073119,False
F0,3026,3,F0,142,0.9209457648967773,0.9596591920555845,False
F0,3026,3,F0,143,0.9616590882494402,0.9806421815572897,False
F0,3026,3,F0,144,0.868379367949067,0.9318687503876643,False
F0,3026,3,F0,145,0.5802659018629759,0.7617518637082392,False
F0,3026,3,F0,146,0.12393449492201512,0.35204331398567296,False
F0,3026,3,F0,147,0.36872000986279924,0.6072231960842728,False
F0,3026,3,F0,148,0.6738482408318855,0.8208825986899013,False
F0,3026,3,F0,149,0.9222280824368615,0.9603270705529765,False
F0,3026,3,F0,150,0.18668986583958763,0.43207622688547404,False
F0,3026,3,F0,151,0.21157970563295947,0.45997794037644835,False
F0,3026,3,F0,152,0.6797737849977276,0.8244839507217394,False
F0,3026,3,F0,153,0.4909508473630365,0.7006788475207715,False
F0,3026,3,F0,154,0.46053645117153946,0.6786283601291206,False
F0,3026,3,F0,155,0.5375810697761179,0.7331992019745506,False
F0,3026,3,F0,156,0.3406756634627745,0.5836742785687703,False
F0,3026,3,F0,157,0.49418287016048884,0.7029814152312199,False
F0,3026,3,F0,158,0.5702660199055604,0.7551595989627361,False
F0,3026,3,F0,159,0.8955185714188724,0.9463184302436851,False
F0,3026,3,F0,160,0.577684767247673,0.7600557658801577,False
F0,3026,3,F0,161,0.683407952467993,0.8266849172858987,False
F0,3026,3,F0,162,0.8779822306416286,0.9370070600809945,False
F0,3026,3,F0,163,0.24595273653747965,0.4959362222478609,False
F0,3026,3,F0,164,0.41199384141821666,0.6418674640595335,False
F0,3026,3,F0,165,0.44743801283678103,0.6689080750273396,False
F0,3026,3,F0,166,0.2687737975500574,0.5184339857205134,False
F0,3026,3,F0,167,1.3493861256182564,1.1616308043514758,False
F0,3026,3,F0,168,1.49777020601129,1.223834223255458,False
F0,3026,3,F0,169,0.843970502134746,0.9186786718623362,False
F0,3026,3,F0,170,0.9048932928586247,0.9512587938403643,False
F0,3026,3,F0,171,0.6405414249445089,0.8003383190529546,False
F0,3026,3,F0,172,0.8864623446231013,0.9415212927082962,False
F0,3026,3,F0,173,0.3524202253794934,0.5936499182005278,False
F0,3026,3,F0,174,0.6783340457035496,0.8236103725084754,False
F0,3026,3,F0,175,0.7934210303565294,0.8907418427111917,False
F0,3026,3,F0,176,0.5214140511270636,0.7220900574907978,False
F0,3026,3,F0,177,0.9850735230633277,0.9925087017569809,False
F0,3026,3,F0,178,0.46318755547481516,0.6805788385446723,False
F0,3026,3,F0,179,0.4556240682507321,0.6749993098150042,False
F0,3026,3,F0,180,0.39756088769249176,0.6305242958780349,False
F0,3026,3,F0,181,0.15788878312444188,0.3973522154517851,False
F0,3026,3,F0,182,0.9613816234110557,0.9805007003623484,False
F0,3026,3,F0,183,0.8511541864460961,0.9225801788712438,False
F0,3026,3,F0,184,0.6808641137735524,0.8251449047128343,False
F0,3026,3,F0,185,0.24240973863340234,0.4923512350278024,False
F0,3026,3,F0,186,0.7413667457103408,0.8610265650433445,False
F0,3026,3,F0,187,0.42366051860789267,0.650892094442614,False
F0,3026,3,F0,188,0.596798193467813,0.7725271473985966,False
F0,3026,3,F0,189,2.756797537625015,1.6603606649234421,False
F0,3026,3,F0,190,0.43819156203047527,0.6619603930980126,False
F0,3026,3,F0,191,0.7060752989250482,0.8402828683991173,False
F0,3026,4,F0,0,0.35755919565834876,0.5979625370024018,False
F0,3026,4,F0,1,1.5503565515989972,1.2451331461329738,False
F0,3026,4,F0,2,0.6803561804672802,0.8248370629810958,False
F0,3026,4,F0,3,0.4447873072294595,0.666923764181079,False
F0,3026,4,F0,4,0.6865357475485668,0.8285745274557786,False
F0,3026,4,F0,5,1.6321074778117735,1.277539618881455,False
F0,3026,4,F0,6,0.6138763645986155,0.7835026257764651,False
F0,3026,4,F0,7,1.1570324758828698,1.0756544407396225,False
F0,3026,4,F0,8,0.15355542647253168,0.3918614888867388,False
F0,3026,4,F0,9,3.0004351885146834,1.7321764311162657,False
F0,3026,4,F0,10,0.2522992649864834,0.5022940025388353,False
F0,3026,4,F0,11,0.25864151277486086,0.5085681004298843,False
F0,3026,4,F0,12,0.55610162622713,0.7457222178714605,False
F0,3026,4,F0,13,0.19501890979278358,0.44160945392143,False
F0,3026,4,F0,14,0.31669110164021286,0.5627531444960684,False
F0,3026,4,F0,15,0.5380743259392143,0.7335354973954664,False
F0,3026,4,F0,16,0.15886785107648932,0.39858230150934865,False
F0,3026,4,F0,17,0.5150538430793096,0.7176725179908379,False
F0,3026,4,F0,18,0.47625855133097517,0.6901148827050284,False
F0,3026,4,F0,19,0.19474714188230816,0.4413016450029482,False
F0,3026,4,F0,20,1.6986535103992237,1.303324023564065,False
F0,3026,4,F0,21,0.12329967826220217,0.351140539189371,False
F0,3026,4,F0,22,0.8930572929908669,0.9450170860840913,False
F0,3026,4,F0,23,0.382597019728489,0.6185442746711742,False
F0,3026,4,F0,24,0.8625205839927267,0.9287198630333727,False
F0,3026,4,F0,25,0.22627718776125702,0.4756860180426339,False
F0,3026,4,F0,26,0.5438345601925908,0.7374513951390904,False
F0,3026,4,F0,27,1.1959883108266742,1.0936125048785215,False
F0,3026,4,F0,28,0.7038537571878862,0.8389599258533665,False
F0,3026,4,F0,29,0.5341177205588304,0.7308335792496335,False
F0,3026,4,F0,30,0.44464261395984295,0.6668152772393888,False
F0,3026,4,F0,31,0.9278607623214216,0.9632552944684091,False
F0,3026,4,F0,32,0.2688766108580198,0.5185331338092289,False
F0,3026,4,F0,33,0.5094546371826336,0.713760910377301,False
F0,3026,4,F0,34,0.4796118713757479,0.692540158673667,False
F0,3026,4,F0,35,1.4722128883204149,1.213347801877275,False
F0,3026,4,F0,36,0.6544510747948732,0.8089815046061765,False
F0,3026,4,F0,37,2.785145784819012,1.6688756049565263,False
F0,3026,4,F0,38,1.1992144150186508,1.0950864874605342,False
F0,3026,4,F0,39,0.5075372240734101,0.7124164681374302,False
F0,3026,4,F0,40,0.3628640305305721,0.6023819639818012,False
F0,3026,4,F0,41,0.3959911719317011,0.6292782945022822,False
F0,3026,4,F0,42,2.5305568085864953,1.5907723937089477,False
F0,3026,4,F0,43,1.5276243741704165,1.2359710248102165,False
F0,3026,4,F0,44,1.5620165580896608,1.2498066082757207,False
F0,3026,4,F0,45,0.745037666324636,0.8631556443218315,False
F0,3026,4,F0,46,0.8148837460014631,0.9027091148323823,False
F0,3026,4,F0,47,0.6570659598303547,0.8105960521926779,False
F0,3026,4,F0,48,1.532725629272382,1.238032967764745,False
F0,3026,4,F0,49,1.3477245801770434,1.1609154061244271,False
F0,3026,4,F0,50,0.8323519966213443,0.912333270587752,False
F0,3026,4,F0,51,0.49220818874500016,0.7015755046643235,False
F0,3026,4,F0,52,0.3203112491410872,0.5659604660584405,False
F0,3026,4,F0,53,0.5866105857495053,0.765905076200377,False
F0,3026,4,F0,54,0.5135921505816851,0.7166534382682365,False
F0,3026,4,F0,55,0.27248310555373206,0.5219991432499981,False
F0,3026,4,F0,56,0.34419655786680625,0.5866826722060284,False
F0,3026,4,F0,57,1.560255829871828,1.2491020093938798,False
F0,3026,4,F0,58,1.4567578822472123,1.2069622538618232,False
F0,3026,4,F0,59,0.5404147896848069,0.7351290972916301,False
F0,3026,4,F0,60,0.2972891226931021,0.5452422605531435,False
F0,3026,4,F0,61,0.4810787516809451,0.6935984080726721,False
F0,3026,4,F0,62,1.929278680051619,1.388984765953759,False
F0,3026,4,F0,63,0.33925694470055356,0.5824576763169609,False
F0,3026,4,F0,64,3.4078412840768335,1.846033933620082,False
F0,3026,4,F0,65,0.9501261439169223,0.9747441427969302,False
F0,3026,4,F0,66,0.5044307366988755,0.7102328749775495,False
F0,3026,4,F0,67,1.014649020427385,1.0072978806824648,False
F0,3026,4,F0,68,0.3989404447509354,0.6316173246127241,False
F0,3026,4,F0,69,1.363398330027434,1.1676464918918885,False
F0,3026,4,F0,70,1.013674538467117,1.0068140535705274,False
F0,3026,4,F0,71,0.3018515268744919,0.5494101626967706,False
F0,3026,4,F0,72,0.816434066228847,0.9035674110042078,False
F0,3026,4,F0,73,1.1780567146370953,1.0853832109614996,False
F0,3026,4,F0,74,0.2753897844055602,0.524775937334745,False
F0,3026,4,F0,75,2.1845244483568576,1.4780136834132684,False
F0,3026,4,F0,76,0.4117903942762661,0.6417089638428515,False
F0,3026,4,F0,77,0.23525015057568321,0.4850259277355008,False
F0,3026,4,F0,78,0.6530966308509082,0.8081439419131398,False
F0,3026,4,F0,79,1.302985409588909,1.1414838630435864,False
F0,3026,4,F0,80,0.6336348021366018,0.7960118102996977,False
F0,3026,4,F0,81,0.3623596682460376,0.6019631784802436,False
F0,3026,4,F0,82,1.9180707893816276,1.3849443271776767,False
F0,3026,4,F0,83,0.28227332434910274,0.5312940093292063,False
F0,3026,4,F0,84,0.698681869196521,0.8358719215265703,False
F0,3026,4,F0,85,0.679863702759289,0.8245384786408024,False
F0,3026,4,F0,86,0.7698920915438222,0.8774349500355124,False
F0,3026,4,F0,87,0.15479521907064145,0.3934402357037743,False
F0,3026,4,F0,88,1.6669917209504814,1.291120335580879,False
F0,3026,4,F0,89,1.4115551351807554,1.188088858284916,False
F0,3026,4,F0,90,1.9987817233832157,1.4137827709316646,False
F0,3026,4,F0,91,0.0946734776217178,0.30769055497645326,False
F0,3026,4,F0,92,0.23428624387719474,0.48403124266641584,False
F0,3026,4,F0,93,0.7856697644948618,0.8863801467174577,False
F0,3026,4,F0,94,1.3149472351351363,1.146711487312801,False
F0,3026,4,F0,95,0.1826724932536616,0.4274020276667644,False
F0,3026,4,F0,96,0.31274413696988923,0.5592353144874609,False
F0,3026,4,F0,97,0.9634432699054704,0.9815514606506733,False
F0,3026,4,F0,98,0.11085240975485866,0.3329450551590437,False
F0,3026,4,F0,99,0.533659274056643,0.7305198656139633,False
F0,3026,4,F0,100,0.17876878468875979,0.4228105777872164,False
F0,3026,4,F0,101,1.1270941519100581,1.0616469054775501,False
F0,3026,4,F0,102,0.7844486397431819,0.8856910520848575,False
F0,3026,4,F0,103,0.2869708193493291,0.5356965739570574,False
F0,3026,4,F0,104,0.183469313856339,0.428333180895829,False
F0,3026,4,F0,105,0.3745195235882898,0.611980002604897,False
F0,3026,4,F0,106,1.7950748697577008,1.3398040415514878,False
F0,3026,4,F0,107,1.3199996102502738,1.1489123596907964,False
F0,3026,4,F0,108,1.1785364807212975,1.0856042007662356,False
F0,3026,4,F0,109,0.7075329819397387,0.8411497975626807,False
F0,3026,4,F0,110,0.3459086233136955,0.5881399691516429,False
F0,3026,4,F0,111,0.6345508924580178,0.796587027548163,False
F0,3026,4,F0,112,0.29142948428298304,0.5398420919889287,False
F0,3026,4,F0,113,0.2859765614041938,0.534767763991243,False
F0,3026,4,F0,114,0.3131094583021087,0.5595618449305748,False
F0,3026,4,F0,115,0.9135398631783577,0.9557927930144471,False
F0,3026,4,F0,116,0.8415076745375084,0.9173372741459427,False
F0,3026,4,F0,117,0.2928017711634813,0.541111606938422,False
F0,3026,4,F0,118,0.250180569390123,0.5001805367965881,False
F0,3026,4,F0,119,0.5058871472887223,0.711257440937332,False
F0,3026,4,F0,120,0.35041018287379394,0.591954544601014,False
F0,3026,4,F0,121,1.0393242143738053,1.0194725177138446,False
F0,3026,4,F0,122,1.8988695787180305,1.3779947673042996,False
F0,3026,4,F0,123,1.116829229383103,1.0568014143551772,False
F0,3026,4,F0,124,0.5099102219824649,0.7140799829028013,False
F0,3026,4,F0,125,2.1747557992148,1.474705326231244,False
F0,3026,4,F0,126,1.445811644381398,1.2024190801802,False
F0,3026,4,F0,127,0.2048252566313888,0.452576243998057,False
F0,3026,4,F0,128,1.9322621523546524,1.3900583269613733,False
F0,3026,4,F0,129,0.3341323221412518,0.5780417996488245,False
F0,3026,4,F0,130,0.4991184946738946,0.7064831878211218,False
F0,3026,4,F0,131,1.309256202304715,1.1442273385585204,False
F0,3026,4,F0,132,0.6018353174850516,0.7757804570141295,False
F0,3026,4,F0,133,0.27637190162384,0.5257108536294833,False
F0,3026,4,F0,134,0.6518091247757158,0.8073469667842419,False
F0,3026,4,F0,135,0.6549425642324226,0.8092852180983059,False
F0,3026,4,F0,136,0.967064459593929,0.9833943560921676,False
F0,3026,4,F0,137,0.5620446377456138,0.7496963637004076,False
F0,3026,4,F0,138,0.16940679541045536,0.411590567688881,False
F0,3026,4,F0,139,0.38543048635422283,0.6208304811735832,False
F0,3026,4,F0,140,0.23781342595597624,0.4876611794637505,False
F0,3026,4,F0,141,0.3498805040925263,0.5915069772137319,False
F0,3026,4,F0,142,0.43431181655178236,0.6590233808840035,False
F0,3026,4,F0,143,1.6259666669823596,1.2751339800124375,False
F0,3026,4,F0,144,0.16331165093370806,0.40411836252972727,False
F0,3026,4,F0,145,0.2991014588550133,0.5469016903018433,False
F0,3026,4,F0,146,1.3107849053475937,1.144895150372991,False
F0,3026,4,F0,147,0.11394098864952792,0.33755146074269615,False
F0,3026,4,F0,148,0.9142074099375321,0.9561419402669941,False
F0,3026,4,F0,149,0.06905418150081218,0.2627816232174772,False
F0,3026,4,F0,150,0.08703409022027174,0.2950154067506844,False
F0,3026,4,F0,151,0.6546124469665681,0.8090812363209074,False
F0,3026,4,F0,152,0.7596954920677702,0.8716051239338661,False
F0,3026,4,F0,153,0.5177207069176607,0.7195281140564701,False
F0,3026,4,F0,154,0.14974528588713384,0.38696936039838326,False
F0,3026,4,F0,155,0.20180888023117152,0.4492314328173971,False
F0,3026,4,F0,156,0.3365950968523083,0.5801681625635005,False
F0,3026,4,F0,157,0.2836488276009118,0.5325869202307844,False
F0,3026,4,F0,158,0.8436434197270171,0.9185006367591789,False
F0,3026,4,F0,159,0.0780016291105557,0.27928771743590103,False
F0,3026,4,F0,160,0.3875670807211557,0.622548858099632,False
F0,3026,4,F0,161,0.16922718299346964,0.4113723167563292,False
F0,3026,4,F0,162,0.649892113993107,0.8061588639921458,False
F0,3026,4,F0,163,0.8282199039376399,0.910065878899786,False
F0,3026,4,F0,164,0.8729015643167548,0.9342920123370181,False
F0,3026,4,F0,165,1.4674513827628117,1.211384077311078,False
F0,3026,4,F0,166,2.028304750246959,1.4241856445867438,False
F0,3026,4,F0,167,0.36067750477579247,0.6005643219304594,False
F0,3026,4,F0,168,2.4830108264583943,1.5757572231972774,False
F0,3026,4,F0,169,0.11288329860865635,0.33598109858838243,False
F0,3026,4,F0,170,0.22520391387188748,0.4745565444411103,False
F0,3026,4,F0,171,0.8279989621055989,0.9099444829799227,False
F0,3026,4,F0,172,0.34644167391556324,0.588592961150202,False
F0,3026,4,F0,173,0.7981943266757175,0.8934172187033993,False
F0,3026,4,F0,174,0.46509235368460544,0.6819767984943516,False
F0,3026,4,F0,175,0.5776136329390417,0.7600089689859204,False
F0,3026,4,F0,176,1.1007559075237192,1.0491691510541659,False
F0,3026,4,F0,177,1.3605619479026705,1.1664312872615645,False
F0,3026,4,F0,178,0.32229709159560627,0.5677121555820399,False
F0,3026,4,F0,179,0.38435545119009923,0.6199640724994467,False
F0,3026,4,F0,180,0.4677025464959894,0.6838878171864077,False
F0,3026,4,F0,181,0.21582984426684718,0.4645749070568138,False
F0,3026,4,F0,182,0.2783471774023629,0.5275861800714295,False
F0,3026,4,F0,183,0.8247201917905029,0.9081410638169066,False
F0,3026,4,F0,184,0.15906986486770794,0.39883563640641234,False
F0,3026,4,F0,185,0.6408948863804123,0.8005591086112331,False
F0,3026,4,F0,186,0.5439970595764578,0.7375615632450336,False
F0,3026,4,F0,187,1.6940006342189535,1.301537795924096,False
F0,3026,4,F0,188,0.41169224009366273,0.6416324805475973,False
F0,3026,4,F0,189,0.6729828430391618,0.820355315116055,False
F0,3026,4,F0,190,0.2838839567714864,0.5328076170359114,False
F0,3026,4,F0,191,2.235471500377782,1.4951493237726396,False
