stage,seed_base,arm,pooling,target_name,endpoint,availability,status_reason,feature_dim,aggregation,n_test,spearman,pearson,natural_r2,rmse,mae,standardized_scale,standardized_fold_count,standardized_spearman_fold_mean,standardized_r2_fold_mean,standardized_r2_fold_sd
final,2026,L1,P0,acquisition_fov_x_mm,T0,AVAILABLE,,192.0,pooled_outer_test_folds,808.0,0.44264211518029956,0.5076984016738437,0.2275372188679179,57.04564069565949,42.429562073962835,standardized_outer_train,5.0,0.45219932109571814,0.2228330663854766,0.08512986088380908
final,2026,L1,P0,acquisition_fov_x_mm,T1,AVAILABLE,,192.0,pooled_outer_test_folds,808.0,0.4316892880428756,0.5369578674020853,0.26732214547007616,55.95761750499074,42.53379022990308,standardized_outer_train,5.0,0.43696681361266865,0.2632690176056362,0.0804436396975221
final,2026,L1,P0,acquisition_fov_x_mm,T2,AVAILABLE,,192.0,pooled_outer_test_folds,808.0,0.3953834143329727,0.4915144946026555,0.2329717122879308,57.93739492965452,42.658016588466396,standardized_outer_train,5.0,0.4082670725875602,0.2283598498478284,0.06759851989789165
final,2026,L1,P0,acquisition_fov_x_mm,T3,AVAILABLE,,192.0,pooled_outer_test_folds,808.0,0.46433887646274874,0.5367855829536826,0.2854143010886052,55.02889983464303,39.20061440412178,standardized_outer_train,5.0,0.4683212098530888,0.279673985014237,0.07234843328439566
final,2026,L1,P0,acquisition_fov_x_mm,macro,AVAILABLE,,192.0,mean_of_pooled_endpoint_metrics,3232.0,0.43351342350472416,0.5182390866580667,0.2533113444286325,56.492388241236945,41.70549582411353,standardized_outer_train,5.0,0.44143860428725895,0.24853397971329455,0.05600708440944891
final,2026,L1,P0,acquisition_fov_y_mm,T0,AVAILABLE,,192.0,pooled_outer_test_folds,808.0,0.4427998595691073,0.5076984099456886,0.22753723806191295,57.04563982765658,42.429563560855215,standardized_outer_train,5.0,0.45233660452918245,0.22283308508802283,0.08512985438294675
final,2026,L1,P0,acquisition_fov_y_mm,T1,AVAILABLE,,192.0,pooled_outer_test_folds,808.0,0.43186597170715846,0.5369578774580375,0.26732216083036897,55.95761693137597,42.5337909005576,standardized_outer_train,5.0,0.4371579103787133,0.2632690266734941,0.08044368267209041
final,2026,L1,P0,acquisition_fov_y_mm,T2,AVAILABLE,,192.0,pooled_outer_test_folds,808.0,0.3955280464217066,0.4915144684500569,0.2329716781593073,57.93739616115778,42.6580178429532,standardized_outer_train,5.0,0.4085210068812156,0.22835981652412035,0.06759853848469118
final,2026,L1,P0,acquisition_fov_y_mm,T3,AVAILABLE,,192.0,pooled_outer_test_folds,808.0,0.4643918052829549,0.5367855849641269,0.285414303002987,55.02889968923474,39.20061462053286,standardized_outer_train,5.0,0.4683877762900335,0.2796739872296321,0.07234843336784642
final,2026,L1,P0,acquisition_fov_y_mm,macro,AVAILABLE,,192.0,mean_of_pooled_endpoint_metrics,3232.0,0.43364642074523185,0.5182390852044775,0.25331134501364405,56.49238815235627,41.70549673122472,standardized_outer_train,5.0,0.4416008245197863,0.24853397887881737,0.05600709763610235
final,2026,L1,P0,acquisition_fov_z_mm,T0,AVAILABLE,,192.0,pooled_outer_test_folds,808.0,0.25121053207717364,0.17777056199741495,-0.003999111872619476,10.934082295327125,6.9563747667036155,standardized_outer_train,5.0,0.26962304504054496,0.002141541028357341,0.1050934319987503
final,2026,L1,P0,acquisition_fov_z_mm,T1,AVAILABLE,,192.0,pooled_outer_test_folds,808.0,0.22568853692224475,0.1996663373103776,0.013635882363869034,11.510852499916988,7.227471724677361,standardized_outer_train,5.0,0.24065500473404774,0.02290249356541086,0.06924650246679545
final,2026,L1,P0,acquisition_fov_z_mm,T2,AVAILABLE,,192.0,pooled_outer_test_folds,808.0,0.2560354526519873,0.2332525094197667,0.04496213222804046,11.773343454111842,7.197371770115924,standardized_outer_train,5.0,0.26711220747317876,0.05157721717976652,0.06784199484203168
final,2026,L1,P0,acquisition_fov_z_mm,T3,AVAILABLE,,192.0,pooled_outer_test_folds,808.0,0.18052941993745875,0.20136448944622493,0.02183082557429117,11.4387758169967,6.928524232329516,standardized_outer_train,5.0,0.19262534761352784,0.028719588682878983,0.07230735673757417
final,2026,L1,P0,acquisition_fov_z_mm,macro,AVAILABLE,,192.0,mean_of_pooled_endpoint_metrics,3232.0,0.2283659853972161,0.20301347454344604,0.019107432073395297,11.414263516588164,7.077435623456604,standardized_outer_train,5.0,0.2425039012153249,0.026335210114103398,0.06361420827566497
final,2026,L1,P0,max_resample_factor,T0,AVAILABLE,,192.0,pooled_outer_test_folds,808.0,0.5073208365024413,0.45970407139535896,0.2080341020479376,0.2672683722410634,0.20022981592618896,standardized_outer_train,5.0,0.49873751939279726,0.20538948689304964,0.09023099684640608
final,2026,L1,P0,max_resample_factor,T1,AVAILABLE,,192.0,pooled_outer_test_folds,808.0,0.4232774756870289,0.38785754423858276,0.14794960635992305,0.2758967560910334,0.2097048173777541,standardized_outer_train,5.0,0.41603087223105106,0.14693307325698804,0.031251569221787436
final,2026,L1,P0,max_resample_factor,T2,AVAILABLE,,192.0,pooled_outer_test_folds,808.0,0.39704794269679755,0.35949308169925964,0.10606082236026415,0.28237583714143094,0.2135350055781917,standardized_outer_train,5.0,0.39728740870114787,0.10312165110493174,0.0474326606101659
final,2026,L1,P0,max_resample_factor,T3,AVAILABLE,,192.0,pooled_outer_test_folds,808.0,0.37248678798774204,0.3642158477193784,0.12699571184502334,0.2765316215524016,0.21064744122777065,standardized_outer_train,5.0,0.3753974355446704,0.1261835402517419,0.051245629670320376
final,2026,L1,P0,max_resample_factor,macro,AVAILABLE,,192.0,mean_of_pooled_endpoint_metrics,3232.0,0.42503326071850245,0.3928176362631449,0.14726006065328703,0.27551814675648234,0.20852927002747637,standardized_outer_train,5.0,0.42186330896741664,0.14540693787667783,0.04844070352586074
final,2026,L1,P0,native_spacing_x_mm,T0,AVAILABLE,,192.0,pooled_outer_test_folds,808.0,0.4702387097564822,0.513375031390051,0.21794122179919617,0.13211847847048042,0.09564037127326942,standardized_outer_train,5.0,0.4786027491945603,0.19955166709887995,0.10508976878916279
final,2026,L1,P0,native_spacing_x_mm,T1,AVAILABLE,,192.0,pooled_outer_test_folds,808.0,0.43169695030525185,0.5074157086139548,0.24826301159525765,0.1281499440615371,0.09486819518929007,standardized_outer_train,5.0,0.4387022882924729,0.23776774268006587,0.049995629282952744
final,2026,L1,P0,native_spacing_x_mm,T2,AVAILABLE,,192.0,pooled_outer_test_folds,808.0,0.4042824258640713,0.45378974148114964,0.19507709115657346,0.13200795487356468,0.09312896937624666,standardized_outer_train,5.0,0.42253583380911586,0.1879130394147332,0.033380577890285486
final,2026,L1,P0,native_spacing_x_mm,T3,AVAILABLE,,192.0,pooled_outer_test_folds,808.0,0.43783682557552744,0.4576569959209256,0.20173201452731404,0.13068552142625048,0.09016504203148885,standardized_outer_train,5.0,0.4446412889665977,0.18861007393486004,0.07009731519437307
final,2026,L1,P0,native_spacing_x_mm,macro,AVAILABLE,,192.0,mean_of_pooled_endpoint_metrics,3232.0,0.4360137278753332,0.4830593693515203,0.21575333476958533,0.13074047470795816,0.09345064446757374,standardized_outer_train,5.0,0.44612054006568674,0.20346063078213478,0.046479068451225174
final,2026,L1,P0,native_spacing_y_mm,T0,AVAILABLE,,192.0,pooled_outer_test_folds,808.0,0.47028367742556615,0.5133750703644436,0.21794129456423905,0.1321184720205073,0.09564036570978843,standardized_outer_train,5.0,0.4785877294810078,0.19955173158678938,0.10508972225006188
final,2026,L1,P0,native_spacing_y_mm,T1,AVAILABLE,,192.0,pooled_outer_test_folds,808.0,0.4315968349259412,0.5074156672507768,0.2482629788785954,0.1281499468169909,0.09486817689107734,standardized_outer_train,5.0,0.4388310820299707,0.23776770168136135,0.04999571950062449
final,2026,L1,P0,native_spacing_y_mm,T2,AVAILABLE,,192.0,pooled_outer_test_folds,808.0,0.40444817539446004,0.4537897398678161,0.19507709430700493,0.1320079544880544,0.09312896889306167,standardized_outer_train,5.0,0.42278953514319306,0.18791304280801444,0.03338058984807517
final,2026,L1,P0,native_spacing_y_mm,T3,AVAILABLE,,192.0,pooled_outer_test_folds,808.0,0.4379142873163002,0.4576569851917681,0.20173200388799284,0.13068552204031975,0.09016504162791922,standardized_outer_train,5.0,0.44479665987691197,0.1886100586077456,0.07009734355817525
final,2026,L1,P0,native_spacing_y_mm,macro,AVAILABLE,,192.0,mean_of_pooled_endpoint_metrics,3232.0,0.4360607437655669,0.4830593656687011,0.21575334290945805,0.13074047384146809,0.09345063828046166,standardized_outer_train,5.0,0.4462512516327709,0.20346063367097772,0.0464791038401107
final,2026,L1,P0,native_spacing_z_mm,T0,AVAILABLE,,192.0,pooled_outer_test_folds,808.0,0.6120875556036149,0.6287402920956326,0.3921673267127668,0.42443675177215795,0.3446030077612339,standardized_outer_train,5.0,0.6100311701223162,0.3900584085905287,0.10402004230537641
final,2026,L1,P0,native_spacing_z_mm,T1,AVAILABLE,,192.0,pooled_outer_test_folds,808.0,0.5313754537698139,0.5251086936263034,0.2653060270872388,0.4668770105194347,0.38439143239996004,standardized_outer_train,5.0,0.526254939535414,0.26362447607289863,0.03624843154632059
final,2026,L1,P0,native_spacing_z_mm,T2,AVAILABLE,,192.0,pooled_outer_test_folds,808.0,0.46475924673125824,0.47282498846775917,0.20319486328629854,0.48459443825931786,0.40142891102976186,standardized_outer_train,5.0,0.46202813474375004,0.20043703159582824,0.09233442685089134
final,2026,L1,P0,native_spacing_z_mm,T3,AVAILABLE,,192.0,pooled_outer_test_folds,808.0,0.5071281299374765,0.5260194812818806,0.2683895068627159,0.46683363026632263,0.3808879423188637,standardized_outer_train,5.0,0.503141075470858,0.2672433032314791,0.08067496197321859
final,2026,L1,P0,native_spacing_z_mm,macro,AVAILABLE,,192.0,mean_of_pooled_endpoint_metrics,3232.0,0.5288375965105409,0.5381733638678939,0.282264430987255,0.46068545770430824,0.3778278233774549,standardized_outer_train,5.0,0.5253638299680846,0.2803408048726837,0.06011204554396837
final,2026,L1,P0,padding_fraction,T0,AVAILABLE,,192.0,pooled_outer_test_folds,808.0,0.28521870965594054,0.25163516228947436,0.03247878155628614,0.08994618948765931,0.06897622058252514,standardized_outer_train,5.0,0.29524154111864587,0.02975523231811748,0.04840488930632088
final,2026,L1,P0,padding_fraction,T1,AVAILABLE,,192.0,pooled_outer_test_folds,808.0,0.2494051695370162,0.24274591113058863,0.05356466923300773,0.104295997663022,0.08064468310415109,standardized_outer_train,5.0,0.26488629338895536,0.05036172488955996,0.04667805578429003
final,2026,L1,P0,padding_fraction,T2,AVAILABLE,,192.0,pooled_outer_test_folds,808.0,0.20251057179482038,0.18303664565940092,0.022998599494287397,0.10678539703879378,0.08227908896526352,standardized_outer_train,5.0,0.20874297203140815,0.020357646435402284,0.03763299558745172
final,2026,L1,P0,padding_fraction,T3,AVAILABLE,,192.0,pooled_outer_test_folds,808.0,0.2338956233094794,0.2158488569561242,0.031092248758175622,0.10703332269034387,0.0837396864003,standardized_outer_train,5.0,0.2421355348677145,0.0236011671811713,0.05707679481560211
final,2026,L1,P0,padding_fraction,macro,AVAILABLE,,192.0,mean_of_pooled_endpoint_metrics,3232.0,0.24275751857431413,0.22331664400889703,0.03503357476043922,0.10201522671995474,0.07890991976305994,standardized_outer_train,5.0,0.25275158535168096,0.03101894270606272,0.027026711122008315
final,2026,L1,P0,resize_anisotropy,T0,AVAILABLE,,192.0,pooled_outer_test_folds,808.0,0.15486062364519004,0.24277569124233317,0.017991590042819583,0.33400848701066027,0.22809683945593204,standardized_outer_train,5.0,0.1564431884995497,-0.009502958268985742,0.18892428881920964
final,2026,L1,P0,resize_anisotropy,T1,AVAILABLE,,192.0,pooled_outer_test_folds,808.0,0.10386724750691759,0.20727995701878402,0.04296374823392912,0.32961659174955776,0.22216510865186753,standardized_outer_train,5.0,0.1008313552699103,0.03170632531020562,0.04337409475303849
final,2026,L1,P0,resize_anisotropy,T2,AVAILABLE,,192.0,pooled_outer_test_folds,808.0,0.1916020225928354,0.2357779925083488,0.014987897375060344,0.33526020335243534,0.22441900408348575,standardized_outer_train,5.0,0.1798093483780236,-0.015821740734628935,0.19443525391523386
final,2026,L1,P0,resize_anisotropy,T3,AVAILABLE,,192.0,pooled_outer_test_folds,808.0,0.1677931402177302,0.22370307567434344,0.04363815646015701,0.32818927187019725,0.21796605878848696,standardized_outer_train,5.0,0.15704609489503382,0.04267689358828944,0.05357117699007317
final,2026,L1,P0,resize_anisotropy,macro,AVAILABLE,,192.0,mean_of_pooled_endpoint_metrics,3232.0,0.1545307584906683,0.22738417911095238,0.029895348027991514,0.33176863849571264,0.22316175274494307,standardized_outer_train,5.0,0.14853249676062935,0.012264629973720076,0.09633716518189141
final,2026,L1,P0,valid_source_fraction,T0,AVAILABLE,,192.0,pooled_outer_test_folds,808.0,0.28521870965594054,0.2516351731632791,0.03247879202201598,0.0899461890011829,0.06897622060434319,standardized_outer_train,5.0,0.29524154111864587,0.02975524073973932,0.048404865119913765
final,2026,L1,P0,valid_source_fraction,T1,AVAILABLE,,192.0,pooled_outer_test_folds,808.0,0.2494051695370162,0.24274590682013503,0.05356466671837412,0.10429599780157676,0.08064468327861665,standardized_outer_train,5.0,0.26488629338895536,0.05036172259462716,0.046678051703535645
final,2026,L1,P0,valid_source_fraction,T2,AVAILABLE,,192.0,pooled_outer_test_folds,808.0,0.20251057179482038,0.18303664078165596,0.02299859697884643,0.10678539717626152,0.08227908884377279,standardized_outer_train,5.0,0.20874297203140815,0.02035764386833348,0.03763299446685601
final,2026,L1,P0,valid_source_fraction,T3,AVAILABLE,,192.0,pooled_outer_test_folds,808.0,0.2338956233094794,0.21584880925695293,0.031092202928449164,0.10703332522170345,0.08373968975176475,standardized_outer_train,5.0,0.2421355348677145,0.023601121678776697,0.05707676808143599
final,2026,L1,P0,valid_source_fraction,macro,AVAILABLE,,192.0,mean_of_pooled_endpoint_metrics,3232.0,0.24275751857431413,0.22331663250550576,0.035033564661921424,0.10201522730018116,0.07890992061962435,standardized_outer_train,5.0,0.25275158535168096,0.031018932220369146,0.02702670529361216
final,2026,L1,PLOCAL,acquisition_fov_x_mm,T0,AVAILABLE,,192.0,pooled_outer_test_folds,808.0,0.7103838723510812,0.795895761333922,0.6286030618257865,39.55513217060084,28.464940233717442,standardized_outer_train,5.0,0.7092727344971003,0.6273910902372556,0.1318354395161437
final,2026,L1,PLOCAL,acquisition_fov_x_mm,T1,AVAILABLE,,192.0,pooled_outer_test_folds,808.0,0.630593277820845,0.708048508592799,0.4943437963604739,46.48687502692618,32.658457780748904,standardized_outer_train,5.0,0.6314875050643981,0.48527275666441383,0.17350801706379312
final,2026,L1,PLOCAL,acquisition_fov_x_mm,T2,AVAILABLE,,192.0,pooled_outer_test_folds,808.0,0.678585875333905,0.7470619144776758,0.55607639151845,44.076529782737005,31.347881469743896,standardized_outer_train,5.0,0.6811698422719417,0.5493932611184695,0.12460169116456839
final,2026,L1,PLOCAL,acquisition_fov_x_mm,T3,AVAILABLE,,192.0,pooled_outer_test_folds,808.0,0.6740554767988156,0.7667068281838819,0.5839187880547859,41.990662139393606,31.435758336636756,standardized_outer_train,5.0,0.6718615861861306,0.5786464961882315,0.10052820660228265
final,2026,L1,PLOCAL,acquisition_fov_x_mm,macro,AVAILABLE,,192.0,mean_of_pooled_endpoint_metrics,3232.0,0.6734046255761617,0.7544282531470697,0.5657355094398742,43.02729977991441,30.97675945521175,standardized_outer_train,5.0,0.6734479170048926,0.5601759010520926,0.10778167692820104
final,2026,L1,PLOCAL,acquisition_fov_y_mm,T0,AVAILABLE,,192.0,pooled_outer_test_folds,808.0,0.7103971688785827,0.7958956659946879,0.6286028951298004,39.55514093702633,28.464943724778713,standardized_outer_train,5.0,0.7092883156564495,0.6273909295859434,0.13183570478479884
final,2026,L1,PLOCAL,acquisition_fov_y_mm,T1,AVAILABLE,,192.0,pooled_outer_test_folds,808.0,0.6305421642561692,0.708048425554531,0.494343607879828,46.486883701550276,32.658460396563555,standardized_outer_train,5.0,0.6315097258610451,0.48527256142914055,0.17350847506174097
final,2026,L1,PLOCAL,acquisition_fov_y_mm,T2,AVAILABLE,,192.0,pooled_outer_test_folds,808.0,0.6785543389617641,0.747061874451416,0.5560763273260005,44.07653292582048,31.347882861892582,standardized_outer_train,5.0,0.6811114476787187,0.5493931936561636,0.12460175812164195
final,2026,L1,PLOCAL,acquisition_fov_y_mm,T3,AVAILABLE,,192.0,pooled_outer_test_folds,808.0,0.6739966351520496,0.7667068413279459,0.5839188086577032,41.99066104506729,31.435758020149752,standardized_outer_train,5.0,0.6718456480695701,0.5786465139036346,0.10052823434764566
final,2026,L1,PLOCAL,acquisition_fov_y_mm,macro,AVAILABLE,,192.0,mean_of_pooled_endpoint_metrics,3232.0,0.6733725768121414,0.7544282018321451,0.565735409748333,43.0273046523661,30.97676125084615,standardized_outer_train,5.0,0.6734387843164459,0.5601757996437204,0.10778182621364849
final,2026,L1,PLOCAL,acquisition_fov_z_mm,T0,AVAILABLE,,192.0,pooled_outer_test_folds,808.0,0.3081381259577507,0.4171226680228662,0.1731006888098956,9.922977098699995,5.9825323788869165,standardized_outer_train,5.0,0.31375647428453984,0.1749620842980693,0.09005094026900332
final,2026,L1,PLOCAL,acquisition_fov_z_mm,T1,AVAILABLE,,192.0,pooled_outer_test_folds,808.0,0.2522451544679218,0.22779748593596635,0.0036664104121651997,11.568878032438377,6.905993625163113,standardized_outer_train,5.0,0.27460545590672736,0.03610976557180928,0.17833873323652213
final,2026,L1,PLOCAL,acquisition_fov_z_mm,T2,AVAILABLE,,192.0,pooled_outer_test_folds,808.0,0.3239973582596973,0.3211158911225805,0.10020001490144015,11.427796770274597,6.770732248740835,standardized_outer_train,5.0,0.3349959383118168,0.09826917868030603,0.053730656029167545
final,2026,L1,PLOCAL,acquisition_fov_z_mm,T3,AVAILABLE,,192.0,pooled_outer_test_folds,808.0,0.30189314588436106,0.40835109577957796,0.16550717433084838,10.565349449234237,6.290065204191976,standardized_outer_train,5.0,0.3128360598366803,0.1640227075783366,0.05049388415362859
final,2026,L1,PLOCAL,acquisition_fov_z_mm,macro,AVAILABLE,,192.0,mean_of_pooled_endpoint_metrics,3232.0,0.2965684461424327,0.3435967852152477,0.11061857211358733,10.871250337661802,6.48733086424571,standardized_outer_train,5.0,0.30904848208494107,0.11834093403213033,0.07732962030510941
final,2026,L1,PLOCAL,max_resample_factor,T0,AVAILABLE,,192.0,pooled_outer_test_folds,808.0,0.7098989702916818,0.6834329044331463,0.46564409745499824,0.21953796465315253,0.1700398823749025,standardized_outer_train,5.0,0.7053986348853244,0.4606993701412381,0.12861510469625212
final,2026,L1,PLOCAL,max_resample_factor,T1,AVAILABLE,,192.0,pooled_outer_test_folds,808.0,0.6984132809616318,0.6549771779906752,0.42336506412641717,0.2269678945401377,0.1707529455808966,standardized_outer_train,5.0,0.7017827333973126,0.4227445562603018,0.10625683381957174
final,2026,L1,PLOCAL,max_resample_factor,T2,AVAILABLE,,192.0,pooled_outer_test_folds,808.0,0.7327630262141622,0.6635493391472539,0.438403323304575,0.2238132586773972,0.17021691283704798,standardized_outer_train,5.0,0.728362945191784,0.43521358627968765,0.062467241237565974
final,2026,L1,PLOCAL,max_resample_factor,T3,AVAILABLE,,192.0,pooled_outer_test_folds,808.0,0.7240692421795697,0.7047136611838747,0.4947359325473255,0.21037581854956716,0.16322543796657807,standardized_outer_train,5.0,0.7237696346987396,0.4948574099299698,0.0491694147851243
final,2026,L1,PLOCAL,max_resample_factor,macro,AVAILABLE,,192.0,mean_of_pooled_endpoint_metrics,3232.0,0.7162861299117614,0.6766682706887376,0.45553710435832895,0.22017373410506363,0.1685587946898563,standardized_outer_train,5.0,0.7148284870432902,0.4533787306527993,0.06585700154607614
final,2026,L1,PLOCAL,native_spacing_x_mm,T0,AVAILABLE,,192.0,pooled_outer_test_folds,808.0,0.7697717638963675,0.8255201085060512,0.6766959187849285,0.0849472764933634,0.057200943771974024,standardized_outer_train,5.0,0.7749845239750812,0.6724747374733383,0.13496324582107727
final,2026,L1,PLOCAL,native_spacing_x_mm,T1,AVAILABLE,,192.0,pooled_outer_test_folds,808.0,0.7182232049249494,0.7933209948799111,0.6188082406819146,0.09125511416632806,0.0641698743949219,standardized_outer_train,5.0,0.7150537849378675,0.6041283398704429,0.16764696333576776
final,2026,L1,PLOCAL,native_spacing_x_mm,T2,AVAILABLE,,192.0,pooled_outer_test_folds,808.0,0.7197269315348647,0.7675858556550922,0.5863798873610027,0.09462889812128758,0.06241208582805011,standardized_outer_train,5.0,0.7213474642372114,0.5722557962889757,0.1792321242881167
final,2026,L1,PLOCAL,native_spacing_x_mm,T3,AVAILABLE,,192.0,pooled_outer_test_folds,808.0,0.7063840015365881,0.7705087652037379,0.5856968208396958,0.09414824998588929,0.06510418413287997,standardized_outer_train,5.0,0.7085761691448322,0.5717636355261124,0.16153716917084165
final,2026,L1,PLOCAL,native_spacing_x_mm,macro,AVAILABLE,,192.0,mean_of_pooled_endpoint_metrics,3232.0,0.7285264754731925,0.789233931061198,0.6168952169168853,0.09124488469171708,0.0622217720319565,standardized_outer_train,5.0,0.729990485573748,0.6051556272897175,0.15604891305138244
final,2026,L1,PLOCAL,native_spacing_y_mm,T0,AVAILABLE,,192.0,pooled_outer_test_folds,808.0,0.7696791854959683,0.8255201519252323,0.6766960158600832,0.08494726354502351,0.057200931147619614,standardized_outer_train,5.0,0.7749390717217464,0.6724748359005785,0.13496315966330838
final,2026,L1,PLOCAL,native_spacing_y_mm,T1,AVAILABLE,,192.0,pooled_outer_test_folds,808.0,0.7181691728659747,0.79332097697558,0.6188082156001926,0.09125511714491065,0.06416987444294575,standardized_outer_train,5.0,0.7150893720026897,0.604128309327262,0.1676469691187285
final,2026,L1,PLOCAL,native_spacing_y_mm,T2,AVAILABLE,,192.0,pooled_outer_test_folds,808.0,0.7197162592786671,0.7675858762022069,0.5863799252058752,0.09462889370100837,0.062412085005549914,standardized_outer_train,5.0,0.7212862300500532,0.5722558331166196,0.17923211778326706
final,2026,L1,PLOCAL,native_spacing_y_mm,T3,AVAILABLE,,192.0,pooled_outer_test_folds,808.0,0.7063346182810883,0.7705088502148573,0.5856969885370255,0.09414823074669547,0.06510417005493477,standardized_outer_train,5.0,0.7086320338903569,0.5717638064109523,0.16153692649502904
final,2026,L1,PLOCAL,native_spacing_y_mm,macro,AVAILABLE,,192.0,mean_of_pooled_endpoint_metrics,3232.0,0.7284748089804245,0.7892339638294691,0.6168952863007942,0.0912448762844095,0.06222176516276252,standardized_outer_train,5.0,0.7299866769162116,0.605155696188853,0.15604885237057814
final,2026,L1,PLOCAL,native_spacing_z_mm,T0,AVAILABLE,,192.0,pooled_outer_test_folds,808.0,0.8630768827754082,0.8609903369471419,0.7375992273612497,0.27887110419835937,0.2160784999848473,standardized_outer_train,5.0,0.8605501288430958,0.7365870574343584,0.11912798889775822
final,2026,L1,PLOCAL,native_spacing_z_mm,T1,AVAILABLE,,192.0,pooled_outer_test_folds,808.0,0.859600132934745,0.8503182147919273,0.7184573026677246,0.28901566611207563,0.22600368582392352,standardized_outer_train,5.0,0.858333279794091,0.7183963420770506,0.07504168443249003
final,2026,L1,PLOCAL,native_spacing_z_mm,T2,AVAILABLE,,192.0,pooled_outer_test_folds,808.0,0.8450709939963813,0.8342849064631674,0.6888435610694923,0.3028250231254508,0.232054022406171,standardized_outer_train,5.0,0.841383883339876,0.6882519658067616,0.08078032887454109
final,2026,L1,PLOCAL,native_spacing_z_mm,T3,AVAILABLE,,192.0,pooled_outer_test_folds,808.0,0.8557731584242652,0.8505617877643378,0.7190825095260069,0.28927543934053385,0.22282963746862033,standardized_outer_train,5.0,0.8551084483470968,0.718624961017577,0.08711172901567497
final,2026,L1,PLOCAL,native_spacing_z_mm,macro,AVAILABLE,,192.0,mean_of_pooled_endpoint_metrics,3232.0,0.8558802920327,0.8490388114916435,0.7159956501561183,0.2899968081941049,0.22424146142089052,standardized_outer_train,5.0,0.85384393508104,0.715465081583937,0.08831320547810481
final,2026,L1,PLOCAL,padding_fraction,T0,AVAILABLE,,192.0,pooled_outer_test_folds,808.0,0.4221331490887517,0.42322949546860195,0.17445697870629706,0.08308495243962213,0.06383861530688834,standardized_outer_train,5.0,0.43208363684490286,0.1745100542118421,0.0921714086955754
final,2026,L1,PLOCAL,padding_fraction,T1,AVAILABLE,,192.0,pooled_outer_test_folds,808.0,0.39498576079791153,0.37627009008849965,0.13645031980533073,0.0996244265313434,0.0757234579622815,standardized_outer_train,5.0,0.4030160299223935,0.13539575176876822,0.04788200968083639
final,2026,L1,PLOCAL,padding_fraction,T2,AVAILABLE,,192.0,pooled_outer_test_folds,808.0,0.37681311151668,0.3576106402098826,0.12255058935263152,0.10119878932289782,0.07806416186340087,standardized_outer_train,5.0,0.38603646244325535,0.1174155886436169,0.06182045745749426
final,2026,L1,PLOCAL,padding_fraction,T3,AVAILABLE,,192.0,pooled_outer_test_folds,808.0,0.35996790900433606,0.37534828063053965,0.12413381700777115,0.10176458640227147,0.07903040609968895,standardized_outer_train,5.0,0.365819625905735,0.10864234216689943,0.1683633004173374
final,2026,L1,PLOCAL,padding_fraction,macro,AVAILABLE,,192.0,mean_of_pooled_endpoint_metrics,3232.0,0.3884749826019198,0.383114626599381,0.13939792621800762,0.0964181886740337,0.07416416030806491,standardized_outer_train,5.0,0.3967389387790717,0.13399093419778169,0.07727702842609821
final,2026,L1,PLOCAL,resize_anisotropy,T0,AVAILABLE,,192.0,pooled_outer_test_folds,808.0,0.2564222278195452,0.48395428261421425,0.23282981154743165,0.29521998764544327,0.20258163838752075,standardized_outer_train,5.0,0.2559953420727831,0.21574268441544914,0.08815981691769142
final,2026,L1,PLOCAL,resize_anisotropy,T1,AVAILABLE,,192.0,pooled_outer_test_folds,808.0,0.14916634149415242,0.36346563747022625,0.13150602262127886,0.313999007697392,0.2131586808464684,standardized_outer_train,5.0,0.15802778043128768,0.12174863119579357,0.05794866551742371
final,2026,L1,PLOCAL,resize_anisotropy,T2,AVAILABLE,,192.0,pooled_outer_test_folds,808.0,0.17878305050775792,0.36988767771569053,0.1336859750482714,0.31441184093950275,0.21038248867400852,standardized_outer_train,5.0,0.17780638605753524,0.11144236544606242,0.10048958018163517
final,2026,L1,PLOCAL,resize_anisotropy,T3,AVAILABLE,,192.0,pooled_outer_test_folds,808.0,0.25260981209904176,0.4362342579788581,0.14337862243818678,0.3106044791250397,0.21539452935886097,standardized_outer_train,5.0,0.2523186831463366,0.14494411109884361,0.040984486092507995
final,2026,L1,PLOCAL,resize_anisotropy,macro,AVAILABLE,,192.0,mean_of_pooled_endpoint_metrics,3232.0,0.20924535798012434,0.4133854639447473,0.16035010791379217,0.30855882885184444,0.21037933431671466,standardized_outer_train,5.0,0.2110370479269857,0.14846944803903717,0.04917002154459069
final,2026,L1,PLOCAL,valid_source_fraction,T0,AVAILABLE,,192.0,pooled_outer_test_folds,808.0,0.4221331490887517,0.42322949987132963,0.17445698133106202,0.0830849523075403,0.0638386154146741,standardized_outer_train,5.0,0.43208363684490286,0.17451005665245173,0.09217140876758056
final,2026,L1,PLOCAL,valid_source_fraction,T1,AVAILABLE,,192.0,pooled_outer_test_folds,808.0,0.39498576079791153,0.37627008967234066,0.1364503184953042,0.09962442660690979,0.07572345791596233,standardized_outer_train,5.0,0.4030160299223935,0.13539575059472622,0.04788201225634366
final,2026,L1,PLOCAL,valid_source_fraction,T2,AVAILABLE,,192.0,pooled_outer_test_folds,808.0,0.37681311151668,0.3576106552135952,0.12255059858488293,0.10119878879050663,0.07806416110281175,standardized_outer_train,5.0,0.38603646244325535,0.11741559796007514,0.06182045934325913
final,2026,L1,PLOCAL,valid_source_fraction,T3,AVAILABLE,,192.0,pooled_outer_test_folds,808.0,0.35996790900433606,0.37534829420759225,0.124133831348609,0.10176458556915936,0.07903040547275285,standardized_outer_train,5.0,0.365819625905735,0.10864236023688081,0.16836325436005933
final,2026,L1,PLOCAL,valid_source_fraction,macro,AVAILABLE,,192.0,mean_of_pooled_endpoint_metrics,3232.0,0.3884749826019198,0.38311463474121443,0.13939793243996454,0.09641818831852902,0.07416415997655025,standardized_outer_train,5.0,0.3967389387790717,0.13399094136103346,0.07727702095949501
final,2026,L1,PVALID,acquisition_fov_x_mm,T0,NA,NA_no_source_authoritative_mask,,,,,,,,,,,,,
final,2026,L1,PVALID,acquisition_fov_x_mm,T1,NA,NA_no_source_authoritative_mask,,,,,,,,,,,,,
final,2026,L1,PVALID,acquisition_fov_x_mm,T2,NA,NA_no_source_authoritative_mask,,,,,,,,,,,,,
final,2026,L1,PVALID,acquisition_fov_x_mm,T3,NA,NA_no_source_authoritative_mask,,,,,,,,,,,,,
final,2026,L1,PVALID,acquisition_fov_x_mm,macro,NA,NA_no_source_authoritative_mask,,,,,,,,,,,,,
final,2026,L1,PVALID,acquisition_fov_y_mm,T0,NA,NA_no_source_authoritative_mask,,,,,,,,,,,,,
final,2026,L1,PVALID,acquisition_fov_y_mm,T1,NA,NA_no_source_authoritative_mask,,,,,,,,,,,,,
final,2026,L1,PVALID,acquisition_fov_y_mm,T2,NA,NA_no_source_authoritative_mask,,,,,,,,,,,,,
final,2026,L1,PVALID,acquisition_fov_y_mm,T3,NA,NA_no_source_authoritative_mask,,,,,,,,,,,,,
final,2026,L1,PVALID,acquisition_fov_y_mm,macro,NA,NA_no_source_authoritative_mask,,,,,,,,,,,,,
final,2026,L1,PVALID,acquisition_fov_z_mm,T0,NA,NA_no_source_authoritative_mask,,,,,,,,,,,,,
final,2026,L1,PVALID,acquisition_fov_z_mm,T1,NA,NA_no_source_authoritative_mask,,,,,,,,,,,,,
final,2026,L1,PVALID,acquisition_fov_z_mm,T2,NA,NA_no_source_authoritative_mask,,,,,,,,,,,,,
final,2026,L1,PVALID,acquisition_fov_z_mm,T3,NA,NA_no_source_authoritative_mask,,,,,,,,,,,,,
final,2026,L1,PVALID,acquisition_fov_z_mm,macro,NA,NA_no_source_authoritative_mask,,,,,,,,,,,,,
final,2026,L1,PVALID,max_resample_factor,T0,NA,NA_no_source_authoritative_mask,,,,,,,,,,,,,
final,2026,L1,PVALID,max_resample_factor,T1,NA,NA_no_source_authoritative_mask,,,,,,,,,,,,,
final,2026,L1,PVALID,max_resample_factor,T2,NA,NA_no_source_authoritative_mask,,,,,,,,,,,,,
final,2026,L1,PVALID,max_resample_factor,T3,NA,NA_no_source_authoritative_mask,,,,,,,,,,,,,
final,2026,L1,PVALID,max_resample_factor,macro,NA,NA_no_source_authoritative_mask,,,,,,,,,,,,,
final,2026,L1,PVALID,native_spacing_x_mm,T0,NA,NA_no_source_authoritative_mask,,,,,,,,,,,,,
final,2026,L1,PVALID,native_spacing_x_mm,T1,NA,NA_no_source_authoritative_mask,,,,,,,,,,,,,
final,2026,L1,PVALID,native_spacing_x_mm,T2,NA,NA_no_source_authoritative_mask,,,,,,,,,,,,,
final,2026,L1,PVALID,native_spacing_x_mm,T3,NA,NA_no_source_authoritative_mask,,,,,,,,,,,,,
final,2026,L1,PVALID,native_spacing_x_mm,macro,NA,NA_no_source_authoritative_mask,,,,,,,,,,,,,
final,2026,L1,PVALID,native_spacing_y_mm,T0,NA,NA_no_source_authoritative_mask,,,,,,,,,,,,,
final,2026,L1,PVALID,native_spacing_y_mm,T1,NA,NA_no_source_authoritative_mask,,,,,,,,,,,,,
final,2026,L1,PVALID,native_spacing_y_mm,T2,NA,NA_no_source_authoritative_mask,,,,,,,,,,,,,
final,2026,L1,PVALID,native_spacing_y_mm,T3,NA,NA_no_source_authoritative_mask,,,,,,,,,,,,,
final,2026,L1,PVALID,native_spacing_y_mm,macro,NA,NA_no_source_authoritative_mask,,,,,,,,,,,,,
final,2026,L1,PVALID,native_spacing_z_mm,T0,NA,NA_no_source_authoritative_mask,,,,,,,,,,,,,
final,2026,L1,PVALID,native_spacing_z_mm,T1,NA,NA_no_source_authoritative_mask,,,,,,,,,,,,,
final,2026,L1,PVALID,native_spacing_z_mm,T2,NA,NA_no_source_authoritative_mask,,,,,,,,,,,,,
final,2026,L1,PVALID,native_spacing_z_mm,T3,NA,NA_no_source_authoritative_mask,,,,,,,,,,,,,
final,2026,L1,PVALID,native_spacing_z_mm,macro,NA,NA_no_source_authoritative_mask,,,,,,,,,,,,,
final,2026,L1,PVALID,padding_fraction,T0,NA,NA_no_source_authoritative_mask,,,,,,,,,,,,,
final,2026,L1,PVALID,padding_fraction,T1,NA,NA_no_source_authoritative_mask,,,,,,,,,,,,,
final,2026,L1,PVALID,padding_fraction,T2,NA,NA_no_source_authoritative_mask,,,,,,,,,,,,,
final,2026,L1,PVALID,padding_fraction,T3,NA,NA_no_source_authoritative_mask,,,,,,,,,,,,,
final,2026,L1,PVALID,padding_fraction,macro,NA,NA_no_source_authoritative_mask,,,,,,,,,,,,,
final,2026,L1,PVALID,resize_anisotropy,T0,NA,NA_no_source_authoritative_mask,,,,,,,,,,,,,
final,2026,L1,PVALID,resize_anisotropy,T1,NA,NA_no_source_authoritative_mask,,,,,,,,,,,,,
final,2026,L1,PVALID,resize_anisotropy,T2,NA,NA_no_source_authoritative_mask,,,,,,,,,,,,,
final,2026,L1,PVALID,resize_anisotropy,T3,NA,NA_no_source_authoritative_mask,,,,,,,,,,,,,
final,2026,L1,PVALID,resize_anisotropy,macro,NA,NA_no_source_authoritative_mask,,,,,,,,,,,,,
final,2026,L1,PVALID,valid_source_fraction,T0,NA,NA_no_source_authoritative_mask,,,,,,,,,,,,,
final,2026,L1,PVALID,valid_source_fraction,T1,NA,NA_no_source_authoritative_mask,,,,,,,,,,,,,
final,2026,L1,PVALID,valid_source_fraction,T2,NA,NA_no_source_authoritative_mask,,,,,,,,,,,,,
final,2026,L1,PVALID,valid_source_fraction,T3,NA,NA_no_source_authoritative_mask,,,,,,,,,,,,,
final,2026,L1,PVALID,valid_source_fraction,macro,NA,NA_no_source_authoritative_mask,,,,,,,,,,,,,
final,2026,L3,P0,acquisition_fov_x_mm,T0,AVAILABLE,,192.0,pooled_outer_test_folds,808.0,0.43908774647421867,0.5237943221926729,0.26824991148418276,55.52199623191137,40.64508087077204,standardized_outer_train,5.0,0.44476053228750645,0.2633091495481384,0.09896269380755993
final,2026,L3,P0,acquisition_fov_x_mm,T1,AVAILABLE,,192.0,pooled_outer_test_folds,808.0,0.44057389413646897,0.5387408620075081,0.28999298637367743,55.08508225200748,40.54055393110829,standardized_outer_train,5.0,0.4491921826163209,0.28861890329322926,0.06495086905824043
final,2026,L3,P0,acquisition_fov_x_mm,T2,AVAILABLE,,192.0,pooled_outer_test_folds,808.0,0.4264633632075146,0.5249918172623415,0.26438713034750383,56.73851079944162,41.28717474879708,standardized_outer_train,5.0,0.433325693690844,0.2615340206306292,0.07227229879998531
final,2026,L3,P0,acquisition_fov_x_mm,T3,AVAILABLE,,192.0,pooled_outer_test_folds,808.0,0.48949622889391364,0.5646052311710749,0.31380713674740857,53.92457966434548,38.29627207235168,standardized_outer_train,5.0,0.4907451430878182,0.30711470977116523,0.09197283054161308
final,2026,L3,P0,acquisition_fov_x_mm,macro,AVAILABLE,,192.0,mean_of_pooled_endpoint_metrics,3232.0,0.448905308178029,0.5380330581583993,0.2841092912381932,55.31754223692649,40.19227040575727,standardized_outer_train,5.0,0.45450588792062235,0.2801441958107905,0.05222628302051159
final,2026,L3,P0,acquisition_fov_y_mm,T0,AVAILABLE,,192.0,pooled_outer_test_folds,808.0,0.4392800231686434,0.5237942913176867,0.268249843553778,55.5219986540226,40.64508414727347,standardized_outer_train,5.0,0.44486522946284107,0.26330908463098013,0.0989627477423188
final,2026,L3,P0,acquisition_fov_y_mm,T1,AVAILABLE,,192.0,pooled_outer_test_folds,808.0,0.44074372229936265,0.5387408633181915,0.2899929878887124,55.08508220598399,40.54055384050392,standardized_outer_train,5.0,0.4494016607181222,0.2886189048831159,0.06495086624688909
final,2026,L3,P0,acquisition_fov_y_mm,T2,AVAILABLE,,192.0,pooled_outer_test_folds,808.0,0.4265814965533432,0.5249918320898506,0.2643871465127756,56.73851011976148,41.287175295836654,standardized_outer_train,5.0,0.43351902635680517,0.26153403641170625,0.0722722821010837
final,2026,L3,P0,acquisition_fov_y_mm,T3,AVAILABLE,,192.0,pooled_outer_test_folds,808.0,0.48947529083663033,0.5646052117205133,0.31380711367509995,53.92458050065806,38.29627242751939,standardized_outer_train,5.0,0.49078931244972396,0.3071146856276926,0.09197285637555287
final,2026,L3,P0,acquisition_fov_y_mm,macro,AVAILABLE,,192.0,mean_of_pooled_endpoint_metrics,3232.0,0.44902013321449485,0.5380330496115605,0.28410927290759147,55.317542870106536,40.19227142778336,standardized_outer_train,5.0,0.45464380724687314,0.28014417788837376,0.052226290369101244
final,2026,L3,P0,acquisition_fov_z_mm,T0,AVAILABLE,,192.0,pooled_outer_test_folds,808.0,0.2609966882716855,0.2017798399297536,0.03335288467859121,10.728763045115677,6.633092999623688,standardized_outer_train,5.0,0.2650133221152776,0.034652033531192936,0.04894853702319271
final,2026,L3,P0,acquisition_fov_z_mm,T1,AVAILABLE,,192.0,pooled_outer_test_folds,808.0,0.21760375478279695,0.19311628058782038,0.03100644659234153,11.409045189659219,7.013659181058848,standardized_outer_train,5.0,0.230213699464023,0.037196686652435765,0.0526449130569423
final,2026,L3,P0,acquisition_fov_z_mm,T2,AVAILABLE,,192.0,pooled_outer_test_folds,808.0,0.2692762441469664,0.2476525550363342,0.05425480059386756,11.715925200600065,7.156756948818831,standardized_outer_train,5.0,0.2737475350672946,0.06470885332006608,0.07347039647438124
final,2026,L3,P0,acquisition_fov_z_mm,T3,AVAILABLE,,192.0,pooled_outer_test_folds,808.0,0.20013496966960703,0.19385142358548355,0.00841882344743028,11.51692925754341,6.964075949405377,standardized_outer_train,5.0,0.2194332119611418,0.004873006527333262,0.1291469648229421
final,2026,L3,P0,acquisition_fov_z_mm,macro,AVAILABLE,,192.0,mean_of_pooled_endpoint_metrics,3232.0,0.23700291421776398,0.20910002478484793,0.031758238828057644,11.342665673229593,6.941896269726686,standardized_outer_train,5.0,0.2471019421519342,0.03535764500775704,0.06009047130012741
final,2026,L3,P0,max_resample_factor,T0,AVAILABLE,,192.0,pooled_outer_test_folds,808.0,0.5275252998319696,0.48186312600751485,0.23096689125575243,0.26337032934900206,0.19601620185866597,standardized_outer_train,5.0,0.5244036171325549,0.2249454424815976,0.09897773988574153
final,2026,L3,P0,max_resample_factor,T1,AVAILABLE,,192.0,pooled_outer_test_folds,808.0,0.4302392865902903,0.40043216662705944,0.15726932114368952,0.27438373000286126,0.20634900101097517,standardized_outer_train,5.0,0.4236929020678456,0.15549861545706367,0.05385809474736641
final,2026,L3,P0,max_resample_factor,T2,AVAILABLE,,192.0,pooled_outer_test_folds,808.0,0.40778161487023756,0.3846380894851209,0.13967448174842823,0.2770160602064808,0.21033440736505066,standardized_outer_train,5.0,0.4092266123816365,0.13511351414635436,0.05131993214884642
final,2026,L3,P0,max_resample_factor,T3,AVAILABLE,,192.0,pooled_outer_test_folds,808.0,0.3633959583667585,0.35734369343393396,0.12099340965750605,0.27748063356173625,0.21132409209770406,standardized_outer_train,5.0,0.3689578676047358,0.12052098019353523,0.04443350027396074
final,2026,L3,P0,max_resample_factor,macro,AVAILABLE,,192.0,mean_of_pooled_endpoint_metrics,3232.0,0.432235539914814,0.40606926888840733,0.16222602595134406,0.2730626882800201,0.20600592558309896,standardized_outer_train,5.0,0.4315702497966932,0.1590196380696377,0.056543091456964206
final,2026,L3,P0,native_spacing_x_mm,T0,AVAILABLE,,192.0,pooled_outer_test_folds,808.0,0.48050815070137204,0.5451880814675034,0.29394622930524705,0.12553440091436793,0.09021939923011152,standardized_outer_train,5.0,0.48854482165523344,0.28062136056644443,0.06545659578130349
final,2026,L3,P0,native_spacing_x_mm,T1,AVAILABLE,,192.0,pooled_outer_test_folds,808.0,0.41786904056261415,0.48865322884296886,0.23685453954811764,0.12911869370978957,0.09350245909432754,standardized_outer_train,5.0,0.4230266100826787,0.230506770849703,0.04609251042505862
final,2026,L3,P0,native_spacing_x_mm,T2,AVAILABLE,,192.0,pooled_outer_test_folds,808.0,0.4088285476948412,0.4725914504195004,0.21457428646882726,0.13039937698540718,0.0928289851098414,standardized_outer_train,5.0,0.43242558374854045,0.20776422738728978,0.021360456683200958
final,2026,L3,P0,native_spacing_x_mm,T3,AVAILABLE,,192.0,pooled_outer_test_folds,808.0,0.45306166260835085,0.4748838577816023,0.21733596420244372,0.12940194612198075,0.0891638319548393,standardized_outer_train,5.0,0.4580970176831622,0.202312383562123,0.08202563719497821
final,2026,L3,P0,native_spacing_x_mm,macro,AVAILABLE,,192.0,mean_of_pooled_endpoint_metrics,3232.0,0.44006685039179455,0.49532915462789373,0.24067775488115892,0.12861360443288636,0.09142866884727993,standardized_outer_train,5.0,0.45052350829240373,0.23030118559139007,0.04045867300248115
final,2026,L3,P0,native_spacing_y_mm,T0,AVAILABLE,,192.0,pooled_outer_test_folds,808.0,0.4804714668542751,0.5451882133951275,0.2939463844855582,0.1255343868305565,0.09021939731745804,standardized_outer_train,5.0,0.4884740482694335,0.28062151786981404,0.06545647496877882
final,2026,L3,P0,native_spacing_y_mm,T1,AVAILABLE,,192.0,pooled_outer_test_folds,808.0,0.4177176157790373,0.48865323160615964,0.23685454258473482,0.1291186934194719,0.0935024589088361,standardized_outer_train,5.0,0.42302615686565226,0.23050677531904018,0.04609251467759762
final,2026,L3,P0,native_spacing_y_mm,T2,AVAILABLE,,192.0,pooled_outer_test_folds,808.0,0.4089943717046848,0.4725914459609373,0.21457427795522743,0.13039937756651335,0.09282898591165614,standardized_outer_train,5.0,0.4326716797015121,0.2077642212544653,0.021360449595041287
final,2026,L3,P0,native_spacing_y_mm,T3,AVAILABLE,,192.0,pooled_outer_test_folds,808.0,0.4530745361831364,0.4748838400661014,0.2173359439020206,0.12940194754587134,0.08916383298167292,standardized_outer_train,5.0,0.4582088742650387,0.20231236475143377,0.08202560601672605
final,2026,L3,P0,native_spacing_y_mm,macro,AVAILABLE,,192.0,mean_of_pooled_endpoint_metrics,3232.0,0.44006449763028344,0.4953291827570815,0.24067778723188527,0.12861360134060326,0.0914286687799058,standardized_outer_train,5.0,0.45059518977540913,0.2303012197986883,0.04045868212900444
final,2026,L3,P0,native_spacing_z_mm,T0,AVAILABLE,,192.0,pooled_outer_test_folds,808.0,0.626405247465865,0.649060811823196,0.4212656973144535,0.4141527732572022,0.33398782326842147,standardized_outer_train,5.0,0.6209340644143848,0.4188921051956568,0.09244608731105293
final,2026,L3,P0,native_spacing_z_mm,T1,AVAILABLE,,192.0,pooled_outer_test_folds,808.0,0.5222529110722707,0.5250930869014352,0.2649587665701887,0.4669873345487053,0.38192339746511683,standardized_outer_train,5.0,0.5198952419320662,0.26236313417323126,0.058532543381425085
final,2026,L3,P0,native_spacing_z_mm,T2,AVAILABLE,,192.0,pooled_outer_test_folds,808.0,0.5092466490118014,0.5177735251538509,0.2529735041082708,0.46921335607135833,0.38751915172495105,standardized_outer_train,5.0,0.5075012059972772,0.2508483384097889,0.07575658240819773
final,2026,L3,P0,native_spacing_z_mm,T3,AVAILABLE,,192.0,pooled_outer_test_folds,808.0,0.5149363356314468,0.536239522602472,0.28359711135632537,0.46195623801899843,0.37534437639562385,standardized_outer_train,5.0,0.5149034388630451,0.2829181857530272,0.07266667519920603
final,2026,L3,P0,native_spacing_z_mm,macro,AVAILABLE,,192.0,mean_of_pooled_endpoint_metrics,3232.0,0.5432102857953459,0.5570417366202385,0.3056987698373096,0.45307742547406604,0.3696936872135283,standardized_outer_train,5.0,0.5408084878016933,0.30375544088292605,0.05943691526574301
final,2026,L3,P0,padding_fraction,T0,AVAILABLE,,192.0,pooled_outer_test_folds,808.0,0.2882987350079509,0.2525733240353189,0.05669728597478019,0.0888133112660483,0.06831416454948233,standardized_outer_train,5.0,0.2936367464639139,0.05147579052403384,0.0414140436332193
final,2026,L3,P0,padding_fraction,T1,AVAILABLE,,192.0,pooled_outer_test_folds,808.0,0.24705288922498864,0.2307514188523049,0.041554335192688474,0.10495567337265091,0.08089377966826962,standardized_outer_train,5.0,0.2599535583472214,0.037210597422882956,0.04300987533008256
final,2026,L3,P0,padding_fraction,T2,AVAILABLE,,192.0,pooled_outer_test_folds,808.0,0.24133567496595762,0.210499590196124,0.030594717892516554,0.10636946245289464,0.08134324560667895,standardized_outer_train,5.0,0.24047970096123022,0.02782574395649572,0.034966341977270846
final,2026,L3,P0,padding_fraction,T3,AVAILABLE,,192.0,pooled_outer_test_folds,808.0,0.2562957699845657,0.2354562781484688,0.052148783631140394,0.10586389735526679,0.08221567898716307,standardized_outer_train,5.0,0.2626977030954421,0.04586336683843448,0.036618277319492125
final,2026,L3,P0,padding_fraction,macro,AVAILABLE,,192.0,mean_of_pooled_endpoint_metrics,3232.0,0.2582457672958657,0.23232015280805415,0.0452487806727814,0.10150058611171517,0.0781917172028985,standardized_outer_train,5.0,0.26419192721695184,0.040593874685461745,0.024258401510016618
final,2026,L3,P0,resize_anisotropy,T0,AVAILABLE,,192.0,pooled_outer_test_folds,808.0,0.14492850275408387,0.24971442993797052,0.05965130030546417,0.32684689441396836,0.22095391901878822,standardized_outer_train,5.0,0.14564136678083833,0.05099100900763953,0.037179038536496956
final,2026,L3,P0,resize_anisotropy,T1,AVAILABLE,,192.0,pooled_outer_test_folds,808.0,0.11833122228336658,0.2363691103373002,0.05582694848889147,0.3273939655840605,0.21968794124079524,standardized_outer_train,5.0,0.12028200488488201,0.04829730864541122,0.031052855133482278
final,2026,L3,P0,resize_anisotropy,T2,AVAILABLE,,192.0,pooled_outer_test_folds,808.0,0.1613114257203474,0.22325237892876473,0.04325312799194625,0.3304149934125973,0.21906599901178256,standardized_outer_train,5.0,0.14782144627136862,0.022393689817561038,0.11384520462653182
final,2026,L3,P0,resize_anisotropy,T3,AVAILABLE,,192.0,pooled_outer_test_folds,808.0,0.16454022171786223,0.22008103059680517,0.03953942919641551,0.32889178847134043,0.21855657845422413,standardized_outer_train,5.0,0.16271928903618926,0.03237402471892682,0.042101610987548256
final,2026,L3,P0,resize_anisotropy,macro,AVAILABLE,,192.0,mean_of_pooled_endpoint_metrics,3232.0,0.147277843118915,0.23235423745021017,0.04956770149567935,0.3283869104704916,0.21956610943139754,standardized_outer_train,5.0,0.14411602674331953,0.03851400804738468,0.04862263936102578
final,2026,L3,P0,valid_source_fraction,T0,AVAILABLE,,192.0,pooled_outer_test_folds,808.0,0.2882987350079509,0.25257332386371023,0.05669728565549159,0.08881331128107904,0.06831416461481797,standardized_outer_train,5.0,0.2936367464639139,0.05147579023728218,0.04141404421810387
final,2026,L3,P0,valid_source_fraction,T1,AVAILABLE,,192.0,pooled_outer_test_folds,808.0,0.24705288922498864,0.23075139851585239,0.041554322225683116,0.10495567408263419,0.0808937796528434,standardized_outer_train,5.0,0.2599535583472214,0.037210582447565,0.04300987465920806
final,2026,L3,P0,valid_source_fraction,T2,AVAILABLE,,192.0,pooled_outer_test_folds,808.0,0.24133567496595762,0.21049961853960103,0.030594734728314532,0.10636946152922794,0.0813432446137391,standardized_outer_train,5.0,0.24047970096123022,0.027825761289021738,0.03496632591908978
final,2026,L3,P0,valid_source_fraction,T3,AVAILABLE,,192.0,pooled_outer_test_folds,808.0,0.2562957699845657,0.23545627858029852,0.05214878255313571,0.10586389741546703,0.0822156787163974,standardized_outer_train,5.0,0.2626977030954421,0.04586336622519254,0.036618279569261586
final,2026,L3,P0,valid_source_fraction,macro,AVAILABLE,,192.0,mean_of_pooled_endpoint_metrics,3232.0,0.2582457672958657,0.23232015487486551,0.04524878129065624,0.10150058607710205,0.07819171689944947,standardized_outer_train,5.0,0.26419192721695184,0.04059387504976536,0.02425839846678546
final,2026,L3,PLOCAL,acquisition_fov_x_mm,T0,AVAILABLE,,192.0,pooled_outer_test_folds,808.0,0.7230800614047611,0.8052602221018756,0.6479894763240436,38.50893465952981,26.78023506361591,standardized_outer_train,5.0,0.7261333870335293,0.6466532143757905,0.12185160544075704
final,2026,L3,PLOCAL,acquisition_fov_x_mm,T1,AVAILABLE,,192.0,pooled_outer_test_folds,808.0,0.6391633125309935,0.7312541955530645,0.5307322935878617,44.782982838244486,31.785759860347923,standardized_outer_train,5.0,0.6420495082502825,0.5241647337714677,0.09327946118108588
final,2026,L3,PLOCAL,acquisition_fov_x_mm,T2,AVAILABLE,,192.0,pooled_outer_test_folds,808.0,0.6264803501017047,0.7059574787703717,0.4872759041885337,47.369100443908835,33.89920042316068,standardized_outer_train,5.0,0.6362427573576274,0.4823171630211768,0.19288089416300713
final,2026,L3,PLOCAL,acquisition_fov_x_mm,T3,AVAILABLE,,192.0,pooled_outer_test_folds,808.0,0.6483538257966012,0.7426520286908785,0.5350336723088038,44.38890394843138,32.840382457895885,standardized_outer_train,5.0,0.6490092009969995,0.5305941754427098,0.11444425167687047
final,2026,L3,PLOCAL,acquisition_fov_x_mm,macro,AVAILABLE,,192.0,mean_of_pooled_endpoint_metrics,3232.0,0.6592693874585152,0.7462809812790476,0.5502578366023108,43.76248047252862,31.326394451255098,standardized_outer_train,5.0,0.6633587134096095,0.5459323216527862,0.12585413580956972
final,2026,L3,PLOCAL,acquisition_fov_y_mm,T0,AVAILABLE,,192.0,pooled_outer_test_folds,808.0,0.7230962873199709,0.8052602316740295,0.6479894924193572,38.50893367162085,26.78023447945519,standardized_outer_train,5.0,0.7261351509597123,0.6466532308698032,0.12185158666922087
final,2026,L3,PLOCAL,acquisition_fov_y_mm,T1,AVAILABLE,,192.0,pooled_outer_test_folds,808.0,0.6392774659794165,0.731254153512283,0.5307322161966989,44.78298654139036,31.78576120511215,standardized_outer_train,5.0,0.6421838035406157,0.5241646554219482,0.09327960992354596
final,2026,L3,PLOCAL,acquisition_fov_y_mm,T2,AVAILABLE,,192.0,pooled_outer_test_folds,808.0,0.6264344653850605,0.7059574538178398,0.4872758847778169,47.369101293590255,33.89920021658958,standardized_outer_train,5.0,0.6362440621103616,0.4823171434869303,0.19288088810641257
final,2026,L3,PLOCAL,acquisition_fov_y_mm,T3,AVAILABLE,,192.0,pooled_outer_test_folds,808.0,0.6482932957793588,0.7426520481526102,0.535033725931535,44.388901330998735,32.840382075623815,standardized_outer_train,5.0,0.6489910289417357,0.5305942272566806,0.11444416922655597
final,2026,L3,PLOCAL,acquisition_fov_y_mm,macro,AVAILABLE,,192.0,mean_of_pooled_endpoint_metrics,3232.0,0.6592753786159518,0.7462809717891907,0.550257829831352,43.76248070940005,31.326394494195185,standardized_outer_train,5.0,0.6633885113881063,0.5459323142588406,0.12585415035081327
final,2026,L3,PLOCAL,acquisition_fov_z_mm,T0,AVAILABLE,,192.0,pooled_outer_test_folds,808.0,0.2868673014286156,0.42108552644802655,0.17234180057628867,9.92752946891407,5.892558220576736,standardized_outer_train,5.0,0.28704765966174667,0.17293183878732915,0.0783019996162386
final,2026,L3,PLOCAL,acquisition_fov_z_mm,T1,AVAILABLE,,192.0,pooled_outer_test_folds,808.0,0.25576013386313834,0.2733484035777892,0.062095417692944355,11.224530523556158,6.72551194445657,standardized_outer_train,5.0,0.2587495897835548,0.07192243527521328,0.09598146986938186
final,2026,L3,PLOCAL,acquisition_fov_z_mm,T2,AVAILABLE,,192.0,pooled_outer_test_folds,808.0,0.32683119080597156,0.3413337632192473,0.11253687083799124,11.349185040352028,6.838048537436936,standardized_outer_train,5.0,0.3308682715397201,0.1146121718902903,0.04839050225036155
final,2026,L3,PLOCAL,acquisition_fov_z_mm,T3,AVAILABLE,,192.0,pooled_outer_test_folds,808.0,0.31915348639948055,0.40030387495637715,0.1588859588442515,10.607181587911365,6.301846212730204,standardized_outer_train,5.0,0.3235155228830183,0.15992962092814045,0.07777331254746923
final,2026,L3,PLOCAL,acquisition_fov_z_mm,macro,AVAILABLE,,192.0,mean_of_pooled_endpoint_metrics,3232.0,0.2971530281243015,0.35901789205036005,0.12646501198786894,10.777106655183404,6.439491228800112,standardized_outer_train,5.0,0.30004526096700995,0.1298490167202433,0.05709563101362114
final,2026,L3,PLOCAL,max_resample_factor,T0,AVAILABLE,,192.0,pooled_outer_test_folds,808.0,0.7308452696512301,0.7099373636865075,0.5032149976210084,0.21167938553269952,0.16283446328254375,standardized_outer_train,5.0,0.7268300955996003,0.4988183165212353,0.1098146112975653
final,2026,L3,PLOCAL,max_resample_factor,T1,AVAILABLE,,192.0,pooled_outer_test_folds,808.0,0.6812800369288604,0.6365863797160778,0.3953554397242931,0.23241493292427992,0.17374303806549868,standardized_outer_train,5.0,0.679492663158142,0.39376670832257393,0.1466443638212747
final,2026,L3,PLOCAL,max_resample_factor,T2,AVAILABLE,,192.0,pooled_outer_test_folds,808.0,0.7128137554736315,0.6559477972886392,0.42684255075191635,0.22610518237272348,0.1721071409051827,standardized_outer_train,5.0,0.7101190047271935,0.42214157190015544,0.06611177087655114
final,2026,L3,PLOCAL,max_resample_factor,T3,AVAILABLE,,192.0,pooled_outer_test_folds,808.0,0.7104530974328748,0.6802894464338235,0.4551070958824195,0.21847019081586042,0.16753208528092314,standardized_outer_train,5.0,0.7103780109593174,0.4491514605120595,0.07316207806343873
final,2026,L3,PLOCAL,max_resample_factor,macro,AVAILABLE,,192.0,mean_of_pooled_endpoint_metrics,3232.0,0.7088480398716492,0.6706902467812619,0.44513002099490934,0.22216742291139083,0.16905418188353707,standardized_outer_train,5.0,0.7067049436110635,0.4409695143140061,0.0723033748101918
final,2026,L3,PLOCAL,native_spacing_x_mm,T0,AVAILABLE,,192.0,pooled_outer_test_folds,808.0,0.7522735994735835,0.8231332143319877,0.6773588704442653,0.08486013741826208,0.056148735135174536,standardized_outer_train,5.0,0.7588926366244078,0.6725475034008949,0.06655380850714113
final,2026,L3,PLOCAL,native_spacing_x_mm,T1,AVAILABLE,,192.0,pooled_outer_test_folds,808.0,0.6725279326520467,0.7484526488439693,0.5555868187825566,0.09853236951021242,0.06776356422590128,standardized_outer_train,5.0,0.6748171673101429,0.538712049567621,0.1091685184198926
final,2026,L3,PLOCAL,native_spacing_x_mm,T2,AVAILABLE,,192.0,pooled_outer_test_folds,808.0,0.700633242668387,0.7725983530847863,0.5964208083607598,0.09347324974569748,0.06391000948460392,standardized_outer_train,5.0,0.7036264495060267,0.5805571115749808,0.14709030364526848
final,2026,L3,PLOCAL,native_spacing_x_mm,T3,AVAILABLE,,192.0,pooled_outer_test_folds,808.0,0.6732903882643984,0.7614580436491197,0.5764610118314543,0.09519186076064404,0.06716617999396314,standardized_outer_train,5.0,0.6725408800699358,0.558269195448047,0.12009295794962886
final,2026,L3,PLOCAL,native_spacing_x_mm,macro,AVAILABLE,,192.0,mean_of_pooled_endpoint_metrics,3232.0,0.699681290764604,0.7764105649774657,0.601456877354759,0.093014404358704,0.06374712220991072,standardized_outer_train,5.0,0.7024692833776282,0.5875214649978859,0.1028648017945814
final,2026,L3,PLOCAL,native_spacing_y_mm,T0,AVAILABLE,,192.0,pooled_outer_test_folds,808.0,0.7522020531404433,0.8231332001993881,0.677358846416388,0.08486014038311243,0.05614873631548958,standardized_outer_train,5.0,0.7588363326135594,0.6725474787901913,0.06655381983822155
final,2026,L3,PLOCAL,native_spacing_y_mm,T1,AVAILABLE,,192.0,pooled_outer_test_folds,808.0,0.6726183078704785,0.7484526507370025,0.5555868210366587,0.0985323692348185,0.06776356429509273,standardized_outer_train,5.0,0.6749244724167781,0.5387120517597362,0.10916852001393818
final,2026,L3,PLOCAL,native_spacing_y_mm,T2,AVAILABLE,,192.0,pooled_outer_test_folds,808.0,0.7006660040953835,0.7725983393945683,0.5964207888181361,0.09347325191878747,0.06391000862749804,standardized_outer_train,5.0,0.703708661099774,0.5805570896788153,0.14709029540027604
final,2026,L3,PLOCAL,native_spacing_y_mm,T3,AVAILABLE,,192.0,pooled_outer_test_folds,808.0,0.6732348028294856,0.7614580768240877,0.5764610691906595,0.09519185412773505,0.06716616916429793,standardized_outer_train,5.0,0.6726397296569238,0.5582692658339081,0.12009297870658782
final,2026,L3,PLOCAL,native_spacing_y_mm,macro,AVAILABLE,,192.0,mean_of_pooled_endpoint_metrics,3232.0,0.6996802919839477,0.7764105667887616,0.6014568813654606,0.09301440391611336,0.06374711960059457,standardized_outer_train,5.0,0.7025272989467588,0.5875214715156627,0.10286481242594525
final,2026,L3,PLOCAL,native_spacing_z_mm,T0,AVAILABLE,,192.0,pooled_outer_test_folds,808.0,0.8518683916975353,0.8568355905939261,0.7337944544361212,0.2808856230872184,0.22308628864560467,standardized_outer_train,5.0,0.8486936597392495,0.7323485455306633,0.07569596294061375
final,2026,L3,PLOCAL,native_spacing_z_mm,T1,AVAILABLE,,192.0,pooled_outer_test_folds,808.0,0.8297960817462032,0.8230805198376487,0.675515606031144,0.3102745525384101,0.24358021388064552,standardized_outer_train,5.0,0.8290616260803725,0.6745845252314965,0.07620917409521263
final,2026,L3,PLOCAL,native_spacing_z_mm,T2,AVAILABLE,,192.0,pooled_outer_test_folds,808.0,0.8352358971629317,0.8257633022150844,0.671769213192506,0.3110226516823626,0.24208983301792011,standardized_outer_train,5.0,0.8326997031278763,0.6696790528259662,0.07769432676891759
final,2026,L3,PLOCAL,native_spacing_z_mm,T3,AVAILABLE,,192.0,pooled_outer_test_folds,808.0,0.8439874968253307,0.8297806778657864,0.6834297227739338,0.30708403613334906,0.24333431111042084,standardized_outer_train,5.0,0.8442896967815772,0.6815317497515023,0.057921993085647674
final,2026,L3,PLOCAL,native_spacing_z_mm,macro,AVAILABLE,,192.0,mean_of_pooled_endpoint_metrics,3232.0,0.8402219668580002,0.8338650226281115,0.6911272491084263,0.30231671586033504,0.23802266166364777,standardized_outer_train,5.0,0.838686171432269,0.689535968334907,0.06614083623805282
final,2026,L3,PLOCAL,padding_fraction,T0,AVAILABLE,,192.0,pooled_outer_test_folds,808.0,0.4472929031754979,0.43700673147121105,0.1905357431316128,0.08227186809351071,0.06296669867651698,standardized_outer_train,5.0,0.4512275218727286,0.18634911917600397,0.09351397568343053
final,2026,L3,PLOCAL,padding_fraction,T1,AVAILABLE,,192.0,pooled_outer_test_folds,808.0,0.38593554738821345,0.3636617262318286,0.1262006773458213,0.10021391354720753,0.07582668530274783,standardized_outer_train,5.0,0.3866926907224433,0.1214281230334576,0.050554275316960495
final,2026,L3,PLOCAL,padding_fraction,T2,AVAILABLE,,192.0,pooled_outer_test_folds,808.0,0.36750285556895834,0.36801953605898063,0.13105731475616467,0.10070704189236143,0.07790510763613981,standardized_outer_train,5.0,0.37145981156153374,0.12550665270925931,0.07402211047702928
final,2026,L3,PLOCAL,padding_fraction,T3,AVAILABLE,,192.0,pooled_outer_test_folds,808.0,0.36669174209760447,0.3943433837543066,0.15525183426575295,0.0999404777627608,0.07702820781788935,standardized_outer_train,5.0,0.3697877765389649,0.14669784971203337,0.05897401192472838
final,2026,L3,PLOCAL,padding_fraction,macro,AVAILABLE,,192.0,mean_of_pooled_endpoint_metrics,3232.0,0.39185576205756856,0.39075784437908173,0.15076139237483793,0.09578332532396011,0.0734316748583235,standardized_outer_train,5.0,0.3947919501739176,0.14499543615768856,0.06086000671765053
final,2026,L3,PLOCAL,resize_anisotropy,T0,AVAILABLE,,192.0,pooled_outer_test_folds,808.0,0.27026101675907555,0.4797828574872044,0.2301150229001495,0.29574187451115974,0.20210258249700672,standardized_outer_train,5.0,0.2697510877039778,0.21801519047812928,0.06276765534511264
final,2026,L3,PLOCAL,resize_anisotropy,T1,AVAILABLE,,192.0,pooled_outer_test_folds,808.0,0.14469650328019298,0.33992823965248953,0.11368903206222303,0.3172034716744082,0.21649391676569965,standardized_outer_train,5.0,0.15163605369384395,0.10949478057555051,0.055957462579664045
final,2026,L3,PLOCAL,resize_anisotropy,T2,AVAILABLE,,192.0,pooled_outer_test_folds,808.0,0.1862095074557505,0.35923755556645254,0.12264667202104917,0.3164087497616699,0.21331468184461472,standardized_outer_train,5.0,0.1769562070661121,0.09181549714874852,0.15180259335618354
final,2026,L3,PLOCAL,resize_anisotropy,T3,AVAILABLE,,192.0,pooled_outer_test_folds,808.0,0.222060000539939,0.4259177738137234,0.15720614241407127,0.3080874027277859,0.21518811432199053,standardized_outer_train,5.0,0.22156374333712298,0.1374885613973166,0.09519488728548446
final,2026,L3,PLOCAL,resize_anisotropy,macro,AVAILABLE,,192.0,mean_of_pooled_endpoint_metrics,3232.0,0.20580675700873952,0.4012166066299675,0.15591421734937325,0.30936037466875593,0.21177482385732788,standardized_outer_train,5.0,0.2049767729502642,0.13920350739993623,0.0747123373179537
final,2026,L3,PLOCAL,valid_source_fraction,T0,AVAILABLE,,192.0,pooled_outer_test_folds,808.0,0.4472929031754979,0.4370067294139671,0.1905357413266645,0.08227186818523587,0.06296669879694497,standardized_outer_train,5.0,0.4512275218727286,0.1863491168988771,0.09351398109505062
final,2026,L3,PLOCAL,valid_source_fraction,T1,AVAILABLE,,192.0,pooled_outer_test_folds,808.0,0.38593554738821345,0.3636617193403746,0.12620067108286437,0.10021391390634916,0.07582668570294827,standardized_outer_train,5.0,0.3866926907224433,0.12142811800355742,0.05055426728501457
final,2026,L3,PLOCAL,valid_source_fraction,T2,AVAILABLE,,192.0,pooled_outer_test_folds,808.0,0.36750285556895834,0.36801953791544745,0.13105731670109755,0.10070704177965639,0.07790510754412533,standardized_outer_train,5.0,0.37145981156153374,0.12550665499852684,0.07402210916319389
final,2026,L3,PLOCAL,valid_source_fraction,T3,AVAILABLE,,192.0,pooled_outer_test_folds,808.0,0.36669174209760447,0.3943433825296217,0.1552518333468884,0.09994047781711533,0.077028207860974,standardized_outer_train,5.0,0.3697877765389649,0.1466978490427069,0.05897401050762114
final,2026,L3,PLOCAL,valid_source_fraction,macro,AVAILABLE,,192.0,mean_of_pooled_endpoint_metrics,3232.0,0.39185576205756856,0.3907578422998527,0.1507613906143787,0.0957833254220892,0.07343167497624814,standardized_outer_train,5.0,0.3947919501739176,0.14499543473591703,0.060860003863706866
final,2026,L3,PVALID,acquisition_fov_x_mm,T0,NA,NA_no_source_authoritative_mask,,,,,,,,,,,,,
final,2026,L3,PVALID,acquisition_fov_x_mm,T1,NA,NA_no_source_authoritative_mask,,,,,,,,,,,,,
final,2026,L3,PVALID,acquisition_fov_x_mm,T2,NA,NA_no_source_authoritative_mask,,,,,,,,,,,,,
final,2026,L3,PVALID,acquisition_fov_x_mm,T3,NA,NA_no_source_authoritative_mask,,,,,,,,,,,,,
final,2026,L3,PVALID,acquisition_fov_x_mm,macro,NA,NA_no_source_authoritative_mask,,,,,,,,,,,,,
final,2026,L3,PVALID,acquisition_fov_y_mm,T0,NA,NA_no_source_authoritative_mask,,,,,,,,,,,,,
final,2026,L3,PVALID,acquisition_fov_y_mm,T1,NA,NA_no_source_authoritative_mask,,,,,,,,,,,,,
final,2026,L3,PVALID,acquisition_fov_y_mm,T2,NA,NA_no_source_authoritative_mask,,,,,,,,,,,,,
final,2026,L3,PVALID,acquisition_fov_y_mm,T3,NA,NA_no_source_authoritative_mask,,,,,,,,,,,,,
final,2026,L3,PVALID,acquisition_fov_y_mm,macro,NA,NA_no_source_authoritative_mask,,,,,,,,,,,,,
final,2026,L3,PVALID,acquisition_fov_z_mm,T0,NA,NA_no_source_authoritative_mask,,,,,,,,,,,,,
final,2026,L3,PVALID,acquisition_fov_z_mm,T1,NA,NA_no_source_authoritative_mask,,,,,,,,,,,,,
final,2026,L3,PVALID,acquisition_fov_z_mm,T2,NA,NA_no_source_authoritative_mask,,,,,,,,,,,,,
final,2026,L3,PVALID,acquisition_fov_z_mm,T3,NA,NA_no_source_authoritative_mask,,,,,,,,,,,,,
final,2026,L3,PVALID,acquisition_fov_z_mm,macro,NA,NA_no_source_authoritative_mask,,,,,,,,,,,,,
final,2026,L3,PVALID,max_resample_factor,T0,NA,NA_no_source_authoritative_mask,,,,,,,,,,,,,
final,2026,L3,PVALID,max_resample_factor,T1,NA,NA_no_source_authoritative_mask,,,,,,,,,,,,,
final,2026,L3,PVALID,max_resample_factor,T2,NA,NA_no_source_authoritative_mask,,,,,,,,,,,,,
final,2026,L3,PVALID,max_resample_factor,T3,NA,NA_no_source_authoritative_mask,,,,,,,,,,,,,
final,2026,L3,PVALID,max_resample_factor,macro,NA,NA_no_source_authoritative_mask,,,,,,,,,,,,,
final,2026,L3,PVALID,native_spacing_x_mm,T0,NA,NA_no_source_authoritative_mask,,,,,,,,,,,,,
final,2026,L3,PVALID,native_spacing_x_mm,T1,NA,NA_no_source_authoritative_mask,,,,,,,,,,,,,
final,2026,L3,PVALID,native_spacing_x_mm,T2,NA,NA_no_source_authoritative_mask,,,,,,,,,,,,,
final,2026,L3,PVALID,native_spacing_x_mm,T3,NA,NA_no_source_authoritative_mask,,,,,,,,,,,,,
final,2026,L3,PVALID,native_spacing_x_mm,macro,NA,NA_no_source_authoritative_mask,,,,,,,,,,,,,
final,2026,L3,PVALID,native_spacing_y_mm,T0,NA,NA_no_source_authoritative_mask,,,,,,,,,,,,,
final,2026,L3,PVALID,native_spacing_y_mm,T1,NA,NA_no_source_authoritative_mask,,,,,,,,,,,,,
final,2026,L3,PVALID,native_spacing_y_mm,T2,NA,NA_no_source_authoritative_mask,,,,,,,,,,,,,
final,2026,L3,PVALID,native_spacing_y_mm,T3,NA,NA_no_source_authoritative_mask,,,,,,,,,,,,,
final,2026,L3,PVALID,native_spacing_y_mm,macro,NA,NA_no_source_authoritative_mask,,,,,,,,,,,,,
final,2026,L3,PVALID,native_spacing_z_mm,T0,NA,NA_no_source_authoritative_mask,,,,,,,,,,,,,
final,2026,L3,PVALID,native_spacing_z_mm,T1,NA,NA_no_source_authoritative_mask,,,,,,,,,,,,,
final,2026,L3,PVALID,native_spacing_z_mm,T2,NA,NA_no_source_authoritative_mask,,,,,,,,,,,,,
final,2026,L3,PVALID,native_spacing_z_mm,T3,NA,NA_no_source_authoritative_mask,,,,,,,,,,,,,
final,2026,L3,PVALID,native_spacing_z_mm,macro,NA,NA_no_source_authoritative_mask,,,,,,,,,,,,,
final,2026,L3,PVALID,padding_fraction,T0,NA,NA_no_source_authoritative_mask,,,,,,,,,,,,,
final,2026,L3,PVALID,padding_fraction,T1,NA,NA_no_source_authoritative_mask,,,,,,,,,,,,,
final,2026,L3,PVALID,padding_fraction,T2,NA,NA_no_source_authoritative_mask,,,,,,,,,,,,,
final,2026,L3,PVALID,padding_fraction,T3,NA,NA_no_source_authoritative_mask,,,,,,,,,,,,,
final,2026,L3,PVALID,padding_fraction,macro,NA,NA_no_source_authoritative_mask,,,,,,,,,,,,,
final,2026,L3,PVALID,resize_anisotropy,T0,NA,NA_no_source_authoritative_mask,,,,,,,,,,,,,
final,2026,L3,PVALID,resize_anisotropy,T1,NA,NA_no_source_authoritative_mask,,,,,,,,,,,,,
final,2026,L3,PVALID,resize_anisotropy,T2,NA,NA_no_source_authoritative_mask,,,,,,,,,,,,,
final,2026,L3,PVALID,resize_anisotropy,T3,NA,NA_no_source_authoritative_mask,,,,,,,,,,,,,
final,2026,L3,PVALID,resize_anisotropy,macro,NA,NA_no_source_authoritative_mask,,,,,,,,,,,,,
final,2026,L3,PVALID,valid_source_fraction,T0,NA,NA_no_source_authoritative_mask,,,,,,,,,,,,,
final,2026,L3,PVALID,valid_source_fraction,T1,NA,NA_no_source_authoritative_mask,,,,,,,,,,,,,
final,2026,L3,PVALID,valid_source_fraction,T2,NA,NA_no_source_authoritative_mask,,,,,,,,,,,,,
final,2026,L3,PVALID,valid_source_fraction,T3,NA,NA_no_source_authoritative_mask,,,,,,,,,,,,,
final,2026,L3,PVALID,valid_source_fraction,macro,NA,NA_no_source_authoritative_mask,,,,,,,,,,,,,
final,2026,N1,P0,acquisition_fov_x_mm,T0,AVAILABLE,,192.0,pooled_outer_test_folds,808.0,0.5202905665734066,0.5929675202429857,0.34101793210952336,52.689063431384085,38.44805625252682,standardized_outer_train,5.0,0.5199950240251602,0.33818830588817833,0.0633431190757343
final,2026,N1,P0,acquisition_fov_x_mm,T1,AVAILABLE,,192.0,pooled_outer_test_folds,808.0,0.5181123875859657,0.5521901720905621,0.28388385539201444,55.32155963017663,40.861999957134934,standardized_outer_train,5.0,0.5152253592963734,0.2852272040075506,0.07977224721970641
final,2026,N1,P0,acquisition_fov_x_mm,T2,AVAILABLE,,192.0,pooled_outer_test_folds,808.0,0.494197688930982,0.551993904627414,0.29243924774987995,55.64615241549333,41.127501940242176,standardized_outer_train,5.0,0.49697415696834957,0.2906512627254513,0.050575625723408374
final,2026,N1,P0,acquisition_fov_x_mm,T3,AVAILABLE,,192.0,pooled_outer_test_folds,808.0,0.49497439172029906,0.5860137284567059,0.32968911084445773,53.29688259961877,39.28596927238494,standardized_outer_train,5.0,0.4950316599892803,0.32706961853273764,0.15401303516197798
final,2026,N1,P0,acquisition_fov_x_mm,macro,AVAILABLE,,192.0,mean_of_pooled_endpoint_metrics,3232.0,0.5068937587026633,0.570791331354417,0.31175753652396887,54.2384145191682,39.93088185557222,standardized_outer_train,5.0,0.5068065500697909,0.31028409778847943,0.07222639999801363
final,2026,N1,P0,acquisition_fov_y_mm,T0,AVAILABLE,,192.0,pooled_outer_test_folds,808.0,0.5203465631521641,0.5929674732270568,0.34101785353506975,52.68906642549323,38.448058573685806,standardized_outer_train,5.0,0.520055686724636,0.3381882319522286,0.06334302305097667
final,2026,N1,P0,acquisition_fov_y_mm,T1,AVAILABLE,,192.0,pooled_outer_test_folds,808.0,0.5182427489364084,0.5521900476357281,0.28388363967818986,55.32156797516393,40.86200671688295,standardized_outer_train,5.0,0.5155315154965175,0.2852269828976851,0.07977221366897441
final,2026,N1,P0,acquisition_fov_y_mm,T2,AVAILABLE,,192.0,pooled_outer_test_folds,808.0,0.49441103319461943,0.5519939617333819,0.2924393277934769,55.64614921280109,41.12749735452397,standardized_outer_train,5.0,0.4970892374680007,0.29065133488748407,0.0505756991728722
final,2026,N1,P0,acquisition_fov_y_mm,T3,AVAILABLE,,192.0,pooled_outer_test_folds,808.0,0.4949878071271681,0.5860133457973807,0.32968857764762705,53.29690372759881,39.28598690592998,standardized_outer_train,5.0,0.4950692419678763,0.32706903891881345,0.1540131863614879
final,2026,N1,P0,acquisition_fov_y_mm,macro,AVAILABLE,,192.0,mean_of_pooled_endpoint_metrics,3232.0,0.50699703810259,0.5707912070983869,0.3117573496635909,54.23842183526426,39.930887387755675,standardized_outer_train,5.0,0.5069364204142577,0.3102838971640528,0.0722263401196236
final,2026,N1,P0,acquisition_fov_z_mm,T0,AVAILABLE,,192.0,pooled_outer_test_folds,808.0,0.27372604022477326,0.36094198299984304,0.1223148565791412,10.223157402292134,6.534849582821823,standardized_outer_train,5.0,0.2689513383215696,0.11865766979245176,0.04626497749656571
final,2026,N1,P0,acquisition_fov_z_mm,T1,AVAILABLE,,192.0,pooled_outer_test_folds,808.0,0.25899017202022045,0.21376926555477038,-0.007907252797316966,11.63587753144739,7.189547169951988,standardized_outer_train,5.0,0.25958460497275315,-0.00764407546384858,0.02935259659660129
final,2026,N1,P0,acquisition_fov_z_mm,T2,AVAILABLE,,192.0,pooled_outer_test_folds,808.0,0.24295620128916195,0.12783769293392844,-0.08282288517668102,12.536266920526487,7.586353427199048,standardized_outer_train,5.0,0.24789788363607457,-0.07063344495002752,0.1606141291011908
final,2026,N1,P0,acquisition_fov_z_mm,T3,AVAILABLE,,192.0,pooled_outer_test_folds,808.0,0.19716803459831853,0.32606756365659817,0.07861518014560998,11.101792062185504,7.014279792642851,standardized_outer_train,5.0,0.1967489831597919,0.0524999150217391,0.137958908156121
final,2026,N1,P0,acquisition_fov_z_mm,macro,AVAILABLE,,192.0,mean_of_pooled_endpoint_metrics,3232.0,0.24321011203311857,0.257154126286285,0.0275499746876883,11.374273479112878,7.081257493153927,standardized_outer_train,5.0,0.24329570252254729,0.02322001610007868,0.06395436695637377
final,2026,N1,P0,max_resample_factor,T0,AVAILABLE,,192.0,pooled_outer_test_folds,808.0,0.3980833651029466,0.35819974873459415,0.10580303514509548,0.2839951502584659,0.20680894679799075,standardized_outer_train,5.0,0.39075616256901363,0.10719825583731821,0.04793285359294282
final,2026,N1,P0,max_resample_factor,T1,AVAILABLE,,192.0,pooled_outer_test_folds,808.0,0.40418359794507,0.36454004306662074,0.12858714739347532,0.2790139606673428,0.21070013534772145,standardized_outer_train,5.0,0.4009344528400944,0.12596142569205354,0.06581671231991235
final,2026,N1,P0,max_resample_factor,T2,AVAILABLE,,192.0,pooled_outer_test_folds,808.0,0.4014522145458986,0.386416601289377,0.13557461606983123,0.27767533321099136,0.20915572474990993,standardized_outer_train,5.0,0.4015424328795333,0.13332628886909798,0.06809839764130446
final,2026,N1,P0,max_resample_factor,T3,AVAILABLE,,192.0,pooled_outer_test_folds,808.0,0.40760172440395215,0.3649977249256258,0.12374946067886239,0.2770452834821976,0.21097828637119012,standardized_outer_train,5.0,0.3990773420179689,0.12217863770476955,0.05861072342089367
final,2026,N1,P0,max_resample_factor,macro,AVAILABLE,,192.0,mean_of_pooled_endpoint_metrics,3232.0,0.4028302254994668,0.3685385295040544,0.1234285648218161,0.2794324319047494,0.20941077331670305,standardized_outer_train,5.0,0.39807759757665256,0.12216615202580983,0.043350399244441146
final,2026,N1,P0,native_spacing_x_mm,T0,AVAILABLE,,192.0,pooled_outer_test_folds,808.0,0.49031461601998466,0.40818350464643444,0.15725840858496987,0.1371485056529391,0.0912637696149712,standardized_outer_train,5.0,0.5050811880301379,0.1527084839410499,0.0777676329294378
final,2026,N1,P0,native_spacing_x_mm,T1,AVAILABLE,,192.0,pooled_outer_test_folds,808.0,0.4920481997849699,0.40106842759043765,0.11675880664079064,0.13890731572502468,0.09302490588285162,standardized_outer_train,5.0,0.5061853812949291,0.1092945265281001,0.12475052075562686
final,2026,N1,P0,native_spacing_x_mm,T2,AVAILABLE,,192.0,pooled_outer_test_folds,808.0,0.49814538060068053,0.4090099432805104,0.1632860799267355,0.13458958560169168,0.08919557557202347,standardized_outer_train,5.0,0.5150778378173319,0.15518429866245956,0.08342741472714428
final,2026,N1,P0,native_spacing_x_mm,T3,AVAILABLE,,192.0,pooled_outer_test_folds,808.0,0.513514791152547,0.4466085328621053,0.17400052111274011,0.13293612203870836,0.08915454057592992,standardized_outer_train,5.0,0.5133131321696035,0.1485150673184168,0.1785705067536067
final,2026,N1,P0,native_spacing_x_mm,macro,AVAILABLE,,192.0,mean_of_pooled_endpoint_metrics,3232.0,0.4985057468895455,0.4162176020948719,0.15282595406630903,0.13589538225459097,0.09065969791144404,standardized_outer_train,5.0,0.5099143848280006,0.1414255941125066,0.0904965003778519
final,2026,N1,P0,native_spacing_y_mm,T0,AVAILABLE,,192.0,pooled_outer_test_folds,808.0,0.4902754655133138,0.4081835156672901,0.15725842511706,0.13714850399252837,0.09126376769900985,standardized_outer_train,5.0,0.5050854721586713,0.15270849706790546,0.07776765358575422
final,2026,N1,P0,native_spacing_y_mm,T1,AVAILABLE,,192.0,pooled_outer_test_folds,808.0,0.4921020226034563,0.4010681079962435,0.1167583422367433,0.13890735220745984,0.09302493334408582,standardized_outer_train,5.0,0.5064305656178998,0.1092939473243321,0.12475017277973176
final,2026,N1,P0,native_spacing_y_mm,T2,AVAILABLE,,192.0,pooled_outer_test_folds,808.0,0.4981171668977995,0.40900995279494706,0.16328609054083731,0.13458958461836543,0.08919557464739139,standardized_outer_train,5.0,0.5150509167155952,0.15518431051158943,0.0834273997590833
final,2026,N1,P0,native_spacing_y_mm,T3,AVAILABLE,,192.0,pooled_outer_test_folds,808.0,0.5136606658096811,0.4466084885362765,0.17400048857072725,0.1329361243961172,0.08915452813770407,standardized_outer_train,5.0,0.5135036209198056,0.1485150553705592,0.17857062332875537
final,2026,N1,P0,native_spacing_y_mm,macro,AVAILABLE,,192.0,mean_of_pooled_endpoint_metrics,3232.0,0.4985388302060627,0.4162175162486893,0.15282583661634197,0.13589539130361772,0.09065970095704778,standardized_outer_train,5.0,0.510017643852993,0.14142545256859657,0.09049661102641825
final,2026,N1,P0,native_spacing_z_mm,T0,AVAILABLE,,192.0,pooled_outer_test_folds,808.0,0.47479608677430507,0.49793985772520427,0.23587847200120404,0.4758851789557949,0.3835505616920117,standardized_outer_train,5.0,0.4775585434361215,0.23544993616868953,0.04648425068572715
final,2026,N1,P0,native_spacing_z_mm,T1,AVAILABLE,,192.0,pooled_outer_test_folds,808.0,0.43870462561903,0.4636658341519884,0.20480725684713796,0.4857194055793088,0.39385977358368346,standardized_outer_train,5.0,0.4384361970961484,0.2044394457760276,0.0593331990497972
final,2026,N1,P0,native_spacing_z_mm,T2,AVAILABLE,,192.0,pooled_outer_test_folds,808.0,0.41918487269786575,0.42377579829838913,0.1629456818354016,0.49668287163846925,0.4096192157913705,standardized_outer_train,5.0,0.41653978548953985,0.16277151754207914,0.05073858096566929
final,2026,N1,P0,native_spacing_z_mm,T3,AVAILABLE,,192.0,pooled_outer_test_folds,808.0,0.4116311593056918,0.4282718862235673,0.16540477859823344,0.4986090061405958,0.4066089541728123,standardized_outer_train,5.0,0.4062170308802351,0.16652825500301266,0.15620063959658562
final,2026,N1,P0,native_spacing_z_mm,macro,AVAILABLE,,192.0,mean_of_pooled_endpoint_metrics,3232.0,0.4360791860992232,0.4534133440997873,0.19225904732049426,0.4892241155785422,0.39840962630996946,standardized_outer_train,5.0,0.43468788922551127,0.19229728862245224,0.07259269925965393
final,2026,N1,P0,padding_fraction,T0,AVAILABLE,,192.0,pooled_outer_test_folds,808.0,0.5242367887387797,0.5382019712337973,0.2835046561235709,0.07740325186032089,0.060014151549561356,standardized_outer_train,5.0,0.5245922200046743,0.27623397159503693,0.0798742180016304
final,2026,N1,P0,padding_fraction,T1,AVAILABLE,,192.0,pooled_outer_test_folds,808.0,0.44653332885766545,0.4068082544269985,0.11403070915342994,0.10090937238201474,0.0748015862070108,standardized_outer_train,5.0,0.4485420668690024,0.12108400453959264,0.08736431839992041
final,2026,N1,P0,padding_fraction,T2,AVAILABLE,,192.0,pooled_outer_test_folds,808.0,0.4525778005120548,0.46137017573976974,0.1955080265427831,0.09690030216743174,0.07567032746799132,standardized_outer_train,5.0,0.45204662521226713,0.19959865568494378,0.07553862335818
final,2026,N1,P0,padding_fraction,T3,AVAILABLE,,192.0,pooled_outer_test_folds,808.0,0.4677335628028213,0.4681467322205287,0.1745847089658884,0.09879024160205613,0.07582361651105812,standardized_outer_train,5.0,0.4677112845906445,0.16890632321149418,0.12163765150231186
final,2026,N1,P0,padding_fraction,macro,AVAILABLE,,192.0,mean_of_pooled_endpoint_metrics,3232.0,0.4727703702278303,0.46863178340527356,0.19190702519641809,0.09350079200295587,0.0715774204339054,standardized_outer_train,5.0,0.47322304916914704,0.1914557387577669,0.06449455084078633
final,2026,N1,P0,resize_anisotropy,T0,AVAILABLE,,192.0,pooled_outer_test_folds,808.0,0.2819081433730817,0.3078606737096122,0.08199484960314274,0.3229404584869253,0.2185120937549125,standardized_outer_train,5.0,0.2810801470449797,0.06963833541822173,0.06638637637205161
final,2026,N1,P0,resize_anisotropy,T1,AVAILABLE,,192.0,pooled_outer_test_folds,808.0,0.25826824988925073,0.2622335238237275,0.058749975442530245,0.3268867899116586,0.21560194634415097,standardized_outer_train,5.0,0.2671624487866805,0.05064141795436759,0.037923463124055
final,2026,N1,P0,resize_anisotropy,T2,AVAILABLE,,192.0,pooled_outer_test_folds,808.0,0.2759972376287609,0.3022800825207479,0.05041502557642219,0.32917598046733165,0.21980584835473116,standardized_outer_train,5.0,0.288095076683756,0.021149288670479476,0.2024372523640698
final,2026,N1,P0,resize_anisotropy,T3,AVAILABLE,,192.0,pooled_outer_test_folds,808.0,0.3222027926310181,0.31892839720128097,0.09120104458306166,0.31992425677106384,0.2101404572024137,standardized_outer_train,5.0,0.32488557683899266,0.07894272380529031,0.07676515315823415
final,2026,N1,P0,resize_anisotropy,macro,AVAILABLE,,192.0,mean_of_pooled_endpoint_metrics,3232.0,0.28459410588052786,0.29782566931384213,0.07059022380128921,0.32473187140924487,0.2160150864140521,standardized_outer_train,5.0,0.2903058123386022,0.055092941462089796,0.08847332361063039
final,2026,N1,P0,valid_source_fraction,T0,AVAILABLE,,192.0,pooled_outer_test_folds,808.0,0.5242367887387797,0.5382019767599482,0.28350464376094053,0.07740325252809062,0.06001414940218375,standardized_outer_train,5.0,0.5245922200046743,0.27623394975713367,0.07987425862761063
final,2026,N1,P0,valid_source_fraction,T1,AVAILABLE,,192.0,pooled_outer_test_folds,808.0,0.44653332885766545,0.4068083609246443,0.11403102770198814,0.10090935424112751,0.07480153885058309,standardized_outer_train,5.0,0.4485420668690024,0.12108429159225935,0.08736421839151882
final,2026,N1,P0,valid_source_fraction,T2,AVAILABLE,,192.0,pooled_outer_test_folds,808.0,0.4525778005120548,0.46137023621344586,0.19550810379096106,0.09690029751519641,0.07567032487403093,standardized_outer_train,5.0,0.45204662521226713,0.1995987202807879,0.07553849483387655
final,2026,N1,P0,valid_source_fraction,T3,AVAILABLE,,192.0,pooled_outer_test_folds,808.0,0.4677335628028213,0.4681471716598172,0.17458537114495898,0.09879020197543169,0.07582360345004795,standardized_outer_train,5.0,0.4677112845906445,0.16890690172825745,0.12163723845006975
final,2026,N1,P0,valid_source_fraction,macro,AVAILABLE,,192.0,mean_of_pooled_endpoint_metrics,3232.0,0.4727703702278303,0.4686319363894639,0.19190728659971218,0.09350077656496156,0.07157740414421143,standardized_outer_train,5.0,0.47322304916914704,0.1914559658396096,0.06449417392168579
final,2026,N1,PLOCAL,acquisition_fov_x_mm,T0,AVAILABLE,,192.0,pooled_outer_test_folds,808.0,0.37301184977742513,0.43057936666937363,0.17704453587799762,58.88054850634348,44.580247587966404,standardized_outer_train,5.0,0.37219877147913466,0.17544612799838868,0.062006222178570713
final,2026,N1,PLOCAL,acquisition_fov_x_mm,T1,AVAILABLE,,192.0,pooled_outer_test_folds,808.0,0.33547449564959453,0.3638631346632424,0.12872990805968998,61.020967049494814,46.50728015407455,standardized_outer_train,5.0,0.3428548149282899,0.12466701021745363,0.031642563238075155
final,2026,N1,PLOCAL,acquisition_fov_x_mm,T2,AVAILABLE,,192.0,pooled_outer_test_folds,808.0,0.31535647745776235,0.3347969082969718,0.07521868184750913,63.616943198277795,48.49265354063505,standardized_outer_train,5.0,0.31777821215539304,0.06773317871400486,0.13943327460426366
final,2026,N1,PLOCAL,acquisition_fov_x_mm,T3,AVAILABLE,,192.0,pooled_outer_test_folds,808.0,0.33548412001637073,0.31426206314605626,0.08398910686243866,62.303721600339465,46.62868409568563,standardized_outer_train,5.0,0.33648358273336404,0.08210828816605979,0.04229584877349855
final,2026,N1,PLOCAL,acquisition_fov_x_mm,macro,AVAILABLE,,192.0,mean_of_pooled_endpoint_metrics,3232.0,0.3398317357252882,0.360875368193911,0.11624555816190885,61.45554508861389,46.552216344590406,standardized_outer_train,5.0,0.34232884532404545,0.11248865127397671,0.03537586800148347
final,2026,N1,PLOCAL,acquisition_fov_y_mm,T0,AVAILABLE,,192.0,pooled_outer_test_folds,808.0,0.3732456084709286,0.4305793282070638,0.17704450174879593,58.88054956287902,44.58024820833396,standardized_outer_train,5.0,0.372504856860168,0.17544609544776885,0.06200619254377877
final,2026,N1,PLOCAL,acquisition_fov_y_mm,T1,AVAILABLE,,192.0,pooled_outer_test_folds,808.0,0.3355643899634755,0.36386312293019824,0.12872989935065104,61.020967368592714,46.50727987344897,standardized_outer_train,5.0,0.34299252677442715,0.12466700206948733,0.03164256209769538
final,2026,N1,PLOCAL,acquisition_fov_y_mm,T2,AVAILABLE,,192.0,pooled_outer_test_folds,808.0,0.31555001010405914,0.33479691489875346,0.07521868854763003,63.61694290474353,48.49265359900557,standardized_outer_train,5.0,0.3178897016563419,0.06773318579343662,0.13943324702784415
final,2026,N1,PLOCAL,acquisition_fov_y_mm,T3,AVAILABLE,,192.0,pooled_outer_test_folds,808.0,0.33536686547252137,0.31426213964011923,0.08398915869657875,62.30371975637968,46.628682424899154,standardized_outer_train,5.0,0.33630256947595244,0.08210833901785194,0.0422958694038331
final,2026,N1,PLOCAL,acquisition_fov_y_mm,macro,AVAILABLE,,192.0,mean_of_pooled_endpoint_metrics,3232.0,0.33993171850274617,0.3608753764190337,0.11624556208591394,61.45554489814874,46.55221602642192,standardized_outer_train,5.0,0.3424224136917223,0.11248865558213617,0.03537587016920515
final,2026,N1,PLOCAL,acquisition_fov_z_mm,T0,AVAILABLE,,192.0,pooled_outer_test_folds,808.0,0.20795687347757152,0.16529822263522237,0.0023059746922264868,10.899695356329927,6.727312826460138,standardized_outer_train,5.0,0.20934236595116854,-0.0005584507829738822,0.0621729823747317
final,2026,N1,PLOCAL,acquisition_fov_z_mm,T1,AVAILABLE,,192.0,pooled_outer_test_folds,808.0,0.21381643597324568,0.2040645561787694,0.037902333279213773,11.368376210354612,7.057759131743472,standardized_outer_train,5.0,0.2193740644123232,0.029686085061794674,0.03343200192243176
final,2026,N1,PLOCAL,acquisition_fov_z_mm,T2,AVAILABLE,,192.0,pooled_outer_test_folds,808.0,0.18553620653570005,0.14975037398734303,-0.051287289833662486,12.352368080177243,7.7335379607464025,standardized_outer_train,5.0,0.20715417960215712,-0.03792921183199624,0.0788170634761842
final,2026,N1,PLOCAL,acquisition_fov_z_mm,T3,AVAILABLE,,192.0,pooled_outer_test_folds,808.0,0.13888239461675064,0.11051046320337415,-0.03689250508598496,11.777128941241674,6.986683692390132,standardized_outer_train,5.0,0.14713606400363213,-0.03380942752665818,0.10416123956926084
final,2026,N1,PLOCAL,acquisition_fov_z_mm,macro,AVAILABLE,,192.0,mean_of_pooled_endpoint_metrics,3232.0,0.186547977650817,0.15740590400117727,-0.011992871737051797,11.599392147025863,7.126323402835036,standardized_outer_train,5.0,0.19575166849232023,-0.01065275126995838,0.039624645765138564
final,2026,N1,PLOCAL,max_resample_factor,T0,AVAILABLE,,192.0,pooled_outer_test_folds,808.0,0.2812936278591326,0.2211307729808066,0.04251076549415589,0.2938740768401608,0.22518646143446422,standardized_outer_train,5.0,0.3059458463598458,0.04050664343337398,0.020879985752837144
final,2026,N1,PLOCAL,max_resample_factor,T1,AVAILABLE,,192.0,pooled_outer_test_folds,808.0,0.2710150669088953,0.2302266481880954,0.03756123303346004,0.29322467089082066,0.22434997411648583,standardized_outer_train,5.0,0.2745454389291574,0.03654480982635948,0.01413235883982383
final,2026,N1,PLOCAL,max_resample_factor,T2,AVAILABLE,,192.0,pooled_outer_test_folds,808.0,0.25037833071207816,0.2195182221625341,0.041723613762356004,0.2923606637272454,0.22567315500509041,standardized_outer_train,5.0,0.2530731523764576,0.04112606921587046,0.03254348191830007
final,2026,N1,PLOCAL,max_resample_factor,T3,AVAILABLE,,192.0,pooled_outer_test_folds,808.0,0.23176177667597375,0.1752170567368297,0.0005357124417697534,0.2958831626666989,0.22780582835577803,standardized_outer_train,5.0,0.23916854392379813,-0.0012615782045720843,0.10761841166274354
final,2026,N1,PLOCAL,max_resample_factor,macro,AVAILABLE,,192.0,mean_of_pooled_endpoint_metrics,3232.0,0.25861220053901995,0.21152317501706647,0.03058283118293542,0.2938356435312314,0.22575385472795462,standardized_outer_train,5.0,0.2681832453973147,0.029228986067758,0.02677863071497154
final,2026,N1,PLOCAL,native_spacing_x_mm,T0,AVAILABLE,,192.0,pooled_outer_test_folds,808.0,0.3474977672234955,0.30024354146197224,0.04734603064550558,0.14581810723298397,0.1015956650410426,standardized_outer_train,5.0,0.3408485186980631,0.048981258762989616,0.1290248003638867
final,2026,N1,PLOCAL,native_spacing_x_mm,T1,AVAILABLE,,192.0,pooled_outer_test_folds,808.0,0.3365911235982209,0.2915096774837362,0.08163329506232564,0.14164248129812385,0.09811188747990056,standardized_outer_train,5.0,0.3446863737773857,0.07009257366212086,0.052369112713949735
final,2026,N1,PLOCAL,native_spacing_x_mm,T2,AVAILABLE,,192.0,pooled_outer_test_folds,808.0,0.29440689997072544,0.22834917883862882,0.0078027944903670265,0.14656219431715692,0.10324538036111534,standardized_outer_train,5.0,0.30614936911900503,-0.018815992097485856,0.15838412336450927
final,2026,N1,PLOCAL,native_spacing_x_mm,T3,AVAILABLE,,192.0,pooled_outer_test_folds,808.0,0.2812583918622884,0.19131557299520727,0.018080249088260447,0.1449409544199357,0.09883059225760518,standardized_outer_train,5.0,0.2935604630304202,0.009039644745735903,0.056424090415964114
final,2026,N1,PLOCAL,native_spacing_x_mm,macro,AVAILABLE,,192.0,mean_of_pooled_endpoint_metrics,3232.0,0.31493854566368257,0.25285449269488613,0.03871559232161467,0.1447409343170501,0.10044588128491591,standardized_outer_train,5.0,0.3213111811562185,0.027324371268340177,0.06379119050948132
final,2026,N1,PLOCAL,native_spacing_y_mm,T0,AVAILABLE,,192.0,pooled_outer_test_folds,808.0,0.3475420555609643,0.3002435331352469,0.04734603507663182,0.1458181065587472,0.10159566350907284,standardized_outer_train,5.0,0.340924021625122,0.04898126426198034,0.12902480037644473
final,2026,N1,PLOCAL,native_spacing_y_mm,T1,AVAILABLE,,192.0,pooled_outer_test_folds,808.0,0.33677567181151224,0.2915096751270519,0.08163329490856142,0.1416424812733082,0.09811188709876643,standardized_outer_train,5.0,0.34473988235276376,0.0700925729159913,0.052369107806858536
final,2026,N1,PLOCAL,native_spacing_y_mm,T2,AVAILABLE,,192.0,pooled_outer_test_folds,808.0,0.29439436570534866,0.22834899703070588,0.007802623400655628,0.14656220681220117,0.10324538057984059,standardized_outer_train,5.0,0.3061774662023093,-0.018816210826051522,0.15838457937307157
final,2026,N1,PLOCAL,native_spacing_y_mm,T3,AVAILABLE,,192.0,pooled_outer_test_folds,808.0,0.28099665890904035,0.19131563391136436,0.018080288558513624,0.1449409512220042,0.09883059227777294,standardized_outer_train,5.0,0.29313901647048807,0.00903968482773528,0.05642400367286115
final,2026,N1,PLOCAL,native_spacing_y_mm,macro,AVAILABLE,,192.0,mean_of_pooled_endpoint_metrics,3232.0,0.3149271879967164,0.2528544598010922,0.03871556048609062,0.1447409364665652,0.10044588086636319,standardized_outer_train,5.0,0.3212450966626708,0.027324327794913873,0.06379126605504548
final,2026,N1,PLOCAL,native_spacing_z_mm,T0,AVAILABLE,,192.0,pooled_outer_test_folds,808.0,0.30570242278088117,0.27554271501490957,0.03905635995104362,0.5336664734067429,0.44823347493811916,standardized_outer_train,5.0,0.3237601522772519,0.04202391726143988,0.16349972860628265
final,2026,N1,PLOCAL,native_spacing_z_mm,T1,AVAILABLE,,192.0,pooled_outer_test_folds,808.0,0.3102756956711149,0.3147094128408885,0.0860156042211363,0.5207372453929262,0.4406617529773535,standardized_outer_train,5.0,0.3072269880193258,0.08543810870359377,0.08328840961817495
final,2026,N1,PLOCAL,native_spacing_z_mm,T2,AVAILABLE,,192.0,pooled_outer_test_folds,808.0,0.2707927543331049,0.2882709096841363,0.07638218511313999,0.5217332478340527,0.45162829963206946,standardized_outer_train,5.0,0.27245568478190574,0.07571178690925964,0.04517713238155247
final,2026,N1,PLOCAL,native_spacing_z_mm,T3,AVAILABLE,,192.0,pooled_outer_test_folds,808.0,0.2796997797978643,0.2794276248815917,0.05393046360562892,0.5308645205849618,0.4533484024792113,standardized_outer_train,5.0,0.28778977468580413,0.053101317554930284,0.05709448959970799
final,2026,N1,PLOCAL,native_spacing_z_mm,macro,AVAILABLE,,192.0,mean_of_pooled_endpoint_metrics,3232.0,0.29161766314574133,0.28948766560538153,0.0638461532227372,0.5267503718046709,0.4484679825066884,standardized_outer_train,5.0,0.2978081499410718,0.06406878260730586,0.0430891319433842
final,2026,N1,PLOCAL,padding_fraction,T0,AVAILABLE,,192.0,pooled_outer_test_folds,808.0,0.4164693041497248,0.3808379156396995,0.10093992262506202,0.08670554592389255,0.06556382726392108,standardized_outer_train,5.0,0.42227339535832903,0.08797167593987047,0.11576948627982267
final,2026,N1,PLOCAL,padding_fraction,T1,AVAILABLE,,192.0,pooled_outer_test_folds,808.0,0.5259457465668866,0.4896986176265145,0.23301862425032627,0.09388897110169801,0.07038508938023114,standardized_outer_train,5.0,0.5288977639472918,0.22918753161755684,0.08403191340326766
final,2026,N1,PLOCAL,padding_fraction,T2,AVAILABLE,,192.0,pooled_outer_test_folds,808.0,0.49699870854516426,0.4924634032857565,0.24060496794953778,0.09414519286016532,0.07177032481854048,standardized_outer_train,5.0,0.5019790184283084,0.24060616325505232,0.05065977815357304
final,2026,N1,PLOCAL,padding_fraction,T3,AVAILABLE,,192.0,pooled_outer_test_folds,808.0,0.5029167093144684,0.47123320551876446,0.21716995377368364,0.09620807734110437,0.0729542111874332,standardized_outer_train,5.0,0.49258442251376683,0.2099689887424471,0.08492080097724378
final,2026,N1,PLOCAL,padding_fraction,macro,AVAILABLE,,192.0,mean_of_pooled_endpoint_metrics,3232.0,0.48558261714406104,0.45855828551768374,0.19793336714965243,0.09273694680671507,0.07016836316253147,standardized_outer_train,5.0,0.4864336500619239,0.1919335898887317,0.06336078907807313
final,2026,N1,PLOCAL,resize_anisotropy,T0,AVAILABLE,,192.0,pooled_outer_test_folds,808.0,0.17925509434171044,0.1821944244748226,-0.0437539944082026,0.34434911716626404,0.23398323480287905,standardized_outer_train,5.0,0.18587815415638345,-0.05217326145892824,0.10666148121589883
final,2026,N1,PLOCAL,resize_anisotropy,T1,AVAILABLE,,192.0,pooled_outer_test_folds,808.0,0.12358109610749257,0.15594503366457385,0.012475107249322992,0.3348257851688689,0.22470667447660667,standardized_outer_train,5.0,0.12792409333693916,0.0077158973427911195,0.056537815559977556
final,2026,N1,PLOCAL,resize_anisotropy,T2,AVAILABLE,,192.0,pooled_outer_test_folds,808.0,0.13958514531432023,0.16700936585950177,-0.020960689832909107,0.34132313912375495,0.22960905286766797,standardized_outer_train,5.0,0.15048499357183687,-0.03456856584265754,0.08992867552954521
final,2026,N1,PLOCAL,resize_anisotropy,T3,AVAILABLE,,192.0,pooled_outer_test_folds,808.0,0.17984878497010398,0.20946697327170957,0.017685580155698766,0.3326124641765782,0.22707805399871042,standardized_outer_train,5.0,0.15734661824174678,-0.0016332658899104013,0.11038235415344629
final,2026,N1,PLOCAL,resize_anisotropy,macro,AVAILABLE,,192.0,mean_of_pooled_endpoint_metrics,3232.0,0.1555675301834068,0.17865394931765194,-0.008638499209022488,0.33827762640886655,0.22884425403646602,standardized_outer_train,5.0,0.15540846482672657,-0.02016479896217626,0.07648519341417677
final,2026,N1,PLOCAL,valid_source_fraction,T0,AVAILABLE,,192.0,pooled_outer_test_folds,808.0,0.4164693041497248,0.3808379239437531,0.10093994160990682,0.08670554500844131,0.06556382681353305,standardized_outer_train,5.0,0.42227339535832903,0.08797169675443342,0.11576947860741008
final,2026,N1,PLOCAL,valid_source_fraction,T1,AVAILABLE,,192.0,pooled_outer_test_folds,808.0,0.5259457465668866,0.4896986201102662,0.23301862630546966,0.09388897097590924,0.07038508994158159,standardized_outer_train,5.0,0.5288977639472918,0.2291875344771998,0.0840319084608197
final,2026,N1,PLOCAL,valid_source_fraction,T2,AVAILABLE,,192.0,pooled_outer_test_folds,808.0,0.49699870854516426,0.49246340231420815,0.2406049659127556,0.09414519298641928,0.07177032493135287,standardized_outer_train,5.0,0.5019790184283084,0.24060616104341678,0.05065977829322253
final,2026,N1,PLOCAL,valid_source_fraction,T3,AVAILABLE,,192.0,pooled_outer_test_folds,808.0,0.5029167093144684,0.4712333106269369,0.21717007891562057,0.09620806965127073,0.07295420319174757,standardized_outer_train,5.0,0.49258442251376683,0.20996910319630563,0.08492079852335593
final,2026,N1,PLOCAL,valid_source_fraction,macro,AVAILABLE,,192.0,mean_of_pooled_endpoint_metrics,3232.0,0.48558261714406104,0.4585583142487911,0.19793340318593816,0.09273694465551013,0.07016836121955376,standardized_outer_train,5.0,0.4864336500619239,0.1919336238678389,0.06336083343765403
final,2026,N1,PVALID,acquisition_fov_x_mm,T0,AVAILABLE,,192.0,pooled_outer_test_folds,808.0,0.5810856657295608,0.6450147277542293,0.4107765669891099,49.82229002801008,36.78474639056059,standardized_outer_train,5.0,0.5801960398307265,0.4090510928361426,0.07561151508581644
final,2026,N1,PVALID,acquisition_fov_x_mm,T1,AVAILABLE,,192.0,pooled_outer_test_folds,808.0,0.5649031646770145,0.5826872283522561,0.3178973689669261,53.99176752823454,39.502393222665376,standardized_outer_train,5.0,0.5619399220861265,0.31646464814285424,0.055642840855673406
final,2026,N1,PVALID,acquisition_fov_x_mm,T2,AVAILABLE,,192.0,pooled_outer_test_folds,808.0,0.5343112178426122,0.5883390073146073,0.3326553525698809,54.04162060358784,40.2999569594228,standardized_outer_train,5.0,0.5269813168740498,0.3298286008298944,0.015771720338260808
final,2026,N1,PVALID,acquisition_fov_x_mm,T3,AVAILABLE,,192.0,pooled_outer_test_folds,808.0,0.574047495235881,0.6169680323622144,0.3737316320577201,51.51621041303156,37.34021716898895,standardized_outer_train,5.0,0.5692386047546436,0.3720441207403679,0.06511230384048335
final,2026,N1,PVALID,acquisition_fov_x_mm,macro,AVAILABLE,,192.0,mean_of_pooled_endpoint_metrics,3232.0,0.5635868858712672,0.6082522489458267,0.3587652301459092,52.342972143216,38.48182843540943,standardized_outer_train,5.0,0.5595889708863866,0.3568471156373148,0.03810522446452889
final,2026,N1,PVALID,acquisition_fov_y_mm,T0,AVAILABLE,,192.0,pooled_outer_test_folds,808.0,0.5810972207397992,0.6450148692691685,0.41077677427577297,49.82228112525313,36.78475436101157,standardized_outer_train,5.0,0.5802538500727061,0.4090513097566074,0.07561123902440095
final,2026,N1,PVALID,acquisition_fov_y_mm,T1,AVAILABLE,,192.0,pooled_outer_test_folds,808.0,0.564830895557375,0.582687263497197,0.3178973984788128,53.991766372723895,39.50238961954576,standardized_outer_train,5.0,0.5620705186965982,0.316464668866172,0.0556430329378238
final,2026,N1,PVALID,acquisition_fov_y_mm,T2,AVAILABLE,,192.0,pooled_outer_test_folds,808.0,0.5343309912466782,0.5883389300349683,0.3326553299024195,54.041621467809456,40.29995026336378,standardized_outer_train,5.0,0.5269083740472789,0.3298285796374641,0.01577173038873765
final,2026,N1,PVALID,acquisition_fov_y_mm,T3,AVAILABLE,,192.0,pooled_outer_test_folds,808.0,0.5740051791962913,0.6169681089745712,0.3737317662759577,51.51620482558203,37.34021199168503,standardized_outer_train,5.0,0.5691135831618513,0.3720442579101433,0.06511228805966589
final,2026,N1,PVALID,acquisition_fov_y_mm,macro,AVAILABLE,,192.0,mean_of_pooled_endpoint_metrics,3232.0,0.5635660716850359,0.6082522929439762,0.3587653172332408,52.342968447842125,38.48182655890154,standardized_outer_train,5.0,0.5595865814946086,0.3568472040425967,0.038105151544228326
final,2026,N1,PVALID,acquisition_fov_z_mm,T0,AVAILABLE,,192.0,pooled_outer_test_folds,808.0,0.26486842193615917,0.30923173724224357,0.05775973287439018,10.59245198426269,6.90757768908361,standardized_outer_train,5.0,0.269540046355253,0.041709343019753674,0.17688974032071
final,2026,N1,PVALID,acquisition_fov_z_mm,T1,AVAILABLE,,192.0,pooled_outer_test_folds,808.0,0.2148662982594429,0.22633522779635742,-0.01381011048134817,11.669900829800657,7.385486535231734,standardized_outer_train,5.0,0.21840320764310034,-0.014375425911354777,0.04570227804935447
final,2026,N1,PVALID,acquisition_fov_z_mm,T2,AVAILABLE,,192.0,pooled_outer_test_folds,808.0,0.2544322976617037,0.21589242997052666,-0.009293156525140844,12.10314348122669,7.539396469965888,standardized_outer_train,5.0,0.2520514935856164,-0.005514111729392859,0.09973470601829225
final,2026,N1,PVALID,acquisition_fov_z_mm,T3,AVAILABLE,,192.0,pooled_outer_test_folds,808.0,0.25196100549949735,0.37486732743575035,0.08948792084378343,11.036094690728808,7.185214417502564,standardized_outer_train,5.0,0.2490626417896514,0.06618533948649914,0.16655257196822634
final,2026,N1,PVALID,acquisition_fov_z_mm,macro,AVAILABLE,,192.0,mean_of_pooled_endpoint_metrics,3232.0,0.24653200583920076,0.2815816806112195,0.03103609667792115,11.350397746504711,7.254418777945949,standardized_outer_train,5.0,0.24726434734340536,0.0220012862163763,0.08514917619823985
final,2026,N1,PVALID,max_resample_factor,T0,AVAILABLE,,192.0,pooled_outer_test_folds,808.0,0.3951806182310454,0.3532246458410023,0.11046480520485291,0.2832538985146942,0.20761311222978648,standardized_outer_train,5.0,0.3927408453891056,0.11121896784419409,0.06691613812804142
final,2026,N1,PVALID,max_resample_factor,T1,AVAILABLE,,192.0,pooled_outer_test_folds,808.0,0.41045567113375525,0.36288021050893604,0.1232409763511556,0.27986853579383086,0.21052794692223573,standardized_outer_train,5.0,0.4106013537207261,0.12189343765918229,0.07871627438524506
final,2026,N1,PVALID,max_resample_factor,T2,AVAILABLE,,192.0,pooled_outer_test_folds,808.0,0.3966998566521371,0.3622757203770098,0.11370713195133297,0.2811655926333366,0.21024211234319115,standardized_outer_train,5.0,0.40121530500091646,0.1136348036072389,0.0510633809900938
final,2026,N1,PVALID,max_resample_factor,T3,AVAILABLE,,192.0,pooled_outer_test_folds,808.0,0.3871833193096736,0.33692197704558624,0.10141629130395613,0.280553623437955,0.21458919825436448,standardized_outer_train,5.0,0.3873480937152144,0.10104599427364587,0.07644563107091944
final,2026,N1,PVALID,max_resample_factor,macro,AVAILABLE,,192.0,mean_of_pooled_endpoint_metrics,3232.0,0.39737986633165284,0.3538256384431336,0.1122073012028244,0.28121041259495416,0.21074309243739447,standardized_outer_train,5.0,0.3979763994564906,0.1119483008460653,0.06013903981657816
final,2026,N1,PVALID,native_spacing_x_mm,T0,AVAILABLE,,192.0,pooled_outer_test_folds,808.0,0.5564659259924768,0.48585401719974775,0.23218988324614642,0.1309093845344404,0.08792169368132256,standardized_outer_train,5.0,0.5585606588708317,0.22770693536183728,0.1020541319079844
final,2026,N1,PVALID,native_spacing_x_mm,T1,AVAILABLE,,192.0,pooled_outer_test_folds,808.0,0.5457363916014898,0.4518895835859609,0.16512721025955457,0.13505031901848455,0.0911526647125588,standardized_outer_train,5.0,0.5529569344143386,0.1553971813536068,0.11545017922889889
final,2026,N1,PVALID,native_spacing_x_mm,T2,AVAILABLE,,192.0,pooled_outer_test_folds,808.0,0.5533833883143235,0.47554250267657194,0.20869144265796546,0.1308868120649591,0.08897385246744217,standardized_outer_train,5.0,0.5532821983313927,0.2016267664572188,0.03363990944292585
final,2026,N1,PVALID,native_spacing_x_mm,T3,AVAILABLE,,192.0,pooled_outer_test_folds,808.0,0.5968123929502167,0.508274838659738,0.23877994929402258,0.1276169110799573,0.08569563600813236,standardized_outer_train,5.0,0.5930204447409757,0.22755012857345708,0.07021775559513417
final,2026,N1,PVALID,native_spacing_x_mm,macro,AVAILABLE,,192.0,mean_of_pooled_endpoint_metrics,3232.0,0.5630995247146267,0.48039023553050464,0.21119712136442226,0.13111585667446035,0.08843596171736397,standardized_outer_train,5.0,0.5644550590893846,0.20307025293653003,0.04799317902363054
final,2026,N1,PVALID,native_spacing_y_mm,T0,AVAILABLE,,192.0,pooled_outer_test_folds,808.0,0.5564041374184586,0.485854013866293,0.23218988103294957,0.1309093844222633,0.08792169414592572,standardized_outer_train,5.0,0.5585495326538201,0.2277069331305981,0.10205411307699964
final,2026,N1,PVALID,native_spacing_y_mm,T1,AVAILABLE,,192.0,pooled_outer_test_folds,808.0,0.5455441984318798,0.45188955864484515,0.16512713408292112,0.13505032514474308,0.09115266711394547,standardized_outer_train,5.0,0.5529436660243618,0.15539709072212005,0.11545041424958943
final,2026,N1,PVALID,native_spacing_y_mm,T2,AVAILABLE,,192.0,pooled_outer_test_folds,808.0,0.5532051737399885,0.47554234182992855,0.20869124289691876,0.13088682845965544,0.08897386692490543,standardized_outer_train,5.0,0.5530993249173688,0.20162663025234923,0.033640073640095504
final,2026,N1,PVALID,native_spacing_y_mm,T3,AVAILABLE,,192.0,pooled_outer_test_folds,808.0,0.5967941226822331,0.5082749404207796,0.23878008690079522,0.12761689929442732,0.08569563524901015,standardized_outer_train,5.0,0.5929816294918582,0.22755024002355023,0.07021769580059459
final,2026,N1,PVALID,native_spacing_y_mm,macro,AVAILABLE,,192.0,mean_of_pooled_endpoint_metrics,3232.0,0.56298690806814,0.4803902136904616,0.21119708622839617,0.13111585933027228,0.0884359658584467,standardized_outer_train,5.0,0.5643935382718522,0.20307022353215437,0.04799315987721331
final,2026,N1,PVALID,native_spacing_z_mm,T0,AVAILABLE,,192.0,pooled_outer_test_folds,808.0,0.4520504675528307,0.4863518619429974,0.23134756700551318,0.4772939886683488,0.39005133415915005,standardized_outer_train,5.0,0.4525425555460794,0.23084130711726472,0.06287356499421852
final,2026,N1,PVALID,native_spacing_z_mm,T1,AVAILABLE,,192.0,pooled_outer_test_folds,808.0,0.4756624050582051,0.49169323659535225,0.22727545369448898,0.47880822807936235,0.38418878019662656,standardized_outer_train,5.0,0.476317045507885,0.22766950824164822,0.08098793215195996
final,2026,N1,PVALID,native_spacing_z_mm,T2,AVAILABLE,,192.0,pooled_outer_test_folds,808.0,0.42382952397069423,0.42794787128047884,0.16812849686011766,0.49514282071819693,0.40629983182206125,standardized_outer_train,5.0,0.4194853163946073,0.16822990113973457,0.1068974610461507
final,2026,N1,PVALID,native_spacing_z_mm,T3,AVAILABLE,,192.0,pooled_outer_test_folds,808.0,0.4219444892134463,0.4272052191879414,0.15362895135351295,0.5021142784692411,0.40673863096237417,standardized_outer_train,5.0,0.42281606646298925,0.1556481710838437,0.14176567715363372
final,2026,N1,PVALID,native_spacing_z_mm,macro,AVAILABLE,,192.0,mean_of_pooled_endpoint_metrics,3232.0,0.44337172144879405,0.4582995472516925,0.1950951172284082,0.48833982898378725,0.396819644285053,standardized_outer_train,5.0,0.44279024597789024,0.1955972218956228,0.09273226657884004
final,2026,N1,PVALID,padding_fraction,T0,AVAILABLE,,192.0,pooled_outer_test_folds,808.0,0.6104402049461501,0.5983647637377845,0.35773066411186805,0.07328432875153044,0.05499449821046668,standardized_outer_train,5.0,0.607611050436056,0.3560602405438731,0.10714349032140692
final,2026,N1,PVALID,padding_fraction,T1,AVAILABLE,,192.0,pooled_outer_test_folds,808.0,0.43981306427288586,0.3696173183752016,0.10451818491562148,0.1014496507054449,0.07540699632545576,standardized_outer_train,5.0,0.43515646953520726,0.10615737152454621,0.1062042715608654
final,2026,N1,PVALID,padding_fraction,T2,AVAILABLE,,192.0,pooled_outer_test_folds,808.0,0.5465994625282332,0.4788281713838105,0.17081996653886056,0.09837589387183361,0.07120402250241199,standardized_outer_train,5.0,0.5451548001804172,0.17453264159101517,0.1700076167460871
final,2026,N1,PVALID,padding_fraction,T3,AVAILABLE,,192.0,pooled_outer_test_folds,808.0,0.5033029440399923,0.5307415514616869,0.2633404857791597,0.09332783551662223,0.07194497118377485,standardized_outer_train,5.0,0.48760567931667975,0.24499914095728448,0.14913469283616082
final,2026,N1,PVALID,padding_fraction,macro,AVAILABLE,,192.0,mean_of_pooled_endpoint_metrics,3232.0,0.5250389189468154,0.49438795123962087,0.22410232533637744,0.09160942721135779,0.06838762205552733,standardized_outer_train,5.0,0.5188819998670902,0.22043734865417974,0.07358831869415489
final,2026,N1,PVALID,resize_anisotropy,T0,AVAILABLE,,192.0,pooled_outer_test_folds,808.0,0.29604151455843314,0.33333936941469333,0.07681902826703946,0.32384956707398926,0.22284780126540552,standardized_outer_train,5.0,0.29371993578371525,0.06696359311590547,0.04403054663805651
final,2026,N1,PVALID,resize_anisotropy,T1,AVAILABLE,,192.0,pooled_outer_test_folds,808.0,0.23265583285634006,0.24866111012154368,0.04447420333097474,0.32935637816923324,0.221167381877171,standardized_outer_train,5.0,0.2515142616501708,0.03974062012894353,0.03176552500495783
final,2026,N1,PVALID,resize_anisotropy,T2,AVAILABLE,,192.0,pooled_outer_test_folds,808.0,0.3345455933086369,0.36761290769656785,0.12167691249578516,0.3165835685299491,0.21214960220264775,standardized_outer_train,5.0,0.3387947817428337,0.10665380367809305,0.08768126214956623
final,2026,N1,PVALID,resize_anisotropy,T3,AVAILABLE,,192.0,pooled_outer_test_folds,808.0,0.3000885700648447,0.3479321317350933,0.1182518857696353,0.3151269382209944,0.21280360224226702,standardized_outer_train,5.0,0.30537002401895375,0.10584643184712306,0.04554392449776884
final,2026,N1,PVALID,resize_anisotropy,macro,AVAILABLE,,192.0,mean_of_pooled_endpoint_metrics,3232.0,0.2908328776970637,0.32438637974197454,0.09030550746585866,0.3212291129985415,0.21724209689687282,standardized_outer_train,5.0,0.29734975079891834,0.07980111219251626,0.04081866997606358
final,2026,N1,PVALID,valid_source_fraction,T0,AVAILABLE,,192.0,pooled_outer_test_folds,808.0,0.6104402049461501,0.5983647938631367,0.35773069611422015,0.07328432692576142,0.0549945039030076,standardized_outer_train,5.0,0.607611050436056,0.35606027561163633,0.10714338278920477
final,2026,N1,PVALID,valid_source_fraction,T1,AVAILABLE,,192.0,pooled_outer_test_folds,808.0,0.43980807011963025,0.369617102080443,0.10451800254062338,0.10144966103612868,0.07540702451483439,standardized_outer_train,5.0,0.43515646953520726,0.10615716211040296,0.10620368389172206
final,2026,N1,PVALID,valid_source_fraction,T2,AVAILABLE,,192.0,pooled_outer_test_folds,808.0,0.5466024657595411,0.47882754742947,0.17081888442106996,0.09837595806432856,0.07120405309919112,standardized_outer_train,5.0,0.5451548001804172,0.17453160382785549,0.17000960586566877
final,2026,N1,PVALID,valid_source_fraction,T3,AVAILABLE,,192.0,pooled_outer_test_folds,808.0,0.5033028985390527,0.5307415344068068,0.26334041044613354,0.09332784028861524,0.07194497327677855,standardized_outer_train,5.0,0.48760567931667975,0.24499899344494777,0.14913524599464642
final,2026,N1,PVALID,valid_source_fraction,macro,AVAILABLE,,192.0,mean_of_pooled_endpoint_metrics,3232.0,0.5250384098410935,0.49438774444496414,0.22410199838051176,0.09160944657870847,0.06838763869845291,standardized_outer_train,5.0,0.5188819998670902,0.22043700874871064,0.07358879177634033
final,2026,N3,P0,acquisition_fov_x_mm,T0,AVAILABLE,,192.0,pooled_outer_test_folds,808.0,0.5190828452258618,0.5940146265946776,0.3339877419126991,52.96936806462133,39.34352804740504,standardized_outer_train,5.0,0.5236573391533164,0.3322314850129417,0.047411058162383155
final,2026,N3,P0,acquisition_fov_x_mm,T1,AVAILABLE,,192.0,pooled_outer_test_folds,808.0,0.5143648304804572,0.5736745434407788,0.3094144359977745,54.32646300576553,41.06035832768346,standardized_outer_train,5.0,0.516639437829064,0.30791939053913897,0.048058375077788096
final,2026,N3,P0,acquisition_fov_x_mm,T2,AVAILABLE,,192.0,pooled_outer_test_folds,808.0,0.49289783801986686,0.5460883496271285,0.28504414175110426,55.936190797031635,40.93723787056385,standardized_outer_train,5.0,0.48820580417575304,0.28435996092961224,0.0392297655987986
final,2026,N3,P0,acquisition_fov_x_mm,T3,AVAILABLE,,192.0,pooled_outer_test_folds,808.0,0.473995542278085,0.581428135765323,0.3304167644989102,53.267946621876405,39.416861086129295,standardized_outer_train,5.0,0.4751498346313222,0.32747368035600255,0.14872681824665468
final,2026,N3,P0,acquisition_fov_x_mm,macro,AVAILABLE,,192.0,mean_of_pooled_endpoint_metrics,3232.0,0.5000852640010678,0.573801413856977,0.31471577104012205,54.124992122323725,40.18949633294541,standardized_outer_train,5.0,0.500913103947364,0.31299612920942393,0.05958060450464272
final,2026,N3,P0,acquisition_fov_y_mm,T0,AVAILABLE,,192.0,pooled_outer_test_folds,808.0,0.519129800299443,0.5940147212293753,0.3339878902754476,52.969362016926254,39.34352249794062,standardized_outer_train,5.0,0.5237356619419271,0.33223160637491367,0.047410826872872625
final,2026,N3,P0,acquisition_fov_y_mm,T1,AVAILABLE,,192.0,pooled_outer_test_folds,808.0,0.5144675346192411,0.5736744331485738,0.3094142679646048,54.326469627690386,41.06037085912859,standardized_outer_train,5.0,0.5169147122558658,0.3079192053589769,0.048058501215586795
final,2026,N3,P0,acquisition_fov_y_mm,T2,AVAILABLE,,192.0,pooled_outer_test_folds,808.0,0.49316091409929447,0.546088338166527,0.28504412437158777,55.93619142143123,40.937239585959354,standardized_outer_train,5.0,0.4884039671771176,0.2843599574402832,0.03922976209022729
final,2026,N3,P0,acquisition_fov_y_mm,T3,AVAILABLE,,192.0,pooled_outer_test_folds,808.0,0.47400433583657936,0.5814281047036837,0.3304167185227983,53.26794838126301,39.41686148536205,standardized_outer_train,5.0,0.4752353832853746,0.32747363380241645,0.14872677853151245
final,2026,N3,P0,acquisition_fov_y_mm,macro,AVAILABLE,,192.0,mean_of_pooled_endpoint_metrics,3232.0,0.5001906462136395,0.57380139931204,0.31471575028360965,54.12499286182772,40.18949860709765,standardized_outer_train,5.0,0.5010724311650714,0.31299610074414747,0.059580595399435006
final,2026,N3,P0,acquisition_fov_z_mm,T0,AVAILABLE,,192.0,pooled_outer_test_folds,808.0,0.274051093327946,0.38511508850071874,0.1303369939158897,10.17632977092326,6.637368914217636,standardized_outer_train,5.0,0.27577391844087024,0.12719024635234294,0.04707978199004993
final,2026,N3,P0,acquisition_fov_z_mm,T1,AVAILABLE,,192.0,pooled_outer_test_folds,808.0,0.22125094469149667,0.16843986251801055,-0.026447221091002948,11.742408049860211,7.187550556111896,standardized_outer_train,5.0,0.20635276239386985,-0.02627994637273312,0.0362374317313816
final,2026,N3,P0,acquisition_fov_z_mm,T2,AVAILABLE,,192.0,pooled_outer_test_folds,808.0,0.24709220283263666,0.13989658049327022,-0.06544083200105066,12.435240410321223,7.616872901983785,standardized_outer_train,5.0,0.2550634182642716,-0.06902151937730709,0.15377890356249832
final,2026,N3,P0,acquisition_fov_z_mm,T3,AVAILABLE,,192.0,pooled_outer_test_folds,808.0,0.22847111774731824,0.3254992681338921,0.09507923957872777,11.002157004047575,6.673262862343486,standardized_outer_train,5.0,0.2341333022678977,0.07818295266613198,0.146391696701482
final,2026,N3,P0,acquisition_fov_z_mm,macro,AVAILABLE,,192.0,mean_of_pooled_endpoint_metrics,3232.0,0.2427163396498494,0.2547376999114729,0.03338204510064097,11.339033808788066,7.028763808664201,standardized_outer_train,5.0,0.24283085034172727,0.027517933317108657,0.08061697748117824
final,2026,N3,P0,max_resample_factor,T0,AVAILABLE,,192.0,pooled_outer_test_folds,808.0,0.34184416585452304,0.29274529013543016,0.051029896981966805,0.29256380332624876,0.2150587038355313,standardized_outer_train,5.0,0.3430714337869748,0.05225180978512124,0.04855255489101883
final,2026,N3,P0,max_resample_factor,T1,AVAILABLE,,192.0,pooled_outer_test_folds,808.0,0.3798940785076407,0.33285804520028833,0.09332153970574086,0.2846037398905361,0.2153144715855364,standardized_outer_train,5.0,0.38011876414309703,0.09218865852979709,0.06598844123146093
final,2026,N3,P0,max_resample_factor,T2,AVAILABLE,,192.0,pooled_outer_test_folds,808.0,0.39409756209670244,0.38108179810928927,0.1389620706470729,0.27713073103422337,0.2098390420651574,standardized_outer_train,5.0,0.3929376719346668,0.13800837788662193,0.06502471442624912
final,2026,N3,P0,max_resample_factor,T3,AVAILABLE,,192.0,pooled_outer_test_folds,808.0,0.3863627913151981,0.3432223548566165,0.10715032223817811,0.2796570582543503,0.2133922101537407,standardized_outer_train,5.0,0.3720038788949293,0.10805488782485928,0.08633172741454563
final,2026,N3,P0,max_resample_factor,macro,AVAILABLE,,192.0,mean_of_pooled_endpoint_metrics,3232.0,0.37554964944351604,0.33747687207540605,0.09761595739323967,0.28348883312633966,0.21340110690999142,standardized_outer_train,5.0,0.372032937189917,0.09762593350659989,0.04429570954596741
final,2026,N3,P0,native_spacing_x_mm,T0,AVAILABLE,,192.0,pooled_outer_test_folds,808.0,0.4977513139325465,0.425741316898299,0.16298934409007804,0.13668138141142974,0.09151204706614827,standardized_outer_train,5.0,0.5117021388854475,0.15775694366597198,0.06310103895063185
final,2026,N3,P0,native_spacing_x_mm,T1,AVAILABLE,,192.0,pooled_outer_test_folds,808.0,0.49620741957235087,0.4187161198280773,0.14496688486295362,0.13667117514023794,0.09151559437999661,standardized_outer_train,5.0,0.5076267979627811,0.134030770566012,0.09986484450237718
final,2026,N3,P0,native_spacing_x_mm,T2,AVAILABLE,,192.0,pooled_outer_test_folds,808.0,0.49422615423257904,0.3976807644573678,0.14952154257804207,0.1356921168074539,0.09020113383654253,standardized_outer_train,5.0,0.50700151938233,0.14047096802279624,0.0716578511382199
final,2026,N3,P0,native_spacing_x_mm,T3,AVAILABLE,,192.0,pooled_outer_test_folds,808.0,0.4942167953600503,0.43055012395013215,0.16024706000104538,0.13403829207347898,0.08871816226068073,standardized_outer_train,5.0,0.4956890763609664,0.14225743727740375,0.19221395297252206
final,2026,N3,P0,native_spacing_x_mm,macro,AVAILABLE,,192.0,mean_of_pooled_endpoint_metrics,3232.0,0.49560042077438166,0.41817208128346905,0.15443120788302978,0.13577074135815015,0.09048673438584204,standardized_outer_train,5.0,0.5055048831478812,0.143629029883046,0.08992510859430153
final,2026,N3,P0,native_spacing_y_mm,T0,AVAILABLE,,192.0,pooled_outer_test_folds,808.0,0.49780062659710045,0.42574142154209804,0.16298944608146548,0.13668137276986872,0.09151204143344027,standardized_outer_train,5.0,0.5118082269398905,0.15775701754187205,0.06310110547692238
final,2026,N3,P0,native_spacing_y_mm,T1,AVAILABLE,,192.0,pooled_outer_test_folds,808.0,0.496303826733898,0.4187163470753926,0.1449671317016522,0.1366711553771143,0.09151558777175794,standardized_outer_train,5.0,0.5079197894621317,0.13403104893689152,0.0998642889836384
final,2026,N3,P0,native_spacing_y_mm,T2,AVAILABLE,,192.0,pooled_outer_test_folds,808.0,0.49431535484560285,0.3976808333561233,0.14952161718495094,0.1356921107250402,0.09020113019114585,standardized_outer_train,5.0,0.5071106754252233,0.14047103789286813,0.07165787531212302
final,2026,N3,P0,native_spacing_y_mm,T3,AVAILABLE,,192.0,pooled_outer_test_folds,808.0,0.49437189935899395,0.4305501201334646,0.16024705744668344,0.1340382920139297,0.08871816222576001,standardized_outer_train,5.0,0.49591789552085813,0.14225743351281164,0.19221392050365677
final,2026,N3,P0,native_spacing_y_mm,macro,AVAILABLE,,192.0,mean_of_pooled_endpoint_metrics,3232.0,0.4956979268838988,0.41817218052676963,0.15443131310368802,0.13577073272148824,0.09048673040552602,standardized_outer_train,5.0,0.5056891468370258,0.14362913447111086,0.08992512737495897
final,2026,N3,P0,native_spacing_z_mm,T0,AVAILABLE,,192.0,pooled_outer_test_folds,808.0,0.4473137628583486,0.46295388529074577,0.1952675690363571,0.488367453650271,0.3995858214278163,standardized_outer_train,5.0,0.4501204284585912,0.19547758824789863,0.05430467553751328
final,2026,N3,P0,native_spacing_z_mm,T1,AVAILABLE,,192.0,pooled_outer_test_folds,808.0,0.42909310549638435,0.450029214462406,0.1817186214564629,0.49272044678464494,0.40177612309825383,standardized_outer_train,5.0,0.4273685198428943,0.18014263854302565,0.05385086428229707
final,2026,N3,P0,native_spacing_z_mm,T2,AVAILABLE,,192.0,pooled_outer_test_folds,808.0,0.39962356876719973,0.4021735521046973,0.14095467942561413,0.5031649732837857,0.4157391061191637,standardized_outer_train,5.0,0.39492843835832386,0.1414101629035063,0.06889489532207171
final,2026,N3,P0,native_spacing_z_mm,T3,AVAILABLE,,192.0,pooled_outer_test_folds,808.0,0.4307907347944527,0.43702236958825924,0.17150069640950272,0.49678473856374245,0.40318826726029877,standardized_outer_train,5.0,0.435046012615283,0.17364124737701717,0.1435070140085092
final,2026,N3,P0,native_spacing_z_mm,macro,AVAILABLE,,192.0,mean_of_pooled_endpoint_metrics,3232.0,0.4267052929790964,0.4380447553615271,0.1723603915819842,0.49525940307061106,0.40507232947638316,standardized_outer_train,5.0,0.42686584981877307,0.17266790926786194,0.0684991045860845
final,2026,N3,P0,padding_fraction,T0,AVAILABLE,,192.0,pooled_outer_test_folds,808.0,0.533577994521855,0.540177068241479,0.28373163137386825,0.07739099077990627,0.059873361488681665,standardized_outer_train,5.0,0.531224650680887,0.27645280830743674,0.09111455318576318
final,2026,N3,P0,padding_fraction,T1,AVAILABLE,,192.0,pooled_outer_test_folds,808.0,0.45325776850906185,0.4148969609909446,0.1405211346163765,0.09938933196825142,0.07305263211964282,standardized_outer_train,5.0,0.45816894062422736,0.1459679366877801,0.06610016360292761
final,2026,N3,P0,padding_fraction,T2,AVAILABLE,,192.0,pooled_outer_test_folds,808.0,0.43918450371492657,0.43455025602647035,0.17033208341921424,0.0984048314234088,0.07619736546073719,standardized_outer_train,5.0,0.4422329914764517,0.1701789025526625,0.08968868333134883
final,2026,N3,P0,padding_fraction,T3,AVAILABLE,,192.0,pooled_outer_test_folds,808.0,0.45214249523128436,0.4416832318063714,0.1613412118056936,0.09957961518454997,0.07535371973579218,standardized_outer_train,5.0,0.45049331031520295,0.15564697228248026,0.10959226727036572
final,2026,N3,P0,padding_fraction,macro,AVAILABLE,,192.0,mean_of_pooled_endpoint_metrics,3232.0,0.46954069049428193,0.4578268792663163,0.18898151530378815,0.09369119233902912,0.07111926970121346,standardized_outer_train,5.0,0.4705299732741922,0.18706165495758992,0.0614020963268094
final,2026,N3,P0,resize_anisotropy,T0,AVAILABLE,,192.0,pooled_outer_test_folds,808.0,0.3444889499056618,0.31122015429412897,0.08398924216778425,0.32258946903734004,0.21050514526377848,standardized_outer_train,5.0,0.34105803025980913,0.0802243734665771,0.05622629316734158
final,2026,N3,P0,resize_anisotropy,T1,AVAILABLE,,192.0,pooled_outer_test_folds,808.0,0.27709486686653995,0.2803874353831739,0.06217199823485209,0.3262920315683391,0.2167655672963211,standardized_outer_train,5.0,0.2789941980669645,0.05408770920199453,0.05122645234798025
final,2026,N3,P0,resize_anisotropy,T2,AVAILABLE,,192.0,pooled_outer_test_folds,808.0,0.3033410266343289,0.3363658446282396,0.10204648182575604,0.3201018240943387,0.21044219472337594,standardized_outer_train,5.0,0.3079509830168259,0.09097354802277706,0.07712848182596971
final,2026,N3,P0,resize_anisotropy,T3,AVAILABLE,,192.0,pooled_outer_test_folds,808.0,0.31407653834145577,0.31187538353384714,0.08252516384964903,0.3214477134785343,0.2117563340256441,standardized_outer_train,5.0,0.31480256139084023,0.07439591623814792,0.06840651575308122
final,2026,N3,P0,resize_anisotropy,macro,AVAILABLE,,192.0,mean_of_pooled_endpoint_metrics,3232.0,0.30975034543699664,0.3099622044598474,0.08268322151951035,0.32260775954463805,0.2123673103272799,standardized_outer_train,5.0,0.31070144318361,0.07492038673237414,0.047700681302890936
final,2026,N3,P0,valid_source_fraction,T0,AVAILABLE,,192.0,pooled_outer_test_folds,808.0,0.5335760831939053,0.5401775143085887,0.28373214634118227,0.07739096295944152,0.05987332965173641,standardized_outer_train,5.0,0.531224650680887,0.2764533814758115,0.09111380556296886
final,2026,N3,P0,valid_source_fraction,T1,AVAILABLE,,192.0,pooled_outer_test_folds,808.0,0.45325776850906185,0.41489703055669486,0.1405211878951791,0.09938932888769593,0.07305259706660355,standardized_outer_train,5.0,0.45816894062422736,0.14596800165778057,0.06610025945263825
final,2026,N3,P0,valid_source_fraction,T2,AVAILABLE,,192.0,pooled_outer_test_folds,808.0,0.43918450371492657,0.4345502065746457,0.1703320266270445,0.09840483479139718,0.0761973824487402,standardized_outer_train,5.0,0.4422329914764517,0.17017883285358784,0.08968844459684752
final,2026,N3,P0,valid_source_fraction,T3,AVAILABLE,,192.0,pooled_outer_test_folds,808.0,0.45214249523128436,0.44168328680145463,0.16134127450699942,0.0995796114620754,0.07535371687500317,standardized_outer_train,5.0,0.45049331031520295,0.15564704019442177,0.10959227095229677
final,2026,N3,P0,valid_source_fraction,macro,AVAILABLE,,192.0,mean_of_pooled_endpoint_metrics,3232.0,0.4695402126622945,0.457827009560346,0.18898165884260132,0.0936911845251525,0.07111925651052084,standardized_outer_train,5.0,0.4705299732741922,0.1870618140454004,0.06140187306499697
final,2026,N3,PLOCAL,acquisition_fov_x_mm,T0,AVAILABLE,,192.0,pooled_outer_test_folds,808.0,0.3686648237806896,0.40347306977313063,0.13784758350049586,60.266463227158305,45.508275734346135,standardized_outer_train,5.0,0.3692971762509891,0.13589268971983767,0.08089840831875302
final,2026,N3,PLOCAL,acquisition_fov_x_mm,T1,AVAILABLE,,192.0,pooled_outer_test_folds,808.0,0.3448640283830616,0.36312909530822896,0.12056749028386804,61.306135513207444,46.8342171439681,standardized_outer_train,5.0,0.3485713639201162,0.11755851363023548,0.041744273200430164
final,2026,N3,PLOCAL,acquisition_fov_x_mm,T2,AVAILABLE,,192.0,pooled_outer_test_folds,808.0,0.30456278885894833,0.297897388098086,0.0592279222145603,64.16459877891401,48.560020412383494,standardized_outer_train,5.0,0.315496315023219,0.05018659821066697,0.149778385250914
final,2026,N3,PLOCAL,acquisition_fov_x_mm,T3,AVAILABLE,,192.0,pooled_outer_test_folds,808.0,0.3094106683431042,0.2852574316333676,0.06915654623821244,62.806124321500555,47.00996293803858,standardized_outer_train,5.0,0.3212022137969907,0.06569926891385389,0.05356895914075711
final,2026,N3,PLOCAL,acquisition_fov_x_mm,macro,AVAILABLE,,192.0,mean_of_pooled_endpoint_metrics,3232.0,0.33187557734145096,0.3374392462032033,0.09669988555928416,62.13583046019508,46.978119057184074,standardized_outer_train,5.0,0.3386417672478288,0.09233426761864852,0.05422730115506133
final,2026,N3,PLOCAL,acquisition_fov_y_mm,T0,AVAILABLE,,192.0,pooled_outer_test_folds,808.0,0.36890963646043984,0.4034730571028596,0.13784757329949526,60.2664634154287,45.50827529070723,standardized_outer_train,5.0,0.36964551315623356,0.1358926789935568,0.08089842121850113
final,2026,N3,PLOCAL,acquisition_fov_y_mm,T1,AVAILABLE,,192.0,pooled_outer_test_folds,808.0,0.34510572741376505,0.3631291162495031,0.12056750406425987,61.30613504707216,46.834215177788884,standardized_outer_train,5.0,0.34884041374144725,0.11755852516494592,0.041744277881943084
final,2026,N3,PLOCAL,acquisition_fov_y_mm,T2,AVAILABLE,,192.0,pooled_outer_test_folds,808.0,0.30475360580948435,0.2978972210060111,0.05922778512523752,64.16460339032487,48.56002472955792,standardized_outer_train,5.0,0.31564692091659197,0.050186450642465075,0.14977842134613895
final,2026,N3,PLOCAL,acquisition_fov_y_mm,T3,AVAILABLE,,192.0,pooled_outer_test_folds,808.0,0.3093062230271135,0.28525741413100725,0.0691565292480869,62.80612481285204,47.00996334291436,standardized_outer_train,5.0,0.3209504283878536,0.0656992516667284,0.053568991610171306
final,2026,N3,PLOCAL,acquisition_fov_y_mm,macro,AVAILABLE,,192.0,mean_of_pooled_endpoint_metrics,3232.0,0.3320187981777007,0.33743920212234524,0.09669984793426989,62.13583166641944,46.978119635242095,standardized_outer_train,5.0,0.3387708190505316,0.09233422661692406,0.05422729579664964
final,2026,N3,PLOCAL,acquisition_fov_z_mm,T0,AVAILABLE,,192.0,pooled_outer_test_folds,808.0,0.18147134739636353,0.15994599748833824,-0.014840446814138986,10.992957726505546,6.936589987153787,standardized_outer_train,5.0,0.1860873671473889,-0.01519993721858868,0.06449916019987535
final,2026,N3,PLOCAL,acquisition_fov_z_mm,T1,AVAILABLE,,192.0,pooled_outer_test_folds,808.0,0.20771180592864602,0.20624726352242156,0.03738094305885431,11.371456228914798,7.0260129847738515,standardized_outer_train,5.0,0.22080112037128194,0.02973498827073342,0.03990519926260958
final,2026,N3,PLOCAL,acquisition_fov_z_mm,T2,AVAILABLE,,192.0,pooled_outer_test_folds,808.0,0.19069609100888107,0.15403629092206672,-0.0011698641160611256,12.054339028417298,7.458092227679183,standardized_outer_train,5.0,0.2029639145417887,0.0016671615245851597,0.04034334443506275
final,2026,N3,PLOCAL,acquisition_fov_z_mm,T3,AVAILABLE,,192.0,pooled_outer_test_folds,808.0,0.11968385658520952,0.12040758618440783,-0.02860401525973444,11.729963748501776,7.093579849568848,standardized_outer_train,5.0,0.12400304778119291,-0.029776189213831385,0.051576822249385194
final,2026,N3,PLOCAL,acquisition_fov_z_mm,macro,AVAILABLE,,192.0,mean_of_pooled_endpoint_metrics,3232.0,0.17489077522977503,0.16015928452930858,-0.00180834578277006,11.537179183084854,7.1285687622939164,standardized_outer_train,5.0,0.18346386246041313,-0.00339349415927538,0.021916663771163025
final,2026,N3,PLOCAL,max_resample_factor,T0,AVAILABLE,,192.0,pooled_outer_test_folds,808.0,0.2821784036943647,0.21570309253888081,0.035707374676764436,0.2949162823989579,0.22503815696379698,standardized_outer_train,5.0,0.3093160639120689,0.03366249961446504,0.026424586072204072
final,2026,N3,PLOCAL,max_resample_factor,T1,AVAILABLE,,192.0,pooled_outer_test_folds,808.0,0.2549467703350374,0.2176273683743199,0.0369711437071647,0.29331454789950356,0.22648276126204406,standardized_outer_train,5.0,0.2532647800196983,0.034797168727296914,0.039933614652003166
final,2026,N3,PLOCAL,max_resample_factor,T2,AVAILABLE,,192.0,pooled_outer_test_folds,808.0,0.25295858468550286,0.21572082784120805,0.03705049595679344,0.29307265780852493,0.2263632813749169,standardized_outer_train,5.0,0.253011480352931,0.03253712028209166,0.036614501173751965
final,2026,N3,PLOCAL,max_resample_factor,T3,AVAILABLE,,192.0,pooled_outer_test_folds,808.0,0.2547133010109199,0.2300857036882371,0.048382428156401036,0.28871399635133216,0.2231552215554851,standardized_outer_train,5.0,0.25156876446365306,0.04550930987615554,0.047892883512381655
final,2026,N3,PLOCAL,max_resample_factor,macro,AVAILABLE,,192.0,mean_of_pooled_endpoint_metrics,3232.0,0.26119926493145623,0.21978424811066147,0.0395278606242809,0.2925043711145796,0.22525985528906076,standardized_outer_train,5.0,0.26679027218708784,0.036626524625002245,0.023911229545834526
final,2026,N3,PLOCAL,native_spacing_x_mm,T0,AVAILABLE,,192.0,pooled_outer_test_folds,808.0,0.36081013946475426,0.2870590210467844,0.044546515234498596,0.14603220415985627,0.10098947403877936,standardized_outer_train,5.0,0.3642341473998254,0.045039078013623196,0.09932285985330609
final,2026,N3,PLOCAL,native_spacing_x_mm,T1,AVAILABLE,,192.0,pooled_outer_test_folds,808.0,0.3481990029297198,0.29177275548334153,0.07436878711940476,0.14220159134399366,0.09782666404428977,standardized_outer_train,5.0,0.3540625820427844,0.062483148540980846,0.054335061842271076
final,2026,N3,PLOCAL,native_spacing_x_mm,T2,AVAILABLE,,192.0,pooled_outer_test_folds,808.0,0.3082386883204008,0.23587661729197412,0.021552765823431685,0.14554311435909525,0.10174342857774997,standardized_outer_train,5.0,0.31850502064491926,-0.007176118868190265,0.1768345819207188
final,2026,N3,PLOCAL,native_spacing_x_mm,T3,AVAILABLE,,192.0,pooled_outer_test_folds,808.0,0.2815431174566846,0.21495131588740915,0.015068313579053694,0.14516307977664364,0.09973950478348091,standardized_outer_train,5.0,0.29556712133013774,0.0038952776197898665,0.08978607970663563
final,2026,N3,PLOCAL,native_spacing_x_mm,macro,AVAILABLE,,192.0,mean_of_pooled_endpoint_metrics,3232.0,0.32469773704288984,0.2574149274273773,0.03888409543909718,0.1447349974098972,0.10007476786107501,standardized_outer_train,5.0,0.33309221785441673,0.02606034632655092,0.06740703860026952
final,2026,N3,PLOCAL,native_spacing_y_mm,T0,AVAILABLE,,192.0,pooled_outer_test_folds,808.0,0.3609520008387131,0.2870590424980048,0.04454653415284382,0.14603220237850612,0.10098947268707129,standardized_outer_train,5.0,0.3644755943296057,0.04503909238668184,0.09932282675177231
final,2026,N3,PLOCAL,native_spacing_y_mm,T1,AVAILABLE,,192.0,pooled_outer_test_folds,808.0,0.3483905573198409,0.29177274984379764,0.0743687822272453,0.1422015916829584,0.09782666276571311,standardized_outer_train,5.0,0.3541407498945712,0.06248314321345144,0.05433506922445203
final,2026,N3,PLOCAL,native_spacing_y_mm,T2,AVAILABLE,,192.0,pooled_outer_test_folds,808.0,0.30819467608722445,0.23587663005341847,0.021552773799946245,0.14554311362563252,0.10174342709899065,standardized_outer_train,5.0,0.31852093252010727,-0.00717611458537806,0.17683459206223437
final,2026,N3,PLOCAL,native_spacing_y_mm,T3,AVAILABLE,,192.0,pooled_outer_test_folds,808.0,0.28130513091580295,0.21495139460893195,0.015068314383312242,0.1451630794321059,0.0997395020951253,standardized_outer_train,5.0,0.29509981339015673,0.0038952784668709996,0.08978607689874175
final,2026,N3,PLOCAL,native_spacing_y_mm,macro,AVAILABLE,,192.0,mean_of_pooled_endpoint_metrics,3232.0,0.32471059129039537,0.2574149542510382,0.0388841011408369,0.14473499677980076,0.10007476616172509,standardized_outer_train,5.0,0.33305927253361023,0.026060349870406563,0.06740704400489624
final,2026,N3,PLOCAL,native_spacing_z_mm,T0,AVAILABLE,,192.0,pooled_outer_test_folds,808.0,0.3154658224259808,0.3119278606223085,0.08642043231934948,0.5203483125563987,0.44327279177167794,standardized_outer_train,5.0,0.32510655745578687,0.08704309410165664,0.05875832916389179
final,2026,N3,PLOCAL,native_spacing_z_mm,T1,AVAILABLE,,192.0,pooled_outer_test_folds,808.0,0.2993386389457279,0.29331284125372636,0.06992653184378561,0.5253005779410853,0.4474516126726516,standardized_outer_train,5.0,0.3010341460978359,0.0690389733655116,0.07469275401078912
final,2026,N3,PLOCAL,native_spacing_z_mm,T2,AVAILABLE,,192.0,pooled_outer_test_folds,808.0,0.2536920081195843,0.27162070451931924,0.06345776268754366,0.5253709402377169,0.4527885477880553,standardized_outer_train,5.0,0.2533588445577896,0.06280337862109374,0.05243500170180899
final,2026,N3,PLOCAL,native_spacing_z_mm,T3,AVAILABLE,,192.0,pooled_outer_test_folds,808.0,0.29914662821799115,0.2925432408499141,0.05234691191405172,0.5313086210956566,0.4505905982628911,standardized_outer_train,5.0,0.3061306800951516,0.05139191337862999,0.06958146273858395
final,2026,N3,PLOCAL,native_spacing_z_mm,macro,AVAILABLE,,192.0,mean_of_pooled_endpoint_metrics,3232.0,0.29191077442732105,0.29235116181131704,0.06803790969118262,0.5255821129577144,0.44852588762381895,standardized_outer_train,5.0,0.296407557051641,0.06756933986672298,0.03831750021488408
final,2026,N3,PLOCAL,padding_fraction,T0,AVAILABLE,,192.0,pooled_outer_test_folds,808.0,0.4115016604163157,0.38269435384635697,0.10159569139552505,0.08667391891554917,0.06581293023445248,standardized_outer_train,5.0,0.41424642344428975,0.09061762815449682,0.11406947061116901
final,2026,N3,PLOCAL,padding_fraction,T1,AVAILABLE,,192.0,pooled_outer_test_folds,808.0,0.5079383088333944,0.47447300064350584,0.21179479722571493,0.09517914939793093,0.07045468085826162,standardized_outer_train,5.0,0.5102387886637689,0.20669151929347515,0.11084887375071543
final,2026,N3,PLOCAL,padding_fraction,T2,AVAILABLE,,192.0,pooled_outer_test_folds,808.0,0.516954020246431,0.4930140370810328,0.23422485484823452,0.09453984953375677,0.07173220584167157,standardized_outer_train,5.0,0.5152298564085506,0.23345734589110778,0.05617439923961626
final,2026,N3,PLOCAL,padding_fraction,T3,AVAILABLE,,192.0,pooled_outer_test_folds,808.0,0.507517650571247,0.46782932594758875,0.20703902663183915,0.09682861039516363,0.07340917532196582,standardized_outer_train,5.0,0.49798675804469295,0.19910847960932865,0.09533548064361358
final,2026,N3,PLOCAL,padding_fraction,macro,AVAILABLE,,192.0,mean_of_pooled_endpoint_metrics,3232.0,0.4859779100168471,0.4545026793796211,0.1886635925253284,0.09330538206060013,0.07035224806408788,standardized_outer_train,5.0,0.4844254566403256,0.1824687432371021,0.07645196670405466
final,2026,N3,PLOCAL,resize_anisotropy,T0,AVAILABLE,,192.0,pooled_outer_test_folds,808.0,0.18477834646659377,0.1803938120512154,-0.029531831759670446,0.3419950247564886,0.23098394871677413,standardized_outer_train,5.0,0.185166167068487,-0.04367880859160186,0.09318810513992719
final,2026,N3,PLOCAL,resize_anisotropy,T1,AVAILABLE,,192.0,pooled_outer_test_folds,808.0,0.1454176556117381,0.1560070199033057,0.010232712817186962,0.3352057177377157,0.22350859570526457,standardized_outer_train,5.0,0.14887836895007275,0.0051465932697117005,0.05685801739439266
final,2026,N3,PLOCAL,resize_anisotropy,T2,AVAILABLE,,192.0,pooled_outer_test_folds,808.0,0.1322004145093927,0.16891741798484633,0.00968420422126881,0.33616157813851266,0.22422446099074061,standardized_outer_train,5.0,0.14118876467845537,-0.006164194772153598,0.09766419512121402
final,2026,N3,PLOCAL,resize_anisotropy,T3,AVAILABLE,,192.0,pooled_outer_test_folds,808.0,0.16973394069164788,0.22170734639442258,0.031076253804478093,0.33033763859389,0.22483999827681148,standardized_outer_train,5.0,0.15128131105669254,0.010823615068567138,0.10498426492740151
final,2026,N3,PLOCAL,resize_anisotropy,macro,AVAILABLE,,192.0,mean_of_pooled_endpoint_metrics,3232.0,0.1580325893198431,0.18175639908344748,0.005365334770815855,0.33592498980665175,0.2258892509223977,standardized_outer_train,5.0,0.15662865293842693,-0.008468198756369139,0.0677366936250437
final,2026,N3,PLOCAL,valid_source_fraction,T0,AVAILABLE,,192.0,pooled_outer_test_folds,808.0,0.4115016604163157,0.3826943507334599,0.10159569490151465,0.0866739187464283,0.06581293001164641,standardized_outer_train,5.0,0.41424642344428975,0.09061763262083447,0.11406946603780369
final,2026,N3,PLOCAL,valid_source_fraction,T1,AVAILABLE,,192.0,pooled_outer_test_folds,808.0,0.5079383088333944,0.47447300818985655,0.21179480451464794,0.09517914895784602,0.07045468097055436,standardized_outer_train,5.0,0.5102387886637689,0.20669152855793685,0.11084888896846819
final,2026,N3,PLOCAL,valid_source_fraction,T2,AVAILABLE,,192.0,pooled_outer_test_folds,808.0,0.516954020246431,0.4930140382933317,0.23422485608824906,0.09453984945721292,0.07173220602097284,standardized_outer_train,5.0,0.5152298564085506,0.2334573471915553,0.05617439950915693
final,2026,N3,PLOCAL,valid_source_fraction,T3,AVAILABLE,,192.0,pooled_outer_test_folds,808.0,0.507517650571247,0.4678293632117125,0.20703906823991258,0.09682860785477884,0.07340917316625525,standardized_outer_train,5.0,0.49798675804469295,0.19910851878169075,0.09533548661501043
final,2026,N3,PLOCAL,valid_source_fraction,macro,AVAILABLE,,192.0,mean_of_pooled_endpoint_metrics,3232.0,0.4859779100168471,0.45450269010709016,0.18866360593608106,0.09330538125406651,0.07035224754235722,standardized_outer_train,5.0,0.4844254566403256,0.18246875678800434,0.07645198772328153
final,2026,N3,PVALID,acquisition_fov_x_mm,T0,AVAILABLE,,192.0,pooled_outer_test_folds,808.0,0.5919548841813367,0.65563966715746,0.42541293070913255,49.19960370519145,37.1412617039153,standardized_outer_train,5.0,0.5924121123571883,0.4248350753667979,0.06898803264271941
final,2026,N3,PVALID,acquisition_fov_x_mm,T1,AVAILABLE,,192.0,pooled_outer_test_folds,808.0,0.5702916335832533,0.5920282804735402,0.33618007313813514,53.263269972911864,39.038195258937414,standardized_outer_train,5.0,0.5684092630532148,0.3376600087374368,0.05065119951004158
final,2026,N3,PVALID,acquisition_fov_x_mm,T2,AVAILABLE,,192.0,pooled_outer_test_folds,808.0,0.5351194345655533,0.5947912185827255,0.3432978701720144,53.60897280735094,39.74417540291983,standardized_outer_train,5.0,0.5313809110762973,0.34155188999084385,0.030729406097996625
final,2026,N3,PVALID,acquisition_fov_x_mm,T3,AVAILABLE,,192.0,pooled_outer_test_folds,808.0,0.5689931345303982,0.6164227654872921,0.3683181912963466,51.7383834471765,37.23022737394872,standardized_outer_train,5.0,0.5665348009303076,0.3711930251348485,0.1016037623478752
final,2026,N3,PVALID,acquisition_fov_x_mm,macro,AVAILABLE,,192.0,mean_of_pooled_endpoint_metrics,3232.0,0.5665897717151354,0.6147204829252545,0.36830226632890717,51.95255748315769,38.28846493493032,standardized_outer_train,5.0,0.564684271854252,0.36880999980748175,0.03819486009700225
final,2026,N3,PVALID,acquisition_fov_y_mm,T0,AVAILABLE,,192.0,pooled_outer_test_folds,808.0,0.5919459825139352,0.6556399218684602,0.42541321037734314,49.19959159438485,37.14127272734168,standardized_outer_train,5.0,0.5924445041263677,0.42483533953585495,0.06898813155517987
final,2026,N3,PVALID,acquisition_fov_y_mm,T1,AVAILABLE,,192.0,pooled_outer_test_folds,808.0,0.5701931740944273,0.5920278892062685,0.3361796780935954,53.263285833934205,39.03820047682277,standardized_outer_train,5.0,0.5684694926444982,0.33765960047751575,0.05065061999629155
final,2026,N3,PVALID,acquisition_fov_y_mm,T2,AVAILABLE,,192.0,pooled_outer_test_folds,808.0,0.5351598836098733,0.5947911463067209,0.34329775685324837,53.60897737950557,39.74417986296901,standardized_outer_train,5.0,0.5313187150955624,0.3415517694177682,0.030729469829121853
final,2026,N3,PVALID,acquisition_fov_y_mm,T3,AVAILABLE,,192.0,pooled_outer_test_folds,808.0,0.5689811272883881,0.61642289564249,0.3683184261315958,51.73837376258532,37.230230396789885,standardized_outer_train,5.0,0.5665218097456683,0.37119322902182117,0.1016034541331895
final,2026,N3,PVALID,acquisition_fov_y_mm,macro,AVAILABLE,,192.0,mean_of_pooled_endpoint_metrics,3232.0,0.566570041876656,0.6147204632559848,0.3683022678639457,51.95255714260249,38.28847086598084,standardized_outer_train,5.0,0.5646886304030242,0.36880998461323994,0.038194786939230486
final,2026,N3,PVALID,acquisition_fov_z_mm,T0,AVAILABLE,,192.0,pooled_outer_test_folds,808.0,0.2510892582570465,0.3055974983993243,0.0765321596815629,10.486403432336349,6.805055891035154,standardized_outer_train,5.0,0.2539539199665863,0.06790385064449209,0.09628061813609176
final,2026,N3,PVALID,acquisition_fov_z_mm,T1,AVAILABLE,,192.0,pooled_outer_test_folds,808.0,0.22598058781001312,0.18150297462593531,-0.0426627278189442,11.834796128030339,7.256739713863046,standardized_outer_train,5.0,0.22232057456964477,-0.036238388080645625,0.06793816740158322
final,2026,N3,PVALID,acquisition_fov_z_mm,T2,AVAILABLE,,192.0,pooled_outer_test_folds,808.0,0.2827739057711036,0.2668481623060843,0.016707706715040516,11.946228989850827,7.502148833806697,standardized_outer_train,5.0,0.27775249114489364,0.01643165225271258,0.10548515611087957
final,2026,N3,PVALID,acquisition_fov_z_mm,T3,AVAILABLE,,192.0,pooled_outer_test_folds,808.0,0.2430747221907785,0.35069210201882495,0.08987494276245778,11.033748942321983,6.968478985575975,standardized_outer_train,5.0,0.24638848663788943,0.07585493158995985,0.1533699579054295
final,2026,N3,PVALID,acquisition_fov_z_mm,macro,AVAILABLE,,192.0,mean_of_pooled_endpoint_metrics,3232.0,0.2507296185072354,0.2761601843375422,0.03511302033502925,11.325294373134875,7.133105856070218,standardized_outer_train,5.0,0.2501038680797535,0.03098801160162974,0.05808744310346494
final,2026,N3,PVALID,max_resample_factor,T0,AVAILABLE,,192.0,pooled_outer_test_folds,808.0,0.3801068509390755,0.3228908057166873,0.08452624419851718,0.287354020149676,0.2101656079398644,standardized_outer_train,5.0,0.3778083376815514,0.08563312653651454,0.03770041389423384
final,2026,N3,PVALID,max_resample_factor,T1,AVAILABLE,,192.0,pooled_outer_test_folds,808.0,0.38242971222623473,0.33810747325141943,0.10814410935844798,0.2822677725081635,0.21443553288554004,standardized_outer_train,5.0,0.3855572440056083,0.10705165073991767,0.0612386639527901
final,2026,N3,PVALID,max_resample_factor,T2,AVAILABLE,,192.0,pooled_outer_test_folds,808.0,0.4043023059345814,0.3647717427126956,0.11005456079905718,0.2817443637456294,0.21068454436606107,standardized_outer_train,5.0,0.40969309264168113,0.11302373781348922,0.09491619704282032
final,2026,N3,PVALID,max_resample_factor,T3,AVAILABLE,,192.0,pooled_outer_test_folds,808.0,0.35898639324188053,0.30253998326189147,0.06948107887351007,0.28549546635517115,0.21764260108277178,standardized_outer_train,5.0,0.35943916164745077,0.07392869746812428,0.11981591482381795
final,2026,N3,PVALID,max_resample_factor,macro,AVAILABLE,,192.0,mean_of_pooled_endpoint_metrics,3232.0,0.381456315585443,0.3320775012356735,0.0930514983073831,0.28421540568966003,0.21323207156855933,standardized_outer_train,5.0,0.3831244589940729,0.0949093031395114,0.06003770707157644
final,2026,N3,PVALID,native_spacing_x_mm,T0,AVAILABLE,,192.0,pooled_outer_test_folds,808.0,0.5717932823655026,0.5150910238528327,0.25309885225669526,0.12911462237425134,0.08887038025736266,standardized_outer_train,5.0,0.5752854541041039,0.2481715920849299,0.08256254585418156
final,2026,N3,PVALID,native_spacing_x_mm,T1,AVAILABLE,,192.0,pooled_outer_test_folds,808.0,0.558825192545361,0.46841293236576703,0.1866036488584939,0.13330197101857152,0.08907130555460933,standardized_outer_train,5.0,0.5619144199039751,0.1858437831918646,0.07608896759165984
final,2026,N3,PVALID,native_spacing_x_mm,T2,AVAILABLE,,192.0,pooled_outer_test_folds,808.0,0.5373827876931253,0.4815673516821204,0.2188727869726118,0.13004206069582244,0.08838858782739475,standardized_outer_train,5.0,0.5389142625085637,0.21251920028705604,0.047903191638591865
final,2026,N3,PVALID,native_spacing_x_mm,T3,AVAILABLE,,192.0,pooled_outer_test_folds,808.0,0.5845941376899381,0.5002126616194076,0.21754707944232365,0.12938449255050652,0.08659372032731834,standardized_outer_train,5.0,0.5852080598281006,0.2180709296577048,0.10996390310657429
final,2026,N3,PVALID,native_spacing_x_mm,macro,AVAILABLE,,192.0,mean_of_pooled_endpoint_metrics,3232.0,0.5631488500734818,0.4913209923800319,0.21903059188253116,0.13046078665978797,0.08823099849167128,standardized_outer_train,5.0,0.5653305490861857,0.21615137630538883,0.04869447074113926
final,2026,N3,PVALID,native_spacing_y_mm,T0,AVAILABLE,,192.0,pooled_outer_test_folds,808.0,0.5717769707281712,0.5150910294964804,0.25309885742604754,0.12911462163072165,0.0888703815600265,standardized_outer_train,5.0,0.5753567461083217,0.24817160606822825,0.08256245813813912
final,2026,N3,PVALID,native_spacing_y_mm,T1,AVAILABLE,,192.0,pooled_outer_test_folds,808.0,0.5588022418301519,0.4684130279764094,0.18660380472315174,0.13330195821226,0.08907131122385077,standardized_outer_train,5.0,0.5620542047004623,0.18584389740673798,0.07608877553383354
final,2026,N3,PVALID,native_spacing_y_mm,T2,AVAILABLE,,192.0,pooled_outer_test_folds,808.0,0.5372235066373028,0.4815673257597557,0.21887275008658857,0.13004206364093526,0.08838860325774382,standardized_outer_train,5.0,0.5387610113717908,0.2125191696694917,0.04790323659207336
final,2026,N3,PVALID,native_spacing_y_mm,T3,AVAILABLE,,192.0,pooled_outer_test_folds,808.0,0.5846205132046375,0.5002125617179467,0.21754685065089208,0.12938451121243688,0.08659373364128631,standardized_outer_train,5.0,0.5852966475767728,0.21807075997194278,0.10996405644801192
final,2026,N3,PVALID,native_spacing_y_mm,macro,AVAILABLE,,192.0,mean_of_pooled_endpoint_metrics,3232.0,0.5631058081000658,0.4913209862376481,0.21903056572166998,0.13046078867408845,0.08823100742072686,standardized_outer_train,5.0,0.5653671524393369,0.2161513582791002,0.04869447712438648
final,2026,N3,PVALID,native_spacing_z_mm,T0,AVAILABLE,,192.0,pooled_outer_test_folds,808.0,0.4354502709907593,0.4625149757844305,0.20540418734061927,0.48528190474364963,0.40106074357285176,standardized_outer_train,5.0,0.43810263076878747,0.205769969267568,0.061046720310433455
final,2026,N3,PVALID,native_spacing_z_mm,T1,AVAILABLE,,192.0,pooled_outer_test_folds,808.0,0.43315963112590816,0.4443489229545713,0.1855965277713144,0.4915515378166805,0.39901147329692843,standardized_outer_train,5.0,0.44028543828185523,0.1852332483912354,0.07376781625420085
final,2026,N3,PVALID,native_spacing_z_mm,T2,AVAILABLE,,192.0,pooled_outer_test_folds,808.0,0.42312395049606066,0.434494742388812,0.16059096497567094,0.49738099011655623,0.4045219587552304,standardized_outer_train,5.0,0.4288319804053682,0.16147496355621874,0.12747929602562277
final,2026,N3,PVALID,native_spacing_z_mm,T3,AVAILABLE,,192.0,pooled_outer_test_folds,808.0,0.38144585179014673,0.3839877390927081,0.1193357947817506,0.5121855763789224,0.42189307579089874,standardized_outer_train,5.0,0.3862401746614647,0.12243280776632892,0.14222917717100603
final,2026,N3,PVALID,native_spacing_z_mm,macro,AVAILABLE,,192.0,mean_of_pooled_endpoint_metrics,3232.0,0.4182949261007187,0.43133659505513056,0.1677318687173388,0.4966000022639522,0.40662181285397736,standardized_outer_train,5.0,0.42336505602936886,0.16872774724533773,0.08751958990368316
final,2026,N3,PVALID,padding_fraction,T0,AVAILABLE,,192.0,pooled_outer_test_folds,808.0,0.5939620437147525,0.5919949676306586,0.3492503577946504,0.07376655289212117,0.05560990980149791,standardized_outer_train,5.0,0.5906860311754378,0.3494100702736594,0.11046080901421608
final,2026,N3,PVALID,padding_fraction,T1,AVAILABLE,,192.0,pooled_outer_test_folds,808.0,0.48078894273907163,0.40422420823175476,0.13294581745773892,0.0998263723736632,0.07319880906230312,standardized_outer_train,5.0,0.4740941723112928,0.13231267348365253,0.12561611590450156
final,2026,N3,PVALID,padding_fraction,T2,AVAILABLE,,192.0,pooled_outer_test_folds,808.0,0.5438651000535728,0.504962123018699,0.21975964771626622,0.09542858346938472,0.07003786678100724,standardized_outer_train,5.0,0.5446544349702349,0.21828680773998793,0.1540297523888714
final,2026,N3,PVALID,padding_fraction,T3,AVAILABLE,,192.0,pooled_outer_test_folds,808.0,0.5164906747340114,0.5415760805495935,0.28065564406328913,0.09222447948388694,0.07041199123824625,standardized_outer_train,5.0,0.5125373077534111,0.2630679948618625,0.14530065434838105
final,2026,N3,PVALID,padding_fraction,macro,AVAILABLE,,192.0,mean_of_pooled_endpoint_metrics,3232.0,0.533776690310352,0.5106893448576765,0.24565286675798617,0.090311497054764,0.06731464422076362,standardized_outer_train,5.0,0.5304929865525942,0.24076938658979058,0.09007666901732796
final,2026,N3,PVALID,resize_anisotropy,T0,AVAILABLE,,192.0,pooled_outer_test_folds,808.0,0.3010057203533076,0.32294019628381176,0.08377844295219128,0.32262658524729787,0.2163594532795984,standardized_outer_train,5.0,0.29416654880351406,0.0772065230300552,0.06406943519179883
final,2026,N3,PVALID,resize_anisotropy,T1,AVAILABLE,,192.0,pooled_outer_test_folds,808.0,0.24388305923283551,0.2763211265995115,0.05515045780305794,0.32751123185759623,0.22271249302943383,standardized_outer_train,5.0,0.263000653731658,0.048007939416875776,0.0462537779422532
final,2026,N3,PVALID,resize_anisotropy,T2,AVAILABLE,,192.0,pooled_outer_test_folds,808.0,0.2858321134447302,0.34435513854820865,0.1065570247126153,0.3192968544120873,0.21260112502393844,standardized_outer_train,5.0,0.29527070552458895,0.08999403505368794,0.11549285732145712
final,2026,N3,PVALID,resize_anisotropy,T3,AVAILABLE,,192.0,pooled_outer_test_folds,808.0,0.3007909052581551,0.3500800828242406,0.11772723427040477,0.3152206765752877,0.2132696765585079,standardized_outer_train,5.0,0.30067308200452075,0.1044432329471614,0.05145541052884937
final,2026,N3,PVALID,resize_anisotropy,macro,AVAILABLE,,192.0,mean_of_pooled_endpoint_metrics,3232.0,0.2828779495722571,0.3234241360639431,0.09080328993456732,0.3211638370230673,0.21623568697286966,standardized_outer_train,5.0,0.28827774751607044,0.07991293261194506,0.05279639994337884
final,2026,N3,PVALID,valid_source_fraction,T0,AVAILABLE,,192.0,pooled_outer_test_folds,808.0,0.5939620437147525,0.5919950133942039,0.34925042101271453,0.07376654930903907,0.05560990695692735,standardized_outer_train,5.0,0.5906860311754378,0.3494101338083721,0.11046081653005223
final,2026,N3,PVALID,valid_source_fraction,T1,AVAILABLE,,192.0,pooled_outer_test_folds,808.0,0.48078894273907163,0.40422471395930304,0.13294630438615973,0.09982634434294398,0.0731987883926542,standardized_outer_train,5.0,0.4740941723112928,0.13231317850668683,0.12561651429272291
final,2026,N3,PVALID,valid_source_fraction,T2,AVAILABLE,,192.0,pooled_outer_test_folds,808.0,0.5438651000535728,0.5049620989774232,0.21975957482584096,0.09542858792687647,0.0700378629810224,standardized_outer_train,5.0,0.5446544349702349,0.21828675859445434,0.15403013488908263
final,2026,N3,PVALID,valid_source_fraction,T3,AVAILABLE,,192.0,pooled_outer_test_folds,808.0,0.5164906747340114,0.5415760907934662,0.2806556624508303,0.09222447830518762,0.07041198888238037,standardized_outer_train,5.0,0.5125373077534111,0.26306801393662116,0.1453006394657738
final,2026,N3,PVALID,valid_source_fraction,macro,AVAILABLE,,192.0,mean_of_pooled_endpoint_metrics,3232.0,0.533776690310352,0.5106894792810991,0.24565299066888638,0.0903114899710118,0.06731463680324608,standardized_outer_train,5.0,0.5304929865525942,0.24076952121153364,0.09007663611073961
final,3026,L1,P0,acquisition_fov_x_mm,T0,AVAILABLE,,192.0,pooled_outer_test_folds,808.0,0.45742487944917365,0.5130969248182328,0.25643542574702693,55.96841727418501,41.53959699850276,standardized_outer_train,5.0,0.463385025869019,0.2537677454562024,0.10152890718750378
final,3026,L1,P0,acquisition_fov_x_mm,T1,AVAILABLE,,192.0,pooled_outer_test_folds,808.0,0.4305244981508298,0.4783911458099508,0.2266762304007014,57.48881575737782,42.29087761426443,standardized_outer_train,5.0,0.4280065547404347,0.22226832371268723,0.03480290684455737
final,3026,L1,P0,acquisition_fov_x_mm,T2,AVAILABLE,,192.0,pooled_outer_test_folds,808.0,0.4202434750318286,0.5024343407874402,0.23539994328663116,57.845614156116234,42.53111537998374,standardized_outer_train,5.0,0.42952155770724854,0.23282744593693644,0.060559226867117996
final,3026,L1,P0,acquisition_fov_x_mm,T3,AVAILABLE,,192.0,pooled_outer_test_folds,808.0,0.4180628786320618,0.5034596947220528,0.243971225200053,56.60213759062196,40.76343256433286,standardized_outer_train,5.0,0.4227340795568172,0.24025575867946944,0.03426441260834053
final,3026,L1,P0,acquisition_fov_x_mm,macro,AVAILABLE,,192.0,mean_of_pooled_endpoint_metrics,3232.0,0.4315639328159735,0.4993455265344191,0.24062070615860312,56.97624619457525,41.78125563927095,standardized_outer_train,5.0,0.43591180446837985,0.2372798184463239,0.03770461461739743
final,3026,L1,P0,acquisition_fov_y_mm,T0,AVAILABLE,,192.0,pooled_outer_test_folds,808.0,0.4573083631215752,0.5130970673658943,0.2564355955852716,55.96841072602058,41.53959162529434,standardized_outer_train,5.0,0.4633048219148467,0.2537679076010271,0.10152864852904818
final,3026,L1,P0,acquisition_fov_y_mm,T1,AVAILABLE,,192.0,pooled_outer_test_folds,808.0,0.4306099768126357,0.47839115227938933,0.2266762353705477,57.48881558595278,42.29087716066706,standardized_outer_train,5.0,0.4281215091006606,0.222268329111773,0.03480290703538415
final,3026,L1,P0,acquisition_fov_y_mm,T2,AVAILABLE,,192.0,pooled_outer_test_folds,808.0,0.42026926592940933,0.5024344226976737,0.23540004460248665,57.845610266247455,42.53111577097395,standardized_outer_train,5.0,0.4295326714957537,0.2328275370219334,0.06055923654488978
final,3026,L1,P0,acquisition_fov_y_mm,T3,AVAILABLE,,192.0,pooled_outer_test_folds,808.0,0.4180752096501996,0.5034596675911236,0.2439711919819234,56.60213876035789,40.7634334535797,standardized_outer_train,5.0,0.42273655585083725,0.24025573062712127,0.03426438499285953
final,3026,L1,P0,acquisition_fov_y_mm,macro,AVAILABLE,,192.0,mean_of_pooled_endpoint_metrics,3232.0,0.43156570387845494,0.49934557748352026,0.24062076688505735,56.97624383464468,41.78125450262876,standardized_outer_train,5.0,0.4359238895905245,0.2372798760904637,0.037704570649865495
final,3026,L1,P0,acquisition_fov_z_mm,T0,AVAILABLE,,192.0,pooled_outer_test_folds,808.0,0.211570547311348,0.20389894942593123,0.010246573881145471,10.856233628233891,6.765435981656854,standardized_outer_train,5.0,0.22970328795091613,0.016958999162713945,0.11803687326463637
final,3026,L1,P0,acquisition_fov_z_mm,T1,AVAILABLE,,192.0,pooled_outer_test_folds,808.0,0.2655299512487031,0.23120671085291825,0.04235321201386588,11.34204940263691,7.062754926212385,standardized_outer_train,5.0,0.2614672469542284,0.04318673250775658,0.03536144559230141
final,3026,L1,P0,acquisition_fov_z_mm,T2,AVAILABLE,,192.0,pooled_outer_test_folds,808.0,0.2205908391711273,0.29067983733204,0.08075924999720074,11.550589557315623,7.124525972456517,standardized_outer_train,5.0,0.22609708125644468,0.09247662571664134,0.08926885459144622
final,3026,L1,P0,acquisition_fov_z_mm,T3,AVAILABLE,,192.0,pooled_outer_test_folds,808.0,0.18262540284221973,0.17616486066007017,-0.01714817689634196,11.66446098369928,7.126350991188546,standardized_outer_train,5.0,0.19001129498200567,-0.01763516489451752,0.059881107092226285
final,3026,L1,P0,acquisition_fov_z_mm,macro,AVAILABLE,,192.0,mean_of_pooled_endpoint_metrics,3232.0,0.22007918514334954,0.22548758956773993,0.029052714748967534,11.353333392971425,7.019766967878575,standardized_outer_train,5.0,0.2268197277858987,0.033746798123148555,0.04514530709084156
final,3026,L1,P0,max_resample_factor,T0,AVAILABLE,,192.0,pooled_outer_test_folds,808.0,0.49328639707034805,0.4532123195522661,0.19249827677527132,0.2698771137817959,0.2065105951932631,standardized_outer_train,5.0,0.48234399642381787,0.1895997053473895,0.03936021694772207
final,3026,L1,P0,max_resample_factor,T1,AVAILABLE,,192.0,pooled_outer_test_folds,808.0,0.38647638028132975,0.33673342069848,0.07443795824854738,0.2875522175987261,0.21824465647776697,standardized_outer_train,5.0,0.38399495557501023,0.0748709500222699,0.10484353296313308
final,3026,L1,P0,max_resample_factor,T2,AVAILABLE,,192.0,pooled_outer_test_folds,808.0,0.40079273112725233,0.3670457165378746,0.1069487164720202,0.28223556913639714,0.20949588579153217,standardized_outer_train,5.0,0.3993051756850531,0.1069882096451696,0.06048327582330458
final,3026,L1,P0,max_resample_factor,T3,AVAILABLE,,192.0,pooled_outer_test_folds,808.0,0.3828041774874687,0.35539444241294826,0.11107900295989215,0.2790411121536006,0.20997311368228283,standardized_outer_train,5.0,0.3832646163114295,0.11157601334755467,0.03826412434445342
final,3026,L1,P0,max_resample_factor,macro,AVAILABLE,,192.0,mean_of_pooled_endpoint_metrics,3232.0,0.4158399214915997,0.37809647480039227,0.12124098861393276,0.27967650316762993,0.21105606278621125,standardized_outer_train,5.0,0.4122271859988277,0.12075871959059589,0.04014471821800032
final,3026,L1,P0,native_spacing_x_mm,T0,AVAILABLE,,192.0,pooled_outer_test_folds,808.0,0.4769716039237418,0.5028384724661631,0.24722128856498482,0.12962164549796498,0.0919408653605791,standardized_outer_train,5.0,0.4824928140362168,0.24400869614736997,0.0621781161257573
final,3026,L1,P0,native_spacing_x_mm,T1,AVAILABLE,,192.0,pooled_outer_test_folds,808.0,0.44576096503981116,0.44989449756692446,0.2021876641081629,0.13201881634764945,0.0921340411937547,standardized_outer_train,5.0,0.4474637926479633,0.1953389999131952,0.02104345328846781
final,3026,L1,P0,native_spacing_x_mm,T2,AVAILABLE,,192.0,pooled_outer_test_folds,808.0,0.40978949983754026,0.4252083678903094,0.1760605978383185,0.13355821154313421,0.09239812594515955,standardized_outer_train,5.0,0.42297647044633174,0.17000806424804918,0.012256158817407591
final,3026,L1,P0,native_spacing_x_mm,T3,AVAILABLE,,192.0,pooled_outer_test_folds,808.0,0.38662070380508823,0.41044081327259485,0.15227058029851248,0.13467337578999208,0.09284334073654427,standardized_outer_train,5.0,0.3901625504822656,0.14877836687286394,0.07717666435225337
final,3026,L1,P0,native_spacing_x_mm,macro,AVAILABLE,,192.0,mean_of_pooled_endpoint_metrics,3232.0,0.42978569315154536,0.4470955377989979,0.19443503270249468,0.13246801229468516,0.0923290933090094,standardized_outer_train,5.0,0.43577390690319434,0.18953353179536955,0.03246477949989144
final,3026,L1,P0,native_spacing_y_mm,T0,AVAILABLE,,192.0,pooled_outer_test_folds,808.0,0.4767951456614523,0.5028384668966431,0.24722128429848478,0.12962164556740174,0.09194086353909232,standardized_outer_train,5.0,0.48229383137721893,0.2440086927186321,0.06217811875780957
final,3026,L1,P0,native_spacing_y_mm,T1,AVAILABLE,,192.0,pooled_outer_test_folds,808.0,0.44567616062909926,0.44989451846403483,0.2021876824346086,0.13201881479717403,0.0921340392230002,standardized_outer_train,5.0,0.44745063251675143,0.19533901976135143,0.021043433572375658
final,3026,L1,P0,native_spacing_y_mm,T2,AVAILABLE,,192.0,pooled_outer_test_folds,808.0,0.4098715725002894,0.42520837022446056,0.1760605995895439,0.13355821127253273,0.09239812610813027,standardized_outer_train,5.0,0.42308523488148725,0.17000806729975168,0.01225615232360309
final,3026,L1,P0,native_spacing_y_mm,T3,AVAILABLE,,192.0,pooled_outer_test_folds,808.0,0.3867264548383813,0.4104410707635798,0.15227086223553488,0.13467335313056408,0.09284332753574485,standardized_outer_train,5.0,0.39028548324971507,0.14877858260128934,0.0771764854606974
final,3026,L1,P0,native_spacing_y_mm,macro,AVAILABLE,,192.0,mean_of_pooled_endpoint_metrics,3232.0,0.4297673334073056,0.44709560658717956,0.19443510713954304,0.13246800619191815,0.09232908910149192,standardized_outer_train,5.0,0.43577879550629317,0.18953359059525615,0.032464729533025205
final,3026,L1,P0,native_spacing_z_mm,T0,AVAILABLE,,192.0,pooled_outer_test_folds,808.0,0.6145349587704181,0.6173198897241714,0.37503710268510804,0.43037603390978096,0.35511339400621544,standardized_outer_train,5.0,0.6119538598424116,0.37426126332282844,0.07001567186264583
final,3026,L1,P0,native_spacing_z_mm,T1,AVAILABLE,,192.0,pooled_outer_test_folds,808.0,0.47297266399146715,0.48036144143208526,0.1851818105591041,0.4916766778392943,0.3991035203242182,standardized_outer_train,5.0,0.47659627661775,0.18599300958141685,0.09595119076356992
final,3026,L1,P0,native_spacing_z_mm,T2,AVAILABLE,,192.0,pooled_outer_test_folds,808.0,0.4515459812618402,0.46804624776284975,0.1995129117981127,0.48571277740442004,0.3951584145072372,standardized_outer_train,5.0,0.4534805510789086,0.19891093754135136,0.03541034070506738
final,3026,L1,P0,native_spacing_z_mm,T3,AVAILABLE,,192.0,pooled_outer_test_folds,808.0,0.44581012816293386,0.46065968844907823,0.18862626779009029,0.49162351046917707,0.40847732996352903,standardized_outer_train,5.0,0.44506765307386764,0.18701963589270304,0.049409719524816605
final,3026,L1,P0,native_spacing_z_mm,macro,AVAILABLE,,192.0,mean_of_pooled_endpoint_metrics,3232.0,0.4962159330466648,0.5065968168420462,0.23708952320810378,0.4748472499056681,0.38946316470029996,standardized_outer_train,5.0,0.4967745851532344,0.23654621158457495,0.030076348212032877
final,3026,L1,P0,padding_fraction,T0,AVAILABLE,,192.0,pooled_outer_test_folds,808.0,0.2781385365754522,0.26701722165459424,0.056008520064692924,0.08884572950146846,0.06906525276055563,standardized_outer_train,5.0,0.2861233101734657,0.0493269251892465,0.06277153655236604
final,3026,L1,P0,padding_fraction,T1,AVAILABLE,,192.0,pooled_outer_test_folds,808.0,0.22762153762726317,0.23877454361177342,0.04317266591596991,0.1048670273718297,0.08169015567753879,standardized_outer_train,5.0,0.22812933323685053,0.0390027579670902,0.06548679959864283
final,3026,L1,P0,padding_fraction,T2,AVAILABLE,,192.0,pooled_outer_test_folds,808.0,0.17995581551022294,0.17486392880997934,0.018205758406107386,0.1070470032589808,0.08282134589719531,standardized_outer_train,5.0,0.18794679350483307,0.01644074136673334,0.014474391929666468
final,3026,L1,P0,padding_fraction,T3,AVAILABLE,,192.0,pooled_outer_test_folds,808.0,0.18788519834578812,0.2131863208311853,0.034201330272305985,0.10686145766480076,0.08321214402943085,standardized_outer_train,5.0,0.18880791596640636,0.03275043137047792,0.05106711962150005
final,3026,L1,P0,padding_fraction,macro,AVAILABLE,,192.0,mean_of_pooled_endpoint_metrics,3232.0,0.2184002720146816,0.2234605037268831,0.03789706866476905,0.10190530444926993,0.07919722459118014,standardized_outer_train,5.0,0.22275183822038888,0.03438021397338696,0.03106933678532167
final,3026,L1,P0,resize_anisotropy,T0,AVAILABLE,,192.0,pooled_outer_test_folds,808.0,0.10459114761227879,0.23354743874010853,0.031110838185190226,0.33176987376941514,0.2266714785265251,standardized_outer_train,5.0,0.12007002494944516,0.014054089198637218,0.14086896734602078
final,3026,L1,P0,resize_anisotropy,T1,AVAILABLE,,192.0,pooled_outer_test_folds,808.0,0.04992848028483282,0.14218541152074668,0.017295095522968595,0.334007663798181,0.22556442096840107,standardized_outer_train,5.0,0.04232418804612442,0.012239317376020522,0.023718397352123062
final,3026,L1,P0,resize_anisotropy,T2,AVAILABLE,,192.0,pooled_outer_test_folds,808.0,0.1518061147480089,0.24772654200791785,0.03934374092221238,0.3310893636652208,0.22184163156105485,standardized_outer_train,5.0,0.15119326825520668,0.026216129594728584,0.085547519424365
final,3026,L1,P0,resize_anisotropy,T3,AVAILABLE,,192.0,pooled_outer_test_folds,808.0,0.14480258310990943,0.21241643705061916,0.0399374932419545,0.3288236266083535,0.22030507771912633,standardized_outer_train,5.0,0.1529666089113764,0.03470234553470284,0.039174785351546206
final,3026,L1,P0,resize_anisotropy,macro,AVAILABLE,,192.0,mean_of_pooled_endpoint_metrics,3232.0,0.11278208143875748,0.20896895732984808,0.031921791968081425,0.3314226319602926,0.22359565219377683,standardized_outer_train,5.0,0.11663852254053815,0.021802970426022278,0.061702993903135245
final,3026,L1,P0,valid_source_fraction,T0,AVAILABLE,,192.0,pooled_outer_test_folds,808.0,0.2781385365754522,0.2670172052354468,0.05600851068698309,0.08884572994276985,0.06906525258155087,standardized_outer_train,5.0,0.2861233101734657,0.049326914058205426,0.06277154597604345
final,3026,L1,P0,valid_source_fraction,T1,AVAILABLE,,192.0,pooled_outer_test_folds,808.0,0.22762153762726317,0.23877454455838232,0.04317266635141215,0.10486702734796775,0.08169015568603534,standardized_outer_train,5.0,0.22812933323685053,0.039002758418125144,0.06548679803540443
final,3026,L1,P0,valid_source_fraction,T2,AVAILABLE,,192.0,pooled_outer_test_folds,808.0,0.17995581551022294,0.1748639403303296,0.018205763306595513,0.10704700299182578,0.08282134569908745,standardized_outer_train,5.0,0.18794679350483307,0.0164407461708502,0.014474390214226135
final,3026,L1,P0,valid_source_fraction,T3,AVAILABLE,,192.0,pooled_outer_test_folds,808.0,0.18788519834578812,0.213186371163965,0.03420136076626812,0.10686145597778804,0.08321214234721451,standardized_outer_train,5.0,0.18880791596640636,0.03275046678908912,0.051067134588778915
final,3026,L1,P0,valid_source_fraction,macro,AVAILABLE,,192.0,mean_of_pooled_endpoint_metrics,3232.0,0.2184002720146816,0.22346051532203093,0.03789707527781472,0.10190530406508785,0.07919722407847204,standardized_outer_train,5.0,0.22275183822038888,0.03438022135906746,0.031069358744023994
final,3026,L1,PLOCAL,acquisition_fov_x_mm,T0,AVAILABLE,,192.0,pooled_outer_test_folds,808.0,0.6819956871107239,0.792719952820058,0.6252488833185881,39.7333468385938,29.33763328279652,standardized_outer_train,5.0,0.6775922021590578,0.6253399147284368,0.0963437086268275
final,3026,L1,PLOCAL,acquisition_fov_x_mm,T1,AVAILABLE,,192.0,pooled_outer_test_folds,808.0,0.6536537800072265,0.7107334691941897,0.4996700737852613,46.24139452999181,32.96838429063114,standardized_outer_train,5.0,0.6487785777254969,0.496971339157826,0.11031209087643833
final,3026,L1,PLOCAL,acquisition_fov_x_mm,T2,AVAILABLE,,192.0,pooled_outer_test_folds,808.0,0.6764157047383687,0.7598880703664562,0.5746990969662673,43.14211437727528,31.34371361726384,standardized_outer_train,5.0,0.6659641216191853,0.5736765446069416,0.09678207656905423
final,3026,L1,PLOCAL,acquisition_fov_x_mm,T3,AVAILABLE,,192.0,pooled_outer_test_folds,808.0,0.6758149941603062,0.73970993003996,0.541430363094455,44.08251032128606,32.18292661545986,standardized_outer_train,5.0,0.6760998698491166,0.5447906532111737,0.0818288499796418
final,3026,L1,PLOCAL,acquisition_fov_x_mm,macro,AVAILABLE,,192.0,mean_of_pooled_endpoint_metrics,3232.0,0.6719700415041563,0.750762855605166,0.5602621042911429,43.29984151678674,31.458164451537844,standardized_outer_train,5.0,0.6671086928382141,0.5601946129260945,0.08133908979978435
final,3026,L1,PLOCAL,acquisition_fov_y_mm,T0,AVAILABLE,,192.0,pooled_outer_test_folds,808.0,0.6819756234190044,0.7927198368973277,0.6252486762742694,39.73335770369142,29.337635756137317,standardized_outer_train,5.0,0.6775571064348639,0.6253397167661578,0.09634407844645887
final,3026,L1,PLOCAL,acquisition_fov_y_mm,T1,AVAILABLE,,192.0,pooled_outer_test_folds,808.0,0.6536157223386756,0.7107334733043708,0.4996700805292371,46.241394229047664,32.96838456832617,standardized_outer_train,5.0,0.6487384393464666,0.49697134623588574,0.11031208528410151
final,3026,L1,PLOCAL,acquisition_fov_y_mm,T2,AVAILABLE,,192.0,pooled_outer_test_folds,808.0,0.676498720117443,0.7598881033394569,0.5746991484234801,43.14211172461273,31.343710939066625,standardized_outer_train,5.0,0.6661278300112665,0.5736766013847279,0.0967820697950651
final,3026,L1,PLOCAL,acquisition_fov_y_mm,T3,AVAILABLE,,192.0,pooled_outer_test_folds,808.0,0.6757857625636362,0.7397099052881378,0.5414303257535354,44.082512058651076,32.18292889543267,standardized_outer_train,5.0,0.6760210264467658,0.5447906169541548,0.08182887397969572
final,3026,L1,PLOCAL,acquisition_fov_y_mm,macro,AVAILABLE,,192.0,mean_of_pooled_endpoint_metrics,3232.0,0.6719689571096897,0.7507628297073233,0.5602620577451305,43.29984392900072,31.458165039740695,standardized_outer_train,5.0,0.6671111005598407,0.5601945703352316,0.08133916162514108
final,3026,L1,PLOCAL,acquisition_fov_z_mm,T0,AVAILABLE,,192.0,pooled_outer_test_folds,808.0,0.2877154183221856,0.3969554724785092,0.14897797280762914,10.066675621158799,6.169940851838201,standardized_outer_train,5.0,0.2920839974791755,0.14790024418039294,0.0748439515427244
final,3026,L1,PLOCAL,acquisition_fov_z_mm,T1,AVAILABLE,,192.0,pooled_outer_test_folds,808.0,0.33448785532260344,0.33232161700220225,0.07614499612934889,11.140142960774053,6.89645468561798,standardized_outer_train,5.0,0.3334439167125952,0.08300372514228851,0.08531571714343361
final,3026,L1,PLOCAL,acquisition_fov_z_mm,T2,AVAILABLE,,192.0,pooled_outer_test_folds,808.0,0.31187105558738415,0.37023142206823606,0.13411582885218287,11.210356346238141,6.74400632466485,standardized_outer_train,5.0,0.3130319968788816,0.14890675191290786,0.09434796603981713
final,3026,L1,PLOCAL,acquisition_fov_z_mm,T3,AVAILABLE,,192.0,pooled_outer_test_folds,808.0,0.29120095563154175,0.3391433946969108,0.09010926563550936,11.032328463801944,6.5906407655510195,standardized_outer_train,5.0,0.28911113520015663,0.10376632341071108,0.09261262507924382
final,3026,L1,PLOCAL,acquisition_fov_z_mm,macro,AVAILABLE,,192.0,mean_of_pooled_endpoint_metrics,3232.0,0.30631882121592874,0.3596629765614646,0.11233701585616757,10.862375847993235,6.600260656918013,standardized_outer_train,5.0,0.30691776156770223,0.12089426116157509,0.0671657154367239
final,3026,L1,PLOCAL,max_resample_factor,T0,AVAILABLE,,192.0,pooled_outer_test_folds,808.0,0.7063480722209962,0.6729919414115113,0.44171172480545084,0.22440037668693016,0.17089123103390239,standardized_outer_train,5.0,0.7099145897214864,0.4396152675012102,0.08217855063722274
final,3026,L1,PLOCAL,max_resample_factor,T1,AVAILABLE,,192.0,pooled_outer_test_folds,808.0,0.6648302126811686,0.6141394116153858,0.3330191886384968,0.2441015984680895,0.1825251147798605,standardized_outer_train,5.0,0.6630294266029285,0.3293851804745108,0.12328251442436645
final,3026,L1,PLOCAL,max_resample_factor,T2,AVAILABLE,,192.0,pooled_outer_test_folds,808.0,0.718620832792111,0.6694960684101362,0.4398272463674914,0.22352934039472322,0.16695329468310902,standardized_outer_train,5.0,0.7196523302099631,0.4367610064866373,0.08200669126215168
final,3026,L1,PLOCAL,max_resample_factor,T3,AVAILABLE,,192.0,pooled_outer_test_folds,808.0,0.7158251317427644,0.6793917074947715,0.4604754207821069,0.21739133481599557,0.16535544043471376,standardized_outer_train,5.0,0.7166221962567738,0.4614862330389805,0.050081116720578536
final,3026,L1,PLOCAL,max_resample_factor,macro,AVAILABLE,,192.0,mean_of_pooled_endpoint_metrics,3232.0,0.7014060623592601,0.6590047822329512,0.4187583951483865,0.2273556625914346,0.17143127023289642,standardized_outer_train,5.0,0.702304635697788,0.41681192187533467,0.05974731492638105
final,3026,L1,PLOCAL,native_spacing_x_mm,T0,AVAILABLE,,192.0,pooled_outer_test_folds,808.0,0.7800420036456704,0.8029611361437025,0.6410115298180008,0.08951258850709905,0.05760460098887557,standardized_outer_train,5.0,0.779948386041458,0.6488402591455097,0.07776819809460345
final,3026,L1,PLOCAL,native_spacing_x_mm,T1,AVAILABLE,,192.0,pooled_outer_test_folds,808.0,0.7295364607324129,0.7608954982994615,0.5743022319673925,0.09643532481954752,0.06460737360953454,standardized_outer_train,5.0,0.7247605708113533,0.5763233927071424,0.08195410080455502
final,3026,L1,PLOCAL,native_spacing_x_mm,T2,AVAILABLE,,192.0,pooled_outer_test_folds,808.0,0.7176859152857393,0.7392588245688632,0.5430652380074561,0.09946036720137426,0.06382152013181464,standardized_outer_train,5.0,0.7181380914605894,0.5460802074160924,0.10786036170582454
final,3026,L1,PLOCAL,native_spacing_x_mm,T3,AVAILABLE,,192.0,pooled_outer_test_folds,808.0,0.7015050160535817,0.7187982595137224,0.50748211123399,0.10265122193262553,0.07012881193514085,standardized_outer_train,5.0,0.698059194772833,0.518079679105602,0.09625518543611407
final,3026,L1,PLOCAL,native_spacing_x_mm,macro,AVAILABLE,,192.0,mean_of_pooled_endpoint_metrics,3232.0,0.7321923489293511,0.7554784296314374,0.5664652777567099,0.09701487561516159,0.0640405766663414,standardized_outer_train,5.0,0.7302265607715585,0.5723308845935866,0.07248683319527326
final,3026,L1,PLOCAL,native_spacing_y_mm,T0,AVAILABLE,,192.0,pooled_outer_test_folds,808.0,0.7799733412949227,0.8029611365973527,0.6410115296189531,0.08951258832620197,0.05760460050010884,standardized_outer_train,5.0,0.7799130374262836,0.648840258964785,0.07776820155500928
final,3026,L1,PLOCAL,native_spacing_y_mm,T1,AVAILABLE,,192.0,pooled_outer_test_folds,808.0,0.7294517416137122,0.76089555665539,0.5743023218245079,0.09643531461670013,0.06460736612842895,standardized_outer_train,5.0,0.7246635325696691,0.576323495175558,0.08195403777047133
final,3026,L1,PLOCAL,native_spacing_y_mm,T2,AVAILABLE,,192.0,pooled_outer_test_folds,808.0,0.7177816384608968,0.7392588278449366,0.5430652454288747,0.0994603662978512,0.06382151790035717,standardized_outer_train,5.0,0.7182330701204361,0.5460802072829541,0.10786035450661412
final,3026,L1,PLOCAL,native_spacing_y_mm,T3,AVAILABLE,,192.0,pooled_outer_test_folds,808.0,0.7015773230986645,0.7187982157074712,0.5074820583466026,0.1026512272423273,0.07012882528656826,standardized_outer_train,5.0,0.6980970360575015,0.5180796420565419,0.09625525867802444
final,3026,L1,PLOCAL,native_spacing_y_mm,macro,AVAILABLE,,192.0,mean_of_pooled_endpoint_metrics,3232.0,0.7321960111170491,0.7554784342012876,0.5664652888047346,0.09701487412077014,0.06404057745386581,standardized_outer_train,5.0,0.7302266690434726,0.5723309008699597,0.07248683965743959
final,3026,L1,PLOCAL,native_spacing_z_mm,T0,AVAILABLE,,192.0,pooled_outer_test_folds,808.0,0.8568058811821926,0.8464906768824721,0.7091614064368799,0.2935938671770005,0.23018859286544488,standardized_outer_train,5.0,0.8554861464542188,0.7101027000228409,0.06936188519638334
final,3026,L1,PLOCAL,native_spacing_z_mm,T1,AVAILABLE,,192.0,pooled_outer_test_folds,808.0,0.8308287281410981,0.8219156091516957,0.6585589243998473,0.31827837623103206,0.24141656481431636,standardized_outer_train,5.0,0.8274702018228473,0.659326640953848,0.11557947781852396
final,3026,L1,PLOCAL,native_spacing_z_mm,T2,AVAILABLE,,192.0,pooled_outer_test_folds,808.0,0.8426577761123633,0.8310128030170749,0.6819055036760033,0.3061825532520294,0.23819942093048763,standardized_outer_train,5.0,0.8435491063102682,0.6823869644601537,0.1065198143446998
final,3026,L1,PLOCAL,native_spacing_z_mm,T3,AVAILABLE,,192.0,pooled_outer_test_folds,808.0,0.8413297009488288,0.8248032176625828,0.6610931481868476,0.3177330168931345,0.24068668438285684,standardized_outer_train,5.0,0.841360521958037,0.6612686715553722,0.09869998482847854
final,3026,L1,PLOCAL,native_spacing_z_mm,macro,AVAILABLE,,192.0,mean_of_pooled_endpoint_metrics,3232.0,0.8429055215961206,0.8310555766784564,0.6776797456748946,0.30894695338829914,0.23762281574827643,standardized_outer_train,5.0,0.8419664941363427,0.6782712442480536,0.09201890218151487
final,3026,L1,PLOCAL,padding_fraction,T0,AVAILABLE,,192.0,pooled_outer_test_folds,808.0,0.4694167631073542,0.447819090211231,0.17309564368582764,0.08315342849858237,0.06377877144294995,standardized_outer_train,5.0,0.4728379543087393,0.176150663556279,0.10557725127517366
final,3026,L1,PLOCAL,padding_fraction,T1,AVAILABLE,,192.0,pooled_outer_test_folds,808.0,0.4071789347786995,0.40911124382560665,0.16592273795802848,0.09790960796251448,0.07542016986568574,standardized_outer_train,5.0,0.40842218815244263,0.1661444851233565,0.08529386713471562
final,3026,L1,PLOCAL,padding_fraction,T2,AVAILABLE,,192.0,pooled_outer_test_folds,808.0,0.36117770915835007,0.3624506020823543,0.127916625490203,0.10088887450832046,0.07805654192461367,standardized_outer_train,5.0,0.36823307341746525,0.1256436954816153,0.051237787141858386
final,3026,L1,PLOCAL,padding_fraction,T3,AVAILABLE,,192.0,pooled_outer_test_folds,808.0,0.38310157632619996,0.3855587889681917,0.14634120107199122,0.1004661947062409,0.0779319613605993,standardized_outer_train,5.0,0.3866733729554611,0.14129926580497731,0.0674318493375626
final,3026,L1,PLOCAL,padding_fraction,macro,AVAILABLE,,192.0,mean_of_pooled_endpoint_metrics,3232.0,0.40521874584265094,0.40123493127184595,0.15331905205151258,0.09560452641891455,0.07379686114846216,standardized_outer_train,5.0,0.4090416472085271,0.15230952749155705,0.06527777667241674
final,3026,L1,PLOCAL,resize_anisotropy,T0,AVAILABLE,,192.0,pooled_outer_test_folds,808.0,0.23887612871220226,0.40459737258507794,0.15109114299786652,0.31054921158992665,0.2122711621749808,standardized_outer_train,5.0,0.23343441101896692,0.14232864448502044,0.09762469286603948
final,3026,L1,PLOCAL,resize_anisotropy,T1,AVAILABLE,,192.0,pooled_outer_test_folds,808.0,0.1319095925493496,0.27299379361647624,0.055251703758557036,0.3274936840499976,0.21907889358448374,standardized_outer_train,5.0,0.11695894180270039,0.03822087941080308,0.13817936595667324
final,3026,L1,PLOCAL,resize_anisotropy,T2,AVAILABLE,,192.0,pooled_outer_test_folds,808.0,0.18287457932327097,0.40793822651898987,0.1542939821494177,0.31064969479408155,0.21205543408955715,standardized_outer_train,5.0,0.1843355367046636,0.12897824382323447,0.17747565444151842
final,3026,L1,PLOCAL,resize_anisotropy,T3,AVAILABLE,,192.0,pooled_outer_test_folds,808.0,0.2080273604452811,0.40065908310205844,0.13919067314917555,0.311362812880172,0.21879719553623253,standardized_outer_train,5.0,0.1953449443600468,0.11759442330883181,0.1440865600141504
final,3026,L1,PLOCAL,resize_anisotropy,macro,AVAILABLE,,192.0,mean_of_pooled_endpoint_metrics,3232.0,0.190421915257526,0.3715471189556506,0.1249568755137542,0.31501385082854444,0.21555067134631356,standardized_outer_train,5.0,0.18251845847159442,0.10678054775697246,0.1324106525707978
final,3026,L1,PLOCAL,valid_source_fraction,T0,AVAILABLE,,192.0,pooled_outer_test_folds,808.0,0.4694167631073542,0.4478194665641967,0.1730960952788484,0.08315340579250229,0.06377876573383966,standardized_outer_train,5.0,0.4728379543087393,0.17615104520199695,0.10557655259415956
final,3026,L1,PLOCAL,valid_source_fraction,T1,AVAILABLE,,192.0,pooled_outer_test_folds,808.0,0.4071789347786995,0.40911123928794974,0.16592273382283318,0.09790960820522301,0.07542016992907188,standardized_outer_train,5.0,0.40842218815244263,0.16614448052932504,0.08529386613430698
final,3026,L1,PLOCAL,valid_source_fraction,T2,AVAILABLE,,192.0,pooled_outer_test_folds,808.0,0.36117770915835007,0.3624506017623547,0.1279166285629797,0.10088887433058003,0.07805654231263097,standardized_outer_train,5.0,0.36823307341746525,0.12564369951506144,0.05123778058502619
final,3026,L1,PLOCAL,valid_source_fraction,T3,AVAILABLE,,192.0,pooled_outer_test_folds,808.0,0.38310157632619996,0.3855587640499308,0.14634117905237654,0.10046619600197337,0.07793196284814663,standardized_outer_train,5.0,0.3866733729554611,0.14129924414021575,0.06743183971372449
final,3026,L1,PLOCAL,valid_source_fraction,macro,AVAILABLE,,192.0,mean_of_pooled_endpoint_metrics,3232.0,0.40521874584265094,0.401235017916108,0.15331915917925945,0.09560452108256967,0.07379686020592229,standardized_outer_train,5.0,0.4090416472085271,0.15230961734664977,0.06527767456843245
final,3026,L1,PVALID,acquisition_fov_x_mm,T0,NA,NA_no_source_authoritative_mask,,,,,,,,,,,,,
final,3026,L1,PVALID,acquisition_fov_x_mm,T1,NA,NA_no_source_authoritative_mask,,,,,,,,,,,,,
final,3026,L1,PVALID,acquisition_fov_x_mm,T2,NA,NA_no_source_authoritative_mask,,,,,,,,,,,,,
final,3026,L1,PVALID,acquisition_fov_x_mm,T3,NA,NA_no_source_authoritative_mask,,,,,,,,,,,,,
final,3026,L1,PVALID,acquisition_fov_x_mm,macro,NA,NA_no_source_authoritative_mask,,,,,,,,,,,,,
final,3026,L1,PVALID,acquisition_fov_y_mm,T0,NA,NA_no_source_authoritative_mask,,,,,,,,,,,,,
final,3026,L1,PVALID,acquisition_fov_y_mm,T1,NA,NA_no_source_authoritative_mask,,,,,,,,,,,,,
final,3026,L1,PVALID,acquisition_fov_y_mm,T2,NA,NA_no_source_authoritative_mask,,,,,,,,,,,,,
final,3026,L1,PVALID,acquisition_fov_y_mm,T3,NA,NA_no_source_authoritative_mask,,,,,,,,,,,,,
final,3026,L1,PVALID,acquisition_fov_y_mm,macro,NA,NA_no_source_authoritative_mask,,,,,,,,,,,,,
final,3026,L1,PVALID,acquisition_fov_z_mm,T0,NA,NA_no_source_authoritative_mask,,,,,,,,,,,,,
final,3026,L1,PVALID,acquisition_fov_z_mm,T1,NA,NA_no_source_authoritative_mask,,,,,,,,,,,,,
final,3026,L1,PVALID,acquisition_fov_z_mm,T2,NA,NA_no_source_authoritative_mask,,,,,,,,,,,,,
final,3026,L1,PVALID,acquisition_fov_z_mm,T3,NA,NA_no_source_authoritative_mask,,,,,,,,,,,,,
final,3026,L1,PVALID,acquisition_fov_z_mm,macro,NA,NA_no_source_authoritative_mask,,,,,,,,,,,,,
final,3026,L1,PVALID,max_resample_factor,T0,NA,NA_no_source_authoritative_mask,,,,,,,,,,,,,
final,3026,L1,PVALID,max_resample_factor,T1,NA,NA_no_source_authoritative_mask,,,,,,,,,,,,,
final,3026,L1,PVALID,max_resample_factor,T2,NA,NA_no_source_authoritative_mask,,,,,,,,,,,,,
final,3026,L1,PVALID,max_resample_factor,T3,NA,NA_no_source_authoritative_mask,,,,,,,,,,,,,
final,3026,L1,PVALID,max_resample_factor,macro,NA,NA_no_source_authoritative_mask,,,,,,,,,,,,,
final,3026,L1,PVALID,native_spacing_x_mm,T0,NA,NA_no_source_authoritative_mask,,,,,,,,,,,,,
final,3026,L1,PVALID,native_spacing_x_mm,T1,NA,NA_no_source_authoritative_mask,,,,,,,,,,,,,
final,3026,L1,PVALID,native_spacing_x_mm,T2,NA,NA_no_source_authoritative_mask,,,,,,,,,,,,,
final,3026,L1,PVALID,native_spacing_x_mm,T3,NA,NA_no_source_authoritative_mask,,,,,,,,,,,,,
final,3026,L1,PVALID,native_spacing_x_mm,macro,NA,NA_no_source_authoritative_mask,,,,,,,,,,,,,
final,3026,L1,PVALID,native_spacing_y_mm,T0,NA,NA_no_source_authoritative_mask,,,,,,,,,,,,,
final,3026,L1,PVALID,native_spacing_y_mm,T1,NA,NA_no_source_authoritative_mask,,,,,,,,,,,,,
final,3026,L1,PVALID,native_spacing_y_mm,T2,NA,NA_no_source_authoritative_mask,,,,,,,,,,,,,
final,3026,L1,PVALID,native_spacing_y_mm,T3,NA,NA_no_source_authoritative_mask,,,,,,,,,,,,,
final,3026,L1,PVALID,native_spacing_y_mm,macro,NA,NA_no_source_authoritative_mask,,,,,,,,,,,,,
final,3026,L1,PVALID,native_spacing_z_mm,T0,NA,NA_no_source_authoritative_mask,,,,,,,,,,,,,
final,3026,L1,PVALID,native_spacing_z_mm,T1,NA,NA_no_source_authoritative_mask,,,,,,,,,,,,,
final,3026,L1,PVALID,native_spacing_z_mm,T2,NA,NA_no_source_authoritative_mask,,,,,,,,,,,,,
final,3026,L1,PVALID,native_spacing_z_mm,T3,NA,NA_no_source_authoritative_mask,,,,,,,,,,,,,
final,3026,L1,PVALID,native_spacing_z_mm,macro,NA,NA_no_source_authoritative_mask,,,,,,,,,,,,,
final,3026,L1,PVALID,padding_fraction,T0,NA,NA_no_source_authoritative_mask,,,,,,,,,,,,,
final,3026,L1,PVALID,padding_fraction,T1,NA,NA_no_source_authoritative_mask,,,,,,,,,,,,,
final,3026,L1,PVALID,padding_fraction,T2,NA,NA_no_source_authoritative_mask,,,,,,,,,,,,,
final,3026,L1,PVALID,padding_fraction,T3,NA,NA_no_source_authoritative_mask,,,,,,,,,,,,,
final,3026,L1,PVALID,padding_fraction,macro,NA,NA_no_source_authoritative_mask,,,,,,,,,,,,,
final,3026,L1,PVALID,resize_anisotropy,T0,NA,NA_no_source_authoritative_mask,,,,,,,,,,,,,
final,3026,L1,PVALID,resize_anisotropy,T1,NA,NA_no_source_authoritative_mask,,,,,,,,,,,,,
final,3026,L1,PVALID,resize_anisotropy,T2,NA,NA_no_source_authoritative_mask,,,,,,,,,,,,,
final,3026,L1,PVALID,resize_anisotropy,T3,NA,NA_no_source_authoritative_mask,,,,,,,,,,,,,
final,3026,L1,PVALID,resize_anisotropy,macro,NA,NA_no_source_authoritative_mask,,,,,,,,,,,,,
final,3026,L1,PVALID,valid_source_fraction,T0,NA,NA_no_source_authoritative_mask,,,,,,,,,,,,,
final,3026,L1,PVALID,valid_source_fraction,T1,NA,NA_no_source_authoritative_mask,,,,,,,,,,,,,
final,3026,L1,PVALID,valid_source_fraction,T2,NA,NA_no_source_authoritative_mask,,,,,,,,,,,,,
final,3026,L1,PVALID,valid_source_fraction,T3,NA,NA_no_source_authoritative_mask,,,,,,,,,,,,,
final,3026,L1,PVALID,valid_source_fraction,macro,NA,NA_no_source_authoritative_mask,,,,,,,,,,,,,
final,3026,L3,P0,acquisition_fov_x_mm,T0,AVAILABLE,,192.0,pooled_outer_test_folds,808.0,0.44809573919546375,0.502033763402822,0.24538840867616152,56.38264123552747,41.47774416514003,standardized_outer_train,5.0,0.45643494831768255,0.24607185026638576,0.10538529560869438
final,3026,L3,P0,acquisition_fov_x_mm,T1,AVAILABLE,,192.0,pooled_outer_test_folds,808.0,0.43133105343072015,0.4811187833721957,0.22714705376701771,57.471312610638236,42.37620161785158,standardized_outer_train,5.0,0.43886185722442395,0.22448561156361158,0.01793914100687343
final,3026,L3,P0,acquisition_fov_x_mm,T2,AVAILABLE,,192.0,pooled_outer_test_folds,808.0,0.41931391516707134,0.505206178658273,0.2552186410485284,57.09100294863227,41.329325631083925,standardized_outer_train,5.0,0.42709818232956936,0.2528186533935288,0.07575452472485342
final,3026,L3,P0,acquisition_fov_x_mm,T3,AVAILABLE,,192.0,pooled_outer_test_folds,808.0,0.42241786032952044,0.4902876016989186,0.23012618809119967,57.118059369168144,41.154966837965574,standardized_outer_train,5.0,0.4268101371849859,0.22801861312944322,0.03338038981284492
final,3026,L3,P0,acquisition_fov_x_mm,macro,AVAILABLE,,192.0,mean_of_pooled_endpoint_metrics,3232.0,0.43028964203069386,0.4946615817830523,0.23947007289572683,57.01575404099153,41.584559563010274,standardized_outer_train,5.0,0.43730128126416545,0.23784868208824234,0.04942836507888279
final,3026,L3,P0,acquisition_fov_y_mm,T0,AVAILABLE,,192.0,pooled_outer_test_folds,808.0,0.4480076146135345,0.5020337007933293,0.24538832051935333,56.38264437152992,41.4777466537989,standardized_outer_train,5.0,0.45635783956827336,0.24607176643211143,0.10538546723505827
final,3026,L3,P0,acquisition_fov_y_mm,T1,AVAILABLE,,192.0,pooled_outer_test_folds,808.0,0.43119717358321386,0.4811187484725216,0.22714701504818635,57.47131406355351,42.376202781435154,standardized_outer_train,5.0,0.43870998425798013,0.22448557218591825,0.017939229224506283
final,3026,L3,P0,acquisition_fov_y_mm,T2,AVAILABLE,,192.0,pooled_outer_test_folds,808.0,0.4194048797508132,0.5052061698002065,0.25521863230088404,57.091003227298,41.329325677401734,standardized_outer_train,5.0,0.42725107913371974,0.25281864544919536,0.07575454976676191
final,3026,L3,P0,acquisition_fov_y_mm,T3,AVAILABLE,,192.0,pooled_outer_test_folds,808.0,0.4224046278845068,0.4902876050605711,0.23012619248839694,57.11805913163214,41.154966651935084,standardized_outer_train,5.0,0.42676961211996955,0.22801861789298128,0.033380391203112106
final,3026,L3,P0,acquisition_fov_y_mm,macro,AVAILABLE,,192.0,mean_of_pooled_endpoint_metrics,3232.0,0.4302535739580171,0.4946615560316571,0.23947004008920517,57.0157551985034,41.58456044114271,standardized_outer_train,5.0,0.4372721287699856,0.23784865049005158,0.049428431928411044
final,3026,L3,P0,acquisition_fov_z_mm,T0,AVAILABLE,,192.0,pooled_outer_test_folds,808.0,0.22557769171437703,0.19926696686985176,0.0238628560937314,10.781299069396074,6.70466904437821,standardized_outer_train,5.0,0.24780587116555056,0.02833032921311692,0.07384486696019289
final,3026,L3,P0,acquisition_fov_z_mm,T1,AVAILABLE,,192.0,pooled_outer_test_folds,808.0,0.25250234513812975,0.2028134927977381,0.027843093790528517,11.42765286130257,7.095303116358789,standardized_outer_train,5.0,0.2634666330659674,0.028359240157775478,0.04060981791798569
final,3026,L3,P0,acquisition_fov_z_mm,T2,AVAILABLE,,192.0,pooled_outer_test_folds,808.0,0.21880073079154694,0.26062372607522094,0.06396061400972353,11.655652181117347,7.19243244909646,standardized_outer_train,5.0,0.22423338020053327,0.0781211698972393,0.1236784313292609
final,3026,L3,P0,acquisition_fov_z_mm,T3,AVAILABLE,,192.0,pooled_outer_test_folds,808.0,0.21168391611185292,0.2192305805618105,0.010048758355618914,11.507459752681706,7.058325116892985,standardized_outer_train,5.0,0.21836021828651608,0.009342698447100721,0.021530955648588233
final,3026,L3,P0,acquisition_fov_z_mm,macro,AVAILABLE,,192.0,mean_of_pooled_endpoint_metrics,3232.0,0.22714117093897665,0.22048369157615533,0.03142883056240059,11.343015966124424,7.01268243168161,standardized_outer_train,5.0,0.2384665256796418,0.036038359428808134,0.05290018579831305
final,3026,L3,P0,max_resample_factor,T0,AVAILABLE,,192.0,pooled_outer_test_folds,808.0,0.52300579665237,0.5028476667785631,0.23668112631673532,0.2623900295368884,0.20122476205809744,standardized_outer_train,5.0,0.517371414192029,0.23296295103519768,0.06475028346146013
final,3026,L3,P0,max_resample_factor,T1,AVAILABLE,,192.0,pooled_outer_test_folds,808.0,0.4191342482293228,0.3639792864155775,0.1217615290849603,0.2801045620042465,0.2137270705184499,standardized_outer_train,5.0,0.41620432820495196,0.12216796742144473,0.05674976373942344
final,3026,L3,P0,max_resample_factor,T2,AVAILABLE,,192.0,pooled_outer_test_folds,808.0,0.41274595935556574,0.39998035102049306,0.15214233157821044,0.2750014743458084,0.2083828624625434,standardized_outer_train,5.0,0.41148754262962883,0.15083586856850673,0.08071188075673268
final,3026,L3,P0,max_resample_factor,T3,AVAILABLE,,192.0,pooled_outer_test_folds,808.0,0.3623680568367405,0.3419434811543516,0.10080794788748648,0.2806485751221467,0.21316330217751997,standardized_outer_train,5.0,0.36306744014322945,0.10062519832110857,0.052621940335782824
final,3026,L3,P0,max_resample_factor,macro,AVAILABLE,,192.0,mean_of_pooled_endpoint_metrics,3232.0,0.42931351526849976,0.4021876963422463,0.15284823371684814,0.27453616025227245,0.2091244993041527,standardized_outer_train,5.0,0.42703268129245975,0.15164799633656442,0.03668301641283579
final,3026,L3,P0,native_spacing_x_mm,T0,AVAILABLE,,192.0,pooled_outer_test_folds,808.0,0.47240121024034526,0.4961851171024095,0.24269355510005552,0.1300108783514679,0.0900908454756927,standardized_outer_train,5.0,0.482893998176937,0.2434578161248969,0.06726297255783775
final,3026,L3,P0,native_spacing_x_mm,T1,AVAILABLE,,192.0,pooled_outer_test_folds,808.0,0.4222525452601717,0.43060600334529514,0.18438391522424302,0.13348373558583906,0.0926829603766291,standardized_outer_train,5.0,0.4260275065892172,0.17772435231410838,0.04172186964818963
final,3026,L3,P0,native_spacing_x_mm,T2,AVAILABLE,,192.0,pooled_outer_test_folds,808.0,0.42004849984429166,0.45570766524245654,0.20763347125864717,0.13097427999930464,0.08998310508192205,standardized_outer_train,5.0,0.42759671200236776,0.20503806325566543,0.056388837737206286
final,3026,L3,P0,native_spacing_x_mm,T3,AVAILABLE,,192.0,pooled_outer_test_folds,808.0,0.37551582364273983,0.4186381407541121,0.17174263983681803,0.13311768943045107,0.09177645025456878,standardized_outer_train,5.0,0.3837568298784361,0.1701572168230502,0.06534902905205313
final,3026,L3,P0,native_spacing_x_mm,macro,AVAILABLE,,192.0,mean_of_pooled_endpoint_metrics,3232.0,0.4225545197468871,0.45028423161106834,0.20161339535494094,0.1318966458417657,0.09113334029720314,standardized_outer_train,5.0,0.4300687616617395,0.19909436212943024,0.04398190289985728
final,3026,L3,P0,native_spacing_y_mm,T0,AVAILABLE,,192.0,pooled_outer_test_folds,808.0,0.47224311919169865,0.4961851220321096,0.24269355969116047,0.13001087765859404,0.09009084550266068,standardized_outer_train,5.0,0.4827071687890735,0.24345782079076211,0.06726297091781505
final,3026,L3,P0,native_spacing_y_mm,T1,AVAILABLE,,192.0,pooled_outer_test_folds,808.0,0.42197570166111825,0.4306060281458615,0.184383938050249,0.13348373368342586,0.09268296024771283,standardized_outer_train,5.0,0.4258284893742257,0.17772438054209544,0.04172180567253522
final,3026,L3,P0,native_spacing_y_mm,T2,AVAILABLE,,192.0,pooled_outer_test_folds,808.0,0.42011030227159235,0.45570766858446243,0.207633474311409,0.1309742796208235,0.08998310518529429,standardized_outer_train,5.0,0.4277928503198316,0.20503806616208603,0.05638884151418707
final,3026,L3,P0,native_spacing_y_mm,T3,AVAILABLE,,192.0,pooled_outer_test_folds,808.0,0.3757101745430089,0.418638074643769,0.171742569496118,0.1331176948214376,0.09177645812094351,standardized_outer_train,5.0,0.3839185969017024,0.17015714688318426,0.06534908457402214
final,3026,L3,P0,native_spacing_y_mm,macro,AVAILABLE,,192.0,mean_of_pooled_endpoint_metrics,3232.0,0.42250982441685453,0.4502842233515506,0.2016133853872341,0.13189664644607024,0.09113334226415282,standardized_outer_train,5.0,0.4300617763462083,0.19909435359453193,0.04398187994332195
final,3026,L3,P0,native_spacing_z_mm,T0,AVAILABLE,,192.0,pooled_outer_test_folds,808.0,0.6404014006559853,0.6518936084265143,0.4221518317678614,0.413835584843381,0.3349508136163016,standardized_outer_train,5.0,0.6342034453066601,0.4213497743875,0.09473976420228546
final,3026,L3,P0,native_spacing_z_mm,T1,AVAILABLE,,192.0,pooled_outer_test_folds,808.0,0.516816731535035,0.5311135660590923,0.2654809285967551,0.46682143475772936,0.37473651083933784,standardized_outer_train,5.0,0.5161648880954056,0.26609325276906126,0.09053038340003262
final,3026,L3,P0,native_spacing_z_mm,T2,AVAILABLE,,192.0,pooled_outer_test_folds,808.0,0.4693827743000619,0.4939012110052481,0.22149553996649585,0.47899713444023523,0.38867839643457125,standardized_outer_train,5.0,0.47363570438461206,0.22163792393493598,0.0630891618443693
final,3026,L3,P0,native_spacing_z_mm,T3,AVAILABLE,,192.0,pooled_outer_test_folds,808.0,0.45134607447131575,0.4724602611664126,0.20912094006181126,0.4853747839760367,0.3970243486415226,standardized_outer_train,5.0,0.45014732317023826,0.2085873941673472,0.05535113846683719
final,3026,L3,P0,native_spacing_z_mm,macro,AVAILABLE,,192.0,mean_of_pooled_endpoint_metrics,3232.0,0.5194867452405995,0.5373421616643168,0.2795623100982309,0.4612572345043456,0.3738475173829333,standardized_outer_train,5.0,0.518537840239229,0.2794170863147111,0.052992136961535256
final,3026,L3,P0,padding_fraction,T0,AVAILABLE,,192.0,pooled_outer_test_folds,808.0,0.2934856581157607,0.2702932507432109,0.05121908777674722,0.08907082805871314,0.06890405657129521,standardized_outer_train,5.0,0.28776841482179816,0.04630034981609067,0.07865241426780653
final,3026,L3,P0,padding_fraction,T1,AVAILABLE,,192.0,pooled_outer_test_folds,808.0,0.24048208519937295,0.2526566785027022,0.04976777570702384,0.10450499473486634,0.08137689557740545,standardized_outer_train,5.0,0.24991233096595172,0.046098308356809156,0.054711137623091724
final,3026,L3,P0,padding_fraction,T2,AVAILABLE,,192.0,pooled_outer_test_folds,808.0,0.22870357217073053,0.2359515906966617,0.052737169110508075,0.10514763815058525,0.08156735106350306,standardized_outer_train,5.0,0.2327984569431069,0.05051881522767058,0.042823318575824186
final,3026,L3,P0,padding_fraction,T3,AVAILABLE,,192.0,pooled_outer_test_folds,808.0,0.20654275623857854,0.2217728925726734,0.04473500901687011,0.10627710689888299,0.08263882072046314,standardized_outer_train,5.0,0.21134979981010638,0.041920970126839985,0.03799217214098975
final,3026,L3,P0,padding_fraction,macro,AVAILABLE,,192.0,mean_of_pooled_endpoint_metrics,3232.0,0.24230351793111068,0.24516860312881206,0.04961476040278731,0.10125014196076193,0.07862178098316672,standardized_outer_train,5.0,0.24545725063524076,0.046209610881852596,0.038997202604421036
final,3026,L3,P0,resize_anisotropy,T0,AVAILABLE,,192.0,pooled_outer_test_folds,808.0,0.1259116770368395,0.25112719402067046,0.03578431336221932,0.33096875399209114,0.22770843472600785,standardized_outer_train,5.0,0.12559598034632,0.014069728078762042,0.15415689020371065
final,3026,L3,P0,resize_anisotropy,T1,AVAILABLE,,192.0,pooled_outer_test_folds,808.0,0.07614496579672547,0.1578316799666874,0.01595039176613633,0.3342361086830264,0.22635983729972312,standardized_outer_train,5.0,0.06137307259334498,0.009665563317465539,0.026720926264317536
final,3026,L3,P0,resize_anisotropy,T2,AVAILABLE,,192.0,pooled_outer_test_folds,808.0,0.1114351212008346,0.2533890539533802,0.058990002701775346,0.32768634137574726,0.2216860635338683,standardized_outer_train,5.0,0.11043026830750549,0.04428678236819606,0.10085194836550991
final,3026,L3,P0,resize_anisotropy,T3,AVAILABLE,,192.0,pooled_outer_test_folds,808.0,0.1680859989168865,0.23368463149628285,0.03777429048715675,0.3291938691396507,0.22085288007861625,standardized_outer_train,5.0,0.16680288929805268,0.03144995778979356,0.042029955547051606
final,3026,L3,P0,resize_anisotropy,macro,AVAILABLE,,192.0,mean_of_pooled_endpoint_metrics,3232.0,0.12039444073782152,0.22400813985925522,0.037124749579321936,0.33052126829762885,0.2241518039095539,standardized_outer_train,5.0,0.11605055263630577,0.024868007888554304,0.07271510871942952
final,3026,L3,P0,valid_source_fraction,T0,AVAILABLE,,192.0,pooled_outer_test_folds,808.0,0.2934856581157607,0.2702932100002508,0.051219057905685816,0.08907082946084936,0.06890405702674747,standardized_outer_train,5.0,0.28776841482179816,0.04630032342338758,0.07865243023985771
final,3026,L3,P0,valid_source_fraction,T1,AVAILABLE,,192.0,pooled_outer_test_folds,808.0,0.24048208519937295,0.25265672243538007,0.049767814357308704,0.1045049926095186,0.08137689315687802,standardized_outer_train,5.0,0.24991233096595172,0.04609834024177488,0.05471111025121446
final,3026,L3,P0,valid_source_fraction,T2,AVAILABLE,,192.0,pooled_outer_test_folds,808.0,0.22870357217073053,0.2359515856609618,0.052737165815719855,0.10514763833344856,0.08156735096376078,standardized_outer_train,5.0,0.2327984569431069,0.05051881174352374,0.042823321554101054
final,3026,L3,P0,valid_source_fraction,T3,AVAILABLE,,192.0,pooled_outer_test_folds,808.0,0.20654275623857854,0.22177288797822647,0.04473500689984755,0.10627710701664668,0.08263882039379582,standardized_outer_train,5.0,0.21134979981010638,0.04192096804563254,0.03799216708552084
final,3026,L3,P0,valid_source_fraction,macro,AVAILABLE,,192.0,mean_of_pooled_endpoint_metrics,3232.0,0.24230351793111068,0.24516860151870476,0.04961476124464048,0.10125014185511579,0.07862178038529552,standardized_outer_train,5.0,0.24545725063524076,0.04620961086357972,0.038997200845136804
final,3026,L3,PLOCAL,acquisition_fov_x_mm,T0,AVAILABLE,,192.0,pooled_outer_test_folds,808.0,0.7363640269581359,0.8194255648666351,0.6683932334854299,37.37621957032588,26.656350679534672,standardized_outer_train,5.0,0.7338647881021751,0.6683529178477097,0.09614660836274291
final,3026,L3,PLOCAL,acquisition_fov_x_mm,T1,AVAILABLE,,192.0,pooled_outer_test_folds,808.0,0.6913459339045409,0.7275898781496718,0.5208156443444005,45.2536900797137,32.720218930409025,standardized_outer_train,5.0,0.6899821964841972,0.5155030869039192,0.12117929645209284
final,3026,L3,PLOCAL,acquisition_fov_x_mm,T2,AVAILABLE,,192.0,pooled_outer_test_folds,808.0,0.6552828938455699,0.7363949064673546,0.5320859751313551,45.251846444943865,33.11011073783146,standardized_outer_train,5.0,0.6416240020321258,0.5301705860907555,0.1106620360330961
final,3026,L3,PLOCAL,acquisition_fov_x_mm,T3,AVAILABLE,,192.0,pooled_outer_test_folds,808.0,0.6596734544059825,0.7324980263673194,0.5303022674254223,44.61417864085938,32.80332145175951,standardized_outer_train,5.0,0.6619369862493595,0.5325759817004022,0.0683114272966845
final,3026,L3,PLOCAL,acquisition_fov_x_mm,macro,AVAILABLE,,192.0,mean_of_pooled_endpoint_metrics,3232.0,0.6856665772785572,0.7539770939627453,0.5628992800966519,43.1239836839607,31.32250044988367,standardized_outer_train,5.0,0.6818519932169644,0.5616506431356967,0.08732121174507432
final,3026,L3,PLOCAL,acquisition_fov_y_mm,T0,AVAILABLE,,192.0,pooled_outer_test_folds,808.0,0.7363601472919579,0.8194255613579307,0.6683932239378114,37.376220004037776,26.656351516586373,standardized_outer_train,5.0,0.733856069421847,0.668352908562751,0.09614658964349349
final,3026,L3,PLOCAL,acquisition_fov_y_mm,T1,AVAILABLE,,192.0,pooled_outer_test_folds,808.0,0.6913318427776377,0.7275898064973184,0.5208155392102677,45.25369505456696,32.72022346944856,standardized_outer_train,5.0,0.689913319027842,0.5155029814683315,0.12117925337046495
final,3026,L3,PLOCAL,acquisition_fov_y_mm,T2,AVAILABLE,,192.0,pooled_outer_test_folds,808.0,0.655278756266551,0.7363949282851526,0.5320860114422721,45.251844644264764,33.110111110430445,standardized_outer_train,5.0,0.6416549367803267,0.530170623673943,0.11066200396597212
final,3026,L3,PLOCAL,acquisition_fov_y_mm,T3,AVAILABLE,,192.0,pooled_outer_test_folds,808.0,0.6596501040819385,0.7324980149379939,0.5303022384132139,44.61417996059226,32.80331878592862,standardized_outer_train,5.0,0.6618823922711702,0.5325759532651485,0.06831145960957792
final,3026,L3,PLOCAL,acquisition_fov_y_mm,macro,AVAILABLE,,192.0,mean_of_pooled_endpoint_metrics,3232.0,0.6856552126045212,0.7539770777695989,0.5628992532508913,43.12398491586544,31.322501220598497,standardized_outer_train,5.0,0.6818266793752965,0.5616506167425435,0.08732118765715242
final,3026,L3,PLOCAL,acquisition_fov_z_mm,T0,AVAILABLE,,192.0,pooled_outer_test_folds,808.0,0.28232242353120895,0.3871466877846071,0.1418631157177982,10.10866858966005,6.096056770174146,standardized_outer_train,5.0,0.2905884003164315,0.1432721613842468,0.06132717601300879
final,3026,L3,PLOCAL,acquisition_fov_z_mm,T1,AVAILABLE,,192.0,pooled_outer_test_folds,808.0,0.3167328271046047,0.33359633768251473,0.07504321235575839,11.146783814260822,7.054660669518736,standardized_outer_train,5.0,0.3102990732009524,0.08229897673370827,0.07249503461907728
final,3026,L3,PLOCAL,acquisition_fov_z_mm,T2,AVAILABLE,,192.0,pooled_outer_test_folds,808.0,0.2773954042984391,0.32304234207294036,0.09913931378365137,11.434530437120914,6.810088673430316,standardized_outer_train,5.0,0.28211112743558253,0.11586907791267342,0.09989834802705815
final,3026,L3,PLOCAL,acquisition_fov_z_mm,T3,AVAILABLE,,192.0,pooled_outer_test_folds,808.0,0.30307102569865196,0.38311361405822686,0.1377584243067751,10.739573688708246,6.392661438896687,standardized_outer_train,5.0,0.3018412808346888,0.14627809966498476,0.0966497235148661
final,3026,L3,PLOCAL,acquisition_fov_z_mm,macro,AVAILABLE,,192.0,mean_of_pooled_endpoint_metrics,3232.0,0.2948804201582262,0.3567247453995722,0.11345101654099576,10.857389132437508,6.5883668880049715,standardized_outer_train,5.0,0.29620997044691383,0.1219295789239033,0.06885582044166806
final,3026,L3,PLOCAL,max_resample_factor,T0,AVAILABLE,,192.0,pooled_outer_test_folds,808.0,0.7151141572028502,0.6886616521190811,0.4678909023683937,0.21907593310316356,0.16725888516692927,standardized_outer_train,5.0,0.7114765839726536,0.4621765390594727,0.07262103689779523
final,3026,L3,PLOCAL,max_resample_factor,T1,AVAILABLE,,192.0,pooled_outer_test_folds,808.0,0.638767590279389,0.5933601565551206,0.32355399872789936,0.24582753164340526,0.18465563884854383,standardized_outer_train,5.0,0.634927584550345,0.31578440987764206,0.09365987152552857
final,3026,L3,PLOCAL,max_resample_factor,T2,AVAILABLE,,192.0,pooled_outer_test_folds,808.0,0.7011428794216862,0.6665417045734365,0.4396854470418573,0.2235576301534757,0.166953841463992,standardized_outer_train,5.0,0.7026971745166696,0.4371931668319962,0.0569804160260732
final,3026,L3,PLOCAL,max_resample_factor,T3,AVAILABLE,,192.0,pooled_outer_test_folds,808.0,0.7212782492305314,0.6907356452977813,0.47619995006386706,0.21419995713289838,0.16415929197496537,standardized_outer_train,5.0,0.7253889965031933,0.473904524175582,0.06321571882000518
final,3026,L3,PLOCAL,max_resample_factor,macro,AVAILABLE,,192.0,mean_of_pooled_endpoint_metrics,3232.0,0.6940757190336142,0.6598247896363549,0.4268325745505044,0.22566526300823575,0.1707569143636076,standardized_outer_train,5.0,0.6936225848857154,0.4222646599861733,0.0586753541906505
final,3026,L3,PLOCAL,native_spacing_x_mm,T0,AVAILABLE,,192.0,pooled_outer_test_folds,808.0,0.7902130090638967,0.8205367827547212,0.6722014441597637,0.08553569410191007,0.05468540737805938,standardized_outer_train,5.0,0.7889763860817192,0.6814970666529157,0.08413101103025042
final,3026,L3,PLOCAL,native_spacing_x_mm,T1,AVAILABLE,,192.0,pooled_outer_test_folds,808.0,0.7095198368579939,0.7469415717568965,0.5507363846404707,0.09906861349501418,0.06765347119373948,standardized_outer_train,5.0,0.7172346871645434,0.5454142424546078,0.10488669052716766
final,3026,L3,PLOCAL,native_spacing_x_mm,T2,AVAILABLE,,192.0,pooled_outer_test_folds,808.0,0.7273408425858535,0.7652622806079773,0.5783650682474444,0.09554132302698672,0.06319111761431463,standardized_outer_train,5.0,0.7204614718795949,0.582892757841919,0.12830501344318507
final,3026,L3,PLOCAL,native_spacing_x_mm,T3,AVAILABLE,,192.0,pooled_outer_test_folds,808.0,0.6938015631726437,0.7246447461252274,0.5203510631103009,0.10130126344874442,0.06842419109979535,standardized_outer_train,5.0,0.6898620655824086,0.5347638501416376,0.10928699850651459
final,3026,L3,PLOCAL,native_spacing_x_mm,macro,AVAILABLE,,192.0,mean_of_pooled_endpoint_metrics,3232.0,0.7302188129200969,0.7643463453112056,0.5804134900394949,0.09536172351816384,0.06348854682147721,standardized_outer_train,5.0,0.7291336526770665,0.5861419792727701,0.08361055028529395
final,3026,L3,PLOCAL,native_spacing_y_mm,T0,AVAILABLE,,192.0,pooled_outer_test_folds,808.0,0.7901937789572197,0.8205367832879286,0.6722014457930736,0.08553569369223876,0.054685406497819965,standardized_outer_train,5.0,0.7889833256277644,0.6814970681871783,0.08413101119265895
final,3026,L3,PLOCAL,native_spacing_y_mm,T1,AVAILABLE,,192.0,pooled_outer_test_folds,808.0,0.70950061937165,0.7469415774407746,0.5507363537327257,0.09906861687714855,0.06765349483292167,standardized_outer_train,5.0,0.7172444028643683,0.5454141768422004,0.1048869342171719
final,3026,L3,PLOCAL,native_spacing_y_mm,T2,AVAILABLE,,192.0,pooled_outer_test_folds,808.0,0.7273591612009433,0.7652621232258342,0.5783648243342762,0.09554135056996879,0.06319113325535723,standardized_outer_train,5.0,0.7204578173847658,0.5828925656314317,0.12830501175729897
final,3026,L3,PLOCAL,native_spacing_y_mm,T3,AVAILABLE,,192.0,pooled_outer_test_folds,808.0,0.6939146032085671,0.724644756508816,0.5203510851422042,0.10130126092311466,0.06842419106288734,standardized_outer_train,5.0,0.6899537885757183,0.5347639122895209,0.10928705497204232
final,3026,L3,PLOCAL,native_spacing_y_mm,macro,AVAILABLE,,192.0,mean_of_pooled_endpoint_metrics,3232.0,0.7302420406845951,0.7643463101158384,0.5804134272505699,0.0953617305156177,0.06348855641224654,standardized_outer_train,5.0,0.7291598336131543,0.5861419307375828,0.08361058609579193
final,3026,L3,PLOCAL,native_spacing_z_mm,T0,AVAILABLE,,192.0,pooled_outer_test_folds,808.0,0.8723407387703396,0.874616517704922,0.7558348132573983,0.2690065362689391,0.20954865863046826,standardized_outer_train,5.0,0.8708268968344246,0.7550721057670902,0.06916773940715525
final,3026,L3,PLOCAL,native_spacing_z_mm,T1,AVAILABLE,,192.0,pooled_outer_test_folds,808.0,0.8240825371184286,0.8168922342314414,0.6583271822482342,0.3183863685171538,0.24713798509813922,standardized_outer_train,5.0,0.8199905011549558,0.6579515872565447,0.0926077888532776
final,3026,L3,PLOCAL,native_spacing_z_mm,T2,AVAILABLE,,192.0,pooled_outer_test_folds,808.0,0.8413689285653662,0.841604105470365,0.6993679303498543,0.2976596838509754,0.22754143008140734,standardized_outer_train,5.0,0.8416116317018636,0.6995374476497801,0.07650106804534042
final,3026,L3,PLOCAL,native_spacing_z_mm,T3,AVAILABLE,,192.0,pooled_outer_test_folds,808.0,0.8506355600528488,0.8401365935094952,0.698500597863922,0.2996852715448865,0.22964066179971462,standardized_outer_train,5.0,0.8535864489998015,0.6983517295344879,0.07545548633754347
final,3026,L3,PLOCAL,native_spacing_z_mm,macro,AVAILABLE,,192.0,mean_of_pooled_endpoint_metrics,3232.0,0.8471069411267458,0.8433123627290559,0.7030076309298523,0.2961844650454887,0.22846718390243237,standardized_outer_train,5.0,0.8465038696727614,0.7027282175519758,0.07225317813070134
final,3026,L3,PLOCAL,padding_fraction,T0,AVAILABLE,,192.0,pooled_outer_test_folds,808.0,0.5004113577228981,0.4885285986308463,0.23232848227365643,0.08011986967569391,0.06126637735335166,standardized_outer_train,5.0,0.5060835545230916,0.22825883594870397,0.09332201918344236
final,3026,L3,PLOCAL,padding_fraction,T1,AVAILABLE,,192.0,pooled_outer_test_folds,808.0,0.4258580576845702,0.4191753061863039,0.1745569273564005,0.09740151997850904,0.07416864207962025,standardized_outer_train,5.0,0.43555556966910824,0.1744336586336132,0.043166115020708884
final,3026,L3,PLOCAL,padding_fraction,T2,AVAILABLE,,192.0,pooled_outer_test_folds,808.0,0.33267862529368014,0.31793864360212115,0.09310121467448584,0.10288301521257567,0.07960523446060866,standardized_outer_train,5.0,0.3418181850966055,0.08884350213968005,0.06142629080756194
final,3026,L3,PLOCAL,padding_fraction,T3,AVAILABLE,,192.0,pooled_outer_test_folds,808.0,0.36368839570523676,0.3713515321885089,0.13403799540680505,0.101187580378356,0.07858930049405952,standardized_outer_train,5.0,0.3705874696630169,0.12761787635270305,0.06994411645723995
final,3026,L3,PLOCAL,padding_fraction,macro,AVAILABLE,,192.0,mean_of_pooled_endpoint_metrics,3232.0,0.4056591091015963,0.3992485201519451,0.15850615492783696,0.09539799631128366,0.07340738859691001,standardized_outer_train,5.0,0.41351119473795556,0.15478846826867507,0.054184111972517005
final,3026,L3,PLOCAL,resize_anisotropy,T0,AVAILABLE,,192.0,pooled_outer_test_folds,808.0,0.20745793660068942,0.3658561913443095,0.12500701599619268,0.3152841830953961,0.21493301229080067,standardized_outer_train,5.0,0.20658492239468243,0.11566249534234134,0.10073424650918386
final,3026,L3,PLOCAL,resize_anisotropy,T1,AVAILABLE,,192.0,pooled_outer_test_folds,808.0,0.12585211322440976,0.28051852099846414,0.06840360782150412,0.3252061642569454,0.2191312288862506,standardized_outer_train,5.0,0.1182750692556285,0.0544603159446342,0.10956638463485058
final,3026,L3,PLOCAL,resize_anisotropy,T2,AVAILABLE,,192.0,pooled_outer_test_folds,808.0,0.15662773158952203,0.39213998003375916,0.14239131588121912,0.3128281351975477,0.21494171872508236,standardized_outer_train,5.0,0.15074346135883326,0.11494726406716413,0.1872068566060167
final,3026,L3,PLOCAL,resize_anisotropy,T3,AVAILABLE,,192.0,pooled_outer_test_folds,808.0,0.2396108023210385,0.43698312266215833,0.18096036073718447,0.3037146356528784,0.20886709250728006,standardized_outer_train,5.0,0.23311476579677942,0.16654990385185112,0.10292166796512352
final,3026,L3,PLOCAL,resize_anisotropy,macro,AVAILABLE,,192.0,mean_of_pooled_endpoint_metrics,3232.0,0.18238714593391492,0.36887445375967276,0.1291905751090251,0.31425827955069185,0.21446826310235342,standardized_outer_train,5.0,0.17717955470148086,0.1129049948014977,0.11928447844457009
final,3026,L3,PLOCAL,valid_source_fraction,T0,AVAILABLE,,192.0,pooled_outer_test_folds,808.0,0.5004113577228981,0.48852852731418245,0.23232839909321135,0.08011987401635662,0.06126637962281597,standardized_outer_train,5.0,0.5060835545230916,0.22825877259820254,0.09332207339386839
final,3026,L3,PLOCAL,valid_source_fraction,T1,AVAILABLE,,192.0,pooled_outer_test_folds,808.0,0.4258580576845702,0.4191752966860686,0.17455691835774145,0.09740152050942577,0.07416864248023858,standardized_outer_train,5.0,0.43555556966910824,0.1744336502167879,0.04316611921769956
final,3026,L3,PLOCAL,valid_source_fraction,T2,AVAILABLE,,192.0,pooled_outer_test_folds,808.0,0.33267862529368014,0.31793864934397614,0.09310121855854314,0.1028830149922625,0.07960523428347713,standardized_outer_train,5.0,0.3418181850966055,0.08884350600886516,0.061426286203637936
final,3026,L3,PLOCAL,valid_source_fraction,T3,AVAILABLE,,192.0,pooled_outer_test_folds,808.0,0.36368839570523676,0.37135152898205015,0.1340379922917736,0.10118758056035158,0.07858930065294453,standardized_outer_train,5.0,0.3705874696630169,0.12761787344920866,0.06994411633762873
final,3026,L3,PLOCAL,valid_source_fraction,macro,AVAILABLE,,192.0,mean_of_pooled_endpoint_metrics,3232.0,0.4056591091015963,0.39924850058156935,0.15850613207531739,0.09539799751959913,0.07340738925986906,standardized_outer_train,5.0,0.41351119473795556,0.15478845056826607,0.054184114239793496
final,3026,L3,PVALID,acquisition_fov_x_mm,T0,NA,NA_no_source_authoritative_mask,,,,,,,,,,,,,
final,3026,L3,PVALID,acquisition_fov_x_mm,T1,NA,NA_no_source_authoritative_mask,,,,,,,,,,,,,
final,3026,L3,PVALID,acquisition_fov_x_mm,T2,NA,NA_no_source_authoritative_mask,,,,,,,,,,,,,
final,3026,L3,PVALID,acquisition_fov_x_mm,T3,NA,NA_no_source_authoritative_mask,,,,,,,,,,,,,
final,3026,L3,PVALID,acquisition_fov_x_mm,macro,NA,NA_no_source_authoritative_mask,,,,,,,,,,,,,
final,3026,L3,PVALID,acquisition_fov_y_mm,T0,NA,NA_no_source_authoritative_mask,,,,,,,,,,,,,
final,3026,L3,PVALID,acquisition_fov_y_mm,T1,NA,NA_no_source_authoritative_mask,,,,,,,,,,,,,
final,3026,L3,PVALID,acquisition_fov_y_mm,T2,NA,NA_no_source_authoritative_mask,,,,,,,,,,,,,
final,3026,L3,PVALID,acquisition_fov_y_mm,T3,NA,NA_no_source_authoritative_mask,,,,,,,,,,,,,
final,3026,L3,PVALID,acquisition_fov_y_mm,macro,NA,NA_no_source_authoritative_mask,,,,,,,,,,,,,
final,3026,L3,PVALID,acquisition_fov_z_mm,T0,NA,NA_no_source_authoritative_mask,,,,,,,,,,,,,
final,3026,L3,PVALID,acquisition_fov_z_mm,T1,NA,NA_no_source_authoritative_mask,,,,,,,,,,,,,
final,3026,L3,PVALID,acquisition_fov_z_mm,T2,NA,NA_no_source_authoritative_mask,,,,,,,,,,,,,
final,3026,L3,PVALID,acquisition_fov_z_mm,T3,NA,NA_no_source_authoritative_mask,,,,,,,,,,,,,
final,3026,L3,PVALID,acquisition_fov_z_mm,macro,NA,NA_no_source_authoritative_mask,,,,,,,,,,,,,
final,3026,L3,PVALID,max_resample_factor,T0,NA,NA_no_source_authoritative_mask,,,,,,,,,,,,,
final,3026,L3,PVALID,max_resample_factor,T1,NA,NA_no_source_authoritative_mask,,,,,,,,,,,,,
final,3026,L3,PVALID,max_resample_factor,T2,NA,NA_no_source_authoritative_mask,,,,,,,,,,,,,
final,3026,L3,PVALID,max_resample_factor,T3,NA,NA_no_source_authoritative_mask,,,,,,,,,,,,,
final,3026,L3,PVALID,max_resample_factor,macro,NA,NA_no_source_authoritative_mask,,,,,,,,,,,,,
final,3026,L3,PVALID,native_spacing_x_mm,T0,NA,NA_no_source_authoritative_mask,,,,,,,,,,,,,
final,3026,L3,PVALID,native_spacing_x_mm,T1,NA,NA_no_source_authoritative_mask,,,,,,,,,,,,,
final,3026,L3,PVALID,native_spacing_x_mm,T2,NA,NA_no_source_authoritative_mask,,,,,,,,,,,,,
final,3026,L3,PVALID,native_spacing_x_mm,T3,NA,NA_no_source_authoritative_mask,,,,,,,,,,,,,
final,3026,L3,PVALID,native_spacing_x_mm,macro,NA,NA_no_source_authoritative_mask,,,,,,,,,,,,,
final,3026,L3,PVALID,native_spacing_y_mm,T0,NA,NA_no_source_authoritative_mask,,,,,,,,,,,,,
final,3026,L3,PVALID,native_spacing_y_mm,T1,NA,NA_no_source_authoritative_mask,,,,,,,,,,,,,
final,3026,L3,PVALID,native_spacing_y_mm,T2,NA,NA_no_source_authoritative_mask,,,,,,,,,,,,,
final,3026,L3,PVALID,native_spacing_y_mm,T3,NA,NA_no_source_authoritative_mask,,,,,,,,,,,,,
final,3026,L3,PVALID,native_spacing_y_mm,macro,NA,NA_no_source_authoritative_mask,,,,,,,,,,,,,
final,3026,L3,PVALID,native_spacing_z_mm,T0,NA,NA_no_source_authoritative_mask,,,,,,,,,,,,,
final,3026,L3,PVALID,native_spacing_z_mm,T1,NA,NA_no_source_authoritative_mask,,,,,,,,,,,,,
final,3026,L3,PVALID,native_spacing_z_mm,T2,NA,NA_no_source_authoritative_mask,,,,,,,,,,,,,
final,3026,L3,PVALID,native_spacing_z_mm,T3,NA,NA_no_source_authoritative_mask,,,,,,,,,,,,,
final,3026,L3,PVALID,native_spacing_z_mm,macro,NA,NA_no_source_authoritative_mask,,,,,,,,,,,,,
final,3026,L3,PVALID,padding_fraction,T0,NA,NA_no_source_authoritative_mask,,,,,,,,,,,,,
final,3026,L3,PVALID,padding_fraction,T1,NA,NA_no_source_authoritative_mask,,,,,,,,,,,,,
final,3026,L3,PVALID,padding_fraction,T2,NA,NA_no_source_authoritative_mask,,,,,,,,,,,,,
final,3026,L3,PVALID,padding_fraction,T3,NA,NA_no_source_authoritative_mask,,,,,,,,,,,,,
final,3026,L3,PVALID,padding_fraction,macro,NA,NA_no_source_authoritative_mask,,,,,,,,,,,,,
final,3026,L3,PVALID,resize_anisotropy,T0,NA,NA_no_source_authoritative_mask,,,,,,,,,,,,,
final,3026,L3,PVALID,resize_anisotropy,T1,NA,NA_no_source_authoritative_mask,,,,,,,,,,,,,
final,3026,L3,PVALID,resize_anisotropy,T2,NA,NA_no_source_authoritative_mask,,,,,,,,,,,,,
final,3026,L3,PVALID,resize_anisotropy,T3,NA,NA_no_source_authoritative_mask,,,,,,,,,,,,,
final,3026,L3,PVALID,resize_anisotropy,macro,NA,NA_no_source_authoritative_mask,,,,,,,,,,,,,
final,3026,L3,PVALID,valid_source_fraction,T0,NA,NA_no_source_authoritative_mask,,,,,,,,,,,,,
final,3026,L3,PVALID,valid_source_fraction,T1,NA,NA_no_source_authoritative_mask,,,,,,,,,,,,,
final,3026,L3,PVALID,valid_source_fraction,T2,NA,NA_no_source_authoritative_mask,,,,,,,,,,,,,
final,3026,L3,PVALID,valid_source_fraction,T3,NA,NA_no_source_authoritative_mask,,,,,,,,,,,,,
final,3026,L3,PVALID,valid_source_fraction,macro,NA,NA_no_source_authoritative_mask,,,,,,,,,,,,,
final,3026,N1,P0,acquisition_fov_x_mm,T0,AVAILABLE,,192.0,pooled_outer_test_folds,808.0,0.4908139827771002,0.5811169735136398,0.3154148743959517,53.70285934968973,39.69919286882742,standardized_outer_train,5.0,0.4857364097655984,0.3149432764876522,0.1341294738261953
final,3026,N1,P0,acquisition_fov_x_mm,T1,AVAILABLE,,192.0,pooled_outer_test_folds,808.0,0.4872437848635688,0.5703152295127871,0.3067515917396795,54.43110154267467,40.93072860569957,standardized_outer_train,5.0,0.4847037688883774,0.3083191268326355,0.12030767400033446
final,3026,N1,P0,acquisition_fov_x_mm,T2,AVAILABLE,,192.0,pooled_outer_test_folds,808.0,0.4821151557310306,0.5891465393468617,0.3432371331886588,53.61145183997356,38.78358938575894,standardized_outer_train,5.0,0.48329275744293143,0.34517851738382727,0.08083323397725907
final,3026,N1,P0,acquisition_fov_x_mm,T3,AVAILABLE,,192.0,pooled_outer_test_folds,808.0,0.4732077414145572,0.5668428326026237,0.30238914108326276,54.37137125955498,40.16896772465374,standardized_outer_train,5.0,0.4763165309887515,0.3052256224894389,0.12407343626385382
final,3026,N1,P0,acquisition_fov_x_mm,macro,AVAILABLE,,192.0,mean_of_pooled_endpoint_metrics,3232.0,0.4833451661965642,0.5768553937439781,0.31694818510188816,54.02919599797323,39.89561964623492,standardized_outer_train,5.0,0.4825123667714147,0.31841663579838847,0.10806662451797307
final,3026,N1,P0,acquisition_fov_y_mm,T0,AVAILABLE,,192.0,pooled_outer_test_folds,808.0,0.49085024699612956,0.5811165805104802,0.31541431408210274,53.70288117689153,39.699208807083224,standardized_outer_train,5.0,0.48581050148568244,0.31494268762093836,0.13413010301037084
final,3026,N1,P0,acquisition_fov_y_mm,T1,AVAILABLE,,192.0,pooled_outer_test_folds,808.0,0.48730467227027613,0.5703152360842448,0.30675154590205256,54.43110335476481,40.93072568762333,standardized_outer_train,5.0,0.48474960256859656,0.30831905903845036,0.12030745539524781
final,3026,N1,P0,acquisition_fov_y_mm,T2,AVAILABLE,,192.0,pooled_outer_test_folds,808.0,0.4825074545310758,0.5891466550737572,0.34323731730747997,53.61144427201928,38.783586947047205,standardized_outer_train,5.0,0.483607699945711,0.3451787011066187,0.08083331476599905
final,3026,N1,P0,acquisition_fov_y_mm,T3,AVAILABLE,,192.0,pooled_outer_test_folds,808.0,0.47318597777576044,0.5668428255250202,0.30238914374211945,54.3713710851,40.16896444257616,standardized_outer_train,5.0,0.4762773718082805,0.30522562403235487,0.12407347518158336
final,3026,N1,P0,acquisition_fov_y_mm,macro,AVAILABLE,,192.0,mean_of_pooled_endpoint_metrics,3232.0,0.48346208789331047,0.5768553242983756,0.3169480802584387,54.02919997219391,39.895621471082485,standardized_outer_train,5.0,0.48261129395206775,0.3184165179495906,0.10806677373440907
final,3026,N1,P0,acquisition_fov_z_mm,T0,AVAILABLE,,192.0,pooled_outer_test_folds,808.0,0.24517382985840927,0.34153985216856036,0.06400990016182273,10.557262047220032,6.955582468444046,standardized_outer_train,5.0,0.24443712131960896,0.06319716488998883,0.09986393033964742
final,3026,N1,P0,acquisition_fov_z_mm,T1,AVAILABLE,,192.0,pooled_outer_test_folds,808.0,0.21802387592967762,0.2215980551303755,0.03784126718920755,11.3687369903946,7.117181328863024,standardized_outer_train,5.0,0.22262670373512305,0.040203744287462886,0.03964147364131287
final,3026,N1,P0,acquisition_fov_z_mm,T2,AVAILABLE,,192.0,pooled_outer_test_folds,808.0,0.21843737451198658,0.2042916690867354,0.003930304941340168,12.023596161430548,7.227553646358784,standardized_outer_train,5.0,0.2357062194325652,0.012934731685244403,0.06666232349299085
final,3026,N1,P0,acquisition_fov_z_mm,T3,AVAILABLE,,192.0,pooled_outer_test_folds,808.0,0.27062647010520546,0.3635124640529894,0.12389857720452147,10.825544637243478,6.66174080532173,standardized_outer_train,5.0,0.2752137076593683,0.12196361534670974,0.10102550218697028
final,3026,N1,P0,acquisition_fov_z_mm,macro,AVAILABLE,,192.0,mean_of_pooled_endpoint_metrics,3232.0,0.23806538760131973,0.2827355101096652,0.05742001237422298,11.193784959072165,6.990514562246896,standardized_outer_train,5.0,0.2444959380366664,0.05957481405235145,0.0588635941658093
final,3026,N1,P0,max_resample_factor,T0,AVAILABLE,,192.0,pooled_outer_test_folds,808.0,0.3777745971226433,0.31477169632995244,0.07432971555092682,0.2889498605509765,0.21389550004983432,standardized_outer_train,5.0,0.37610751168517204,0.07081475058903502,0.07651647473147982
final,3026,N1,P0,max_resample_factor,T1,AVAILABLE,,192.0,pooled_outer_test_folds,808.0,0.40474900701818334,0.36767122179418726,0.12414917016704619,0.27972354685006046,0.2142836900370755,standardized_outer_train,5.0,0.3957026021364432,0.12495378249704647,0.04776901879997793
final,3026,N1,P0,max_resample_factor,T2,AVAILABLE,,192.0,pooled_outer_test_folds,808.0,0.3916570924148753,0.34995233821099964,0.11609137123494917,0.2807871525459677,0.21560472406087333,standardized_outer_train,5.0,0.3858290263010075,0.11394737340769567,0.051355944607866424
final,3026,N1,P0,max_resample_factor,T3,AVAILABLE,,192.0,pooled_outer_test_folds,808.0,0.4252740243242272,0.38834865213313763,0.12370590736927112,0.27705216855018266,0.210929084678962,standardized_outer_train,5.0,0.43248223126982666,0.1267372323437311,0.10480660179214937
final,3026,N1,P0,max_resample_factor,macro,AVAILABLE,,192.0,mean_of_pooled_endpoint_metrics,3232.0,0.39986368021998225,0.35518597711706923,0.10956904108054832,0.28162818212429686,0.2136782497066863,standardized_outer_train,5.0,0.39753034284811234,0.10911328470937706,0.04806029446862625
final,3026,N1,P0,native_spacing_x_mm,T0,AVAILABLE,,192.0,pooled_outer_test_folds,808.0,0.4832121721082926,0.429172590433982,0.15191490102944327,0.13758262215080005,0.09300197487803558,standardized_outer_train,5.0,0.4840398284695914,0.14694049408932758,0.1110712341146095
final,3026,N1,P0,native_spacing_x_mm,T1,AVAILABLE,,192.0,pooled_outer_test_folds,808.0,0.49433707418573153,0.4433019841392096,0.1919729793779289,0.13286127108731954,0.09037722707983945,standardized_outer_train,5.0,0.49913338190469975,0.18268646022569382,0.10805340551957425
final,3026,N1,P0,native_spacing_x_mm,T2,AVAILABLE,,192.0,pooled_outer_test_folds,808.0,0.4942433511792486,0.4393893109328981,0.18520604681823527,0.1328149176986001,0.08800688051742309,standardized_outer_train,5.0,0.49828931546554844,0.18237947526937917,0.11981792175472684
final,3026,N1,P0,native_spacing_x_mm,T3,AVAILABLE,,192.0,pooled_outer_test_folds,808.0,0.47090549354895744,0.43592412923711094,0.18150173208758635,0.13233112396824778,0.08714573727847551,standardized_outer_train,5.0,0.4766945404840762,0.17489492678252436,0.11274201612586912
final,3026,N1,P0,native_spacing_x_mm,macro,AVAILABLE,,192.0,mean_of_pooled_endpoint_metrics,3232.0,0.4856745227555575,0.4369470036858002,0.17764891482829845,0.13389748372624186,0.08963295493844341,standardized_outer_train,5.0,0.4895392665809789,0.1717253390917312,0.10600329865570512
final,3026,N1,P0,native_spacing_y_mm,T0,AVAILABLE,,192.0,pooled_outer_test_folds,808.0,0.4833149670979628,0.429172576104882,0.1519148376103232,0.13758262697877377,0.09300198120921978,standardized_outer_train,5.0,0.48418227863111,0.14694042147899217,0.11107120028512284
final,3026,N1,P0,native_spacing_y_mm,T1,AVAILABLE,,192.0,pooled_outer_test_folds,808.0,0.4943052940213193,0.44330208375055286,0.19197308607407437,0.13286126228106826,0.09037722229036212,standardized_outer_train,5.0,0.49907061947294434,0.1826865628577223,0.10805328252924475
final,3026,N1,P0,native_spacing_y_mm,T2,AVAILABLE,,192.0,pooled_outer_test_folds,808.0,0.4946129168383724,0.4393895444078815,0.18520628613167978,0.13281489806608737,0.08800687005941431,standardized_outer_train,5.0,0.4986106349262725,0.18237975943627102,0.11981773252403155
final,3026,N1,P0,native_spacing_y_mm,T3,AVAILABLE,,192.0,pooled_outer_test_folds,808.0,0.4710455524886278,0.4359241880707934,0.1815018006945628,0.1323311181621604,0.08714574037033199,standardized_outer_train,5.0,0.4767839081133484,0.17489499424674732,0.11274197646589633
final,3026,N1,P0,native_spacing_y_mm,macro,AVAILABLE,,192.0,mean_of_pooled_endpoint_metrics,3232.0,0.4858196826115706,0.43694709808352744,0.17764900262766004,0.13389747637202246,0.08963295348233205,standardized_outer_train,5.0,0.48966186028591874,0.17172543450493322,0.1060032007113708
final,3026,N1,P0,native_spacing_z_mm,T0,AVAILABLE,,192.0,pooled_outer_test_folds,808.0,0.4327614412508234,0.4434876344546643,0.17648915085224026,0.4940326183942817,0.40286139027813256,standardized_outer_train,5.0,0.43331718351539267,0.17695556057265768,0.10204215144481968
final,3026,N1,P0,native_spacing_z_mm,T1,AVAILABLE,,192.0,pooled_outer_test_folds,808.0,0.4294574297951435,0.41701505067929057,0.13581993833582118,0.5063506500361261,0.41118400322731397,standardized_outer_train,5.0,0.409525759240705,0.13864307705766513,0.14854362939991994
final,3026,N1,P0,native_spacing_z_mm,T2,AVAILABLE,,192.0,pooled_outer_test_folds,808.0,0.4829726820242745,0.48457713388502066,0.20791147127495757,0.48315805541710605,0.39097585163715154,standardized_outer_train,5.0,0.49011977050656635,0.20856603139726243,0.07635218475134616
final,3026,N1,P0,native_spacing_z_mm,T3,AVAILABLE,,192.0,pooled_outer_test_folds,808.0,0.4911338388089301,0.5123758008823163,0.2498467141379842,0.47271260146111577,0.3842420872028708,standardized_outer_train,5.0,0.49235419715868145,0.2515282735072901,0.1153361500886221
final,3026,N1,P0,native_spacing_z_mm,macro,AVAILABLE,,192.0,mean_of_pooled_endpoint_metrics,3232.0,0.4590813479697929,0.4643639049753229,0.1925168186502508,0.48906348132715743,0.3973158330863672,standardized_outer_train,5.0,0.4563292276053363,0.1939232356337188,0.10501382336165169
final,3026,N1,P0,padding_fraction,T0,AVAILABLE,,192.0,pooled_outer_test_folds,808.0,0.44940721870405387,0.452867405146261,0.13933173999360238,0.0848340916357111,0.06480688806828992,standardized_outer_train,5.0,0.4478832450616224,0.1433267206049753,0.15224134476550644
final,3026,N1,P0,padding_fraction,T1,AVAILABLE,,192.0,pooled_outer_test_folds,808.0,0.4776494405337897,0.4684046586184337,0.18779099757832474,0.09661756100984985,0.07228472713623137,standardized_outer_train,5.0,0.47781197665708264,0.1977348020842717,0.11483846047657657
final,3026,N1,P0,padding_fraction,T2,AVAILABLE,,192.0,pooled_outer_test_folds,808.0,0.4879940655106445,0.49475124045061636,0.233613538221501,0.09457757748347789,0.0717071485355192,standardized_outer_train,5.0,0.48945487788827274,0.24329084237224352,0.15665284697406864
final,3026,N1,P0,padding_fraction,T3,AVAILABLE,,192.0,pooled_outer_test_folds,808.0,0.4686789130737582,0.48138617102997083,0.20137238397769064,0.09717397187832506,0.07444985936171156,standardized_outer_train,5.0,0.47019816414121196,0.20234353760007556,0.13486848795084116
final,3026,N1,P0,padding_fraction,macro,AVAILABLE,,192.0,mean_of_pooled_endpoint_metrics,3232.0,0.4709324094555616,0.4743523688113205,0.1905271649427797,0.09330080050184097,0.07081215577543801,standardized_outer_train,5.0,0.4713370659370474,0.19667397566539152,0.133808361470875
final,3026,N1,P0,resize_anisotropy,T0,AVAILABLE,,192.0,pooled_outer_test_folds,808.0,0.31939829113294166,0.3014190502561302,0.0598110457135167,0.32681913103844296,0.2134390956972824,standardized_outer_train,5.0,0.3209136077053969,0.041368690207785636,0.12350538780633034
final,3026,N1,P0,resize_anisotropy,T1,AVAILABLE,,192.0,pooled_outer_test_folds,808.0,0.27652604870585146,0.26565652443168175,0.07041235391357159,0.3248553636624759,0.21479638651150745,standardized_outer_train,5.0,0.2850861222499764,0.06752108946007128,0.047008954289982204
final,3026,N1,P0,resize_anisotropy,T2,AVAILABLE,,192.0,pooled_outer_test_folds,808.0,0.31863662225101336,0.3264530745195429,0.10249110729741673,0.3200225643975625,0.2081185135496946,standardized_outer_train,5.0,0.32745293955157184,0.08759908538809698,0.07394266795489658
final,3026,N1,P0,resize_anisotropy,T3,AVAILABLE,,192.0,pooled_outer_test_folds,808.0,0.311507214717954,0.27864217613408,0.07693189871662454,0.3224260565939483,0.20776717146859427,standardized_outer_train,5.0,0.30855115138162387,0.07272337605278725,0.04514611299561406
final,3026,N1,P0,resize_anisotropy,macro,AVAILABLE,,192.0,mean_of_pooled_endpoint_metrics,3232.0,0.30651704420194015,0.2930427063353587,0.07741160141028239,0.32353077892310744,0.21103029180676966,standardized_outer_train,5.0,0.31050095522214227,0.06730306027718527,0.05576789578402445
final,3026,N1,P0,valid_source_fraction,T0,AVAILABLE,,192.0,pooled_outer_test_folds,808.0,0.44940721870405387,0.45286740926849206,0.13933179456026368,0.08483408894645589,0.06480686804805184,standardized_outer_train,5.0,0.4478832450616224,0.14332672962192952,0.1522410450807319
final,3026,N1,P0,valid_source_fraction,T1,AVAILABLE,,192.0,pooled_outer_test_folds,808.0,0.4776497704436859,0.468404691379873,0.18779094073751368,0.0966175643906425,0.07228475000737519,standardized_outer_train,5.0,0.47781197665708264,0.19773468424400795,0.11483802878023695
final,3026,N1,P0,valid_source_fraction,T2,AVAILABLE,,192.0,pooled_outer_test_folds,808.0,0.4879972621318472,0.4947512522253892,0.23361364481427394,0.09457757090632193,0.07170712021721921,standardized_outer_train,5.0,0.48945487788827274,0.2432909820902848,0.15665286838481055
final,3026,N1,P0,valid_source_fraction,T3,AVAILABLE,,192.0,pooled_outer_test_folds,808.0,0.4686789130737582,0.4813858463275071,0.20137181833336915,0.09717400629104418,0.07444988644669953,standardized_outer_train,5.0,0.47019816414121196,0.20234299033541917,0.1348687065497169
final,3026,N1,P0,valid_source_fraction,macro,AVAILABLE,,192.0,mean_of_pooled_endpoint_metrics,3232.0,0.47093329108833626,0.47435229980031535,0.1905270496113551,0.09330080763361613,0.07081215617983644,standardized_outer_train,5.0,0.4713370659370474,0.19667384657291037,0.13380822577643445
final,3026,N1,PLOCAL,acquisition_fov_x_mm,T0,AVAILABLE,,192.0,pooled_outer_test_folds,808.0,0.3623211593861638,0.4218240642463887,0.17142751695987601,59.08114910907848,44.137938942167544,standardized_outer_train,5.0,0.36740657576237756,0.1687904344647504,0.09601923462254419
final,3026,N1,PLOCAL,acquisition_fov_x_mm,T1,AVAILABLE,,192.0,pooled_outer_test_folds,808.0,0.37627358076426576,0.43211969235972847,0.1824353989823908,59.110376066208666,45.41150078359028,standardized_outer_train,5.0,0.3761618904284648,0.18164346428217418,0.032906374397564914
final,3026,N1,PLOCAL,acquisition_fov_x_mm,T2,AVAILABLE,,192.0,pooled_outer_test_folds,808.0,0.29120006783430835,0.36213733726198805,0.11766369557135725,62.13987108750548,46.679545019332515,standardized_outer_train,5.0,0.29573557494767233,0.1133769690233506,0.05496920433622743
final,3026,N1,PLOCAL,acquisition_fov_x_mm,T3,AVAILABLE,,192.0,pooled_outer_test_folds,808.0,0.3316592017924813,0.36798959385480584,0.10800787025146918,61.48146130222732,45.45191966907213,standardized_outer_train,5.0,0.33519088319131785,0.10541561332649255,0.12389709818514162
final,3026,N1,PLOCAL,acquisition_fov_x_mm,macro,AVAILABLE,,192.0,mean_of_pooled_endpoint_metrics,3232.0,0.3403635024443048,0.3960176719307278,0.14488362044127331,60.45321439125499,45.42022610354062,standardized_outer_train,5.0,0.3436237310824581,0.14230662027419194,0.057401365694462435
final,3026,N1,PLOCAL,acquisition_fov_y_mm,T0,AVAILABLE,,192.0,pooled_outer_test_folds,808.0,0.36259747390505814,0.4218240758785806,0.1714275295789175,59.0811484942227,44.13793858795487,standardized_outer_train,5.0,0.3677750235769664,0.16879044682981242,0.0960192283238286
final,3026,N1,PLOCAL,acquisition_fov_y_mm,T1,AVAILABLE,,192.0,pooled_outer_test_folds,808.0,0.3765483504020127,0.432119679356549,0.18243538801910764,59.110376476213574,45.41150159006713,standardized_outer_train,5.0,0.37647770616628035,0.1816434544739601,0.032906385838889086
final,3026,N1,PLOCAL,acquisition_fov_y_mm,T2,AVAILABLE,,192.0,pooled_outer_test_folds,808.0,0.2916381505837262,0.3621373540909918,0.11766371484708305,62.139870347129836,46.67954457429703,standardized_outer_train,5.0,0.29607776100638283,0.11337699005705774,0.054969165806996005
final,3026,N1,PLOCAL,acquisition_fov_y_mm,T3,AVAILABLE,,192.0,pooled_outer_test_folds,808.0,0.33163894828327906,0.3679895497666693,0.10800781401951842,61.48146316004556,45.45191892648069,standardized_outer_train,5.0,0.335019542487739,0.10541555619456218,0.12389718978098574
final,3026,N1,PLOCAL,acquisition_fov_y_mm,macro,AVAILABLE,,192.0,mean_of_pooled_endpoint_metrics,3232.0,0.340605730793519,0.39601766477319766,0.14488361161615665,60.45321461940292,45.42022591969993,standardized_outer_train,5.0,0.3438375083093422,0.14230661188884813,0.05740138951979959
final,3026,N1,PLOCAL,acquisition_fov_z_mm,T0,AVAILABLE,,192.0,pooled_outer_test_folds,808.0,0.17931858257314787,0.1416682796041933,0.002589112592019882,10.898148621680612,6.679895170167168,standardized_outer_train,5.0,0.17695281871614663,0.0021137329705567002,0.038763124725923755
final,3026,N1,PLOCAL,acquisition_fov_z_mm,T1,AVAILABLE,,192.0,pooled_outer_test_folds,808.0,0.17601024033184004,0.09988714949826541,-0.012594004754918453,11.662899473456196,7.269134212184912,standardized_outer_train,5.0,0.16994435792273202,-0.014002191327571079,0.029745565022746896
final,3026,N1,PLOCAL,acquisition_fov_z_mm,T2,AVAILABLE,,192.0,pooled_outer_test_folds,808.0,0.1475661354848983,0.048009953660194185,-0.026011023115704246,12.202969643521525,7.478528807600596,standardized_outer_train,5.0,0.1611984408456127,-0.02746029215905768,0.043202198735930945
final,3026,N1,PLOCAL,acquisition_fov_z_mm,T3,AVAILABLE,,192.0,pooled_outer_test_folds,808.0,0.19480736190623324,0.15691748025081262,-0.007262522089944934,11.607639183532674,6.830001874129991,standardized_outer_train,5.0,0.20141231207998206,-0.006962497724716976,0.10055741912044038
final,3026,N1,PLOCAL,acquisition_fov_z_mm,macro,AVAILABLE,,192.0,mean_of_pooled_endpoint_metrics,3232.0,0.17442558007402986,0.11162071575336638,-0.010819609342136938,11.592914230547752,7.064390016020667,standardized_outer_train,5.0,0.17737698239111835,-0.011577812060197281,0.04387010602939897
final,3026,N1,PLOCAL,max_resample_factor,T0,AVAILABLE,,192.0,pooled_outer_test_folds,808.0,0.3037137437211668,0.2670104961682927,0.06044541922253488,0.29110880075650647,0.2199576892703516,standardized_outer_train,5.0,0.29699517416734145,0.057933019358752315,0.04851240866837389
final,3026,N1,PLOCAL,max_resample_factor,T1,AVAILABLE,,192.0,pooled_outer_test_folds,808.0,0.22172724529733226,0.1813879385719684,0.02167756396060405,0.2956343952692458,0.22908050974258454,standardized_outer_train,5.0,0.22324716425650964,0.019874844786868916,0.009719970866057828
final,3026,N1,PLOCAL,max_resample_factor,T2,AVAILABLE,,192.0,pooled_outer_test_folds,808.0,0.22456304805334584,0.1779048756970686,0.008718501389596733,0.2973528094879029,0.23153395081220135,standardized_outer_train,5.0,0.2295573635126893,0.00611230117059818,0.03685488643030725
final,3026,N1,PLOCAL,max_resample_factor,T3,AVAILABLE,,192.0,pooled_outer_test_folds,808.0,0.22043071056502678,0.167219100680726,0.012822283609095764,0.2940588696981686,0.22608023202914299,standardized_outer_train,5.0,0.22365682723455382,0.012128657942039999,0.035373635224850486
final,3026,N1,PLOCAL,max_resample_factor,macro,AVAILABLE,,192.0,mean_of_pooled_endpoint_metrics,3232.0,0.24260868690921789,0.19838060277951391,0.025915942045457857,0.29453871880295596,0.2266630954635701,standardized_outer_train,5.0,0.24336413229277354,0.024012205814564837,0.012925264963896626
final,3026,N1,PLOCAL,native_spacing_x_mm,T0,AVAILABLE,,192.0,pooled_outer_test_folds,808.0,0.32201394367255975,0.2562535420490463,0.04434904307763188,0.14604729427409285,0.09955640406563088,standardized_outer_train,5.0,0.334416676854704,0.04401812662694566,0.10382835218101878
final,3026,N1,PLOCAL,native_spacing_x_mm,T1,AVAILABLE,,192.0,pooled_outer_test_folds,808.0,0.3675473472210796,0.3578703540147352,0.12796281782197327,0.13802347663098224,0.09582692514721916,standardized_outer_train,5.0,0.37731571263748254,0.12038312921795158,0.022891510635576807
final,3026,N1,PLOCAL,native_spacing_x_mm,T2,AVAILABLE,,192.0,pooled_outer_test_folds,808.0,0.26230591763896005,0.21396109510343023,0.00292802828126959,0.14692179068984265,0.1019959903515133,standardized_outer_train,5.0,0.2711364263323219,-0.01992542564485516,0.1726990008410208
final,3026,N1,PLOCAL,native_spacing_x_mm,T3,AVAILABLE,,192.0,pooled_outer_test_folds,808.0,0.3102815622856488,0.2732431897740035,0.06625576458189375,0.1413406504860724,0.09578512681104193,standardized_outer_train,5.0,0.31810816027313005,0.05780124042256518,0.09173374482371081
final,3026,N1,PLOCAL,native_spacing_x_mm,macro,AVAILABLE,,192.0,mean_of_pooled_endpoint_metrics,3232.0,0.31553719270456204,0.27533204523530386,0.06037391344069212,0.14308330302024752,0.09829111159385132,standardized_outer_train,5.0,0.32524424402440966,0.050569267655651784,0.050351180365822604
final,3026,N1,PLOCAL,native_spacing_y_mm,T0,AVAILABLE,,192.0,pooled_outer_test_folds,808.0,0.3220514992867962,0.2562535552179636,0.04434904338399104,0.14604729391504517,0.09955640527421399,standardized_outer_train,5.0,0.3346018859252333,0.0440181307692835,0.10382835136169448
final,3026,N1,PLOCAL,native_spacing_y_mm,T1,AVAILABLE,,192.0,pooled_outer_test_folds,808.0,0.36741396051243114,0.3578703611587296,0.1279628229636376,0.1380234761883421,0.09582692490089485,standardized_outer_train,5.0,0.37729781834466847,0.12038313372964185,0.02289151171597981
final,3026,N1,PLOCAL,native_spacing_y_mm,T2,AVAILABLE,,192.0,pooled_outer_test_folds,808.0,0.26253414433042155,0.2139611594574695,0.0029279521779579376,0.14692179615533615,0.10199599870673828,standardized_outer_train,5.0,0.2714071126326859,-0.019925521398568923,0.17269917570539403
final,3026,N1,PLOCAL,native_spacing_y_mm,T3,AVAILABLE,,192.0,pooled_outer_test_folds,808.0,0.3101998471159984,0.27324313609191386,0.06625573102780014,0.14134065274785143,0.09578512951930715,standardized_outer_train,5.0,0.3179133030893186,0.05780120669730857,0.09173381466601724
final,3026,N1,PLOCAL,native_spacing_y_mm,macro,AVAILABLE,,192.0,mean_of_pooled_endpoint_metrics,3232.0,0.31554986281141184,0.27533205298151914,0.060373887388346675,0.14308330475164371,0.09829111460028858,standardized_outer_train,5.0,0.3253050299979766,0.050569237449416216,0.05035121158376542
final,3026,N1,PLOCAL,native_spacing_z_mm,T0,AVAILABLE,,192.0,pooled_outer_test_folds,808.0,0.3688986322798187,0.3859443251590077,0.14125734865017725,0.5044899027501198,0.42841288243528214,standardized_outer_train,5.0,0.3691306541942617,0.14176078933506575,0.05369413526766356
final,3026,N1,PLOCAL,native_spacing_z_mm,T1,AVAILABLE,,192.0,pooled_outer_test_folds,808.0,0.3177781187521501,0.33283090705841983,0.10662785999195912,0.5148319052177007,0.4379251097681449,standardized_outer_train,5.0,0.317442762301294,0.10746511123220126,0.06532322527314793
final,3026,N1,PLOCAL,native_spacing_z_mm,T2,AVAILABLE,,192.0,pooled_outer_test_folds,808.0,0.2774005180733836,0.26575874817927936,0.06508546414954908,0.5249141968597784,0.46019896987052566,standardized_outer_train,5.0,0.2731832676851768,0.06490613194182544,0.049650410187073536
final,3026,N1,PLOCAL,native_spacing_z_mm,T3,AVAILABLE,,192.0,pooled_outer_test_folds,808.0,0.3144182078360195,0.3272938347636776,0.09807612041399294,0.5183309176332772,0.4445680893130186,standardized_outer_train,5.0,0.3227825142218044,0.09824595730181365,0.05080887388246888
final,3026,N1,PLOCAL,native_spacing_z_mm,macro,AVAILABLE,,192.0,mean_of_pooled_endpoint_metrics,3232.0,0.31962386923534297,0.3279569537900961,0.1027616983014196,0.515641730615219,0.4427762628467429,standardized_outer_train,5.0,0.32063479960063423,0.10309449745272652,0.050956370350855575
final,3026,N1,PLOCAL,padding_fraction,T0,AVAILABLE,,192.0,pooled_outer_test_folds,808.0,0.4160303472076004,0.3560677379010107,0.10334157177595293,0.08658966070283344,0.06458321572299054,standardized_outer_train,5.0,0.4218742885574561,0.09359998969592899,0.1167215444683982
final,3026,N1,PLOCAL,padding_fraction,T1,AVAILABLE,,192.0,pooled_outer_test_folds,808.0,0.5309461567343741,0.4973865925286255,0.24663912631084872,0.09305156915904227,0.06908860383852262,standardized_outer_train,5.0,0.5309073180812595,0.24787453681443733,0.08289898819141069
final,3026,N1,PLOCAL,padding_fraction,T2,AVAILABLE,,192.0,pooled_outer_test_folds,808.0,0.4845043448585561,0.4601765098981843,0.19600038380910967,0.09687064564420003,0.07407968250777047,standardized_outer_train,5.0,0.4934216769323111,0.18922855513161121,0.16188570126783758
final,3026,N1,PLOCAL,padding_fraction,T3,AVAILABLE,,192.0,pooled_outer_test_folds,808.0,0.48577457158922893,0.48222722579375016,0.22627737831158745,0.09564679894725345,0.07301516617536884,standardized_outer_train,5.0,0.47894806032655407,0.22176968453600138,0.13674184400111197
final,3026,N1,PLOCAL,padding_fraction,macro,AVAILABLE,,192.0,mean_of_pooled_endpoint_metrics,3232.0,0.47931385509743984,0.44896451653039265,0.1930646150518747,0.0930396686133323,0.07019166706116312,standardized_outer_train,5.0,0.48128783597439523,0.18811819154449475,0.09123000715832813
final,3026,N1,PLOCAL,resize_anisotropy,T0,AVAILABLE,,192.0,pooled_outer_test_folds,808.0,0.1644817321335432,0.15838553983957881,0.010757560749962924,0.3352364773443339,0.22248130436098054,standardized_outer_train,5.0,0.17375411730367002,0.0057545280312145,0.03689369403765859
final,3026,N1,PLOCAL,resize_anisotropy,T1,AVAILABLE,,192.0,pooled_outer_test_folds,808.0,0.1070537602208589,0.13970578427958424,0.015507982491102745,0.33431123321804335,0.22378445691056573,standardized_outer_train,5.0,0.12047725490359562,0.00918696315206804,0.02267983370500393
final,3026,N1,PLOCAL,resize_anisotropy,T2,AVAILABLE,,192.0,pooled_outer_test_folds,808.0,0.18173640119776546,0.17729397370956437,0.0021318957817245687,0.3374409548718512,0.22186439349320491,standardized_outer_train,5.0,0.188414816294623,-0.01882706441338346,0.11262910242057694
final,3026,N1,PLOCAL,resize_anisotropy,T3,AVAILABLE,,192.0,pooled_outer_test_folds,808.0,0.13208745442932054,0.11229272217642577,0.001602297533608965,0.3353243153736333,0.22210921146120952,standardized_outer_train,5.0,0.14422501502293167,-0.012517730952326478,0.04619534904973721
final,3026,N1,PLOCAL,resize_anisotropy,macro,AVAILABLE,,192.0,mean_of_pooled_endpoint_metrics,3232.0,0.14633983699537204,0.1469195050012883,0.007499934139099801,0.33557824520196544,0.22255984155649017,standardized_outer_train,5.0,0.15671780088120504,-0.004100826045606841,0.037669968517636536
final,3026,N1,PLOCAL,valid_source_fraction,T0,AVAILABLE,,192.0,pooled_outer_test_folds,808.0,0.4160291071198236,0.3560677275111523,0.10334156868818478,0.08658966085192522,0.06458321501332874,standardized_outer_train,5.0,0.4218742885574561,0.09359998604683342,0.11672154693709869
final,3026,N1,PLOCAL,valid_source_fraction,T1,AVAILABLE,,192.0,pooled_outer_test_folds,808.0,0.5309461567343741,0.4973865716574817,0.2466391037952237,0.09305157054955399,0.06908860618554033,standardized_outer_train,5.0,0.5309073180812595,0.24787450974161307,0.08289897504997294
final,3026,N1,PLOCAL,valid_source_fraction,T2,AVAILABLE,,192.0,pooled_outer_test_folds,808.0,0.4845043448585561,0.46017651582246044,0.19600038317726254,0.09687064568226439,0.07407968335211164,standardized_outer_train,5.0,0.4934216769323111,0.18922854968354216,0.16188576677222072
final,3026,N1,PLOCAL,valid_source_fraction,T3,AVAILABLE,,192.0,pooled_outer_test_folds,808.0,0.48577457158922893,0.482227225537403,0.226277375530058,0.09564679911917837,0.07301516687339576,standardized_outer_train,5.0,0.47894806032655407,0.22176968144203685,0.13674184332633593
final,3026,N1,PLOCAL,valid_source_fraction,macro,AVAILABLE,,192.0,mean_of_pooled_endpoint_metrics,3232.0,0.47931354507549573,0.44896451013212435,0.19306460779768225,0.0930396690507305,0.07019166785609411,standardized_outer_train,5.0,0.48128783597439523,0.18811818172850636,0.0912300382689318
final,3026,N1,PVALID,acquisition_fov_x_mm,T0,AVAILABLE,,192.0,pooled_outer_test_folds,808.0,0.5609674257104044,0.616713915837116,0.36571161115881856,51.692443431823165,38.58365998554295,standardized_outer_train,5.0,0.5595141652914664,0.36315190545711823,0.08159919234106516
final,3026,N1,PVALID,acquisition_fov_x_mm,T1,AVAILABLE,,192.0,pooled_outer_test_folds,808.0,0.5006062266810709,0.5414173089533607,0.27619263100936453,55.61784827228358,41.68006616241275,standardized_outer_train,5.0,0.5068851755957161,0.2788296534991419,0.08998800372288546
final,3026,N1,PVALID,acquisition_fov_x_mm,T2,AVAILABLE,,192.0,pooled_outer_test_folds,808.0,0.5444148621305873,0.6060899295820763,0.35618647959069494,53.08029402738813,39.88384033488102,standardized_outer_train,5.0,0.5404186598541874,0.3573947855029805,0.07351848299406147
final,3026,N1,PVALID,acquisition_fov_x_mm,T3,AVAILABLE,,192.0,pooled_outer_test_folds,808.0,0.5471123753182505,0.6077470666012903,0.3625565684128905,51.97380291809033,38.71662532620141,standardized_outer_train,5.0,0.5524117489566475,0.3624948082157958,0.11985762086321287
final,3026,N1,PVALID,acquisition_fov_x_mm,macro,AVAILABLE,,192.0,mean_of_pooled_endpoint_metrics,3232.0,0.5382752224600782,0.5929920552434609,0.34016182254294214,53.091097162396295,39.71604795225954,standardized_outer_train,5.0,0.5398074374245043,0.3404677881687591,0.08089950674495647
final,3026,N1,PVALID,acquisition_fov_y_mm,T0,AVAILABLE,,192.0,pooled_outer_test_folds,808.0,0.5610355147945352,0.6167138953993543,0.3657115560966161,51.692445531191,38.583664431553935,standardized_outer_train,5.0,0.5596069954400478,0.363151844813968,0.08159921657066489
final,3026,N1,PVALID,acquisition_fov_y_mm,T1,AVAILABLE,,192.0,pooled_outer_test_folds,808.0,0.5005026078725963,0.5414181729478256,0.2761940183852356,55.61779498167834,41.68002596268349,standardized_outer_train,5.0,0.5068828136722662,0.27883094646742235,0.08998625826325954
final,3026,N1,PVALID,acquisition_fov_y_mm,T2,AVAILABLE,,192.0,pooled_outer_test_folds,808.0,0.5445372196164708,0.6060893312545889,0.3561856375500114,53.08032868647898,39.88387601799781,standardized_outer_train,5.0,0.5405049321940052,0.3573939003891769,0.07351957746211801
final,3026,N1,PVALID,acquisition_fov_y_mm,T3,AVAILABLE,,192.0,pooled_outer_test_folds,808.0,0.5470875910988434,0.6077471171304332,0.3625566550320475,51.973799319137385,38.7166212144651,standardized_outer_train,5.0,0.552338227211382,0.3624948948739721,0.11985750142765669
final,3026,N1,PVALID,acquisition_fov_y_mm,macro,AVAILABLE,,192.0,mean_of_pooled_endpoint_metrics,3232.0,0.5382907333456114,0.5929921291830504,0.34016196676597765,53.09109212962142,39.71604690667508,standardized_outer_train,5.0,0.5398332421294253,0.34046789663613486,0.08089940435294485
final,3026,N1,PVALID,acquisition_fov_z_mm,T0,AVAILABLE,,192.0,pooled_outer_test_folds,808.0,0.23515391222526125,0.3232666775025776,0.03888471444288155,10.698020262290473,7.018648532847845,standardized_outer_train,5.0,0.24073354294099372,0.02807194743706482,0.1506840768244414
final,3026,N1,PVALID,acquisition_fov_z_mm,T1,AVAILABLE,,192.0,pooled_outer_test_folds,808.0,0.23216461900111993,0.19225631028725554,0.016386631432389165,11.494790696448993,7.074056006149854,standardized_outer_train,5.0,0.2286697803905525,0.01840495957391496,0.03795184719494574
final,3026,N1,PVALID,acquisition_fov_z_mm,T2,AVAILABLE,,192.0,pooled_outer_test_folds,808.0,0.2597203991638925,0.23784409465141151,0.009461690449975801,11.990164898929114,7.544595692072134,standardized_outer_train,5.0,0.26580172388853046,0.0024001000826397584,0.06879757491522882
final,3026,N1,PVALID,acquisition_fov_z_mm,T3,AVAILABLE,,192.0,pooled_outer_test_folds,808.0,0.2816959763922472,0.31896282729491343,0.07669752356302673,11.11333900673334,6.858005089177506,standardized_outer_train,5.0,0.29476911323588484,0.07443492757073314,0.10764855948020652
final,3026,N1,PVALID,acquisition_fov_z_mm,macro,AVAILABLE,,192.0,mean_of_pooled_endpoint_metrics,3232.0,0.2521837266956302,0.2680824774340395,0.03535763997206831,11.32407871610048,7.123826330061834,standardized_outer_train,5.0,0.25749354011399034,0.03082798366608818,0.07089180984073824
final,3026,N1,PVALID,max_resample_factor,T0,AVAILABLE,,192.0,pooled_outer_test_folds,808.0,0.39690311645832865,0.31305281062188095,0.06426218351612145,0.2905169115787758,0.21081164693785573,standardized_outer_train,5.0,0.4042465931554705,0.057776710701692977,0.1677969178053562
final,3026,N1,PVALID,max_resample_factor,T1,AVAILABLE,,192.0,pooled_outer_test_folds,808.0,0.41327880485705276,0.380251201364738,0.1399615495448152,0.27718701876527824,0.21338030069732922,standardized_outer_train,5.0,0.40528665430123806,0.14013578630096887,0.08041381615508521
final,3026,N1,PVALID,max_resample_factor,T2,AVAILABLE,,192.0,pooled_outer_test_folds,808.0,0.39958838216131215,0.3569524201611448,0.11790493170648708,0.28049895197129066,0.21457676683758117,standardized_outer_train,5.0,0.39881039734377527,0.11367441126488902,0.036956854243109995
final,3026,N1,PVALID,max_resample_factor,T3,AVAILABLE,,192.0,pooled_outer_test_folds,808.0,0.4031893188582398,0.3739270853197422,0.12260964297115962,0.2772254137539112,0.21299378109657655,standardized_outer_train,5.0,0.40833847647919147,0.12430784027656634,0.06087852939480152
final,3026,N1,PVALID,max_resample_factor,macro,AVAILABLE,,192.0,mean_of_pooled_endpoint_metrics,3232.0,0.40323990558373335,0.35604587936687654,0.11118457693464584,0.28135707401731397,0.21294062389233567,standardized_outer_train,5.0,0.4041705303199189,0.10897368713602931,0.06590380643710865
final,3026,N1,PVALID,native_spacing_x_mm,T0,AVAILABLE,,192.0,pooled_outer_test_folds,808.0,0.5734905705707319,0.4942666664354275,0.22491816786497376,0.13152782683870057,0.09008167201154589,standardized_outer_train,5.0,0.5748508581601027,0.22002887624748632,0.09586944703867692
final,3026,N1,PVALID,native_spacing_x_mm,T1,AVAILABLE,,192.0,pooled_outer_test_folds,808.0,0.5352661495005648,0.46327166396713043,0.2122266179063359,0.1311855837878889,0.08840315107349724,standardized_outer_train,5.0,0.5395832810489517,0.20437614394540468,0.09906091440013147
final,3026,N1,PVALID,native_spacing_x_mm,T2,AVAILABLE,,192.0,pooled_outer_test_folds,808.0,0.5434999938149577,0.49133355650242455,0.23107165835088994,0.1290226308511839,0.08805421671471447,standardized_outer_train,5.0,0.5454050972364382,0.23015502870710955,0.0781202376736755
final,3026,N1,PVALID,native_spacing_x_mm,T3,AVAILABLE,,192.0,pooled_outer_test_folds,808.0,0.5521209160519492,0.5120134367637734,0.25332982206298427,0.12639139925003914,0.0843123012018015,standardized_outer_train,5.0,0.5591570011016314,0.24667624098618593,0.10816855967245999
final,3026,N1,PVALID,native_spacing_x_mm,macro,AVAILABLE,,192.0,mean_of_pooled_endpoint_metrics,3232.0,0.551094407484551,0.490221330917189,0.23038656654629597,0.12953186018195315,0.08771283525038977,standardized_outer_train,5.0,0.5547490593867811,0.22530907247154666,0.0764775307553245
final,3026,N1,PVALID,native_spacing_y_mm,T0,AVAILABLE,,192.0,pooled_outer_test_folds,808.0,0.5735616571468152,0.4942666939110981,0.224918219046783,0.13152782219377138,0.09008167124218844,standardized_outer_train,5.0,0.5749588588372682,0.22002893301164086,0.09586938167365079
final,3026,N1,PVALID,native_spacing_y_mm,T1,AVAILABLE,,192.0,pooled_outer_test_folds,808.0,0.5351577109275542,0.46327150605532325,0.21222645039050114,0.13118559770188176,0.08840316033494529,standardized_outer_train,5.0,0.5394911411628666,0.20437603284227182,0.0990606736585923
final,3026,N1,PVALID,native_spacing_y_mm,T2,AVAILABLE,,192.0,pooled_outer_test_folds,808.0,0.5436204162130339,0.49133373087070653,0.23107187416945074,0.12902261262020517,0.08805421492412538,standardized_outer_train,5.0,0.5455607433713904,0.23015523752669137,0.0781200223701663
final,3026,N1,PVALID,native_spacing_y_mm,T3,AVAILABLE,,192.0,pooled_outer_test_folds,808.0,0.5521951322212091,0.5120133869377792,0.253329764674626,0.1263914038588195,0.08431230205007854,standardized_outer_train,5.0,0.5592342176354841,0.24667619625070789,0.10816850819585835
final,3026,N1,PVALID,native_spacing_y_mm,macro,AVAILABLE,,192.0,mean_of_pooled_endpoint_metrics,3232.0,0.5511337291271532,0.49022132944372676,0.23038657707034021,0.12953185909366946,0.08771283713783443,standardized_outer_train,5.0,0.5548112402517523,0.22530909990782794,0.0764773776895206
final,3026,N1,PVALID,native_spacing_z_mm,T0,AVAILABLE,,192.0,pooled_outer_test_folds,808.0,0.4723489271798313,0.49747621871552045,0.24052124110890538,0.47443724740713056,0.3831375769163004,standardized_outer_train,5.0,0.4770337674858841,0.24040762833157453,0.07768402839135985
final,3026,N1,PVALID,native_spacing_z_mm,T1,AVAILABLE,,192.0,pooled_outer_test_folds,808.0,0.49108678881897394,0.503563642835025,0.24768976348601301,0.4724411700559499,0.38242460376385395,standardized_outer_train,5.0,0.48403699118364407,0.24844593808792106,0.08951828982922096
final,3026,N1,PVALID,native_spacing_z_mm,T2,AVAILABLE,,192.0,pooled_outer_test_folds,808.0,0.46495368688878896,0.46167267547822777,0.20489869936541205,0.48407604843502994,0.4005821588465059,standardized_outer_train,5.0,0.46405502764541257,0.20532256661394124,0.09949479018042826
final,3026,N1,PVALID,native_spacing_z_mm,T3,AVAILABLE,,192.0,pooled_outer_test_folds,808.0,0.4696355720692022,0.48475959329104895,0.21980939437279934,0.4820837916456372,0.3951268844289562,standardized_outer_train,5.0,0.4718194740094045,0.22086931434872206,0.11250567004429742
final,3026,N1,PVALID,native_spacing_z_mm,macro,AVAILABLE,,192.0,mean_of_pooled_endpoint_metrics,3232.0,0.4745062437391991,0.48686803257995553,0.22822977458328245,0.47825956438593686,0.3903178059889041,standardized_outer_train,5.0,0.4742363150810863,0.2287613618455397,0.08764516713316399
final,3026,N1,PVALID,padding_fraction,T0,AVAILABLE,,192.0,pooled_outer_test_folds,808.0,0.6211585794016254,0.6060093264673719,0.35745407296687015,0.07330010687875607,0.055814521005301286,standardized_outer_train,5.0,0.6195376971978204,0.3569678419251859,0.1487439867612052
final,3026,N1,PVALID,padding_fraction,T1,AVAILABLE,,192.0,pooled_outer_test_folds,808.0,0.4827102355884777,0.4281521411885447,0.14751457034682303,0.09898414887515967,0.07336462241091442,standardized_outer_train,5.0,0.48656168016512635,0.1606109453917028,0.15696753188395865
final,3026,N1,PVALID,padding_fraction,T2,AVAILABLE,,192.0,pooled_outer_test_folds,808.0,0.5609912199764585,0.549429074199271,0.29334603166032747,0.09081710939574135,0.06871714937527663,standardized_outer_train,5.0,0.5549890467717268,0.2977378285440009,0.13692543005491795
final,3026,N1,PVALID,padding_fraction,T3,AVAILABLE,,192.0,pooled_outer_test_folds,808.0,0.5243965426106152,0.5339608563749891,0.2430785215389275,0.09460262931383225,0.0726304130938319,standardized_outer_train,5.0,0.5295873848746818,0.24160165962824603,0.12082300899835711
final,3026,N1,PVALID,padding_fraction,macro,AVAILABLE,,192.0,mean_of_pooled_endpoint_metrics,3232.0,0.5473141443942942,0.5293878495575443,0.26034829912823704,0.08942599861587233,0.06763167647133106,standardized_outer_train,5.0,0.5476689522523388,0.2642295688722839,0.1122528214605168
final,3026,N1,PVALID,resize_anisotropy,T0,AVAILABLE,,192.0,pooled_outer_test_folds,808.0,0.3090873663744011,0.27141444229002065,0.008256742819820362,0.33565995099402934,0.2216295370677701,standardized_outer_train,5.0,0.31673077809428335,-0.018982945631363136,0.18381999840045757
final,3026,N1,PVALID,resize_anisotropy,T1,AVAILABLE,,192.0,pooled_outer_test_folds,808.0,0.26698050600996076,0.2373425485747749,0.053822977026425134,0.3277412220543475,0.21676903490230562,standardized_outer_train,5.0,0.27308082936638567,0.049779367941480704,0.035143346828417424
final,3026,N1,PVALID,resize_anisotropy,T2,AVAILABLE,,192.0,pooled_outer_test_folds,808.0,0.2975682539982124,0.3170605961108346,0.06216141931119312,0.3271336867826488,0.2180481102668505,standardized_outer_train,5.0,0.30264860705714663,0.041221923689828015,0.10791591083110319
final,3026,N1,PVALID,resize_anisotropy,T3,AVAILABLE,,192.0,pooled_outer_test_folds,808.0,0.3004082819200352,0.2971541088149478,0.08056778708544532,0.3217904253606787,0.20905001664409278,standardized_outer_train,5.0,0.30093836642031674,0.07532247302370952,0.026605027815884433
final,3026,N1,PVALID,resize_anisotropy,macro,AVAILABLE,,192.0,mean_of_pooled_endpoint_metrics,3232.0,0.29351110207565234,0.2807429239476445,0.051202231560720984,0.3280813212979261,0.21637417472025472,standardized_outer_train,5.0,0.29834964523453306,0.03683520475591378,0.07350739944547156
final,3026,N1,PVALID,valid_source_fraction,T0,AVAILABLE,,192.0,pooled_outer_test_folds,808.0,0.6211585794016254,0.6060083304336222,0.3574526336470101,0.07330018897579853,0.055814595249179505,standardized_outer_train,5.0,0.6195376971978204,0.356966213726284,0.1487439292538713
final,3026,N1,PVALID,valid_source_fraction,T1,AVAILABLE,,192.0,pooled_outer_test_folds,808.0,0.48271114568474305,0.42815260600580485,0.14751484379315372,0.0989841329999004,0.07336460507635048,standardized_outer_train,5.0,0.48656168016512635,0.1606113370682427,0.1569678901619398
final,3026,N1,PVALID,valid_source_fraction,T2,AVAILABLE,,192.0,pooled_outer_test_folds,808.0,0.5609912199764585,0.5494289578956076,0.29334587473504725,0.09081711947953072,0.06871715538547829,standardized_outer_train,5.0,0.5549890467717268,0.2977376579146801,0.13692527876434155
final,3026,N1,PVALID,valid_source_fraction,T3,AVAILABLE,,192.0,pooled_outer_test_folds,808.0,0.5243965426106152,0.533960917318183,0.2430786267953704,0.09460262273617732,0.07263040420634219,standardized_outer_train,5.0,0.5295873848746818,0.24160176919254273,0.12082303170548299
final,3026,N1,PVALID,valid_source_fraction,macro,AVAILABLE,,192.0,mean_of_pooled_endpoint_metrics,3232.0,0.5473143719183606,0.5293877029133045,0.26034799474264536,0.08942601604785173,0.06763168997933762,standardized_outer_train,5.0,0.5476689522523388,0.2642292444754374,0.11225248992451593
final,3026,N3,P0,acquisition_fov_x_mm,T0,AVAILABLE,,192.0,pooled_outer_test_folds,808.0,0.48940496123459726,0.5832891747683691,0.3239095606099325,53.36863287616464,38.85114411973477,standardized_outer_train,5.0,0.4801891948757442,0.3232719332800296,0.12486785508824982
final,3026,N3,P0,acquisition_fov_x_mm,T1,AVAILABLE,,192.0,pooled_outer_test_folds,808.0,0.4758119898468176,0.5493133469090921,0.2863396134440036,55.226621791652725,41.6516157615286,standardized_outer_train,5.0,0.4834932895193168,0.28481592782354737,0.16237580476758628
final,3026,N3,P0,acquisition_fov_x_mm,T2,AVAILABLE,,192.0,pooled_outer_test_folds,808.0,0.4483274036809234,0.5451560793758335,0.2934778251743678,55.60529793017998,41.052393535313215,standardized_outer_train,5.0,0.45433867455775256,0.29355104199456006,0.12577585462967467
final,3026,N3,P0,acquisition_fov_x_mm,T3,AVAILABLE,,192.0,pooled_outer_test_folds,808.0,0.4839576695601893,0.5684846594679216,0.2975753774931468,54.55863968141384,40.02150716839719,standardized_outer_train,5.0,0.4864845622288628,0.2950881134359554,0.17979065866376284
final,3026,N3,P0,acquisition_fov_x_mm,macro,AVAILABLE,,192.0,mean_of_pooled_endpoint_metrics,3232.0,0.47437550608063184,0.561560815130304,0.30032559418036264,54.68979806985279,40.394165146243445,standardized_outer_train,5.0,0.476126430295419,0.2991817541335231,0.13654199411885623
final,3026,N3,P0,acquisition_fov_y_mm,T0,AVAILABLE,,192.0,pooled_outer_test_folds,808.0,0.4895307872787024,0.5832885263210851,0.32390866621723124,53.368668027537915,38.8511527657832,standardized_outer_train,5.0,0.48036473680641645,0.32327102676900776,0.1248672960497265
final,3026,N3,P0,acquisition_fov_y_mm,T1,AVAILABLE,,192.0,pooled_outer_test_folds,808.0,0.4758465240468176,0.549313346002722,0.2863396040432141,55.22662216817325,41.651620833278955,standardized_outer_train,5.0,0.4835554833096197,0.28481589753660885,0.1623759217852168
final,3026,N3,P0,acquisition_fov_y_mm,T2,AVAILABLE,,192.0,pooled_outer_test_folds,808.0,0.4486197342770262,0.5451560800425683,0.2934778307039022,55.60529765744975,41.052392772260454,standardized_outer_train,5.0,0.4544925719636467,0.2935510487795123,0.12577584905947398
final,3026,N3,P0,acquisition_fov_y_mm,T3,AVAILABLE,,192.0,pooled_outer_test_folds,808.0,0.48394397692553903,0.5684849387693444,0.29757579752854624,54.55862329785812,40.02149629218065,standardized_outer_train,5.0,0.48653718578765004,0.2950885264729348,0.1797903162591669
final,3026,N3,P0,acquisition_fov_y_mm,macro,AVAILABLE,,192.0,mean_of_pooled_endpoint_metrics,3232.0,0.47448525563202126,0.56156072278393,0.30032547462322345,54.68980278775476,40.39416566587581,standardized_outer_train,5.0,0.47623749446683317,0.29918162488951594,0.13654199482239884
final,3026,N3,P0,acquisition_fov_z_mm,T0,AVAILABLE,,192.0,pooled_outer_test_folds,808.0,0.2141748259465428,0.31023744685461957,0.01894068252111336,10.808447250200107,7.162104316447111,standardized_outer_train,5.0,0.21797421316766025,0.012919305685745439,0.09951867409638769
final,3026,N3,P0,acquisition_fov_z_mm,T1,AVAILABLE,,192.0,pooled_outer_test_folds,808.0,0.21704489286699666,0.23129105560141067,0.03920841437212508,11.360657106390926,7.137380059688642,standardized_outer_train,5.0,0.22148351605176395,0.030748547337893707,0.0801364523918997
final,3026,N3,P0,acquisition_fov_z_mm,T2,AVAILABLE,,192.0,pooled_outer_test_folds,808.0,0.22178409940046664,0.23016385292119204,0.030502064209795066,11.862137720356085,7.124141257042416,standardized_outer_train,5.0,0.24242566690035355,0.030849641295887187,0.05179942021738272
final,3026,N3,P0,acquisition_fov_z_mm,T3,AVAILABLE,,192.0,pooled_outer_test_folds,808.0,0.2445736411300701,0.3030405942745402,0.07753239155633351,11.1083134221624,6.697315587488334,standardized_outer_train,5.0,0.2522751204251229,0.07109726476517635,0.1647672769964755
final,3026,N3,P0,acquisition_fov_z_mm,macro,AVAILABLE,,192.0,mean_of_pooled_endpoint_metrics,3232.0,0.22439436483601904,0.26868323741294065,0.041545888164841754,11.28488887477738,7.0302353051666255,standardized_outer_train,5.0,0.23353962913622514,0.03640368977117566,0.06648457185460875
final,3026,N3,P0,max_resample_factor,T0,AVAILABLE,,192.0,pooled_outer_test_folds,808.0,0.37938599218954294,0.30547632931117963,0.056790110443642794,0.29167452606406835,0.2152194786359216,standardized_outer_train,5.0,0.3864448460646953,0.05287595259869232,0.061975390753048656
final,3026,N3,P0,max_resample_factor,T1,AVAILABLE,,192.0,pooled_outer_test_folds,808.0,0.335023322121056,0.29967483002307604,0.08975952597701264,0.28516224477793134,0.22271538326066243,standardized_outer_train,5.0,0.3329260817086447,0.08864989157468278,0.04127694248731537
final,3026,N3,P0,max_resample_factor,T2,AVAILABLE,,192.0,pooled_outer_test_folds,808.0,0.41187176279302345,0.36069778656645224,0.12637402581170953,0.27914915324879824,0.2123729149626399,standardized_outer_train,5.0,0.41443508599552936,0.11980462444726994,0.07294560901207497
final,3026,N3,P0,max_resample_factor,T3,AVAILABLE,,192.0,pooled_outer_test_folds,808.0,0.41055198625134826,0.36740077478309513,0.08963390516124459,0.2823869672241452,0.21320837178956095,standardized_outer_train,5.0,0.41453929640094717,0.0896378141622847,0.13275214717050635
final,3026,N3,P0,max_resample_factor,macro,AVAILABLE,,192.0,mean_of_pooled_endpoint_metrics,3232.0,0.3842082658387427,0.33331243017095075,0.09063939184840239,0.2845932228287358,0.21587903716219622,standardized_outer_train,5.0,0.3870863275424541,0.0877420706957324,0.04057484611860509
final,3026,N3,P0,native_spacing_x_mm,T0,AVAILABLE,,192.0,pooled_outer_test_folds,808.0,0.4839315183051732,0.4379749903816787,0.1562260698975707,0.1372324817952717,0.09368247255604524,standardized_outer_train,5.0,0.4822931002188919,0.15501843960156905,0.11785823327676936
final,3026,N3,P0,native_spacing_x_mm,T1,AVAILABLE,,192.0,pooled_outer_test_folds,808.0,0.47004587063346476,0.41232266197076317,0.16265714110692364,0.13524995257877243,0.09254521449100177,standardized_outer_train,5.0,0.48239735890204394,0.1522634988999542,0.11901826349587566
final,3026,N3,P0,native_spacing_x_mm,T2,AVAILABLE,,192.0,pooled_outer_test_folds,808.0,0.4737100370964488,0.4159621822639393,0.1563262919436813,0.13514818461521486,0.09101426428339322,standardized_outer_train,5.0,0.48159575992091297,0.14666923993957243,0.13770524076500637
final,3026,N3,P0,native_spacing_x_mm,T3,AVAILABLE,,192.0,pooled_outer_test_folds,808.0,0.47838988197413723,0.4131015945800967,0.16224265740309785,0.13387893236291343,0.08778178721046997,standardized_outer_train,5.0,0.48511923327322926,0.15080618827021136,0.14012543770225638
final,3026,N3,P0,native_spacing_x_mm,macro,AVAILABLE,,192.0,mean_of_pooled_endpoint_metrics,3232.0,0.47651932700230604,0.41984035729911945,0.15936304008781838,0.1353773878380431,0.09125593463522755,standardized_outer_train,5.0,0.4828513630787695,0.15118934167782677,0.12026010637702562
final,3026,N3,P0,native_spacing_y_mm,T0,AVAILABLE,,192.0,pooled_outer_test_folds,808.0,0.48405597130908756,0.43797510048130023,0.15622617413522155,0.13723247300321806,0.0936824690563899,standardized_outer_train,5.0,0.4824772751490808,0.1550185374873308,0.11785826486294676
final,3026,N3,P0,native_spacing_y_mm,T1,AVAILABLE,,192.0,pooled_outer_test_folds,808.0,0.4700895598152914,0.412322646289635,0.16265712213869488,0.13524995407565468,0.09254521488207462,standardized_outer_train,5.0,0.48235426779123225,0.1522634769209179,0.11901830013014134
final,3026,N3,P0,native_spacing_y_mm,T2,AVAILABLE,,192.0,pooled_outer_test_folds,808.0,0.47400754763259145,0.41596229961166886,0.15632638627312467,0.13514817692969375,0.09101427693391732,standardized_outer_train,5.0,0.4818255435142304,0.1466693003260477,0.13770529807396548
final,3026,N3,P0,native_spacing_y_mm,T3,AVAILABLE,,192.0,pooled_outer_test_folds,808.0,0.47852968452337447,0.41310156677218546,0.16224263064978617,0.1338789342374927,0.08778178918569214,standardized_outer_train,5.0,0.4852835133534996,0.15080616414465078,0.14012547173383375
final,3026,N3,P0,native_spacing_y_mm,macro,AVAILABLE,,192.0,mean_of_pooled_endpoint_metrics,3232.0,0.4766706908200862,0.4198404032886973,0.15936307829920682,0.13537738456151477,0.09125593751451849,standardized_outer_train,5.0,0.4829851499520107,0.1511893697197368,0.12026020909120538
final,3026,N3,P0,native_spacing_z_mm,T0,AVAILABLE,,192.0,pooled_outer_test_folds,808.0,0.4533369933991856,0.4588398082550757,0.18209885914438695,0.49234708222879714,0.39494341584033255,standardized_outer_train,5.0,0.46031300851069296,0.18149696523262887,0.06234851760160099
final,3026,N3,P0,native_spacing_z_mm,T1,AVAILABLE,,192.0,pooled_outer_test_folds,808.0,0.4314483318809411,0.4184716964582652,0.138485302719349,0.505569186024438,0.4086718926355923,standardized_outer_train,5.0,0.4276348827032149,0.13899747340074214,0.10798250421830434
final,3026,N3,P0,native_spacing_z_mm,T2,AVAILABLE,,192.0,pooled_outer_test_folds,808.0,0.4691843553229373,0.4736688637550913,0.19531896619284816,0.4869834985762913,0.39293635428975315,standardized_outer_train,5.0,0.465432684922524,0.19476710369776956,0.07541935481960323
final,3026,N3,P0,native_spacing_z_mm,T3,AVAILABLE,,192.0,pooled_outer_test_folds,808.0,0.4596770705660283,0.4709535435715011,0.19530011926985102,0.48959744223351953,0.40043909687453766,standardized_outer_train,5.0,0.4658486736866217,0.1958677054065361,0.11224600827400702
final,3026,N3,P0,native_spacing_z_mm,macro,AVAILABLE,,192.0,mean_of_pooled_endpoint_metrics,3232.0,0.4534116877922731,0.4554834780099833,0.17780081183160878,0.4936243022657615,0.3992476899100539,standardized_outer_train,5.0,0.4548073124557634,0.1777823119344192,0.07765147828823069
final,3026,N3,P0,padding_fraction,T0,AVAILABLE,,192.0,pooled_outer_test_folds,808.0,0.47762725913095055,0.4717351022521174,0.17606350324887865,0.08300407051535781,0.06269612651936227,standardized_outer_train,5.0,0.47553100305221285,0.17250175716008193,0.18560614157852498
final,3026,N3,P0,padding_fraction,T1,AVAILABLE,,192.0,pooled_outer_test_folds,808.0,0.4591817102379343,0.43860735502371995,0.1336868096969589,0.09978370700198204,0.0745941572550097,standardized_outer_train,5.0,0.4586225857522287,0.13905584288181969,0.12537113126862984
final,3026,N3,P0,padding_fraction,T2,AVAILABLE,,192.0,pooled_outer_test_folds,808.0,0.4410080225367212,0.4396712332729926,0.17767642289516128,0.09796831640698164,0.07543138516629781,standardized_outer_train,5.0,0.4454712029693743,0.18478621584148658,0.12800177219592057
final,3026,N3,P0,padding_fraction,T3,AVAILABLE,,192.0,pooled_outer_test_folds,808.0,0.4415491371095598,0.46243733334588344,0.18957681056951714,0.09788896175256283,0.07558841450387875,standardized_outer_train,5.0,0.4374478977257067,0.18133376069282509,0.16049078092562075
final,3026,N3,P0,padding_fraction,macro,AVAILABLE,,192.0,mean_of_pooled_endpoint_metrics,3232.0,0.4548415322537914,0.4531127559736784,0.169250886602629,0.09466126391922108,0.07207752086113714,standardized_outer_train,5.0,0.45426817237488065,0.16941939414405333,0.12417677385066635
final,3026,N3,P0,resize_anisotropy,T0,AVAILABLE,,192.0,pooled_outer_test_folds,808.0,0.35119073582188004,0.3486128920986189,0.10689337383027742,0.3185308895054655,0.20888770742320042,standardized_outer_train,5.0,0.35957814033796265,0.09380389701035882,0.104480354223978
final,3026,N3,P0,resize_anisotropy,T1,AVAILABLE,,192.0,pooled_outer_test_folds,808.0,0.26363688019240505,0.23895371330727394,0.054601920966141915,0.3276062871549067,0.21494263695515284,standardized_outer_train,5.0,0.2724903393364134,0.0518894909055721,0.05537889223271342
final,3026,N3,P0,resize_anisotropy,T2,AVAILABLE,,192.0,pooled_outer_test_folds,808.0,0.31686034250270884,0.3221104607917405,0.10239297326699937,0.3200400596256928,0.2070786015345056,standardized_outer_train,5.0,0.3263647764688668,0.08642414549973562,0.08038096192314845
final,3026,N3,P0,resize_anisotropy,T3,AVAILABLE,,192.0,pooled_outer_test_folds,808.0,0.30634079265998454,0.2597104786182381,0.06263136075734321,0.32491403376577993,0.21134066207749697,standardized_outer_train,5.0,0.31350947551685604,0.05201045684558843,0.05033893771738033
final,3026,N3,P0,resize_anisotropy,macro,AVAILABLE,,192.0,mean_of_pooled_endpoint_metrics,3232.0,0.30950718779424463,0.2923468862039678,0.08162990720519048,0.3227728175129612,0.21056240199758897,standardized_outer_train,5.0,0.3179856829150247,0.07103199756531375,0.055059984914441716
final,3026,N3,P0,valid_source_fraction,T0,AVAILABLE,,192.0,pooled_outer_test_folds,808.0,0.4776317188961661,0.4717351277678655,0.1760635673175568,0.08300406728819092,0.0626961292671334,standardized_outer_train,5.0,0.47553100305221285,0.17250182236178238,0.1856058200607973
final,3026,N3,P0,valid_source_fraction,T1,AVAILABLE,,192.0,pooled_outer_test_folds,808.0,0.4591905381717075,0.43860638495364435,0.1336856134032537,0.09978377589772362,0.07459416332875947,standardized_outer_train,5.0,0.4586621159941198,0.13905479655669736,0.12537133371405493
final,3026,N3,P0,valid_source_fraction,T2,AVAILABLE,,192.0,pooled_outer_test_folds,808.0,0.4410080225367212,0.43967132678695536,0.17767658398379438,0.09796830681125597,0.07543137765512484,standardized_outer_train,5.0,0.4454712029693743,0.1847864241726016,0.12800201526645053
final,3026,N3,P0,valid_source_fraction,T3,AVAILABLE,,192.0,pooled_outer_test_folds,808.0,0.4415491371095598,0.4624376620428093,0.18957733180025227,0.09788893027348847,0.07558839878809519,standardized_outer_train,5.0,0.4374478977257067,0.1813342782842392,0.1604917728132405
final,3026,N3,P0,valid_source_fraction,macro,AVAILABLE,,192.0,mean_of_pooled_endpoint_metrics,3232.0,0.4548448541785387,0.4531126253878186,0.16925077412621428,0.09466127006766475,0.07207751725977822,standardized_outer_train,5.0,0.45427805493535345,0.1694193303438301,0.1241771789887613
final,3026,N3,PLOCAL,acquisition_fov_x_mm,T0,AVAILABLE,,192.0,pooled_outer_test_folds,808.0,0.35469556180084916,0.4281989276638906,0.18125134676810106,58.72986192331591,43.93846845320497,standardized_outer_train,5.0,0.36628347768886677,0.17751212237996822,0.08891043538438773
final,3026,N3,PLOCAL,acquisition_fov_x_mm,T1,AVAILABLE,,192.0,pooled_outer_test_folds,808.0,0.3535820094837275,0.4210407881733391,0.17383456149280307,59.42048527804151,45.26489269273322,standardized_outer_train,5.0,0.35616181045175616,0.17124005346930832,0.04085730086922186
final,3026,N3,PLOCAL,acquisition_fov_x_mm,T2,AVAILABLE,,192.0,pooled_outer_test_folds,808.0,0.30573536576691224,0.37121553874333857,0.13269477189435674,61.60830431901852,46.55568903270297,standardized_outer_train,5.0,0.302643073781796,0.12861692751073156,0.06815824774160116
final,3026,N3,PLOCAL,acquisition_fov_x_mm,T3,AVAILABLE,,192.0,pooled_outer_test_folds,808.0,0.3140777043649781,0.31837404338908903,0.07932682698104332,62.46207599993577,46.10406019254359,standardized_outer_train,5.0,0.3165686994713379,0.07700329936643038,0.13196105957940737
final,3026,N3,PLOCAL,acquisition_fov_x_mm,macro,AVAILABLE,,192.0,mean_of_pooled_endpoint_metrics,3232.0,0.3320226603541167,0.3847073244924144,0.14177687678407605,60.555181880077924,45.46577759279619,standardized_outer_train,5.0,0.3354142653484392,0.13859310068160963,0.05867618751072352
final,3026,N3,PLOCAL,acquisition_fov_y_mm,T0,AVAILABLE,,192.0,pooled_outer_test_folds,808.0,0.35505268670050794,0.42819893301950873,0.1812513527737486,58.729861543943414,43.93846821382924,standardized_outer_train,5.0,0.36670585161484104,0.1775121276202955,0.08891042960038824
final,3026,N3,PLOCAL,acquisition_fov_y_mm,T1,AVAILABLE,,192.0,pooled_outer_test_folds,808.0,0.35382541814584983,0.4210407618067647,0.17383452892490947,59.420486462986446,45.26489548085536,standardized_outer_train,5.0,0.35654721951057167,0.1712400175481422,0.04085741482985413
final,3026,N3,PLOCAL,acquisition_fov_y_mm,T2,AVAILABLE,,192.0,pooled_outer_test_folds,808.0,0.3061911053332225,0.37121553557505943,0.1326947713453035,61.60830427743183,46.555689299476164,standardized_outer_train,5.0,0.3031037557168784,0.12861692727046106,0.06815824742312322
final,3026,N3,PLOCAL,acquisition_fov_y_mm,T3,AVAILABLE,,192.0,pooled_outer_test_folds,808.0,0.314044729041245,0.3183740482149077,0.07932683200896484,62.46207574799737,46.10405997352998,standardized_outer_train,5.0,0.31644304009612717,0.07700330470128816,0.13196104610866527
final,3026,N3,PLOCAL,acquisition_fov_y_mm,macro,AVAILABLE,,192.0,mean_of_pooled_endpoint_metrics,3232.0,0.3322784848052063,0.3847073196540602,0.1417768712632316,60.555182008089766,45.465778241922685,standardized_outer_train,5.0,0.3356999667346045,0.13859309428504668,0.058676198859266386
final,3026,N3,PLOCAL,acquisition_fov_z_mm,T0,AVAILABLE,,192.0,pooled_outer_test_folds,808.0,0.16417847867953994,0.15540341745623182,-0.006200602556593493,10.946063431101381,6.7799612460139675,standardized_outer_train,5.0,0.15467352299892678,-0.008520923316321542,0.06589370696890637
final,3026,N3,PLOCAL,acquisition_fov_z_mm,T1,AVAILABLE,,192.0,pooled_outer_test_folds,808.0,0.14940868352370534,0.11230818387455606,-0.00626567895239738,11.626398020314438,7.248876149791305,standardized_outer_train,5.0,0.14963312648442054,-0.012946137218868895,0.03315944487307017
final,3026,N3,PLOCAL,acquisition_fov_z_mm,T2,AVAILABLE,,192.0,pooled_outer_test_folds,808.0,0.11383600837964172,0.03043049962622249,-0.04303261225607069,12.303777289297212,7.544059463333315,standardized_outer_train,5.0,0.12904895869493377,-0.044487199405504226,0.037798622795535704
final,3026,N3,PLOCAL,acquisition_fov_z_mm,T3,AVAILABLE,,192.0,pooled_outer_test_folds,808.0,0.16612098603631886,0.11909112960957714,-0.019743560353155942,11.679333183503546,6.763419456970057,standardized_outer_train,5.0,0.16702238735834357,-0.02019036787420904,0.11905118196257612
final,3026,N3,PLOCAL,acquisition_fov_z_mm,macro,AVAILABLE,,192.0,mean_of_pooled_endpoint_metrics,3232.0,0.14838603915480147,0.10430830764164686,-0.018810613529554376,11.638892981054145,7.084079079027161,standardized_outer_train,5.0,0.15009449888415616,-0.02153615695372596,0.05362048757204101
final,3026,N3,PLOCAL,max_resample_factor,T0,AVAILABLE,,192.0,pooled_outer_test_folds,808.0,0.26997563788462986,0.24304865764812708,0.04679420362741138,0.29321600029129724,0.22340241535371214,standardized_outer_train,5.0,0.26670267743413323,0.04246136495820034,0.052982633655049946
final,3026,N3,PLOCAL,max_resample_factor,T1,AVAILABLE,,192.0,pooled_outer_test_folds,808.0,0.21545119204114827,0.16395924588094582,0.01460055196838761,0.2967017520225497,0.2301183190154926,standardized_outer_train,5.0,0.2299573019773123,0.01195649401268738,0.018726309260628196
final,3026,N3,PLOCAL,max_resample_factor,T2,AVAILABLE,,192.0,pooled_outer_test_folds,808.0,0.24885106212172267,0.18441775021587897,0.003027846425713965,0.29820509548402696,0.23045095049352554,standardized_outer_train,5.0,0.2557231120261438,0.000531096931277359,0.04308662348438167
final,3026,N3,PLOCAL,max_resample_factor,T3,AVAILABLE,,192.0,pooled_outer_test_folds,808.0,0.20052002213942774,0.16152220301106704,0.017173954399456348,0.29341001958588236,0.22677536969243156,standardized_outer_train,5.0,0.20980705822161375,0.014721900065842581,0.043058747171583235
final,3026,N3,PLOCAL,max_resample_factor,macro,AVAILABLE,,192.0,mean_of_pooled_endpoint_metrics,3232.0,0.23369947854673215,0.1882369641890047,0.020399139105242325,0.2953832168459391,0.22768676363879042,standardized_outer_train,5.0,0.24054753741480073,0.017417713992001878,0.02691334399876773
final,3026,N3,PLOCAL,native_spacing_x_mm,T0,AVAILABLE,,192.0,pooled_outer_test_folds,808.0,0.29949804368361316,0.2529582668289475,0.026855222131622725,0.1473779781441519,0.10254354907618887,standardized_outer_train,5.0,0.3139168261679246,0.018906271679727103,0.11417694665260347
final,3026,N3,PLOCAL,native_spacing_x_mm,T1,AVAILABLE,,192.0,pooled_outer_test_folds,808.0,0.32830104765590856,0.3326977379019478,0.10929921571080448,0.1394926672175219,0.09679879366754404,standardized_outer_train,5.0,0.3379221974992838,0.09900296024127883,0.026030685860744994
final,3026,N3,PLOCAL,native_spacing_x_mm,T2,AVAILABLE,,192.0,pooled_outer_test_folds,808.0,0.29544386330238676,0.27788074955430375,0.06900139362590052,0.14197029157258378,0.09849412865971299,standardized_outer_train,5.0,0.2900997881305825,0.060580594106435605,0.07183247478230044
final,3026,N3,PLOCAL,native_spacing_x_mm,T3,AVAILABLE,,192.0,pooled_outer_test_folds,808.0,0.27450955882020317,0.22973326743694802,0.017560731503078686,0.14497929228679454,0.10044682580741024,standardized_outer_train,5.0,0.2837167484770403,0.011149614507651218,0.10288321819650482
final,3026,N3,PLOCAL,native_spacing_x_mm,macro,AVAILABLE,,192.0,mean_of_pooled_endpoint_metrics,3232.0,0.2994381283655279,0.2733175054305368,0.0556791407428516,0.14345505730526303,0.09957082430271405,standardized_outer_train,5.0,0.3064138900687078,0.04740986013377317,0.055989490603735974
final,3026,N3,PLOCAL,native_spacing_y_mm,T0,AVAILABLE,,192.0,pooled_outer_test_folds,808.0,0.2996777367013335,0.25295831701529314,0.02685528296715245,0.14737797319883522,0.10254354972835475,standardized_outer_train,5.0,0.31419017030836904,0.01890634905670525,0.11417689354372614
final,3026,N3,PLOCAL,native_spacing_y_mm,T1,AVAILABLE,,192.0,pooled_outer_test_folds,808.0,0.3283339795273223,0.3326977308455457,0.10929921070923587,0.13949266757305298,0.0967987936839885,standardized_outer_train,5.0,0.3380075707587425,0.09900295402580021,0.026030695404723553
final,3026,N3,PLOCAL,native_spacing_y_mm,T2,AVAILABLE,,192.0,pooled_outer_test_folds,808.0,0.2956273377177263,0.2778807489932108,0.06900139487343382,0.14197029134069286,0.09849412863393292,standardized_outer_train,5.0,0.29049485133166186,0.060580595393397406,0.07183247830294323
final,3026,N3,PLOCAL,native_spacing_y_mm,T3,AVAILABLE,,192.0,pooled_outer_test_folds,808.0,0.274439563308349,0.22973316728821,0.017560620510785663,0.14497930019149266,0.10044683677348903,standardized_outer_train,5.0,0.28356719091010274,0.011149527990147878,0.10288321177745216
final,3026,N3,PLOCAL,native_spacing_y_mm,macro,AVAILABLE,,192.0,mean_of_pooled_endpoint_metrics,3232.0,0.29951965431368277,0.2733174910355649,0.05567912726515195,0.1434550580760184,0.0995708272049413,standardized_outer_train,5.0,0.30656494582721905,0.04740985661651266,0.055989487903841256
final,3026,N3,PLOCAL,native_spacing_z_mm,T0,AVAILABLE,,192.0,pooled_outer_test_folds,808.0,0.369914015728858,0.3964992953215975,0.1551499749854235,0.5003924774321354,0.42703982011726627,standardized_outer_train,5.0,0.36919547218701104,0.15513958253423418,0.0591155314653164
final,3026,N3,PLOCAL,native_spacing_z_mm,T1,AVAILABLE,,192.0,pooled_outer_test_folds,808.0,0.32478369170109866,0.3278063049163959,0.09603184703874124,0.5178760371100296,0.4358562214022391,standardized_outer_train,5.0,0.32240615160152386,0.09687154299777545,0.0674178776389325
final,3026,N3,PLOCAL,native_spacing_z_mm,T2,AVAILABLE,,192.0,pooled_outer_test_folds,808.0,0.28439688372735283,0.2701874771452961,0.06271563925500312,0.5255790530502471,0.45663781062027964,standardized_outer_train,5.0,0.2834642281291547,0.06260991237004951,0.05316162520633601
final,3026,N3,PLOCAL,native_spacing_z_mm,T3,AVAILABLE,,192.0,pooled_outer_test_folds,808.0,0.31687795914366806,0.32298351189636604,0.10093275794194678,0.5175094193468198,0.4501278693427335,standardized_outer_train,5.0,0.3191191456129874,0.10060542303639046,0.048712117672489494
final,3026,N3,PLOCAL,native_spacing_z_mm,macro,AVAILABLE,,192.0,mean_of_pooled_endpoint_metrics,3232.0,0.3239931375752444,0.3293691473199139,0.10370755480527866,0.515339246734808,0.44241543037062964,standardized_outer_train,5.0,0.32354624938266924,0.10380661523461239,0.05230579882182495
final,3026,N3,PLOCAL,padding_fraction,T0,AVAILABLE,,192.0,pooled_outer_test_folds,808.0,0.44565977583518934,0.38370225846253225,0.13336403996759905,0.08512769480426266,0.06291330833543825,standardized_outer_train,5.0,0.4503822346122039,0.12184962538486228,0.09203889030173987
final,3026,N3,PLOCAL,padding_fraction,T1,AVAILABLE,,192.0,pooled_outer_test_folds,808.0,0.5057361261479164,0.4752085362399479,0.22051160892316912,0.09465139006307478,0.07048658615879534,standardized_outer_train,5.0,0.5098450764841893,0.2165231988664062,0.08588348414566074
final,3026,N3,PLOCAL,padding_fraction,T2,AVAILABLE,,192.0,pooled_outer_test_folds,808.0,0.49746742877083544,0.4886189383043424,0.23058723891021393,0.09476412700687727,0.0724618203505111,standardized_outer_train,5.0,0.4990198285984932,0.22382147326975127,0.16334058328812978
final,3026,N3,PLOCAL,padding_fraction,T3,AVAILABLE,,192.0,pooled_outer_test_folds,808.0,0.4749472135105405,0.46841790429026975,0.21313301963738507,0.09645582348286472,0.07330144651321276,standardized_outer_train,5.0,0.46879779222193213,0.20501070161356924,0.13597003192808332
final,3026,N3,PLOCAL,padding_fraction,macro,AVAILABLE,,192.0,mean_of_pooled_endpoint_metrics,3232.0,0.4809526360661204,0.4539869093242731,0.1993989768595918,0.09274975883926986,0.06979079033948936,standardized_outer_train,5.0,0.4820112329792047,0.19180124978364724,0.08997667983340095
final,3026,N3,PLOCAL,resize_anisotropy,T0,AVAILABLE,,192.0,pooled_outer_test_folds,808.0,0.1619376179097357,0.1717774438184983,0.011094900556019471,0.3351793132728973,0.22323074750618363,standardized_outer_train,5.0,0.168300144274759,0.005094859281718218,0.05975214535213627
final,3026,N3,PLOCAL,resize_anisotropy,T1,AVAILABLE,,192.0,pooled_outer_test_folds,808.0,0.12793420319964005,0.17572321536620178,0.03077150598007572,0.33170953591324726,0.22351428572759574,standardized_outer_train,5.0,0.12937729609333384,0.02312300941048486,0.02609038532355678
final,3026,N3,PLOCAL,resize_anisotropy,T2,AVAILABLE,,192.0,pooled_outer_test_folds,808.0,0.15214530607569565,0.14331461101981147,-0.010376670332550075,0.33954932830236806,0.2243287833746412,standardized_outer_train,5.0,0.1546903747658873,-0.030063717216676923,0.10566518648791427
final,3026,N3,PLOCAL,resize_anisotropy,T3,AVAILABLE,,192.0,pooled_outer_test_folds,808.0,0.10168279783272993,0.08275414654013756,-0.004345635819805516,0.33632167592554096,0.2233480806336746,standardized_outer_train,5.0,0.10985407572131552,-0.019342627665891177,0.05489238902093264
final,3026,N3,PLOCAL,resize_anisotropy,macro,AVAILABLE,,192.0,mean_of_pooled_endpoint_metrics,3232.0,0.13592498125445035,0.14339235418616228,0.0067860250959349,0.33568996335351337,0.2236054743105238,standardized_outer_train,5.0,0.1405554727138239,-0.005297119047591241,0.04245930523965128
final,3026,N3,PLOCAL,valid_source_fraction,T0,AVAILABLE,,192.0,pooled_outer_test_folds,808.0,0.44565977583518934,0.3837022483975025,0.13336403161612298,0.08512769521443599,0.06291330888348699,standardized_outer_train,5.0,0.4503822346122039,0.12184961590750099,0.09203890724093432
final,3026,N3,PLOCAL,valid_source_fraction,T1,AVAILABLE,,192.0,pooled_outer_test_folds,808.0,0.5057361261479164,0.47520864917124794,0.22051173595218188,0.09465138235066158,0.07048657838183711,standardized_outer_train,5.0,0.5098450764841893,0.2165233340761051,0.08588333243190974
final,3026,N3,PLOCAL,valid_source_fraction,T2,AVAILABLE,,192.0,pooled_outer_test_folds,808.0,0.49746742877083544,0.4886189354123597,0.2305872358410498,0.0947641271958829,0.07246181999818031,standardized_outer_train,5.0,0.4990198285984932,0.2238214700349311,0.1633405851399491
final,3026,N3,PLOCAL,valid_source_fraction,T3,AVAILABLE,,192.0,pooled_outer_test_folds,808.0,0.4749472135105405,0.46841797814103003,0.21313310473699776,0.09645581826701906,0.07330144247100552,standardized_outer_train,5.0,0.46879779222193213,0.20501077469481027,0.1359699856670899
final,3026,N3,PLOCAL,valid_source_fraction,macro,AVAILABLE,,192.0,mean_of_pooled_endpoint_metrics,3232.0,0.4809526360661204,0.453986952780535,0.1993990270365881,0.09274975575699988,0.06979078743362747,standardized_outer_train,5.0,0.4820112329792047,0.19180129867833687,0.08997666955694303
final,3026,N3,PVALID,acquisition_fov_x_mm,T0,AVAILABLE,,192.0,pooled_outer_test_folds,808.0,0.5369094353849405,0.6077666939999453,0.3482870272581535,52.39765649981964,39.26805562260293,standardized_outer_train,5.0,0.5410604174970282,0.3457928552276237,0.04148926184495766
final,3026,N3,PVALID,acquisition_fov_x_mm,T1,AVAILABLE,,192.0,pooled_outer_test_folds,808.0,0.5236477081660972,0.5436011854000736,0.2811625392593834,55.426573810442854,40.84547680565884,standardized_outer_train,5.0,0.5278062871223389,0.283798900260877,0.12652508698442877
final,3026,N3,PVALID,acquisition_fov_x_mm,T2,AVAILABLE,,192.0,pooled_outer_test_folds,808.0,0.5399710844367293,0.6096762487699251,0.3657961247801167,52.68266295436586,39.44046571919226,standardized_outer_train,5.0,0.5384861457086908,0.36416409372225794,0.08150341948150612
final,3026,N3,PVALID,acquisition_fov_x_mm,T3,AVAILABLE,,192.0,pooled_outer_test_folds,808.0,0.53783038456865,0.5950517444784754,0.33794878050458876,52.96749875049777,39.23478432415553,standardized_outer_train,5.0,0.5408767709771878,0.3371490731040832,0.12820245943592243
final,3026,N3,PVALID,acquisition_fov_x_mm,macro,AVAILABLE,,192.0,mean_of_pooled_endpoint_metrics,3232.0,0.5345896531391042,0.5890239681621049,0.3332986179505606,53.36859800378153,39.697195617902395,standardized_outer_train,5.0,0.5370574053263114,0.33272623057871054,0.08611952201690562
final,3026,N3,PVALID,acquisition_fov_y_mm,T0,AVAILABLE,,192.0,pooled_outer_test_folds,808.0,0.5369750282988494,0.6077667023622108,0.3482870176347679,52.39765674038283,39.26805593795169,standardized_outer_train,5.0,0.5411459286482174,0.34579284249241304,0.041489299433321074
final,3026,N3,PVALID,acquisition_fov_y_mm,T1,AVAILABLE,,192.0,pooled_outer_test_folds,808.0,0.5236306846904919,0.5436011374480587,0.2811624832505232,55.42657598257488,40.84547810671929,standardized_outer_train,5.0,0.5278977125953274,0.28379884433063207,0.1265251579513592
final,3026,N3,PVALID,acquisition_fov_y_mm,T2,AVAILABLE,,192.0,pooled_outer_test_folds,808.0,0.5401987850117661,0.609676178390484,0.36579600539381973,52.68266786077672,39.44047172084207,standardized_outer_train,5.0,0.5386356250633539,0.3641639635361551,0.08150335267812518
final,3026,N3,PVALID,acquisition_fov_y_mm,T3,AVAILABLE,,192.0,pooled_outer_test_folds,808.0,0.5378122086449274,0.5950517782073119,0.33794884067366937,52.96749627456891,39.23478159666721,standardized_outer_train,5.0,0.540825580875678,0.33714913283328585,0.12820252861100218
final,3026,N3,PVALID,acquisition_fov_y_mm,macro,AVAILABLE,,192.0,mean_of_pooled_endpoint_metrics,3232.0,0.5346541766615086,0.5890239491020164,0.333298586738195,53.36859921457583,39.69719684054507,standardized_outer_train,5.0,0.5371262117956442,0.33272619579812146,0.08611951379657352
final,3026,N3,PVALID,acquisition_fov_z_mm,T0,AVAILABLE,,192.0,pooled_outer_test_folds,808.0,0.2464231792529055,0.3269942328864688,0.021478234385026163,10.7944599442215,7.23203201515969,standardized_outer_train,5.0,0.25449940614121924,0.011914720103285741,0.12711857658325645
final,3026,N3,PVALID,acquisition_fov_z_mm,T1,AVAILABLE,,192.0,pooled_outer_test_folds,808.0,0.21051259748023401,0.21169837716158196,0.0287588944878433,11.42226899875652,7.036660255773326,standardized_outer_train,5.0,0.2088548207307383,0.022009697625867058,0.04054829850568126
final,3026,N3,PVALID,acquisition_fov_z_mm,T2,AVAILABLE,,192.0,pooled_outer_test_folds,808.0,0.21874875353396808,0.198853914939475,-0.030860534797836348,12.231774734079702,7.545419886314966,standardized_outer_train,5.0,0.23074876723746468,-0.03665065883677694,0.04732381095094218
final,3026,N3,PVALID,acquisition_fov_z_mm,T3,AVAILABLE,,192.0,pooled_outer_test_folds,808.0,0.2826948251381837,0.2948212502465632,0.06379232004139579,11.190736297682243,6.877904004466464,standardized_outer_train,5.0,0.2911356323106659,0.056941935803745104,0.07878550874083676
final,3026,N3,PVALID,acquisition_fov_z_mm,macro,AVAILABLE,,192.0,mean_of_pooled_endpoint_metrics,3232.0,0.23959483885132282,0.25809194380852224,0.020792228529107226,11.409809993684991,7.173004040428612,standardized_outer_train,5.0,0.24630965660502202,0.013553923674030239,0.04042634533359882
final,3026,N3,PVALID,max_resample_factor,T0,AVAILABLE,,192.0,pooled_outer_test_folds,808.0,0.39241677312341444,0.2964463202295874,0.026828627792088056,0.2962708956668203,0.21591613907276436,standardized_outer_train,5.0,0.4010953001603147,0.017268557647741416,0.17884490186269356
final,3026,N3,PVALID,max_resample_factor,T1,AVAILABLE,,192.0,pooled_outer_test_folds,808.0,0.36871871041525683,0.3357324918956871,0.10126901583591874,0.2833536495918841,0.21756878746905478,standardized_outer_train,5.0,0.37275361165261417,0.1002871439494459,0.050104739604062386
final,3026,N3,PVALID,max_resample_factor,T2,AVAILABLE,,192.0,pooled_outer_test_folds,808.0,0.39227976167299067,0.3551379142667945,0.11768430172147737,0.2805340290352653,0.21440970314130461,standardized_outer_train,5.0,0.39045218721105235,0.11412564342856313,0.03875225412009113
final,3026,N3,PVALID,max_resample_factor,T3,AVAILABLE,,192.0,pooled_outer_test_folds,808.0,0.4150308964294503,0.3762854376350623,0.11800516286388552,0.27795189117403385,0.2120895134337607,standardized_outer_train,5.0,0.41505407173782166,0.1184484809243261,0.05474827774288799
final,3026,N3,PVALID,max_resample_factor,macro,AVAILABLE,,192.0,mean_of_pooled_endpoint_metrics,3232.0,0.39211153541027804,0.3409005410067828,0.09094677705334242,0.28452761636700086,0.2149960357792211,standardized_outer_train,5.0,0.3948387926904507,0.08753245648751913,0.05288510077572128
final,3026,N3,PVALID,native_spacing_x_mm,T0,AVAILABLE,,192.0,pooled_outer_test_folds,808.0,0.5261579057731544,0.47404264220855713,0.18313116802301443,0.1350268165947141,0.09483994795750623,standardized_outer_train,5.0,0.5428583464948681,0.16960063803312891,0.0981450934336993
final,3026,N3,PVALID,native_spacing_x_mm,T1,AVAILABLE,,192.0,pooled_outer_test_folds,808.0,0.5286806982041905,0.4570478183732825,0.20390974936023332,0.13187625746382375,0.08801509764966323,standardized_outer_train,5.0,0.5349529588942847,0.19588030684355684,0.10018092169357236
final,3026,N3,PVALID,native_spacing_x_mm,T2,AVAILABLE,,192.0,pooled_outer_test_folds,808.0,0.5430832046443137,0.4890771225404264,0.23266314219131812,0.1288890398649166,0.08793182503183758,standardized_outer_train,5.0,0.5400489575396209,0.22710016645827807,0.09409156983438394
final,3026,N3,PVALID,native_spacing_x_mm,T3,AVAILABLE,,192.0,pooled_outer_test_folds,808.0,0.5419780046636784,0.48421440251199405,0.23022595971953674,0.12833193698291684,0.08495032584068907,standardized_outer_train,5.0,0.5473215131700216,0.21944268271981357,0.11021831094828317
final,3026,N3,PVALID,native_spacing_x_mm,macro,AVAILABLE,,192.0,mean_of_pooled_endpoint_metrics,3232.0,0.5349749533213342,0.476095496408565,0.21248250482352565,0.13103101272659284,0.08893429911992404,standardized_outer_train,5.0,0.5412954440246988,0.20300594851369436,0.0847638267344004
final,3026,N3,PVALID,native_spacing_y_mm,T0,AVAILABLE,,192.0,pooled_outer_test_folds,808.0,0.5262026384561012,0.47404307994706624,0.1831317757156552,0.1350267660591924,0.09483989540996406,standardized_outer_train,5.0,0.5429723288703661,0.1696013434849894,0.09814507804784967
final,3026,N3,PVALID,native_spacing_y_mm,T1,AVAILABLE,,192.0,pooled_outer_test_folds,808.0,0.5286173104540128,0.4570477860359243,0.20390970597892533,0.13187626102284222,0.0880150984234137,standardized_outer_train,5.0,0.5349585632584057,0.19588027747724657,0.100180857216571
final,3026,N3,PVALID,native_spacing_y_mm,T2,AVAILABLE,,192.0,pooled_outer_test_folds,808.0,0.5433813144936559,0.48907714010868625,0.23266315484742495,0.12888903867782886,0.08793182291686619,standardized_outer_train,5.0,0.5402793884094401,0.22710017258929177,0.0940915535357843
final,3026,N3,PVALID,native_spacing_y_mm,T3,AVAILABLE,,192.0,pooled_outer_test_folds,808.0,0.542094111831667,0.48421436607766566,0.23022591356129118,0.1283319405783302,0.08495032399678058,standardized_outer_train,5.0,0.5474369735069855,0.21944265777832744,0.11021828586839266
final,3026,N3,PVALID,native_spacing_y_mm,macro,AVAILABLE,,192.0,mean_of_pooled_endpoint_metrics,3232.0,0.5350738438088593,0.4760955930423356,0.21248263752582416,0.13103100158454842,0.08893428518675614,standardized_outer_train,5.0,0.5414118135112993,0.20300611283246375,0.0847638141175884
final,3026,N3,PVALID,native_spacing_z_mm,T0,AVAILABLE,,192.0,pooled_outer_test_folds,808.0,0.45897020664729327,0.4766272466196137,0.21620294165379317,0.48197307356101626,0.391088080801085,standardized_outer_train,5.0,0.4656075809770388,0.21508901949136422,0.036936643371585025
final,3026,N3,PVALID,native_spacing_z_mm,T1,AVAILABLE,,192.0,pooled_outer_test_folds,808.0,0.48529290547736503,0.4956456631045064,0.23226845514010053,0.477258798462161,0.381227732481176,standardized_outer_train,5.0,0.48373084451817583,0.23223478867935818,0.08226829860243322
final,3026,N3,PVALID,native_spacing_z_mm,T2,AVAILABLE,,192.0,pooled_outer_test_folds,808.0,0.47319165305708494,0.4668476033504556,0.20745536174289747,0.4832971442129154,0.3993154042123305,standardized_outer_train,5.0,0.4768142506288702,0.2076358525736369,0.07657854082663532
final,3026,N3,PVALID,native_spacing_z_mm,T3,AVAILABLE,,192.0,pooled_outer_test_folds,808.0,0.4379277411845898,0.4433075113435371,0.1843987604653281,0.4929026015577059,0.41033287516117184,standardized_outer_train,5.0,0.4415129981615752,0.18531646490361461,0.09698156931072659
final,3026,N3,PVALID,native_spacing_z_mm,macro,AVAILABLE,,192.0,mean_of_pooled_endpoint_metrics,3232.0,0.4638456265915833,0.4706070061045282,0.21008137975052982,0.4838579044484496,0.39549102316394086,standardized_outer_train,5.0,0.466916418571415,0.21006903141199346,0.06805551862554048
final,3026,N3,PVALID,padding_fraction,T0,AVAILABLE,,192.0,pooled_outer_test_folds,808.0,0.6510497575657319,0.6253401269355019,0.3751778796628874,0.07228209283715746,0.054871256832326014,standardized_outer_train,5.0,0.649446336269295,0.3669314664142654,0.09172838270162448
final,3026,N3,PVALID,padding_fraction,T1,AVAILABLE,,192.0,pooled_outer_test_folds,808.0,0.4758769711761617,0.4551546691873153,0.15913341311744278,0.09830728867387,0.07274021539902469,standardized_outer_train,5.0,0.46635137372693813,0.16975772527087243,0.1733710161950148
final,3026,N3,PVALID,padding_fraction,T2,AVAILABLE,,192.0,pooled_outer_test_folds,808.0,0.5572223922026354,0.5550502417915157,0.2812984461135777,0.09158799790414499,0.06951704937033193,standardized_outer_train,5.0,0.552730613856367,0.28467665344801374,0.0842330995374036
final,3026,N3,PVALID,padding_fraction,T3,AVAILABLE,,192.0,pooled_outer_test_folds,808.0,0.48945069487405074,0.49508995340857403,0.21589151953857466,0.0962866036607497,0.07338150256328481,standardized_outer_train,5.0,0.48441918021993546,0.20942275472542785,0.16408956169871503
final,3026,N3,PVALID,padding_fraction,macro,AVAILABLE,,192.0,mean_of_pooled_endpoint_metrics,3232.0,0.5433999539546449,0.5326587478307268,0.25787531460812063,0.08961599576898054,0.06762750604124186,standardized_outer_train,5.0,0.5382368760181339,0.2576971499646448,0.11258505390377016
final,3026,N3,PVALID,resize_anisotropy,T0,AVAILABLE,,192.0,pooled_outer_test_folds,808.0,0.3250480236071702,0.29514933455956854,0.04925733470069937,0.32864830022893654,0.21388722234546162,standardized_outer_train,5.0,0.3307268661043881,0.017856928377144723,0.21696817953021133
final,3026,N3,PVALID,resize_anisotropy,T1,AVAILABLE,,192.0,pooled_outer_test_folds,808.0,0.2670678239384903,0.23944026871579766,0.053230310812888426,0.3278438512329879,0.21480834568049903,standardized_outer_train,5.0,0.27422189563986354,0.05027011041695482,0.0471352453458891
final,3026,N3,PVALID,resize_anisotropy,T2,AVAILABLE,,192.0,pooled_outer_test_folds,808.0,0.324507525854622,0.3449699698633466,0.09062870400303602,0.3221304962659363,0.21444443303567778,standardized_outer_train,5.0,0.3330631703018742,0.06633246594431866,0.14612590712777074
final,3026,N3,PVALID,resize_anisotropy,T3,AVAILABLE,,192.0,pooled_outer_test_folds,808.0,0.31274323363053275,0.3097251253213385,0.08773930325783108,0.32053299557261444,0.21146765265541342,standardized_outer_train,5.0,0.3214868606701675,0.07927160280586124,0.03938878306310323
final,3026,N3,PVALID,resize_anisotropy,macro,AVAILABLE,,192.0,mean_of_pooled_endpoint_metrics,3232.0,0.3073416517577038,0.29732117461501284,0.07021391319361373,0.3247889108251188,0.21365191342926296,standardized_outer_train,5.0,0.3148746981790733,0.053432776886069844,0.1011919661724985
final,3026,N3,PVALID,valid_source_fraction,T0,AVAILABLE,,192.0,pooled_outer_test_folds,808.0,0.6510520898409085,0.6253401856075499,0.3751779590586918,0.07228208824473435,0.05487124940182723,standardized_outer_train,5.0,0.6494573471223566,0.36693153867268313,0.09172849095808479
final,3026,N3,PVALID,valid_source_fraction,T1,AVAILABLE,,192.0,pooled_outer_test_folds,808.0,0.4758944564006582,0.45515893943425284,0.15913987353931724,0.0983069110231297,0.07273990996718167,standardized_outer_train,5.0,0.46639175104544117,0.16976296115568937,0.17336355449007237
final,3026,N3,PVALID,valid_source_fraction,T2,AVAILABLE,,192.0,pooled_outer_test_folds,808.0,0.5572146224792138,0.5550494733205494,0.2812972406580241,0.09158807471294958,0.06951707740614003,standardized_outer_train,5.0,0.552730613856367,0.28467539234423556,0.0842314261526301
final,3026,N3,PVALID,valid_source_fraction,T3,AVAILABLE,,192.0,pooled_outer_test_folds,808.0,0.48945069487405074,0.49508937879983034,0.21589062411640925,0.09628665863855998,0.07338155249505829,standardized_outer_train,5.0,0.48441918021993546,0.20942194605069114,0.16408958699953033
final,3026,N3,PVALID,valid_source_fraction,macro,AVAILABLE,,192.0,mean_of_pooled_endpoint_metrics,3232.0,0.5434029658987078,0.5326594942905456,0.2578764243431106,0.0896159331548434,0.06762744731755181,standardized_outer_train,5.0,0.538249723061025,0.2576979595558248,0.11258260250847855
