audit_condition,decision_point,fold,metric,native,comparison,absolute_difference,relative_difference,relative_percentage_difference,relative_defined,difference_direction,n_paired_patients
matched_followup_swap,T0,0,auroc,0.7364485981308412,0.7364485981308412,0.0,0.0,0.0,True,comparison - native,162
matched_followup_swap,T0,0,auprc,0.646462538438846,0.646462538438846,0.0,0.0,0.0,True,comparison - native,162
matched_followup_swap,T0,0,accuracy,0.5925925925925926,0.5925925925925926,0.0,0.0,0.0,True,comparison - native,162
matched_followup_swap,T0,0,sensitivity,0.7636363636363637,0.7636363636363637,0.0,0.0,0.0,True,comparison - native,162
matched_followup_swap,T0,0,specificity,0.5046728971962616,0.5046728971962616,0.0,0.0,0.0,True,comparison - native,162
matched_followup_swap,T0,1,auroc,0.6823327615780446,0.6823327615780446,0.0,0.0,0.0,True,comparison - native,161
matched_followup_swap,T0,1,auprc,0.5649473293218673,0.5649473293218673,0.0,0.0,0.0,True,comparison - native,161
matched_followup_swap,T0,1,accuracy,0.6832298136645962,0.6832298136645962,0.0,0.0,0.0,True,comparison - native,161
matched_followup_swap,T0,1,sensitivity,0.38181818181818183,0.38181818181818183,0.0,0.0,0.0,True,comparison - native,161
matched_followup_swap,T0,1,specificity,0.839622641509434,0.839622641509434,0.0,0.0,0.0,True,comparison - native,161
matched_followup_swap,T0,2,auroc,0.7191163976210706,0.7191163976210706,0.0,0.0,0.0,True,comparison - native,162
matched_followup_swap,T0,2,auprc,0.5334129103583285,0.5334129103583285,0.0,0.0,0.0,True,comparison - native,162
matched_followup_swap,T0,2,accuracy,0.6728395061728395,0.6728395061728395,0.0,0.0,0.0,True,comparison - native,162
matched_followup_swap,T0,2,sensitivity,0.4909090909090909,0.4909090909090909,0.0,0.0,0.0,True,comparison - native,162
matched_followup_swap,T0,2,specificity,0.7663551401869159,0.7663551401869159,0.0,0.0,0.0,True,comparison - native,162
matched_followup_swap,T0,3,auroc,0.7180102915951972,0.7180102915951972,0.0,0.0,0.0,True,comparison - native,161
matched_followup_swap,T0,3,auprc,0.5869337567209492,0.5869337567209492,0.0,0.0,0.0,True,comparison - native,161
matched_followup_swap,T0,3,accuracy,0.7267080745341615,0.7267080745341615,0.0,0.0,0.0,True,comparison - native,161
matched_followup_swap,T0,3,sensitivity,0.509090909090909,0.509090909090909,0.0,0.0,0.0,True,comparison - native,161
matched_followup_swap,T0,3,specificity,0.839622641509434,0.839622641509434,0.0,0.0,0.0,True,comparison - native,161
matched_followup_swap,T0,4,auroc,0.7780445969125215,0.7780445969125215,0.0,0.0,0.0,True,comparison - native,161
matched_followup_swap,T0,4,auprc,0.6512363711225522,0.6512363711225522,0.0,0.0,0.0,True,comparison - native,161
matched_followup_swap,T0,4,accuracy,0.7329192546583851,0.7329192546583851,0.0,0.0,0.0,True,comparison - native,161
matched_followup_swap,T0,4,sensitivity,0.6909090909090909,0.6909090909090909,0.0,0.0,0.0,True,comparison - native,161
matched_followup_swap,T0,4,specificity,0.7547169811320755,0.7547169811320755,0.0,0.0,0.0,True,comparison - native,161
matched_followup_swap,T0-T1,0,auroc,0.7767204757858963,0.746644010195412,-0.03007646559048427,-0.038722380223145905,-3.8722380223145905,True,comparison - native,162
matched_followup_swap,T0-T1,0,auprc,0.660889083213823,0.6693464486567159,0.008457365442892884,0.012796951345853297,1.2796951345853296,True,comparison - native,162
matched_followup_swap,T0-T1,0,accuracy,0.7530864197530864,0.7160493827160493,-0.03703703703703709,-0.04918032786885253,-4.918032786885253,True,comparison - native,162
matched_followup_swap,T0-T1,0,sensitivity,0.6363636363636364,0.6727272727272727,0.036363636363636376,0.05714285714285716,5.714285714285716,True,comparison - native,162
matched_followup_swap,T0-T1,0,specificity,0.8130841121495327,0.7383177570093458,-0.07476635514018692,-0.09195402298850576,-9.195402298850576,True,comparison - native,162
matched_followup_swap,T0-T1,1,auroc,0.6814751286449399,0.679073756432247,-0.002401372212692876,-0.0035237855524791013,-0.3523785552479101,True,comparison - native,161
matched_followup_swap,T0-T1,1,auprc,0.5609792536761492,0.5626082388353628,0.001628985159213614,0.0029038242475790733,0.2903824247579073,True,comparison - native,161
matched_followup_swap,T0-T1,1,accuracy,0.6211180124223602,0.6086956521739131,-0.012422360248447117,-0.01999999999999986,-1.9999999999999862,True,comparison - native,161
matched_followup_swap,T0-T1,1,sensitivity,0.6363636363636364,0.6181818181818182,-0.018181818181818188,-0.02857142857142858,-2.857142857142858,True,comparison - native,161
matched_followup_swap,T0-T1,1,specificity,0.6132075471698113,0.6037735849056604,-0.009433962264150941,-0.015384615384615382,-1.538461538461538,True,comparison - native,161
matched_followup_swap,T0-T1,2,auroc,0.7840271877655055,0.6812234494477485,-0.10280373831775702,-0.13112267013437368,-13.112267013437368,True,comparison - native,162
matched_followup_swap,T0-T1,2,auprc,0.6361400919735195,0.4860689901126504,-0.15007110186086908,-0.2359088882376495,-23.59088882376495,True,comparison - native,162
matched_followup_swap,T0-T1,2,accuracy,0.7469135802469136,0.6419753086419753,-0.1049382716049383,-0.14049586776859507,-14.049586776859508,True,comparison - native,162
matched_followup_swap,T0-T1,2,sensitivity,0.7636363636363637,0.6363636363636364,-0.12727272727272732,-0.1666666666666667,-16.66666666666667,True,comparison - native,162
matched_followup_swap,T0-T1,2,specificity,0.7383177570093458,0.6448598130841121,-0.09345794392523366,-0.12658227848101267,-12.658227848101266,True,comparison - native,162
matched_followup_swap,T0-T1,3,auroc,0.7425385934819897,0.7379073756432248,-0.004631217838764856,-0.006237006237006032,-0.6237006237006032,True,comparison - native,161
matched_followup_swap,T0-T1,3,auprc,0.6418666539732752,0.5866967531240738,-0.05516990084920148,-0.08595227763849302,-8.595227763849302,True,comparison - native,161
matched_followup_swap,T0-T1,3,accuracy,0.6894409937888198,0.6894409937888198,0.0,0.0,0.0,True,comparison - native,161
matched_followup_swap,T0-T1,3,sensitivity,0.6727272727272727,0.6545454545454545,-0.018181818181818188,-0.027027027027027035,-2.7027027027027035,True,comparison - native,161
matched_followup_swap,T0-T1,3,specificity,0.6981132075471698,0.7075471698113207,0.009433962264150941,0.01351351351351351,1.351351351351351,True,comparison - native,161
matched_followup_swap,T0-T1,4,auroc,0.7912521440823328,0.8017152658662092,0.010463121783876428,0.013223498807717228,1.3223498807717229,True,comparison - native,161
matched_followup_swap,T0-T1,4,auprc,0.6163168395298928,0.7529885351712547,0.13667169564136195,0.22175557582624358,22.175557582624357,True,comparison - native,161
matched_followup_swap,T0-T1,4,accuracy,0.7018633540372671,0.6832298136645962,-0.018633540372670843,-0.026548672566371733,-2.654867256637173,True,comparison - native,161
matched_followup_swap,T0-T1,4,sensitivity,0.8,0.7818181818181819,-0.018181818181818188,-0.022727272727272735,-2.2727272727272734,True,comparison - native,161
matched_followup_swap,T0-T1,4,specificity,0.6509433962264151,0.6320754716981132,-0.018867924528301883,-0.028985507246376805,-2.8985507246376807,True,comparison - native,161
matched_followup_swap,T0-T2,0,auroc,0.772642310960068,0.7272727272727273,-0.045369583687340675,-0.05872003518803604,-5.872003518803604,True,comparison - native,162
matched_followup_swap,T0-T2,0,auprc,0.6386696797156936,0.6398222130965311,0.0011525333808375393,0.0018045844627391648,0.1804584462739165,True,comparison - native,162
matched_followup_swap,T0-T2,0,accuracy,0.654320987654321,0.6049382716049383,-0.04938271604938271,-0.07547169811320754,-7.547169811320755,True,comparison - native,162
matched_followup_swap,T0-T2,0,sensitivity,0.7818181818181819,0.7454545454545455,-0.036363636363636376,-0.04651162790697676,-4.651162790697676,True,comparison - native,162
matched_followup_swap,T0-T2,0,specificity,0.5887850467289719,0.5327102803738317,-0.05607476635514019,-0.09523809523809526,-9.523809523809526,True,comparison - native,162
matched_followup_swap,T0-T2,1,auroc,0.7042881646655231,0.6716981132075471,-0.032590051457976,-0.04627374573794449,-4.627374573794449,True,comparison - native,161
matched_followup_swap,T0-T2,1,auprc,0.5940848428999299,0.5460341921928075,-0.048050650707122444,-0.08088179875549575,-8.088179875549576,True,comparison - native,161
matched_followup_swap,T0-T2,1,accuracy,0.6211180124223602,0.5900621118012422,-0.03105590062111796,-0.04999999999999992,-4.999999999999992,True,comparison - native,161
matched_followup_swap,T0-T2,1,sensitivity,0.8181818181818182,0.7636363636363637,-0.054545454545454564,-0.06666666666666668,-6.666666666666668,True,comparison - native,161
matched_followup_swap,T0-T2,1,specificity,0.5188679245283019,0.5,-0.018867924528301883,-0.036363636363636355,-3.6363636363636354,True,comparison - native,161
matched_followup_swap,T0-T2,2,auroc,0.7700934579439253,0.6881903143585386,-0.08190314358538664,-0.10635481023830547,-10.635481023830547,True,comparison - native,162
matched_followup_swap,T0-T2,2,auprc,0.593997447488535,0.49338832603206834,-0.10060912145646667,-0.16937635318442773,-16.937635318442773,True,comparison - native,162
matched_followup_swap,T0-T2,2,accuracy,0.7098765432098766,0.6358024691358025,-0.07407407407407407,-0.10434782608695652,-10.434782608695652,True,comparison - native,162
matched_followup_swap,T0-T2,2,sensitivity,0.6363636363636364,0.4909090909090909,-0.14545454545454545,-0.22857142857142856,-22.857142857142858,True,comparison - native,162
matched_followup_swap,T0-T2,2,specificity,0.7476635514018691,0.7102803738317757,-0.03738317757009346,-0.05000000000000001,-5.000000000000001,True,comparison - native,162
matched_followup_swap,T0-T2,3,auroc,0.7337907375643224,0.7308747855917667,-0.002915951972555786,-0.0039738195418420365,-0.39738195418420363,True,comparison - native,161
matched_followup_swap,T0-T2,3,auprc,0.6174239829756762,0.5936441837622792,-0.023779799213397013,-0.0385145376096183,-3.8514537609618302,True,comparison - native,161
matched_followup_swap,T0-T2,3,accuracy,0.7204968944099379,0.7453416149068323,0.024844720496894346,0.034482758620689564,3.4482758620689564,True,comparison - native,161
matched_followup_swap,T0-T2,3,sensitivity,0.5818181818181818,0.5636363636363636,-0.018181818181818188,-0.031250000000000014,-3.1250000000000013,True,comparison - native,161
matched_followup_swap,T0-T2,3,specificity,0.7924528301886793,0.839622641509434,0.047169811320754707,0.05952380952380951,5.952380952380951,True,comparison - native,161
matched_followup_swap,T0-T2,4,auroc,0.8003430531732418,0.7898799313893653,-0.010463121783876539,-0.013073296185169357,-1.3073296185169356,True,comparison - native,161
matched_followup_swap,T0-T2,4,auprc,0.6627013396897778,0.7351443308781008,0.07244299118832298,0.10931468951343122,10.931468951343122,True,comparison - native,161
matched_followup_swap,T0-T2,4,accuracy,0.7267080745341615,0.7204968944099379,-0.006211180124223614,-0.008547008547008563,-0.8547008547008563,True,comparison - native,161
matched_followup_swap,T0-T2,4,sensitivity,0.7454545454545455,0.7272727272727273,-0.018181818181818188,-0.024390243902439032,-2.4390243902439033,True,comparison - native,161
matched_followup_swap,T0-T2,4,specificity,0.7169811320754716,0.7169811320754716,0.0,0.0,0.0,True,comparison - native,161
repeated_t0_c1_mri_only,T0,0,auroc,0.7364485981308412,0.7364485981308412,0.0,0.0,0.0,True,comparison - native,162
repeated_t0_c1_mri_only,T0,0,auprc,0.646462538438846,0.646462538438846,0.0,0.0,0.0,True,comparison - native,162
repeated_t0_c1_mri_only,T0,0,accuracy,0.5925925925925926,0.5925925925925926,0.0,0.0,0.0,True,comparison - native,162
repeated_t0_c1_mri_only,T0,0,sensitivity,0.7636363636363637,0.7636363636363637,0.0,0.0,0.0,True,comparison - native,162
repeated_t0_c1_mri_only,T0,0,specificity,0.5046728971962616,0.5046728971962616,0.0,0.0,0.0,True,comparison - native,162
repeated_t0_c1_mri_only,T0,1,auroc,0.6853016142735769,0.6853016142735769,0.0,0.0,0.0,True,comparison - native,162
repeated_t0_c1_mri_only,T0,1,auprc,0.5649473293218674,0.5649473293218674,0.0,0.0,0.0,True,comparison - native,162
repeated_t0_c1_mri_only,T0,1,accuracy,0.6851851851851852,0.6851851851851852,0.0,0.0,0.0,True,comparison - native,162
repeated_t0_c1_mri_only,T0,1,sensitivity,0.38181818181818183,0.38181818181818183,0.0,0.0,0.0,True,comparison - native,162
repeated_t0_c1_mri_only,T0,1,specificity,0.8411214953271028,0.8411214953271028,0.0,0.0,0.0,True,comparison - native,162
repeated_t0_c1_mri_only,T0,2,auroc,0.7191163976210706,0.7191163976210706,0.0,0.0,0.0,True,comparison - native,162
repeated_t0_c1_mri_only,T0,2,auprc,0.5334129103583285,0.5334129103583285,0.0,0.0,0.0,True,comparison - native,162
repeated_t0_c1_mri_only,T0,2,accuracy,0.6728395061728395,0.6728395061728395,0.0,0.0,0.0,True,comparison - native,162
repeated_t0_c1_mri_only,T0,2,sensitivity,0.4909090909090909,0.4909090909090909,0.0,0.0,0.0,True,comparison - native,162
repeated_t0_c1_mri_only,T0,2,specificity,0.7663551401869159,0.7663551401869159,0.0,0.0,0.0,True,comparison - native,162
repeated_t0_c1_mri_only,T0,3,auroc,0.7180102915951972,0.7180102915951972,0.0,0.0,0.0,True,comparison - native,161
repeated_t0_c1_mri_only,T0,3,auprc,0.5869337567209492,0.5869337567209492,0.0,0.0,0.0,True,comparison - native,161
repeated_t0_c1_mri_only,T0,3,accuracy,0.7267080745341615,0.7267080745341615,0.0,0.0,0.0,True,comparison - native,161
repeated_t0_c1_mri_only,T0,3,sensitivity,0.509090909090909,0.509090909090909,0.0,0.0,0.0,True,comparison - native,161
repeated_t0_c1_mri_only,T0,3,specificity,0.839622641509434,0.839622641509434,0.0,0.0,0.0,True,comparison - native,161
repeated_t0_c1_mri_only,T0,4,auroc,0.7780445969125215,0.7780445969125215,0.0,0.0,0.0,True,comparison - native,161
repeated_t0_c1_mri_only,T0,4,auprc,0.6512363711225522,0.6512363711225522,0.0,0.0,0.0,True,comparison - native,161
repeated_t0_c1_mri_only,T0,4,accuracy,0.7329192546583851,0.7329192546583851,0.0,0.0,0.0,True,comparison - native,161
repeated_t0_c1_mri_only,T0,4,sensitivity,0.6909090909090909,0.6909090909090909,0.0,0.0,0.0,True,comparison - native,161
repeated_t0_c1_mri_only,T0,4,specificity,0.7547169811320755,0.7547169811320755,0.0,0.0,0.0,True,comparison - native,161
repeated_t0_c1_mri_only,T0-T1,0,auroc,0.7767204757858963,0.7767204757858963,0.0,0.0,0.0,True,comparison - native,162
repeated_t0_c1_mri_only,T0-T1,0,auprc,0.660889083213823,0.660889083213823,0.0,0.0,0.0,True,comparison - native,162
repeated_t0_c1_mri_only,T0-T1,0,accuracy,0.7530864197530864,0.7530864197530864,0.0,0.0,0.0,True,comparison - native,162
repeated_t0_c1_mri_only,T0-T1,0,sensitivity,0.6363636363636364,0.6363636363636364,0.0,0.0,0.0,True,comparison - native,162
repeated_t0_c1_mri_only,T0-T1,0,specificity,0.8130841121495327,0.8130841121495327,0.0,0.0,0.0,True,comparison - native,162
repeated_t0_c1_mri_only,T0-T1,1,auroc,0.6842820730671199,0.6842820730671199,0.0,0.0,0.0,True,comparison - native,162
repeated_t0_c1_mri_only,T0-T1,1,auprc,0.5609339063153655,0.5609339063153655,0.0,0.0,0.0,True,comparison - native,162
repeated_t0_c1_mri_only,T0-T1,1,accuracy,0.6234567901234568,0.6234567901234568,0.0,0.0,0.0,True,comparison - native,162
repeated_t0_c1_mri_only,T0-T1,1,sensitivity,0.6363636363636364,0.6363636363636364,0.0,0.0,0.0,True,comparison - native,162
repeated_t0_c1_mri_only,T0-T1,1,specificity,0.616822429906542,0.616822429906542,0.0,0.0,0.0,True,comparison - native,162
repeated_t0_c1_mri_only,T0-T1,2,auroc,0.7840271877655055,0.7840271877655055,0.0,0.0,0.0,True,comparison - native,162
repeated_t0_c1_mri_only,T0-T1,2,auprc,0.6361400919735195,0.6361400919735195,0.0,0.0,0.0,True,comparison - native,162
repeated_t0_c1_mri_only,T0-T1,2,accuracy,0.7469135802469136,0.7469135802469136,0.0,0.0,0.0,True,comparison - native,162
repeated_t0_c1_mri_only,T0-T1,2,sensitivity,0.7636363636363637,0.7636363636363637,0.0,0.0,0.0,True,comparison - native,162
repeated_t0_c1_mri_only,T0-T1,2,specificity,0.7383177570093458,0.7383177570093458,0.0,0.0,0.0,True,comparison - native,162
repeated_t0_c1_mri_only,T0-T1,3,auroc,0.7425385934819897,0.7425385934819897,0.0,0.0,0.0,True,comparison - native,161
repeated_t0_c1_mri_only,T0-T1,3,auprc,0.6418666539732752,0.6418666539732752,0.0,0.0,0.0,True,comparison - native,161
repeated_t0_c1_mri_only,T0-T1,3,accuracy,0.6894409937888198,0.6894409937888198,0.0,0.0,0.0,True,comparison - native,161
repeated_t0_c1_mri_only,T0-T1,3,sensitivity,0.6727272727272727,0.6727272727272727,0.0,0.0,0.0,True,comparison - native,161
repeated_t0_c1_mri_only,T0-T1,3,specificity,0.6981132075471698,0.6981132075471698,0.0,0.0,0.0,True,comparison - native,161
repeated_t0_c1_mri_only,T0-T1,4,auroc,0.7912521440823328,0.7912521440823328,0.0,0.0,0.0,True,comparison - native,161
repeated_t0_c1_mri_only,T0-T1,4,auprc,0.6163168395298928,0.6163168395298928,0.0,0.0,0.0,True,comparison - native,161
repeated_t0_c1_mri_only,T0-T1,4,accuracy,0.7018633540372671,0.7018633540372671,0.0,0.0,0.0,True,comparison - native,161
repeated_t0_c1_mri_only,T0-T1,4,sensitivity,0.8,0.8,0.0,0.0,0.0,True,comparison - native,161
repeated_t0_c1_mri_only,T0-T1,4,specificity,0.6509433962264151,0.6509433962264151,0.0,0.0,0.0,True,comparison - native,161
repeated_t0_c1_mri_only,T0-T2,0,auroc,0.772642310960068,0.772642310960068,0.0,0.0,0.0,True,comparison - native,162
repeated_t0_c1_mri_only,T0-T2,0,auprc,0.6386696797156936,0.6386696797156936,0.0,0.0,0.0,True,comparison - native,162
repeated_t0_c1_mri_only,T0-T2,0,accuracy,0.654320987654321,0.654320987654321,0.0,0.0,0.0,True,comparison - native,162
repeated_t0_c1_mri_only,T0-T2,0,sensitivity,0.7818181818181819,0.7818181818181819,0.0,0.0,0.0,True,comparison - native,162
repeated_t0_c1_mri_only,T0-T2,0,specificity,0.5887850467289719,0.5887850467289719,0.0,0.0,0.0,True,comparison - native,162
repeated_t0_c1_mri_only,T0-T2,1,auroc,0.7062022090059475,0.7062022090059475,0.0,0.0,0.0,True,comparison - native,162
repeated_t0_c1_mri_only,T0-T2,1,auprc,0.5938404661764681,0.5938404661764681,0.0,0.0,0.0,True,comparison - native,162
repeated_t0_c1_mri_only,T0-T2,1,accuracy,0.6234567901234568,0.6234567901234568,0.0,0.0,0.0,True,comparison - native,162
repeated_t0_c1_mri_only,T0-T2,1,sensitivity,0.8181818181818182,0.8181818181818182,0.0,0.0,0.0,True,comparison - native,162
repeated_t0_c1_mri_only,T0-T2,1,specificity,0.5233644859813084,0.5233644859813084,0.0,0.0,0.0,True,comparison - native,162
repeated_t0_c1_mri_only,T0-T2,2,auroc,0.7700934579439253,0.7700934579439253,0.0,0.0,0.0,True,comparison - native,162
repeated_t0_c1_mri_only,T0-T2,2,auprc,0.593997447488535,0.593997447488535,0.0,0.0,0.0,True,comparison - native,162
repeated_t0_c1_mri_only,T0-T2,2,accuracy,0.7098765432098766,0.7098765432098766,0.0,0.0,0.0,True,comparison - native,162
repeated_t0_c1_mri_only,T0-T2,2,sensitivity,0.6363636363636364,0.6363636363636364,0.0,0.0,0.0,True,comparison - native,162
repeated_t0_c1_mri_only,T0-T2,2,specificity,0.7476635514018691,0.7476635514018691,0.0,0.0,0.0,True,comparison - native,162
repeated_t0_c1_mri_only,T0-T2,3,auroc,0.7337907375643224,0.7337907375643224,0.0,0.0,0.0,True,comparison - native,161
repeated_t0_c1_mri_only,T0-T2,3,auprc,0.6174239829756762,0.6174239829756762,0.0,0.0,0.0,True,comparison - native,161
repeated_t0_c1_mri_only,T0-T2,3,accuracy,0.7204968944099379,0.7204968944099379,0.0,0.0,0.0,True,comparison - native,161
repeated_t0_c1_mri_only,T0-T2,3,sensitivity,0.5818181818181818,0.5818181818181818,0.0,0.0,0.0,True,comparison - native,161
repeated_t0_c1_mri_only,T0-T2,3,specificity,0.7924528301886793,0.7924528301886793,0.0,0.0,0.0,True,comparison - native,161
repeated_t0_c1_mri_only,T0-T2,4,auroc,0.8003430531732418,0.8003430531732418,0.0,0.0,0.0,True,comparison - native,161
repeated_t0_c1_mri_only,T0-T2,4,auprc,0.6627013396897778,0.6627013396897778,0.0,0.0,0.0,True,comparison - native,161
repeated_t0_c1_mri_only,T0-T2,4,accuracy,0.7267080745341615,0.7267080745341615,0.0,0.0,0.0,True,comparison - native,161
repeated_t0_c1_mri_only,T0-T2,4,sensitivity,0.7454545454545455,0.7454545454545455,0.0,0.0,0.0,True,comparison - native,161
repeated_t0_c1_mri_only,T0-T2,4,specificity,0.7169811320754716,0.7169811320754716,0.0,0.0,0.0,True,comparison - native,161
repeated_t0_c2_full_image_derived,T0,0,auroc,0.7364485981308412,0.7364485981308412,0.0,0.0,0.0,True,comparison - native,162
repeated_t0_c2_full_image_derived,T0,0,auprc,0.646462538438846,0.646462538438846,0.0,0.0,0.0,True,comparison - native,162
repeated_t0_c2_full_image_derived,T0,0,accuracy,0.5925925925925926,0.5925925925925926,0.0,0.0,0.0,True,comparison - native,162
repeated_t0_c2_full_image_derived,T0,0,sensitivity,0.7636363636363637,0.7636363636363637,0.0,0.0,0.0,True,comparison - native,162
repeated_t0_c2_full_image_derived,T0,0,specificity,0.5046728971962616,0.5046728971962616,0.0,0.0,0.0,True,comparison - native,162
repeated_t0_c2_full_image_derived,T0,1,auroc,0.6853016142735769,0.6853016142735769,0.0,0.0,0.0,True,comparison - native,162
repeated_t0_c2_full_image_derived,T0,1,auprc,0.5649473293218674,0.5649473293218674,0.0,0.0,0.0,True,comparison - native,162
repeated_t0_c2_full_image_derived,T0,1,accuracy,0.6851851851851852,0.6851851851851852,0.0,0.0,0.0,True,comparison - native,162
repeated_t0_c2_full_image_derived,T0,1,sensitivity,0.38181818181818183,0.38181818181818183,0.0,0.0,0.0,True,comparison - native,162
repeated_t0_c2_full_image_derived,T0,1,specificity,0.8411214953271028,0.8411214953271028,0.0,0.0,0.0,True,comparison - native,162
repeated_t0_c2_full_image_derived,T0,2,auroc,0.7191163976210706,0.7191163976210706,0.0,0.0,0.0,True,comparison - native,162
repeated_t0_c2_full_image_derived,T0,2,auprc,0.5334129103583285,0.5334129103583285,0.0,0.0,0.0,True,comparison - native,162
repeated_t0_c2_full_image_derived,T0,2,accuracy,0.6728395061728395,0.6728395061728395,0.0,0.0,0.0,True,comparison - native,162
repeated_t0_c2_full_image_derived,T0,2,sensitivity,0.4909090909090909,0.4909090909090909,0.0,0.0,0.0,True,comparison - native,162
repeated_t0_c2_full_image_derived,T0,2,specificity,0.7663551401869159,0.7663551401869159,0.0,0.0,0.0,True,comparison - native,162
repeated_t0_c2_full_image_derived,T0,3,auroc,0.7180102915951972,0.7180102915951972,0.0,0.0,0.0,True,comparison - native,161
repeated_t0_c2_full_image_derived,T0,3,auprc,0.5869337567209492,0.5869337567209492,0.0,0.0,0.0,True,comparison - native,161
repeated_t0_c2_full_image_derived,T0,3,accuracy,0.7267080745341615,0.7267080745341615,0.0,0.0,0.0,True,comparison - native,161
repeated_t0_c2_full_image_derived,T0,3,sensitivity,0.509090909090909,0.509090909090909,0.0,0.0,0.0,True,comparison - native,161
repeated_t0_c2_full_image_derived,T0,3,specificity,0.839622641509434,0.839622641509434,0.0,0.0,0.0,True,comparison - native,161
repeated_t0_c2_full_image_derived,T0,4,auroc,0.7780445969125215,0.7780445969125215,0.0,0.0,0.0,True,comparison - native,161
repeated_t0_c2_full_image_derived,T0,4,auprc,0.6512363711225522,0.6512363711225522,0.0,0.0,0.0,True,comparison - native,161
repeated_t0_c2_full_image_derived,T0,4,accuracy,0.7329192546583851,0.7329192546583851,0.0,0.0,0.0,True,comparison - native,161
repeated_t0_c2_full_image_derived,T0,4,sensitivity,0.6909090909090909,0.6909090909090909,0.0,0.0,0.0,True,comparison - native,161
repeated_t0_c2_full_image_derived,T0,4,specificity,0.7547169811320755,0.7547169811320755,0.0,0.0,0.0,True,comparison - native,161
repeated_t0_c2_full_image_derived,T0-T1,0,auroc,0.7767204757858963,0.7473237043330502,-0.029396771452846138,-0.03784729818420467,-3.7847298184204665,True,comparison - native,162
repeated_t0_c2_full_image_derived,T0-T1,0,auprc,0.660889083213823,0.6587722960944977,-0.0021167871193252807,-0.0032029385461045945,-0.32029385461045945,True,comparison - native,162
repeated_t0_c2_full_image_derived,T0-T1,0,accuracy,0.7530864197530864,0.7530864197530864,0.0,0.0,0.0,True,comparison - native,162
repeated_t0_c2_full_image_derived,T0-T1,0,sensitivity,0.6363636363636364,0.4909090909090909,-0.14545454545454545,-0.22857142857142856,-22.857142857142858,True,comparison - native,162
repeated_t0_c2_full_image_derived,T0-T1,0,specificity,0.8130841121495327,0.8878504672897196,0.07476635514018692,0.09195402298850576,9.195402298850576,True,comparison - native,162
repeated_t0_c2_full_image_derived,T0-T1,1,auroc,0.6842820730671199,0.6813933729821581,-0.0028887000849617817,-0.004221504842314399,-0.42215048423143986,True,comparison - native,162
repeated_t0_c2_full_image_derived,T0-T1,1,auprc,0.5609339063153655,0.5502317204204801,-0.010702185894885474,-0.019079228005997095,-1.9079228005997095,True,comparison - native,162
repeated_t0_c2_full_image_derived,T0-T1,1,accuracy,0.6234567901234568,0.6604938271604939,0.03703703703703709,0.05940594059405949,5.940594059405949,True,comparison - native,162
repeated_t0_c2_full_image_derived,T0-T1,1,sensitivity,0.6363636363636364,0.4,-0.23636363636363633,-0.3714285714285714,-37.14285714285714,True,comparison - native,162
repeated_t0_c2_full_image_derived,T0-T1,1,specificity,0.616822429906542,0.794392523364486,0.17757009345794394,0.28787878787878796,28.787878787878796,True,comparison - native,162
repeated_t0_c2_full_image_derived,T0-T1,2,auroc,0.7840271877655055,0.7157179269328803,-0.06830926083262523,-0.0871261378413523,-8.71261378413523,True,comparison - native,162
repeated_t0_c2_full_image_derived,T0-T1,2,auprc,0.6361400919735195,0.5434446801632421,-0.0926954118102774,-0.1457154060557718,-14.57154060557718,True,comparison - native,162
repeated_t0_c2_full_image_derived,T0-T1,2,accuracy,0.7469135802469136,0.6728395061728395,-0.07407407407407407,-0.09917355371900827,-9.917355371900827,True,comparison - native,162
repeated_t0_c2_full_image_derived,T0-T1,2,sensitivity,0.7636363636363637,0.41818181818181815,-0.3454545454545455,-0.45238095238095244,-45.23809523809524,True,comparison - native,162
repeated_t0_c2_full_image_derived,T0-T1,2,specificity,0.7383177570093458,0.8037383177570093,0.06542056074766356,0.08860759493670887,8.860759493670887,True,comparison - native,162
repeated_t0_c2_full_image_derived,T0-T1,3,auroc,0.7425385934819897,0.7018867924528301,-0.04065180102915955,-0.05474705474705479,-5.474705474705479,True,comparison - native,161
repeated_t0_c2_full_image_derived,T0-T1,3,auprc,0.6418666539732752,0.5649703724436044,-0.07689628152967087,-0.119801022616876,-11.9801022616876,True,comparison - native,161
repeated_t0_c2_full_image_derived,T0-T1,3,accuracy,0.6894409937888198,0.7204968944099379,0.03105590062111807,0.04504504504504513,4.504504504504514,True,comparison - native,161
repeated_t0_c2_full_image_derived,T0-T1,3,sensitivity,0.6727272727272727,0.4909090909090909,-0.18181818181818182,-0.2702702702702703,-27.027027027027028,True,comparison - native,161
repeated_t0_c2_full_image_derived,T0-T1,3,specificity,0.6981132075471698,0.839622641509434,0.14150943396226423,0.20270270270270282,20.27027027027028,True,comparison - native,161
repeated_t0_c2_full_image_derived,T0-T1,4,auroc,0.7912521440823328,0.7802744425385935,-0.010977701543739338,-0.01387383481465431,-1.3873834814654311,True,comparison - native,161
repeated_t0_c2_full_image_derived,T0-T1,4,auprc,0.6163168395298928,0.6552097603151741,0.03889292078528128,0.063105400162273,6.310540016227301,True,comparison - native,161
repeated_t0_c2_full_image_derived,T0-T1,4,accuracy,0.7018633540372671,0.7329192546583851,0.03105590062111807,0.04424778761061955,4.424778761061956,True,comparison - native,161
repeated_t0_c2_full_image_derived,T0-T1,4,sensitivity,0.8,0.6363636363636364,-0.1636363636363637,-0.2045454545454546,-20.45454545454546,True,comparison - native,161
repeated_t0_c2_full_image_derived,T0-T1,4,specificity,0.6509433962264151,0.7830188679245284,0.1320754716981133,0.2028985507246378,20.28985507246378,True,comparison - native,161
repeated_t0_c2_full_image_derived,T0-T2,0,auroc,0.772642310960068,0.7430756159728124,-0.029566694987255615,-0.0382669892236638,-3.8266989223663797,True,comparison - native,162
repeated_t0_c2_full_image_derived,T0-T2,0,auprc,0.6386696797156936,0.6556936062109923,0.017023926495298713,0.026655291516072887,2.6655291516072888,True,comparison - native,162
repeated_t0_c2_full_image_derived,T0-T2,0,accuracy,0.654320987654321,0.6851851851851852,0.030864197530864224,0.047169811320754755,4.7169811320754755,True,comparison - native,162
repeated_t0_c2_full_image_derived,T0-T2,0,sensitivity,0.7818181818181819,0.5272727272727272,-0.25454545454545463,-0.3255813953488373,-32.55813953488373,True,comparison - native,162
repeated_t0_c2_full_image_derived,T0-T2,0,specificity,0.5887850467289719,0.7663551401869159,0.17757009345794394,0.3015873015873016,30.15873015873016,True,comparison - native,162
repeated_t0_c2_full_image_derived,T0-T2,1,auroc,0.7062022090059475,0.6856414613423959,-0.02056074766355165,-0.029114533205005153,-2.9114533205005153,True,comparison - native,162
repeated_t0_c2_full_image_derived,T0-T2,1,auprc,0.5938404661764681,0.558214716655246,-0.035625749521222105,-0.05999212170669994,-5.999212170669994,True,comparison - native,162
repeated_t0_c2_full_image_derived,T0-T2,1,accuracy,0.6234567901234568,0.691358024691358,0.0679012345679012,0.10891089108910885,10.891089108910885,True,comparison - native,162
repeated_t0_c2_full_image_derived,T0-T2,1,sensitivity,0.8181818181818182,0.34545454545454546,-0.4727272727272728,-0.5777777777777778,-57.777777777777786,True,comparison - native,162
repeated_t0_c2_full_image_derived,T0-T2,1,specificity,0.5233644859813084,0.8691588785046729,0.3457943925233645,0.6607142857142858,66.07142857142858,True,comparison - native,162
repeated_t0_c2_full_image_derived,T0-T2,2,auroc,0.7700934579439253,0.7213254035683943,-0.048768054375531,-0.06332744924977933,-6.332744924977933,True,comparison - native,162
repeated_t0_c2_full_image_derived,T0-T2,2,auprc,0.593997447488535,0.5426179506723343,-0.05137949681620069,-0.08649784108237668,-8.649784108237668,True,comparison - native,162
repeated_t0_c2_full_image_derived,T0-T2,2,accuracy,0.7098765432098766,0.6790123456790124,-0.030864197530864224,-0.04347826086956525,-4.347826086956525,True,comparison - native,162
repeated_t0_c2_full_image_derived,T0-T2,2,sensitivity,0.6363636363636364,0.18181818181818182,-0.45454545454545453,-0.7142857142857143,-71.42857142857143,True,comparison - native,162
repeated_t0_c2_full_image_derived,T0-T2,2,specificity,0.7476635514018691,0.9345794392523364,0.1869158878504673,0.25000000000000006,25.000000000000007,True,comparison - native,162
repeated_t0_c2_full_image_derived,T0-T2,3,auroc,0.7337907375643224,0.7089193825042881,-0.02487135506003435,-0.0338943431510052,-3.3894343151005204,True,comparison - native,161
repeated_t0_c2_full_image_derived,T0-T2,3,auprc,0.6174239829756762,0.5568175164650964,-0.06060646651057988,-0.09816020786637876,-9.816020786637877,True,comparison - native,161
repeated_t0_c2_full_image_derived,T0-T2,3,accuracy,0.7204968944099379,0.6832298136645962,-0.037267080745341685,-0.05172413793103458,-5.172413793103458,True,comparison - native,161
repeated_t0_c2_full_image_derived,T0-T2,3,sensitivity,0.5818181818181818,0.10909090909090909,-0.4727272727272727,-0.8125,-81.25,True,comparison - native,161
repeated_t0_c2_full_image_derived,T0-T2,3,specificity,0.7924528301886793,0.9811320754716981,0.18867924528301883,0.23809523809523803,23.809523809523803,True,comparison - native,161
repeated_t0_c2_full_image_derived,T0-T2,4,auroc,0.8003430531732418,0.7795883361921098,-0.02075471698113207,-0.0259322760394342,-2.59322760394342,True,comparison - native,161
repeated_t0_c2_full_image_derived,T0-T2,4,auprc,0.6627013396897778,0.6535250646960068,-0.00917627499377105,-0.01384677296422341,-1.384677296422341,True,comparison - native,161
repeated_t0_c2_full_image_derived,T0-T2,4,accuracy,0.7267080745341615,0.7329192546583851,0.006211180124223614,0.008547008547008563,0.8547008547008563,True,comparison - native,161
repeated_t0_c2_full_image_derived,T0-T2,4,sensitivity,0.7454545454545455,0.4,-0.34545454545454546,-0.46341463414634143,-46.34146341463414,True,comparison - native,161
repeated_t0_c2_full_image_derived,T0-T2,4,specificity,0.7169811320754716,0.9056603773584906,0.18867924528301894,0.2631578947368422,26.31578947368422,True,comparison - native,161
simplified_baseline_f1_clinical_only,T0,0,auroc,0.7364485981308412,0.7146983857264231,-0.0217502124044181,-0.029533917858791073,-2.9533917858791074,True,comparison - native,162
simplified_baseline_f1_clinical_only,T0,0,auprc,0.646462538438846,0.5970693048583345,-0.04939323358051151,-0.07640540734161042,-7.640540734161042,True,comparison - native,162
simplified_baseline_f1_clinical_only,T0,0,accuracy,0.5925925925925926,0.6049382716049383,0.012345679012345734,0.020833333333333426,2.083333333333343,True,comparison - native,162
simplified_baseline_f1_clinical_only,T0,0,sensitivity,0.7636363636363637,0.7454545454545455,-0.018181818181818188,-0.023809523809523815,-2.3809523809523814,True,comparison - native,162
simplified_baseline_f1_clinical_only,T0,0,specificity,0.5046728971962616,0.5327102803738317,0.028037383177570097,0.055555555555555566,5.555555555555556,True,comparison - native,162
simplified_baseline_f1_clinical_only,T0,1,auroc,0.6853016142735769,0.683517417162277,-0.0017841971112999566,-0.0026035209521448658,-0.2603520952144866,True,comparison - native,162
simplified_baseline_f1_clinical_only,T0,1,auprc,0.5649473293218674,0.5360800941165118,-0.028867235205355612,-0.05109721509792125,-5.1097215097921245,True,comparison - native,162
simplified_baseline_f1_clinical_only,T0,1,accuracy,0.6851851851851852,0.5617283950617284,-0.12345679012345678,-0.18018018018018017,-18.01801801801802,True,comparison - native,162
simplified_baseline_f1_clinical_only,T0,1,sensitivity,0.38181818181818183,0.6545454545454545,0.2727272727272727,0.7142857142857142,71.42857142857142,True,comparison - native,162
simplified_baseline_f1_clinical_only,T0,1,specificity,0.8411214953271028,0.514018691588785,-0.3271028037383178,-0.38888888888888895,-38.88888888888889,True,comparison - native,162
simplified_baseline_f1_clinical_only,T0,2,auroc,0.7191163976210706,0.7214953271028036,0.0023789294817330164,0.0033081285444231568,0.3308128544423157,True,comparison - native,162
simplified_baseline_f1_clinical_only,T0,2,auprc,0.5334129103583285,0.5395530627731986,0.0061401524148700926,0.011511068246820928,1.1511068246820928,True,comparison - native,162
simplified_baseline_f1_clinical_only,T0,2,accuracy,0.6728395061728395,0.6975308641975309,0.024691358024691357,0.03669724770642201,3.669724770642201,True,comparison - native,162
simplified_baseline_f1_clinical_only,T0,2,sensitivity,0.4909090909090909,0.6545454545454545,0.16363636363636364,0.3333333333333333,33.33333333333333,True,comparison - native,162
simplified_baseline_f1_clinical_only,T0,2,specificity,0.7663551401869159,0.719626168224299,-0.04672897196261683,-0.06097560975609757,-6.097560975609757,True,comparison - native,162
simplified_baseline_f1_clinical_only,T0,3,auroc,0.7180102915951972,0.730188679245283,0.01217838765008572,0.01696129956999516,1.696129956999516,True,comparison - native,161
simplified_baseline_f1_clinical_only,T0,3,auprc,0.5869337567209492,0.629872519185868,0.04293876246491879,0.07315776605661059,7.315776605661059,True,comparison - native,161
simplified_baseline_f1_clinical_only,T0,3,accuracy,0.7267080745341615,0.6645962732919255,-0.06211180124223603,-0.08547008547008547,-8.547008547008547,True,comparison - native,161
simplified_baseline_f1_clinical_only,T0,3,sensitivity,0.509090909090909,0.7090909090909091,0.20000000000000007,0.392857142857143,39.2857142857143,True,comparison - native,161
simplified_baseline_f1_clinical_only,T0,3,specificity,0.839622641509434,0.6415094339622641,-0.19811320754716988,-0.23595505617977536,-23.595505617977537,True,comparison - native,161
simplified_baseline_f1_clinical_only,T0,4,auroc,0.7780445969125215,0.7382504288164665,-0.03979416809605496,-0.0511463844797179,-5.11463844797179,True,comparison - native,161
simplified_baseline_f1_clinical_only,T0,4,auprc,0.6512363711225522,0.5300654785741429,-0.12117089254840929,-0.18606284587506075,-18.606284587506075,True,comparison - native,161
simplified_baseline_f1_clinical_only,T0,4,accuracy,0.7329192546583851,0.6024844720496895,-0.13043478260869568,-0.17796610169491528,-17.79661016949153,True,comparison - native,161
simplified_baseline_f1_clinical_only,T0,4,sensitivity,0.6909090909090909,0.8727272727272727,0.18181818181818177,0.26315789473684204,26.315789473684205,True,comparison - native,161
simplified_baseline_f1_clinical_only,T0,4,specificity,0.7547169811320755,0.46226415094339623,-0.2924528301886793,-0.3875,-38.75,True,comparison - native,161
simplified_baseline_f1_clinical_only,T0-T1,0,auroc,0.7767204757858963,0.7146983857264231,-0.062022090059473234,-0.07985123605338,-7.985123605338,True,comparison - native,162
simplified_baseline_f1_clinical_only,T0-T1,0,auprc,0.660889083213823,0.5970693048583345,-0.06381977835548847,-0.09656654948080041,-9.65665494808004,True,comparison - native,162
simplified_baseline_f1_clinical_only,T0-T1,0,accuracy,0.7530864197530864,0.6049382716049383,-0.14814814814814814,-0.19672131147540983,-19.672131147540984,True,comparison - native,162
simplified_baseline_f1_clinical_only,T0-T1,0,sensitivity,0.6363636363636364,0.7454545454545455,0.10909090909090913,0.17142857142857149,17.14285714285715,True,comparison - native,162
simplified_baseline_f1_clinical_only,T0-T1,0,specificity,0.8130841121495327,0.5327102803738317,-0.28037383177570097,-0.3448275862068966,-34.48275862068966,True,comparison - native,162
simplified_baseline_f1_clinical_only,T0-T1,1,auroc,0.6842820730671199,0.683517417162277,-0.0007646559048428703,-0.0011174571641421136,-0.11174571641421135,True,comparison - native,162
simplified_baseline_f1_clinical_only,T0-T1,1,auprc,0.5609339063153655,0.5360800941165118,-0.024853812198853742,-0.04430791563682113,-4.430791563682113,True,comparison - native,162
simplified_baseline_f1_clinical_only,T0-T1,1,accuracy,0.6234567901234568,0.5617283950617284,-0.061728395061728336,-0.09900990099009892,-9.900990099009892,True,comparison - native,162
simplified_baseline_f1_clinical_only,T0-T1,1,sensitivity,0.6363636363636364,0.6545454545454545,0.018181818181818188,0.02857142857142858,2.857142857142858,True,comparison - native,162
simplified_baseline_f1_clinical_only,T0-T1,1,specificity,0.616822429906542,0.514018691588785,-0.10280373831775702,-0.16666666666666669,-16.666666666666668,True,comparison - native,162
simplified_baseline_f1_clinical_only,T0-T1,2,auroc,0.7840271877655055,0.7214953271028036,-0.06253186066270189,-0.07975726051148692,-7.975726051148692,True,comparison - native,162
simplified_baseline_f1_clinical_only,T0-T1,2,auprc,0.6361400919735195,0.5395530627731986,-0.09658702920032092,-0.15183295380845377,-15.183295380845378,True,comparison - native,162
simplified_baseline_f1_clinical_only,T0-T1,2,accuracy,0.7469135802469136,0.6975308641975309,-0.04938271604938271,-0.06611570247933884,-6.6115702479338845,True,comparison - native,162
simplified_baseline_f1_clinical_only,T0-T1,2,sensitivity,0.7636363636363637,0.6545454545454545,-0.10909090909090913,-0.1428571428571429,-14.28571428571429,True,comparison - native,162
simplified_baseline_f1_clinical_only,T0-T1,2,specificity,0.7383177570093458,0.719626168224299,-0.01869158878504673,-0.025316455696202535,-2.5316455696202533,True,comparison - native,162
simplified_baseline_f1_clinical_only,T0-T1,3,auroc,0.7425385934819897,0.730188679245283,-0.012349914236706727,-0.01663201663201668,-1.6632016632016682,True,comparison - native,161
simplified_baseline_f1_clinical_only,T0-T1,3,auprc,0.6418666539732752,0.629872519185868,-0.011994134787407296,-0.01868633416794804,-1.868633416794804,True,comparison - native,161
simplified_baseline_f1_clinical_only,T0-T1,3,accuracy,0.6894409937888198,0.6645962732919255,-0.024844720496894346,-0.036036036036035946,-3.6036036036035943,True,comparison - native,161
simplified_baseline_f1_clinical_only,T0-T1,3,sensitivity,0.6727272727272727,0.7090909090909091,0.036363636363636376,0.05405405405405407,5.405405405405407,True,comparison - native,161
simplified_baseline_f1_clinical_only,T0-T1,3,specificity,0.6981132075471698,0.6415094339622641,-0.05660377358490565,-0.08108108108108107,-8.108108108108107,True,comparison - native,161
simplified_baseline_f1_clinical_only,T0-T1,4,auroc,0.7912521440823328,0.7382504288164665,-0.05300171526586628,-0.06698460871450258,-6.6984608714502585,True,comparison - native,161
simplified_baseline_f1_clinical_only,T0-T1,4,auprc,0.6163168395298928,0.5300654785741429,-0.08625136095574992,-0.13994646166335445,-13.994646166335444,True,comparison - native,161
simplified_baseline_f1_clinical_only,T0-T1,4,accuracy,0.7018633540372671,0.6024844720496895,-0.0993788819875776,-0.14159292035398224,-14.159292035398224,True,comparison - native,161
simplified_baseline_f1_clinical_only,T0-T1,4,sensitivity,0.8,0.8727272727272727,0.07272727272727264,0.0909090909090908,9.09090909090908,True,comparison - native,161
simplified_baseline_f1_clinical_only,T0-T1,4,specificity,0.6509433962264151,0.46226415094339623,-0.18867924528301883,-0.28985507246376807,-28.985507246376805,True,comparison - native,161
simplified_baseline_f1_clinical_only,T0-T2,0,auroc,0.772642310960068,0.7146983857264231,-0.05794392523364489,-0.07499450186936445,-7.4994501869364445,True,comparison - native,162
simplified_baseline_f1_clinical_only,T0-T2,0,auprc,0.6386696797156936,0.5970693048583345,-0.04160037485735901,-0.0651359790179449,-6.5135979017944905,True,comparison - native,162
simplified_baseline_f1_clinical_only,T0-T2,0,accuracy,0.654320987654321,0.6049382716049383,-0.04938271604938271,-0.07547169811320754,-7.547169811320755,True,comparison - native,162
simplified_baseline_f1_clinical_only,T0-T2,0,sensitivity,0.7818181818181819,0.7454545454545455,-0.036363636363636376,-0.04651162790697676,-4.651162790697676,True,comparison - native,162
simplified_baseline_f1_clinical_only,T0-T2,0,specificity,0.5887850467289719,0.5327102803738317,-0.05607476635514019,-0.09523809523809526,-9.523809523809526,True,comparison - native,162
simplified_baseline_f1_clinical_only,T0-T2,1,auroc,0.7062022090059475,0.683517417162277,-0.02268479184367056,-0.03212223291626593,-3.2122232916265934,True,comparison - native,162
simplified_baseline_f1_clinical_only,T0-T2,1,auprc,0.5938404661764681,0.5360800941165118,-0.05776037205995632,-0.09726580681147452,-9.726580681147452,True,comparison - native,162
simplified_baseline_f1_clinical_only,T0-T2,1,accuracy,0.6234567901234568,0.5617283950617284,-0.061728395061728336,-0.09900990099009892,-9.900990099009892,True,comparison - native,162
simplified_baseline_f1_clinical_only,T0-T2,1,sensitivity,0.8181818181818182,0.6545454545454545,-0.1636363636363637,-0.20000000000000007,-20.000000000000007,True,comparison - native,162
simplified_baseline_f1_clinical_only,T0-T2,1,specificity,0.5233644859813084,0.514018691588785,-0.009345794392523366,-0.01785714285714286,-1.785714285714286,True,comparison - native,162
simplified_baseline_f1_clinical_only,T0-T2,2,auroc,0.7700934579439253,0.7214953271028036,-0.048598130841121634,-0.06310679611650503,-6.310679611650503,True,comparison - native,162
simplified_baseline_f1_clinical_only,T0-T2,2,auprc,0.593997447488535,0.5395530627731986,-0.054444384715336414,-0.09165760719264247,-9.165760719264247,True,comparison - native,162
simplified_baseline_f1_clinical_only,T0-T2,2,accuracy,0.7098765432098766,0.6975308641975309,-0.012345679012345734,-0.017391304347826163,-1.7391304347826164,True,comparison - native,162
simplified_baseline_f1_clinical_only,T0-T2,2,sensitivity,0.6363636363636364,0.6545454545454545,0.018181818181818188,0.02857142857142858,2.857142857142858,True,comparison - native,162
simplified_baseline_f1_clinical_only,T0-T2,2,specificity,0.7476635514018691,0.719626168224299,-0.028037383177570097,-0.037500000000000006,-3.7500000000000004,True,comparison - native,162
simplified_baseline_f1_clinical_only,T0-T2,3,auroc,0.7337907375643224,0.730188679245283,-0.0036020583190394806,-0.004908835904628372,-0.49088359046283714,True,comparison - native,161
simplified_baseline_f1_clinical_only,T0-T2,3,auprc,0.6174239829756762,0.629872519185868,0.012448536210191707,0.020162054849563762,2.016205484956376,True,comparison - native,161
simplified_baseline_f1_clinical_only,T0-T2,3,accuracy,0.7204968944099379,0.6645962732919255,-0.05590062111801242,-0.07758620689655171,-7.758620689655171,True,comparison - native,161
simplified_baseline_f1_clinical_only,T0-T2,3,sensitivity,0.5818181818181818,0.7090909090909091,0.12727272727272732,0.21875000000000008,21.875000000000007,True,comparison - native,161
simplified_baseline_f1_clinical_only,T0-T2,3,specificity,0.7924528301886793,0.6415094339622641,-0.15094339622641517,-0.19047619047619058,-19.047619047619058,True,comparison - native,161
simplified_baseline_f1_clinical_only,T0-T2,4,auroc,0.8003430531732418,0.7382504288164665,-0.06209262435677532,-0.07758251178739822,-7.7582511787398225,True,comparison - native,161
simplified_baseline_f1_clinical_only,T0-T2,4,auprc,0.6627013396897778,0.5300654785741429,-0.13263586111563497,-0.2001442477507653,-20.01442477507653,True,comparison - native,161
simplified_baseline_f1_clinical_only,T0-T2,4,accuracy,0.7267080745341615,0.6024844720496895,-0.12422360248447206,-0.17094017094017094,-17.094017094017094,True,comparison - native,161
simplified_baseline_f1_clinical_only,T0-T2,4,sensitivity,0.7454545454545455,0.8727272727272727,0.1272727272727272,0.17073170731707307,17.073170731707307,True,comparison - native,161
simplified_baseline_f1_clinical_only,T0-T2,4,specificity,0.7169811320754716,0.46226415094339623,-0.2547169811320754,-0.3552631578947368,-35.52631578947368,True,comparison - native,161
simplified_baseline_f2_geometry_only,T0,0,auroc,0.7364485981308412,0.7478334749362787,0.011384876805437538,0.015459160129210869,1.545916012921087,True,comparison - native,162
simplified_baseline_f2_geometry_only,T0,0,auprc,0.646462538438846,0.6291920933880516,-0.017270445050794447,-0.026715306802620232,-2.6715306802620233,True,comparison - native,162
simplified_baseline_f2_geometry_only,T0,0,accuracy,0.5925925925925926,0.7098765432098766,0.11728395061728403,0.1979166666666668,19.79166666666668,True,comparison - native,162
simplified_baseline_f2_geometry_only,T0,0,sensitivity,0.7636363636363637,0.32727272727272727,-0.4363636363636364,-0.5714285714285714,-57.14285714285714,True,comparison - native,162
simplified_baseline_f2_geometry_only,T0,0,specificity,0.5046728971962616,0.9065420560747663,0.4018691588785047,0.7962962962962965,79.62962962962965,True,comparison - native,162
simplified_baseline_f2_geometry_only,T0,1,auroc,0.6853016142735769,0.5747663551401869,-0.11053525913339002,-0.16129432184478062,-16.129432184478063,True,comparison - native,162
simplified_baseline_f2_geometry_only,T0,1,auprc,0.5649473293218674,0.4359036157500752,-0.12904371357179223,-0.22841724683731032,-22.841724683731034,True,comparison - native,162
simplified_baseline_f2_geometry_only,T0,1,accuracy,0.6851851851851852,0.5617283950617284,-0.12345679012345678,-0.18018018018018017,-18.01801801801802,True,comparison - native,162
simplified_baseline_f2_geometry_only,T0,1,sensitivity,0.38181818181818183,0.41818181818181815,0.03636363636363632,0.09523809523809512,9.523809523809511,True,comparison - native,162
simplified_baseline_f2_geometry_only,T0,1,specificity,0.8411214953271028,0.6355140186915887,-0.20560747663551404,-0.24444444444444446,-24.444444444444446,True,comparison - native,162
simplified_baseline_f2_geometry_only,T0,2,auroc,0.7191163976210706,0.5415463041631267,-0.17757009345794394,-0.2469281663516068,-24.692816635160682,True,comparison - native,162
simplified_baseline_f2_geometry_only,T0,2,auprc,0.5334129103583285,0.41410977489748974,-0.11930313546083876,-0.22366000736782882,-22.366000736782883,True,comparison - native,162
simplified_baseline_f2_geometry_only,T0,2,accuracy,0.6728395061728395,0.5925925925925926,-0.08024691358024694,-0.1192660550458716,-11.92660550458716,True,comparison - native,162
simplified_baseline_f2_geometry_only,T0,2,sensitivity,0.4909090909090909,0.43636363636363634,-0.054545454545454564,-0.11111111111111115,-11.111111111111114,True,comparison - native,162
simplified_baseline_f2_geometry_only,T0,2,specificity,0.7663551401869159,0.6728971962616822,-0.09345794392523366,-0.12195121951219513,-12.195121951219514,True,comparison - native,162
simplified_baseline_f2_geometry_only,T0,3,auroc,0.7180102915951972,0.5393653516295027,-0.17864493996569453,-0.24880554228380294,-24.880554228380294,True,comparison - native,161
simplified_baseline_f2_geometry_only,T0,3,auprc,0.5869337567209492,0.3591041971936162,-0.22782955952733297,-0.3881691194593394,-38.81691194593394,True,comparison - native,161
simplified_baseline_f2_geometry_only,T0,3,accuracy,0.7267080745341615,0.5962732919254659,-0.13043478260869568,-0.17948717948717952,-17.948717948717952,True,comparison - native,161
simplified_baseline_f2_geometry_only,T0,3,sensitivity,0.509090909090909,0.2727272727272727,-0.23636363636363633,-0.46428571428571425,-46.42857142857142,True,comparison - native,161
simplified_baseline_f2_geometry_only,T0,3,specificity,0.839622641509434,0.7641509433962265,-0.07547169811320753,-0.08988764044943817,-8.988764044943817,True,comparison - native,161
simplified_baseline_f2_geometry_only,T0,4,auroc,0.7780445969125215,0.5451114922813036,-0.23293310463121786,-0.2993827160493827,-29.938271604938272,True,comparison - native,161
simplified_baseline_f2_geometry_only,T0,4,auprc,0.6512363711225522,0.41783370670092124,-0.23340266442163093,-0.35839930748847615,-35.839930748847614,True,comparison - native,161
simplified_baseline_f2_geometry_only,T0,4,accuracy,0.7329192546583851,0.5527950310559007,-0.18012422360248448,-0.24576271186440676,-24.576271186440675,True,comparison - native,161
simplified_baseline_f2_geometry_only,T0,4,sensitivity,0.6909090909090909,0.34545454545454546,-0.34545454545454546,-0.5,-50.0,True,comparison - native,161
simplified_baseline_f2_geometry_only,T0,4,specificity,0.7547169811320755,0.660377358490566,-0.09433962264150952,-0.1250000000000001,-12.50000000000001,True,comparison - native,161
simplified_baseline_f2_geometry_only,T0-T1,0,auroc,0.7767204757858963,0.7148683092608327,-0.061852166525063645,-0.07963246554364463,-7.963246554364463,True,comparison - native,162
simplified_baseline_f2_geometry_only,T0-T1,0,auprc,0.660889083213823,0.6218468803297599,-0.039042202884063126,-0.05907527280403189,-5.907527280403189,True,comparison - native,162
simplified_baseline_f2_geometry_only,T0-T1,0,accuracy,0.7530864197530864,0.6419753086419753,-0.11111111111111116,-0.14754098360655743,-14.754098360655743,True,comparison - native,162
simplified_baseline_f2_geometry_only,T0-T1,0,sensitivity,0.6363636363636364,0.6181818181818182,-0.018181818181818188,-0.02857142857142858,-2.857142857142858,True,comparison - native,162
simplified_baseline_f2_geometry_only,T0-T1,0,specificity,0.8130841121495327,0.6542056074766355,-0.15887850467289721,-0.19540229885057475,-19.540229885057474,True,comparison - native,162
simplified_baseline_f2_geometry_only,T0-T1,1,auroc,0.6842820730671199,0.5747663551401869,-0.10951571792693293,-0.16004469828656576,-16.004469828656575,True,comparison - native,162
simplified_baseline_f2_geometry_only,T0-T1,1,auprc,0.5609339063153655,0.4359036157500752,-0.12503029056529036,-0.2228966535230203,-22.28966535230203,True,comparison - native,162
simplified_baseline_f2_geometry_only,T0-T1,1,accuracy,0.6234567901234568,0.5617283950617284,-0.061728395061728336,-0.09900990099009892,-9.900990099009892,True,comparison - native,162
simplified_baseline_f2_geometry_only,T0-T1,1,sensitivity,0.6363636363636364,0.41818181818181815,-0.2181818181818182,-0.3428571428571429,-34.28571428571429,True,comparison - native,162
simplified_baseline_f2_geometry_only,T0-T1,1,specificity,0.616822429906542,0.6355140186915887,0.01869158878504673,0.030303030303030307,3.0303030303030307,True,comparison - native,162
simplified_baseline_f2_geometry_only,T0-T1,2,auroc,0.7840271877655055,0.5779099405267629,-0.20611724723874258,-0.2628955353272649,-26.28955353272649,True,comparison - native,162
simplified_baseline_f2_geometry_only,T0-T1,2,auprc,0.6361400919735195,0.4539141122607512,-0.18222597971276833,-0.28645573830670273,-28.645573830670273,True,comparison - native,162
simplified_baseline_f2_geometry_only,T0-T1,2,accuracy,0.7469135802469136,0.5925925925925926,-0.154320987654321,-0.20661157024793392,-20.661157024793393,True,comparison - native,162
simplified_baseline_f2_geometry_only,T0-T1,2,sensitivity,0.7636363636363637,0.43636363636363634,-0.3272727272727273,-0.4285714285714286,-42.85714285714286,True,comparison - native,162
simplified_baseline_f2_geometry_only,T0-T1,2,specificity,0.7383177570093458,0.6728971962616822,-0.06542056074766356,-0.08860759493670887,-8.860759493670887,True,comparison - native,162
simplified_baseline_f2_geometry_only,T0-T1,3,auroc,0.7425385934819897,0.5394511149228131,-0.20308747855917664,-0.2735042735042735,-27.35042735042735,True,comparison - native,161
simplified_baseline_f2_geometry_only,T0-T1,3,auprc,0.6418666539732752,0.366202815875616,-0.27566383809765926,-0.4294721285040254,-42.947212850402536,True,comparison - native,161
simplified_baseline_f2_geometry_only,T0-T1,3,accuracy,0.6894409937888198,0.45962732919254656,-0.22981366459627328,-0.3333333333333333,-33.33333333333333,True,comparison - native,161
simplified_baseline_f2_geometry_only,T0-T1,3,sensitivity,0.6727272727272727,0.7272727272727273,0.054545454545454564,0.08108108108108111,8.10810810810811,True,comparison - native,161
simplified_baseline_f2_geometry_only,T0-T1,3,specificity,0.6981132075471698,0.32075471698113206,-0.3773584905660377,-0.5405405405405406,-54.054054054054056,True,comparison - native,161
simplified_baseline_f2_geometry_only,T0-T1,4,auroc,0.7912521440823328,0.5806174957118353,-0.2106346483704975,-0.2662042055061783,-26.62042055061783,True,comparison - native,161
simplified_baseline_f2_geometry_only,T0-T1,4,auprc,0.6163168395298928,0.4239845064647363,-0.1923323330651565,-0.3120673016363817,-31.20673016363817,True,comparison - native,161
simplified_baseline_f2_geometry_only,T0-T1,4,accuracy,0.7018633540372671,0.577639751552795,-0.12422360248447206,-0.1769911504424779,-17.69911504424779,True,comparison - native,161
simplified_baseline_f2_geometry_only,T0-T1,4,sensitivity,0.8,0.4,-0.4,-0.5,-50.0,True,comparison - native,161
simplified_baseline_f2_geometry_only,T0-T1,4,specificity,0.6509433962264151,0.6698113207547169,0.018867924528301883,0.028985507246376805,2.8985507246376807,True,comparison - native,161
simplified_baseline_f2_geometry_only,T0-T2,0,auroc,0.772642310960068,0.7075615972812236,-0.06508071367884438,-0.08423136133714519,-8.42313613371452,True,comparison - native,162
simplified_baseline_f2_geometry_only,T0-T2,0,auprc,0.6386696797156936,0.5918751652355176,-0.04679451448017591,-0.07326872711572385,-7.326872711572385,True,comparison - native,162
simplified_baseline_f2_geometry_only,T0-T2,0,accuracy,0.654320987654321,0.5987654320987654,-0.05555555555555558,-0.08490566037735853,-8.490566037735853,True,comparison - native,162
simplified_baseline_f2_geometry_only,T0-T2,0,sensitivity,0.7818181818181819,0.8181818181818182,0.036363636363636376,0.04651162790697676,4.651162790697676,True,comparison - native,162
simplified_baseline_f2_geometry_only,T0-T2,0,specificity,0.5887850467289719,0.48598130841121495,-0.10280373831775697,-0.17460317460317454,-17.460317460317455,True,comparison - native,162
simplified_baseline_f2_geometry_only,T0-T2,1,auroc,0.7062022090059475,0.5747663551401869,-0.13143585386576062,-0.18611645813282027,-18.611645813282028,True,comparison - native,162
simplified_baseline_f2_geometry_only,T0-T2,1,auprc,0.5938404661764681,0.4359036157500752,-0.15793685042639294,-0.2659583834750995,-26.595838347509947,True,comparison - native,162
simplified_baseline_f2_geometry_only,T0-T2,1,accuracy,0.6234567901234568,0.5617283950617284,-0.061728395061728336,-0.09900990099009892,-9.900990099009892,True,comparison - native,162
simplified_baseline_f2_geometry_only,T0-T2,1,sensitivity,0.8181818181818182,0.41818181818181815,-0.4000000000000001,-0.48888888888888893,-48.88888888888889,True,comparison - native,162
simplified_baseline_f2_geometry_only,T0-T2,1,specificity,0.5233644859813084,0.6355140186915887,0.11214953271028039,0.21428571428571433,21.428571428571434,True,comparison - native,162
simplified_baseline_f2_geometry_only,T0-T2,2,auroc,0.7700934579439253,0.566355140186916,-0.20373831775700924,-0.26456310679611633,-26.456310679611633,True,comparison - native,162
simplified_baseline_f2_geometry_only,T0-T2,2,auprc,0.593997447488535,0.43716393695485134,-0.15683351053368366,-0.2640306135940269,-26.40306135940269,True,comparison - native,162
simplified_baseline_f2_geometry_only,T0-T2,2,accuracy,0.7098765432098766,0.6049382716049383,-0.1049382716049383,-0.14782608695652177,-14.782608695652177,True,comparison - native,162
simplified_baseline_f2_geometry_only,T0-T2,2,sensitivity,0.6363636363636364,0.32727272727272727,-0.3090909090909091,-0.4857142857142857,-48.57142857142857,True,comparison - native,162
simplified_baseline_f2_geometry_only,T0-T2,2,specificity,0.7476635514018691,0.7476635514018691,0.0,0.0,0.0,True,comparison - native,162
simplified_baseline_f2_geometry_only,T0-T2,3,auroc,0.7337907375643224,0.541680960548885,-0.1921097770154374,-0.26180458158017766,-26.180458158017768,True,comparison - native,161
simplified_baseline_f2_geometry_only,T0-T2,3,auprc,0.6174239829756762,0.3709832916007716,-0.24644069137490465,-0.39914337338692807,-39.9143373386928,True,comparison - native,161
simplified_baseline_f2_geometry_only,T0-T2,3,accuracy,0.7204968944099379,0.5590062111801242,-0.16149068322981375,-0.22413793103448287,-22.41379310344829,True,comparison - native,161
simplified_baseline_f2_geometry_only,T0-T2,3,sensitivity,0.5818181818181818,0.4,-0.18181818181818177,-0.31249999999999994,-31.249999999999993,True,comparison - native,161
simplified_baseline_f2_geometry_only,T0-T2,3,specificity,0.7924528301886793,0.6415094339622641,-0.15094339622641517,-0.19047619047619058,-19.047619047619058,True,comparison - native,161
simplified_baseline_f2_geometry_only,T0-T2,4,auroc,0.8003430531732418,0.5974271012006861,-0.20291595197255574,-0.25353621945992283,-25.353621945992284,True,comparison - native,161
simplified_baseline_f2_geometry_only,T0-T2,4,auprc,0.6627013396897778,0.4655627172075516,-0.19713862248222624,-0.2974773260221721,-29.74773260221721,True,comparison - native,161
simplified_baseline_f2_geometry_only,T0-T2,4,accuracy,0.7267080745341615,0.6273291925465838,-0.09937888198757772,-0.13675213675213685,-13.675213675213685,True,comparison - native,161
simplified_baseline_f2_geometry_only,T0-T2,4,sensitivity,0.7454545454545455,0.2545454545454545,-0.49090909090909096,-0.6585365853658537,-65.85365853658537,True,comparison - native,161
simplified_baseline_f2_geometry_only,T0-T2,4,specificity,0.7169811320754716,0.8207547169811321,0.10377358490566047,0.1447368421052633,14.473684210526331,True,comparison - native,161
simplified_baseline_f3_clinical_plus_geometry,T0,0,auroc,0.7364485981308412,0.7627867459643161,0.02633814783347488,0.03576372865712959,3.5763728657129588,True,comparison - native,162
simplified_baseline_f3_clinical_plus_geometry,T0,0,auprc,0.646462538438846,0.6957871241272005,0.049324585688354405,0.0762992172871598,7.6299217287159795,True,comparison - native,162
simplified_baseline_f3_clinical_plus_geometry,T0,0,accuracy,0.5925925925925926,0.6296296296296297,0.03703703703703709,0.0625000000000001,6.25000000000001,True,comparison - native,162
simplified_baseline_f3_clinical_plus_geometry,T0,0,sensitivity,0.7636363636363637,0.8,0.036363636363636376,0.04761904761904763,4.761904761904763,True,comparison - native,162
simplified_baseline_f3_clinical_plus_geometry,T0,0,specificity,0.5046728971962616,0.5420560747663551,0.03738317757009346,0.07407407407407408,7.407407407407408,True,comparison - native,162
simplified_baseline_f3_clinical_plus_geometry,T0,1,auroc,0.6853016142735769,0.6898895497026338,0.0045879354290568886,0.006694768162658018,0.6694768162658018,True,comparison - native,162
simplified_baseline_f3_clinical_plus_geometry,T0,1,auprc,0.5649473293218674,0.5825377512195031,0.01759042189763571,0.03113639269478504,3.113639269478504,True,comparison - native,162
simplified_baseline_f3_clinical_plus_geometry,T0,1,accuracy,0.6851851851851852,0.6419753086419753,-0.04320987654320996,-0.06306306306306318,-6.306306306306318,True,comparison - native,162
simplified_baseline_f3_clinical_plus_geometry,T0,1,sensitivity,0.38181818181818183,0.5818181818181818,0.19999999999999996,0.5238095238095237,52.38095238095237,True,comparison - native,162
simplified_baseline_f3_clinical_plus_geometry,T0,1,specificity,0.8411214953271028,0.6728971962616822,-0.16822429906542058,-0.20000000000000004,-20.000000000000004,True,comparison - native,162
simplified_baseline_f3_clinical_plus_geometry,T0,2,auroc,0.7191163976210706,0.7077315208156331,-0.011384876805437538,-0.015831758034026443,-1.5831758034026442,True,comparison - native,162
simplified_baseline_f3_clinical_plus_geometry,T0,2,auprc,0.5334129103583285,0.552292676902626,0.01887976654429746,0.03539428119880841,3.539428119880841,True,comparison - native,162
simplified_baseline_f3_clinical_plus_geometry,T0,2,accuracy,0.6728395061728395,0.7345679012345679,0.06172839506172845,0.09174311926605512,9.174311926605512,True,comparison - native,162
simplified_baseline_f3_clinical_plus_geometry,T0,2,sensitivity,0.4909090909090909,0.5454545454545454,0.05454545454545451,0.11111111111111104,11.111111111111104,True,comparison - native,162
simplified_baseline_f3_clinical_plus_geometry,T0,2,specificity,0.7663551401869159,0.8317757009345794,0.06542056074766356,0.08536585365853659,8.536585365853659,True,comparison - native,162
simplified_baseline_f3_clinical_plus_geometry,T0,3,auroc,0.7180102915951972,0.7101200686106346,-0.007890222984562656,-0.010989010989011058,-1.0989010989011057,True,comparison - native,161
simplified_baseline_f3_clinical_plus_geometry,T0,3,auprc,0.5869337567209492,0.5781835565519593,-0.008750200168989863,-0.01490832665320704,-1.490832665320704,True,comparison - native,161
simplified_baseline_f3_clinical_plus_geometry,T0,3,accuracy,0.7267080745341615,0.7204968944099379,-0.006211180124223614,-0.008547008547008563,-0.8547008547008563,True,comparison - native,161
simplified_baseline_f3_clinical_plus_geometry,T0,3,sensitivity,0.509090909090909,0.5818181818181818,0.07272727272727275,0.14285714285714293,14.285714285714294,True,comparison - native,161
simplified_baseline_f3_clinical_plus_geometry,T0,3,specificity,0.839622641509434,0.7924528301886793,-0.047169811320754707,-0.05617977528089886,-5.617977528089886,True,comparison - native,161
simplified_baseline_f3_clinical_plus_geometry,T0,4,auroc,0.7780445969125215,0.7688679245283019,-0.009176672384219597,-0.011794532627866016,-1.1794532627866017,True,comparison - native,161
simplified_baseline_f3_clinical_plus_geometry,T0,4,auprc,0.6512363711225522,0.6169580020987006,-0.03427836902385162,-0.052635833230206645,-5.263583323020664,True,comparison - native,161
simplified_baseline_f3_clinical_plus_geometry,T0,4,accuracy,0.7329192546583851,0.6894409937888198,-0.0434782608695653,-0.05932203389830519,-5.932203389830519,True,comparison - native,161
simplified_baseline_f3_clinical_plus_geometry,T0,4,sensitivity,0.6909090909090909,0.8727272727272727,0.18181818181818177,0.26315789473684204,26.315789473684205,True,comparison - native,161
simplified_baseline_f3_clinical_plus_geometry,T0,4,specificity,0.7547169811320755,0.5943396226415094,-0.1603773584905661,-0.21250000000000008,-21.250000000000007,True,comparison - native,161
simplified_baseline_f3_clinical_plus_geometry,T0-T1,0,auroc,0.7767204757858963,0.7641461342395922,-0.012574341546304102,-0.01618901772041121,-1.618901772041121,True,comparison - native,162
simplified_baseline_f3_clinical_plus_geometry,T0-T1,0,auprc,0.660889083213823,0.6992741109323234,0.038385027718500386,0.05808089238187848,5.808089238187848,True,comparison - native,162
simplified_baseline_f3_clinical_plus_geometry,T0-T1,0,accuracy,0.7530864197530864,0.6358024691358025,-0.11728395061728392,-0.15573770491803274,-15.573770491803273,True,comparison - native,162
simplified_baseline_f3_clinical_plus_geometry,T0-T1,0,sensitivity,0.6363636363636364,0.7818181818181819,0.1454545454545455,0.22857142857142865,22.857142857142865,True,comparison - native,162
simplified_baseline_f3_clinical_plus_geometry,T0-T1,0,specificity,0.8130841121495327,0.5607476635514018,-0.25233644859813087,-0.31034482758620696,-31.034482758620697,True,comparison - native,162
simplified_baseline_f3_clinical_plus_geometry,T0-T1,1,auroc,0.6842820730671199,0.696856414613424,0.012574341546304102,0.018375962254780144,1.8375962254780145,True,comparison - native,162
simplified_baseline_f3_clinical_plus_geometry,T0-T1,1,auprc,0.5609339063153655,0.5718805752317303,0.010946668916364755,0.019515077967510796,1.9515077967510797,True,comparison - native,162
simplified_baseline_f3_clinical_plus_geometry,T0-T1,1,accuracy,0.6234567901234568,0.6111111111111112,-0.012345679012345623,-0.019801980198019712,-1.9801980198019713,True,comparison - native,162
simplified_baseline_f3_clinical_plus_geometry,T0-T1,1,sensitivity,0.6363636363636364,0.5818181818181818,-0.054545454545454564,-0.08571428571428574,-8.571428571428575,True,comparison - native,162
simplified_baseline_f3_clinical_plus_geometry,T0-T1,1,specificity,0.616822429906542,0.6261682242990654,0.009345794392523366,0.015151515151515154,1.5151515151515154,True,comparison - native,162
simplified_baseline_f3_clinical_plus_geometry,T0-T1,2,auroc,0.7840271877655055,0.7155480033984707,-0.06847918436703482,-0.0873428695275249,-8.734286952752491,True,comparison - native,162
simplified_baseline_f3_clinical_plus_geometry,T0-T1,2,auprc,0.6361400919735195,0.5628644467312165,-0.07327564524230301,-0.1151879061968527,-11.51879061968527,True,comparison - native,162
simplified_baseline_f3_clinical_plus_geometry,T0-T1,2,accuracy,0.7469135802469136,0.6419753086419753,-0.1049382716049383,-0.14049586776859507,-14.049586776859508,True,comparison - native,162
simplified_baseline_f3_clinical_plus_geometry,T0-T1,2,sensitivity,0.7636363636363637,0.7272727272727273,-0.036363636363636376,-0.04761904761904763,-4.761904761904763,True,comparison - native,162
simplified_baseline_f3_clinical_plus_geometry,T0-T1,2,specificity,0.7383177570093458,0.5981308411214953,-0.14018691588785048,-0.18987341772151903,-18.987341772151904,True,comparison - native,162
simplified_baseline_f3_clinical_plus_geometry,T0-T1,3,auroc,0.7425385934819897,0.720583190394511,-0.021955403087478675,-0.029568029568029727,-2.9568029568029726,True,comparison - native,161
simplified_baseline_f3_clinical_plus_geometry,T0-T1,3,auprc,0.6418666539732752,0.598041938263468,-0.04382471570980728,-0.06827697846355478,-6.827697846355478,True,comparison - native,161
simplified_baseline_f3_clinical_plus_geometry,T0-T1,3,accuracy,0.6894409937888198,0.7142857142857143,0.024844720496894457,0.036036036036036105,3.6036036036036103,True,comparison - native,161
simplified_baseline_f3_clinical_plus_geometry,T0-T1,3,sensitivity,0.6727272727272727,0.6,-0.07272727272727275,-0.10810810810810814,-10.810810810810814,True,comparison - native,161
simplified_baseline_f3_clinical_plus_geometry,T0-T1,3,specificity,0.6981132075471698,0.7735849056603774,0.07547169811320764,0.10810810810810825,10.810810810810825,True,comparison - native,161
simplified_baseline_f3_clinical_plus_geometry,T0-T1,4,auroc,0.7912521440823328,0.7714408233276159,-0.01981132075471692,-0.025037936267071244,-2.5037936267071244,True,comparison - native,161
simplified_baseline_f3_clinical_plus_geometry,T0-T1,4,auprc,0.6163168395298928,0.6270292873581812,0.010712447828288396,0.017381397263880567,1.7381397263880567,True,comparison - native,161
simplified_baseline_f3_clinical_plus_geometry,T0-T1,4,accuracy,0.7018633540372671,0.6894409937888198,-0.012422360248447228,-0.017699115044247822,-1.7699115044247822,True,comparison - native,161
simplified_baseline_f3_clinical_plus_geometry,T0-T1,4,sensitivity,0.8,0.7636363636363637,-0.036363636363636376,-0.04545454545454547,-4.545454545454547,True,comparison - native,161
simplified_baseline_f3_clinical_plus_geometry,T0-T1,4,specificity,0.6509433962264151,0.6509433962264151,0.0,0.0,0.0,True,comparison - native,161
simplified_baseline_f3_clinical_plus_geometry,T0-T2,0,auroc,0.772642310960068,0.7636363636363637,-0.0090059473237043,-0.011656036947437828,-1.1656036947437827,True,comparison - native,162
simplified_baseline_f3_clinical_plus_geometry,T0-T2,0,auprc,0.6386696797156936,0.6980938414304032,0.059424161714709656,0.09304365558916554,9.304365558916555,True,comparison - native,162
simplified_baseline_f3_clinical_plus_geometry,T0-T2,0,accuracy,0.654320987654321,0.6666666666666666,0.012345679012345623,0.0188679245283018,1.8867924528301798,True,comparison - native,162
simplified_baseline_f3_clinical_plus_geometry,T0-T2,0,sensitivity,0.7818181818181819,0.7636363636363637,-0.018181818181818188,-0.02325581395348838,-2.325581395348838,True,comparison - native,162
simplified_baseline_f3_clinical_plus_geometry,T0-T2,0,specificity,0.5887850467289719,0.616822429906542,0.028037383177570097,0.04761904761904763,4.761904761904763,True,comparison - native,162
simplified_baseline_f3_clinical_plus_geometry,T0-T2,1,auroc,0.7062022090059475,0.7082412914188615,0.0020390824129139506,0.0028873917228100566,0.28873917228100565,True,comparison - native,162
simplified_baseline_f3_clinical_plus_geometry,T0-T2,1,auprc,0.5938404661764681,0.5802531493645151,-0.01358731681195302,-0.022880415845415555,-2.2880415845415554,True,comparison - native,162
simplified_baseline_f3_clinical_plus_geometry,T0-T2,1,accuracy,0.6234567901234568,0.6604938271604939,0.03703703703703709,0.05940594059405949,5.940594059405949,True,comparison - native,162
simplified_baseline_f3_clinical_plus_geometry,T0-T2,1,sensitivity,0.8181818181818182,0.6363636363636364,-0.18181818181818188,-0.2222222222222223,-22.22222222222223,True,comparison - native,162
simplified_baseline_f3_clinical_plus_geometry,T0-T2,1,specificity,0.5233644859813084,0.6728971962616822,0.14953271028037385,0.28571428571428575,28.571428571428577,True,comparison - native,162
simplified_baseline_f3_clinical_plus_geometry,T0-T2,2,auroc,0.7700934579439253,0.712659303313509,-0.057434154630416234,-0.07458075904677836,-7.458075904677836,True,comparison - native,162
simplified_baseline_f3_clinical_plus_geometry,T0-T2,2,auprc,0.593997447488535,0.5588351206602613,-0.03516232682827369,-0.0591960907861517,-5.91960907861517,True,comparison - native,162
simplified_baseline_f3_clinical_plus_geometry,T0-T2,2,accuracy,0.7098765432098766,0.7037037037037037,-0.006172839506172867,-0.008695652173913082,-0.8695652173913082,True,comparison - native,162
simplified_baseline_f3_clinical_plus_geometry,T0-T2,2,sensitivity,0.6363636363636364,0.6181818181818182,-0.018181818181818188,-0.02857142857142858,-2.857142857142858,True,comparison - native,162
simplified_baseline_f3_clinical_plus_geometry,T0-T2,2,specificity,0.7476635514018691,0.7476635514018691,0.0,0.0,0.0,True,comparison - native,162
simplified_baseline_f3_clinical_plus_geometry,T0-T2,3,auroc,0.7337907375643224,0.7174957118353343,-0.01629502572898811,-0.022206638616175944,-2.220663861617594,True,comparison - native,161
simplified_baseline_f3_clinical_plus_geometry,T0-T2,3,auprc,0.6174239829756762,0.5876982072094806,-0.029725775766195617,-0.04814483496888504,-4.814483496888504,True,comparison - native,161
simplified_baseline_f3_clinical_plus_geometry,T0-T2,3,accuracy,0.7204968944099379,0.7080745341614907,-0.012422360248447228,-0.01724137931034486,-1.7241379310344858,True,comparison - native,161
simplified_baseline_f3_clinical_plus_geometry,T0-T2,3,sensitivity,0.5818181818181818,0.45454545454545453,-0.12727272727272726,-0.21875,-21.875,True,comparison - native,161
simplified_baseline_f3_clinical_plus_geometry,T0-T2,3,specificity,0.7924528301886793,0.839622641509434,0.047169811320754707,0.05952380952380951,5.952380952380951,True,comparison - native,161
simplified_baseline_f3_clinical_plus_geometry,T0-T2,4,auroc,0.8003430531732418,0.7693825042881647,-0.030960548885077155,-0.03868409772824685,-3.8684097728246853,True,comparison - native,161
simplified_baseline_f3_clinical_plus_geometry,T0-T2,4,auprc,0.6627013396897778,0.6113304320945911,-0.0513709075951867,-0.07751743435321004,-7.751743435321004,True,comparison - native,161
simplified_baseline_f3_clinical_plus_geometry,T0-T2,4,accuracy,0.7267080745341615,0.6956521739130435,-0.03105590062111807,-0.04273504273504281,-4.273504273504281,True,comparison - native,161
simplified_baseline_f3_clinical_plus_geometry,T0-T2,4,sensitivity,0.7454545454545455,0.7818181818181819,0.036363636363636376,0.048780487804878064,4.8780487804878065,True,comparison - native,161
simplified_baseline_f3_clinical_plus_geometry,T0-T2,4,specificity,0.7169811320754716,0.6509433962264151,-0.06603773584905659,-0.09210526315789472,-9.210526315789473,True,comparison - native,161
simplified_baseline_f4_timepoint_only,T0,0,auroc,0.7364485981308412,0.5,-0.23644859813084118,-0.3210659898477158,-32.10659898477158,True,comparison - native,162
simplified_baseline_f4_timepoint_only,T0,0,auprc,0.646462538438846,0.3395061728395062,-0.30695636559933986,-0.47482467636966913,-47.482467636966916,True,comparison - native,162
simplified_baseline_f4_timepoint_only,T0,0,accuracy,0.5925925925925926,0.3395061728395062,-0.2530864197530864,-0.42708333333333326,-42.70833333333333,True,comparison - native,162
simplified_baseline_f4_timepoint_only,T0,0,sensitivity,0.7636363636363637,1.0,0.23636363636363633,0.3095238095238095,30.95238095238095,True,comparison - native,162
simplified_baseline_f4_timepoint_only,T0,0,specificity,0.5046728971962616,0.0,-0.5046728971962616,-1.0,-100.0,True,comparison - native,162
simplified_baseline_f4_timepoint_only,T0,1,auroc,0.6853016142735769,0.5,-0.18530161427357694,-0.2703942474584677,-27.03942474584677,True,comparison - native,162
simplified_baseline_f4_timepoint_only,T0,1,auprc,0.5649473293218674,0.3395061728395062,-0.22544115648236124,-0.3990480966658764,-39.90480966658764,True,comparison - native,162
simplified_baseline_f4_timepoint_only,T0,1,accuracy,0.6851851851851852,0.3395061728395062,-0.34567901234567905,-0.5045045045045046,-50.450450450450454,True,comparison - native,162
simplified_baseline_f4_timepoint_only,T0,1,sensitivity,0.38181818181818183,1.0,0.6181818181818182,1.6190476190476188,161.9047619047619,True,comparison - native,162
simplified_baseline_f4_timepoint_only,T0,1,specificity,0.8411214953271028,0.0,-0.8411214953271028,-1.0,-100.0,True,comparison - native,162
simplified_baseline_f4_timepoint_only,T0,2,auroc,0.7191163976210706,0.5,-0.2191163976210706,-0.30470226843100195,-30.470226843100196,True,comparison - native,162
simplified_baseline_f4_timepoint_only,T0,2,auprc,0.5334129103583285,0.3395061728395062,-0.19390673751882231,-0.36352089301431123,-36.35208930143112,True,comparison - native,162
simplified_baseline_f4_timepoint_only,T0,2,accuracy,0.6728395061728395,0.3395061728395062,-0.3333333333333333,-0.4954128440366972,-49.54128440366972,True,comparison - native,162
simplified_baseline_f4_timepoint_only,T0,2,sensitivity,0.4909090909090909,1.0,0.509090909090909,1.037037037037037,103.7037037037037,True,comparison - native,162
simplified_baseline_f4_timepoint_only,T0,2,specificity,0.7663551401869159,0.0,-0.7663551401869159,-1.0,-100.0,True,comparison - native,162
simplified_baseline_f4_timepoint_only,T0,3,auroc,0.7180102915951972,0.5,-0.21801029159519725,-0.3036311514572384,-30.36311514572384,True,comparison - native,161
simplified_baseline_f4_timepoint_only,T0,3,auprc,0.5869337567209492,0.3416149068322981,-0.24531884988865105,-0.41796684392321476,-41.796684392321474,True,comparison - native,161
simplified_baseline_f4_timepoint_only,T0,3,accuracy,0.7267080745341615,0.3416149068322981,-0.3850931677018634,-0.5299145299145299,-52.991452991452995,True,comparison - native,161
simplified_baseline_f4_timepoint_only,T0,3,sensitivity,0.509090909090909,1.0,0.49090909090909096,0.9642857142857145,96.42857142857146,True,comparison - native,161
simplified_baseline_f4_timepoint_only,T0,3,specificity,0.839622641509434,0.0,-0.839622641509434,-1.0,-100.0,True,comparison - native,161
simplified_baseline_f4_timepoint_only,T0,4,auroc,0.7780445969125215,0.5,-0.2780445969125215,-0.3573633156966491,-35.736331569664905,True,comparison - native,161
simplified_baseline_f4_timepoint_only,T0,4,auprc,0.6512363711225522,0.3416149068322981,-0.30962146429025406,-0.4754363822716964,-47.54363822716964,True,comparison - native,161
simplified_baseline_f4_timepoint_only,T0,4,accuracy,0.7329192546583851,0.3416149068322981,-0.39130434782608703,-0.5338983050847458,-53.38983050847458,True,comparison - native,161
simplified_baseline_f4_timepoint_only,T0,4,sensitivity,0.6909090909090909,1.0,0.3090909090909091,0.4473684210526316,44.73684210526316,True,comparison - native,161
simplified_baseline_f4_timepoint_only,T0,4,specificity,0.7547169811320755,0.0,-0.7547169811320755,-1.0,-100.0,True,comparison - native,161
simplified_baseline_f4_timepoint_only,T0-T1,0,auroc,0.7767204757858963,0.5,-0.2767204757858963,-0.35626777510391594,-35.62677751039159,True,comparison - native,162
simplified_baseline_f4_timepoint_only,T0-T1,0,auprc,0.660889083213823,0.3395061728395062,-0.3213829103743168,-0.4862887261073688,-48.62887261073688,True,comparison - native,162
simplified_baseline_f4_timepoint_only,T0-T1,0,accuracy,0.7530864197530864,0.3395061728395062,-0.41358024691358025,-0.5491803278688524,-54.91803278688524,True,comparison - native,162
simplified_baseline_f4_timepoint_only,T0-T1,0,sensitivity,0.6363636363636364,1.0,0.36363636363636365,0.5714285714285715,57.14285714285715,True,comparison - native,162
simplified_baseline_f4_timepoint_only,T0-T1,0,specificity,0.8130841121495327,0.0,-0.8130841121495327,-1.0,-100.0,True,comparison - native,162
simplified_baseline_f4_timepoint_only,T0-T1,1,auroc,0.6842820730671199,0.5,-0.18428207306711986,-0.269307176558232,-26.9307176558232,True,comparison - native,162
simplified_baseline_f4_timepoint_only,T0-T1,1,auprc,0.5609339063153655,0.3395061728395062,-0.22142773347585937,-0.39474834910651546,-39.474834910651545,True,comparison - native,162
simplified_baseline_f4_timepoint_only,T0-T1,1,accuracy,0.6234567901234568,0.3395061728395062,-0.2839506172839506,-0.4554455445544554,-45.54455445544554,True,comparison - native,162
simplified_baseline_f4_timepoint_only,T0-T1,1,sensitivity,0.6363636363636364,1.0,0.36363636363636365,0.5714285714285715,57.14285714285715,True,comparison - native,162
simplified_baseline_f4_timepoint_only,T0-T1,1,specificity,0.616822429906542,0.0,-0.616822429906542,-1.0,-100.0,True,comparison - native,162
simplified_baseline_f4_timepoint_only,T0-T1,2,auroc,0.7840271877655055,0.5,-0.2840271877655055,-0.3622670134373645,-36.22670134373645,True,comparison - native,162
simplified_baseline_f4_timepoint_only,T0-T1,2,auprc,0.6361400919735195,0.3395061728395062,-0.2966339191340133,-0.46630282052142885,-46.63028205214289,True,comparison - native,162
simplified_baseline_f4_timepoint_only,T0-T1,2,accuracy,0.7469135802469136,0.3395061728395062,-0.4074074074074074,-0.5454545454545454,-54.54545454545454,True,comparison - native,162
simplified_baseline_f4_timepoint_only,T0-T1,2,sensitivity,0.7636363636363637,1.0,0.23636363636363633,0.3095238095238095,30.95238095238095,True,comparison - native,162
simplified_baseline_f4_timepoint_only,T0-T1,2,specificity,0.7383177570093458,0.0,-0.7383177570093458,-1.0,-100.0,True,comparison - native,162
simplified_baseline_f4_timepoint_only,T0-T1,3,auroc,0.7425385934819897,0.5,-0.2425385934819897,-0.3266343266343266,-32.663432663432665,True,comparison - native,161
simplified_baseline_f4_timepoint_only,T0-T1,3,auprc,0.6418666539732752,0.3416149068322981,-0.30025174714097713,-0.4677790087432684,-46.77790087432684,True,comparison - native,161
simplified_baseline_f4_timepoint_only,T0-T1,3,accuracy,0.6894409937888198,0.3416149068322981,-0.34782608695652173,-0.5045045045045045,-50.45045045045045,True,comparison - native,161
simplified_baseline_f4_timepoint_only,T0-T1,3,sensitivity,0.6727272727272727,1.0,0.32727272727272727,0.48648648648648646,48.648648648648646,True,comparison - native,161
simplified_baseline_f4_timepoint_only,T0-T1,3,specificity,0.6981132075471698,0.0,-0.6981132075471698,-1.0,-100.0,True,comparison - native,161
simplified_baseline_f4_timepoint_only,T0-T1,4,auroc,0.7912521440823328,0.5,-0.2912521440823328,-0.3680901799262953,-36.80901799262953,True,comparison - native,161
simplified_baseline_f4_timepoint_only,T0-T1,4,auprc,0.6163168395298928,0.3416149068322981,-0.2747019326975947,-0.4457154422506591,-44.571544225065914,True,comparison - native,161
simplified_baseline_f4_timepoint_only,T0-T1,4,accuracy,0.7018633540372671,0.3416149068322981,-0.36024844720496896,-0.5132743362831859,-51.32743362831859,True,comparison - native,161
simplified_baseline_f4_timepoint_only,T0-T1,4,sensitivity,0.8,1.0,0.19999999999999996,0.24999999999999994,24.999999999999993,True,comparison - native,161
simplified_baseline_f4_timepoint_only,T0-T1,4,specificity,0.6509433962264151,0.0,-0.6509433962264151,-1.0,-100.0,True,comparison - native,161
simplified_baseline_f4_timepoint_only,T0-T2,0,auroc,0.772642310960068,0.5,-0.27264231096006797,-0.3528700241917748,-35.28700241917748,True,comparison - native,162
simplified_baseline_f4_timepoint_only,T0-T2,0,auprc,0.6386696797156936,0.3395061728395062,-0.29916350687618737,-0.4684166422451137,-46.84166422451137,True,comparison - native,162
simplified_baseline_f4_timepoint_only,T0-T2,0,accuracy,0.654320987654321,0.3395061728395062,-0.3148148148148148,-0.4811320754716981,-48.113207547169814,True,comparison - native,162
simplified_baseline_f4_timepoint_only,T0-T2,0,sensitivity,0.7818181818181819,1.0,0.21818181818181814,0.2790697674418604,27.90697674418604,True,comparison - native,162
simplified_baseline_f4_timepoint_only,T0-T2,0,specificity,0.5887850467289719,0.0,-0.5887850467289719,-1.0,-100.0,True,comparison - native,162
simplified_baseline_f4_timepoint_only,T0-T2,1,auroc,0.7062022090059475,0.5,-0.20620220900594755,-0.2919874879692014,-29.19874879692014,True,comparison - native,162
simplified_baseline_f4_timepoint_only,T0-T2,1,auprc,0.5938404661764681,0.3395061728395062,-0.25433429333696195,-0.428287238447275,-42.8287238447275,True,comparison - native,162
simplified_baseline_f4_timepoint_only,T0-T2,1,accuracy,0.6234567901234568,0.3395061728395062,-0.2839506172839506,-0.4554455445544554,-45.54455445544554,True,comparison - native,162
simplified_baseline_f4_timepoint_only,T0-T2,1,sensitivity,0.8181818181818182,1.0,0.18181818181818177,0.22222222222222215,22.222222222222214,True,comparison - native,162
simplified_baseline_f4_timepoint_only,T0-T2,1,specificity,0.5233644859813084,0.0,-0.5233644859813084,-1.0,-100.0,True,comparison - native,162
simplified_baseline_f4_timepoint_only,T0-T2,2,auroc,0.7700934579439253,0.5,-0.27009345794392525,-0.35072815533980584,-35.07281553398058,True,comparison - native,162
simplified_baseline_f4_timepoint_only,T0-T2,2,auprc,0.593997447488535,0.3395061728395062,-0.2544912746490288,-0.4284383303750491,-42.84383303750491,True,comparison - native,162
simplified_baseline_f4_timepoint_only,T0-T2,2,accuracy,0.7098765432098766,0.3395061728395062,-0.3703703703703704,-0.5217391304347826,-52.17391304347826,True,comparison - native,162
simplified_baseline_f4_timepoint_only,T0-T2,2,sensitivity,0.6363636363636364,1.0,0.36363636363636365,0.5714285714285715,57.14285714285715,True,comparison - native,162
simplified_baseline_f4_timepoint_only,T0-T2,2,specificity,0.7476635514018691,0.0,-0.7476635514018691,-1.0,-100.0,True,comparison - native,162
simplified_baseline_f4_timepoint_only,T0-T2,3,auroc,0.7337907375643224,0.5,-0.23379073756432245,-0.3186068256194483,-31.86068256194483,True,comparison - native,161
simplified_baseline_f4_timepoint_only,T0-T2,3,auprc,0.6174239829756762,0.3416149068322981,-0.27580907614337813,-0.4467093662512358,-44.67093662512358,True,comparison - native,161
simplified_baseline_f4_timepoint_only,T0-T2,3,accuracy,0.7204968944099379,0.3416149068322981,-0.3788819875776398,-0.5258620689655172,-52.58620689655172,True,comparison - native,161
simplified_baseline_f4_timepoint_only,T0-T2,3,sensitivity,0.5818181818181818,1.0,0.4181818181818182,0.7187500000000001,71.87500000000001,True,comparison - native,161
simplified_baseline_f4_timepoint_only,T0-T2,3,specificity,0.7924528301886793,0.0,-0.7924528301886793,-1.0,-100.0,True,comparison - native,161
simplified_baseline_f4_timepoint_only,T0-T2,4,auroc,0.8003430531732418,0.5,-0.30034305317324184,-0.3752678954136305,-37.52678954136305,True,comparison - native,161
simplified_baseline_f4_timepoint_only,T0-T2,4,auprc,0.6627013396897778,0.3416149068322981,-0.32108643285747973,-0.48451151918266216,-48.45115191826622,True,comparison - native,161
simplified_baseline_f4_timepoint_only,T0-T2,4,accuracy,0.7267080745341615,0.3416149068322981,-0.3850931677018634,-0.5299145299145299,-52.991452991452995,True,comparison - native,161
simplified_baseline_f4_timepoint_only,T0-T2,4,sensitivity,0.7454545454545455,1.0,0.2545454545454545,0.3414634146341463,34.14634146341463,True,comparison - native,161
simplified_baseline_f4_timepoint_only,T0-T2,4,specificity,0.7169811320754716,0.0,-0.7169811320754716,-1.0,-100.0,True,comparison - native,161
simplified_baseline_f5_static_t0_imaging,T0,0,auroc,0.7364485981308412,0.5690739167374681,-0.16737468139337308,-0.22727272727272738,-22.727272727272737,True,comparison - native,162
simplified_baseline_f5_static_t0_imaging,T0,0,auprc,0.646462538438846,0.4096238775388046,-0.23683866090004146,-0.3663609982288957,-36.63609982288957,True,comparison - native,162
simplified_baseline_f5_static_t0_imaging,T0,0,accuracy,0.5925925925925926,0.5432098765432098,-0.04938271604938271,-0.08333333333333333,-8.333333333333332,True,comparison - native,162
simplified_baseline_f5_static_t0_imaging,T0,0,sensitivity,0.7636363636363637,0.4909090909090909,-0.27272727272727276,-0.35714285714285715,-35.714285714285715,True,comparison - native,162
simplified_baseline_f5_static_t0_imaging,T0,0,specificity,0.5046728971962616,0.5700934579439252,0.06542056074766356,0.12962962962962965,12.962962962962965,True,comparison - native,162
simplified_baseline_f5_static_t0_imaging,T0,1,auroc,0.6853016142735769,0.4912489379779099,-0.19405267629566703,-0.283163897842797,-28.3163897842797,True,comparison - native,162
simplified_baseline_f5_static_t0_imaging,T0,1,auprc,0.5649473293218674,0.3243215574418654,-0.240625771880002,-0.42592602777472427,-42.59260277747243,True,comparison - native,162
simplified_baseline_f5_static_t0_imaging,T0,1,accuracy,0.6851851851851852,0.41358024691358025,-0.271604938271605,-0.39639639639639646,-39.63963963963965,True,comparison - native,162
simplified_baseline_f5_static_t0_imaging,T0,1,sensitivity,0.38181818181818183,0.6545454545454545,0.2727272727272727,0.7142857142857142,71.42857142857142,True,comparison - native,162
simplified_baseline_f5_static_t0_imaging,T0,1,specificity,0.8411214953271028,0.2897196261682243,-0.5514018691588785,-0.6555555555555556,-65.55555555555556,True,comparison - native,162
simplified_baseline_f5_static_t0_imaging,T0,2,auroc,0.7191163976210706,0.514018691588785,-0.2050977060322856,-0.28520793950850676,-28.520793950850674,True,comparison - native,162
simplified_baseline_f5_static_t0_imaging,T0,2,auprc,0.5334129103583285,0.3474546635766586,-0.1859582467816699,-0.34861969624385264,-34.86196962438527,True,comparison - native,162
simplified_baseline_f5_static_t0_imaging,T0,2,accuracy,0.6728395061728395,0.5740740740740741,-0.09876543209876543,-0.14678899082568805,-14.678899082568805,True,comparison - native,162
simplified_baseline_f5_static_t0_imaging,T0,2,sensitivity,0.4909090909090909,0.2909090909090909,-0.2,-0.40740740740740744,-40.74074074074075,True,comparison - native,162
simplified_baseline_f5_static_t0_imaging,T0,2,specificity,0.7663551401869159,0.719626168224299,-0.04672897196261683,-0.06097560975609757,-6.097560975609757,True,comparison - native,162
simplified_baseline_f5_static_t0_imaging,T0,3,auroc,0.7180102915951972,0.45454545454545453,-0.2634648370497427,-0.3669374104156713,-36.69374104156713,True,comparison - native,161
simplified_baseline_f5_static_t0_imaging,T0,3,auprc,0.5869337567209492,0.3131300209917127,-0.27380373572923644,-0.46649853172342454,-46.64985317234245,True,comparison - native,161
simplified_baseline_f5_static_t0_imaging,T0,3,accuracy,0.7267080745341615,0.45962732919254656,-0.26708074534161497,-0.3675213675213676,-36.752136752136764,True,comparison - native,161
simplified_baseline_f5_static_t0_imaging,T0,3,sensitivity,0.509090909090909,0.41818181818181815,-0.09090909090909088,-0.17857142857142855,-17.857142857142854,True,comparison - native,161
simplified_baseline_f5_static_t0_imaging,T0,3,specificity,0.839622641509434,0.4811320754716981,-0.3584905660377359,-0.4269662921348315,-42.69662921348315,True,comparison - native,161
simplified_baseline_f5_static_t0_imaging,T0,4,auroc,0.7780445969125215,0.5,-0.2780445969125215,-0.3573633156966491,-35.736331569664905,True,comparison - native,161
simplified_baseline_f5_static_t0_imaging,T0,4,auprc,0.6512363711225522,0.3416149068322981,-0.30962146429025406,-0.4754363822716964,-47.54363822716964,True,comparison - native,161
simplified_baseline_f5_static_t0_imaging,T0,4,accuracy,0.7329192546583851,0.3416149068322981,-0.39130434782608703,-0.5338983050847458,-53.38983050847458,True,comparison - native,161
simplified_baseline_f5_static_t0_imaging,T0,4,sensitivity,0.6909090909090909,1.0,0.3090909090909091,0.4473684210526316,44.73684210526316,True,comparison - native,161
simplified_baseline_f5_static_t0_imaging,T0,4,specificity,0.7547169811320755,0.0,-0.7547169811320755,-1.0,-100.0,True,comparison - native,161
simplified_baseline_f5_static_t0_imaging,T0-T1,0,auroc,0.7767204757858963,0.5690739167374681,-0.20764655904842821,-0.26733756289652155,-26.733756289652156,True,comparison - native,162
simplified_baseline_f5_static_t0_imaging,T0-T1,0,auprc,0.660889083213823,0.4096238775388046,-0.2512652056750184,-0.3801927011006845,-38.01927011006845,True,comparison - native,162
simplified_baseline_f5_static_t0_imaging,T0-T1,0,accuracy,0.7530864197530864,0.5432098765432098,-0.2098765432098766,-0.27868852459016397,-27.868852459016395,True,comparison - native,162
simplified_baseline_f5_static_t0_imaging,T0-T1,0,sensitivity,0.6363636363636364,0.4909090909090909,-0.14545454545454545,-0.22857142857142856,-22.857142857142858,True,comparison - native,162
simplified_baseline_f5_static_t0_imaging,T0-T1,0,specificity,0.8130841121495327,0.5700934579439252,-0.2429906542056075,-0.2988505747126437,-29.88505747126437,True,comparison - native,162
simplified_baseline_f5_static_t0_imaging,T0-T1,1,auroc,0.6842820730671199,0.4912489379779099,-0.19303313508920994,-0.28209585299230205,-28.209585299230206,True,comparison - native,162
simplified_baseline_f5_static_t0_imaging,T0-T1,1,auprc,0.5609339063153655,0.3243215574418654,-0.23661234887350013,-0.4218185889809148,-42.18185889809148,True,comparison - native,162
simplified_baseline_f5_static_t0_imaging,T0-T1,1,accuracy,0.6234567901234568,0.41358024691358025,-0.20987654320987653,-0.3366336633663366,-33.66336633663366,True,comparison - native,162
simplified_baseline_f5_static_t0_imaging,T0-T1,1,sensitivity,0.6363636363636364,0.6545454545454545,0.018181818181818188,0.02857142857142858,2.857142857142858,True,comparison - native,162
simplified_baseline_f5_static_t0_imaging,T0-T1,1,specificity,0.616822429906542,0.2897196261682243,-0.32710280373831774,-0.5303030303030303,-53.03030303030303,True,comparison - native,162
simplified_baseline_f5_static_t0_imaging,T0-T1,2,auroc,0.7840271877655055,0.514018691588785,-0.2700084961767205,-0.34438664932813184,-34.43866493281318,True,comparison - native,162
simplified_baseline_f5_static_t0_imaging,T0-T1,2,auprc,0.6361400919735195,0.3474546635766586,-0.2886854283968609,-0.4538079458272502,-45.380794582725024,True,comparison - native,162
simplified_baseline_f5_static_t0_imaging,T0-T1,2,accuracy,0.7469135802469136,0.5740740740740741,-0.1728395061728395,-0.23140495867768593,-23.140495867768593,True,comparison - native,162
simplified_baseline_f5_static_t0_imaging,T0-T1,2,sensitivity,0.7636363636363637,0.2909090909090909,-0.4727272727272728,-0.6190476190476191,-61.904761904761905,True,comparison - native,162
simplified_baseline_f5_static_t0_imaging,T0-T1,2,specificity,0.7383177570093458,0.719626168224299,-0.01869158878504673,-0.025316455696202535,-2.5316455696202533,True,comparison - native,162
simplified_baseline_f5_static_t0_imaging,T0-T1,3,auroc,0.7425385934819897,0.45454545454545453,-0.28799313893653516,-0.3878493878493879,-38.78493878493879,True,comparison - native,161
simplified_baseline_f5_static_t0_imaging,T0-T1,3,auprc,0.6418666539732752,0.3131300209917127,-0.3287366329815625,-0.5121572073367903,-51.21572073367903,True,comparison - native,161
simplified_baseline_f5_static_t0_imaging,T0-T1,3,accuracy,0.6894409937888198,0.45962732919254656,-0.22981366459627328,-0.3333333333333333,-33.33333333333333,True,comparison - native,161
simplified_baseline_f5_static_t0_imaging,T0-T1,3,sensitivity,0.6727272727272727,0.41818181818181815,-0.2545454545454546,-0.3783783783783784,-37.83783783783784,True,comparison - native,161
simplified_baseline_f5_static_t0_imaging,T0-T1,3,specificity,0.6981132075471698,0.4811320754716981,-0.21698113207547165,-0.31081081081081074,-31.081081081081074,True,comparison - native,161
simplified_baseline_f5_static_t0_imaging,T0-T1,4,auroc,0.7912521440823328,0.5,-0.2912521440823328,-0.3680901799262953,-36.80901799262953,True,comparison - native,161
simplified_baseline_f5_static_t0_imaging,T0-T1,4,auprc,0.6163168395298928,0.3416149068322981,-0.2747019326975947,-0.4457154422506591,-44.571544225065914,True,comparison - native,161
simplified_baseline_f5_static_t0_imaging,T0-T1,4,accuracy,0.7018633540372671,0.3416149068322981,-0.36024844720496896,-0.5132743362831859,-51.32743362831859,True,comparison - native,161
simplified_baseline_f5_static_t0_imaging,T0-T1,4,sensitivity,0.8,1.0,0.19999999999999996,0.24999999999999994,24.999999999999993,True,comparison - native,161
simplified_baseline_f5_static_t0_imaging,T0-T1,4,specificity,0.6509433962264151,0.0,-0.6509433962264151,-1.0,-100.0,True,comparison - native,161
simplified_baseline_f5_static_t0_imaging,T0-T2,0,auroc,0.772642310960068,0.5690739167374681,-0.20356839422259987,-0.26347042005718063,-26.347042005718063,True,comparison - native,162
simplified_baseline_f5_static_t0_imaging,T0-T2,0,auprc,0.6386696797156936,0.4096238775388046,-0.22904580217688897,-0.35862952235160067,-35.862952235160066,True,comparison - native,162
simplified_baseline_f5_static_t0_imaging,T0-T2,0,accuracy,0.654320987654321,0.5432098765432098,-0.11111111111111116,-0.16981132075471705,-16.981132075471706,True,comparison - native,162
simplified_baseline_f5_static_t0_imaging,T0-T2,0,sensitivity,0.7818181818181819,0.4909090909090909,-0.29090909090909095,-0.372093023255814,-37.2093023255814,True,comparison - native,162
simplified_baseline_f5_static_t0_imaging,T0-T2,0,specificity,0.5887850467289719,0.5700934579439252,-0.01869158878504673,-0.03174603174603175,-3.1746031746031753,True,comparison - native,162
simplified_baseline_f5_static_t0_imaging,T0-T2,1,auroc,0.7062022090059475,0.4912489379779099,-0.21495327102803763,-0.304379210779596,-30.4379210779596,True,comparison - native,162
simplified_baseline_f5_static_t0_imaging,T0-T2,1,auprc,0.5938404661764681,0.3243215574418654,-0.2695189087346027,-0.4538574315589186,-45.38574315589186,True,comparison - native,162
simplified_baseline_f5_static_t0_imaging,T0-T2,1,accuracy,0.6234567901234568,0.41358024691358025,-0.20987654320987653,-0.3366336633663366,-33.66336633663366,True,comparison - native,162
simplified_baseline_f5_static_t0_imaging,T0-T2,1,sensitivity,0.8181818181818182,0.6545454545454545,-0.1636363636363637,-0.20000000000000007,-20.000000000000007,True,comparison - native,162
simplified_baseline_f5_static_t0_imaging,T0-T2,1,specificity,0.5233644859813084,0.2897196261682243,-0.23364485981308408,-0.4464285714285714,-44.64285714285714,True,comparison - native,162
simplified_baseline_f5_static_t0_imaging,T0-T2,2,auroc,0.7700934579439253,0.514018691588785,-0.25607476635514026,-0.33252427184466027,-33.25242718446603,True,comparison - native,162
simplified_baseline_f5_static_t0_imaging,T0-T2,2,auprc,0.593997447488535,0.3474546635766586,-0.2465427839118764,-0.4150569753359673,-41.50569753359673,True,comparison - native,162
simplified_baseline_f5_static_t0_imaging,T0-T2,2,accuracy,0.7098765432098766,0.5740740740740741,-0.13580246913580252,-0.19130434782608702,-19.130434782608702,True,comparison - native,162
simplified_baseline_f5_static_t0_imaging,T0-T2,2,sensitivity,0.6363636363636364,0.2909090909090909,-0.34545454545454546,-0.5428571428571429,-54.28571428571429,True,comparison - native,162
simplified_baseline_f5_static_t0_imaging,T0-T2,2,specificity,0.7476635514018691,0.719626168224299,-0.028037383177570097,-0.037500000000000006,-3.7500000000000004,True,comparison - native,162
simplified_baseline_f5_static_t0_imaging,T0-T2,3,auroc,0.7337907375643224,0.45454545454545453,-0.2792452830188679,-0.38055165965404397,-38.0551659654044,True,comparison - native,161
simplified_baseline_f5_static_t0_imaging,T0-T2,3,auprc,0.6174239829756762,0.3131300209917127,-0.3042939619839635,-0.4928444154653956,-49.28444154653956,True,comparison - native,161
simplified_baseline_f5_static_t0_imaging,T0-T2,3,accuracy,0.7204968944099379,0.45962732919254656,-0.26086956521739135,-0.36206896551724144,-36.20689655172414,True,comparison - native,161
simplified_baseline_f5_static_t0_imaging,T0-T2,3,sensitivity,0.5818181818181818,0.41818181818181815,-0.16363636363636364,-0.28125,-28.125,True,comparison - native,161
simplified_baseline_f5_static_t0_imaging,T0-T2,3,specificity,0.7924528301886793,0.4811320754716981,-0.3113207547169812,-0.3928571428571429,-39.28571428571429,True,comparison - native,161
simplified_baseline_f5_static_t0_imaging,T0-T2,4,auroc,0.8003430531732418,0.5,-0.30034305317324184,-0.3752678954136305,-37.52678954136305,True,comparison - native,161
simplified_baseline_f5_static_t0_imaging,T0-T2,4,auprc,0.6627013396897778,0.3416149068322981,-0.32108643285747973,-0.48451151918266216,-48.45115191826622,True,comparison - native,161
simplified_baseline_f5_static_t0_imaging,T0-T2,4,accuracy,0.7267080745341615,0.3416149068322981,-0.3850931677018634,-0.5299145299145299,-52.991452991452995,True,comparison - native,161
simplified_baseline_f5_static_t0_imaging,T0-T2,4,sensitivity,0.7454545454545455,1.0,0.2545454545454545,0.3414634146341463,34.14634146341463,True,comparison - native,161
simplified_baseline_f5_static_t0_imaging,T0-T2,4,specificity,0.7169811320754716,0.0,-0.7169811320754716,-1.0,-100.0,True,comparison - native,161
temporal_t1_t2_swap,T0,0,auroc,0.7364485981308412,0.7364485981308412,0.0,0.0,0.0,True,comparison - native,162
temporal_t1_t2_swap,T0,0,auprc,0.646462538438846,0.646462538438846,0.0,0.0,0.0,True,comparison - native,162
temporal_t1_t2_swap,T0,0,accuracy,0.5925925925925926,0.5925925925925926,0.0,0.0,0.0,True,comparison - native,162
temporal_t1_t2_swap,T0,0,sensitivity,0.7636363636363637,0.7636363636363637,0.0,0.0,0.0,True,comparison - native,162
temporal_t1_t2_swap,T0,0,specificity,0.5046728971962616,0.5046728971962616,0.0,0.0,0.0,True,comparison - native,162
temporal_t1_t2_swap,T0,1,auroc,0.6853016142735769,0.6853016142735769,0.0,0.0,0.0,True,comparison - native,162
temporal_t1_t2_swap,T0,1,auprc,0.5649473293218674,0.5649473293218674,0.0,0.0,0.0,True,comparison - native,162
temporal_t1_t2_swap,T0,1,accuracy,0.6851851851851852,0.6851851851851852,0.0,0.0,0.0,True,comparison - native,162
temporal_t1_t2_swap,T0,1,sensitivity,0.38181818181818183,0.38181818181818183,0.0,0.0,0.0,True,comparison - native,162
temporal_t1_t2_swap,T0,1,specificity,0.8411214953271028,0.8411214953271028,0.0,0.0,0.0,True,comparison - native,162
temporal_t1_t2_swap,T0,2,auroc,0.7191163976210706,0.7191163976210706,0.0,0.0,0.0,True,comparison - native,162
temporal_t1_t2_swap,T0,2,auprc,0.5334129103583285,0.5334129103583285,0.0,0.0,0.0,True,comparison - native,162
temporal_t1_t2_swap,T0,2,accuracy,0.6728395061728395,0.6728395061728395,0.0,0.0,0.0,True,comparison - native,162
temporal_t1_t2_swap,T0,2,sensitivity,0.4909090909090909,0.4909090909090909,0.0,0.0,0.0,True,comparison - native,162
temporal_t1_t2_swap,T0,2,specificity,0.7663551401869159,0.7663551401869159,0.0,0.0,0.0,True,comparison - native,162
temporal_t1_t2_swap,T0,3,auroc,0.7180102915951972,0.7180102915951972,0.0,0.0,0.0,True,comparison - native,161
temporal_t1_t2_swap,T0,3,auprc,0.5869337567209492,0.5869337567209492,0.0,0.0,0.0,True,comparison - native,161
temporal_t1_t2_swap,T0,3,accuracy,0.7267080745341615,0.7267080745341615,0.0,0.0,0.0,True,comparison - native,161
temporal_t1_t2_swap,T0,3,sensitivity,0.509090909090909,0.509090909090909,0.0,0.0,0.0,True,comparison - native,161
temporal_t1_t2_swap,T0,3,specificity,0.839622641509434,0.839622641509434,0.0,0.0,0.0,True,comparison - native,161
temporal_t1_t2_swap,T0,4,auroc,0.7780445969125215,0.7780445969125215,0.0,0.0,0.0,True,comparison - native,161
temporal_t1_t2_swap,T0,4,auprc,0.6512363711225522,0.6512363711225522,0.0,0.0,0.0,True,comparison - native,161
temporal_t1_t2_swap,T0,4,accuracy,0.7329192546583851,0.7329192546583851,0.0,0.0,0.0,True,comparison - native,161
temporal_t1_t2_swap,T0,4,sensitivity,0.6909090909090909,0.6909090909090909,0.0,0.0,0.0,True,comparison - native,161
temporal_t1_t2_swap,T0,4,specificity,0.7547169811320755,0.7547169811320755,0.0,0.0,0.0,True,comparison - native,161
temporal_t1_t2_swap,T0-T1,0,auroc,0.7767204757858963,0.7265930331350892,-0.05012744265080715,-0.06453730037190988,-6.453730037190988,True,comparison - native,162
temporal_t1_t2_swap,T0-T1,0,auprc,0.660889083213823,0.6207035601779916,-0.04018552303583145,-0.06080524562520257,-6.0805245625202575,True,comparison - native,162
temporal_t1_t2_swap,T0-T1,0,accuracy,0.7530864197530864,0.6111111111111112,-0.14197530864197527,-0.18852459016393439,-18.85245901639344,True,comparison - native,162
temporal_t1_t2_swap,T0-T1,0,sensitivity,0.6363636363636364,0.7272727272727273,0.09090909090909094,0.1428571428571429,14.28571428571429,True,comparison - native,162
temporal_t1_t2_swap,T0-T1,0,specificity,0.8130841121495327,0.5514018691588785,-0.26168224299065423,-0.32183908045977017,-32.18390804597702,True,comparison - native,162
temporal_t1_t2_swap,T0-T1,1,auroc,0.6842820730671199,0.7288020390824129,0.044519966015293067,0.0650608393344921,6.50608393344921,True,comparison - native,162
temporal_t1_t2_swap,T0-T1,1,auprc,0.5609339063153655,0.5713383735770479,0.010404467261682315,0.01854847272475764,1.8548472724757639,True,comparison - native,162
temporal_t1_t2_swap,T0-T1,1,accuracy,0.6234567901234568,0.5617283950617284,-0.061728395061728336,-0.09900990099009892,-9.900990099009892,True,comparison - native,162
temporal_t1_t2_swap,T0-T1,1,sensitivity,0.6363636363636364,0.8545454545454545,0.21818181818181814,0.3428571428571428,34.28571428571428,True,comparison - native,162
temporal_t1_t2_swap,T0-T1,1,specificity,0.616822429906542,0.411214953271028,-0.20560747663551399,-0.3333333333333333,-33.33333333333333,True,comparison - native,162
temporal_t1_t2_swap,T0-T1,2,auroc,0.7840271877655055,0.739677145284622,-0.04435004248088348,-0.05656697009102715,-5.656697009102715,True,comparison - native,162
temporal_t1_t2_swap,T0-T1,2,auprc,0.6361400919735195,0.5927229363998455,-0.04341715557367398,-0.06825093422264808,-6.825093422264808,True,comparison - native,162
temporal_t1_t2_swap,T0-T1,2,accuracy,0.7469135802469136,0.6358024691358025,-0.11111111111111105,-0.14876033057851232,-14.876033057851231,True,comparison - native,162
temporal_t1_t2_swap,T0-T1,2,sensitivity,0.7636363636363637,0.8363636363636363,0.07272727272727264,0.09523809523809512,9.523809523809511,True,comparison - native,162
temporal_t1_t2_swap,T0-T1,2,specificity,0.7383177570093458,0.5327102803738317,-0.20560747663551404,-0.2784810126582279,-27.848101265822788,True,comparison - native,162
temporal_t1_t2_swap,T0-T1,3,auroc,0.7425385934819897,0.734819897084048,-0.007718696397941649,-0.010395010395010352,-1.0395010395010351,True,comparison - native,161
temporal_t1_t2_swap,T0-T1,3,auprc,0.6418666539732752,0.5783684928409659,-0.06349816113230933,-0.09892734065439258,-9.892734065439258,True,comparison - native,161
temporal_t1_t2_swap,T0-T1,3,accuracy,0.6894409937888198,0.6024844720496895,-0.08695652173913038,-0.12612612612612606,-12.612612612612606,True,comparison - native,161
temporal_t1_t2_swap,T0-T1,3,sensitivity,0.6727272727272727,0.8545454545454545,0.18181818181818177,0.2702702702702702,27.027027027027017,True,comparison - native,161
temporal_t1_t2_swap,T0-T1,3,specificity,0.6981132075471698,0.4716981132075472,-0.2264150943396226,-0.3243243243243243,-32.43243243243243,True,comparison - native,161
temporal_t1_t2_swap,T0-T1,4,auroc,0.7912521440823328,0.8068610634648371,0.015608919382504305,0.019726858877086514,1.9726858877086515,True,comparison - native,161
temporal_t1_t2_swap,T0-T1,4,auprc,0.6163168395298928,0.694569218500459,0.07825237897056625,0.1269677768828363,12.69677768828363,True,comparison - native,161
temporal_t1_t2_swap,T0-T1,4,accuracy,0.7018633540372671,0.6211180124223602,-0.08074534161490687,-0.11504424778761067,-11.504424778761067,True,comparison - native,161
temporal_t1_t2_swap,T0-T1,4,sensitivity,0.8,0.8909090909090909,0.09090909090909083,0.11363636363636354,11.363636363636353,True,comparison - native,161
temporal_t1_t2_swap,T0-T1,4,specificity,0.6509433962264151,0.4811320754716981,-0.16981132075471694,-0.26086956521739124,-26.086956521739125,True,comparison - native,161
temporal_t1_t2_swap,T0-T2,0,auroc,0.772642310960068,0.7452846219201359,-0.027357689039932076,-0.03540796129316039,-3.5407961293160386,True,comparison - native,162
temporal_t1_t2_swap,T0-T2,0,auprc,0.6386696797156936,0.6523935560622643,0.013723876346570796,0.021488222758093097,2.1488222758093096,True,comparison - native,162
temporal_t1_t2_swap,T0-T2,0,accuracy,0.654320987654321,0.6296296296296297,-0.024691358024691357,-0.03773584905660377,-3.7735849056603774,True,comparison - native,162
temporal_t1_t2_swap,T0-T2,0,sensitivity,0.7818181818181819,0.6909090909090909,-0.09090909090909094,-0.11627906976744189,-11.627906976744189,True,comparison - native,162
temporal_t1_t2_swap,T0-T2,0,specificity,0.5887850467289719,0.5981308411214953,0.009345794392523366,0.015873015873015876,1.5873015873015877,True,comparison - native,162
temporal_t1_t2_swap,T0-T2,1,auroc,0.7062022090059475,0.718266779949023,0.012064570943075448,0.01708373435996126,1.7083734359961258,True,comparison - native,162
temporal_t1_t2_swap,T0-T2,1,auprc,0.5938404661764681,0.560738774961018,-0.033101691215450146,-0.05574172374708716,-5.574172374708716,True,comparison - native,162
temporal_t1_t2_swap,T0-T2,1,accuracy,0.6234567901234568,0.6296296296296297,0.006172839506172867,0.009900990099009944,0.9900990099009944,True,comparison - native,162
temporal_t1_t2_swap,T0-T2,1,sensitivity,0.8181818181818182,0.7818181818181819,-0.036363636363636376,-0.04444444444444445,-4.4444444444444455,True,comparison - native,162
temporal_t1_t2_swap,T0-T2,1,specificity,0.5233644859813084,0.5514018691588785,0.028037383177570097,0.05357142857142858,5.3571428571428585,True,comparison - native,162
temporal_t1_t2_swap,T0-T2,2,auroc,0.7700934579439253,0.7802888700084961,0.010195412064570863,0.013239187996469446,1.3239187996469446,True,comparison - native,162
temporal_t1_t2_swap,T0-T2,2,auprc,0.593997447488535,0.6595873873008556,0.06558993981232064,0.11042124859229571,11.04212485922957,True,comparison - native,162
temporal_t1_t2_swap,T0-T2,2,accuracy,0.7098765432098766,0.7345679012345679,0.024691358024691357,0.03478260869565217,3.478260869565217,True,comparison - native,162
temporal_t1_t2_swap,T0-T2,2,sensitivity,0.6363636363636364,0.6181818181818182,-0.018181818181818188,-0.02857142857142858,-2.857142857142858,True,comparison - native,162
temporal_t1_t2_swap,T0-T2,2,specificity,0.7476635514018691,0.794392523364486,0.04672897196261683,0.06250000000000001,6.250000000000002,True,comparison - native,162
temporal_t1_t2_swap,T0-T2,3,auroc,0.7337907375643224,0.7437392795883361,0.009948542024013629,0.013557737260401931,1.3557737260401932,True,comparison - native,161
temporal_t1_t2_swap,T0-T2,3,auprc,0.6174239829756762,0.6156451791041465,-0.0017788038715297327,-0.0028810087080789826,-0.28810087080789826,True,comparison - native,161
temporal_t1_t2_swap,T0-T2,3,accuracy,0.7204968944099379,0.7267080745341615,0.006211180124223614,0.00862068965517243,0.8620689655172429,True,comparison - native,161
temporal_t1_t2_swap,T0-T2,3,sensitivity,0.5818181818181818,0.5818181818181818,0.0,0.0,0.0,True,comparison - native,161
temporal_t1_t2_swap,T0-T2,3,specificity,0.7924528301886793,0.8018867924528302,0.009433962264150941,0.0119047619047619,1.19047619047619,True,comparison - native,161
temporal_t1_t2_swap,T0-T2,4,auroc,0.8003430531732418,0.7979416809605488,-0.002401372212692987,-0.0030004286326618334,-0.30004286326618335,True,comparison - native,161
temporal_t1_t2_swap,T0-T2,4,auprc,0.6627013396897778,0.6737625206094319,0.011061180919654023,0.016691049583258663,1.6691049583258664,True,comparison - native,161
temporal_t1_t2_swap,T0-T2,4,accuracy,0.7267080745341615,0.7204968944099379,-0.006211180124223614,-0.008547008547008563,-0.8547008547008563,True,comparison - native,161
temporal_t1_t2_swap,T0-T2,4,sensitivity,0.7454545454545455,0.8181818181818182,0.07272727272727275,0.09756097560975613,9.756097560975613,True,comparison - native,161
temporal_t1_t2_swap,T0-T2,4,specificity,0.7169811320754716,0.6698113207547169,-0.047169811320754707,-0.06578947368421052,-6.578947368421052,True,comparison - native,161
